time,open,high,low,close,Volume
1364688000,93.3,100,93.03,93.10001,378.15574231
1364774400,93.17,105.9,92.49999,102.37,4919.65412713
1364860800,102.8,118.3880667,99,117.98999,9084.83281592
1364947200,116.5790967,146.88,101.51088,134.9529689,12909.40217815
1365033600,131.7796862,143,119,132.681,6910.10041349
1365120000,132.75,145,131.503,140,4838.18497163
1365206400,141,144,140.902,143.97,2170.75030329
1365292800,144,174.4,143.501,174.4,3735.13031724
1365379200,172.5,200,166.693,194.5,10616.2750732
1365465600,190.51,249.97,188.898,233.115,6188.91889415
1365552000,233.49,290,19.9,170.986,17906.04222014
1365638400,169.005,188,1.06,120,15024.78172248
1365724800,111,157,51,114.71,43253.49325315
1365811200,112.974,123.878,81.12,97.599,19843.72797545
1365897600,98.771,109,20,95,16732.68495874
1365984000,95,104,71.497,78.001,16361.2300091
1366070400,77.502,82.5,0.01,70.11,26137.58438334
1366156800,70.304,98.9,70.095,91.797,20450.76431541
1366243200,90,114.28,88.839,114.28,8005.04806461
1366329600,114.07,142,110,116.95,21905.83536899
1366416000,116.401,132,115,126,4621.18409622
1366502400,126,129.45,110,121,11580.98597852
1366588800,121.8,129.75,120,127.596,8104.99347638
1366675200,127.612,145.9,126.5,145.9,11532.9540068
1366761600,144.34,166.99,140.9,154.15,24751.63455279
1366848000,154.03,169.13,120.03,136.4,22857.32867818
1366934400,135.852,139.189,13,134.7,12185.69412188
1367020800,136,147.51,121.46,131,8035.49033222
1367107200,131.05,136.99,129.55,135.81,6799.44134961
1367193600,135.928,148.5,113.42,144.21,10304.73582066
1367280000,144.21,146.6752,133.89,139.88,10218.26846292
1367366400,139.88,139.88,105,113.209,24644.38215483
1367452800,113.5,127.18,90.414,104.41,29828.26689093
1367539200,104.72,104.73,80,95.49,32834.49968717
1367625600,95,116.13,94.46,114.8,15641.36289456
1367712000,114.94,126,100,116.89,12094.69894783
1367798400,116.94,124.3,106,110,12864.62751303
1367884800,108.9,113.7,98,113.49,15143.67696715
1367971200,113.54,116.98,108.23,110.12,9113.31916386
1368057600,109.37,113.298,108.9,112.5,2840.88373532
1368144000,112.1,122.5,111.4,118.38,7728.14475669
1368230400,118.38,118.9,112.72,115.02,3704.98821061
1368316800,115.5,118,113,116,2785.58034464
1368403200,116.35,118.97,114.07,117.2,2518.94055761
1368489600,117.5,119.85,103.45,106.65,13190.23189472
1368576000,106.5,117,104.1,110.96,6340.10415431
1368662400,112,119.1,108.28,114,5488.03780893
1368748800,114.01,122,112.35,117,4155.98062351
1368835200,117.84,118.98,115.81001,117.99,2009.73233964
1368921600,118.45,120.99,115.61,118,1392.76377313
1369008000,118,118.94,116,118.44,872.06485072
1369094400,118.29,118.6,117,117.99,1884.37729912
1369180800,117.91,120,117,119.19,2514.45393124
1369267200,119.44,124.25,118.6,123.97,4068.23548175
1369353600,124.04,130,122.4,129.19,7842.17570453
1369440000,129.25,129.73,125.1,128.49,2648.3599557
1369526400,129,133,128,130.19,2961.43379381
1369612800,129.435,130.59,123,126.78,3424.55054519
1369699200,126.16,127,123,126.69,2573.82772973
1369785600,126.73,140.68,125.67,129.79,3570.11190048
1369872000,129.8,131,124.15,125.8,4806.8825098
1369958400,126.54,129.1,126,127.9,2172.91266204
1370044800,127.9,129,127,128.79,947.96948972
1370131200,128.78,132.65,117,120,12638.37050532
1370217600,120,132.87,117,123.03,4010.12211142
1370304000,123.58,123.78,116.42,120.02,5134.9958556
1370390400,120.9,122.37,119.6,120.16,1400.43905156
1370476800,120.06,121.08,118,118.09,1290.66727574
1370563200,118.09,118.7,107,110.02,9690.30157393
1370649600,110,112.5,108.45,108.8,1839.24262955
1370736000,108.8,110,89.9,97.4,16609.46399561
1370822400,97.2,108,93,105,8857.46029819
1370908800,104.5,108.03,103.4,107.32,3197.72382877
1370995200,107,119,105,107.25,5021.60651626
1371081600,107.27,109.14,95,100.8,6291.50329323
1371168000,100.49,107.36,96.22,98.34,4510.05922594
1371254400,98.34,104,97.1,99.99,2338.75998234
1371340800,99.99,101.1,98.66,98.7,1208.9259396
1371427200,98.9,101.01,98.3,100.65,1265.81455265
1371513600,101.28,108.5,99.99,103.65,6087.69297486
1371600000,103.97,107.5,102.99,105.3,2778.99095087
1371686400,105.3,108,91,103,7024.92314931
1371772800,103,105,96,101.5,4356.90363564
1371859200,101.43,102.4,98.49,99.53,1177.66237993
1371945600,99.53,101.5,98.6,100.5,774.33420412
1372032000,100,102.13,95.38,99.27,2836.30230564
1372118400,98.54,100.9,97.5,98.2,3453.50485153
1372204800,98.21,100,96.99,97.85,1436.7594521
1372291200,98.37,98.47,93,93.91,2473.24450761
1372377600,92.82,96.4,88.01,88.83,6291.04482538
1372464000,88.01,91.6,86.15,88.74,1619.08578605
1372550400,88.47,90.25,88.26,89.24,534.21665722
1372636800,89.52,91.56,1,85.34,10920.27821825
1372723200,85.08,89.56,83.24,88.2,3189.45653643
1372809600,88.01,88.41,75,77.29,8648.99871259
1372896000,77.3,82,70.04,78.12,6930.47134722
1372982400,78.01,79.17,64,66,13857.06833592
1373068800,66,73.26,62.94,64.89,10296.58125449
1373155200,65.6,74.1,65.1,72.99,5763.60506475
1373241600,73.7,77,70,74,7430.01454635
1373328000,74,76.01,70.47,75.83,7081.46466089
1373414400,74.84,89.23,74.83,86,12139.47331764
1373500800,86,90,84,90,6924.99315878
1373587200,89.89,101.39,86.64,88.93,14005.61476541
1373673600,88.87,92.5,85,91.34,4131.9895409
1373760000,91.59,93,88.41,90.01,2241.1773301
1373846400,89.66,99.83,82.45,93.82,5811.54314517
1373932800,93.81,94,84.7,91.79,2430.27678839
1374019200,92.01,92.8,88.4085,90.6,2020.85109442
1374105600,90.6,91,77,83.54,7520.65640105
1374192000,83.64,87.1,83.4,85.42,4763.50739457
1374278400,86,87.2,84.27,85.04,1185.84085539
1374364800,85.51,86.4,84,85.84,2295.84782549
1374451200,86.04,87.1,83.99,86.18,1822.89536251
1374537600,86.23,88.67,82.99,86.91,2751.39615702
1374624000,86.92,95.68,86.46,88.39,1683.08152966
1374710400,87.87,91.99899,87.15,89.92,3391.61340184
1374796800,89.79,91.72,89.2,89.95,835.71673165
1374883200,89.95306,90.11,87.8,88.01,1439.30444457
1374969600,88.24,94,87.92,93.05,3477.00690765
1375056000,92.47977,93.73,90.54,92.85,2652.52280634
1375142400,92.7,97.72,92.7,97.41,3755.42686434
1375228800,97.99,101.03,95.1,98.46,5622.56213092
1375315200,97.72,98.24265,95.21,96.59,3545.52938447
1375401600,96.52,98.7,93.75,96.33,5492.99320451
1375488000,96.7,97.23,94.67,96.22,2285.47804037
1375574400,96.2,96.7,95.83,96.38,937.93472883
1375660800,96.51,98.91,96.21,97.6,2997.7509831
1375747200,97.8,98.9,97,97.83,2604.84095091
1375833600,97.83,98.3,95.5,97.17,1557.65339524
1375920000,96.94,97.14,91.4,95.25,5268.49395576
1376006400,95.16,95.51,89.51,92.28,5259.31927852
1376092800,92.28,94,92.14,93.7,912.33564272
1376179200,93.7,94.52,93.2,94.51,428.14419434
1376265600,94.49,96.24,93.31,94.8,3033.15167686
1376352000,94.67,98.2,94.53,97.58,3710.83380465
1376438400,97.46,101,97.36828,99.13,7718.30260675
1376524800,99.12,100.01,96.24,98.46,1751.063824
1376611200,98.54,99,96.53,98.24,1942.45525095
1376697600,98.22,100,97.5,99.04,1735.72947456
1376784000,98.52,99.75,98.42,99.43,757.95953601
1376870400,99.25,105,98.82,102.99,7068.60837043
1376956800,102.99,106.49,100.48,106.35,5052.0403688
1377043200,106.14,114.45,105,110.57,8480.41252652
1377129600,110.76,113.01,107.99,109.39,3894.31855642
1377216000,109.39,110,104.3,107.97,5235.64818856
1377302400,107.42,110.6,106.61,109.27826,2746.59355714
1377388800,109.27826,114.76,109.27826,112.86,6030.70726691
1377475200,113.23,113.9,110,112.75,4238.88838163
1377561600,113,119,111.77,118.47,8744.51605421
1377648000,118.37,119.76,116,117.54,3645.11403303
1377734400,117.4,121,117.4,119,2619.25770623
1377820800,118.88,126.3,118.05,125.28,9776.67055603
1377907200,125,134.94,123.75,130.01,12841.23802524
1377993600,130.01,132,126.98,130.54,1638.43650068
1378080000,130.65,132.05,128,129.4,4211.10894619
1378166400,129.92,131,126.9,129.6,3644.26190216
1378252800,129.61,129.92,115,117.15,10127.39127462
1378339200,117,127.99,116.39,122.28,6593.00692501
1378425600,122.48,124.75,115,117.27,6029.17292761
1378512000,117.21,121.10889,115.6,119.8,2501.5743816
1378598400,119.8,120.67,116.77,117.5,2948.586761
1378684800,117.4,124,115.98561,121.79,8124.23444312
1378771200,121.16,124.24,120.07,122.07,3446.03343765
1378857600,122.34,127.79,118.39,127.02,10030.14018359
1378944000,127.76,128.5,123,126.37,4567.10419724
1379030400,126.44,129.11,126.06914,127.78,2209.78218772
1379116800,127.89,127.98,122.53,123.77,3586.17940136
1379203200,123.501337,126.35,123.15,125.75,1925.9661572
1379289600,125.65,126.84,124,125.84,1680.75228091
1379376000,126.38,127.74,125.32,126.79,2024.113268
1379462400,127.08,128.41,125.78,127.05,3762.89265998
1379548800,127.09,127.63,123.39,124.71,3829.67689163
1379635200,124.9,125.66,121.5,122.45,3562.69930763
1379721600,122,124.02,122,123.01,929.21389091
1379808000,123.3,123.64,122.22,123.31,1080.62143229
1379894400,123.49,124.09,122,123.35,2612.79957377
1379980800,122.6,124.38,121.89,124.38,2970.42383538
1380067200,124.48,125.22,123.3,124.55,1900.58157172
1380153600,124.25,125.02,123.32,124.2,1070.39429452
1380240000,124.4,126.92,124.37,126.62,2625.30062617
1380326400,125.97,127.05,124.8,126.56,2644.01085273
1380412800,126.9,128.8,126,126.54,2792.71270425
1380499200,126.69,127.51,123.76,126.05,3046.06545268
1380585600,125.99,127.9399,125.95,127.43,2411.90596931
1380672000,126.99,128.5,83.26,105.3,41044.28406865
1380758400,104,118.95,103.5,118.95,9281.02760562
1380844800,118.95,123.25,117.81,121.89,6289.75018939
1380931200,121.78,125,115,121.01,1345.88078965
1381017600,121.51,122.9,121.02,122.9,462.21231791
1381104000,122.87,124.45,120.8,123.69,4508.93234916
1381190400,124.16,125.16,122.02,124.9,4897.28685298
1381276800,124.98,127.99,123.36,125.94,6879.29500669
1381363200,126.5,126.9,125,126.54,1907.92580186
1381449600,126.54,127.44,125.54,126.97,2188.38996085
1381536000,127.4,127.96,126.65,127.6,1608.85567704
1381622400,127.89,133.4,127.55,133.4,6272.9532495
1381708800,133.12,139.99,132,136,12137.22240344
1381795200,136.12,150,134.09,144.6,11536.86596867
1381881600,145.29,147,137.21,138,14867.27348926
1381968000,137.48,144.98,133.99,143.5,5376.31277255
1382054400,143.5,155.25,143.25,153.21,14548.07921901
1382140800,153.66,178.5,151.5,165.56,20339.68292737
1382227200,165.11,168.875,162.31,166.8,4124.20446895
1382313600,166.81,183.66,166.2,183.66,12999.59531594
1382400000,182,215,179.1,192.25,18841.91001131
1382486400,192.42,212.89,187,209.735,13223.15125041
1382572800,209.7,209.73,155.81,191.77657,41907.74341615
1382659200,193.68,195.13,167.75,183.9,20078.57860317
1382745600,183.9,187.79,175.21,181.93,6167.38029985
1382832000,181.05,198.75,180.34,193.06,6109.88748534
1382918400,193.85,199,192.15,196.98,5377.29396423
1383004800,196.21,205,195.5,204.18,8262.65399732
1383091200,203,206,195.05,199.07,14163.86792845
1383177600,198.9,204,195.28,202.19,5137.01819605
1383264000,201.91,203.8,200.5,201.95,1996.75507321
1383350400,203.14,205.79,202.23,204.06,4000.28384417
1383436800,203.81,219.89,203,212,5187.84085974
1383523200,213.7,230.5,212.1,227.71,11988.9366841
1383609600,229.65,250.75,225.44,241.97,23353.67713298
1383696000,245,269,240.6,265.9,28720.3571231
1383782400,265.07,297.79,262,295.37,35248.76262814
1383868800,295.37,340,292,339.11,22990.9690176
1383955200,340.18,386,297,325.98,32100.45480949
1384041600,325.98,332.98,265.11,326,33308.69903152
1384128000,320,357.95,311.56,349.99,10335.27618489
1384214400,349.99,400,340,363.15,13556.00199163
1384300800,363.97,414.73,357.8,406.34,12952.61012176
1384387200,405.25,423.5,392.8,416.67,14213.58001666
1384473600,417.8,439.94,388.011,416.3403,17880.19176522
1384560000,419,448.95,415.31,437.7,9445.55541482
1384646400,435.83,499.99,435.07,496,9855.63586705
1384732800,495,789,492.11,779,23414.22852455
1384819200,795.99,909,360,500.01,38353.96125456
1384905600,499.99,630,450.01,602,25277.69940984
1384992000,601,745,589.9,717.03,17558.20364619
1385078400,723.6799,839.77,682.32,817.75,12447.56638276
1385164800,817,886.876543,775,837.65,9652.67526044
1385251200,838,860,745,828.7284,11975.7396778
1385337600,828.7183,844.579,768,812,9419.33522794
1385424000,815,960,800,930,10545.04265077
1385510400,928.0001,970,894,969,12724.06723731
1385596800,969,1050.34,945,1012.75,9147.52297855
1385683200,1004.68,1145,999.12,1143,9342.62116663
1385769600,1142.99,1171.25,1090,1116,4839.6441428
1385856000,1119.5,1126,780,998.89,31961.94545127
1385942400,998.89,1059,936,1037.11,11370.65780105
1386028800,1035.44,1089.88,1000,1058.69445,5754.97781766
1386115200,1054,1175,1052,1130,6670.70346667
1386201600,1130,1139.25,848.42,982.23,24130.54012036
1386288000,983,1018.99,790,815,28852.95128742
1386374400,815.0202,830,538,695,43325.78257174
1386460800,695,790.39,650,783.46,13257.7318784
1386547200,784,943.9999,778.11,928,16886.68877766
1386633600,925.25979,992,895,984.7,10093.71611309
1386720000,984.9,990,804.26,886.02,16076.22389115
1386806400,888.99,893.97,838,869.99,8159.06273895
1386892800,868.99,923.71,850.02,870.07,9396.31081438
1386979200,877.28,879.82,840,858.48,3950.27872876
1387065600,855.7,871.8845,805,854.51,11479.85687872
1387152000,859.88,864,650.9088,682.02,29709.47586938
1387238400,682.5,751,613,650,24730.45343981
1387324800,650.99,667.5,381.51,526.9889,80447.84588861
1387411200,520,700,491,649.99,38041.03273391
1387497600,649.99,721,570,629.9999,25071.42973697
1387584000,629.9999,649,568,595.96,12033.47173276
1387670400,595.96,674.39,574.0123,629,14169.70206123
1387756800,629,670,617.61,657,8371.29160948
1387843200,657,665.35,627,650,6413.81824098
1387929600,648.22,695,635,690,4915.2401964
1388016000,690,764,684.3,760,17311.41704248
1388102400,761,761.45,704.0123,715.5201,11399.10879161
1388188800,715,740.01,690,713,12824.43862621
1388275200,712.1,732,700.0123,728.3,9341.14894587
1388361600,726.38,740.62618,724.73,735.82,6004.78345104
1388448000,735.82,740,710.02,739.28,13415.58238715
1388534400,737.67,757,735,752.98,5518.67649188
1388620800,750,800,742.52,786.6,9675.33792822
1388707200,786.6,818.99,768,802.49,10195.61728984
1388793600,802.4698,842,791.04,839.99,11519.48960325
1388880000,839.99,939.8,825,910,18425.42569864
1388966400,909.71,995,875.181,925.9999,20705.12398151
1389052800,925,943.15,765,799,28593.46446783
1389139200,799,849,779.59,826.01,17699.23895835
1389225600,827.8,846.35,779.99,824.85,15452.64114255
1389312000,822.16,860.64,799.98,854.33,7864.28611583
1389398400,853.1,915,853,899,11150.77566446
1389484800,898.68,902,821.1,827.24,10807.59948152
1389571200,827.24,844.2,784,817.9,13610.34650422
1389657600,817.74,836.99,802.3,818.9999,4399.81974416
1389744000,819,850.25,812,844,7240.54259696
1389830400,845,847.68,807.11,818.49,4491.66957822
1389916800,818.39,820.22,765.03,807,11067.03105218
1390003200,804.98,820,794.93,809.14,3685.2563439
1390089600,807.22,844.88,794.41,835.9,7216.19592127
1390176000,836,844.99,815.01,828,4998.14298364
1390262400,828,834.17,813.6,822.8,2830.83326488
1390348800,822.8,824.13,803.1,818,2838.49730142
1390435200,818.51,823,802.52,810.14,2902.84886886
1390521600,806.97,809.14,767.23,775.0123,11431.59864553
1390608000,775.0123,817,775,804.73,4533.87748237
1390694400,805.5,836.7318,794.64,812.5,7504.75325479
1390780800,812.7,824.9999,726.5,749.03,17078.68994663
1390867200,748.1,814.5,741.214,784.69,12323.02042267
1390953600,784.42,805,781.8,794.731,3693.85073042
1391040000,794.74,812.65489,770,803.0101,8227.92232393
1391126400,802.5,809.6746,793,805.22,3845.2661045
1391212800,804.8,829,801,812.6,4683.98258736
1391299200,812.6,827.2,811,814,3020.76446783
1391385600,812.05,815.2,798.5,805.31499,3441.93276014
1391472000,805.31499,814.4,795.2,800.01,3356.81323316
1391558400,800.03,807.48,777.85,780,5899.29344507
1391644800,784,829,678.03,761,20666.9490553
1391731200,760.61,763.07,620,700.5,44285.09166408
1391817600,707.8,723.97,667,678,9871.90444152
1391904000,678,728.8993498,666.53,694,11875.09587105
1391990400,693.5,703,100,687.05035,43220.4754362
1392076800,689.13,721.35,631.2,678,38957.64168842
1392163200,675.31,682.5,642,656.01,12016.6556998
1392249600,656.01,658.9899,601.2,606.01,18086.85902851
1392336000,607,710,535,661.13,53159.67713431
1392422400,661.13,668.4,633.3,654.99,10455.89627107
1392508800,652.5,670.9999,585,625,16919.62762211
1392595200,625,664,611,633.99,15491.52083654
1392681600,633.51,651.3,611.304999,628.1999,8419.17553782
1392768000,625.81,636.85,617.89,627.45,4663.93948001
1392854400,627.45,629,541.2,542.42,29093.44196446
1392940800,542.42,588.489697,530,579.98,25206.63983971
1393027200,579.9,619,562,614.389,14483.11957485
1393113600,614.389,644.93,600.2,607,17310.7608778
1393200000,606.9999,608.4,505.7511,517.87,38797.41896131
1393286400,519,549,400,544.24,88914.82576672
1393372800,542.01,609,541,597.6001,38049.58520196
1393459200,597.7001,599,568.75,584.3339,10818.5253478
1393545600,585.2928,591.18,540.2044,549.995,16312.37393607
1393632000,549.01,577.25,541.1,570,7572.00901282
1393718400,569.31874,572.24,555.161,565.37191,3078.28656849
1393804800,566,719.25,563,680.98,50919.54169293
1393891200,680.98,703.85,658.5,672,25025.60816184
1393977600,673.26,678.9999,651.21,669.61,8381.31800007
1394064000,669.61,676.43,648.7,668,7057.99015505
1394150400,667,669,616.23,631.01,17234.69628243
1394236800,633,639.999,600.6,616.8001,10971.43740527
1394323200,616.9,654.999,610.25,638.5,8290.10866798
1394409600,638.52,648.3,606,626.9801,11563
1394496000,626.9801,641.9999,615.31,634.01,3625
1394582400,634.0001,654,631,636.2296,7275
1394668800,636.10235,648,634.5001,644.18,3301
1394755200,643.1,645,623.5,627.98,5500
1394841600,628.89,639.8899,626.3,635.45,1706
1394928000,635.45,638,628.5801,633,1897
1395014400,632,632.5,619.2,623.8,3750
1395100800,623.8,623.8,600,615.5999,7713
1395187200,615.5999,622.2,605.9841,609,3394
1395273600,608.9841,609,584,586.5551,8083
1395360000,588.8294,605.96,555.5,570.9999,19190
1395446400,570.9898,574.24,550.09,563,6731.31574226
1395532800,563,571,555,558,4833.2233738
1395619200,557.8884,590,550.5,585.6587,9263
1395705600,584.9899,586,568.55,583.9899,4892
1395792000,583.89,593.25,566.51,576.6,7647
1395878400,577.9999,579.4799,465,474,41011
1395964800,475,533.36,470,502.25,36013
1396051200,502.4996,507.99,485.45,492.4398,4626
1396137600,490.01,491.9999,436.2,460.9999,26146
1396224000,460.6,488,436.1,456.9899,22069.33696607
1396310400,456.3,513.9,453.4,479.9181,19999.30851213
1396396800,477.53,496.2,431.2,437.2203,29119.10461753
1396483200,436.5301,463,415.46,447.9999,24590.40649796
1396569600,447.1161,458.5899,430.2,447.0211,10562.85726872
1396656000,448.001,464.5,444.395,463.99,4573.75741601
1396742400,463.97,465.9998,450,458.78,2952.40660611
1396828800,458.5,461,445.05,446.58,6147.47600227
1396915200,445.222,458.8,445.01,452.3849,4860.84550485
1397001600,452.3849,455.1359089,440.0536,442.45,4167.09060669
1397088000,442.4499,442.8689,357,364.2,45002.96954952
1397174400,364.04989,433.6,340,421,38705.55691882
1397260800,421.999,441,413.0741,423.3,10732.24082875
1397347200,422.2001,428.2,400,418,10265.68368912
1397433600,417.6,478,406.4,460,29764
1397520000,460,526.995,452,519,24217
1397606400,519.11,547,495,531.25,29340
1397692800,531.25,535.7499,486.1,498.1,18288
1397779200,499,503.9999,474.25,480.044,9725
1397865600,480.044,513.9899,473.83,504.999999,9063
1397952000,504.99999,517.995,492.2,500.9501,4768
1398038400,501.3551,515.646,485,495.39,8167
1398124800,499.25,506,488,489.2503,3566
1398211200,491.7,496,482.88,491.78,4183
1398297600,492.08,504.96,480.16,503.7,5008
1398384000,503.7,504.96,441.3,464.33566,30646
1398470400,464.33566,469.19,449.8001,460,7832
1398556800,459.01,465.6,427.55,429.99,7845
1398643200,429.99,450,423.11,441.39,15272
1398729600,441.39,454,434,446.53,7559
1398816000,446.53,453.9899,432,449.0201,7025
1398902400,449.0201,463.53,448.82,459.4102,5131
1398988800,461.11993,461.11993,443,452,3752
1399075200,451.99,451.9999,430,439.7398,7596
1399161600,439.7297,441.4999,429,435.0413,4213
1399248000,438.587999,444.4,425.5999,432.389,5430
1399334400,431.6,435.39,419.4,429.7,6968
1399420800,430,453.6,424.2487,440.43,11184
1399507200,440,450.59,437.69,438.5,3449
1399593600,438.2,456.6,438.2,454,3059
1399680000,453.99,459.65,448.2,456.09,3646
1399766400,456.11,458.4,430,437.97,10717
1399852800,437.45,442,431.8,440,3440
1399939200,440,440.9,434.01,438.81,2038
1400025600,438.81,448,438.47,445,3095
1400112000,444.03,451.4,444,447.58,1648
1400198400,447.58,453,443.4,448.6,1713
1400284800,448.6,450,446.83,449.03,906
1400371200,449.04,449.11,445.5,447.4,781
1400457600,447.6,448.5,444.1,447,1419
1400544000,446.89,498.68,446,491.35,21171
1400630400,490.62,501,489.5,494.99,7201
1400716800,495,530,492.25,528.85,17187
1400803200,528.85,544.78,521.11,523.57,16704
1400889600,523.61,529.75,514.25,528,4534
1400976000,528.92,586,528.92,573.99,32268
1401062400,574.55,593.3,566.21,586,16374
1401148800,586.69,597.3,551,576.08,18016
1401235200,573.6,583.5,565,578.77,7632
1401321600,580,583,563,569.5,7819
1401408000,569.85,630,569.85,621,23201
1401494400,620.9,629,610.02,626.21,7153
1401580800,627.01,680,618.01,626.42,34416
1401667200,631.97,679.8,615,667.11,21046
1401753600,667.78,685,652.16,674,19814
1401840000,670.84,672.97,620,642,27550
1401926400,642,672,641,660.9,9924
1402012800,660.99,664.94,646.8,649.39,5624
1402099200,649.35,659.4,637.01,657.21,6580
1402185600,657.21,664.5,652.5,658.7,3651
1402272000,658.7,661.99,639.06,650.3,6781
1402358400,650.3,672,646,657,6882
1402444800,657,666.5,635.11,637.6,11449
1402531200,637.6,647,575.2,597.99,28959
1402617600,596.43,620.97,592.11,605,14977
1402704000,605.2,606.98,522.15,570.27,25851
1402790400,570.26,595.1,540,593.89,14756
1402876800,593.61,612,582.1,591.1,13600
1402963200,592.35,619,591.1,613.4,8791
1403049600,613.4,619.6,601.5,608.1,6065
1403136000,608.6,611.99,592.9,597.3,5330
1403222400,596.06,598.28,582.37,592,8683
1403308800,592,599.91,583.5,595.5,4119
1403395200,596.9,615,595.5,603.4,4706
1403481600,603.39,604.19,580.11,591.57,5259
1403568000,591.02,597.79,580,580.56,5485
1403654400,580.65,584.99,560.53,566.75,9299
1403740800,566.75,584,562.9,581.98,6269
1403827200,581.99,604.9,575.03,604,7339
1403913600,604,607.21,593.89,596.1,5716
1404000000,596.1,607,593.37,601.95,3093
1404086400,601.5,647.74,598.4,640.79,17253
1404172800,642.26,665,636.1,641.34,14361
1404259200,641.35,661.98,640.14,654.61,6036
1404345600,653.5,654,636.24,644,5811
1404432000,644,648.66,629.3,632.11,6690
1404518400,632.58,636.59,628.45,631.88,2127
1404604800,631.59,644.69,630.38,637.38,3427
1404691200,637.76,639.76,616.73,621.45,5589
1404777600,620.31,629.85,617.51,625.36,2618
1404864000,625.11,632.99,620.13,624.47,3436
1404950400,623.24,626.55,608.43,615.84,5261
1405036800,615.84,636.4,615.84,636,4221
1405123200,636.2,642.79,630,636.31,3926
1405209600,636.7,638.21,626.36,629.49,2656
1405296000,629.6,630.25,616.8,619.17,4208
1405382400,619.15,627.99,618.57,620.8,3858
1405468800,620.11,622.5,611.21,616.48,3500
1405555200,616.48,627.5,613,622.51,2894
1405641600,622.52,633.6,616.96,630.8,5076
1405728000,630.8,632.1,625.6,629.3,1211
1405814400,626.77,628.23,620.36,624,1262
1405900800,624,624.95,616.8,620.01,2267
1405987200,620,623.17,617.5,618.54,1704
1406073600,618.56,620.9,616.21,619,1211
1406160000,619,619.99,591.4,603.98,9491
1406246400,602.43,608,592.5,600.47,3975
1406332800,600.6,600.6,589,593.82,4777
1406419200,593.9,599.78,590.1,591.55,3017
1406505600,591.5,592,572,583.5,11465
1406592000,584.86,590,577.11,583,4202
1406678400,583.04,583.98,561.55,565.99,7357
1406764800,566,590,561.47,580,12007
1406851200,579.49,605.72,579.1,594.6,9476
1406937600,594.6,596.6,585,587.6,2561
1407024000,587.61,589,578.13,585.71,2766
1407110400,587,595,581.22,586.6,2973
1407196800,587.21,588.77,579,582.94,3876
1407283200,582.94,586.3,574.01,581.36,4051
1407369600,582.87,592.7,576.5,586.8,5967
1407456000,586.82,598.88,586.81,590.6,3296
1407542400,590.61,591,584.19,589.98,1537
1407628800,588.61,594.49,583.31,588.61,1865
1407715200,587.97,588.7,567.02,572.51,7904
1407801600,573.32,578.8,562.51,569.54,7131
1407888000,569.52,571.4,525,547.3,18305
1407974400,546.25,546.5,451,510.98,41067
1408060800,509.99,519.5,478,496.39,21474
1408147200,496.39,523.11,484.5,519.01,16069
1408233600,519.54,522.43,484.82,497.4,14628
1408320000,497.57,512.3,443,467.04,40748
1408406400,467.95,492.61,462.9,487,24964
1408492800,487.24,521.89,464,511,30165
1408579200,510.61,534.89,510.6,517.47,18012
1408665600,518.24,525,503.7,514.13,11584
1408752000,514.42,515.58,491.52,499.5,10064
1408838400,498.85,517.7,495.71,510.82,5624
1408924800,511.41,511.41,497.55,501.76,7329
1409011200,501.49,517.47,497.75,513.34,11250
1409097600,512.3,522.8,508.1,508.35,7685
1409184000,508.3,514.77,503.86,505.87,5005
1409270400,505.87,513.99,498.8,508.52,5127
1409356800,508.34,508.37,495.5,499.15,4115
1409443200,499.08,500.27,471.65,477.81,14721
1409529600,477.84,484.9,471.01,472.6,8199
1409616000,472.97,484,468.82,475.45,8876
1409702400,475.46,479.9,472.99,474.14,3181
1409788800,474.14,497.24,473.1,489.68,10051
1409875200,489.69,491.42,478.1,481.9,5118
1409961600,480.62,486.9,480.1,482.61,1874
1410048000,483.08,487.1,479.88,479.88,2048
1410134400,479.88,480.9,464.22,471.1,15863
1410220800,471.16,479.7,463,473.06,9380
1410307200,473.09,489.99,472,478.12,8870
1410393600,478.1,480.6,472.2,477.38,5102
1410480000,477.04,477.98,467,474.37,3451
1410566400,474.34,483.93,472.86,478.69,7965
1410652800,478.69,481.56,475.33,476.5,3089
1410739200,477.12,480.3,474.77,474.77,5539
1410825600,474.77,475.5,462.11,466.5,5805
1410912000,466.65,467.75,451.6,458.3,9985
1410998400,457.8,458.3,408.8,424.99,40106
1411084800,425,431.92,381.5,393.3,33464
1411171200,392.99,426.3,385.5,408.4,30686
1411257600,408.4,414.14,392.23,399.21,19176
1411344000,400.03,411.2,397.67,404.99,9464
1411430400,404.23,447.11,392.15,438.65,38493
1411516800,438.01,440.28,422,424.51,14374
1411603200,424.51,426.97,402.33,409.86,14998
1411689600,409.67,415,396.2,404.01,10503
1411776000,404.03,409.04,393.2,399.8,6857
1411862400,399.8,402.9,365,376.7,18307
1411948800,375.93,386.56,368,373.64,14727
1412035200,373.64,398.7,370,387,16863
1412121600,386.93,391.18,377,383.63,9783
1412208000,382.72,385.52,367.8,371.39,11884
1412294400,371.39,376.86,355,359.74,21029
1412380800,358.93,367.05,321.5,328.25,38749
1412467200,327.36,346.69,275,319.9,84125
1412553600,319.9,346.89,301,327.56,56236
1412640000,327.59,340,317,335.97,28423
1412726400,335.97,354.87,323.85,352.9,33151
1412812800,353,387.13,347.14,364,58804
1412899200,363.98,379.74,351.15,359.1,31276
1412985600,359.1,368.5,351,360.66,16669
1413072000,361.01,382.46,351.86,378.05,20922
1413158400,378.05,399.89,368.24,391.2,42737
1413244800,391.5,414.42,391.5,399,47245
1413331200,399,402.68,384.7,394.2,29551
1413417600,394.2,400,370.21,381.6,30076
1413504000,381.55,386.8,372,382.48,13831
1413590400,381.24,396,376.4,390.9,12022
1413676800,390.92,394.5,383.5,388.02,5346
1413763200,388.08,388.25,370.2,380.55,19165
1413849600,380.86,394,376.66,384,16262
1413936000,384.01,386.7,377.25,378.8,10610
1414022400,378.79,383.6,355,357.87,34850
1414108800,357.87,363.1,351.5,356.58,16542
1414195200,356.58,358.88,337.65,344.62,28950
1414281600,344.65,359.9,340.2,353.01,16060
1414368000,353.07,359.47,346.44,349.01,15227
1414454400,349.51,355.44,347.44,352.7,5052
1414540800,352.71,353.78,332,333.58,26472.22486196
1414627200,333.5,351,331,345.08,56553.95048565
1414713600,345.08,347.99,332.14,336.82,19727.11155771
1414800000,336.72,339,315.54,325.9,24974.99409243
1414886400,325.9,329.55,317.7,323.82,10099.46113171
1414972800,323.8,334.14,323.8,325,15218.5105496
1415059200,324.83,331.28,321,329.66,18823.36977495
1415145600,329.75,342.54,329.75,338.62,26963.24964263
1415232000,338.62,354.32,336.32,350.48,24873.4457979
1415318400,350.49,354,338.1,341.84,18854.39388781
1415404800,342.04,348.3,341,345,7334.53186931
1415491200,345.01,364.12,343.41,362.61,37906.6380311
1415577600,362.6,374.26,356.33,366.07,33052
1415664000,366.17,371.45,360.74,367.65,9253
1415750400,367.66,436,367.59,433.56,103866
1415836800,432,475,381.56,417.65,144945
1415923200,417.65,425.67,382.22,399.99,59080
1416009600,400,410.1,368,375.34,43979
1416096000,375.37,399.9,372.5,391.65,24654
1416182400,391.8,413.48,373,387.5,47124
1416268800,387.5,393,366.46,372.85,37172
1416355200,372.89,386,368.55,375.26,17143
1416441600,376.73,379.5,352.01,356.77,21877
1416528000,356.59,357.39,340,350.46,36270
1416614400,350.11,365.3,349.1,352.81,15547
1416700800,352.44,372.28,351.5,368.25,14133
1416787200,368,391.92,363.62,376.05,42062
1416873600,376.06,396.87,375.08,377.02,27037
1416960000,377,379.26,365.22,369.99,20998
1417046400,370,375,368.15,370,7022
1417132800,369.99,387.5,355.51,377.43,30517
1417219200,377.79,390,371,376.28,20393
1417305600,376.07,385.59,373.7,379.89,14318
1417392000,379.67,386.5,377.3,382,11935
1417478400,382,387.99,379.08,384.5,11177
1417564800,384.67,386.3,372.64,376,14324
1417651200,376.24,380.33,367.8,370.99,13235
1417737600,370.74,382.51,366.1,378.18,17763
1417824000,378.3,381.19,370.11,376.69,9093
1417910400,376.59,379.8,373.01,376.02,4909
1417996800,376.29,378.34,362.11,362.11,18431
1418083200,362.1,363.91,343,351.99,35816
1418169600,352,352.5,345,345.08,12308
1418256000,345.12,362.99,335.7,348.53,34763
1418342400,348.06,354.9,346.11,352.29,11722
1418428800,352.49,352.49,344.11,346.56,10134
1418515200,346.56,358,345.04,353.65,9187
1418601600,353.7,354.6,345.45,346.01,11209
1418688000,346.34,346.93,325.1,325.1,31181
1418774400,325.13,335,314.21,318.86,37492
1418860800,319.5,325,302.32,311.77,48431
1418947200,311.76,319.97,305.6,318.47,23133
1419033600,318.47,330,315.3,329.66,20223
1419120000,329.69,329.73,316.85,320.79,15842
1419206400,321.19,336.85,319.64,332.63,20392
1419292800,332.41,337.79,330,335.7,11836
1419379200,335.69,335.93,320,322.61,13862
1419465600,322.62,323.4,315.5,318.5,7442
1419552000,318.49,332.4,316.17,327.2,14191
1419638400,327.79,330.6,310,315.89,17448
1419724800,315.9,319.79,310.08,316.94,9743
1419811200,316.96,320.5,312.51,312.64,8170
1419897600,312.86,315.93,307.1,310.8,10274
1419984000,310.81,322.79,309.39,322.3,11817
1420070400,322.31,322.9,313.81,314.96,5185
1420156800,314.54,316.74,313.28,315.81,3845
1420243200,315.8,315.99,277.5,278.22,47366
1420329600,278.04,288.74,255.03,264.19,81253
1420416000,264.04,280.44,263.75,274.84,50852
1420502400,274.85,291.94,272.1,288.43,36125
1420588800,288.36,303.33,284,297.99,31013
1420675200,297.89,298.47,282.01,283.21,32665
1420761600,283.99,297.32,280.4,290.51,28815
1420848000,290.58,292.1,275,276.03,25030
1420934400,276.01,282.86,265.83,267.27,22814
1421020800,267.54,274.44,266.24,268.75,21396
1421107200,268.6,269.66,219,228.07,150470
1421193600,228.49,228.49,166.45,182,269554
1421280000,181,230.74,179.05,209.81,184362
1421366400,209.81,223.1,197.72,208.5,80307
1421452800,208.52,214,192.2,201.09,48907
1421539200,201.08,222,194,211.03,65575
1421625600,210.98,219.95,207,216.2,32433
1421712000,216.14,219.25,203.7,212.11,52152
1421798400,212.1,230,211,228.08,57784
1421884800,228.05,242,225.29,234.7,57342
1421971200,234.7,236.98,225.13,233.12,39717
1422057600,233.37,249.77,229.03,248.66,40072
1422144000,248.94,259.39,245,254.73,54021
1422230400,254.72,315,254.65,276.01,205977
1422316800,276.01,280.37,250,265.09,81704
1422403200,265.55,269.97,226.35,234.5,87030
1422489600,234.49,239.33,220,233.01,60122
1422576000,233.7,243.89,224.22,226.44,51247
1422662400,226.45,234.03,213.1,215.8,48937
1422748800,215.91,233.32,211.02,226.92,55668
1422835200,226.86,247.5,222.5,238.99,52345
1422921600,238.86,248.42,222.66,227.96,81387
1423008000,227.81,233,220.23,227.78,44317
1423094400,227.78,228.8,210.12,216.47,37845
1423180800,216.43,225.88,215,222.65,35650
1423267200,222.66,239.78,222.66,228.8,35452
1423353600,228.8,232.9,221.1,223.85,26112
1423440000,224.13,225.98,215.33,220.48,48184
1423526400,220.48,223.88,214,220.87,29271
1423612800,220.75,224.4,218.1,219.8,19268
1423699200,219.8,223.2,217.8,222.55,19986
1423785600,222.39,242.5,221.46,236.13,68316
1423872000,235.8,261.3,235.51,257,80569
1423958400,257.01,268.54,228.2,235.88,103149
1424044800,235.34,243.65,228.62,233.5,47222
1424131200,233.5,246.28,231.5,244,36237
1424217600,243.82,244.99,231.01,236.27,39360
1424304000,236.26,243.42,234.97,240,23842
1424390400,240.2,248.98,238.95,244.5,30939
1424476800,244.51,247.73,243.28,245.54,16167
1424563200,245.53,247.78,232.1,236.5,33551
1424649600,236.5,241,232.61,239.4,23840
1424736000,239.33,240.99,236.7,239.73,16619
1424822400,239.95,240.83,235.53,237.99,13536
1424908800,237.98,238.33,233.62,236.93,18681
1424995200,236.93,262.8,236.64,255.05,69838
1425081600,255.06,257.4,251.25,255.7,17273
1425168000,255.7,266.91,245.65,262.4,47595
1425254400,262.47,279.61,258.98,277.41,67178
1425340800,277.3,294,267.04,283.75,81236
1425427200,283.8,285.99,267,273.33,71525
1425513600,272.92,284.99,262,277.69,66099
1425600000,277.69,279.75,268.8,273.36,40272
1425686400,273.27,280.76,270.55,276.97,22806
1425772800,276.98,278.68,271.61,275.59,13836
1425859200,275.58,295,275.01,291,62908.3776797
1425945600,291,303.96,289.03,292.62,67389.78219471
1426032000,292.64,298.75,291,296.7,25811.09179021
1426118400,296.6,298.8,291.04,295.5,27275.49755977
1426204800,295.52,295.91,282.13,283.19,46670.65120851
1426291200,283.18,287.6,281.36,282.6,23009.62107238
1426377600,282.54,287.8,281.59,286.9,13427.52050106
1426464000,286.71,295.2,286.45,291.19,22193
1426550400,292.23,292.9,281.56,285.25,19754
1426636800,285.11,285.25,248,257.21,89924
1426723200,257.2,269.5,246.98,261.98,78444
1426809600,261.7,267,259.36,262.19,16199
1426896000,262.18,263.01,255.1,260.47,15064
1426982400,260.6,270.8,259.74,268.82,18248
1427068800,268.6,271.5,262,267.23,23532
1427155200,267.31,268.4,241.39,246,64117
1427241600,246,250.95,235.7,246.29,53260
1427328000,246.29,255,244.5,249.33,33243
1427414400,249.21,250.45,245.23,246.5,22726
1427500800,246.5,255.96,246.49,252.95,17700
1427587200,252.9,253.01,238.89,242.74,31817
1427673600,242.9,250.98,236.24,247.93,30718
1427760000,247.93,248.8,242,244.51,22345
1427846400,244.56,248.71,239.21,246.93,23527
1427932800,247.07,254.94,243,253.23,26219
1428019200,253.33,256.49,250.31,254.24,28292
1428105600,254.24,255.7,250.32,253.6,9444
1428192000,253.7,261.25,251.55,260.5,23977
1428278400,260.75,262.45,253.4,255.73,20810
1428364800,255.62,257.9,253.01,253.7,10611
1428451200,253.7,254.99,242.72,244.92,39622
1428537600,244.94,246.79,236.5,243.58,22623
1428624000,243.56,243.74,230.75,236.12,37325
1428710400,236.12,240.58,233.72,236.86,17743
1428796800,236.83,238.7,232.38,236.38,10073
1428883200,236.21,237.7,220.14,224.9,47125
1428969600,224.9,225.75,216.37,220.16,40771
1429056000,220.1,224.75,219.01,223.98,24031
1429142400,223.8,230,223.01,228.14,28944
1429228800,228.23,228.98,219.58,222.4,27062
1429315200,222.39,224.16,219.94,223.08,11885
1429401600,223.23,227,222.1,222.16,17565
1429488000,222.28,227,221.24,224.21,19942
1429574400,224.21,236.99,224.16,236.96,31746
1429660800,236.18,238.99,232,234.14,22070
1429747200,233.65,237.22,233,236.01,8588
1429833600,235.82,236.51,228.7,231.38,22497
1429920000,231.21,232.7,225.35,226.01,13394
1430006400,226.1,226.84,213.92,219.7,40889
1430092800,219.73,232.49,218.24,227.13,35227
1430179200,226.91,228.05,222.16,225.3,17174
1430265600,225.3,227.8,222.66,225.23,12197
1430352000,225.56,240.89,224.63,236.11,41364
1430438400,236.18,239.25,231.26,231.78,16999
1430524800,231.75,235.79,231.75,234.81,8921
1430611200,234.76,243.73,233.75,240.57,19151
1430697600,240.69,243.6,236.98,238.54,24644
1430784000,238.68,239.49,231.05,235.87,26098
1430870400,235.85,236.75,226.42,229.27,47500
1430956800,229.04,239.79,227.81,237.3,27228
1431043200,237.3,249.22,236.2,244.5,31061
1431129600,244.52,249.21,240.1,242.54,19349
1431216000,242.53,245.95,238.79,240.73,11928
1431302400,240.8,245.49,238.5,242.46,15983
1431388800,242.44,244.67,240.86,241.92,13648
1431475200,242.01,245,234.22,235.7,27902
1431561600,235.72,238.39,232.1,236.68,19117
1431648000,236.7,239,233.88,237.3,9507
1431734400,237.24,237.58,234,235.7,6084
1431820800,235.85,238.24,235.6,236.15,4803
1431907200,236.25,237.25,229,232.82,14168
1431993600,232.83,236.76,231.19,231.7,5949
1432080000,231.56,235.24,231.56,234.24,11420
1432166400,234.26,236.5,233.9,235.27,10499
1432252800,235.25,241.83,234.59,240.97,22837
1432339200,240.97,241.2,237.54,238.81,8500
1432425600,238.86,242.98,238.52,240.96,7262
1432512000,240.92,241.12,236.1,237.1,8681
1432598400,237.1,238.5,235.26,237.36,8825
1432684800,237.37,239.3,235,236.85,9196
1432771200,236.48,237.5,235.85,236.86,5773
1432857600,236.83,237.16,235.02,236.52,6855
1432944000,236.72,236.73,228.2,232.54,14772
1433030400,232.35,232.69,227,228.7,11644
1433116800,228.38,230.89,219.71,222,31701
1433203200,222.01,226,220.97,224.68,16441
1433289600,224.7,227,222.26,225.11,17224
1433376000,225.14,225.77,222.64,223.24,11203
1433462400,223.24,229.23,222.65,224.51,17604
1433548800,224.7,228,223.9,225.66,6822
1433635200,225.69,227,222.29,223.26,17264
1433721600,223.29,230.63,223.25,228.76,28811
1433808000,228.79,232.07,227.79,229.06,16375
1433894400,229.06,229.97,227.48,228.6,10759
1433980800,228.61,230.7,228.6,230,9532
1434067200,229.99,231.34,229.11,229.55,9757
1434153600,229.51,234.3,228.4,232.87,11056
1434240000,232.86,235.44,232.51,233.54,8249
1434326400,233.5,238.16,233.35,236.98,19137
1434412800,236.97,254,236,252.17,50852
1434499200,252.19,259.1,246,248.95,47501
1434585600,248.96,253.7,243,249.51,27511
1434672000,249.38,252.13,243.5,244.58,23911
1434758400,244.56,245.9,240,245.38,23900
1434844800,245.38,245.69,241.09,244.25,8147
1434931200,244.25,247.99,243.5,246.67,18496
1435017600,246.69,247.35,242,244.25,11518
1435104000,244.19,244.19,239,239.8,15540
1435190400,239.75,243,239.5,242.05,8685
1435276800,242.15,243.9,240.61,243.29,10136
1435363200,243.29,251.77,242.6,251.61,18139
1435449600,251.6,252.06,247.25,248.71,12864
1435536000,248.71,257.74,248.57,256.69,34719
1435622400,256.7,269,253.05,262.89,47248
1435708800,262.9,264.81,252.77,258.1,21523
1435795200,258.08,262.61,253,254.52,17303
1435881600,254.52,256.9,252.11,256.09,11509
1435968000,256.12,262.64,253.57,260.58,9707
1436054400,260.57,275.88,258,271.96,47835
1436140800,271.82,278.69,267.33,269.23,56598
1436227200,269.24,271.5,262.61,265.72,22297
1436313600,265.78,274.11,263,270.52,35128
1436400000,270.49,274,266.22,269.23,23989
1436486400,269.22,296.1,268.58,285.36,89641
1436572800,285.35,299.56,283.46,293.18,38182
1436659200,293.19,316.23,291.81,311.14,61496
1436745600,311.14,312,281.5,292.65,74143
1436832000,292.6,297.25,286,286.83,23493
1436918400,286.87,294.44,283.51,285.42,21709
1437004800,285.42,295,275.21,278.94,52942
1437091200,278.93,281.55,272,279.82,25307
1437177600,279.52,283.33,276.12,277.25,15357
1437264000,277.25,279.18,274.69,275.04,7995
1437350400,275.04,280.5,273.5,280.2,12332
1437436800,280.2,282.1,275.09,275.55,13030
1437523200,275.55,278.39,274.5,277.99,10925
1437609600,277.88,278.44,275.56,276.51,5421
1437696000,276.48,289.93,276.02,288.6,24283
1437782400,288.58,292.35,286.39,289.37,11553
1437868800,289.36,294.57,288.12,293.01,9249
1437955200,293,298.74,286,294.84,25446
1438041600,294.73,298.93,293.61,295.23,14339
1438128000,295.24,295.68,286.02,289.92,15779
1438214400,289.92,291,284.01,288.21,12113
1438300800,288.02,289.85,281,284.45,14442
1438387200,284.45,284.99,276.53,280.31,12289
1438473600,280.31,283.44,276.26,282.44,11709
1438560000,282.44,287.05,279.7,281.28,14777
1438646400,281.28,285.94,281.28,285.47,11962
1438732800,285.47,285.94,281.49,282.61,7625
1438819200,282.58,282.58,278,279.08,10106
1438905600,279.08,281,276.07,280.19,12660
1438992000,280.04,280.32,260.62,261.34,36946
1439078400,261.34,267.6,260.73,265.58,20858
1439164800,265.69,267.72,262.17,265.1,10780
1439251200,265.09,272.99,264.81,271.96,12621
1439337600,271.97,273.75,265.8,267.1,16276
1439424000,267.09,268,263.33,264.47,12869
1439510400,264.47,268.97,262.13,266.09,13566
1439596800,266.32,267.76,260.96,262.2,10379
1439683200,262.04,262.9,256.5,259.9,27210
1439769600,259.9,262.37,257.4,258.49,9932
1439856000,258.5,258.5,162,194.52381,81457
1439942400,194.52381,255.08,178.12,226.32,84862
1440028800,226.31,237.94,226.27,235.54,26284
1440115200,235.55,236.43,230.52,232.17,12960
1440201600,232.46,234.71,221.77,230.27,20942
1440288000,230.33,232.88,225.58,228.53,12008
1440374400,228.1,228.69,207.62,210.5,54058
1440460800,210.49,228.77,196.6,222.03,68292
1440547200,222.7,232.38,220.1,226.12,23758
1440633600,226.13,229.5,224,225.8,11732
1440720000,225.66,238.9,220.11,231.83,27303
1440806400,232.08,234.03,227.16,230.75,10036
1440892800,230.9,233.96,225.2,229.99,8809
1440979200,229.99,233.69,225.31,231.35,10879
1441065600,231.06,232.39,226.55,228.24,9798
1441152000,228.24,231.89,226.51,229.71,9007
1441238400,229.71,229.96,226.1,227.25,6893
1441324800,227.29,231.66,227.01,230.89,10782
1441411200,230.88,239.76,230.01,235.84,12183
1441497600,235.84,248.48,235.5,240.97,20487
1441584000,241,243,239.03,240.85,6905
1441670400,240.91,247.68,240.27,244.2,16316
1441756800,244.2,245.57,238.38,239.07,15519
1441843200,238.97,241.9,237.01,239.49,10768
1441929600,239.4,242.78,239.39,240.6,6940
1442016000,240.9,241,235.33,235.77,9812
1442102400,235.86,236.85,228.95,230.96,12576
1442188800,231.11,233.9,228.4,230.89,9551
1442275200,231.07,232.93,229.5,230.93,6830
1442361600,230.91,232.12,227.33,228.99,8881
1442448000,228.99,235.71,228.99,233.61,11232
1442534400,233.65,236.26,232.52,233.78,8647
1442620800,233.79,234.19,231.4,232.09,4959
1442707200,232.01,233.38,231.4,232.12,3460
1442793600,232.11,232.97,226.38,227.22,9756
1442880000,227.25,233.95,224.25,231.11,18834
1442966400,231.43,233,230.03,230.54,5696
1443052800,230.57,236.25,230.54,234.65,15348
1443139200,234.65,237.7,233.05,235.26,9848
1443225600,235.39,235.95,233.75,234.63,4763
1443312000,234.63,234.78,233,233.37,2567
1443398400,233.37,241.44,233.37,240.43,12466
1443484800,240.43,241.5,236.61,236.8,9431
1443571200,236.9,238.78,235.11,236.49,5138
1443657600,236.72,240.09,236.19,238.48,6087
1443744000,238.25,240,237.33,237.86,5597
1443830400,237.84,241.11,237.68,239.79,6206
1443916800,239.73,240.93,239.29,239.5,2069
1444003200,239.47,242.89,236.24,242,12190
1444089600,242.01,249.01,241.51,247.36,16259
1444176000,247.35,247.93,243.5,244,8786
1444262400,244,245.65,242.62,243,6032
1444348800,242.99,245.45,242.63,244.82,3549
1444435200,244.93,246.41,243.5,246.01,4174
1444521600,245.93,248.73,243.75,247.99,4845
1444608000,247.92,248.45,245.21,246.17,5193
1444694400,246.15,253.43,244,251.25,16731
1444780800,251.08,255.95,250.1,253.5,10115
1444867200,253.5,257.5,253.44,255.19,10448
1444953600,255.19,267.83,254.91,263.45,21954
1445040000,263.47,275.19,258.32,272.9,42764
1445126400,272.9,274.66,263.3,265.01,15330
1445212800,265.29,268.28,262.35,265.1,10883
1445299200,265.02,273.97,264.39,270.97,14426
1445385600,270.99,272.28,264.1,267.8,10575
1445472000,267.99,279.97,267.3,275.83,27234
1445558400,275.83,280.9,275.15,279.21,15840
1445644800,279.04,284.47,279,284.19,13898
1445731200,284.19,295.99,281.2,284.79,40008
1445817600,284.7,287.92,282.25,287.22,17138
1445904000,287.22,298.86,286.71,295.29,26818
1445990400,295.29,307.99,295.29,304.5,35615
1446076800,304.5,321.53,301.5,314.88,51225
1446163200,314.23,336,313.82,328.19,62804
1446249600,328.2,335.87,307.2,316,42929
1446336000,316,333.49,313.6,330.23,25658
1446422400,330.23,373.12,326.8,365.33,71218
1446508800,365.08,423.88,361.11,405,171798
1446595200,404.98,504,366.66,409.24,274460
1446681600,409.23,449.95,370,387.14,157910
1446768000,387.93,396.78,351.2,375.56,106638
1446854400,375.56,392.23,371.32,384.99,34404
1446940800,384.28,390.33,365.56,374.1,30825
1447027200,374.52,388.99,360,381.1,38111.95484961
1447113600,381.1,383.4,327.02,340.18,88482.2856965
1447200000,340.18,343.79,300.28,314.45,117017.9698756
1447286400,314.45,346.44,314.14,336.84,57236.75520543
1447372800,336.86,343.75,326.22,338.53,29935.63022952
1447459200,338.54,340.72,328.5,333.37,20324.6267692
1447545600,333.39,336.6,315,320.52,31597.16786234
1447632000,320.8,335,315.2,332.1,25747.01423725
1447718400,332.16,342.5,331.05,336.29,27167.97701984
1447804800,336.29,338.99,327.91,335.94,15625.53831987
1447891200,335.83,336.57,324.02,326.5,18932.55286081
1447977600,326.49,326.77,309.46,322.2,30160.0102475
1448064000,322.29,329.35,318.95,327.84,10478.85571603
1448150400,327.84,327.85,320.36,324.66,7051.90999031
1448236800,324.66,327.5,320.9,323.63,7775.67515729
1448323200,323.65,323.77,315.55,320.1,9618.01049014
1448409600,320.49,332.43,316.02,329.85,20613.11318494
1448496000,329.85,369.9,329.35,354,81494.12980721
1448582400,354,367,348.18,358.9,34902.85886155
1448668800,359,362.44,351,358.6,19427.17778835
1448755200,358.54,376,355.17,373.89,25800.68951778
1448841600,373.84,384.99,368.11,376.88,47490.86637799
1448928000,376.89,379.99,353.1,362.59,44084.16937647
1449014400,362.59,363.22,346.13,359.12,31554.77112127
1449100800,359.12,371.5,352.25,360.53,27383.799896
1449187200,360.62,364.4,354.31,363.17,14651.48749606
1449273600,363.04,395,362.08,389.79,46142.29540105
1449360000,390.01,407.57,386.01,390.6,60597.65466412
1449446400,390.88,404.24,384.53,396.7,33607.8316663
1449532800,397,422.39,388.37,422,33197.62322977
1449619200,422,426.59,405,418.73,52055.32070818
1449705600,418.86,421.82,411.09,414.94,21322.44367556
1449792000,414.88,458.99,414.8,457,75656.53043301
1449878400,456.32,475.04,402.5,435.61,104706.00184301
1449964800,435.61,443.92,415.24,433.36,33645.69541355
1450051200,432.91,450,427.3,442.59,27298.36713114
1450137600,442.55,467.29,442.51,466.01,41307.04150536
1450224000,466.43,469.99,440,454.94,67045.5154026
1450310400,454.94,458.56,446.21,455.57,17868.85558611
1450396800,455.71,466.6,450.1,463.52,27048.52648491
1450483200,463.51,467,452,462.44,21223.57972221
1450569600,462.45,462.78,431.5,442.62,46322.86552648
1450656000,442.62,447.45,424.37,437.52,43194.51233542
1450742400,437.81,443.64,433,435.65,18516.12084867
1450828800,435.05,445.76,433.62,442.62,16464.78677728
1450915200,442.62,459.1,442.45,456.13,19865.73831933
1451001600,456.02,460,445,455.47,15176.72802625
1451088000,455.3,460.05,405.5,416.51,96490.88016882
1451174400,416.35,424.89,407,422.32,27798.81551057
1451260800,421.82,429,417.01,420.24,24284.33007675
1451347200,420.11,433.55,418.01,431.79,22073.56319995
1451433600,431.77,434,420,423.55,22247.59645834
1451520000,423.51,432.59,412.5,429.02,21403.65928245
1451606400,429.17,436.49,426.26,433.98,13068
1451692800,433.89,435.8,430,432.7,6347.95293077
1451779200,432.66,433.07,421.73,428.39,19196.85336333
1451865600,428.63,435.67,426.97,432.9,12950.38203253
1451952000,432.61,434.91,427.91,431.84,11172.00381736
1452038400,431.99,432.24,425.03,428.89,9426.11476429
1452124800,428.2,462,427.11,458.78,55423.37933374
1452211200,458.41,465,446.55,454,29967.95308686
1452297600,454,456.01,447.07,449.23,8950.47934709
1452384000,449.23,450.26,441.01,449.35,13778.25596663
1452470400,449.34,452.49,443.42,449.26,14814.61191992
1452556800,449.26,449.98,427.01,432.04,20739.28807898
1452643200,431.99,436.36,416,431.11,33147.73111104
1452729600,431.09,435,426,429.25,13304.53778624
1452816000,429.27,429.43,357.02,359.16,123890.17071937
1452902400,359.16,392.5,352.5,388.4,74058.13053727
1452988800,388.43,393.31,378.76,382.02,20714.98430076
1453075200,382.11,390,375.01,387.1,19467.04404336
1453161600,387.04,388.61,377.41,378.93,17187.63603905
1453248000,378.94,428,375.01,419.55,82802.50152946
1453334400,419.65,424.57,405,411.01,29020.24647563
1453420800,411,411.2,371.25,380.96,62211.76956285
1453507200,381,394.81,379.85,385.57,21470.9185035
1453593600,385.55,407.33,385.1,402.77,23219.92783657
1453680000,402.76,402.77,384,390.96,22662.14733551
1453766400,390.91,398,386.66,391.41,13322.87042933
1453852800,391.23,396.99,389.66,394.97,8538.43203577
1453939200,394.7,395.48,375.01,378.39,25024.08113803
1454025600,378.15,386,360.03,377.6,62204.81102894
1454112000,377.4,380.6,374,376.56,10501.94797821
1454198400,376.31,378.9,362.57,365.52,14887.77869032
1454284800,365.58,379.27,363.23,371.42,24797.19675821
1454371200,371.22,374.8,369.69,372.9,10443.46213864
1454457600,372.9,374,365.65,368.98,13195.15019691
1454544000,369,393.89,368.65,389.96,37332.16820657
1454630400,389.98,393,384.19,386.54,16864.09936866
1454716800,386.54,386.54,365,373.75,40202.13384862
1454803200,373.71,377.8,369.17,372.01,13056.06239366
1454889600,372.26,377,369.01,370.49,16878.20552178
1454976000,370.29,377.96,370.04,374.31,9216.51889935
1455062400,374.43,387,373.13,381.17,33532.2458584
1455148800,380.97,383.23,372.25,377.99,14521.32801995
1455235200,378,383.53,377.04,382.94,10146.83584539
1455321600,382.94,393,382.55,393,14755.53765596
1455408000,392.99,408.66,392.93,408.3,29423.67609438
1455494400,408.3,412.5,395.23,399.9,30123.79039258
1455580800,400.08,408.77,398.66,407.27,13991.05677749
1455667200,407.37,421.9,405.16,414.88,30400.76489386
1455753600,414.89,426.21,412.51,421.5,25228.63442946
1455840000,421.51,422.54,412,419.85,13268.55624694
1455926400,419.72,445.96,419.72,438.7,47476.95701137
1456012800,438.73,451.6,428.01,440.49,43012.36409704
1456099200,440.49,442.5,433.01,440.27,16337.46643989
1456185600,440.25,442.67,416.24,421.4,32380.77738193
1456272000,421.5,427.5,409.69,426.36,22426.1089971
1456358400,426.36,430,419.5,424.88,13595.73030854
1456444800,424.89,435.9,419.83,435.49,18860.34189385
1456531200,435.49,438.6,431.81,434.3,11592.3533682
1456617600,434.03,437.89,422.1,434.45,19852.27109852
1456704000,434.46,445,430.51,438.99,20389.4604615
1456790400,439.53,442.79,427.26,434.82,19606.97987538
1456876800,434.99,436.45,421.11,422.09,16438.31920699
1456963200,421.7,424.43,416.4,420.56,20874.05140094
1457049600,420.19,423.99,407.5,408.82,21749.41985638
1457136000,408.71,410.14,389,397.36,46947.50570167
1457222400,397.37,409.5,392.01,403.75,19707.14850419
1457308800,403.77,415.8,401.51,412.7,15306.22132996
1457395200,412.62,416,406,411.35,10227.45551185
1457481600,411.34,414.5,407.47,413.05,9027.75321885
1457568000,412.9,418.24,410.68,416.51,13709.0829209
1457654400,416.64,423.6,415.5,420.47,15464.77864272
1457740800,420.49,421.81,406.38,410.01,17020.42554464
1457827200,410.01,416,410,411.87,7628.34253455
1457913600,412,417.99,411.7,415.91,9210.43225833
1458000000,415.99,418.82,412.78,415.5,9632.10565434
1458086400,415.52,418,413.96,417.28,7066.70644687
1458172800,417.28,420.6,416.67,418.75,8308.82137815
1458259200,418.71,418.86,403.01,407.86,21090.86035596
1458345600,407.5,412,404,408.68,8938.09064072
1458432000,408.7,413.2,407.92,411.25,5655.49614233
1458518400,410.81,412.14,406,411.88,7818.38780855
1458604800,411.85,418.68,409.88,417.7,10196.10581226
1458691200,417.7,419.72,415.83,418.12,7195.02123426
1458777600,418.12,418.13,414,415.3,7559.67108645
1458864000,415.3,417.03,413.03,416,3690.24588071
1458950400,416.02,419.4,413.2,416.71,5039.73935935
1459036800,416.72,431,415.79,427.36,22409.50689653
1459123200,427.34,427.99,422.38,424.06,9241.01649978
1459209600,424.03,426.41,406.51,416,23306.73060099
1459296000,415.87,416,408.58,413.12,9037.93067534
1459382400,413.04,418.25,413.04,416.02,7268.31765998
1459468800,416.34,417.9,414,417.9,5456.7694388
1459555200,417.89,422.8,417.53,420.3,6070.78823925
1459641600,420.31,421.82,416,420.6,4254.11994828
1459728000,420.99,421.2,416.24,420.46,5751.29314231
1459814400,420.46,425,419.61,423.75,7261.82082659
1459900800,423.75,424.68,421.69,422.57,5680.19307292
1459987200,422.52,422.86,417.78,422.28,7727.14024566
1460073600,422.29,424.49,415.5,418.5,9847.57852609
1460160000,418.23,418.76,412,418.47,6326.97349848
1460246400,418.48,422.9,417.49,421.32,4248.02175638
1460332800,421.32,423.9,418.8,423.74,6404.83931498
1460419200,423.75,430,423.56,426.59,14772.70507204
1460505600,426.78,427.68,423,424.75,6666.45445863
1460592000,424.77,426.49,424.01,426.01,4132.51666236
1460678400,426.01,432.49,426.01,431.48,15836.34443291
1460764800,431.06,435.67,430.47,432.04,7705.23014102
1460851200,432.52,433.49,426.37,428.51,8483.81721242
1460937600,428.51,430.91,426.52,430.03,7577.09982223
1461024000,430.04,439,428.54,437.76,12049.76316525
1461110400,437.81,446.61,436.6,443.85,21245.46997579
1461196800,443.82,454.5,442.01,452.26,17836.12814867
1461283200,452.01,453.15,444.51,447.8,12208.12421693
1461369600,447.79,454.95,445.67,453.69,10158.08874212
1461456000,453.41,464.99,450.18,463.02,24137.22663276
1461542400,463.33,471.58,455,461.77,25926.48595858
1461628800,461.77,471.99,461.77,468.14,18688.00355847
1461715200,468.14,470.17,443,444.85,40283.22481017
1461801600,445.14,450.83,435,450.46,25328.14705238
1461888000,450.52,457.49,445.8,455.32,13419.02987373
1461974400,455.33,455.98,445.01,446.6,10583.37006179
1462060800,446.79,452.99,445.69,451.11,3901.33894339
1462147200,451.12,452.5,436,443.73,29738.73405782
1462233600,443.99,452,440.1,450.39,12157.57208576
1462320000,450.21,450.98,445.07,447.38,7045.36356893
1462406400,447.22,451.68,445.51,448.4,10788.7269655
1462492800,448.32,466,448,461.18,26539.51960908
1462579200,461.36,463.05,458.3,460.2,7810.85492378
1462665600,460.34,461.62,456.04,459.87,6454.87189054
1462752000,459.88,465.4,457.8,461.56,15120.94676186
1462838400,461.23,465,445.01,450.7,22571.93908811
1462924800,450.7,454.68,450.01,452.28,8033.34446993
1463011200,452.28,456.75,445.91,455.01,18088.01160416
1463097600,455,457.66,452,455.76,7127.4179047
1463184000,455.75,458.86,454,455.8,3608.80902931
1463270400,455.8,460.67,454.31,457.89,5644.05214257
1463356800,457.95,458.95,451,453.01,8789.98783702
1463443200,453,454.91,451,453.24,7609.40911048
1463529600,452.71,457,451.53,453.52,7162.25703935
1463616000,453.52,454.71,433,434.55,30396.81255832
1463702400,434.99,443.14,433,441.57,14241.01574461
1463788800,441.57,442.16,435.3,440.81,6222.70927608
1463875200,440.88,441,435.1,437.48,7236.70601612
1463961600,437.4,444.4,436.51,443.51,7873.12727321
1464048000,443.53,447.85,442.39,445.03,8329.83371687
1464134400,445,450.51,442.5,449.09,12353.39238932
1464220800,449.09,454.8,446.01,453.95,9517.72213874
1464307200,453.58,482.31,453.58,472.01,59125.78988888
1464393600,472.01,543,471,526.02,74521.63290883
1464480000,527,570,512.11,531,83566.13453369
1464566400,529.97,548.5,521.11,532.89,32596.67572372
1464652800,533.14,546.5,518,530.69,49880.61185907
1464739200,530.69,546.12,523.75,536.79,27816.55857122
1464825600,536.91,544,532.37,538.8,16882.36888074
1464912000,538.9,579.94,535.65,570.87,48446.29176567
1464998400,570.82,593.89,560.1,572.87,39118.52413897
1465084800,573.08,586.47,564.64,574.02,28143.3010814
1465171200,574.01,588.6,573.93,585.34,27464.29482278
1465257600,585.59,592.08,561.3,576.88,36112.75303373
1465344000,577.23,585.15,570.62,583.05,18084.17616181
1465430400,583.26,584.05,569.97,575.52,21873.89242094
1465516800,575.52,582.43,572.5,580.09,16178.04239366
1465603200,580.08,615,579.29,614.51,28441.70390659
1465689600,614.51,685,601.34,672,116432.04033205
1465776000,671.98,719,658,705.87,117683.17615468
1465862400,705.87,705.88,656.51,684.5,65715.57001588
1465948800,684.5,699.4,667.89,696.99,34104.05155346
1466035200,698,779,697.31,769.5,123792.1032712
1466121600,769.46,780,702.01,747.95,97376.65112633
1466208000,747.7,789.78,720,757.6,66955.08891918
1466294400,757.63,775,739,767.3,26699.53099623
1466380800,767.31,767.77,721,743.9,46264.53575532
1466467200,742.98,742.98,635.37,668.6,102133.4348182
1466553600,669,688.32,588.88,605.85,100527.2433868
1466640000,605.87,639,555.56,625.8,122946.99426802
1466726400,625.8,679.99,625.79,665.5,92367.9234856
1466812800,665.99,698,640.11,664.87,55625.81219037
1466899200,664.38,668.01,614.33,627.42,45122.51971258
1466985600,627.75,662.33,616.07,662.33,46177.3671535
1467072000,662.28,664.26,631.65,646.61,35578.38730778
1467158400,646.22,646.25,621.58,640,33257.97319888
1467244800,640.29,677.47,635.57,674.74,40248.02350794
1467331200,674.57,690.62,667.61,674.75,41619.56329068
1467417600,675.04,706,673.36,705.99,29202.51844593
1467504000,705.99,706.98,644.1,659.29,44643.74663785
1467590400,659.33,684.44,644.46,681.34,23524.41815513
1467676800,681.35,682.7,655.3,667.8,17224.60025349
1467763200,667.77,682.9,666.71,677.04,15922.73770491
1467849600,677.35,682,610.1,640.51,75728.0266775
1467936000,640.33,666.66,633.75,664.8,32848.48926517
1468022400,664.42,664.43,620,648.11,46883.15867776
1468108800,648.12,651.47,636.09,649.72,10274.86472204
1468195200,649.08,662.6,643.4,647.95,13920.79217791
1468281600,648.19,679.9,645.45,667.19,30215.61142126
1468368000,667.07,669.87,652.51,653.7,17511.79159888
1468454400,653.61,667.5,649.89,659.78,20197.93077118
1468540800,660.18,669.95,658.11,665.5,9472.16958378
1468627200,665.5,669.65,659.12,665.33,5924.14414457
1468713600,665.33,689.96,663.61,683.2,20414.44362783
1468800000,683.18,686.74,666.02,674.3,18078.66362513
1468886400,674.31,678.59,665,675,10947.29773507
1468972800,675.3,676,661,665.85,12852.469112
1469059200,665.91,668,654.97,665.01,10702.00559668
1469145600,665.01,668,639.41,648.04,27841.92311271
1469232000,648.11,657.13,644.97,654.03,10004.54716873
1469318400,654.9,664.15,650.52,661.82,14018.78565419
1469404800,661.73,664.41,646.22,654.17,14838.34110467
1469491200,653.91,657.61,640.56,648.47,20359.80927185
1469577600,648.1,662.78,646.44,655.51,13286.86440084
1469664000,655.5,659.67,652.52,655.93,8880.2024211
1469750400,656.52,660.49,654.54,658.34,9227.871506
1469836800,658.32,660.46,647.79,654.99,8090.96048528
1469923200,654.99,655.17,621.25,622.83,33255.80467914
1470009600,622.83,627.35,605.01,608.29,31426.51602985
1470096000,608.24,615.29,595,604.1,33013.96233766
1470787200,609,609.29,584.8,590.28,10997.44067644
1470873600,590.5,599.75,584.59,591.27,15295.56242806
1470960000,591.26,593,584,585.5,6287.98760026
1471046400,585.5,590.02,582,583.73,6420.32283696
1471132800,583.73,583.75,564,569.41,7530.30904219
1471219200,569.65,575.75,562.99,564.64,7650.16951653
1471305600,564.55,579,564,574.17,6221.58467139
1471392000,574.23,578.5,569,571.83,5033.03121331
1471478400,571.95,578.75,569.71,572.21,6000.6229885
1471564800,572.33,577.25,570.82,573.51,2942.51726681
1471651200,573.61,582.75,571.25,582.1,3326.81486245
1471737600,582.01,584.27,580,581.42,2425.60721087
1471824000,581.5,589.99,581.28,588.01,4623.22707838
1471910400,588.01,590.69,581.1,583.54,4803.80673527
1471996800,583.55,586.91,580,580.32,5052.56705987
1472083200,580.23,581.14,574.01,577.2,3571.55271552
1472169600,576.89,579.51,575.06,578.02,1769.10070238
1472256000,578.09,578.99,567.23,568.55,2258.285485
1472342400,568.45,574.54,568.18,574.17,1518.12951235
1472428800,574.26,578.1,573.01,574.78,2800.79053777
1472515200,574.75,580.28,574.07,579.49,3195.79981424
1472601600,579.37,579.52,572.02,576.15,3511.25386186
1472688000,576.27,577.98,571.43,572.73,3616.49453131
1472774400,572.73,581.23,570.61,579.85,5670.91686647
1472860800,579.85,615,576.04,609.89,8205.25257421
1472947200,610,618.65,601.83,614.52,5061.10388377
1473033600,614.51,615.68,603.84,611.5,5077.20791116
1473120000,612.24,617.53,609.7,615.23,3089.90030138
1473206400,615.3,620.85,610.83,619.75,5526.08815432
1473292800,619.95,636.16,617.12,631.73,8271.43993824
1473379200,631.73,633.81,621.24,626.25,4272.0667237
1473465600,626.36,629.65,624.68,628,4044.14425778
1473552000,628,635,595.36,612.08,9640.78154317
1473638400,612.08,615.21,608.01,611.62,4972.78278704
1473724800,611.64,640,610,614.23,7273.90802996
1473811200,614.25,617.38,612.01,613.88,5932.2014428
1473897600,613.88,617.93,611,611.81,4374.86124848
1473984000,611.81,614.22,609.54,610.01,3703.33212784
1474070400,610,610.75,604.96,607.69,3566.49931965
1474156800,607.98,616.34,607.18,613.03,2932.95793227
1474243200,613.03,615.05,608.6,609.79,2956.96640014
1474329600,609.79,612.01,600.01,600.14,3414.85985074
1474416000,600.13,601.18,591,597.43,7658.45169444
1474502400,597.43,598.7,595.92,597.08,2333.42531112
1474588800,597.08,603.99,595.95,603.29,1957.41100837
1474675200,603.28,606,601,602.55,943.40330697
1474761600,603.01,603.99,597.3,600.36,1385.71804476
1474848000,600.24,610.1,599.86,609.14,3113.73087306
1474934400,608.94,609.91,602.01,605.53,3196.8005667
1475020800,605.5,605.77,603.07,603.76,2052.84259047
1475107200,604.01,607.96,603.04,604.6,3144.33070204
1475193600,604.6,613.27,603.99,611.1,2363.90769959
1475280000,611.1,616.87,611.1,614.09,1900.06005168
1475366400,614.08,614.21,575,609.09,4967.64168069
1475452800,608.98,618,608.91,612.67,3284.72217779
1475539200,612.68,614.11,609.63,610.98,4006.4669625
1475625600,610.71,617.28,610,614.09,3409.17002418
1475712000,614.3,615.9,612.68,613.51,3068.72581396
1475798400,613.95,621.71,613,620.13,4853.24847759
1475884800,619.99,622.87,617.91,620.5,3113.2366971
1475971200,620.7,620.91,614.01,616.56,2735.90897282
1476057600,616.55,620,615.91,618.87,3177.76245023
1476144000,618.87,646.86,618.06,641.87,12424.16325618
1476230400,642,644.07,636.91,637.63,3851.29812739
1476316800,637.62,644.29,636.38,637.01,5009.92379241
1476403200,637.01,645.4,636.72,643,6637.08071324
1476489600,642.74,645.69,637.91,640.2,2402.26242554
1476576000,640.42,645.8,639.82,644.18,2388.53105693
1476662400,644.17,644.56,637.58,639.79,5018.0217722
1476748800,639.71,641.98,632.93,638.68,6069.44577292
1476835200,638.69,644,627.84,631.77,8990.88398578
1476921600,631.56,633.61,628,632.46,3336.84339327
1477008000,632.46,639,632,636.73,7213.93571716
1477094400,635.91,672.2,635.06,664.99,10090.30072097
1477180800,664.99,671.4,656.04,659.03,5717.12644938
1477267200,658.36,659.41,654.01,654.65,5694.59994777
1477353600,654.35,670,652.6,659.52,5508.13254177
1477440000,659.49,685.84,658.46,678.7,11694.30233914
1477526400,678.7,690.92,676.69,688.67,12826.13944809
1477612800,688.29,695.34,681.08,693.47,9986.47758336
1477699200,693.32,724,691.42,714.51,15278.31828463
1477785600,714.74,716.66,696.96,702.55,12185.30133807
1477872000,702.57,709,687.6,701.02,8546.55128819
1477958400,701.01,746.55,701.01,734.6,22309.40156132
1478044800,734.6,751.47,723.59,750.85,9386.31110442
1478131200,751.1,754.66,676,692.51,28182.87498885
1478217600,692.66,710.9,686.42,707.62,14542.87585648
1478304000,708.15,713.88,700.82,708.89,5999.07827154
1478390400,709.14,721.61,700.01,713.95,7160.39666517
1478476800,713.8,713.8,700.02,705.55,3788.61245453
1478563200,705.42,717.99,703,711.99,9819.32231819
1478649600,711.98,743.06,708.5,724.54,14984.53682247
1478736000,723.37,725,709.13,714.87,4456.54306507
1478822400,714.87,719.37,712.03,716.22,4913.13795541
1478908800,716.61,716.99,700.1,703.57,5914.20699191
1478995200,703.56,706.47,687.6,703.64,8658.45184603
1479081600,703.61,709.91,698.76,707.43,6007.40408814
1479168000,707.44,720.05,707.4,712.17,7915.4948386
1479254400,712,747.49,710,744.98,17940.6522954
1479340800,744.98,763.85,735,740.67,14888.97515706
1479427200,740.01,759.89,734.5,753.97,6954.5196444
1479513600,753.91,759.99,740,752.9,6041.26251194
1479600000,752.17,757,711.16,729.67,13900.44276716
1479686400,729.68,740.6,728.08,738.99,7177.39231643
1479772800,739,753.91,733.25,749.85,9479.675654
1479859200,749.85,750.91,730.79,742,5575.99888039
1479945600,741.99,744.32,727.61,737.61,6067.7247491
1480032000,737.67,741.12,730,740.36,4047.8774384
1480118400,739.77,740.99,720,731.19,4490.18685577
1480204800,731.27,736.19,722.5,724.9,3494.29759963
1480291200,724.99,734.99,724.99,731.52,4138.91698631
1480377600,731.52,734.89,728.68,731.05,5646.05607776
1480464000,731.06,743.14,728.98,739,5529.42189011
1480550400,739,756,738.8,755.36,13393.13787042
1480636800,755.42,779.21,755.15,774.88,13393.92757711
1480723200,774.87,774.87,755.98,765.46,5729.858984
1480809600,765.98,769.99,758.82,768.5,4202.15589506
1480896000,768.5,769,744.59,750.62,9995.20815423
1480982400,750.85,758.5,750.44,757.36,5278.66502049
1481068800,757.18,774.92,746.16,765.01,10693.76570484
1481155200,765.02,773.2,762.66,765.01,4740.8613979
1481241600,765.01,772.72,765,770.5,3628.45346554
1481328000,770.5,777.77,769.99,772.9,3361.34300041
1481414400,773.01,773.73,761.84,770.21,4123.29543013
1481500800,770.21,785,770.21,777.99,6745.13118164
1481587200,777.99,788.87,762.89,775,5580.34316635
1481673600,775,781.16,771.15,774.49,3676.95437235
1481760000,774.5,780.12,774.5,777.43,3155.34691608
1481846400,777.78,785.06,775.85,784.17,4520.36830497
1481932800,784.17,793,782.93,790.99,5538.49240702
1482019200,790.99,792.8,784.36,790.21,2219.90444679
1482105600,790.18,792.27,787.75,790.59,2037.02933309
1482192000,790.59,802.33,787.94,797.99,6574.62578209
1482278400,797.99,830.5,794.95,829.99,15263.72902416
1482364800,829.34,874,825,859.2,14315.12776083
1482451200,859,920,859,918.99,24386.07567795
1482537600,917.29,919.99,882.41,895.24,7018.87546989
1482624000,895.31,904.55,858.62,898,11211.23108807
1482710400,898,920,894.21,906.4,11249.13898569
1482796800,906.37,940,903.51,936.43,8838.12515738
1482883200,936.42,983,935.93,981.7,19198.65871187
1482969600,981.7,983,945,974.74,20649.50176255
1483056000,973.41,974.32,929.5,959.26,18019.94061846
1483142400,959.19,968.2,945.01,966.58,6753.65525142
1483228800,966.61,1006.5,961.26,998.99,12454.00625196
1483315200,999,1035,994.1,1019.3,19444.98839044
1483401600,1019.6,1040,1013.5,1037.5,12944.28086913
1483488000,1037.6,1150,1036.4,1139.6,49934.18951017
1483574400,1138.3,1166,851,1003.2,70570.9470218
1483660800,1003.8,1025,871,898.5,49943.9903766
1483747200,898.2,911.09,815,908,30738.00585961
1483833600,908.03,943,890,915.9,24694.73049117
1483920000,915.9,916.7,875,903,13645.09647516
1484006400,903.01,918,895.48,905.76,10271.95770483
1484092800,905.76,923.66,760,779.54,47755.40204016
1484179200,779.54,831.18,735.26,804.58,28386.61058118
1484265600,804.58,832.29,775.7,828.12,22822.34337274
1484352000,827.22,838.54,800.03,815.3,10389.50407508
1484438400,816.7,822.98,805.03,820.74,4786.06009912
1484524800,821.16,837.97,813.94,830.1,6459.46006144
1484611200,830,910.8,828,903.99,23248.30674576
1484697600,903.99,913.85,847.23,887.46,17345.70911613
1484784000,887.49,910.03,883.49,900.29,12250.96954075
1484870400,901.56,904.86,883.06,895.74,8192.18814089
1484956800,896.14,931.01,893.89,924.02,10519.40100929
1485043200,924.3,939.8,892,923.72,16248.53869236
1485129600,923.72,928.82,905.99,905.99,8418.17665885
1485216000,908.41,927.34,884.2,886.1,17016.198208
1485302400,886.45,899.61,884.2,893.35,9193.54557856
1485388800,893.9,917.64,893.49,915.12,7205.62469133
1485475200,915.36,922.16,905.05,916.7,7789.90910971
1485561600,916.98,923.99,915.01,919.43,3034.7312686
1485648000,919.48,922.99,910.72,912.55,2337.50546206
1485734400,912.56,920.87,910.01,917.35,3085.34647886
1485820800,917.35,969.4,916.75,966.19,14722.54182782
1485907200,966.2,985,960.1,983.73,9852.89388692
1485993600,983.75,1010.6,970.1,1007,14186.43288319
1486080000,1007,1020.5,986.11,1015.7,15597.93335859
1486166400,1015.8,1040,1001.6,1031.1,11635.1315319
1486252800,1030.9,1033,995.1,1006.6,10587.45219276
1486339200,1007,1026.3,1006,1022.6,7388.46405497
1486425600,1022.8,1056.4,1021.7,1052.1,11452.58710758
1486512000,1052.5,1069.6,1007.1,1048.8,19146.73368224
1486598400,1049,1078,936.34,984.97,46749.37591561
1486684800,984.97,1002,949.36,992,19993.57891106
1486771200,992.01,1009,984.01,1000.1,7943.63559719
1486857600,1000,1005.6,992.33,996.01,3838.20467657
1486944000,996,1004.7,974.22,996.5,7626.55839254
1487030400,996.52,1019,988.6,1013.3,10227.17181419
1487116800,1013.4,1018.2,1002.3,1013.9,4313.82569346
1487203200,1013.9,1045.8,1013.9,1038.5,9110.32994069
1487289600,1037.2,1067.4,1033.1,1056.2,11833.36405293
1487376000,1056.9,1071.1,1053.1,1059.8,5812.56361142
1487462400,1059.1,1066,1045,1056.2,4712.0929316
1487548800,1056.3,1110,1040.1,1091.2,8546.90335481
1487635200,1091.8,1134,1085,1129.6,19964.3126505
1487721600,1130.1,1140,1106.4,1125.5,10448.26989934
1487808000,1125.6,1197,1116.5,1189.8,19966.51163771
1487894400,1189.5,1222.4,1110,1185.4,34205.70516945
1487980800,1185.4,1189.9,1131.3,1153,12691.35583445
1488067200,1153,1186.1,1130.7,1178.3,8900.96620632
1488153600,1178.7,1204,1170,1195.5,9067.35958452
1488240000,1195.7,1216,1176.6,1189.1,14192.80009289
1488326400,1189.1,1236.4,1186,1233.2,17558.02872695
1488412800,1233.7,1285.9,1212,1258,22360.45159956
1488499200,1258.5,1294.7,1256.2,1289.2,17581.20872525
1488585600,1289.2,1291.9,1240,1267.8,11385.21137255
1488672000,1267,1279.9,1245,1278.4,7237.92443239
1488758400,1278.5,1287.8,1268,1279.2,7431.06915464
1488844800,1279.3,1282,1185,1232.4,30693.43375157
1488931200,1232.3,1243.6,1142.1,1150,35610.73481574
1489017600,1149.4,1207.6,1136,1190.4,20627.00238183
1489104000,1190.3,1338.7,958.5,1115.4,57879.4167806
1489190400,1113,1196.6,1101.2,1172.4,24533.96604744
1489276800,1172.5,1232.7,1166.8,1224.4,14073.99053649
1489363200,1224.4,1247.3,1206.7,1238.5,17292.17324066
1489449600,1238.5,1258.8,1218.9,1245,14005.0870905
1489536000,1244.4,1263.9,1241,1256.1,14073.13577786
1489622400,1257.1,1259.7,1132.5,1168.6,51265.08181793
1489708800,1169.1,1169.8,1065,1070.4,59169.47212279
1489795200,1067.8,1097.9,935.11,971.5,87644.08477691
1489881600,971.53,1059,969.4,1016.5,40522.018716
1489968000,1016.1,1054.2,1011,1040.5,20530.25798948
1490054400,1040.5,1122.3,1039,1115.9,33231.98026995
1490140800,1115.7,1116,985.55,1039.1,41239.29910459
1490227200,1039.3,1055,1018,1032.7,19313.80401036
1490313600,1032.7,1034.6,928,942.13,43435.06880457
1490400000,942.14,981,888.2,972.17,45891.71419379
1490486400,972.17,1006,950.1,968.9,33176.51109465
1490572800,969,1046.9,960.1,1042.7,31912.1528851
1490659200,1042.8,1068.9,1016.2,1044.7,25157.13064305
1490745600,1044.7,1059,1008.5,1041.8,22314.1036262
1490832000,1041.7,1053.5,1021.2,1041.2,24801.83065039
1490918400,1041.2,1089.4,1035,1081.5,27429.58935853
1491004800,1081.3,1106.9,1070,1093.5,16980.13894674
1491091200,1093.3,1118.2,1080.9,1107.5,20350.62027771
1491177600,1107.6,1159.9,1107.5,1150.1,30321.56866251
1491264000,1150.2,1165.6,1124,1145.8,21126.96697581
1491350400,1145.7,1146.7,1111.2,1140.4,22535.18628495
1491436800,1140.5,1206.4,1140.3,1191.5,32162.08602848
1491523200,1191.5,1209,1176.7,1196.6,20436.71306063
1491609600,1196.4,1202.9,1171,1188.1,11019.14100271
1491696000,1188.1,1226.9,1179.4,1215.9,16311.2210083
1491782400,1216.3,1229.9,1208,1220.3,11550.76844005
1491868800,1220.2,1244.7,1209.1,1235.6,9556.43937579
1491955200,1235.9,1244.3,1221,1227.4,12009.36822367
1492041600,1227.4,1235.3,1163.3,1187,19137.280504
1492128000,1189.2,1219.2,1184,1206.8,12312.66932657
1492214400,1206.7,1215,1190,1193.3,9146.27230828
1492300800,1194,1217.6,1190.1,1212,4501.30140112
1492387200,1212.5,1247,1202,1240,15156.76221152
1492473600,1240,1274.8,1237,1265.4,16135.94720927
1492560000,1265.2,1272,1254.3,1260.5,7585.47446029
1492646400,1260.5,1326.9,1259.9,1308.5,15534.47674224
1492732800,1308.5,1333.1,1307,1327.1,7994.77137598
1492819200,1327,1354.9,1290,1346.4,12373.81020486
1492905600,1345.4,1359,1336,1355.2,7747.28495256
1492992000,1355.3,1359.6,1325,1345,7914.95740395
1493078400,1345,1378.5,1342.1,1371.1,8274.25031814
1493164800,1372.1,1411.7,1362.3,1400,11805.38500428
1493251200,1399.3,1449.7,1392.5,1440.3,10395.02292187
1493337600,1440.5,1447,1366,1415.6,14015.43950939
1493424000,1415.9,1439.5,1400.1,1423.6,8767.24728441
1493510400,1425.4,1443.7,1400.1,1435,8518.9989198
1493596800,1435.3,1560,1432,1533,22303.89732055
1493683200,1533,1604.6,1473,1558.5,16733.9475974
1493769600,1560,1627,1541.9,1619,17068.49027999
1493856000,1619.6,1702,1519,1607.1,31487.71699676
1493942400,1607.2,1665.9,1505,1545.1,32641.02704637
1494028800,1545,1605.1,1540.1,1597,14002.5669
1494115200,1597,1632.5,1575.1,1619.9,13909.04677547
1494201600,1620,1715,1618.9,1703.5,19909.47185591
1494288000,1703.4,1815,1695.1,1760,31202.81048677
1494374400,1760,1817.4,1722.3,1796.9,18622.84844555
1494460800,1796.1,1908.1,1763.6,1853.9,24389.39343368
1494547200,1854,1864.8,1700.2,1735,21392.73262638
1494633600,1733.7,1825,1666,1819.5,16603.9258002
1494720000,1820.6,1852.4,1775.2,1827.3,11331.40639494
1494806400,1827.3,1830.4,1719,1772,15743.5658049
1494892800,1772,1795.1,1728,1786.2,9860.53922835
1494979200,1785.4,1894,1766.3,1870,15902.67268056
1495065600,1870,1954.6,1861,1941.5,12907.31444238
1495152000,1941.9,2000,1925,1966.5,23001.54277259
1495238400,1966.5,2072.2,1962.9,2059.3,21690.02239317
1495324800,2059.3,2099.1,2000.1,2026.6,17221.8786751
1495411200,2027,2222.2,1978,2087.3,57231.82424294
1495497600,2087.3,2264.2,2060,2249.6,22521.55913805
1495584000,2249.2,2444.9,2246.1,2395.5,29620.82784304
1495670400,2395.5,2690,2141.1,2268.1,55075.88172227
1495756800,2268.2,2477,2007,2125.9,39694.88825283
1495843200,2126,2210.8,1810,1980.2,47132.38673002
1495929600,1979.9,2194.4,1950,2056.9,25758.21791361
1496016000,2056.8,2249.8,1990,2207.4,16455.47155728
1496102400,2207,2265,2080.1,2146.7,21448.63349515
1496188800,2146.8,2241,2000,2191.82545389,21235.80538279
1496275200,2191.60075499,2368.2,2187.3,2312,18959.51293368
1496361600,2311.9,2408,2262.8,2405.9,12549.64323152
1496448000,2404.7,2481.2,2347.6,2461,10767.96190593
1496534400,2461.6,2498,2365,2488.2,11880.38342039
1496620800,2488.2,2649.5,2480,2636.9,15390.43178474
1496707200,2636.7,2899.7,2620,2844.6,42676.36640127
1496793600,2844.7,2850,2600.1,2644,22094.38822838
1496880000,2644.1,2789.5,2527,2781.5,16934.25044584
1496966400,2783.2,2849.8,2763.9,2809,9521.11676705
1497052800,2809,2890.5,2711.1,2806,16131.16167834
1497139200,2810.6,3003,2793.4,2941.8,19010.08284277
1497225600,2938.8,2962.2,2284.4,2569.6,48244.45423786
1497312000,2569,2730,2528.1,2677.1,23170.00589906
1497398400,2677.1,2722.42278245,2280,2394.3,34700.57732966
1497484800,2393.3,2455,2046,2377.5,55813.336143
1497571200,2378.7,2487,2257.8,2437.5,22392.20746295
1497657600,2437.5,2636.9,2368.1,2610.1,16637.61754264
1497744000,2610,2640,2420,2491.4,19988.11424755
1497830400,2491.5,2593.9,2480,2582,13717.65859103
1497916800,2582,2780,2568.2,2715.3,20547.51836929
1498003200,2713.6,2760,2572.3,2624.4,24533.84286573
1498089600,2621.9,2709,2554.8,2672.8,15181.54910803
1498176000,2672.8,2726,2652,2674.9,8139.20707834
1498262400,2673.1,2700,2452.86920686,2502.6,16769.84909979
1498348800,2504.9,2595,2368.3,2483.3,18137.01213291
1498435200,2483,2510.4,2258.7,2393.6,36363.6725515
1498521600,2393.5,2524,2207.8,2521.2,33482.9610536
1498608000,2521.2,2566.8,2403.2,2518.2,21827.13197108
1498694400,2518.5,2537.8,2424,2472.4,12961.9523678
1498780800,2472.3,2511.1,2404,2420.6,10401.06823533
1498867200,2420.6,2441,2291,2346.2,15078.36493687
1498953600,2346.1,2476.3,2302,2445.1,12018.5746451
1499040000,2445.1,2587.4,2416.2,2524,16139.95034076
1499126400,2525.7,2628.6,2511,2579.9,15746.22101444
1499212800,2579.9,2619,2477.9,2598.6,13529.04456134
1499299200,2598.5,2607.1,2546,2593.2,9799.24110143
1499385600,2592.9,2598.8,2447,2479.3,17684.0187603
1499472000,2479.4,2542.6,2436.1,2542,9695.56666625
1499558400,2542,2555.7,2470.8,2477.9,7783.15800355
1499644800,2480.5,2499.9,2236.6,2318.3,28087.99805426
1499731200,2318.3,2375,2182,2283.8,33052.1904417
1499817600,2285.5,2397,2190,2375.6,21670.26048445
1499904000,2374.2,2400,2293.1,2330.1,18420.25303352
1499990400,2330.1,2345.6,2138,2206.5,27733.30913234
1500076800,2206.5,2210.1,1975.1,1978.6,41668.00770202
1500163200,1978.5,2051.1,1826.2,1925,52991.93966033
1500249600,1925,2223.5,1923.2,2220,40435.4926356
1500336000,2220,2380.2,2139,2302.8,44159.335636
1500422400,2300.4,2400,2213.9,2253.4,35709.77342774
1500508800,2253.3,2922,2253.3,2865.1,83333.9679179
1500595200,2874.4,2890,2615,2659,56765.99968021
1500681600,2659.7,2917,2642.8,2844.7,35162.07622308
1500768000,2844.7,2877.5,2655,2750.1,34714.22909363
1500854400,2749.2,2812,2707.1,2769.7,20695.51603455
1500940800,2769.7,2790.1,2417,2560.9,56100.38383885
1501027200,2560.9,2612,2404,2527.73811996,34182.49178777
1501113600,2527.73811996,2682.2,2511,2664.6,31310.77712358
1501200000,2664.6,2820,2655.5,2784.8,40385.72797494
1501286400,2784.9,2794.2,2662,2713.1,24035.13998386
1501372800,2713.3,2760,2582.9,2748.2,34338.29587535
1501459200,2748.2,2883.5,2694.4,2854.3,27528.80060903
1501545600,2854.1,2902.2,2604,2731.3,42207.07888002
1501632000,2731.9,2758,2610,2702,23361.29902348
1501718400,2702.2,2820,2698,2790.3,16850.84306764
1501804800,2790.4,2876,2762.1,2860,18974.32062091
1501891200,2860,3339.5,2853.3,3252.3,49859.80735959
1501977600,3252.3,3315.5,3155.8,3232.1,16905.76153388
1502064000,3232,3440,3190,3396,24521.68716132
1502150400,3395.9,3483.8,3340,3415,31349.62006987
1502236800,3415,3430,3235.1,3340.4,26165.76494893
1502323200,3340.3,3447,3310,3405,18576.05408296
1502409600,3404.9,3695,3380,3643.4,26275.77180949
1502496000,3642.4,3970.1,3589.5,3866.2,37513.45156765
1502582400,3865.7,4190,3834.2,4061.6,47787.6990341
1502668800,4061,4330.3,3951,4320.8,34037.58333722
1502755200,4321,4430,3832.5,4151.8,63314.51330987
1502841600,4151.9,4405,3925.1,4386.4,35134.06066709
1502928000,4386.3,4492.3,4152,4263,39287.81517017
1503014400,4262.9,4360,3954,4090.1,45819.10467359
1503100800,4090.1,4187,3907,4145,41315.74075411
1503187200,4145.1,4199.9,3975.1,4063.1,24085.49744286
1503273600,4059.6,4094.7,3951,3998.2,26316.97680342
1503360000,3997.6,4141.9,3599,4081.9,59688.15182919
1503446400,4083.9,4255.2,4045,4130.2,26974.83917496
1503532800,4130.8,4381,4089.9,4322.1,22037.77761334
1503619200,4322.1,4464.2,4250,4351.5,25219.44341439
1503705600,4351.3,4364,4240.7,4340.4,14744.77100099
1503792000,4341.5,4406.7,4304.4,4335.2,11138.04365696
1503878400,4333.8,4395.5,4175,4385.1,20450.34754333
1503964800,4385.2,4648.8,4325.1,4587.1,31063.47696933
1504051200,4587.1,4643,4481,4568,16893.64184346
1504137600,4568,4749.9,4566.9,4718.3,18019.76467929
1504224000,4718.2,4936.9,4660,4907.7,28521.2876873
1504310400,4909.2,4970,4400.1,4532.3,53138.5746491
1504396800,4534.3,4699.9,4331,4598.5,32942.52015687
1504483200,4598,4611.6,4052,4205,58239.4905279
1504569600,4207.5,4471,3900.1,4375,57063.58226665
1504656000,4375,4633.7,4352.4,4595.8,38903.57663481
1504742400,4592.6,4675,4455.1,4613.7,23053.56054161
1504828800,4613.6,4694.9,4105,4304,60393.09224683
1504915200,4304.1,4395.2,4151,4315.9,31020.53734678
1505001600,4315.4,4330,3974.1,4233.9,44910.86123564
1505088000,4233.5,4383.2,4123,4198.7,30699.04954869
1505174400,4200.5,4379,4050,4149.4,39814.84483122
1505260800,4149.4,4160,3731.7,3849.7,70407.54740398
1505347200,3849.7,3917.2,3204.7,3235.3,126171.40355281
1505433600,3235.4,3809,2980.4,3697.1,180358.27550143
1505520000,3697,3875,3511.1,3681.5,69856.13053332
1505606400,3679.6,3782,3465.1,3666.6,36536.19911582
1505692800,3666.9,4119,3666.9,4084.4,57641.11684725
1505779200,4084.3,4114,3836.2,3892.2,47239.94829802
1505865600,3892.6,4049,3829,3872.4,30194.17536632
1505952000,3874.8,3905,3560,3596.7,55180.12688641
1506038400,3600,3748,3490,3602.3,47742.49576553
1506124800,3597.9,3808.7,3555,3779.6,25122.37305908
1506211200,3779.3,3783,3615.5,3654.7,20585.52669685
1506297600,3654.4,3977,3653.7,3930.1,38587.78186932
1506384000,3930,3985,3838,3881.5,20876.14416148
1506470400,3881.7,4229.5,3876.7,4209.7,45837.46243536
1506556800,4207.5,4269,4120,4190,35758.33513616
1506643200,4190,4245,4024.4,4168,38391.9360521
1506729600,4167.6,4397,4160,4367.1,30763.02547283
1506816000,4367.1,4424,4248.6,4404.3,26951.65001229
1506902400,4404.3,4482,4359,4400.2,28223.9666814
1506988800,4400.2,4439.9,4210.1,4310.6,27963.24666318
1507075200,4309.6,4359.2,4174.3,4215.9,26137.72954139
1507161600,4215.9,4372.3,4133,4312,24928.99541615
1507248000,4311.9,4425.8,4282.2,4370,25426.27968614
1507334400,4370,4500,4309,4435.6,14743.36132086
1507420800,4435.9,4632.4,4416.3,4611.9,28865.5940045
1507507200,4611.8,4879.8,4551,4782.3,46939.61001754
1507593600,4782.3,4940,4716.4,4777.7,42487.35235097
1507680000,4777.1,4881.4,4715,4824.9,28499.0152818
1507766400,4824.9,5445,4815,5440,76661.61324036
1507852800,5440,5920,5369.4,5636.8,96307.82946007
1507939200,5636.8,5857.4,5564.3,5833.5,36440.6884032
1508025600,5834.9,5877,5450,5713.9,54806.71500311
1508112000,5712.1,5810,5570,5764.8,31139.13424273
1508198400,5764.7,5779,5511,5597.1,30896.1403004
1508284800,5597.2,5597.9,5114,5567,65702.51542942
1508371200,5568.1,5744,5505.5,5694.2,37027.31235011
1508457600,5694.1,6088.4,5603.3,5983.8,59821.86390788
1508544000,5983.7,6199.9,5862.8,6005.1,50943.95696782
1508630400,6005.9,6075,5705,5981.3,50221.5317227
1508716800,5982.4,6055,5621,5907.3,61447.99619427
1508803200,5907.3,5907.3,5457.4,5510,60849.37971173
1508889600,5510,5746.9,5365.3,5724.1,43788.12049902
1508976000,5724.2,5966.6,5667.5,5890,41667.4579799
1509062400,5889.9,6020,5681,5759.7,37598.41147664
1509148800,5759.8,5864,5632,5720.3,25907.63892907
1509235200,5719.7,6345,5660,6150,57431.42526873
1509321600,6150,6239,6006.2,6130,31713.80175548
1509408000,6127.9,6481.5,6082.5,6455.1,36830.91407749
1509494400,6455,6739.9,6344.5,6739.6,56055.60310481
1509580800,6739.2,7350,6707.3,7018.8,95337.13072268
1509667200,7018.8,7448,6917,7132,58874.65149137
1509753600,7132,7530,6930.1,7369.9,47110.17318578
1509840000,7370,7598,7272,7366.7,42997.14373425
1509926400,7365.6,7440,6911,6956.5,61143.43293071
1510012800,6955.2,7220,6948,7102,37281.11359717
1510099200,7102.1,7899.9,6977.4,7446.1,91785.78225163
1510185600,7446,7450,7000,7126.4,48054.02133323
1510272000,7126.4,7324,6405,6548,82742.58964662
1510358400,6545,6789,6163.2,6302.7,71085.46989066
1510444800,6299,6469.6,5400.2,5810.7,167568.47730024
1510531200,5810,6682,5780,6476.5,109331.3188707
1510617600,6476.6,6689.5,6301,6590,49289.89239328
1510704000,6590,7319,6589.9,7265.84095228,69199.4608641
1510790400,7263.5,8020,7091,7865.2,79633.38130431
1510876800,7867.3,8040,7505,7675.9,74646.03702447
1510963200,7674.1,7867.8,7412,7773.3,40031.96714345
1511049600,7773.2,8130,7650,8052.7,36491.61618996
1511136000,8052.6,8315,7925,8248.8,37370.17692527
1511222400,8249,8380,7760,8096.9,66282.77959197
1511308800,8096.8,8310,8055,8230,28768.37485155
1511395200,8230.1,8268,7970,7977.1,31237.16782399
1511481600,7977.73459081,8352.1,7871,8191.7,42228.57927032
1511568000,8189.5,8770,8131.6,8753.4,43550.63684364
1511654400,8753.6,9495,8746.9,9305.1,66451.15220905
1511740800,9306.6,9771,9231,9723.6,65032.75232893
1511827200,9722.9,9999,9580.8,9892.1,45295.702001
1511913600,9895.2,11441,9000,9766.1,160405.76534589
1512000000,9766.1,10542,8821,9907,124411.91459368
1512086400,9907,10950,9370.1,10860,82682.25157154
1512172800,10861,11190,10621,10880,47105.5304321
1512259200,10881,11874,10201,11162,68761.61829278
1512345600,11161,11599,10718,11599,60821.27575522
1512432000,11598,11961,11405,11592,46014.61404532
1512518400,11591,13599,11590,13509,79897.48245928
1512604800,13509,16649,13139,16609,134710.45093996
1512691200,16608,17171,13722,15822,124038.75380736
1512777600,15843,16300,13010,14661,77819.29896123
1512864000,14679,15741,12730.63686141,14960,107144.74531783
1512950400,14939,17450,14927,16753,78076.81828266
1513036800,16753,17579,16210,16972,52033.48316627
1513123200,16968,17293,15632,16171,62873.93425795
1513209600,16176,16999,15851,16384,45731.14774782
1513296000,16384,18111,16349,17569,63123.54968782
1513382400,17569,19550,17050,19210,48267.92073506
1513468800,19209,19891,18622,18960,51803.96368941
1513555200,18956,19175,18010,18928,53568.50604739
1513641600,18924,18987,16400,17345,66651.87840732
1513728000,17344,17709,15500,16425,82156.87188401
1513814400,16425,17333,14801,15645,65594.82358257
1513900800,15645,15842.42999525,10700,13173,178636.92421001
1513987200,13173,14999,12521,14035,59928.80576678
1514073600,14036,14050,11600,13477,72382.22428346
1514160000,13503,14278,12675,13633,45609.49611512
1514246400,13634,16060,13531,15680,63432.8171847
1514332800,15680,16494,14454,15375,54988.63685289
1514419200,15374,15468,13145,14323,72902.7518229
1514505600,14324,15131,13826,14304,47997.44310277
1514592000,14304,14417,11651,12384,75442.16785566
1514678400,12385,14210,12166,13769,43270.25129356
1514764800,13763,13893,12777,13376,29564.92955226
1514851200,13375,15500,12795,14722,56192.95272942
1514937600,14717,15428.83091885,14500,15150,38358.37345226
1515024000,15150,15422.15785315,14060,15159,46479.98264264
1515110400,15159,17105,14725,16911,54627.60106518
1515196800,16912,17252,16251,17169,29616.48524759
1515283200,17165,17178,15712,16215.35727958,30838.08496089
1515369600,16213,16329,13755,14906,64952.71702253
1515456000,14911,15355,14122,14425,43436.35228305
1515542400,14429,14901,13300,14900,57332.64613851
1515628800,14900,14999,12639,13254,71695.39341684
1515715200,13253,14100,12751,13794,37423.47346585
1515801600,13790,14580,13750,14199,29006.20195027
1515888000,14192,14393,12874.34212454,13558,35602.02327452
1515974400,13554,14356,13300,13601,33507.90572265
1516060800,13602,13617,9940,11065,131832.52144202
1516147200,11065,11497,9231.1,11108,132242.8879394
1516233600,11113,11904,10515,11030,85205.02453748
1516320000,11031,11900,10647,11476,48550.29998555
1516406400,11477,13017,11407,12731,46302.63241255
1516492800,12731,12732,11015,11514,53624.38681432
1516579200,11513,11900,10009,10779,66353.71775118
1516665600,10779,11427,9900,10811,63851.92778121
1516752000,10812,11557.88958366,10430,11391,43857.62788588
1516838400,11390,11734,10845,11147,34411.83155151
1516924800,11147,11700,10276,11070,56747.00561351
1517011200,11069,11689,10800,11458,34400.30046139
1517097600,11458,12190,11390,11828,29622.62450128
1517184000,11835,11975,11070,11217.81768538,25648.29835264
1517270400,11217.81768538,11250,9860.4,10171,61285.95988124
1517356800,10171,10414,9760,10267,43232.31052511
1517443200,10268,10336,8941,9181,78778.32009414
1517529600,9181,9213,7960,8890.9,123340.81540421
1517616000,8890,9499,8180,9225.06926588,51910.03301381
1517702400,9223.9,9410,7809,8185.2,74417.19860811
1517788800,8185.2,8380,6651,6946.6,131291.80006036
1517875200,6948.6,7880,6000,7678.8,192767.51589836
1517961600,7677.2,8488.9,7175.1,7586.9,106698.94897463
1518048000,7585,8648.9,7565,8239.7,77616.13731753
1518134400,8239.8,8750,7724.9,8678.1,63038.20332767
1518220800,8679.1,9074.9,8151.3,8563,68145.76424786
1518307200,8563,8570,7851,8069.3,52226.57572134
1518393600,8070.7,9000,8069.57681296,8902.9,51386.55107161
1518480000,8902.8,8952.9,8313.52192073,8511.6,39510.97625897
1518566400,8512.1,9489,8512.1,9455.5,50355.10445747
1518652800,9452.8,10176,9338,9996,67559.44509757
1518739200,9996,10271,9670,10162,43868.07343595
1518825600,10161,11084,10049,11062,52814.53068791
1518912000,11062,11250,10122,10400,69821.77417197
1518998400,10399,11250,10308,11172,50701.38956789
1519084800,11172,11788,11100,11211,60919.59904305
1519171200,11212,11239,10200,10450,76960.8730687
1519257600,10451,10915,9740,9826.5,71231.4916942
1519344000,9826.4,10395,9583.1,10144,59075.59263978
1519430400,10143,10500,9350.3,9666.3,55697.19406067
1519516800,9665.6,9840,9280.4,9583,30561.64547224
1519603200,9579,10439,9359.9,10320,45959.25163133
1519689600,10321,10888,10125,10582,39700.54163029
1519776000,10583,11065,10261,10315,43849.4721757
1519862400,10314,11095,10210,10908,33869.22445966
1519948800,10920,11189,10762,11024,28855.82862948
1520035200,11025,11530,11025,11454.95955159,30650.73751883
1520121600,11454,11549,11050,11500,28076.33766207
1520208000,11500,11700,11356,11402,27673.45862513
1520294400,11402,11411,10567,10720,44204.34909731
1520380800,10719,10899,9400,9910.6,75229.1298207
1520467200,9910.5,10112,9025,9300,67737.89183319
1520553600,9300,9428,8342,9216.2,98205.16078558
1520640000,9216.1,9506.4,8670.9,8769.9,52532.10288514
1520726400,8772.5,9729,8428,9527.7,70479.03366867
1520812800,9525.9,9900,8770,9130.2,67561.08136649
1520899200,9130.2,9482.4,8822,9135.2,61535.84281184
1520985600,9136,9439.6,7916,8176,78853.59717725
1521072000,8175.6,8418,7665.1,8250.1,82546.4115633
1521158400,8249.5,8604.5,7902,8250,56404.93713158
1521244800,8250,8367,7728.1,7845,48918.44713816
1521331200,7838.6,8300,7240,8200.3,88941.82113808
1521417600,8200.3,8717,8085.7,8600.2,73251.92027749
1521504000,8600.2,9040,8305.1,8899.7,54284.58176604
1521590400,8899.8,9177.5,8752,8888.2,36825.6486453
1521676800,8888.3,9095.92211691,8450,8699.3,40666.51750038
1521763200,8696,8917.6,8271.1,8914.4,35489.49964724
1521849600,8917.2,9050.3,8460,8522.6,35409.65531391
1521936000,8521.6,8674.4,8364.8,8445,23490.79929311
1522022400,8445.3,8499.1,7835.9,8131.12312438,41319.32281935
1522108800,8133.2,8210,7716.6,7784.6,41502.25717373
1522195200,7785,8120.2,7702.1,7936,27949.81034184
1522281600,7936.1,7973,6883,7094,66181.76463901
1522368000,7094,7269,6533,6840.4,94683.82600229
1522454400,6838,7222,6780.06217933,6925.4,56303.61829463
1522540800,6925.3,7035.1,6425.1,6816.6,41642.57345028
1522627200,6816.7,7132,6769.4,7053.3,36230.08773941
1522713600,7053.4,7509.7,7019.9,7405.6,37406.45281585
1522800000,7405.6,7422,6670,6786,39315.73808472
1522886400,6785.9,6938,6565,6769,36427.95524133
1522972800,6770.4,6864,6500.2,6610,31374.12563188
1523059200,6610.3,7080,6599.9,6892.6,31454.18678836
1523145600,6892.62150518,7127,6883,7023.9,26602.66740826
1523232000,7023.9,7189,6611,6770.1,63914.80194437
1523318400,6770.1,6897.4,6650,6837.1,20954.90895694
1523404800,6836.1,7017.4,6794,6943.1,28066.77075711
1523491200,6943.1,8087,6753,7912,94578.84574316
1523577600,7911.9,8240,7739.1,7886.9,59903.05842061
1523664000,7889.2,8185,7820.5,8005.90324308,26520.47168413
1523750400,8007.13719858,8458.8,7997.2,8357.5,31903.36342454
1523836800,8357.4,8415.5,7900.3,8056.2,37556.90539263
1523923200,8056.2,8185,7823,7888.9,28238.53189988
1524009600,7888.9,8237.2,7870.5,8171,29561.23299016
1524096000,8172.7,8297.4,8032.2,8273,29215.2781057
1524182400,8273.6,8937.5,8219,8865.4,50910.48764688
1524268800,8863.3,9069,8616,8912.5,39569.36259725
1524355200,8912.4,9048.2,8751.08522139,8791.4,31444.63142715
1524441600,8791.4,9011,8769,8940,23257.40469698
1524528000,8940.3,9745,8929.9,9646.8,60351.4363934
1524614400,9646.9,9767.4,8765.1,8869.2,74563.78705265
1524700800,8867.4,9308,8652.2,9269.9,43219.8251838
1524787200,9268.9,9381.1,8888.6,8920.1,30153.53624396
1524873600,8920.1,9500,8750,9345.7,45082.68295707
1524960000,9345.3,9565.1,9180,9400,27317.18897012
1525046400,9400,9450,9100,9240.6,23272.44121328
1525132800,9240.6,9247.3,8817.97469512,9068.2,25618.29910968
1525219200,9071.3,9279.9,8968.3,9236.4,20183.06924246
1525305600,9236.4,9875,9161,9759,36486.07108191
1525392000,9759,9848,9542.5,9703,24541.75830006
1525478400,9703,9990,9685,9861.2,29515.17033612
1525564800,9861.3,9964,9454,9658.7,26926.62708883
1525651200,9658.6,9677.9,9182.7,9370,25777.51751859
1525737600,9370,9471,9045.3,9184.7,25856.47774346
1525824000,9184.8,9375.8,8980,9318.2,22806.83809363
1525910400,9318.2,9393.9,9003,9018,23656.32064121
1525996800,9018,9018.1,8333.8,8412.4,54491.37206262
1526083200,8412.4,8631.7,8204.40576219,8470.8,36656.11285429
1526169600,8471.4,8760,8318.3,8683.6,22901.02790398
1526256000,8683.5,8884.5,8271,8670.8,37154.66777466
1526342400,8670.8,8855.7,8415,8467.5,26208.30282469
1526428800,8468.3,8492.7,8100,8336.1,32761.81738899
1526515200,8336,8482.2,7982.5,8054.3,25198.75333045
1526601600,8054.8,8277.2,7925,8238.9,23441.86359754
1526688000,8239,8468,8140.2,8231,14145.51584136
1526774400,8230.9,8597.9,8171.5,8523.7,15500.06161263
1526860800,8523.7,8644,8309.1,8399.6,17243.42785131
1526947200,8393.4,8408.28483299,7943.3,7977.85004461,20533.75166684
1527033600,7977.5,8020,7402.7,7494.8,41682.56642389
1527120000,7494.75035778,7729.83193573,7260,7576.7,38874.00093748
1527206400,7576.7,7654.1,7318.2,7456.7,25874.77784019
1527292800,7457,7624.1,7281,7327.7,13810.01732345
1527379200,7328.3,7425.4,7211.1,7339.7,16174.92718596
1527465600,7339.6,7437.7,7062.3,7097.9,26677.86919628
1527552000,7097.8,7536,7040,7465.2,27898.86827943
1527638400,7465.3,7560,7270.5,7375.12085307,22083.1286555
1527724800,7375.2,7599.7,7338,7485.8,19464.90994361
1527811200,7485.9,7599.8,7329.18847938,7521,19041.11552011
1527897600,7521.1,7698.8,7441.5,7638.1,17363.61246282
1527984000,7638,7779,7600,7718,13794.54197784
1528070400,7718.1,7764,7451.1,7488.3,18132.68188151
1528156800,7488.4,7675,7372,7621.9,16738.81068202
1528243200,7622.2,7700,7491.7,7654,18269.76321759
1528329600,7654,7756.3,7624.7,7688.9,11037.50621419
1528416000,7689,7697,7543.6,7615.1,12197.84324961
1528502400,7615.2,7685,7450,7498.5,7242.26022178
1528588800,7498.5,7498.6,6618.9,6758,57822.89152512
1528675200,6757.9,6899,6629.7,6873.3,22377.74129318
1528761600,6873.4,6873.4,6436.1,6543.9,32008.31280289
1528848000,6543.9,6611.7,6107.87718467,6295.1,45577.5818617
1528934400,6295,6736.52103872,6269.5,6633.7,33064.78236384
1529020800,6633.8,6659,6300.2,6385,21286.50090833
1529107200,6386,6559.7,6330,6485.9,13697.17619407
1529193600,6489,6573,6424.8,6438.4,9441.01666592
1529280000,6443,6849.7,6370.76958739,6709.2,26388.77690252
1529366400,6709.2,6848.2,6655,6735.5,17375.77019893
1529452800,6734.8,6825,6560,6760.4,18710.81266634
1529539200,6760.4,6788.8,6679.3,6715.2,10651.51052388
1529625600,6715.2,6731,5910.8,6042.6,55250.23591312
1529712000,6042.6,6259,6013,6151.92764906,20704.40327842
1529798400,6152,6249.7,5755,6148.0390596,45503.78957212
1529884800,6148.1,6341,6068.5,6246.6,27914.04128798
1529971200,6249.1,6280.8,6050.2,6073.4,18843.10466423
1530057600,6073.4,6192.7,5984.9,6133.08668215,18270.22724176
1530144000,6133.08668215,6170.9,5822.3,5848.1,17949.126096
1530230400,5850,6302,5780,6208.1,33933.19090224
1530316800,6208.2,6545.5,6195.2,6391.5,23879.20965955
1530403200,6391.6,6439.9,6260,6349.7,11380.24355273
1530489600,6349.3,6681.2,6275,6617.6,26915.25482506
1530576000,6617.2,6675.2,6470.5,6509,17272.5256209
1530662400,6509.3,6784.9,6414.1,6590,22494.26066353
1530748800,6589.9,6704.7,6423.4,6531.3,23150.04261631
1530835200,6532.4,6641.78437543,6451.9,6602.2,14951.20398901
1530921600,6602.2,6839.4,6511,6761.8,15296.13130813
1531008000,6761.7,6801.9,6666.1,6707,13709.87022745
1531094400,6707,6820,6616.6,6666.9,16304.25057021
1531180800,6667,6685.8,6260.1,6301.8,28022.17128845
1531267200,6301.8,6407.9,6286.3,6377.8,16406.84890675
1531353600,6377.7,6377.7,6079.9,6249,24993.91896865
1531440000,6249,6339.9,6125,6220,20085.52601281
1531526400,6219.7,6320,6179.2,6250,8904.96079449
1531612800,6250,6389,6230.3,6347.2,10997.92007258
1531699200,6347.2,6750,6327.1,6729.2,31001.88370638
1531785600,6729.2,7483.9,6666,7319.8,48125.1686294
1531872000,7319.8,7588,7246.5,7379.4,39618.93100468
1531958400,7379.7,7560,7281.4,7473.5,22194.1907799
1532044800,7473.5,7685.2,7273.1,7333.1,32744.68094293
1532131200,7333.1,7459,7221,7403.4,11412.43123891
1532217600,7403.3,7575,7329.1,7397.6,17184.04306544
1532304000,7398.7,7820,7374,7719.8,47517.72957085
1532390400,7718.9,8506.7,7690,8390,64736.6298672
1532476800,8389.9,8488.1,8073,8178.4,36972.15077733
1532563200,8175.6,8323.1,7869.6,7939,32809.57622714
1532649600,7939,8291,7815.08505617,8188,34223.94888331
1532736000,8187.9,8262,8055,8235.6,13681.6212255
1532822400,8235.7,8313.3,8123,8221,10190.34115538
1532908800,8220.1,8301.7283857,7861.2,8179.5,37580.30736231
1532995200,8178.9,8178.9,7664.8977045,7731.3,43560.67997661
1533081600,7737.9,7756.1,7440.2,7606,30739.38633855
1533168000,7606.6,7713,7450,7535.2,17682.62908976
1533254400,7533.3,7533.3,7282.1,7420,30882.54226465
1533340800,7420.3,7492.2,6928.8,7013.21565493,31690.26277248
1533427200,7013.21567835,7090,6890,7025.8,17680.66564559
1533513600,7025.2,7153.6,6847,6941.2,18120.47113438
1533600000,6941.3,7150,6677,6718.8,32246.21704777
1533686400,6718.7,6720.1,6128.2,6280.7,53882.16435117
1533772800,6280.7,6628,6183,6533.6,33388.96116206
1533859200,6533.6,6573.8,6010,6146.7,43492.06745166
1533945600,6147.1,6499.5,6008.1,6233.1,36859.25076257
1534032000,6233.1,6499,6162,6313.9,23052.41984224
1534118400,6313.9,6548.3,6137.6,6251.9,32330.83409617
1534204800,6251.9,6251.9,5858.6,6189,52699.45449514
1534291200,6189,6647.6,6180.00532947,6270.2,66221.75457258
1534377600,6270.2,6476.7,6212.9,6315.6,25120.40094571
1534464000,6314.6,6592.9,6290,6584.04649746,26770.07872818
1534550400,6585.9,6619.5,6300,6391.2,19731.24782486
1534636800,6391.1,6550.3,6309.3,6485.1,15354.06077899
1534723200,6485.1,6524,6230,6255.9,31723.09333823
1534809600,6255.9,6526.2,6245,6479.1,29502.96302149
1534896000,6480.6,6899,6250.3,6363.8,58965.95637272
1534982400,6363.8,6566.63554152,6350,6527.2,19945.67148007
1535068800,6527.2,6728.6,6451,6693.6,20203.72476298
1535155200,6693.3,6799.7,6670,6732.9,16877.24682364
1535241600,6733,6789,6557,6707,16762.38073037
1535328000,6707,6942.2,6652.7,6909.4,24210.36747249
1535414400,6909.5,7127.9,6872,7079.9,30066.23846971
1535500800,7079.7,7139.4,6924.26926081,7039,19976.74975784
1535587200,7039.0020077,7060,6802.1,6986,24594.18385269
1535673600,6986.1,7100,6881.6,7014.6,19124.18541091
1535760000,7013.5,7269.9,7011.3,7197.4,21397.10480916
1535846400,7197.5,7429.2,7135.3,7300,44681.53808284
1535932800,7300.1,7369,7200,7267.8,22308.27099887
1536019200,7267.6,7415.4,7246.2,7358.9,20838.9735275
1536105600,7358.9,7404,6700,6704,55776.25998054
1536192000,6704,6731.3,6302.2,6516.1,53002.51715838
1536278400,6516,6549.5,6322.8,6397,20748.83818417
1536364800,6397,6475.5,6119.5,6184.944416,21852.7537752
1536451200,6185,6458.9,6140.5,6239.9,16462.59491812
1536537600,6240,6373.6771888,6219,6314.9,14490.24858972
1536624000,6314.9,6399.6,6170,6290.9,16606.57390607
1536710400,6292.3,6355,6202.8,6332.41672182,16194.12267324
1536796800,6334.2,6528.4,6333.4,6489,19245.81446084
1536883200,6489.1,6596.5,6355.2,6480.1,16371.77229539
1536969600,6480.2,6572.2,6465.6,6512.8,8359.64217691
1537056000,6512.8,6520.6,6370.2,6498.4,8728.54934508
1537142400,6498.5,6543.3,6202.8,6252,23545.71896513
1537228800,6251.9,6384,6228.1,6335.4,16082.08007503
1537315200,6334.5,6549.9,6100,6390.9,29900.60492905
1537401600,6392.7,6584,6340,6493.9074816,16688.38643048
1537488000,6493.94240058,6790.5,6473.8,6762.1,36993.67158762
1537574400,6761.8,6840.9,6502.2,6723,18261.03841301
1537660800,6723.1,6785.9,6661.5,6710,8513.9874463
1537747200,6710.03023581,6721.7,6555,6585.1,17766.50651821
1537833600,6585,6585.1,6328,6442.8,20238.00132181
1537920000,6442.70984901,6558,6382.5,6462.4,13811.66757362
1538006400,6462.3,6745,6436.7,6691.2,18368.03319086
1538092800,6691.4,6826.41966538,6541.9,6635.2,27892.96665576
1538179200,6635.1,6635.1,6454.2,6597.3,17305.62689609
1538265600,6597.2,6662.8,6529.6,6622.4,8494.15367217
1538352000,6622.3,6660,6500,6601.9,10358.01159668
1538438400,6602,6644.7,6467.9,6527.5,12037.34795378
1538524800,6530.1,6555.1,6424.6,6503.2,14574.47382217
1538611200,6503.1,6648.8,6495.2,6590.4,11471.88189457
1538697600,6591.1,6741.4366438,6506.6,6639.9,12447.96376063
1538784000,6639.9,6648.2,6563.7,6595.2,5805.93011072
1538870400,6595.1,6640.4,6525,6609.4,5815.84752757
1538956800,6609.4,6730,6585.9,6673.2,12698.95429863
1539043200,6673.3,6682,6605,6663,8062.04705402
1539129600,6663,6663.1,6513.52952635,6630.07445752,13830.60692353
1539216000,6630,6630.07445752,6220.4,6251.9,41603.25517063
1539302400,6251.9,6353.4,6220.3,6291.9,10404.9017863
1539388800,6292,6333.7,6280.3,6326.5,5818.15127352
1539475200,6326.4,6399.3,6302.5,6336.4,11230.37375956
1539561600,6336.4,7788,6294.6,6742,85004.09013966
1539648000,6742,6897.6,6669.1,6754.2,15664.78024732
1539734400,6754.2,6794,6674.3,6736,8881.72240553
1539820800,6735.6,6779.9,6566.7,6613.2,12537.27772909
1539907200,6613.3,6639.5,6518.2,6525.1,11238.91666536
1539993600,6524.3,6611,6511,6581.5,4647.7118996
1540080000,6586.7,6660.8,6581.2,6590.9,4419.77909688
1540166400,6590.053594,6627.9,6535.1,6567.3,6072.66381619
1540252800,6567.3,6591.6,6525.3,6550,8864.25252889
1540339200,6550,6626.3,6536,6554.1,8522.94129783
1540425600,6554.09671891,6568.7,6462.9,6528,8712.49773075
1540512000,6528.1,6597.4,6511,6531.47722621,7424.57685252
1540598400,6531.5,6560,6476.9,6500.2,6970.88364137
1540684800,6500.1,6513.88357334,6451,6490.1,6843.47914282
1540771200,6490.17717293,6512,6320.8,6346.5,19305.80678893
1540857600,6346.5706824,6383.6,6302,6330.1,10740.01514596
1540944000,6330.1,6419.8,6242.1,6368.3871592,9959.01651063
1541030400,6368.4,6443.9,6352.90247884,6406.1,9158.8072002
1541116800,6406.2,6456.1,6389.9,6427,8076.8256268
1541203200,6427,6432.4,6323,6389.1,11439.56311664
1541289600,6389.2,6529.4,6357.9,6491.7,8995.17774531
1541376000,6491.8,6500.6,6435.3,6470.2,4814.66368565
1541462400,6470.10159871,6527.7,6447.4,6522.2,7316.03711808
1541548800,6520.1,6615,6511,6572.9,10726.80109009
1541635200,6573,6585,6460,6475.3,11620.28919248
1541721600,6479.5,6504.4,6385,6418.7,10457.22145778
1541808000,6418.6,6469.3,6414.4,6431.1,3252.99931152
1541894400,6431.1,6459.9,6357.8,6447.9,7342.79990858
1541980800,6448,6481,6418.8,6446.9,7299.40396274
1542067200,6446.99331314,6501.1,6397.1,6459.0694273,10131.99635021
1542153600,6459.0694273,6485.8,5678,5922.4,69274.99512062
1542240000,5922.31371947,5940,5432,5749.6,49912.33769129
1542326400,5749.6,5777.5,5530.92446993,5655.7,18454.63552446
1542412800,5655.7,5661.1,5569.1,5628.3,7999.3839047
1542499200,5626.7,5745.6,5620.9,5659.5,9551.96875045
1542585600,5659.5,5659.5,4855,4920.7,74203.64670327
1542672000,4920.7,5056.26569276,4303.5,4571,117312.44063274
1542758400,4570.9,4787.3,4412.3,4662.7,44377.02039069
1542844800,4664.7,4723.7,4342.1,4369.6,28883.18026857
1542931200,4370.7,4495,4210,4422.7,36101.54169775
1543017600,4422.8,4529,3819.4,3929.9,51143.01895781
1543104000,3928.4,4233.2,3657.6,4089.1,82180.1499526
1543190400,4086.5,4207.1,3695.5,3864.1,64117.27258253
1543276800,3863.9,3959.40864054,3684.1,3882.7,46272.69825637
1543363200,3883.4,4447.6,3882.9,4305,65259.12625498
1543449600,4305,4488,4167.2,4321.9,41125.26147183
1543536000,4323.3,4368.8,3950,4039.5,42453.78265813
1543622400,4038.5,4340,3964.5,4241.3,27504.18001921
1543708800,4241.35765523,4369.8,4113,4173,24479.40365474
1543795200,4172.9457484,4189.8,3830.1,3901.2,36855.83412366
1543881600,3903,4135.9,3785.5,3981.9,33692.11082713
1543968000,3982.2,4000.77105811,3750,3772.9,28429.76217334
1544054400,3771.4,3922.7,3503,3531,58288.29511648
1544140800,3531,3630,3277.6,3460,74094.33395142
1544227200,3460.1,3800.1,3316.1,3506,39086.81725527
1544313600,3506,3789,3465.4,3642.3,25081.11312013
1544400000,3642.1,3709.7,3475.8,3523,22594.60801207
1544486400,3523.2,3551.5,3381.8,3435.2813778,24048.15052396
1544572800,3435.2,3617.4,3415,3535.6,20930.78079168
1544659200,3535.7,3547.1,3317,3354.3,22248.78627842
1544745600,3354.3,3395.2,3224,3281.7,28559.12702574
1544832000,3281.7,3324.2,3215.2,3283.4,17889.93798464
1544918400,3282.3,3383,3276.2,3301.5,19106.47700439
1545004800,3300.1,3744.8,3280,3625,35727.82574485
1545091200,3623.9,3799.9,3546.9,3780.8,29430.99808194
1545177600,3780.7,4043,3756,3810,55226.75829487
1545264000,3810,4299,3780.1,4214.5,65871.46861935
1545350400,4214.5,4300,3902,3976,43504.90546508
1545436800,3976.2,4166,3919.3,4135,19530.57495368
1545523200,4135.1,4216,4033,4071.7,24473.41822204
1545609600,4072.6,4384,4069,4140.7,38002.89161712
1545696000,4140.7,4155,3812.1,3909.7,33727.40475193
1545782400,3909.6,3990,3812.1,3930,19130.7744517
1545868800,3930,3968.8,3686,3712,23614.3245731
1545955200,3714.1,4095,3696.3,4036.7,26917.8670826
1546041600,4036.8,4099.7,3859.3,3894,18707.06449848
1546128000,3893.9,4003.8,3838.9,3977.3,17733.65093712
1546214400,3978.5,3986.9,3771,3830.5,15793.28922087
1546300800,3832.6286242,3987,3788.1,3963.1,13848.34675163
1546387200,3963,4083.470676,3917.9,4048.8,19435.7279894
1546473600,4049,4056.64433109,3875.1,3924.3,10520.20407919
1546560000,3923.2,3986,3850.1,3954.9,13228.66046469
1546646400,3954.9,4014.9,3901,3911.9,14873.96222452
1546732800,3911.8,4218,3887.5,4168.4,25179.73225654
1546819200,4169.2,4197,4044.9,4113.9,11253.19772953
1546905600,4113.9,4215.8,4056,4100,18726.5284933
1546992000,4100,4168.9,4010,4083.3,20629.09743813
1547078400,4083.3,4143.3,3687.2,3712.8,35020.069459
1547164800,3712.8,3777.8,3666.6,3714.8,13129.89632289
1547251200,3715.4,3734,3666.6,3702,9295.71358201
1547337600,3702,3729,3570,3591,12571.13464298
1547424000,3590.9,3799.4,3580,3749.3,14836.12276868
1547510400,3749.3,3780.87473393,3623.1,3654.3,13323.05379345
1547596800,3653.3,3759.89484429,3642.3589356,3673.6,13227.45774956
1547683200,3675.4,3725,3606.2,3722.5,10869.94619333
1547769600,3722.5,3723.9,3652.38836809,3675.7,5656.10881239
1547856000,3675.7,3882,3673.9,3762.3,13351.66253
1547942400,3762.9,3796.9,3543,3586.1,20626.14771588
1548028800,3586.1,3620.1,3548.3,3579.4,10813.62088037
1548115200,3579.4,3682.14145688,3462,3639.1,18083.69897146
1548201600,3639.1,3677,3591.2,3622.3,7971.47952346
1548288000,3621.3,3671.4,3589.45182488,3652.70510422,7867.68982879
1548374400,3652.8,3663.5,3580,3628.9,7377.5780389
1548460800,3628.9,3750,3622.9,3631.2,13005.57137831
1548547200,3631.2,3645.7,3541,3597.1,11448.5096157
1548633600,3597.1,3597.9,3445.3,3501.88592973,17019.7423553
1548720000,3501.1,3517.5,3422,3477.9,10466.25750145
1548806400,3478,3550,3451.2,3529.6,12580.21003153
1548892800,3529.7,3574.80983774,3482,3503.8,8572.2863711
1548979200,3503.8,3559,3460,3534.7705232,10041.09893455
1549065600,3534.9,3581,3498.75973167,3564.2,10889.80625456
1549152000,3564.3,3566.8,3470.1,3501.73867085,7874.5480983
1549238400,3501.73867085,3522.7,3475.3,3490.4687417,5213.21623762
1549324800,3490.4687417,3517.5,3475.1,3513,4590.39905608
1549411200,3513.20366088,3520.99742772,3405.32458599,3451.9,13172.09035179
1549497600,3451.9,3462.3,3417.1,3438.4,4815.21186134
1549584000,3438.4,3800,3425.3,3724,31122.26944381
1549670400,3724.1,3740,3685.7,3718.3,6563.43480197
1549756800,3718.4,3753.5,3661,3747.7,10041.31858707
1549843200,3747.7,3750,3672,3681.08053546,7797.03223491
1549929600,3681,3728,3645,3694.2,11337.37699122
1550016000,3694.1,3742.39039255,3631,3666.1,11743.86929927
1550102400,3666.05085673,3682.87483504,3640,3656.7,7532.91144799
1550188800,3656.7,3719,3642.8,3670.1,7806.98811909
1550275200,3670,3726.7,3664,3676.44566949,7515.70483955
1550361600,3676.44566949,3790,3655,3735.5,14075.68111925
1550448000,3735.5,4021,3723.6,3978.1,37614.43231607
1550534400,3977.4,4083.5,3936,3989.9,24303.19229648
1550620800,3989.8,4070,3963,4055,15256.90732287
1550707200,4055,4145,3918.5,4008.8,15483.04516107
1550793600,4009.6,4074,3987.5,4058.3,14206.28026416
1550880000,4058.3,4255,4013.8,4212.2,21530.96570761
1550966400,4212.2,4282.4,3812,3831.3,35760.05130923
1551052800,3831.4,3966.5,3830,3921.8,10405.95150373
1551139200,3921.7,3934.1,3862.8,3896.8,5112.69969848
1551225600,3896.8,3934,3761.2,3900.1,12031.43220361
1551312000,3899.9,3988,3875,3894,12096.66631299
1551398400,3893.1,3949,3893,3914,4758.42170141
1551484800,3913.7,3924,3838.89411809,3913,5114.60897238
1551571200,3913,3925,3855,3885,2877.99800951
1551657600,3884.9,3911.1,3767,3800.3,10185.49022998
1551744000,3800.1,3968.7,3786.1,3951.6,10796.72638702
1551830400,3951.6,3986.5,3910.9,3951.4,6590.84499627
1551916800,3951.5,3997.4,3933.32843157,3964.4,7640.46908769
1552003200,3964.4,4021,3850,3940.5,9360.44906454
1552089600,3940.5,4046.2,3933.9,4017.33129524,7381.16580902
1552176000,4017.2,4017.2,3959.4479162,4000,4674.11237098
1552262400,3998.6,4009.2,3920.1,3949.1,6609.55860023
1552348800,3949.3,3979.5,3895.2,3954.1,7625.99903409
1552435200,3954.1,3972.6,3925.1,3946.2,5531.00602251
1552521600,3945.5,4004,3869.3,3948.3,8303.48813976
1552608000,3948.7,4011,3948.4,4003.2,6737.61494253
1552694400,4003.2,4166.8,4003.1,4088.0382664,13944.79260524
1552780800,4088.1,4089.8,4041.1,4068.9,3392.82321589
1552867200,4068.9,4120,4034.02380303,4073.7,3670.36932689
1552953600,4073.7,4120,4055.15050072,4104.59328854,5548.93072968
1553040000,4104.5,4136.5,4072.7,4127.16189623,7817.30146944
1553126400,4127.16189623,4146.9,4004,4044.8,11825.08244491
1553212800,4044.9,4070.6,4034.9,4045.2,4835.44948774
1553299200,4045.14604641,4084,4028.4,4063.2,4367.96676293
1553385600,4063.1,4063.1,4011,4041.4,3364.27047312
1553472000,4041.4,4049.9,3939,3970,6688.18899509
1553558400,3970,3996,3943.8,3992.7,5092.13989196
1553644800,3992.7,4109.9,3979.3,4102.5,7933.53295978
1553731200,4102.6,4114.4,4064,4092.56783507,6215.26892752
1553817600,4092.56783507,4197.2,4082.3,4179,8647.40072507
1553904000,4179.1,4210,4112,4165.10362609,6635.07409196
1553990400,4165.10362609,4182.9,4152.8,4167.5,2271.73949652
1554076800,4167.5,4224.6,4124,4196.80421298,7005.66186408
1554163200,4196.9,5106.9060781,4187.4,4922.1,54148.25888931
1554249600,4922.2,5335.5,4842.2,4978,44292.02787015
1554336000,4977.9,5100,4834.0032346,4938.9,15415.82950616
1554422400,4939.3,5132.5,4929.5,5083,11362.55842717
1554508800,5084,5280,4960.2,5091.1,14204.21807948
1554595200,5091.1,5321.6,5075,5238,9951.59934068
1554681600,5238.9,5373.9,5138.6,5312.4,17816.93767317
1554768000,5312.3425602,5312.4,5170,5216.3,11902.33692328
1554854400,5217.1,5488,5193.5,5310.1,15781.01749947
1554940800,5310.1,5342.1,4952.4,5059,19430.17186758
1555027200,5062.00687231,5134.9,4934.7,5114,9220.70737032
1555113600,5114.1,5163,5070.2,5103.7,5208.71645551
1555200000,5103.8502618,5211.9,5054.8,5194.4,4145.70305095
1555286400,5194.3,5218.6,4977,5042.78720109,9522.67193927
1555372800,5042.7,5256.7,5029.6,5234.4,8376.54554532
1555459200,5234.4,5300,5206.8,5254.5,9284.13151515
1555545600,5254.5,5340,5251,5310.86393314,9040.38754774
1555632000,5310.8,5376,5220,5314.1,6307.09569834
1555718400,5314.1,5404.84614183,5283.9,5340.03926547,6482.20856176
1555804800,5340.06626381,5368,5255,5321.9,6153.65084029
1555891200,5320.3,5459.5,5276.5,5417.8,11951.60392077
1555977600,5417.9,5647.4,5387.5,5546.1,18768.59723523
1556064000,5547,5690,5407.1,5479.6,16533.95319566
1556150400,5479.6,5558,5055,5215.6,21494.08550121
1556236800,5215.6,5525,5172.7,5410.9,21534.88858042
1556323200,5410.8,5458,5351,5401.9,4566.88450632
1556409600,5401.8,5545.7,5401.7,5486.8,7767.6547079
1556496000,5483.3,5518,5365,5480.1,7811.59365172
1556582400,5480,5612,5451.5,5599.52273017,7442.8264899
1556668800,5599.52273017,5655,5577.5,5629.5,5537.05042588
1556755200,5629.6,5784.3,5611.1,5723.8,11075.8368328
1556841600,5736.6,6150,5702.29694186,6017,19426.65011602
1556928000,6019.9,6189.9903581,5863.4,6098.1,9437.42259102
1557014400,6098.1649927,6112.3,5956,6041.4021233,5815.53348677
1557100800,6041.4021233,6102,5901,6027.9,6477.39950895
1557187200,6028.9,6325,6028.9,6100,11990.22369015
1557273600,6103.8,6230,6007.8,6201.5,8222.18279599
1557360000,6201.8,6344,6153.4575144,6262,9682.27718866
1557446400,6262,6522.2,6212.2,6438.7,14493.48955268
1557532800,6438.7,7279,6438.7,7125.1,37945.37174068
1557619200,7125.1,7448,6858,6983.4,31958.82528419
1557705600,6980.2,8050,6879.9649408,7770.7,36467.14132655
1557792000,7770.7,8194.1,7651,7951.9,29329.52881551
1557878400,7951.9,8209,7832.45175911,8136.6341756,19004.5968407
1557964800,8132.5,8352.3,7700.1,7859.7,22313.8762668
1558051200,7860.4,7910,6999.9105737,7417.9,29003.82158636
1558137600,7421.7,7518,7207.6,7260.1,9319.33096968
1558224000,7260,8269.2,7249.34672701,8188.3,23458.30829652
1558310400,8185.10102918,8188,7600.1,7990.6,16894.53400431
1558396800,7985.1,8094,7814.8,7931.71147491,7692.90194632
1558483200,7931.71147491,8039.9,7500,7620,10790.98775246
1558569600,7620,7957.3,7436.4,7871.9,10547.60858282
1558656000,7876.8,8158.6,7784.5,7990,10926.32057561
1558742400,7990.3,8135.2,7950,8055,4336.17944267
1558828800,8055,8828,7877.93890221,8729.87136565,20158.16631553
1558915200,8729.8,8958.3,8650,8806.1,17561.87195154
1559001600,8806.1,8846.9,8517.4,8738.1,11139.5147841
1559088000,8738.1,8796.5,8455,8678,10304.3568121
1559174400,8679.7,9109,8005,8270,20274.33782798
1559260800,8269.9,8550,8099.9,8532.66591125,10925.19669901
1559347200,8533.11384961,8625.7,8451,8547,5457.27448292
1559433600,8546.9,8825,8540,8740.1,6243.25263946
1559520000,8740,8740.1,8032,8099.2,18662.44376719
1559606400,8099.2,8099.2,7501.52785992,7692.9,28124.34053556
1559692800,7692.9,7936.5,7593.9,7789.3,10825.49630634
1559779200,7789.3,7873.5,7455,7824.7,7553.39309031
1559865600,7815.3,8150,7762.9,7999.4,13456.91582945
1559952000,7999.9,8068,7800.1,7924,4772.31246907
1560038400,7924,7963.3,7497.9,7633.3,6830.13942396
1560124800,7633.3,8048.1,7513.2,8018.8,8903.84373159
1560211200,8018.7544992,8049,7711,7905.5,6526.84616842
1560297600,7905.4,8250,7821,8174,9144.94452831
1560384000,8174.1,8333,8026,8227.4,8889.61669612
1560470400,8227.4,8719.9,8161.7,8689.1,12713.63852327
1560556800,8689.1,8930,8607.2,8856,9399.94799689
1560643200,8856,9395.5,8801,8985.9,20909.8775668
1560729600,8985.9,9490,8985.9,9354.3,14168.46532358
1560816000,9352.5,9376.8,8945,9095,10596.49035753
1560902400,9094.4,9340,9062,9305.9,5765.53374889
1560988800,9305.9,9624,9241,9557.1,10592.87044766
1561075200,9557.2,10250,9557.2,10213.03996049,22297.62477523
1561161600,10223,11232,10080,10744,36677.46309612
1561248000,10744,11369,10572,10913,18589.93964857
1561334400,10909,11136,10560,11069,14351.73292153
1561420800,11069.648093,11780,10802,11737,21850.79747472
1561507200,11737,13764,11684.45046273,12876,55127.70688814
1561593600,12876,13242,10388,11198.92190146,47406.97063579
1561680000,11198,12417,10799,12338,31980.82953449
1561766400,12337,12338,11354,11920,20422.54434387
1561852800,11921,12234,10668,10809,19091.99071773
1561939200,10800,11231,10088,10640,24903.27497268
1562025600,10641,10965,9728.2,10885,28825.46296798
1562112000,10884,12025,10876,11982,28089.77883886
1562198400,11983,12065,11055,11162.485686,19843.20644307
1562284800,11162,11452,10776,11003,16366.15702902
1562371200,10999,11720,10961,11281,12208.08575541
1562457600,11276,11620,11110,11485,8423.29424405
1562544000,11485,12383,11310,12301,17838.61547823
1562630400,12301.52190528,12814.64784556,12102,12558,19166.99304671
1562716800,12564,13174,11529,12093,36055.91658958
1562803200,12093,12093.20135337,10970,11340,21451.45367948
1562889600,11340,11900,11099,11765,12247.8982874
1562976000,11765.10527017,11803,10805,11312,14722.69125074
1563062400,11312,11400,10122,10204,22495.76148986
1563148800,10199,11058,9880,10820.87573461,21436.21557214
1563235200,10820,11011,9352,9423.8,26182.07387684
1563321600,9420,9975,9084.7,9682.6,23128.15016171
1563408000,9686.1,10752,9260.6,10622,28829.01022448
1563494400,10622.0137754,10760,10118,10518,13155.63027303
1563580800,10517.58324013,11098,10370,10740,12131.43744168
1563667200,10740,10812,10298,10569.43491181,8247.37818017
1563753600,10570,10690,10052,10328,10903.75495343
1563840000,10330.88093683,10330.88093683,9820,9859,9766.29494047
1563926400,9859,9922.55144967,9534.05177698,9768.96811218,11574.75755505
1564012800,9773,10188,9733.3,9890.1,9222.08076596
1564099200,9889.98495235,9899,9650.2,9840.3,5116.22858012
1564185600,9840.36745434,10199,9296,9469,11774.25217655
1564272000,9465.6,9628,9101.4,9519,7754.39956059
1564358400,9519,9738.3,9376.7,9507,5696.48724957
1564444800,9503,9747.76671,9380,9588.99676375,5184.72477512
1564531200,9588.9,10120,9575.49379853,10088,7939.39798213
1564617600,10087.98969503,10500,9875,10400,7699.31261526
1564704000,10400,10659,10331,10520,8439.87873054
1564790400,10519,10917,10506,10822,7421.473594
1564876800,10822,11060,10514,10973,9280.21057575
1564963200,10973,11939,10973,11824,16130.53127869
1565049600,11828,12325,11249,11472,19339.46762863
1565136000,11471.20065,12153,11385,11999,13658.90010528
1565222400,11999,12130,11550,12050,10988.14552463
1565308800,12050,12097,11703,11891,7808.28743736
1565395200,11891,12011,11208,11311.40028487,9023.80572723
1565481600,11311,11615,11129,11565.357744,5494.66919569
1565568000,11575,11585,11260,11404,3201.4259753
1565654400,11411,11468,10800,10904.01068603,9004.00070497
1565740800,10906,10909,9966,10064.558229,14507.83351046
1565827200,10067,10471,9522,10324.265494,17368.17966885
1565913600,10324,10568,9777,10369,12890.55656975
1566000000,10369.00204593,10494.70238424,10004,10228,4885.63998835
1566086400,10231,10533,10086,10332.192078,3901.85390471
1566172800,10328.434234,10964,10280,10938,7375.38019863
1566259200,10938,10993,10584,10792.13576002,5830.91975682
1566345600,10793,10825,9824,10146.95441589,11793.40483293
1566432000,10146,10255,9787,10117,6533.30404457
1566518400,10116,10466,10047,10408,6391.24399499
1566604800,10408,10427,9893.8,10154,5409.27540947
1566691200,10155,10350,9805.8,10132,5207.27736806
1566777600,10133,10675,10133,10377,8979.04620731
1566864000,10377,10395,10021,10184,4518.47246489
1566950400,10189,10370,9570,9727.4,10406.37604326
1567036800,9727.6,9729.7,9358.2,9509.4,7081.07803894
1567123200,9509.5,9725,9380.4,9601,3754.77640186
1567209600,9600.7,9715,9471.9,9623.9,2754.09590112
1567296000,9617.8,9868,9555,9779.1,2873.99899481
1567382400,9779.1,10474,9754.56718098,10388,11140.300192
1567468800,10388,10766,10291,10641,10737.80737452
1567555200,10641.04817556,10849,10410,10590,6254.72308921
1567641600,10591,10663,10481.64244548,10582.92652081,3012.41430648
1567728000,10579,10933,10208,10305,11278.19783621
1567814400,10311,10582,10306,10489,3376.30614229
1567900800,10490,10599,10241.90944816,10415,3505.55885029
1567987200,10412,10557,10118,10317,5201.53303373
1568073600,10317.363817,10399,9959,10121,4211.66529481
1568160000,10121.75849382,10300,9814,10175,4355.86695745
1568246400,10175,10488,10064,10452,4402.71457761
1568332800,10450,10475,10155,10374,4501.81303183
1568419200,10384,10488,10255,10380,3157.74265392
1568505600,10381,10403,10275,10321,1885.6285794
1568592000,10321.97636977,10404,10091,10290,5515.60687192
1568678400,10289.49629127,10308,10163,10214.08319674,2944.73433784
1568764800,10216,10278,10111,10185,3339.17191254
1568851200,10184.97069252,10487,9655,10301,9766.20759473
1568937600,10300.768691,10340,10104,10197,2514.16347485
1569024000,10197.99421167,10199,9942.9,10013,2979.88388402
1569110400,10012.456212,10105,9880.7,10055,2753.46679225
1569196800,10059,10077,9610.3,9702.6,5489.73040839
1569283200,9708.5,9795,8100,8538.7,34869.18936608
1569369600,8536.98431152,8773.6,8262,8475.3,12773.96302908
1569456000,8472,8493.07282992,7796.6,8105.9,15418.99302226
1569542400,8105.9,8309.8,7906.3,8213.4,7469.15589624
1569628800,8213.4,8390,8032.1,8238.2,5448.66037286
1569715200,8238.2,8260.2,7930,8090,6143.57880321
1569801600,8090,8385,7733.3,8331.13524644,10919.90168886
1569888000,8337.34811911,8539.3,8228,8334.9,5835.93129998
1569974400,8333.67958178,8420,8193,8414.8772103,3449.86707431
1570060800,8414.8772103,8440,8084.1,8261.1,3716.23972709
1570147200,8260.5,8264.9,8032.7,8170,3051.67351222
1570233600,8170.1,8210.8,8040,8162.5,3327.5512383
1570320000,8163.2,8183.23540584,7806.7,7883,5857.57227204
1570406400,7882.6,8366.1,7793.2,8227,8149.94723034
1570492800,8226.9,8362,8132.7,8205,3466.84346322
1570579200,8205,8719.2,8146.55980111,8607.5,8392.43741424
1570665600,8607.4,8683.9,8472,8596,4319.92257317
1570752000,8596,8815.3,8253,8278.2,6078.77656871
1570838400,8278.4,8423.7,8270.5,8319.6,1707.70646064
1570924800,8320.3,8477.96534398,8160.4,8304.9,4042.57348547
1571011200,8304.9,8428.2,8227.3,8369.9648501,2540.53832557
1571097600,8369.9648501,8439.7,8100,8191.1,3276.54047254
1571184000,8191.1,8204.3,7960,8016,7077.38095353
1571270400,8016.1,8150.5326571,7949.3,8092.3,2811.80766712
1571356800,8092.3,8135.11397057,7860,7987.3,5300.35145403
1571443200,7989.1,8119.5,7927,7992.9,3511.19965694
1571529600,7993,8337,7921.6,8260.7,4866.62207128
1571616000,8260.7,8371.3,8181.8,8243.8,3420.45992308
1571702400,8243.8806926,8333,8034.9,8054.3,3851.3730258
1571788800,8054,8074.5,7333.4,7493.7,12982.85663459
1571875200,7493.7,7529,7367.9,7453,5804.04138743
1571961600,7453.1,8803.1,7426,8679.1,17096.47880214
1572048000,8678.8,10480,8661.8518214,9270.9,32057.68092297
1572134400,9274.9,9823.86430734,9121.2,9571.8,11105.29732283
1572220800,9573.9,9948.9,9216.8,9225.7,8992.94215642
1572307200,9229.2,9559.80072846,9100,9445.5,6727.59142814
1572393600,9446.9,9446.9,9035,9184.3,5047.69580549
1572480000,9184.4,9467.1,8982.1,9185.6,5668.14046139
1572566400,9186.6,9333,9085.5577764,9289,4090.95705993
1572652800,9288.4,9429.5,9251.50119619,9332.1,3657.49109114
1572739200,9332.2,9400.6,9100,9222.4,3616.53932035
1572825600,9223,9645,9152,9440,7470.0597828
1572912000,9441.2,9504.09548235,9185.1,9339.7,3412.6666629
1572998400,9337.19572,9475,9278,9352.8,3469.75747056
1573084800,9354.9295,9387.1,9051.6,9209.2,3746.1431351
1573171200,9212.5,9252.9,8681,8782.3,7864.40438304
1573257600,8782.3,8896,8734.8,8828.04720425,1958.39039443
1573344000,8828.04720425,9250,8764,9069.7,4635.78686933
1573430400,9069.7,9108.5,8616.5,8737.71515942,4243.05003964
1573516800,8737.71515942,8910,8602,8830,3499.8147013
1573603200,8830,8849.9,8730.3,8801.1,1340.10028215
1573689600,8800.99369654,8817.4,8600,8655.7,3304.67593606
1573776000,8655.4,8800,8420.1,8495.83262528,5184.14675492
1573862400,8495.8,8577,8440.1,8523.5,1534.61094713
1573948800,8523.4,8699.5,8404.4,8537.3,2837.15367335
1574035200,8537,8537,8117,8219.5,6362.43660724
1574121600,8219.5,8245.53052527,8051.7,8164.9,3703.8972421
1574208000,8164.9,8257.8,8081,8126.4,2060.18583228
1574294400,8126.4,8155.9,7500,7671.1,9890.61993828
1574380800,7671.1,7766,6819.2,7317.2,19368.41530127
1574467200,7318.6,7385,7141,7352.6,4626.89050391
1574553600,7352.7,7372,6922,6965.3,8576.35608923
1574640000,6965.2,7414.4,6618,7162.8,18517.18653203
1574726400,7162.8,7386.3,7047.2,7198.3,5197.47942672
1574812800,7198.6,7689,6878.2,7549.3,13895.62700653
1574899200,7547.3,7690,7415,7460.8,4302.7005309
1574985600,7460.7,7933.4,7450,7796.6,7279.60305758
1575072000,7796.6,7861.6,7492,7599.8823169,4974.18851876
1575158400,7599.3,7600.1,7288.6,7450.1,6332.70042487
1575244800,7450.04707791,7467.3,7206.4,7350.25736,4628.57147872
1575331200,7350.25736,7454.6,7287,7336.02376319,2297.90981507
1575417600,7336,7890,7129,7238.3,11723.6030484
1575504000,7239.4,7530.9,7191,7440,4785.98602868
1575590400,7440,7661.8,7350,7588.3,5714.48897892
1575676800,7584.7,7669.8,7516.7,7543.2,1724.36837205
1575763200,7543.1,7620,7433.6,7564.6,4300.36168837
1575849600,7564.6,7748.7,7306.2,7379.52142186,6556.87776181
1575936000,7379.52142186,7434.6,7200,7254.6,3640.21357381
1576022400,7254.6,7312,7169,7230.72229344,3124.7080789
1576108800,7230.8,7369.0188921,7132.8,7224,5640.15053042
1576195200,7224.1,7332,7218.7,7283.2,2901.56609731
1576281600,7283.2,7290.5,7032.6,7100.8,3411.30434483
1576368000,7100.8,7224.8,7043.9,7152.7,3562.83214534
1576454400,7152.7,7196,6900,6926.6,13417.34633597
1576540800,6926.8,6972,6620,6667.1,12656.31332305
1576627200,6667.0681032,7482.2,6477,7326.2,13752.71016785
1576713600,7326.2,7417.1,7079.7,7181.8,5430.84308582
1576800000,7181.7701988,7249,7116.8,7212.92590776,5703.23987872
1576886400,7213,7215.1,7136.5,7166.4,2281.79065142
1576972800,7166.4,7541.4,7159.6,7535.1,3620.70433906
1577059200,7535.9,7715.1,7282.4,7347.4,7082.31909885
1577145600,7347.4,7445,7182.1,7276.9,4254.62113215
1577232000,7276.9,7294.2,7113.2,7220.1,3361.83404018
1577318400,7220.053366,7465,7181.8,7232.4,4715.48411984
1577404800,7231.6,7300,7113.3,7287,3996.64722714
1577491200,7287,7390,7279.2,7334.4,2731.06071133
1577577600,7334.4,7551.6,7311.6,7413.6,2494.48720595
1577664000,7416.1,7421.7,7201.29026477,7260.9,4088.9581586
1577750400,7260.9,7333,7161.3,7208.3,2992.68613293
1577836800,7208.2,7285.1,7185.4,7212.7,2071.05604595
1577923200,7212.395985,7225.8,6963,6989.4,4849.33844669
1578009600,6989.4,7444.9,6909.3,7371.2,6681.66874052
1578096000,7371.1,7422,7297.3,7369.83176114,4265.71285464
1578182400,7370.3,7509.9,7315.8,7364.6,4450.63547483
1578268800,7363.9,7785,7358,7757.9,8541.27969512
1578355200,7759.5,8210.3,7741.9,8154.1,12355.75466539
1578441600,8158.3,8442,7877.6,8036.8,11756.80045611
1578528000,8036.8,8036.8,7756,7817.4514653,4671.26912564
1578614400,7817.4,8185.9,7675.8,8184.5,7857.91800302
1578700800,8180.3,8282.4,7991.8,8013.7,4254.51762488
1578787200,8013.63408437,8174.7,7951.7,8174.7,3207.41767775
1578873600,8174.6670523,8199.7,8053.6,8095.8,2593.23954615
1578960000,8095.8,8829,8095.8,8772.6,16573.65972765
1579046400,8771,8873,8560.1,8807.7,8779.11954403
1579132800,8807.7,8839.9,8579.8,8720.6,5311.58250504
1579219200,8719.54720583,9000,8674.2,8875.4,9692.87415905
1579305600,8875.5,8965,8791.12468089,8891.6,3460.77284892
1579392000,8891.5,9169.5,8450,8698.7,12407.35672898
1579478400,8698.7,8741.1,8519.6,8638.2,4105.40575415
1579564800,8638.2,8787.17417425,8500,8734.1,3251.16389954
1579651200,8734.2,8799.9,8580.5,8663.9,2354.22930226
1579737600,8663.8,8670.4,8296,8403.56851721,5703.90855399
1579824000,8403.56851721,8523,8246,8447.12967307,3508.74666982
1579910400,8447.1,8447.2,8280,8353.7,2101.66598957
1579996800,8353.7,8631.6,8301,8621.5,3518.06289784
1580083200,8621.6,9001.86207428,8585,8912,6276.878829
1580169600,8912.0570368,9414,8911.1,9397,9119.89518062
1580256000,9393.67551447,9442.3,9242.2,9300.3,4603.22515537
1580342400,9305.2,9550,9122.8,9512.71161782,9020.7746299
1580428800,9512.71161782,9519.9,9220.3,9367.4,4868.45814453
1580515200,9367.5,9476.4,9318,9408,2534.89130183
1580601600,9409.4,9501.3,9165,9352.2,6439.08974277
1580688000,9353,9628.6,9247,9309.3,6717.98950381
1580774400,9309.2,9359.8,9112.5,9197.4,5490.03474944
1580860800,9197.4,9731.9,9180.2023255,9612,10769.12701241
1580947200,9612.1,9860,9547,9744.90010004,8583.738804
1581033600,9745,9860,9683.9,9805.2,3703.84268634
1581120000,9805.2,9920.8,9657.8,9877.2,5525.97872617
1581206400,9877.3,10165,9871.1,10151,9637.90297857
1581292800,10151.93578445,10187,9701,9851.2,8521.96836298
1581379200,9851.7,10316,9720,10247,8425.2741537
1581465600,10247,10460,10238,10338,8707.36085065
1581552000,10338,10491,10058,10222,8976.65463806
1581638400,10222.82359378,10373,10101,10335,4127.43243172
1581724800,10335,10373,9800,9900.9,6397.60288513
1581811200,9901,10037,9651.3,9926.8,6931.63016385
1581897600,9925.3,9969.2,9501.5,9708,9300.64272414
1581984000,9712,10275,9625.8,10184,8248.34330105
1582070400,10184,10310,9290,9592.3,13936.96722914
1582156800,9590.8,9699.9,9359.7,9608.1,6497.36311172
1582243200,9609.2,9760.3,9566.8,9692.9,11101.12445238
1582329600,9692.9,9719,9565.1,9663,1844.44583851
1582416000,9663,10001,9660,9985,7322.16782784
1582502400,9985,10022,9441.2,9674.1,6591.77164856
1582588800,9674,9691.9,9251.4,9327.5,8488.33003873
1582675200,9327.4,9385.9,8652.7,8813.2,14579.58863974
1582761600,8807.1,8975,8555,8825.6,8392.7080767
1582848000,8825.66115173,8908.3,8455.09929552,8728,7079.49848295
1582934400,8728,8829,8557.3,8561.5,2496.91014468
1583020800,8561.4,8775,8460,8556.7,5391.10657424
1583107200,8556.7,8990.8,8524.62816151,8938.4,5317.01450934
1583193600,8938.6,8940,8686.2,8791.1,5324.51374097
1583280000,8792.3,8877.7,8718.4,8788.6,4170.44984814
1583366400,8788.6,9186.5,8788.6,9090.8,5715.98442883
1583452800,9090,9199.7,9011.3,9180.6,3138.04299005
1583539200,9180.6,9241.5,8867.4,8919,4488.72430692
1583625600,8918.9,8919,8043.2,8073.99728926,25592.0034775
1583712000,8073.9,8215,7700,7967.3,22558.49153578
1583798400,7965.4,8180,7776.6,7913.8,10174.44424416
1583884800,7917.9301252,8034.6,7634.8,7969.6,10972.8239263
1583971200,7974.4,8001.7,4607.7,4873.1,116698.02668985
1584057600,4886,5973.3,4000,5625.7,102821.64605317
1584144000,5620.9,5682.4,5095,5218.2,18639.84392061
1584230400,5218.2,5987,5133,5383.2,22624.20474846
1584316800,5383.2,5388.9,4467.9009243,5058.5,41773.30242238
1584403200,5058.5,5572.8,4956.3,5339.1,19595.85843754
1584489600,5339.1,5487.96366832,5033,5416.2,21127.20019235
1584576000,5417,6416.7,5264.6,6173.6,31227.85448301
1584662400,6173.9,6929.8,5665.0246058,6206.5,31077.03304621
1584748800,6209.2,6474.7,5882.4,6201.7,12942.29259347
1584835200,6201.8,6410.9,5755.5,5820.09678077,16275.91741269
1584921600,5820,6664.3,5677,6491.5,19554.6831608
1585008000,6489.7,6840,6406,6762.09308369,16617.89644742
1585094400,6762.1,6968,6430.2,6688.2,13192.32858746
1585180800,6688.29966788,6790.8,6516,6751.9,6593.97906726
1585267200,6752.5,6861.4,6256,6370,10709.50752095
1585353600,6371.9,6371.9,6050,6250,12147.12950852
1585440000,6249.5,6280,5892.6,5892.7,10760.6843278
1585526400,5892.6,6636,5880.9,6407.6,11976.94219615
1585612800,6407.6,6536,6349.7,6427.68278638,5446.76647321
1585699200,6429,6726.5,6180,6675,11101.58929748
1585785600,6679.5,7283.5,6580,6810.7,19647.16746502
1585872000,6811.8,7049.1,6623.3,6740.8,9968.39865963
1585958400,6742,7014,6660,6880.1,7124.3330499
1586044800,6880.6,6917.9,6690.2,6780.2,5652.64724892
1586131200,6780.8,7364.4,6775.1,7340.2,14585.69114306
1586217600,7340.2,7454.3,7088,7202.99832851,11993.35282812
1586304000,7201.8,7420,7151.64491202,7367,8182.42316218
1586390400,7367.1,7370.7,7117,7293.7,7754.20710232
1586476800,7293.7,7305.76199669,6756.3,6875.5,15844.60006755
1586563200,6874.3,6957.8,6780,6884.5,4068.11318523
1586649600,6884.5,7192.5,6797.6,6919,8888.98063718
1586736000,6916.6,6917,6571.1,6848.7,12678.36905764
1586822400,6847.30541983,6985,6762.6,6874,4302.34215197
1586908800,6872.9,6940.6,6620.5,6633.7227701,6006.39931124
1586995200,6633.7227701,7200,6500.4,7114.7,17754.64674559
1587081600,7114.7,7160.5,7010.2,7045.8,4680.56258763
1587168000,7045.8054993,7309.7,7031.1,7268.8,5200.81546636
1587254400,7269,7285.4,7056.9,7133.3,4738.69916142
1587340800,7133.3,7236.3,6766,6837.7,9978.67786058
1587427200,6837.1,6958.8,6770.1,6850,6462.76716396
1587513600,6849.9405434,7164,6826.1783037,7133,5145.53297335
1587600000,7133,7773.9,7042,7498.9,16382.1583605
1587686400,7499,7614,7420.1,7508.3,8804.91358752
1587772800,7508.4,7700,7450,7538.5,5172.52094918
1587859200,7538.6,7697.9,7473.5,7697.9,5321.52068759
1587945600,7697.9,7777.7,7613.4,7777.6033919,6896.32603117
1588032000,7777.7,7777.7,7655.8,7750.7,5624.78706935
1588118400,7750.6,8918,7705.1,8778.7,30251.27005367
1588204800,8782.1,9441.90721684,8416,8631.81715292,29829.04982383
1588291200,8630.7,9070,8626.5,8822.8,7918.29898302
1588377600,8823,9004.043244,8756.2,8982.3,5097.22853333
1588464000,8982.4,9198,8738,8899.8,9765.79842519
1588550400,8901.34819902,8961.8,8517,8865.8,9320.33222342
1588636800,8867.5,9124.8,8758.6,9020.1,7716.45989178
1588723200,9020.1,9418,8913.56992467,9152.47099343,8729.63282109
1588809600,9150.5,10045,9029,9979.6,19874.49958376
1588896000,9979.6,10025,9705,9792.4,12205.17623293
1588982400,9792.3,9900,9463.99256,9537.8,8259.42034571
1589068800,9537.7,9559,8101,8722.2,26516.70657788
1589155200,8721.2,9142,8200,8555.1,20562.16222507
1589241600,8555.0507848,8968,8526.4,8811.4,5653.92157888
1589328000,8811.3,9408,8799.5,9312,9885.42114334
1589414400,9311.967387,9938.7,9266.2,9790.95415762,12867.68761721
1589500800,9791,9848.9,9130.2,9311.2,11340.26978057
1589587200,9307.6,9580,9222,9387.9520897,4157.69176242
1589673600,9386,9883.5,9329.7,9668.2,9663.25708676
1589760000,9668.2,9944,9450,9714.82516261,9201.53654882
1589846400,9714.9,9878,9457.8,9769.4,5586.11847683
1589932800,9770.1,9842.7,9301,9502,9595.21917999
1590019200,9502,9564.1,8815.3,9057.1,11339.88801098
1590105600,9059.2,9269,8935.4,9162.4,3832.77249212
1590192000,9162.3448589,9304,9072.8,9175.6,2452.370925
1590278400,9176.4,9300,8688,8710.1,6733.49715849
1590364800,8710.1,8963.7,8620,8902,5608.74957158
1590451200,8901.1,9013.3,8704.9,8845.5,3944.80212719
1590537600,8845.5,9225,8822.2,9210.29871677,5461.52317121
1590624000,9210.3,9630.3,9118.2,9589.3,7632.42847296
1590710400,9587.5,9618.8,9352,9426.1,3876.4159255
1590796800,9425.1,9750,9323.3,9706.4,6158.32566792
1590883200,9707.1,9707.2,9402.6,9451.1,3691.18204291
1590969600,9451.1,10398,9421.75975983,10225.97600025,13427.09257919
1591056000,10225.97600025,10252,9150,9526.96808253,21470.92078961
1591142400,9526.9,9689.8,9400,9676.6,2671.91719233
1591228800,9677.6,9882.1,9461.00275433,9790.700076,4275.96014809
1591315200,9790.700076,9865.8,9620.4,9620.4,3625.84631543
1591401600,9620.4,9742.3,9552.60822337,9668.4,1949.40323501
1591488000,9668.5,9814,9393.8,9747.1,4708.49551521
1591574400,9749.9,9800,9647.1,9784.4,2361.71489019
1591660800,9784.5,9876,9577.9,9771.9,3402.9361055
1591747200,9774,10012,9661.6,9898.8,4438.60525358
1591833600,9898.9,9972.8,9084,9272.2,15783.05793445
1591920000,9277.9,9544,9246,9468.3,5048.43863315
1592006400,9468,9498.6,9363.59686037,9480.87818464,1845.56355902
1592092800,9480.8,9486,9262,9344.75144536,2698.82455588
1592179200,9343.1,9530.9,8914.9,9435,10162.01504916
1592265600,9434.9,9590,9388,9534.401723,3429.9898681
1592352000,9534.5,9566,9260,9473.4,3140.71951161
1592438400,9473.4,9496.9,9285,9400,1658.23492008
1592524800,9400.04258188,9444.1,9237,9315.5,2615.7008299
1592611200,9313.02085193,9406.6,9178,9371.3,1858.01106203
1592697600,9374.2,9431.2,9292,9301,1338.64211008
1592784000,9299.5,9795,9285.2,9697.72816498,5876.93815576
1592870400,9697.72816498,9724,9589.7,9635.2,3420.81874169
1592956800,9635.2,9684.1,9212,9312.1,5524.84292725
1593043200,9305.2,9349,9011,9257.03466936,5545.25335034
1593129600,9257.03466936,9299,9054.1,9173.1,3690.81984869
1593216000,9173.2,9202.5,8855,9015.3,3371.5346703
1593302400,9014.8,9193.187058,8946.6,9125.366022,2110.23642108
1593388800,9125.366022,9244,9018.12556046,9194.43385096,3642.39903593
1593475200,9194.43385096,9206.45653809,9077,9150.7,1832.60791706
1593561600,9150.6467222,9298,9109.4,9239.9,2192.37695243
1593648000,9239.4,9266.2,8950,9100,3791.41612608
1593734400,9100.1,9135.5,9056.7,9073.2,1086.50191266
1593820800,9073.2,9204,9060,9147.7,1115.80978594
1593907200,9146.79675146,9152.30680224,8918,9084.28473392,2083.41569628
1593993600,9089,9389.58638306,9075.80199233,9361.1,4260.87927427
1594080000,9361.12445025,9389.40580899,9211.1,9267.51494932,1632.3919053
1594166400,9267.57549347,9497.2,9256,9447,3814.76223032
1594252800,9447.1,9451.7,9175,9248.86416894,3707.98945726
1594339200,9248.9,9324.6,9133.1,9304.6,1414.35028772
1594425600,9304.9,9311.8,9200.1,9246.3,812.76058838
1594512000,9245.5,9368.4,9175,9315.8,1864.39765916
1594598400,9320.2,9350,9220,9252,1927.16658167
1594684800,9251.6,9287.3,9107,9263.4,2196.062301
1594771200,9263.7914,9280,9179,9210.1,896.44844979
1594857600,9210.1,9227.2,9026.6,9149.6,2873.12452978
1594944000,9149.6,9194,9102.1,9167.32861157,1063.89949205
1595030400,9167.32861157,9217.1,9120.1,9189.1,1170.86559082
1595116800,9189.1,9299,9111.8,9231.2,1438.01842066
1595203200,9231.2,9238.2,9154.5,9179.2,1381.68896718
1595289600,9179.2,9457.2,9174.4179114,9402,5397.90538788
1595376000,9402.1,9642.4,9305,9557.7,4151.79899466
1595462400,9557.7,9685.43228684,9475,9615,4698.39983871
1595548800,9615,9644,9469.65964973,9559.1,2260.822422
1595635200,9559.00520597,9754.5,9555.5,9714.89020414,2562.57345168
1595721600,9714.9,10190,9674.8,9948.4,8945.66416492
1595808000,9948.4,11379,9944.9,11043.96287976,21575.30615722
1595894400,11044.32215834,11263,10590,10932,9878.58905271
1595980800,10931.55841463,11355,10851,11117,8823.26646503
1596067200,11117.39512086,11189.20867739,10855.80732708,11123,4250.78121801
1596153600,11122.78517118,11440,10990,11350,5830.1458832
1596240000,11350,11843,11227,11804.7440126,10574.54259436
1596326400,11805,12097,10548,11053.77256233,13217.6364586
1596412800,11058.83877657,11456,10943,11226.52172839,4085.4968594
1596499200,11226.99217374,11396,11003,11184,3256.03846449
1596585600,11187,11800,11085,11735.81391634,5785.68941182
1596672000,11735.93261188,11890,11557,11759,3901.71404458
1596758400,11759,11900,11326,11580.04081238,5093.55309175
1596844800,11580.04081238,11796,11523,11764,1874.37349071
1596931200,11763,11788,11530,11675.32006989,1571.86581403
1597017600,11675.32006989,12065,11450,11892,6575.26897597
1597104000,11893,11943,11123,11379,7105.90315064
1597190400,11379,11613.97869844,11100,11583,4306.55582481
1597276800,11583,11822,11279,11792.46007598,5779.6922746
1597363200,11793.16904862,11869,11650.03890904,11761,4652.42758534
1597449600,11762,11997,11705,11873.41825354,4038.09732313
1597536000,11873.41825354,11944,11705,11925,2711.38253186
1597622400,11924.02573127,12490,11675,12300,10122.43646394
1597708800,12303,12405,11814,11961.83967646,7179.55648352
1597795200,11961.83967646,12025.25974,11608.59604692,11778,6287.140093
1597881600,11778.02622206,11902,11680,11884.677714,2733.7069289
1597968000,11884.677714,11899,11500,11531,6102.59182565
1598054400,11527,11703,11390,11685,3457.91195201
1598140800,11683,11736,11538,11663,1929.62239306
1598227200,11663,11847,11605,11768,1987.27907559
1598313600,11765,11778,11137,11341.4006669,6158.90793348
1598400000,11341,11546,11219.88888,11471.10096,2484.7190526
1598486400,11472,11609,11145,11343,4810.93342482
1598572800,11343,11567,11303,11545,2024.53408331
1598659200,11544.621284,11606.34239887,11450,11492,1520.90282067
1598745600,11492,11730,11480,11730,2102.28978354
1598832000,11729.89978204,11790,11600,11671,2242.96485594
1598918400,11671.23323392,12067,11552,11942,5019.85122016
1599004800,11942.89423579,11975,11183,11408,6191.27960599
1599091200,11400.841462,11460.98620262,9990.9,10170,15884.01270037
1599177600,10166.13513,10644,9965.7,10484.74763252,13589.50529482
1599264000,10484.07051575,10593,9925.5,10196.86489828,8507.10905664
1599350400,10197,10365.07422046,10031,10276,2755.65800115
1599436800,10275.9676,10430,9913.8,10397,6301.95041128
1599523200,10400,10464,9882.4,10148,6760.56296831
1599609600,10150,10359,10010,10240,2406.06639071
1599696000,10241,10516,10233.0879672,10355,3553.95557835
1599782400,10354,10438,10197,10405,2468.4619745
1599868800,10404.94752176,10492,10287,10458,1434.05030275
1599955200,10459,10623,10231,10331,4041.97562654
1600041600,10331,10773,10259,10690,3687.51051542
1600128000,10689.93207785,10944,10645,10797,4990.20373917
1600214400,10797.99361605,11104.97665904,10682,10971.25116264,4798.73427717
1600300800,10971.45422468,11069.17646505,10765.936272,10959,2515.81731027
1600387200,10959,11064,10825,10957.17348137,2249.67638285
1600473600,10957.05507792,11185,10920,11098,2467.8189985
1600560000,11098,11098,10779,10934.54183144,1818.23727444
1600646400,10935,11000,10321,10435,6007.04813765
1600732800,10435,10597,10377,10549,2412.64809461
1600819200,10549.621726,10555,10152,10263,3091.68324117
1600905600,10266,10842,10222,10754,3195.71707711
1600992000,10752,10774,10580,10708,2351.32505281
1601078400,10708,10841,10675,10750,934.1645644
1601164800,10750.90937072,10824,10594,10803,1754.43540898
1601251200,10804,10986,10656.20638633,10714,3793.44709787
1601337600,10713,10889,10654,10856,1792.5981112
1601424000,10857,10866.00570211,10684,10795,1503.05252836
1601510400,10797,10975.126364,10460,10634,5680.68042545
1601596800,10633,10686,10391,10586,3730.27545274
1601683200,10586,10616,10513,10558.58697865,833.95436743
1601769600,10558.00112605,10713,10541,10687,1626.35535735
1601856000,10687,10816,10637,10807,1781.8259647
1601942400,10807,10819.959108,10548,10613,3217.88260128
1602028800,10613,10691,10563,10687,1663.59287209
1602115200,10687.32291769,10971,10541,10943,3639.88611267
1602201600,10942.901982,11133.99746703,10853.1165156,11071,2569.5150207
1602288000,11071,11505,11071,11308,4168.68588477
1602374400,11308,11451,11279.45650736,11385,1477.49426138
1602460800,11384,11739.97398,11111,11560,6365.47241039
1602547200,11560,11574.90850243,11333,11442,3905.20856725
1602633600,11442.72553612,11564,11309,11440,2692.12646516
1602720000,11440,11632,11277,11509,4263.24365016
1602806400,11511.9497064,11547,11212,11325,3451.52589647
1602892800,11324.8837331,11418,11275,11375,1037.68306526
1602979200,11376,11520,11364.93369218,11518,1321.24288924
1603065600,11517,11828,11417,11757,3757.27686651
1603152000,11757,12044,11696,11925,5422.94274515
1603238400,11924.12565284,13220,11910,12810,15400.96625616
1603324800,12811,13188,12710,12988,6090.19891202
1603411200,12982,13032,12738,12935,2904.11276009
1603497600,12930.56664423,13178,12882,13127.03663502,1971.88548224
1603584000,13127,13358,12850,13037,3630.94927275
1603670400,13036,13244,12781,13059,3675.00754084
1603756800,13059,13769,13054,13626,8975.89386333
1603843200,13626,13839,12915,13267,7113.89802481
1603929600,13266,13629,12972,13451,4074.37347985
1604016000,13450,13673,13120,13568,4659.29588008
1604102400,13567.94596627,14055,13425,13788,8953.45258111
1604188800,13778.27705844,13892,13611,13756,3107.44676986
1604275200,13755,13836,13207,13562,6586.00153832
1604361600,13560,14066,13301,14029.5896356,5811.86187544
1604448000,14029.5896356,14245,13530,14149,10098.33076646
1604534400,14152,15723.55678179,14104.36241552,15568,15897.90693691
1604620800,15568,15888,15179,15572.88385495,12097.89054039
1604707200,15573,15740,14411,14845,14370.83426036
1604793600,14849,15650,14755,15500,6475.26759478
1604880000,15501,15844,14841,15334.52194598,8947.1109553
1604966400,15336.88653372,15474,15077,15311.53062117,3741.86697043
1605052800,15311.53062117,15981,15292,15709.3042176,6940.97705853
1605139200,15709,16325,15453,16296.18794388,12299.29569523
1605225600,16296,16481,15974,16308.5948109,7699.72967138
1605312000,16308.5948109,16315,15715,16057,5090.22982759
1605398400,16058.519784,16151,15794,15965,2564.5596865
1605484800,15965,16872,15874,16719,6522.24231834
1605571200,16719,17815,16535,17674.87558,12211.61192244
1605657600,17674.53552004,18450,17119,17774,17517.60930774
1605744000,17774,18166,17344,17818,5575.43345482
1605830400,17813,18810,17753,18660,7974.20959348
1605916800,18659.98826325,18945,18323,18659.98826325,6619.77912017
1606003200,18659.98826325,18732,17645,18392,9098.86083786
1606089600,18390,18724,18003,18372,8765.27184524
1606176000,18364,19400,18130,19131,14937.35456899
1606262400,19133.654712,19497,18500,18727,13477.60483221
1606348800,18726.475677,18908,16317,17211.69580098,34343.56146402
1606435200,17213,17531,16501,17171,11217.91209845
1606521600,17171,17910,16925,17746,5750.22634211
1606608000,17746,18344,17556,18195.987488,3986.26608474
1606694400,18196,19844,18196,19696.272384,14947.01505414
1606780800,19697,19956,18279,18814,21947.30653528
1606867200,18818.027865,19344,18361,19241,7634.3491635
1606953600,19229.12373562,19628,18900,19449,5251.01732623
1607040000,19449,19550,18600,18652,8654.05198704
1607126400,18652,19182,18498,19159,3664.40093767
1607212800,19159,19463,18905,19410,4333.40676426
1607299200,19410.03147,19460,18925,19196.06786536,2285.62253019
1607385600,19196,19322,18271,18329,9618.2825456
1607472000,18329,18630,17742,18558,9767.76617124
1607558400,18558,18568,17935,18260,3655.51207913
1607644800,18263,18299,17629,18049.91181686,6573.35890074
1607731200,18050,18944,18049.91181686,18818,3680.88217628
1607817600,18818,19416,18720.6972317,19180,4831.24712969
1607904000,19180,19350,19008.31354812,19282,2534.43693308
1607990400,19282,19607,19070,19459,6927.28065056
1608076800,19459,21444,19317.800536,21318,21075.77684674
1608163200,21318,23630,21197,22786,22872.76691971
1608249600,22791,23287,22362,23124,7283.12188767
1608336000,23124,24123,22768,23808,9672.76187725
1608422400,23801,24244,23101,23427,9599.06945336
1608508800,23427,24077,21884,22712.281776,14183.57832359
1608595200,22712.281776,23812,22348,23805.89700325,7416.0651705
1608681600,23804,24144,22655,23208,12077.5823542
1608768000,23207.87492762,23790,22701,23743.467132,4754.79447434
1608854400,23743.467132,24802,22855,24720.0882,13780.78678578
1608940800,24720.0882,26723,24489,26413,13149.6035219
1609027200,26423,28244,25813,26241,17956.95047706
1609113600,26242,27442,26068.0657198,27053,7601.6736102
1609200000,27044,27329,25859,27316,8915.79570495
1609286400,27312,28977,27312,28880,10509.15264706
1609372800,28886.8252941,29286,27557,28938.521869,12225.25361439
1609459200,28939,29620,28716,29349,8332.17309653
1609545600,29349.83250154,33292,29000,32183,22012.92431526
1609632000,32185,34873,31975,32968,18908.90248876
1609718400,32990,33593.61627648,28540,31990,24687.17352109
1609804800,31991,34493,29861,33985,14483.02450249
1609891200,33978,36932,33335,36760,18619.39156055
1609977600,36791,40383.3509214,36123.590728,39401,22112.80551057
1610064000,39387,41969,36555,40509,21785.71626803
1610150400,40500,41399,38700,40168,8173.60836859
1610236800,40170,41399,35260,38200,19011.73685638
1610323200,38200,38277,30635,35408,48042.44420537
1610409600,35410,36656,32427,34123,22176.95211648
1610496000,34104,37776,32436,37358.07975004,14887.62558258
1610582400,37368,40001,36666,39136,12967.86884021
1610668800,39147.32923992,39701,34500,36741,15551.34410823
1610755200,36741,37997,35418,36041,10842.65506249
1610841600,36037,36928,33868,35900,9847.25162068
1610928000,35901,37555,34842,36699,8414.95402598
1611014400,36685,37936.5743351,35863,35890,9648.58184083
1611100800,35888,36422,33303,35516,14141.72101255
1611187200,35510,35616,30196,30872,22357.47974563
1611273600,30890.60960271,33850,28989,33058,15720.12650751
1611360000,33027,33554,31439.4275088,32099,7065.12704773
1611446400,32099,33174,31011,32320,5887.71106024
1611532800,32327,34918,31966,32285,9230.4487765
1611619200,32252,32971,30867.0338669,32519,8540.41106666
1611705600,32518.32570147,32596,29283,30421.23654981,14786.66598682
1611792000,30421.23654981,33800,29918,33373,9170.13127825
1611878400,33374,38710.69632264,31987,34253,28642.05232388
1611964800,34284,34929,32827,34341,7290.52856597
1612051200,34333,34407.005674,32228,33138,5823.93157617
1612137600,33117.79931925,34707,32333,33566,5300.53662691
1612224000,33569,36053.96796779,33500,35577,7006.15684092
1612310400,35576,37677.35566244,35471,37667,8806.86324689
1612396800,37667,38750,36222,36951.548313,6419.65493792
1612483200,36945,38366,36571.55235544,38260,4479.82317969
1612569600,38260.8799317,40985,38205,39234,10181.01728877
1612656000,39237,39725.7155421,37350,38837,7627.57627436
1612742400,38841,46666,37947,46444,24788.66402363
1612828800,46444,48277,45060,46488,15903.02396636
1612915200,46485.10574522,47383,43777,44841,10019.14961979
1613001600,44840,48598,43917.41935602,48008,10300.37521835
1613088000,48001,48945,45851.95356552,47397,10789.29878402
1613174400,47365,48209,46255,47177,5225.25062786
1613260800,47177.86105756,49659,47030,48584,7337.59067269
1613347200,48597,48959,45730.50181348,47906,9883.3531079
1613433600,47934,50490,47046,49203,13040.83159243
1613520000,49182,52577,49000,52116,9211.03215371
1613606400,52110,52539,50863,51566,5869.73416942
1613692800,51566,56342,50755,55866,11805.88360583
1613779200,55866,57485,54000,55777,11637.99217592
1613865600,55787,58321.24403166,55386,57376,6687.40294944
1613952000,57374,57449,48255,54075,27309.72539386
1614038400,54070.36217422,54138,45000,48874,32599.17021217
1614124800,48882,51354.46137096,46902,49716,12002.72597091
1614211200,49715,52189,46750,47162,9556.04333353
1614297600,47155,48441,44027,46318,22325.37321813
1614384000,46270,48407,45100,46238,7603.9662875
1614470400,46199,46703,43171,45300,13547.51881422
1614556800,45284.744486,49743,45100,49580,9420.85602057
1614643200,49580,50148,47158,48536,8374.91331046
1614729600,48511,52567,48183.35073552,50408,8603.3335126
1614816000,50409,51777,47603,48388,9558.92312432
1614902400,48389,49489,46417,48830,9417.0854656
1614988800,48826,49238,47159,48860,4206.13760617
1615075200,48895,51442,48895,51000,5376.35475911
1615161600,51011,52444,49369,52399,6154.5042241
1615248000,52399,54955.30786704,51993,54955.30786704,8210.93786056
1615334400,54955.30786704,57444,53155,55985,10678.77471493
1615420800,55954,58266,54401,57877,8659.751263
1615507200,57876,58159,55183,57297,9562.35931509
1615593600,57293,61693,56130,61202.887014,13700.24118389
1615680000,61203,61699,59000,59000,6681.68651262
1615766400,59001,60575,54566,55688,14784.6861763
1615852800,55675,56925,53346,56924,10496.58810374
1615939200,56923,59128,54001,58849,11269.30169215
1616025600,58867,60190,57005,57640,7238.68855771
1616112000,57642,59480,56277,58049.62797928,6485.05192059
1616198400,58049,60000,57800,58079,6775.70608413
1616284800,58064,58584,55357,57366,8292.32536363
1616371200,57341,58525,53700,54070,8727.81396301
1616457600,54070,55822.3340788,52812,54336.79982848,6569.9505292
1616544000,54347,57212,51522,52328,14085.86185319
1616630400,52329,53116,50350,51358,11590.1867204
1616716800,51357.31075738,55000,51300,54993,7713.45878203
1616803200,54982,56655,54010,55886,5176.81537774
1616889600,55881,56609,54800,55780,4212.6325115
1616976000,55783,58492,54831,57675,10118.10970035
1617062400,57675,59523,57135,58840,7874.44357216
1617148800,58837,59899,56826,58796,8119.05244424
1617235200,58792.502598,59483,57955,58724,4349.96920683
1617321600,58731,60190,58327.9868938,58959,6153.04582372
1617408000,58958.19519,59841,56872,57020,6634.11944692
1617494400,57029,58480,56500,58240.23918672,4971.94717113
1617580800,58241,59250,56850,59145,5595.18998949
1617667200,59145,59499,57401,57991,5616.68975216
1617753600,57994,58639,55555,55962,8848.715118
1617840000,55962,58155,55714,58110,4482.27991185
1617926400,58110,58880,57713,58134,3749.30343398
1618012800,58134.090643,61243,57900,59812,9794.54247946
1618099200,59817.0737853,60722,59308,60032,4646.54299812
1618185600,60033,61338,59492,59874,5497.92519522
1618272000,59887,63555,59859,63537,11265.90321334
1618358400,63519,64829,61306,62914,10927.53219657
1618444800,62909,63845,62000,63196,6613.84876353
1618531200,63208,63520,60005,61322,11538.75958436
1618617600,61321,62450,59662,59927,7020.45014113
1618704000,59945,60279,50500,56172,26325.19151257
1618790400,56171,57500,54256,55630,8568.76027831
1618876800,55619,57099,53337,56471.151714,8392.19394508
1618963200,56471.151714,56790,53609,53780,7107.56739743
1619049600,53779.81497994,55500,50575,51735.13722852,12687.09297783
1619136000,51741,52131,47560,51138,17250.31177119
1619222400,51138,51201,48852,50161,5980.24339471
1619308800,50149,50671,47112,49129,9599.12423279
1619395200,49129.093002,54387,48831,54102,11010.92227211
1619481600,54094,55437,53304,55044,7236.73001805
1619568000,55039,56432,53917,54859,5763.23982056
1619654400,54860,55222,52377,53566,7078.15938021
1619740800,53566,57794,53068,57630,7862.93930966
1619827200,57632,58326,57000,57774,4317.40333897
1619913600,57774,57900,56050,56605,4196.61876168
1620000000,56601,58945,56511,57147,7626.49307193
1620086400,57141,57166,53067,53251,10064.7382204
1620172800,53251,57898,52960,57487,7664.90204204
1620259200,57486.600444,58343,55282,56450,10438.6808718
1620345600,56451,58635,55300,57349,6934.44521985
1620432000,57342,59450,56939,58897,7608.94107951
1620518400,58892,59236.51695169,56255,58276,8479.62978766
1620604800,58286.86932662,59589.77113765,53844,55829.62510011,13489.55204328
1620691200,55831,56870,54138.73738416,56721.504604,7688.85967329
1620777600,56717,58000,48611,49614,14974.04325046
1620864000,49580.54694147,51333,46601.04807999,49750.64971553,21164.53785615
1620950400,49749,51512,48877,49924,6047.86562313
1621036800,49923.30794743,50737,46644,46844,9488.63031256
1621123200,46844,49870,44021,46597,19068.73307652
1621209600,46587.61320955,46796,42128,43534,37724.15691066
1621296000,43540,45800,42316,42900,10722.25475753
1621382400,42898.48904022,43600,29563,36733,67822.90369973
1621468800,36733.7221572,42300,34985,40561.45427722,25609.77075366
1621555200,40590,42298.12038263,33552,37391.38484175,23314.10677312
1621641600,37382.8588411,38956,35372,37557,13560.86390045
1621728000,37575,38384,31230,34747,25993.68281756
1621814400,34747,39966,34500,38845,15130.10979968
1621900800,38851,39829.42639126,36455,38396.84796617,7767.09873381
1621987200,38374,40884,37851.57741397,39301,8610.0489885
1622073600,39303,40500,37221,38537,5553.45223538
1622160000,38537.03617907,38889,34721,35661,10219.44336646
1622246400,35660.87052767,37381,33617,34574,7764.29614375
1622332800,34587.39808387,36419,33367,35614,6023.13236825
1622419200,35609,37533,34160,37280,5975.66399021
1622505600,37279.80893714,37888,35659,36673,5285.24979943
1622592000,36673,38222,35933,37577,3971.3629918
1622678400,37582.37086374,39482,37179,39226,5754.82660087
1622764800,39225.5146501,39275,35586,36844,5930.6043095
1622851200,36844,37924,34822.56648447,35535,6587.83107586
1622937600,35542,36475,35218,35780,6508.39809049
1623024000,35781,36784,33338,33572,9968.48705917
1623110400,33572,34052,31075,33402,12924.76236892
1623196800,33416,37499,32469,37368,26973.62262831
1623283200,37369,38337,35816,36663,9567.09934063
1623369600,36680,37650,35929,37338,6417.90390521
1623456000,37338,37461.34593121,34630,35564,7376.45612843
1623542400,35563.58742345,39374,34800,38998.89297611,8988.67258533
1623628800,38998.89297611,40980,38732,40509,9731.06977982
1623715200,40509,41273,39445.88757188,40137,7778.80135235
1623801600,40143,40460,38121,38346,6793.17737412
1623888000,38345,39519,37387,38073,3538.41950541
1623974400,38074,38184.09866908,35137,35845,11421.09881367
1624060800,35846,36447,34819,35570,11566.06383605
1624147200,35569.32875053,36226.37661535,33411,35631,16930.79811428
1624233600,35653,35832,31368,31726.38731597,23452.31240008
1624320000,31723.19669106,33368,29247,32572,26870.65821748
1624406400,32572.01808243,34778,31790,33691,9140.06884437
1624492800,33697.29590169,35290,32343,34665,4855.77342689
1624579200,34657,35495,31264,31584.73244514,37671.79179745
1624665600,31584,32661,30206,32355.66423628,20535.6998771
1624752000,32348,34794,32066,34744,28712.64630214
1624838400,34743,35319,33897,34494.48338075,6177.1561275
1624924800,34494.8423285,36600,34226.75253341,35922.41743186,5513.63982321
1625011200,35918.54133667,36099,34428,35063,3425.95657448
1625097600,35062,35069,32720,33554.42277399,5722.89539504
1625184000,33519.46744936,33983,32700,33816,5145.35830068
1625270400,33818,34948,33350,34682,2966.51434434
1625356800,34689,35950,34376,35276,2929.58930746
1625443200,35278,35280,33126,33672.36648837,7716.38162798
1625529600,33670.52239391,35196,33555,34255,8884.85239912
1625616000,34255.06205944,35091,33810,33889,3505.90039001
1625702400,33886,33939,32063,32857,14292.40321891
1625788800,32846,34059,32237,33769,6664.27000282
1625875200,33768,34242,33011,33505.02923001,6458.84199398
1625961600,33503,34590,33316,34244,2151.71226321
1626048000,34249,34655,32600,33078,8408.60405576
1626134400,33077.77262412,33337,32190,32730,4024.86829598
1626220800,32729,33128,31588,32822.6431619,5192.51154704
1626307200,32821,33200,31150,31890,6956.82713686
1626393600,31893.73824538,32271,31044,31428,5381.86055053
1626480000,31427,32000,31210,31560,13706.6477802
1626566400,31559,32453,31111,31820,12411.32229435
1626652800,31820.47850988,31928,30500,30865,12799.72672555
1626739200,30866,31079,29313,29809,8878.01430299
1626825600,29814,32850,29523,32154,8258.16378035
1626912000,32154,32610,31735,32320,5232.65508671
1626998400,32320.26010235,33650,32020,33650,3969.34091098
1627084800,33650,34527,33422,34279,2363.25627786
1627171200,34288,35444,33886,35415,2780.99539445
1627257600,35413,40595,35233,37270,16314.03215706
1627344000,37265.93349564,39589,36418,39500,6065.62663319
1627430400,39490,40900,38803,40017,7979.49858787
1627516800,40017,40623,39272,40036.0612375,4069.31891192
1627603200,40040,42299.15230804,38343,42214.50801313,7767.16038596
1627689600,42196.27398595,42398,41051,41439,5088.76468188
1627776000,41440,42532,39493,39867,9115.11351414
1627862400,39873,40449,38716,39149.45625755,4618.93627624
1627948800,39154,39781,37663,38217,5077.45312921
1628035200,38219,39965,37519.81411605,39743,3672.78575181
1628121600,39738,41352,37318,40887,6434.95199694
1628208000,40890,43385,39900,42854,6460.98161832
1628294400,42853,44698,42380,44568,9322.06034866
1628380800,44569,45250,43300,43793,8164.9862237
1628467200,43782.46903142,46438,42790,46282.21851123,10722.72040786
1628553600,46280.02549592,46695,44635,45612,6365.38106569
1628640000,45611,46727,45341,45531,4328.6320148
1628726400,45530,46186,43786,44424,5644.83560922
1628812800,44413,47967,44266,47835,7388.37801411
1628899200,47836,48141,45935,47084,4351.87608984
1628985600,47084,47369,45471,47022,3831.34677895
1629072000,47023,48069,45689,45937,6060.28446566
1629158400,45932.90307576,47167,44441,44695,6933.2002913
1629244800,44692,46010,44266,44721,5817.45990543
1629331200,44721,47061,43992,46765,5965.52722671
1629417600,46766,49400,46647,49330.49713104,6045.10873868
1629504000,49333,49788,48219,48837,3921.98313792
1629590400,48835,49488,48075,49266,2746.27406057
1629676800,49267,50558,49055,49525,5421.73972415
1629763200,49523,49860,47555,47698,4772.55172144
1629849600,47696.45550645,49255,47142.96628448,48992.74927858,4118.89406036
1629936000,48992.29076835,49385,46310,46840,6478.84898026
1630022400,46836,49159,46363,49079,5795.68849727
1630108800,49079,49310,48385.91723403,48914,2300.78309259
1630195200,48913.9769579,49650,47760,48800,4045.8150993
1630281600,48801,48924.66460268,46903,47004.84288151,4123.2321237
1630368000,47003.4670629,48244,46725,47157,4300.99119579
1630454400,47142,49139,46590,48823,5707.33919335
1630540800,48827,50365,48631,49274,4952.12875523
1630627200,49273.73784718,51142,48332,50001,7334.17244249
1630713600,50001,50544,49401,49899,2368.7355857
1630800000,49899,51900,49470,51780,5539.10921209
1630886400,51779,52742,51050,52676,4841.95175558
1630972800,52672,52888,43220,46849,16675.56443836
1631059200,46854,47351,44472,46070.61738592,7553.00377353
1631145600,46054,47398.57959466,45546,46389,3853.4527536
1631232000,46396,47044,44155,44852,5180.76927217
1631318400,44851,45990,44750,45169,2544.93285703
1631404800,45169.7693418,46466,44774.17967564,46038.87431928,3388.02546936
1631491200,46039,46874,43444,44960,8766.1782205
1631577600,44958,47238.51708787,44699,47152,3522.31523416
1631664000,47134,48444,46724,48137,3984.89678517
1631750400,48137.76809977,48530,47061,47782,3606.92716916
1631836800,47782,48183,46771,47296,2492.08689486
1631923200,47296.15646179,48819,47066,48308,2046.85548391
1632009600,48319,48370.29414611,46837,47239,2275.17062422
1632096000,47244,47327,42567,43025,12626.55362415
1632182400,43025,43625,39678,40747.95941373,14959.93106697
1632268800,40748,44000,40601,43574,8433.81929627
1632355200,43575,45000,43102,44884.68321336,5286.6158969
1632441600,44893,45164.4867643,40755,42856,11762.58236356
1632528000,42861,42986.84667145,41728,42714,2960.4559682
1632614400,42714,43963,40800,43190,5524.9976253
1632700800,43188,44355.99143738,42135,42181,4264.38479556
1632787200,42181,42777,40928,41064,6163.37775862
1632873600,41046,42606,40804,41530,4388.87768673
1632960000,41539,44122,41432,43830,5077.91198722
1633046400,43829,48464,43311,48151,8320.29323947
1633132800,48157,48350,47438,47649,2064.33021643
1633219200,47649,49196,47120,48242,3603.97473091
1633305600,48241,49503,46897,49252,6189.79094668
1633392000,49252,51922,49065,51508,6679.6934632
1633478400,51497,55743,50438,55335,10522.17131951
1633564800,55335,55349,53429,53797.03310738,4945.29208426
1633651200,53797,56000,53628,53947,5483.0900781
1633737600,53947,55475,53678,54968,2441.95849435
1633824000,54978,56450,54114,54691,5837.52839784
1633910400,54679,57821,54430,57489,7518.67228723
1633996800,57470,57661,53837.51997218,56009,5939.04864337
1634083200,56000,57775,54300,57368,3057.11437171
1634169600,57369,58488,56855,57354,4594.56935053
1634256000,57352,62900,56881,61680,11884.27980029
1634342400,61686,62333,60171,60868,4282.8458784
1634428800,60867,61698,59019,61504,5143.44382702
1634515200,61508,62682,59883,61994,8560.33312672
1634601600,62007,64421,61368,64263,9147.46761696
1634688000,64263.93176072,66958,63535,66021,9261.63700057
1634774400,66021,66643,61855,62219.4946565,13374.75380747
1634860800,62199,63729,60013,60706,6352.88637065
1634947200,60706,61764,59755,61302,2711.22312765
1635033600,61296,61476,59533,60847,2877.08393076
1635120000,60832,63666,60632,63100,3714.45563581
1635206400,63100,63332.60744575,59766,60288,4749.18632628
1635292800,60285,61450,57950,58449.27880851,7135.86458074
1635379200,58438,62444,57606,60598,8065.72580092
1635465600,60579,62980,60188,62257.71552291,3923.96559639
1635552000,62264,62353,60755,61880,2240.72931998
1635638400,61879,62415,60005,61330,2418.9685185
1635724800,61326,62491.21298363,59522,60949,4812.56996488
1635811200,60923.30466641,64313,60661,63249,5201.60498227
1635897600,63249,63565,60175,62900,4764.51414191
1635984000,62893,63067,60700,61414.88951003,2931.27739182
1636070400,61410,62600,60735,61005,2256.00855877
1636156800,60995,61583,60100,61495.04388678,2931.74591647
1636243200,61495.04388678,63279,61400,63263,3232.5386102
1636329600,63277,67665,63277,67526,8981.51771213
1636416000,67526,68444,66326,66938,6464.53059208
1636502400,66937.19022637,68958,62866,64871,12234.95221447
1636588800,64871,65541,64079,64791,2865.01975118
1636675200,64785,65421,62255,64134,5119.19138358
1636761600,64134,64988.98628182,63405,64398,1867.9664885
1636848000,64395,65474,63564,65474,2194.50242661
1636934400,65474,66343.87555372,63351,63561,5271.37786582
1637020800,63560,63561.99202931,58625.68734157,60068,13067.39720688
1637107200,60069,60851,58368,60352.81595949,6722.38920098
1637193600,60354.56777918,60945,56555,56963,11543.6546553
1637280000,56929,58379,55653,58130,5178.95343066
1637366400,58122,59886,57450,59766,3132.48617106
1637452800,59774,60050,58603,58691,2441.52005007
1637539200,58702,59456,55714,56281.06370152,8831.25755739
1637625600,56282,57869,55453,57577,8556.50068307
1637712000,57579.62257756,57762,55894.51623388,57166,4894.72421352
1637798400,57159,59423.42625193,57067,59015.78236183,3980.98007547
1637884800,59017.11364499,59238,53555,53839,12192.85232164
1637971200,53825,55329,53711,54791,3095.45391453
1638057600,54781,57469,53458,57356,4935.55622261
1638144000,57329,58888,56764,57840,5067.13310919
1638230400,57841,59174,55899,56966,6474.93325982
1638316800,56988.82934176,59055,56505,57240,5181.22611006
1638403200,57239,57390,55842,56517,4407.00834983
1638489600,56520,57599,51333,53687,10731.38436031
1638576000,53667,53879,41634,49249,22576.79156425
1638662400,49243,49769,47860,49474,4781.51606539
1638748800,49475.49285585,50988,47167,50513,8047.10688222
1638835200,50504.57178257,51970,50095,50634,3906.09825985
1638921600,50641,51275,48726,50503.43470097,4034.70087438
1639008000,50506,50844,47408,47610.10671846,5302.68964537
1639094400,47598,50212,47051,47208,8170.3034946
1639180800,47195,49522,46872,49426,5290.0407734
1639267200,49427,50800,48690,50123,3871.0577521
1639353600,50116.77552521,50234,45788,46748.99252241,8718.4189488
1639440000,46757.79747071,48684,46356.20997454,48399,5475.91511506
1639526400,48392,49520,46600,48901,7034.83778105
1639612800,48901.82763469,49480,47543,47665,3526.16889648
1639699200,47659,48038,45539,46180.73115089,5855.16500604
1639785600,46163,47483,45523,46873,3741.01105399
1639872000,46869.78960743,48364,46458,46704,5235.97879276
1639958400,46698,47541,45600,46901,5653.48095332
1640044800,46915,49369,46683,48923,4713.12476057
1640131200,48926.48057156,49588,48459.75038112,48626,3142.00224085
1640217600,48625,51413.12295813,48078,50833,4431.55470384
1640304000,50834,51842,50405,50830,2595.23490632
1640390400,50830,51171,50182,50435.2441132,1990.00968884
1640476800,50435.06967051,51300,49433,50797,2901.41955597
1640563200,50805,52085,50482.47485727,50690,3518.7545013
1640649600,50713.70862195,50714,47321,47556,5431.10326822
1640736000,47556,48166,46079,46465,4123.31355873
1640822400,46464,47911,45947,47156,3197.77938826
1640908800,47148,48650,45664.14362225,46218,4250.72286302
1640995200,46209,47957,46203,47747,2177.29114836
1641081600,47746,48012,46648,47302,1844.50014517
1641168000,47304.23510549,47578,45689,46448,2576.35918684
1641254400,46449.61555627,47671.86280513,45568,45834,3787.1737147
1641340800,45830,47058,42505,43455,6931.50364544
1641427200,43457,43781,42412,43103.47161129,3405.10198498
1641513600,43101.35518617,43135.77081015,40586,41548,7404.18953827
1641600000,41555.41669034,42319.82508013,40556,41682,4143.85462114
1641686400,41687.21240698,42801,41240,41856,3717.48103557
1641772800,41861,42270,39672.88479242,41847,9553.1233487
1641859200,41839,43119.19618143,41265,42741.74663693,4787.22258719
1641945600,42744,44315,42468,43909,3769.71705314
1642032000,43909,44445,42334,42583,3741.33451278
1642118400,42585,43468,41736,43091,4314.47393345
1642204800,43090,43816,42575,43069,3195.49727251
1642291200,43074,43487.39375881,42603,43084,1579.95500976
1642377600,43084,43194,41465,42223,2920.82370284
1642464000,42221,42690,41204,42376.97315245,4338.07663346
1642550400,42373,42596,41158,41676,6452.4648449
1642636800,41677,43591,40568.39019693,40692.20981196,5112.3607091
1642723200,40690.34893641,41132,35471,36467,16224.36723416
1642809600,36463.16076078,36861.57424928,33854.97502491,35104.74628423,17582.37493587
1642896000,35108,36556,34654,36308,8715.95686304
1642982400,36302,37596,32937,36702,23104.42032882
1643068800,36706,37584,35751,36986,8863.28144099
1643155200,36995,38935,36291.6959393,36828.54217638,10646.06275751
1643241600,36847.6476148,37275,35504,37194,6940.90051614
1643328000,37187,38055,36197,37759.82718923,4583.70459518
1643414400,37748,38898,37347.69182748,38179.91123381,3546.41912122
1643500800,38201.60978983,38403,37386,37914.38083181,2050.66031054
1643587200,37914,38785,36674,38500,4765.88314294
1643673600,38501,39416.42020804,38000,38713,4290.37021919
1643760000,38717.60475262,38879,36633,36913,4191.09542605
1643846400,36923,37410,36267.47644877,37366,5041.11250521
1643932800,37367,41753,37070,41588,8275.28034874
1644019200,41588,41956,40979.80786121,41438,2598.47145645
1644105600,41441,42739,41169,42412,2363.41227924
1644192000,42421.82387236,44540,41699.5447648,43865,5516.04729913
1644278400,43865,45400,42709,44077,7620.23845199
1644364800,44079.55202568,44865,43160,44431,3713.90478259
1644451200,44437,45899,43222,43545,7328.39995166
1644537600,43549,43965,42010,42418,5610.14441633
1644624000,42422,43036,41715,42244,2662.70311202
1644710400,42241,42789,41915,42090,1950.88842047
1644796800,42090,42863,41545,42554,4785.62674807
1644883200,42567,44762,42463,44563,4113.4621288
1644969600,44567,44584,43352,43909,3271.50987336
1645056000,43896.94591367,44189,40117,40555,6751.95368549
1645142400,40555,40984,39521,40027.47722701,4677.0785788
1645228800,40027,40482,39673,40128,1464.27083574
1645315200,40130,40164.0547683,38038,38439,3526.8252122
1645401600,38437,39555,36829,37060.861799,8506.7493668
1645488000,37078,38485,36402,38299,6204.8494294
1645574400,38294,39310,37117,37305,5807.62462487
1645660800,37305,39926,34425,38383,17875.33839978
1645747200,38380,39744.30276268,38058,39253,6430.23613585
1645833600,39252,40330,38633,39137.11917015,3589.87883323
1645920000,39157.95514117,39892,37051,37734.2155012,5478.01248088
1646006400,37739.64675691,44268,37496,43202,8448.91340621
1646092800,43208,44952,42862,44441,6344.48349803
1646179200,44442,45470,43378.82822903,43952,5572.88272194
1646265600,43946,44112.33989793,41856,42489,3887.34510984
1646352000,42489,42559.00615524,38621,39171,6380.43163957
1646438400,39170.82640044,39628,38625,39419,2188.96221492
1646524800,39414,39716,38120,38437.04838587,3368.10437645
1646611200,38437.04838587,39583,37181.75600117,38021,6784.67353821
1646697600,38018.58365775,39398,37888,38757,5512.40436454
1646784000,38764,42607,38692.1802019,41976,5964.74791466
1646870400,41968,42069,38633,39455,6674.44262231
1646956800,39454,40239,38230,38737,9566.69669053
1647043200,38739,39447,38679,38814,1808.25748321
1647129600,38815,39325,37577,37776,3421.05421289
1647216000,37779,40005.03139151,37450,39711.32170449,8046.79553486
1647302400,39717,39966,38168,39316.64988671,5302.75699661
1647388800,39323,41788,38878,41138,8543.69658494
1647475200,41139,41499,40542,40942.58383825,2285.09105917
1647561600,40949.46502595,42427,40161,41780,3772.95914338
1647648000,41772.27591881,42425,41438,42213,2136.73581864
1647734400,42212.66398374,42292,40931,41264,1809.3163101
1647820800,41263,41544,40544,41011,2622.81596049
1647907200,41010.41264944,43333,40878,42371,4998.62872368
1647993600,42370,42995,41750,42885,2752.41840077
1648080000,42886.85386804,44241,42587,44000,3782.16662869
1648166400,44000,45082,43606,44337,4362.02524817
1648252800,44336,44785,44112,44536.4262433,1313.71155451
1648339200,44536.21835356,46864,44439,46813,5654.91144131
1648425600,46810,48192,46663.38081286,47120,6384.62784845
1648512000,47120,48102,46952,47422,3378.87918621
1648598400,47423.96908156,47675,46446,47049,4297.72924204
1648684800,47048.94776884,47665,45190.19424317,45536,4657.79030751
1648771200,45535.78349408,46740.70525005,44234,46301,3960.99309931
1648857600,46301.01257854,47240,45636,45823,2274.2631833
1648944000,45820,47600,45505,46390,3013.04774219
1649030400,46388,46900,45111,46611,3446.09311427
1649116800,46594,47173,45359,45481,2585.94717668
1649203200,45490.44735913,45520,43162,43195.91199284,5843.58477414
1649289600,43194.82132932,43901,42804,43458,2401.33608676
1649376000,43441,43985,42137,42250,4365.48103272
1649462400,42249.61563447,42824,42137,42780,1922.58588921
1649548800,42780.0798286,44023,41933,42177.51505057,3028.1444129
1649635200,42181,42437,39223,39566,6702.28744991
1649721600,39560.17805141,40770,39300,40088,4107.28975545
1649808000,40096,41555,39607,41155,4568.13299248
1649894400,41166,41511,39575,39948,3165.40381653
1649980800,39948.01234606,40873,39777,40586.355501,2205.27017177
1650067200,40575,40717,40014,40408,1486.21866793
1650153600,40408,40624,39563,39707.55271232,1656.88920635
1650240000,39699.71930283,41127.50821203,38547,40822,4991.91603625
1650326400,40823,41777,40601,41518.32114382,2378.75004233
1650412800,41514,42223,40905,41364,3732.07837948
1650499200,41364.07177753,42989,39789,40502,4559.00776012
1650585600,40502,40799,39170,39726,4129.34404946
1650672000,39722.57093894,40103,39312,39444,1916.80513334
1650758400,39454,39973,38942,39480.58123889,2187.06343582
1650844800,39473,40635,38200,40455.53559827,6011.7813573
1650931200,40458.36692153,40809,37727,38132,4730.00767703
1651017600,38133,39496,37900,39263,4197.6820913
1651104000,39261.41542102,40383,38910,39757.81575497,4646.8631938
1651190400,39756,39927.17935766,38200,38600,3193.29252637
1651276800,38616,38811,37633,37660,2914.37476533
1651363200,37659,38714,37406.13888176,38496.07041811,3057.77199565
1651449600,38495.42135157,39208.80322028,38075,38521,3592.2370855
1651536000,38526,38673.49243394,37555,37752,3623.73736181
1651622400,37752,40046,37695,39708.11961676,5256.65194577
1651708800,39708.11961676,39850,35501,36577,9737.6524167
1651795200,36577,36685,35290,36040,7596.86317672
1651881600,36041,36170,34854,35506,3781.1818366
1651968000,35506,35541,33761,34064,6572.8452332
1652054400,34075,34277,30100,30140,21250.24561467
1652140800,30136,32687,29833,31072,14172.68220752
1652227200,31065.32759343,32227,27900,29149,28729.96505252
1652313600,29149.69356674,30270,26591,29078,34251.41050685
1652400000,29089,31136,28826,29305,8722.72459985
1652486400,29301,30416.94862318,28630,30099,4127.8304012
1652572800,30099,31500,29481,31318,2740.51347641
1652659200,31323,31324.08253275,29070,29864,4521.359073
1652745600,29868,30773,29433.51564009,30442,3074.95202119
1652832000,30440,30702,28632.1300395,28681,3948.70623024
1652918400,28685,30550,28670,30329.11483534,4490.0053088
1653004800,30329,30769,28702,29202.32017749,3939.37512565
1653091200,29203,29654,28937,29439,1275.34067011
1653177600,29439,30477,29238,30283,2684.69523307
1653264000,30279,30666,28863,29102,2788.89163361
1653350400,29102,29854,28652.02346923,29647,2906.30435094
1653436800,29648,30219.30951769,29333,29525.65891892,2152.87155813
1653523200,29522,29859.22423568,27978,29206.99009526,5540.822699
1653609600,29197,29384,28262,28609.29899389,4372.09266932
1653696000,28618.20387438,29269,28524,29037.32513873,1652.83815511
1653782400,29037.32513873,29699.25013822,28850,29476,2573.70051009
1653868800,29477,32503,29310,31726.27832771,7934.23941591
1653955200,31724.19964769,32407.93272565,31220,31785,2924.87337359
1654041600,31798.25894723,31974.1614267,29346,29833,4840.9294341
1654128000,29843,30719,29610,30478,5926.41549914
1654214400,30473.75559032,30708.17873851,29300,29730,3038.21404403
1654300800,29719,30028,29498,29874,1500.54135885
1654387200,29873,30245,29540,29923.41356674,1716.52810801
1654473600,29934,31775,29907,31371.83211454,4782.51790832
1654560000,31371,31591,29174,31137,6418.74611959
1654646400,31138,31339,29872,30226,2645.76937336
1654732800,30225,30711.83055338,29952,30112.15191487,2096.43578747
1654819200,30112,30395,28864,29103,4851.47200227
1654905600,29104,29456,28138,28433,3748.54002354
1654992000,28442,28558.26751191,26636,26636,8910.2412852
1655078400,26636,26951,21953,22500,42725.60923131
1655164800,22500,23377,20859,22143.77484,16457.01911196
1655251200,22143,22810,20073,22594,17555.04162824
1655337600,22594,23010,20248,20397.20710459,6742.63722117
1655424000,20400,21362,20250,20414,24019.88948504
1655510400,20413,20688,17605,18965,17929.96296158
1655596800,18964,20744,17950,20549,11679.3372113
1655683200,20543.45566385,21039,19626,20549.09798559,6689.14478825
1655769600,20554,21675,20327,20694,8182.10122228
1655856000,20689.23205291,20848,19730,19944,7258.55352681
1655942400,19952,21179,19855,21074,6144.6869305
1656028800,21076,21549,20704,21229,5796.70789434
1656115200,21229,21594,20893,21473,2299.47417038
1656201600,21479,22020,20980,21056,2802.79524656
1656288000,21054.89482996,21534,20515,20718,2791.20132445
1656374400,20734,21208,20194,20272,2388.91600343
1656460800,20271,20430,19844,20111,3381.71634737
1656547200,20112,20157,18638,19944,5746.57362624
1656633600,19943,20959,18962,19286,5191.73816783
1656720000,19281,19445,18980,19230,1666.15181138
1656806400,19230,19666,18774,19308,2354.83049198
1656892800,19307.29593377,20343,19050,20231,3546.1260629
1656979200,20233,20736,19287,20169,4449.01676208
1657065600,20168.28749762,20665.61764153,19758,20557.05483986,4319.28182021
1657152000,20551.24599564,21816,20253,21593,5596.3818165
1657238400,21597,22425,21172,21590,11597.73012881
1657324800,21587.17550637,21976,21318,21575.75757576,2195.876309
1657411200,21576.1046085,21590.54000409,20669,20854.59638401,2883.47589323
1657497600,20869,20869,19872,19944,6609.77192944
1657584000,19945,20038.23365274,19216.56633301,19310.53347612,6778.02715371
1657670400,19308,20347,18912.59691993,20246,11999.95366991
1657756800,20232,21026,19625,20582,6058.89892101
1657843200,20580.88162175,21195,20373,20820,3590.87123208
1657929600,20820,21606,20474,21224,3402.47155942
1658016000,21211.8461135,21666,20750,20787.94254165,3168.24979054
1658102400,20791,22780,20763,22437,8517.27037735
1658188800,22436,23800,21592,23388,10213.33022573
1658275200,23384,24276,22905,23209,8437.29881318
1658361600,23214.24295395,23423,22350,23151.82385576,8123.80126949
1658448000,23150,23732,22515,22681,5070.87371253
1658534400,22685,22995,21943,22448,2691.60438328
1658620800,22442,23006,22261,22580.43244993,2343.64074007
1658707200,22578,22663.27985526,21260,21297,4422.25580828
1658793600,21305,21338,20724,21262,4431.0854559
1658880000,21268,23100,21056,22951,7469.46347531
1658966400,22953.21189857,24180,22594,23848,6627.27184448
1659052800,23844.17675427,24444,23450,23764,5026.66429676
1659139200,23782,24736,23512,23639,4296.07914196
1659225600,23640.26790736,24211,23233,23294,3146.59578812
1659312000,23291,23499.33892049,22879,23256.43130738,5578.70969505
1659398400,23256,23466,22676,22986,4219.45121887
1659484800,22982,23634.09748227,22680,22813.87370738,4747.35128105
1659571200,22813.21307165,23214,22390,22611.73420504,4596.64364936
1659657600,22611,23479,22593.47884997,23312,7080.90663896
1659744000,23312,23341.25695438,22898,22930,1263.75368903
1659830400,22929.97521111,23435,22836,23177.92133232,2154.19289338
1659916800,23177.92133232,24224,23163.96340701,23817,2895.58018395
1660003200,23817,23913,22888,23142,4071.00009569
1660089600,23141,24227,22650,23954.17992196,8778.67394799
1660176000,23954,24900,23861,23931.54283369,5883.13974967
1660262400,23932,24470,23600,24401,3558.00669665
1660348800,24399,24900,24284,24425,4048.31720037
1660435200,24435,25068,24143,24300,2743.94283279
1660521600,24303,25205,23758,24094,8933.80935453
1660608000,24091,24234.10623656,23679,23856,2768.31191499
1660694400,23855.76464293,24440,23170,23332.48537268,6126.2164096
1660780800,23332,23600,23115,23204,3026.71088806
1660867200,23194,23199,20790,20835,9533.3997166
1660953600,20832,21370,20769,21141,2041.60712664
1661040000,21139,21800,21070,21511.72749449,2311.5187941
1661126400,21514,21537,20908,21395,3444.33487236
1661212800,21396,21685,20908,21519,4918.92915838
1661299200,21528,21930,21157,21365.61149467,5411.41035858
1661385600,21372.50137535,21816,21318,21563,3218.0808925
1661472000,21562.63485514,21874,20133,20262,11229.49273807
1661558400,20256.46139587,20386,19773,20049,2549.3340885
1661644800,20044,20169,19540,19571,3231.72060433
1661731200,19570.9358742,20427,19561,20307,4134.17831509
1661817600,20299,20589,19574,19824,5330.65775213
1661904000,19825,20495,19812,20058,4639.06519436
1661990400,20056.01071509,20212,19581,20144,5936.72590001
1662076800,20142.41710996,20441.42260626,19764,19970,6295.63274093
1662163200,19969.84380935,20063.72915111,19646.41290961,19835,1646.35715086
1662249600,19833.70674633,20039,19589,20003,2041.76079644
1662336000,20004,20060,19637,19788.90905518,2245.84629873
1662422400,19789,20183,18675,18794,12116.51834155
1662508800,18794,19463,18549,19286,6187.57604071
1662595200,19286,19460,19029.17130173,19321.99343392,8224.40792398
1662681600,19323.45389847,21590,19304.35664047,21373,11992.54666927
1662768000,21373,21802,21139,21656,5370.35232387
1662854400,21654.41794906,21854,21359,21834,2242.68662294
1662940800,21832.92465912,22480,21553,22395,7836.1847186
1663027200,22395,22794,19883,20175.11037941,16056.89327614
1663113600,20177,20536,19624,20234.10830414,8264.89281368
1663200000,20236,20330,19507.96149205,19714,4226.66522096
1663286400,19717,19894,19347,19813.31437099,6949.50051132
1663372800,19813,20212,19757,20124.67868232,13666.51634841
1663459200,20124.67868232,20125,19350.08803832,19417.99098587,2425.79859182
1663545600,19418,19694,18256,19544.5149091,11969.11567367
1663632000,19544,19635,18754,18886.62342906,9666.80063656
1663718400,18886,19981,18210,18473,17615.84646342
1663804800,18473,19524,18377,19413,28283.72934881
1663891200,19411.87732991,19512,18551,19299,14545.46472833
1663977600,19298,19315,18822,18935,1329.0663718
1664064000,18934,19188,18646,18817,4115.31507078
1664150400,18819,19333,18694,19235,43750.60571788
1664236800,19233,20385,18838,19096.59592432,14959.1232392
1664323200,19096,19791,18478,19419,16055.07791697
1664409600,19419.45237404,19652,18859,19589,8402.26872871
1664496000,19589,20181,19154,19429.98970855,11704.04341257
1664582400,19429,19485,19157,19316,937.38413459
1664668800,19314,19396,18943,19066.91978561,3162.00685088
1664755200,19067,19708,18980,19632,10893.50637334
1664841600,19635,20543,19502,20344,8466.07599474
1664928000,20344,20363,19750,20156.31380734,6991.30852044
1665014400,20156,20455,19866,19960,6430.41312749
1665100800,19959,20059,19334,19532.6194523,7678.06746956
1665187200,19532.6194523,19626,19250,19418.0113733,1226.55172957
1665273600,19418,19553,19326,19444.42907034,1124.66304191
1665360000,19441,19526.95886111,19000,19128,4690.30653024
1665446400,19127,19260,18856.7741059,19063,8838.74975152
1665532800,19063,19233,19025,19160,3483.93631181
1665619200,19155,19515,18161,19385,6275.90512443
1665705600,19382,19947,19088,19186,2566.17321935
1665792000,19183,19227,18991,19071,737.28267116
1665878400,19073,19428,19067,19267,781.6759937
1665964800,19268,19684,19166,19554,1449.17906501
1666051200,19557,19709,19100,19334,2116.25503321
1666137600,19332,19361,19081,19132,859.20668289
1666224000,19131,19355,18900,19058,1274.48233507
1666310400,19057,19260,18673,19175,1190.74960317
1666396800,19175,19278,19124,19219,753.31087646
1666483200,19219,19707,19086,19585,1517.4279514
1666569600,19586,19615,19174,19340,1311.9384686
1666656000,19339,20432,19251,20104,2757.98414579
1666742400,20105,21022,20077,20790,3903.78197835
1666828800,20788,20892,20191,20301,2750.13346228
1666915200,20305,20767,20033,20611,2281.25625562
1667001600,20610,21091,20576,20833,1828.95764182
1667088000,20833,20950,20532,20647,1087.34864139
1667174400,20649,20860,20257,20509,1712.22494415
1667260800,20508,20699,20340,20500,1668.46571335
1667347200,20501,20817,20078,20165,2579.85025072
1667433600,20166,20404,20052,20223,1243.51107371
1667520000,20223,21298,20206,21165,3812.59014626
1667606400,21165,21470,21100,21313,1618.15101076
1667692800,21316,21378,20900,20932,1354.49895193
1667779200,20932,21083,20421,20609,1843.19820984
1667865600,20609,20712,16950,18559,20516.06887816
1667952000,18557,18600,15588,15923,18084.79913993
1668038400,15928,18156,15760,17585,20732.46265973
1668124800,17584,17671,16355,17047,8033.4478861
1668211200,17056,17106,16635,16820,1247.83120298
1668297600,16815,16956,16255,16345,2540.91851039
1668384000,16344,17200,15822,16626,6708.64429238
1668470400,16625,17132,16543,16886,6530.20499698
1668556800,16887,17002,16347,16654,4385.12252046
1668643200,16653,16735,16410,16683,1480.45378735
1668729600,16683,16977,16546,16685,1987.00667074
1668816000,16682,16811,16538,16695,606.18688025
1668902400,16692,16742,16184,16278,1175.61344735
1668988800,16278,16305,15487,15765,4309.95539085
1669075200,15766,16294,15616,16217,3198.97092976
1669161600,16219,16682,16168,16613,2896.16845681
1669248000,16608,16804,16463,16606,1205.91923577
1669334400,16603,16617,16354,16519,1163.74575995
1669420800,16520,16697,16389,16460,775.87560035
1669507200,16460,16603,16410,16435,493.94692482
1669593600,16436,16487,16002,16214,1743.74434388
1669680000,16216,16545,16101,16452,1631.52526049
1669766400,16454,17297,16446,17180,2726.56162025
1669852800,17181,17335,16872,16980,1561.74921732
1669939200,16982,17100,16789,17090,1532.30974454
1670025600,17091,17144,16865,16889,690.86833849
1670112000,16890,17210,16885,17127,1409.18709628
1670198400,17127,17436,16886,16975,1459.04614074
1670284800,16974,17109,16908,17094,771.97133221
1670371200,17095,17156,16701,16846,1071.00042806
1670457600,16846,17323,16756,17246,1755.37953641
1670544000,17247,17366,17053,17137,1423.87985094
1670630400,17137,17240,17104,17133,370.29363467
1670716800,17132,17503,17092,17110,2066.60478585
1670803200,17101,17263,16879,17229,2467.86301939
1670889600,17230,18000,17102,17785,5962.59634953
1670976000,17786,18391,17678,17813,3086.58922678
1671062400,17816,17867,17299,17373,1915.6422365
1671148800,17372,17544,16550,16642,3008.4113486
1671235200,16648,16811,16609,16793,1230.26430418
1671321600,16794,16872,16678,16755,612.42713726
1671408000,16756,16825,16261,16447,2037.03807763
1671494400,16448,17066,16413,16924,1460.28434767
1671580800,16917,16934,16750,16845,789.52589881
1671667200,16840,16873,16588,16838,768.15179028
1671753600,16838,16966,16770,16802,529.86844101
1671840000,16802,16891,16802,16864,399.80652616
1671926400,16864,16874,16723,16847,377.42038155
1672012800,16848,16963,16814,16946,323.1009698
1672099200,16947,16987,16617,16720,937.1276495
1672185600,16719,16797,16444,16558,1592.43561721
1672272000,16558,16675,16505,16658,417.59643157
1672358400,16658,16667,16358,16618,1298.14290497
1672444800,16618,16664,16507,16564,599.66017255
1672531200,16569,16644,16517,16643,242.32026824
1672617600,16643,16803,16584,16690,599.35300447
1672704000,16689,16810,16625,16689,1577.92504173
1672790400,16689,17008,16671,16864,1120.44405271
1672876800,16864,16888,16775,16842,569.7985385
1672963200,16842,17200,16687,16968,1821.67529585
1673049600,16967,16990,16924,16958,282.76826858
1673136000,16958,17181,16930,17140,811.79305095
1673222400,17141,17400,17123,17185,1584.178789
1673308800,17186,17506,17155,17445,807.97102072
1673395200,17446,18009,17316,17952,2227.30782998
1673481600,17953,19112,17866,18856,5321.53349096
1673568000,18855,20000,18725,19930,3035.10363096
1673654400,19935,21378,19897,20966,6061.6721938
1673740800,20964,21055,20566,20882,1541.86842995
1673827200,20882,21469,20639,21197,3247.95607983
1673913600,21198,21586,20853,21136,2057.93558472
1674000000,21136,21639,20408,20684,3188.07632395
1674086400,20675,21187,20670,21080,901.34860514
1674172800,21080,22743,20856,22670,2884.92030548
1674259200,22670,23353,22427,22775,3600.42349164
1674345600,22775,23072,22310,22713,1519.98018751
1674432000,22713,23169,22497,22910,1859.39299232
1674518400,22912,23154,22437,22627,1877.23264356
1674604800,22627,23812,22324,23054,3742.14726854
1674691200,23054,23273,22853,23004,1404.76161017
1674777600,23005,23486,22533,23067,2247.41488427
1674864000,23066,23181,22876,23029,1406.06679055
1674950400,23028,23962,23000,23746,4238.64618824
1675036800,23743,23785,22500,22830,2951.17457319
1675123200,22830,23297,22730,23135,1988.19607648
1675209600,23136,23814,22757,23723,2127.92483576
1675296000,23724,24240,23385,23491,2831.61207564
1675382400,23487,23708,23230,23433,1923.93720419
1675468800,23433,23580,23248,23315,584.20351345
1675555200,23314,23419,22777,22932,1436.53002813
1675641600,22935,23145,22620,22755,1080.80512025
1675728000,22754,23350,22742,23246,1196.25968572
1675814400,23245,23430,22691,22957,1354.2193362
1675900800,22957,23003,21700,21800,3309.40589238
1675987200,21799,21937,21500,21641,1470.20646874
1676073600,21641,21907,21614,21865,356.98011152
1676160000,21865,22096,21666,21796,1264.85596743
1676246400,21793,21905,21354,21773,3084.17309913
1676332800,21773,22339,21555,22198,1438.23082697
1676419200,22197,24393,22063,24318,2371.52565578
1676505600,24325,25234,23526,23529,4641.93111863
1676592000,23525,25023,23350,24582,4173.39457899
1676678400,24580,24878,24450,24633,628.49327612
1676764800,24634,25209,24221,24284,2721.31731927
1676851200,24281,25114,23862,24835,2020.7429041
1676937600,24834,25227,24172,24466,3552.86317384
1677024000,24466,24485,23578,24191,3335.13051558
1677110400,24191,24600,23622,23950,2241.92626877
1677196800,23958,24150,22873,23200,3450.62588589
1677283200,23197,23223,22810,23178,1115.2336105
1677369600,23178,23673,23083,23561,771.50249683
1677456000,23560,23891,23131,23502,1838.33895462
1677542400,23503,23615,23066,23142,1437.33108616
1677628800,23146,24009,23036,23646,1372.16718746
1677715200,23645,23800,23205,23472,700.91860008
1677801600,23474,23482,21910,22362,2988.8365216
1677888000,22362,22406,22176,22345,410.84119636
1677974400,22346,22660,22200,22431,434.29209452
1678060800,22430,22591,22278,22405,892.5797623
1678147200,22405,22554,21950,22209,1839.87951855
1678233600,22209,22291,21590,21713,1749.76495294
1678320000,21712,21836,20086,20381,3785.66297745
1678406400,20381,20382,19592,20201,4644.72712656
1678492800,20200,20789,19863,20529,6804.59953152
1678579200,20530,22193,20357,22083,5613.2705501
1678665600,22091,24600,21878,24183,7005.64861226
1678752000,24188,26529,24060,24735,9607.08087005
1678838400,24730,25324,23931,24321,2632.3823115
1678924800,24330,25213,24186,25061,2418.12626031
1679011200,25054,27563,24954,27351,9816.30527876
1679097600,27352,27621,26547,26914,3081.77889399
1679184000,26916,28342,26838,27943,4338.09054239
1679270400,27947,28439,27130,27714,2701.6770114
1679356800,27713,28435,27312,28112,1662.37542875
1679443200,28111,28818,26591,27258,3933.61903279
1679529600,27258,28772,27094,28304,3122.92747618
1679616000,28308,28376,27000,27461,1918.17403496
1679702400,27463,27810,27164,27478,857.77849262
1679788800,27472,28227,27438,27978,1171.62504149
1679875200,27985,28027,26536,27127,1939.3093401
1679961600,27127,27529,26636,27265,1438.77990481
1680048000,27266,28649,27253,28345,2119.52784281
1680134400,28344,29171,27677,28021,2681.50715561
1680220800,28021,28651,27504,28460,1322.02079007
1680307200,28454,28817,28201,28443,862.87536365
1680393600,28443,28515,27839,28173,1002.57160986
1680480000,28173,28500,27213,27795,2640.09112717
1680566400,27795,28449,27671,28154,1082.42736342
1680652800,28153,28801,27828,28153,1517.3912465
1680739200,28152,28164,27717,28019,880.74550668
1680825600,28019,28083,27755,27889,333.64396351
1680912000,27889,28151,27833,27901,401.81335511
1680998400,27908,28521,27767,28320,682.93538932
1681084800,28320,29724,28136,29613,2235.72295074
1681171200,29614,30494,29579,30190,2751.94116642
1681257600,30189,30468,29677,29879,1687.67047534
1681344000,29884,30563,29867,30389,1431.75003178
1681430400,30385,30968,30001,30462,2594.40175811
1681516800,30462,30575,30192,30278,794.82951029
1681603200,30278,30623,30103,30286,1840.92587672
1681689600,30285,30290,29262,29437,2043.56398129
1681776000,29437,30527,29169,30391,1933.63436452
1681862400,30392,30412,28582,28818,3764.35247092
1681948800,28809,29098,28012,28248,1544.53946191
1682035200,28251,28381,27155,27287,1372.53711278
1682121600,27287,27885,27163,27826,706.90012791
1682208000,27827,27827,27333,27612,693.03527296
1682294400,27611,28007,26978,27522,1380.68009991
1682380800,27522,28394,27210,28324,977.60296994
1682467200,28325,30034,27234,28427,3455.87588136
1682553600,28425,29888,28395,29479,1887.16853223
1682640000,29486,29589,28911,29338,1404.89643671
1682726400,29338,29467,29059,29253,345.32705268
1682812800,29252,29974,29113,29254,1373.60238417
1682899200,29263,29347,27692,28101,1802.40279976
1682985600,28101,28888,27901,28679,1243.74453575
1683072000,28680,29282,28129,29037,1030.17289186
1683158400,29043,29412,28700,28844,805.73839694
1683244800,28854,29691,28816,29526,1413.83029846
1683331200,29526,29847,28405,28909,1147.23732946
1683417600,28909,29188,28458,28484,639.097333
1683504000,28485,28686,27309,27701,1585.79705506
1683590400,27701,27846,27383,27668,750.77827691
1683676800,27668,28340,26850,27622,1704.38242039
1683763200,27625,27654,26795,27016,1785.36159658
1683849600,27006,27125,25857,26818,1824.92915107
1683936000,26821,27071,26713,26790,349.29437352
1684022400,26796,27205,26603,26937,366.67427275
1684108800,26939,27674,26741,27196,977.0813253
1684195200,27188,27313,26892,27054,798.73985391
1684281600,27058,27532,26612,27425,1877.57161985
1684368000,27431,27506,26413,26860,1587.37005105
1684454400,26859,27219,26667,26911,327.36219252
1684540800,26910,27168,26863,27126,184.40827655
1684627200,27126,27297,26693,26760,523.51451195
1684713600,26760,27130,26547,26869,544.4815276
1684800000,26870,27543,26829,27243,593.3413026
1684886400,27238,27239,26067,26344,924.73898937
1684972800,26344,26644,25886,26498,641.22872488
1685059200,26498,26947,26359,26736,965.08764038
1685145600,26737,26920,26587,26885,236.6939311
1685232000,26886,28277,26803,28096,1601.21890667
1685318400,28097,28475,27550,27772,817.35821036
1685404800,27771,28069,27600,27723,485.08329197
1685491200,27720,27856,26858,27220,1342.62118201
1685577600,27237,27359,26666,26833,834.90414063
1685664000,26832,27301,26511,27254,786.3988059
1685750400,27253,27340,26924,27077,442.41082193
1685836800,27077,27472,26963,27126,461.47193865
1685923200,27125,27136,25391,25730,3019.82300761
1686009600,25742,27365,25331,27233,1692.86934742
1686096000,27234,27393,26157,26360,1787.76485997
1686182400,26356,26845,26238,26526,701.8656057
1686268800,26525,26804,26302,26502,492.15640459
1686355200,26502,26556,25393,25871,1663.00807269
1686441600,25871,26233,25668,25953,531.76963856
1686528000,25953,26125,25632,25933,362.54518481
1686614400,25927,26455,25744,25948,794.55893122
1686700800,25953,26113,24838,25146,1260.2553521
1686787200,25143,25766,24825,25611,1111.55221527
1686873600,25610,26570,25211,26359,1020.18304578
1686960000,26359,26857,26202,26535,805.87100646
1687046400,26535,26729,26276,26358,534.94195692
1687132800,26357,27075,26292,26858,964.25998778
1687219200,26858,28412,26670,28326,2172.1252493
1687305600,28326,30801,28286,30015,3139.06756067
1687392000,30017,30527,29587,29919,1683.88478538
1687478400,29912,31430,29835,30712,2291.60014833
1687564800,30713,30820,30278,30556,727.70048324
1687651200,30551,31070,30316,30488,649.4967216
1687737600,30488,30685,29957,30287,1034.68422467
1687824000,30282,31018,30246,30711,1128.30867941
1687910400,30715,30731,29842,30091,1208.10317494
1687996800,30091,30849,30056,30471,980.26593112
1688083200,30471,31300,29508,30500,3222.73003206
1688169600,30499,30689,30356,30607,947.3076533
1688256000,30607,30830,30193,30649,701.40442179
1688342400,30655,31416,30606,31177,1363.08764094
1688428800,31182,31347,30655,30782,1668.30522021
1688515200,30783,30898,30232,30526,1252.53978244
1688601600,30525,31553,29875,29931,2312.33232269
1688688000,29929,30469,29750,30370,1186.5252409
1688774400,30370,30406,30086,30318,460.03014096
1688860800,30318,30474,30081,30188,777.31501949
1688947200,30188,31060,29975,30445,1283.72709939
1689033600,30445,30836,30338,30654,714.45717468
1689120000,30656,30999,30260,30428,1072.30602023
1689206400,30421,31845,30307,31500,2912.95410121
1689292800,31501,31663,29929,30343,2408.54069611
1689379200,30342,30419,30283,30310,380.06736474
1689465600,30316,30484,30101,30262,531.49971723
1689552000,30262,30353,29700,30172,1325.31491854
1689638400,30173,30269,29543,29888,1286.74869604
1689724800,29874,30221,29804,29939,504.23184859
1689811200,29935,30438,29565,29839,1308.2454767
1689897600,29841,30091,29770,29940,1115.69960405
1689984000,29940,30035,29667,29821,190.4170515
1690070400,29821,30380,29776,30122,499.30750542
1690156800,30117,30125,28924,29224,1623.21851887
1690243200,29222,29404,29101,29272,372.7447154
1690329600,29269,29721,29149,29390,747.94093351
1690416000,29392,29601,29123,29260,618.66445413
1690502400,29259,29578,29169,29365,322.71052862
1690588800,29364,29444,29305,29402,152.73892275
1690675200,29402,29488,29091,29315,492.2783761
1690761600,29315,29560,29148,29273,449.41711877
1690848000,29272,29755,28637,29733,1637.46552904
1690934400,29733,30076,28957,29197,1176.58179722
1691020800,29207,29442,28988,29206,618.86956866
1691107200,29206,29337,28821,29119,587.23561924
1691193600,29118,29153,28992,29075,412.90173472
1691280000,29074,29198,29007,29095,394.47303557
1691366400,29095,29289,28716,29223,1025.36536555
1691452800,29226,30284,29164,29796,1357.78999446
1691539200,29790,30170,29393,29597,1217.65315011
1691625600,29597,29745,29340,29458,1437.1042729
1691712000,29459,29557,29250,29434,1103.48034677
1691798400,29434,29497,29393,29445,196.73505655
1691884800,29445,29477,29296,29314,272.43583575
1691971200,29315,29689,29103,29445,788.83858252
1692057600,29444,29499,29077,29200,493.64880682
1692144000,29200,29255,28728,28730,1066.15353815
1692230400,28729,28779,24713,26634,4957.10801076
1692316800,26634,26829,25655,26066,2038.33660915
1692403200,26071,26288,25812,26115,328.80891394
1692489600,26111,26314,26001,26215,600.48510525
1692576000,26213,26279,25834,26144,898.99705777
1692662400,26144,26156,25387,26061,1065.45446181
1692748800,26066,26840,25840,26461,1190.20641871
1692835200,26457,26599,25900,26199,831.92761981
1692921600,26201,26326,25816,26079,1273.92999497
1693008000,26079,26192,26018,26045,209.80081472
1693094400,26046,26198,25997,26121,123.67979212
1693180800,26120,26264,25900,26147,686.70294274
1693267200,26146,28193,25954,27752,2675.74563341
1693353600,27749,27793,27040,27325,1289.42851806
1693440000,27326,27550,25714,25967,3625.18446315
1693526400,25966,26166,25342,25816,2050.28630482
1693612800,25815,25995,25762,25870,1174.53768605
1693699200,25876,26137,25825,25980,454.38502491
1693785600,25980,26100,25658,25823,723.39605755
1693872000,25831,25909,25602,25793,1022.71298568
1693958400,25798,26067,25444,25783,1142.6380329
1694044800,25782,26461,25641,26269,1213.11943102
1694131200,26274,26455,25680,25918,858.8653945
1694217600,25917,25950,25811,25910,267.36677077
1694304000,25914,26042,25608,25860,504.55219334
1694390400,25849,25904,24917,25183,1240.58902633
1694476800,25177,26575,25152,25851,2485.22349761
1694563200,25854,26430,25797,26238,874.44007227
1694649600,26238,26869,26151,26544,2560.5737632
1694736000,26543,26910,26255,26625,901.74818025
1694822400,26625,26792,26475,26576,304.60487364
1694908800,26575,26634,26444,26547,326.39424956
1694995200,26543,27452,26444,26788,2871.77760458
1695081600,26788,27508,26700,27244,1599.21203665
1695168000,27245,27414,26804,27144,1442.83396045
1695254400,27144,27167,26412,26594,1534.05900828
1695340800,26594,26749,26525,26606,2035.84541482
1695427200,26607,26810,26555,26609,884.87516389
1695513600,26608,26768,26191,26299,2033.92506468
1695600000,26293,26466,26040,26330,1174.8664438
1695686400,26331,26410,26129,26244,903.67726175
1695772800,26250,26876,26147,26391,1911.93530573
1695859200,26392,27335,26368,27046,1065.98406993
1695945600,27061,27264,26708,26929,1055.99836267
1696032000,26928,27110,26909,26980,331.8719321
1696118400,26976,28105,26973,28010,1832.04013233
1696204800,28023,28611,27335,27532,2083.65340804
1696291200,27532,27700,27176,27431,767.65676069
1696377600,27431,27846,27211,27813,889.62648993
1696464000,27815,28134,27369,27418,1444.94218113
1696550400,27418,28297,27195,27942,1622.53064858
1696636800,27927,28026,27840,27967,447.16680489
1696723200,27964,28093,27710,27929,302.22389345
1696809600,27927,27989,27331,27618,3071.17198164
1696896000,27624,27752,27325,27414,1274.53314975
1696982400,27425,27492,26562,26894,1975.79360257
1697068800,26889,26964,26580,26795,1443.45996751
1697155200,26794,27140,26699,26875,855.09716682
1697241600,26875,26995,26820,26871,361.00997061
1697328000,26870,27304,26832,27168,468.63403016
1697414400,27169,30208,27129,28524,4310.34460801
1697500800,28526,28624,28099,28410,826.57419627
1697587200,28409,28990,28166,28332,1021.2138392
1697673600,28327,28955,28147,28751,1561.01878234
1697760000,28752,30260,28619,29689,3153.81854291
1697846400,29688,30362,29478,29922,791.34227182
1697932800,29917,30243,29668,30023,503.7575943
1698019200,30023,33542,29923,33084,6766.89109485
1698105600,33078,35199,32851,33949,5302.66078766
1698192000,33953,35152,33720,34504,2235.6001375
1698278400,34501,34843,33768,34184,1013.38211372
1698364800,34184,34269,33428,33933,1120.33326489
1698451200,33933,34531,33906,34104,751.53476819
1698537600,34103,34783,33969,34552,1491.92988474
1698624000,34552,34876,34100,34490,1362.34703988
1698710400,34492,34732,34111,34669,1392.77821396
1698796800,34670,35622,34111,35447,1986.94253825
1698883200,35447,35975,34333,34944,2190.24384791
1698969600,34947,34954,34154,34751,1510.08234674
1699056000,34757,35296,34647,35103,724.15978932
1699142400,35103,35439,34479,35074,610.20841613
1699228800,35062,35323,34798,35053,374.79080008
1699315200,35068,35930,34518,35455,974.8335101
1699401600,35439,36103,35106,35629,705.00808989
1699488000,35629,37974,35524,36699,3971.39814956
1699574400,36708,37522,36350,37301,950.47511919
1699660800,37301,37405,36651,37141,1217.51077344
1699747200,37133,37215,36751,37046,451.49744199
1699833600,37045,37444,36379,36503,1231.19432068
1699920000,36500,36756,34779,35542,2052.6102527
1700006400,35550,37950,35374,37865,1994.91690299
1700092800,37856,37929,35517,36161,960.28685284
1700179200,36181,36846,35866,36631,879.29573618
1700265600,36631,36850,36221,36581,338.59084796
1700352000,36586,37509,36410,37369,520.79215437
1700438400,37379,37745,36620,37451,1652.00298807
1700524800,37451,37645,35755,35755,2683.46805928
1700611200,35756,37888,35660,37407,2093.791719
1700697600,37408,37645,36890,37280,1295.63927021
1700784000,37290,38410,37248,37704,3643.84959804
1700870400,37710,37893,37583,37781,1128.57646091
1700956800,37781,37798,37117,37443,1836.98819659
1701043200,37442,37547,36732,37263,1744.62280352
1701129600,37253,38349,36891,37815,1791.89808092
1701216000,37815,38402,37555,37834,1189.77921556
1701302400,37840,38136,37490,37724,734.32769743
1701388800,37732,38979,37618,38676,2689.82515593
1701475200,38676,39678,38634,39438,2856.44282153
1701561600,39431,40170,39253,39940,1408.73497438
1701648000,39959,42336,39959,41942,2953.70167011
1701734400,41905,44488,40849,44112,5332.11475401
1701820800,44113,44297,43444,43814,5125.54675711
1701907200,43809,44091,42862,43290,2935.55959819
1701993600,43284,44699,43086,44173,1962.21252053
1702080000,44178,44366,43623,43749,1284.98339071
1702166400,43745,44066,43623,43809,936.20231868
1702252800,43818,43842,40198,41287,3004.44954038
1702339200,41286,42115,40695,41501,902.66795965
1702425600,41518,43461,40666,42891,1454.80799253
1702512000,42902,43470,41475,43064,1666.06714644
1702598400,43061,43106,41723,41974,1011.65981813
1702684800,41976,42746,41693,42328,650.6456654
1702771200,42321,42448,41286,41411,1109.10178864
1702857600,41410,42773,40508,42672,1456.98363741
1702944000,42684,43529,41850,42316,957.60283027
1703030400,42309,44363,42244,43689,2175.77771137
1703116800,43697,44250,43362,43890,1168.03647426
1703203200,43890,44444,43480,44038,992.75415162
1703289600,44058,44068,43332,43801,657.22849302
1703376000,43801,43978,42700,43043,745.48413591
1703462400,43040,43881,42784,43641,837.15319382
1703548800,43640,43649,41616,42568,1985.68376629
1703635200,42569,43666,42171,43479,1016.95405013
1703721600,43475,43793,42388,42617,1094.71421077
1703808000,42659,43175,41304,42139,1637.00085571
1703894400,42123,42665,41585,42199,672.33764919
1703980800,42198,42939,42023,42326,656.53211617
1704067200,42331,44190,42232,44175,1162.14413758
1704153600,44180,45920,44175,44994,3104.62066833
1704240000,45003,45559,40383,42869,4186.55630139
1704326400,42874,44810,42673,44224,1849.38800183
1704412800,44216,44449,42413,44191,1894.05159983
1704499200,44192,44263,43453,44018,742.27855358
1704585600,44011,44500,43627,43959,574.26826438
1704672000,43959,47224,43241,46946,3825.50930691
1704758400,46946,47857,44545,46113,3869.42510528
1704844800,46100,47582,44268,46653,5054.5362036
1704931200,46654,48750,45581,46333,5419.84109342
1705017600,46334,46508,41500,42809,3778.02497944
1705104000,42833,43250,42441,42847,1035.91452464
1705190400,42825,43075,41715,41731,1100.10399675
1705276800,41722,43369,41700,42520,933.8109698
1705363200,42521,43588,42069,43163,697.88384865
1705449600,43175,43215,42216,42778,801.52411505
1705536000,42784,42932,40704,41337,1382.78497618
1705622400,41358,42212,40358,41715,1541.01516103
1705708800,41727,41944,41518,41778,1510.91361498
1705795200,41777,41946,41588,41679,1238.06887393
1705881600,41670,41775,39452,39600,3146.42675419
1705968000,39600,40215,38572,39938,2784.59213157
1706054400,39937,40599,39526,40139,1882.31298741
1706140800,40139,40333,39554,40001,2304.91013709
1706227200,39986,42192,39876,41821,2733.26375392
1706313600,41827,42204,41405,42129,466.28096889
1706400000,42129,42815,41623,42044,935.66876867
1706486400,42045,43332,41821,43309,1164.2145457
1706572800,43309,43867,42700,42956,1110.50288853
1706659200,42955,43722,42304,42594,1293.52465203
1706745600,42593,43273,41880,43088,936.25630651
1706832000,43100,43481,42554,43201,779.10257142
1706918400,43201,43366,42888,43004,288.44524353
1707004800,43004,43109,42240,42583,625.58655347
1707091200,42584,43540,42247,42707,1035.98511323
1707177600,42707,43387,42574,43101,709.54462795
1707264000,43084,44354,42788,44328,1740.08200415
1707350400,44330,45563,44323,45279,1666.69395091
1707436800,45280,48190,45246,47150,2803.32280723
1707523200,47150,48190,46900,47795,731.4971334
1707609600,47801,48500,47609,48321,1312.5632509
1707696000,48342,50283,47699,49947,4364.34929449
1707782400,49939,50349,48322,49777,2431.26337741
1707868800,49774,52005,49298,51779,3074.24915367
1707955200,51788,52700,51280,51893,2444.03018381
1708041600,51890,52580,51580,52134,1274.27256784
1708128000,52143,52156,50130,51637,1389.07123672
1708214400,51636,52451,51165,52070,911.18860671
1708300800,52075,52466,51648,51731,1194.54602033
1708387200,51732,52880,50584,52167,2602.65474045
1708473600,52167,52279,50439,51859,2225.10727843
1708560000,51858,52100,50902,51280,1874.81739491
1708646400,51280,51537,50227,50737,1047.88633331
1708732800,50737,51736,50589,51630,977.4699689
1708819200,51629,51963,51307,51715,1277.05027885
1708905600,51725,54720,50871,54402,4391.45851309
1708992000,54402,57537,54384,56999,4496.96936736
1709078400,57013,63905,56668,62372,6633.12569925
1709164800,62374,63578,60201,61143,4105.09534846
1709251200,61126,63028,60500,62348,2511.9701511
1709337600,62330,62406,61584,61962,1372.71577809
1709424000,61972,63248,61350,63121,1715.90022813
1709510400,63113,68161,62216,68098,5449.36845524
1709596800,68098,68874,59008,63772,9331.9346361
1709683200,63771,67681,62783,66073,4510.76071661
1709769600,66073,67962,65595,66727,2189.61641721
1709856000,66735,69839,66036,68004,4667.82866639
1709942400,68010,68534,67719,68205,1834.21067186
1710028800,68205,69861,68047,68951,2929.04864379
1710115200,68950,72606,67000,71937,7118.7701659
1710201600,71942,72760,68357,71221,6894.28702272
1710288000,71232,73588,70976,72998,3071.63351921
1710374400,72991,73666,68530,71353,3478.19802908
1710460800,71351,72413,65460,69520,5083.26234732
1710547200,69520,70071,64867,65304,3387.672496
1710633600,65264,68927,64593,68453,3702.44497245
1710720000,68450,68940,66633,67609,2323.45249607
1710806400,67606,68136,61689,62030,6977.0131748
1710892800,62022,68202,60870,67912,4527.23534198
1710979200,67923,68280,64623,65577,3359.63009109
1711065600,65577,66712,62201,63828,3150.55293135
1711152000,63826,65973,63059,64034,1308.71209912
1711238400,64028,67949,63826,67280,2022.35352626
1711324800,67281,70983,66397,69824,4658.79977507
1711411200,69823,71444,69327,69985,1865.8163499
1711497600,69996,71611,68251,69467,4204.05691018
1711584000,69476,71557,68928,70776,1569.72474288
1711670400,70786,70893,69015,69862,1472.56855321
1711756800,69863,70301,69631,69669,311.00598419
1711843200,69652,71444,69652,71402,1206.86292628
1711929600,71373,71373,68099,69691,2563.26764476
1712016000,69691,69691,64192,65495,3472.80643738
1712102400,65494,66931,64587,65966,1433.43544577
1712188800,65960,69634,65048,68502,2233.24606754
1712275200,68502,68732,65959,67819,1679.09172362
1712361600,67833,69687,67379,68880,521.6677086
1712448000,68889,70222,68820,69342,551.82696831
1712534400,69343,72762,69036,71675,3090.89135295
1712620800,71674,71751,68238,69165,2827.05371425
1712707200,69163,71341,67559,70688,2393.62234463
1712793600,70733,71444,69650,70104,1412.4162909
1712880000,70103,71291,65103,67061,2754.44994986
1712966400,67058,67878,61593,64006,4315.06206209
1713052800,63985,65909,62190,65793,2527.95580136
1713139200,65770,66888,62323,63488,2488.96564408
1713225600,63511,64415,61730,63874,1804.45694431
1713312000,63884,64534,59810,61375,2282.4089859
1713398400,61351,64194,60914,63529,1657.91728965
1713484800,63528,65501,59675,63867,2277.37012911
1713571200,63890,65465,63174,65045,828.85169489
1713657600,65015,65756,64254,65011,493.67203554
1713744000,65011,68158,64581,66894,1076.4647703
1713830400,66906,67253,65807,66458,513.61560578
1713916800,66479,67153,63666,64345,905.82067444
1714003200,64331,65381,62818,64555,931.30818965
1714089600,64557,64839,63374,63875,719.94542889
1714176000,63872,64029,62405,63574,1125.74028184
1714262400,63577,64470,62913,63216,367.24358404
1714348800,63217,64304,61903,63960,1009.17114172
1714435200,63944,64800,59360,60836,1958.24585436
1714521600,60845,60991,56711,58441,3899.79977668
1714608000,58455,59767,57072,59195,2226.81833426
1714694400,59195,63444,58914,62978,2893.43651027
1714780800,62978,64644,62690,63983,462.65908704
1714867200,63982,64801,63033,64180,711.06509507
1714953600,64212,65628,62812,63280,856.64252511
1715040000,63282,64480,62372,62434,443.52187117
1715126400,62434,63112,61020,61319,761.49002717
1715212800,61312,63529,60742,63209,880.89530317
1715299200,63208,63612,60184,60807,1673.75517713
1715385600,60807,61588,60565,60929,662.89845213
1715472000,60918,61962,60722,61612,443.79505637
1715558400,61668,63540,60866,63020,658.47682034
1715644800,63001,63175,61238,61668,864.94429304
1715731200,61655,66500,61436,66320,1652.56370497
1715817600,66377,66799,64715,65314,884.75164502
1715904000,65325,67618,65220,67182,915.34486584
1715990400,67193,67473,66598,66995,192.42515224
1716076800,66995,67801,65955,66339,281.52715457
1716163200,66338,71500,66166,71428,2258.94056916
1716249600,71452,71922,69210,70148,1373.95730581
1716336000,70165,70668,69000,69191,761.82661489
1716422400,69192,70095,66419,68058,1279.66292903
1716508800,68035,69308,66733,68604,643.09183717
1716595200,68604,69635,68589,69342,479.776466
1716681600,69374,69588,68208,68585,439.03161514
1716768000,68544,70679,68313,69492,1110.09129299
1716854400,69470,69597,67361,68434,899.57079682
1716940800,68487,68971,67225,67720,628.0451116
1717027200,67732,69523,67180,68413,701.96002167
1717113600,68410,69028,66680,67582,816.60709348
1717200000,67573,67890,67463,67759,241.83649033
1717286400,67771,68444,67340,67816,175.6635955
1717372800,67812,70294,67625,68859,1203.93072144
1717459200,68852,71071,68607,70604,803.09846946
1717545600,70594,71717,70409,71101,862.23410938
1717632000,71106,71651,70155,70836,667.72266815
1717718400,70835,71950,68464,69394,1727.16879048
1717804800,69393,69618,69204,69338,128.65701632
1717891200,69337,69798,69101,69646,487.78514665
1717977600,69645,70150,69170,69530,485.70316184
1718064000,69530,69552,66150,67331,1338.04756972
1718150400,67330,70037,66919,68266,1161.43483661
1718236800,68266,68444,66271,66776,525.75440857
1718323200,66776,67370,65088,66038,814.20316033
1718409600,66039,66442,65886,66229,145.867611
1718496000,66229,66947,66054,66677,336.62422083
1718582400,66677,67302,65147,66569,681.99542241
1718668800,66569,66623,64179,65253,1604.82166245
1718755200,65257,65820,64784,65071,711.88347375
1718841600,65071,66585,64654,65007,1157.45094871
1718928000,65008,65196,63500,64237,1122.14722434
1719014400,64240,64613,64062,64370,508.2046417
1719100800,64369,64618,63290,63292,568.87090046
1719187200,63292,63461,58555,60372,2950.4153315
1719273600,60371,62470,60340,61878,1559.97367307
1719360000,61878,62558,60789,60923,871.02450274
1719446400,60930,62499,60708,61825,1317.29955615
1719532800,61804,62295,60151,60547,886.94421755
1719619200,60546,61352,60513,61087,797.91831373
1719705600,61084,63131,60825,62867,622.87788145
1719792000,62867,63911,62628,62953,693.8096336
1719878400,62939,63331,61878,62219,611.89885167
1719964800,62217,62386,59476,60298,1006.625819
1720051200,60298,60550,56810,57118,2398.69489866
1720137600,57118,57615,53219,56759,3018.81561669
1720224000,56759,58538,56188,58326,1492.34396237
1720310400,58326,58563,55929,56039,965.18957162
1720396800,56035,58350,54500,56873,1699.0859488
1720483200,56873,58422,56462,58205,1307.61857387
1720569600,58205,59606,57353,57908,966.65713685
1720656000,57909,59654,57237,57458,1370.68565841
1720742400,57457,58653,56668,58054,1124.01457876
1720828800,58055,60063,57932,59382,623.67432703
1720915200,59381,61535,59379,60946,1033.99661468
1721001600,60933,65014,60840,64882,1343.54515769
1721088000,64883,65488,62537,65188,839.81273646
1721174400,65180,66180,63958,64204,510.14591081
1721260800,64193,65200,63292,64048,615.77840376
1721347200,64047,67503,63414,66789,1012.90833499
1721433600,66786,67694,66368,67239,427.01276917
1721520000,67239,68479,65944,68265,728.42746312
1721606400,68269,68560,66715,67698,710.33216712
1721692800,67691,67906,65547,66101,564.98538123
1721779200,66101,67241,65229,65482,735.6190104
1721865600,65503,66241,63532,65849,1093.34201451
1721952000,65867,68333,65850,68061,749.46181255
1722038400,68061,69529,66858,68023,762.97542283
1722124800,68020,68443,67223,68419,158.95337469
1722211200,68417,70162,66666,66933,1216.27180842
1722297600,66927,67179,65556,66349,682.76172309
1722384000,66348,66947,64630,64724,493.48102801
1722470400,64724,65720,62409,65465,1432.83787202
1722556800,65462,65668,61291,61529,1137.27149415
1722643200,61548,62260,60000,60825,876.91977973
1722729600,60821,61213,57300,58220,674.13796795
1722816000,58203,58344,49130,54158,7251.73738133
1722902400,54179,57207,54142,56187,1169.11321543
1722988800,56142,57833,54659,55179,842.72844783
1723075200,55195,62770,54847,61801,1514.24287007
1723161600,61771,61809,59630,60942,372.83146685
1723248000,60926,61535,60342,61018,172.69337801
1723334400,61019,61916,58430,58817,375.47275382
1723420800,58816,60764,57720,59440,746.4127147
1723507200,59440,61635,58527,60666,774.72813244
1723593600,60666,61898,58558,58777,838.2899886
1723680000,58765,59909,56220,57594,810.96885801
1723766400,57594,59905,57171,58996,448.01664609
1723852800,59006,59800,58950,59589,131.7690686
1723939200,59593,60313,58533,58543,504.27362598
1724025600,58533,59700,57936,59588,296.18091829
1724112000,59578,61472,58718,59172,1104.19449535
1724198400,59172,61898,58957,61252,981.87061177
1724284800,61253,61467,59842,60483,351.73268112
1724371200,60483,65074,60461,64151,749.72137326
1724457600,64140,64609,63667,64230,261.37402559
1724544000,64236,65200,63912,64361,242.61957764
1724630400,64362,64579,62934,62966,393.91406785
1724716800,62966,63307,58200,59545,1156.45720345
1724803200,59540,60330,58085,59156,780.52524324
1724889600,59156,61290,58885,59512,1004.46330465
1724976000,59512,60102,57876,59300,1900.45583256
1725062400,59300,59622,58932,59155,812.56596372
1725148800,59155,59236,57333,57469,1248.98229378
1725235200,57456,59588,57309,59308,887.4399163
1725321600,59305,59976,57609,57680,973.19045016
1725408000,57658,58632,56010,58116,2148.24659727
1725494400,58113,58451,55776,56323,2085.31236836
1725580800,56317,57123,52756,54136,2368.30754207
1725667200,54129,55084,53931,54309,1300.40618142
1725753600,54302,55448,53751,55011,1059.23400512
1725840000,55019,58180,54750,57110,1939.26757614
1725926400,57121,58136,56489,57758,271.57008002
1726012800,57759,58104,55732,57451,1185.63687234
1726099200,57456,58652,57449,58287,803.19130494
1726185600,58288,60730,57759,60645,1164.81851535
1726272000,60638,60713,59666,60139,329.61175074
1726358400,60139,60525,58858,59296,833.56069057
1726444800,59286,59336,57652,58342,624.97120675
1726531200,58342,61337,57773,60435,1103.07532821
1726617600,60435,61875,59293,61853,1001.81133908
1726704000,61853,63950,61702,63032,800.4729952
1726790400,63050,64200,62435,63205,490.98781383
1726876800,63205,63614,62805,63415,206.37150949
1726963200,63416,64093,62477,63663,631.34903341
1727049600,63663,64842,62687,63456,720.88591575
1727136000,63456,64775,62850,64381,525.88709179
1727222400,64386,64888,63077,63264,404.73309664
1727308800,63263,65888,62805,65307,861.36409717
1727395200,65308,66587,64987,65928,667.5693312
1727481600,65928,66410,65568,66014,105.24255847
1727568000,65999,66193,65574,65762,87.50902485
1727654400,65759,65759,63005,63468,1038.7765083
1727740800,63468,64217,60313,60961,892.73702201
1727827200,60948,62480,60139,60788,741.14716371
1727913600,60785,61600,60004,60892,380.00225537
1728000000,60880,62575,60602,62205,430.60115939
1728086400,62208,62437,61767,62138,249.56872283
1728172800,62128,63033,61862,62894,226.15229561
1728259200,62895,64514,62197,62257,607.00723824
1728345600,62251,63248,61940,62230,428.99910707
1728432000,62223,62587,60346,60650,460.75719302
1728518400,60650,61364,58943,60337,660.61934024
1728604800,60337,63455,60104,62581,417.28016865
1728691200,62586,63590,62569,63335,288.91673465
1728777600,63335,63406,62204,62986,591.50447024
1728864000,62987,66555,62601,66179,812.69697457
1728950400,66179,67820,64829,67123,1398.8663039
1729036800,67132,68367,66861,67654,1163.51993054
1729123200,67654,67962,66703,67454,382.89440356
1729209600,67453,68886,67240,68368,897.64641273
1729296000,68369,68641,68035,68360,183.7518498
1729382400,68359,69402,68116,69045,311.45027284
1729468800,69045,69586,66942,67425,581.39534921
1729555200,67427,67824,66646,67405,395.98210221
1729641600,67412,67436,65265,66695,452.46354108
1729728000,66684,68846,66527,68188,451.5145238
1729814400,68189,68750,65602,66734,515.31350676
1729900800,66708,67446,66456,67081,132.05846983
1729987200,67081,68328,66926,68035,223.16458122
1730073600,68035,70287,67660,69989,727.68815505
1730160000,69992,73525,69812,72688,2654.17736827
1730246400,72705,73060,71510,72451,440.18092922
1730332800,72451,72670,69674,70299,403.74380128
1730419200,70294,71653,68888,69589,920.83306354
1730505600,69587,69939,69028,69321,371.36375547
1730592000,69332,69409,67530,68807,1040.24716464
1730678400,68806,69505,66880,67858,626.22569649
1730764800,67879,70599,67541,69450,776.81575491
1730851200,69458,76179,69396,75580,4904.03862397
1730937600,75578,76655,74397,75864,1433.42115081
1731024000,75864,77049,75608,76496,795.94857221
1731110400,76497,76888,75746,76703,307.58528315
1731196800,76705,81500,76531,80365,4084.52554245
1731283200,80366,89529,80244,88566,3622.96163777
1731369600,88577,89933,85128,87932,2921.34987281
1731456000,87932,93318,86137,90453,2719.80052825
1731542400,90446,91776,86693,87319,1591.09444411
1731628800,87324,91859,87114,91023,1203.62694753
1731715200,91015,91743,90086,90554,747.01436574
1731801600,90555,91423,88758,89843,886.94588567
1731888000,89844,92536,89500,90535,1641.59542412
1731974400,90535,93751,90427,92247,2041.81891738
1732060800,92247,94658,91404,94243,1487.12675381
1732147200,94244,98700,93986,98305,2831.15592694
1732233600,98331,99334,97010,98688,2402.38476127
1732320000,98714,98745,97136,97538,2004.7751723
1732406400,97535,98381,95611,97828,777.53335004
1732492800,97802,98690,92806,93160,1677.2829409
1732579200,93135,95090,90911,92101,1056.31440362
1732665600,92087,97251,91904,95953,893.83721908
1732752000,95948,96629,94750,95761,330.76162013
1732838400,95761,98682,95511,97579,684.78908542
1732924800,97580,97580,96222,96505,351.5493117
1733011200,96506,97988,95836,97365,583.36217871
1733097600,97366,98240,94679,95912,1138.98657451
1733184000,95924,96402,93780,96044,1516.76524686
1733270400,96044,99167,94735,98697,889.76348159
1733356800,98710,104000,88800,96856,5284.08056248
1733443200,96830,101900,96210,99789,1456.911068
1733529600,99780,100530,98788,99936,362.49066592
1733616000,99936,101480,98803,101240,422.96403786
1733702400,101240,101300,94222,97410,1580.63972664
1733788800,97410,98368,94385,96650,779.33071131
1733875200,96660,101800,95771,101090,1017.19236895
1733961600,101100,102360,99280,100010,777.71932678
1734048000,100000,101840,99226,101370,558.95355168
1734134400,101360,102470,100550,101320,671.62863009
1734220800,101320,105000,101210,104340,949.46950765
1734307200,104360,107610,103220,105870,1882.49657255
1734393600,105880,108100,105110,106020,1394.99297115
1734480000,105990,106350,100060,100110,1270.23976479
1734566400,100190,102800,95672,97482,1553.73673393
1734652800,97503,98180,92368,97869,3638.58872397
1734739200,97866,99515,96425,97289,580.74865022
1734825600,97290,97435,94333,95201,906.45612854
1734912000,95200,96548,92666,94918,1787.73783178
1734998400,94919,99554,93571,98730,594.53738789
1735084800,98721,99566,97732,99420,479.45015053
1735171200,99463,99900,95307,95882,747.40637601
1735257600,95882,97554,93617,94419,530.89415256
1735344000,94418,95916,94311,95533,292.69560862
1735430400,95533,95559,93188,93944,589.08670231
1735516800,93943,95135,91696,92982,1820.26014178
1735603200,92983,96400,92173,93759,1119.30232816
1735689600,93758,95287,93072,94757,546.41880328
1735776000,94757,97887,94521,97035,576.96194625
1735862400,97035,99028,96191,98179,472.01143541
1735948800,98179,98781,97601,98294,154.31663435
1736035200,98294,98889,97356,98400,222.26863355
1736121600,98402,102560,98004,102290,827.1476882
1736208000,102300,102760,96218,97009,1094.29319961
1736294400,97015,97346,92540,95202,1604.21298654
1736380800,95185,95479,91430,92692,1311.9236839
1736467200,92703,95930,92374,94835,443.06820749
1736553600,94836,95115,93958,94716,150.10640968
1736640000,94717,95534,93835,94580,231.99428511
1736726400,94581,96069,89698,94682,1850.77111589
1736812800,94680,97451,94489,96701,486.19222136
1736899200,96702,100660,96664,100490,732.18070397
1736985600,100490,100840,97381,100040,667.30956715
1737072000,100030,105800,100000,104040,1260.52086251
1737158400,104040,104960,102200,104490,541.92182159
1737244800,104490,106370,99637,101300,1037.64744681
1737331200,101310,109590,99500,102210,2922.39788506
1737417600,102190,107360,100100,106150,1118.32325195
1737504000,106150,106350,103400,103680,514.08043463
1737590400,103670,107000,101260,103930,1702.39265149
1737676800,103930,107030,102700,104790,518.92214715
1737763200,104790,105260,104100,104700,136.2442268
1737849600,104700,105440,102660,102660,326.35891797
1737936000,102660,103300,97799,102300,1227.46600418
1738022400,102290,103850,100380,101460,421.74199004
1738108800,101450,104800,101420,103780,324.77895065
1738195200,103780,106520,103450,104740,340.41371262
1738281600,104740,106040,101670,102470,400.72017081
1738368000,102470,102790,100380,100700,261.29338914
1738454400,100690,101460,96200,97600,2142.82775135
1738540800,97600,102390,91657,101270,3865.15059159
1738627200,101270,101650,96127,97781,914.36959181
1738713600,97778,99150,96172,96614,355.28490332
1738800000,96614,99222,95922,96678,1082.1567536
1738886400,96688,100160,95674,96579,657.01869919
1738972800,96579,96908,95748,96621,284.573584
1739059200,96611,97366,94995,96615,899.90439937
1739145600,96614,98468,95391,97550,527.56163869
1739232000,97551,98645,95024,95950,1111.82750308
1739318400,95950,98200,94398,98007,1611.35131251
1739404800,98006,98166,95362,96815,741.33146064
1739491200,96791,98821,96431,97489,626.88023262
1739577600,97488,97969,97254,97574,61.30450781
1739664000,97596,97723,96159,96257,229.52622295
1739750400,96257,97163,95444,95955,652.70991045
1739836800,95953,96923,93569,95835,1746.62180213
1739923200,95835,97056,95250,96801,734.5660686
1740009600,96801,98862,96615,98433,198.10756827
1740096000,98433,99574,95024,96345,686.24741625
1740182400,96346,97143,95965,96721,174.14014249
1740268800,96720,96767,95391,96450,181.32251605
1740355200,96450,96659,91833,91971,1432.31609806
1740441600,91925,92833,86241,88888,5076.76396819
1740528000,88881,89623,82925,84432,4178.90492118
1740614400,84433,87320,83000,85007,2194.12404678
1740700800,85008,85330,78617,84654,4077.96563681
1740787200,84620,86819,84115,86379,1551.27745613
1740873600,86369,95321,85355,94466,2331.27918617
1740960000,94488,94633,85402,86478,1724.46975104
1741046400,86477,89168,81513,87472,2304.10771025
1741132800,87470,91262,86603,90848,965.38091532
1741219200,90848,92997,88071,90120,580.62967171
1741305600,90120,91454,84876,87042,1425.43940349
1741392000,87039,87140,85469,86494,867.25011007
1741478400,86498,86823,80240,80952,1588.84171309
1741564800,80954,84245,77793,78813,2392.92697096
1741651200,78860,83820,77041,83163,1820.60966752
1741737600,83148,84630,80843,83856,1111.77169462
1741824000,83857,84494,80101,81289,438.43950027
1741910400,81289,85487,81024,84207,1160.2473446
1741996800,84210,84911,83832,84536,338.04812282
1742083200,84537,85280,82191,82759,324.54494046
1742169600,82759,84920,82666,84246,592.98637908
1742256000,84221,84221,81366,82933,1241.46415804
1742342400,82933,87189,82759,87029,671.17077212
1742428800,87030,87622,83783,84296,409.86421346
1742515200,84296,84945,83300,84144,311.9773661
1742601600,84154,84594,83791,83919,85.62712878
1742688000,83924,86288,83924,86267,175.98071924
1742774400,86276,88868,85714,87606,337.72886011
1742860800,87603,88651,86453,87606,553.05400225
1742947200,87588,88460,86057,87089,798.25050507
1743033600,87089,87934,85916,87317,199.46475732
1743120000,87317,87578,83755,84573,1228.26860439
1743206400,84577,84779,81853,82865,543.31050052
1743292800,82866,83697,81754,82553,764.90318106
1743379200,82552,83998,81423,82673,773.52919409
1743465600,82667,85535,82568,85197,469.96367597
1743552000,85196,88490,82335,82518,643.20828344
1743638400,82517,83891,81227,83208,698.84005284
1743724800,83227,84695,81634,83842,754.06223404
1743811200,83862,84219,82421,83598,495.96517115
1743897600,83599,83807,77133,78441,1332.60504275
1743984000,78459,81262,74501,79249,2299.69070257
1744070400,79182,80901,76260,76332,762.35923735
1744156800,76333,83582,74634,82542,1875.84659407
1744243200,82566,82699,78448,79519,812.53271171
1744329600,79505,84232,78888,83372,430.90674271
1744416000,83372,85865,82761,85259,185.16863404
1744502400,85259,86029,83000,83676,292.07711055
1744588800,83717,85727,83658,84544,177.05549045
1744675200,84547,86446,83604,83667,216.31963632
1744761600,83649,85500,83111,84021,342.3801384
1744848000,84005,85382,83650,84832,651.31801479
1744934400,84834,85009,84200,84363,533.75619102
1745020800,84377,85522,84311,84899,345.5741623
1745107200,84931,85187,83817,85019,281.07032227
1745193600,85003,88630,84940,87473,917.41503838
1745280000,87473,93911,87038,93339,1042.01809841
1745366400,93339,94569,91919,93635,1294.61614193
1745452800,93635,94000,91756,93961,342.50360334
1745539200,93961,95814,92921,94707,714.35439887
1745625600,94687,95228,94083,94694,307.77368065
1745712000,94693,95369,93724,93784,396.71583982
1745798400,93771,95550,93033,95046,1339.51827212
1745884800,95077,95531,94012,94451,504.32694571
1745971200,94426,95285,93436,94309,1143.92900941
1746057600,94301,97474,94294,96467,528.52554
1746144000,96491,97915,96381,96888,362.81159158
1746230400,96894,96945,96065,96065,1056.68281546
1746316800,96065,96439,94703,94703,2933.81094817
1746403200,94703,95407,93988,94990,2409.54549247
1746489600,94970,96999,93663,96933,613.032506
1746576000,96970,97840,95944,97121,459.39578071
1746662400,97145,104190,96980,103290,1285.53708704
1746748800,103270,104340,102330,102940,789.80602978
1746835200,102940,104920,102800,104750,684.45330144
1746921600,104740,104880,103310,104090,671.51454714
1747008000,104080,105660,100810,102860,756.73173338
1747094400,102860,104980,101500,104140,371.31147003
1747180800,104120,104300,102510,103550,206.80217287
1747267200,103520,104180,101430,103700,348.91994422
1747353600,103710,104510,103100,103450,187.52484374
1747440000,103450,103670,102630,103140,176.85389255
1747526400,103150,106590,103150,106430,510.77228452
1747612800,106440,107070,102010,105470,663.54290783
1747699200,105500,107230,104120,106730,718.57506783
1747785600,106740,110690,106020,109640,888.92246026
1747872000,109620,111880,109220,111640,790.62498358
1747958400,111630,111690,106710,107230,922.43022617
1748044800,107200,109420,106750,107540,858.2248786
1748131200,107540,109180,106400,108860,429.87320812
1748217600,108890,110400,108550,109390,802.67306004
1748304000,109400,110700,107510,108850,719.66398692
1748390400,108850,109200,106750,107760,738.61993661
1748476800,107760,108870,105300,105590,960.44840925
1748563200,105590,106260,103460,104030,472.72397266
1748649600,104000,104950,103110,104660,188.02175566
1748736000,104640,105870,103790,105630,138.06297293
1748822400,105670,105990,103670,105880,338.79018089
1748908800,105870,106800,104880,105400,322.78170409
1748995200,105370,105940,104250,104580,216.53757853
1749081600,104590,105860,100520,101680,1926.06558351
1749168000,101680,105400,101270,104450,567.67625369
1749254400,104460,106000,104020,105680,110.96045283
1749340800,105680,106550,105040,105830,106.10470832
1749427200,105800,110680,105440,110290,353.83652788
1749513600,110300,110320,108310,110180,300.92089026
1749600000,110160,110270,108010,108610,386.13760116
1749686400,108590,108740,105700,105700,313.6550621
1749772800,105690,106250,102660,106090,650.48323392
1749859200,106110,106200,104480,105600,341.10813119
1749945600,105610,106260,104710,105740,357.33807348
1750032000,105740,109030,105190,106830,291.38575936
1750118400,106870,107780,103460,104760,773.64243456
1750204800,104770,105660,103630,105050,1061.64242791
1750291200,105060,105340,104080,104780,478.11690487
1750377600,104790,106580,102490,103360,730.63623457
1750464000,103370,104120,101020,102220,743.93906353
1750550400,102250,103470,98579,101200,2156.29572064
1750636800,101170,106210,99830,105540,1029.21993322
1750723200,105520,106340,104810,106110,198.72479427
1750809600,106120,108130,105920,107340,158.63704085
1750896000,107330,108250,106520,106950,134.45862456
1750982400,106950,107750,106370,107100,153.94791631
1751068800,107080,107550,106890,107340,116.23759873
1751155200,107330,108590,107220,108370,80.39572079
1751241600,108380,108790,106950,107250,609.8084626
1751328000,107250,107620,105460,105920,1318.75157768
1751414400,105910,109900,105270,108980,331.60448401
1751500800,108990,110700,108710,109760,161.73398868
1751587200,109760,109910,107470,108200,194.02205783
1751673600,108180,108540,107920,108330,42.01992647
1751760000,108340,109860,107980,109380,153.55499491
1751846400,109360,109830,107700,108420,155.38674544
1751932800,108400,109340,107630,109060,196.2908031
1752019200,109070,111990,108480,111380,400.4438921
1752105600,111420,117430,110670,115950,1635.12007966
1752192000,115960,118790,115230,117400,397.47350947
1752278400,117430,118070,116720,117280,60.07957665
1752364800,117300,119310,117120,118940,227.51836887
1752451200,118950,123120,118790,119820,463.98830107
1752537600,119820,119920,115820,117830,646.00236464
1752624000,117870,120110,117160,118690,221.41876744
1752710400,118690,121050,117500,119250,399.82305426
1752796800,119250,120920,116930,118000,241.58644474
1752883200,118010,118480,117300,117900,54.22763298
1752969600,117890,118800,116410,117240,164.06592344
1753056000,117230,119630,116550,117460,255.64322145
1753142400,117420,120250,116150,119970,331.11782209
1753228800,119990,120110,117460,118900,474.35824921
1753315200,118870,119590,117250,118380,215.09832018
1753401600,118420,118520,114800,117700,367.83181332
1753488000,117690,118430,117260,118030,93.97829936
1753574400,118030,119870,117960,119580,177.70950671
1753660800,119590,119900,117630,118200,288.26892134
1753747200,118200,119410,117120,118110,398.46952812
1753833600,118120,118930,116050,118050,453.60632846
1753920000,118040,119100,115720,115970,463.17881044
1754006400,115940,116270,112830,113460,878.57217887
1754092800,113450,114260,112240,112810,472.43962554
1754179200,112790,114980,112210,114450,564.82380925
1754265600,114390,115810,114270,115200,382.71559578
1754352000,115190,115220,112720,114180,478.80322706
1754438400,114190,115870,113470,115160,501.19650458
1754524800,115160,117800,114470,117580,324.12651121
1754611200,117590,117900,116040,116790,757.57112783
1754697600,116790,117950,116470,116550,85.47011321
1754784000,116550,119430,116530,119370,214.16424865
1754870400,119370,122370,118200,118850,341.03395641
1754956800,118820,120280,118290,120080,215.98277831
1755043200,120090,123380,118890,122880,597.01915557
1755129600,123320,123640,117190,118410,395.04953872
1755216000,118440,119360,116990,117520,272.60800106
1755302400,117490,118070,117380,117590,86.046419
1755388800,117580,118680,117390,117540,129.66128734
1755475200,117530,117640,114890,116400,715.45685898
1755561600,116430,116920,113000,113030,1608.43041812
1755648000,113030,114890,112650,114500,727.0895188
1755734400,114520,115020,112310,112740,789.63988637
1755820800,112750,117570,111990,117000,794.83625778
1755907200,117050,117150,114790,115570,161.23171044
1755993600,115530,115810,111200,113700,465.73421955
1756080000,113730,113880,109550,110360,920.32201015
1756166400,110370,112570,108910,112000,540.67007791
1756252800,112010,112850,110600,111470,399.34537166
1756339200,111450,113630,111120,112740,253.69555983
1756425600,112740,112790,107650,108530,630.06817338
1756512000,108550,109120,107540,109000,506.65351772
1756598400,109000,109680,108240,108420,388.76183569
1756684800,108430,110010,107370,109410,472.92195272
1756771200,109420,111930,108630,111360,428.52351066
1756857600,111370,112720,110750,111890,105.55013909
1756944000,111900,112330,109510,110910,205.42266519
1757030400,110910,113520,110410,110640,284.74292091
1757116800,110620,111190,110220,110270,869.94618017
1757203200,110240,111610,110230,111220,212.18076093
1757289600,111220,112840,110740,112050,169.63104896
1757376000,112060,113200,110740,111540,162.82896133
1757462400,111530,114290,111170,113900,439.86769507
1757548800,113900,115400,113420,115400,202.26080687
1757635200,115400,116610,114690,116030,153.48455932
1757721600,116010,116200,115060,115910,95.96815342
1757808000,115900,116130,115220,115530,355.9815452
1757894400,115510,116970,114620,115580,526.51727934
1757980800,115560,117120,114910,116840,262.97308255
1758067200,116870,117360,114880,116500,173.91384952
1758153600,116480,118000,116210,117090,176.77537007
1758240000,117080,117470,115370,115830,605.62283156
1758326400,115840,116300,115620,115840,21.43412309
1758412800,115850,115970,115440,115460,184.49470597
1758499200,115450,115550,111760,112810,1195.99111875
1758585600,112800,113490,111710,112250,581.43142436
1758672000,112250,114210,111250,113520,337.95221748
1758758400,113540,113710,108880,109180,1072.18573382
1758844800,109160,110520,108930,109930,1312.800956
1758931200,109930,110010,109390,109940,869.43643662
1759017600,109950,112620,109500,112370,930.48352054
1759104000,112420,114640,111850,114580,450.96419043
1759190400,114580,114990,112880,114020,498.61336933
1759276800,114030,118810,113950,118630,843.81674139
1759363200,118730,121090,118390,120570,584.05684211
1759449600,120530,123890,119340,122160,733.1147045
1759536000,122180,122760,121560,122360,257.51300959
1759622400,122360,125710,122130,123480,910.44153711
1759708800,123490,126110,123170,124680,877.86758561
1759795200,124680,125070,120660,121450,646.73959614
1759881600,121440,124220,121270,123410,429.05848651
1759968000,123410,123760,119600,121760,556.74651141
1760054400,121760,122670,103310,113080,2484.09297306
1760140800,113020,113720,109830,110980,1383.64433508
1760227200,110990,116000,109910,115230,1193.55275139
1760313600,115200,116130,113890,115390,1107.52561845
1760400000,115390,115630,110160,113260,2414.62840282
1760486400,113260,113830,110410,110920,1008.24907479
1760572800,110950,112150,107700,108420,1671.45357537
1760659200,108380,109480,103790,106700,1750.49819905
1760745600,106700,107720,106660,107440,663.29472449
1760832000,107410,109680,106370,108840,960.98414934
1760918400,108840,111870,107680,110760,865.29352725
1761004800,110760,114150,107700,108540,1375.71950763
1761091200,108530,109140,106760,107720,1351.46151494
1761177600,107670,111270,107570,110210,758.69179793
1761264000,110160,112000,109780,111160,725.96853287
1761350400,111120,111960,110810,111650,145.47802649
1761436800,111620,115390,111260,114500,452.5500983
1761523200,114520,116500,113800,114150,373.2633955
1761609600,114120,116000,112300,113000,552.35663375
1761696000,112980,113770,109370,110260,1056.52794469
1761782400,110250,111720,106510,108500,2024.71867292
1761868800,108490,111270,108480,109820,1026.47182642
1761955200,109820,110750,109600,110290,539.14154698
1762041600,110270,111420,109650,110710,236.22821921
1762128000,110670,110850,105460,106760,1892.43585167
1762214400,106770,107460,99045,101560,2298.60862889
1762300800,101560,104580,99129,103940,822.67460755
1762387200,103940,104300,100450,101450,999.72533947
1762473600,101400,104100,99459,103360,1495.08938197
1762560000,103370,103390,101610,102480,679.58382429
1762646400,102480,105500,101600,104780,674.36890396
1762732800,104760,106610,104360,106010,594.81588011
1762819200,106020,107500,102650,103190,979.93959621
1762905600,103230,105370,100870,101740,1185.36049057
1762992000,101720,104000,98050,99839,1659.53916043
1763078400,99777,99920,94469,94844,4798.99554862
1763164800,94788,96930,94788,95672,505.14512412
1763251200,95677,96711,93673,94600,2546.96329918
1763337600,94601,96219,91762,92541,3377.45253144
1763424000,92532,93989,89409,93193,3192.11957366
1763510400,93153,93186,88888,91648,2956.20850725
1763596800,91623,93125,86260,86821,2056.6747375
1763683200,86791,87650,80822,85314,2977.64747983
1763769600,85328,85766,83680,84889,488.18394366
1763856000,84890,88290,84835,87008,1409.93016267
1763942400,87013,89349,85500,88471,1398.07043147
1764028800,88467,88628,86243,87514,886.44839033
1764115200,87518,90684,86500,90585,965.62515745
1764201600,90584,91990,90188,91385,373.50513837
1764288000,91446,93116,90255,91022,605.5115567
1764374400,91023,91250,90317,90934,55.19750037
1764460800,90899,92000,90413,90413,164.48141891
1764547200,90406,90459,84000,86447,1943.49909055
1764633600,86444,92340,86333,91380,991.08927975
1764720000,91370,94449,91075,93457,959.26475152
1764806400,93468,94100,91000,92101,508.04242282
1764892800,92120,92744,88136,89379,449.11517794
1764979200,89372,90290,89000,89280,151.20594691
1765065600,89273,91783,87878,90473,648.62589142
1765152000,90433,92283,89694,90668,510.61600192
1765238400,90670,94665,89563,92753,992.41620455
1765324800,92752,94470,91632,92023,600.87956328
1765411200,92069,93519,89245,92515,738.48313297
1765497600,92542,92755,89585,90302,315.09605461
1765584000,90325,90671,89886,90327,47.63382665
1765670400,90321,90530,87660,88181,314.87490849
1765756800,88197,90011,85288,86535,857.38130264
1765843200,86551,88262,85382,87950,449.37590441
1765929600,87892,90427,85438,86396,1964.62916818
1766016000,86395,89550,84562,85670,2220.40574924
1766102400,85664,89500,85254,88241,1642.77932911
1766188800,88253,88692,87920,88456,451.83440676
1766275200,88463,89172,87714,88726,615.81472189
1766361600,88745,90606,87950,88655,1459.23560145
1766448000,88653,88989,86644,87503,1287.56947151
1766534400,87497,88094,86408,87692,1003.10460499
1766620800,87706,88615,87000,87256,420.63221407
1766707200,87260,89568,86686,87456,1388.9839864
1766793600,87459,88080,87333,87960,262.79656944
1766880000,87960,88174,87529,88013,306.28111002
1766966400,88025,90401,86860,87228,1426.13703462
1767052800,87223,89444,86821,88524,1276.50774218
1767139200,88524,89243,87298,87720,718.78230704
1767225600,87722,88946,87589,88876,299.8938288
1767312000,88898,90949,88408,90006,1048.60754445
1767398400,89993,90688,89316,90595,474.05299601
1767484800,90593,91756,90593,91456,961.48615265
1767571200,91463,94665,91419,93756,1457.35273629
1767657600,93756,94308,91164,93632,1836.21631075
1767744000,93591,93598,90625,91340,1045.71040335
1767830400,91345,91677,89280,91064,777.98863597
1767916800,91085,92000,89679,90626,837.10770514
1768003200,90615,90833,90386,90525,111.4785686
1768089600,90529,91263,90225,90984,250.63901321
1768176000,90987,92493,90079,91236,1122.68204873
1768262400,91236,96450,90980,95259,2031.00904
1768348800,95259,97850,94387,96805,2574.45909162
1768435200,96791,97120,95054,95509,1770.08501896
1768521600,95535,95772,94199,95477,1223.32517506
1768608000,95511,95714,94952,95111,440.03664357
1768694400,95092,95524,93592,93651,658.52880672
1768780800,93641,93662,91900,92596,1215.84969635
1768867200,92584,92857,87783,88431,1562.66040153
1768953600,88407,90601,87298,89496,1834.31631625
1769040000,89472,90395,88525,89580,1165.17281759
1769126400,89574,91205,88595,89618,1733.80651587
1769212800,89629,89966,89154,89182,853.99705976
1769299200,89194,89298,86045,86653,1783.30952566
1769385600,86649,88902,86500,88451,1630.89855544
1769472000,88473,89582,87364,89242,1143.09403563
1769558400,89262,90600,88832,89296,949.04424372
1769644800,89304,89343,83276,84666,2376.11904734
1769731200,84655,84759,81151,84231,2292.92864318
1769817600,84239,84243,75731,78802,1951.45124331
1769904000,78812,79503,75735,77011,2474.33293737
1769990400,77029,79450,75063,78856,4275.01066881
1770076800,78846,79285,73060,75874,2484.78058037
1770163200,75857,77078,72126,73281,2996.53188848
1770249600,73268,73443,62339,62990,4245.82269428
1770336000,62990,71822,60100,70659,3537.1318678
1770422400,70647,71768,67367,69348,1962.79358542
1770508800,69365,72300,68954,70394,1504.27662605
1770595200,70362,71494,68312,70173,2631.50407495
1770681600,70187,70565,67952,68906,1889.67072083
1770768000,68896,69357,65822,67154,2172.16898633
1770854400,67164,68458,65211,66364,2092.4877978
1770940800,66354,69550,65959,68872,1758.03524461
1771027200,68890,70590,68744,69852,1344.52054853
1771113600,69843,71032,68119,68880,1562.63990276
1771200000,68868,70222,67346,68961,1766.81756024
1771286400,68977,69334,66702,67579,1618.92310706
1771372800,67570,68561,65937,66554,2619.52380552
1771459200,66547,67402,65683,67089,2517.26510755
1771545600,67070,68390,66512,68070,3018.7257113
1771632000,68076,68762,67598,68009,1122.88129321
1771718400,68020,68277,67248,67710,1266.46200321
1771804800,67712,67750,63954,64730,5526.96567279
1771891200,64740,65094,62550,64136,4818.5660366
1771977600,64136,70171,63990,68079,6511.55716347
1772064000,68060,68949,66580,67558,4450.62139611
1772150400,67546,68300,65000,65944,3900.58553485
1772236800,65942,67812,63100,67037,5525.83589724
1772323200,67034,68264,65069,65800,3873.07822593
1772409600,65810,70141,65307,68855,5919.9882572
1772496000,68864,69290,66167,68352,3884.4678091
1772582400,68352,74047,67415,72668,5536.41175689
1772668800,72700,73592,70613,70865,4314.73601922
1772755200,70887,71413,67737,68099,2538.0660307
1772841600,68094,68629,66925,67241,1010.49161373
1772928000,67242,68198,65588,65993,1657.77276895
1773014400,65981,69550,65833,68455,2302.06109951
1773100800,68454,71814,68416,69959,2210.92010467
1773187200,69967,71345,68990,70228,1394.40400312
1773273600,70231,70823,69175,70519,1411.15543931
1773360000,70519,73909,70380,70898,2392.91863095
1773446400,70895,71294,70345,71211,748.06457229
1773532800,71199,73200,70853,72798,1133.33236602
1773619200,72823,74911,72268,74871,2400.9079805
1773705600,74842,76000,73394,73884,1515.80718144
1773792000,73886,74662,70488,71238,1314.34737474
1773878400,71237,71612,68731,69940,1476.0965876
1773964800,69927,71379,69402,70537,1376.25327628
1774051200,70551,71092,68468,68916,677.56494494
1774137600,68891,69608,67363,67877,1527.51361513
1774224000,67900,71843,67459,70911,2455.69901299
1774310400,70911,71400,68910,70564,1504.22312813
1774396800,70562,71477,70390,71312,486.73822924
1774483200,71312,71415,68131,68822,1693.28994776
1774569600,68815,69167,65530,66445,2255.07711139
1774656000,66393,67285,65916,66364,1011.89677669
1774742400,66365,67125,64989,66015,1337.17520815
1774828800,66016,68160,65786,66770,2136.61365734
1774915200,66774,68562,65949,68249,1743.66409633
1775001600,68247,69291,67561,68047,974.07164629
1775088000,68055,68625,65688,66879,1073.44738045
1775174400,66897,67349,66241,66934,589.4980514
1775260800,66918,67543,66746,67310,428.00247797
1775347200,67310,69140,66600,68990,639.34287134
1775433600,68991,70327,68270,68824,1035.9698898
1775520000,68824,72789,67706,71877,1371.96528627
1775606400,71880,72843,70670,71060,1103.46117311
1775692800,71074,73120,70434,71769,901.54026099
1775779200,71780,73510,71391,72951,833.40479188
1775865600,72948,73800,72521,73042,568.44812287
1775952000,73029,73140,70478,70707,669.3215141
1776038400,70708,74900,70527,74377,1560.38649338
1776124800,74433,76051,73804,74123,1922.64388973
1776211200,74122,75414,73500,74813,1366.8886634
1776297600,74813,75522,73300,75142,1102.17034484
1776384000,75141,78328,74524,77067,1474.31878693
1776470400,77079,77407,75432,75686,703.39100166
1776556800,75682,76248,73755,73798,900.86469368
1776643200,73813,76621,73715,75842,1414.55417662
1776729600,75841,76978,74800,76329,1097.4529353
1776816000,76329,79480,76134,78197,1411.29373288
1776902400,78193,78738,77021,78304,1089.26525053
1776988800,78312,78621,77274,77452,1046.29837419
1777075200,77438,77888,77143,77614,410.64322453
1777161600,77614,78982,77314,78694,1096.01828343
1777248000,78695,79528,76501,77407,1415.57573737
1777334400,77412,77522,75679,76396,978.1502194
1777420800,76393,77933,74958,75782,1162.77421587
1777507200,75786,76691,75311,76346,1007.8900947
1777593600,76334,78941,76318,78207,1285.80712007
1777680000,78203,79200,77974,78629,567.09450034
1777766400,78664,79420,78041,78566,689.08919371
1777852800,78550,80756,78169,79823,1980.06734658
1777939200,79810,81738,79763,80843,1018.85295193
1778025600,80848,82818,80663,81378,1017.66463838
1778112000,81370,81652,79450,79975,913.05267656
1778198400,80007,80492,79145,80170,979.70630354
1778284800,80183,81050,80102,80634,597.85442888
1778371200,80633,82433,80237,82154,861.34961806
1778457600,82155,82328,80400,81685,969.29072374
1778544000,81688,81731,79813,80457,1170.42328445
1778630400,80460,81285,78708,79288,833.45999099
1778716800,79286,82010,78867,81059,1132.80490405
1778803200,81059,81619,78570,79062,775.82678755
1778889600,79068,79183,77598,78105,525.65224745
1778976000,78122,78624,76602,77427,504.47250943
1779062400,77407,77780,76031,77025,1098.27791086
1779148800,77025,77440,76126,76873,1045.38065574
1779235200,76862,77877,76551,77630,1862.88431839
1779321600,77604,78243,76743,77520,1309.29567154
1779408000,77579,77914,75363,75546,1407.20276598
1779494400,75546,77448,74027,76797,1569.83960754
1779580800,76819,77122,76682,76858,290.49713443