time,open,high,low,close,volume
2020-08-06,0.1427,0.14593,0.14221,0.14368,505131.46242101
2020-08-07,0.145,0.14689,0.13427,0.13892,283628.87104282
2020-08-08,0.13871,0.1474,0.13823,0.1452,256098.19783233
2020-08-09,0.14549,0.15224,0.14242,0.14445,684510.40308922
2020-08-10,0.14613,0.14698,0.1416,0.14356,341543.8671748
2020-08-11,0.14404,0.14453,0.13182,0.13745,365375.57373477
2020-08-12,0.13679,0.13743,0.12456,0.13376,250083.68754956
2020-08-13,0.13462,0.14094,0.13438,0.13933,360634.2564543
2020-08-14,0.13972,0.14149,0.13837,0.13845,194077.03630091
2020-08-15,0.13846,0.14117,0.13709,0.1387,182086.88143463
2020-08-16,0.13811,0.13956,0.13529,0.13805,141161.14793277
2020-08-17,0.13894,0.14429,0.13776,0.14021,173168.13235763
2020-08-18,0.14116,0.14397,0.13478,0.13708,172127.39295841
2020-08-19,0.13648,0.13767,0.12805,0.12977,282551.66305565
2020-08-20,0.13157,0.13485,0.12725,0.13403,131643.09525537
2020-08-21,0.13426,0.13426,0.12212,0.12315,388947.54625806
2020-08-22,0.12357,0.12587,0.11904,0.12587,99854.17020564
2020-08-23,0.12479,0.12524,0.12,0.12242,150358.8233765
2020-08-24,0.1215,0.12722,0.12089,0.12447,39661.49478491
2020-08-25,0.12309,0.12366,0.106,0.11301,443169.5091533
2020-08-26,0.11203,0.1172,0.11102,0.11513,133365.21700551
2020-08-27,0.11535,0.11549,0.1028,0.10692,653351.4801127
2020-08-28,0.10652,0.11186,0.10643,0.10945,218703.08673419
2020-08-29,0.10985,0.11807,0.10876,0.11693,181551.28551167
2020-08-30,0.11684,0.11927,0.11453,0.11749,214061.25509388
2020-08-31,0.1181,0.12663,0.11362,0.12284,1699462.06397263
2020-09-01,0.12304,0.1281,0.12,0.12471,443178.64949097
2020-09-02,0.12658,0.12658,0.11116,0.11553,407538.93103823
2020-09-03,0.11576,0.11682,0.093198,0.09503,2216545.30585127
2020-09-04,0.09514,0.10408,0.093493,0.10244,1288672.22030093
2020-09-05,0.10207,0.10381,0.086761,0.08989,888405.01282067
2020-09-06,0.090461,0.095782,0.085863,0.092912,527216.44755566
2020-09-07,0.09275,0.093899,0.086709,0.093286,434428.41103805
2020-09-08,0.09381,0.096711,0.08844,0.091478,449985.81663599
2020-09-09,0.091029,0.095813,0.08973,0.093003,307584.78099467
2020-09-10,0.094239,0.0996,0.094239,0.09708,707430.49408802
2020-09-11,0.097391,0.097482,0.093627,0.097321,317067.50472917
2020-09-12,0.096773,0.098467,0.094767,0.09719,146922.52278
2020-09-13,0.097853,0.099767,0.093193,0.095332,238592.83463147
2020-09-14,0.09394,0.098175,0.093927,0.09681,365623.36108883
2020-09-15,0.09668,0.09812,0.093115,0.09339,443042.07542275003
2020-09-16,0.09332,0.09332,0.08992,0.09143,1495571.64772649
2020-09-17,0.091167,0.094733,0.091017,0.094208,2294913.77819478
2020-09-18,0.094053,0.094098,0.09,0.090352,187250.65050863998
2020-09-19,0.09091,0.093374,0.090803,0.09171,358638.00488457
2020-09-20,0.09135,0.092283,0.088,0.089474,328722.21578307
2020-09-21,0.08947,0.090207,0.0771,0.079843,3936961.38890032
2020-09-22,0.080147,0.083599,0.079617,0.08179,401217.92276506
2020-09-23,0.08203,0.08288,0.075825,0.076918,527158.70836514
2020-09-24,0.076233,0.08379,0.07578,0.082836,1412645.95215338
2020-09-25,0.082829,0.09858,0.08265,0.097225,3870275.61276334
2020-09-26,0.097192,0.1,0.092616,0.09572,1204990.66041428
2020-09-27,0.0956,0.10277,0.09451,0.1016,1880139.32979464
2020-09-28,0.10173,0.10661,0.099697,0.10046,2390070.44594319
2020-09-29,0.10037,0.1035,0.097554,0.10193,951690.44059806
2020-09-30,0.10126,0.10159,0.096961,0.10102,2428095.83756279
2020-10-01,0.10145,0.10449,0.095082,0.098008,2194702.53081428
2020-10-02,0.097874,0.10033,0.090085,0.092862,2098149.56822798
2020-10-03,0.093046,0.095282,0.09246,0.093278,802637.79179858
2020-10-04,0.093442,0.098237,0.09242,0.097031,341298.52522093
2020-10-05,0.097095,0.099574,0.0962,0.097532,425434.01296972
2020-10-06,0.097693,0.09891,0.091525,0.093182,1417698.09241288
2020-10-07,0.092898,0.094546,0.08966,0.093946,298818.7867094
2020-10-08,0.093818,0.097269,0.0901,0.09615,532551.42593949
2020-10-09,0.096428,0.10269,0.095107,0.10157,984546.51217278
2020-10-10,0.10164,0.11135,0.10164,0.10519,1349520.4820767
2020-10-11,0.105,0.10904,0.10442,0.10667,390941.74327346
2020-10-12,0.10648,0.1136,0.10245,0.10975,1087609.50696904
2020-10-13,0.10962,0.11433,0.10793,0.10886,1147018.98932291
2020-10-14,0.10951,0.11248,0.10557,0.10752,1745071.95912845
2020-10-15,0.1071,0.10789,0.10471,0.10662,245668.05292135
2020-10-16,0.10655,0.10738,0.1026,0.10407,375790.52297358
2020-10-17,0.10421,0.10734,0.10342,0.10604,248835.02873863
2020-10-18,0.10587,0.1076,0.1053,0.10737,100485.15614345
2020-10-19,0.10759,0.11112,0.10619,0.10861,787224.24579283
2020-10-20,0.10853,0.10918,0.10086,0.10243,1499609.99806072
2020-10-21,0.10204,0.10868,0.1017,0.10637,3110579.35901825
2020-10-22,0.10654,0.11283,0.10556,0.11073,752412.06513003
2020-10-23,0.11038,0.11206,0.1055,0.10798,871787.48496524
2020-10-24,0.10833,0.10986,0.10748,0.10804,634057.26477012
2020-10-25,0.10798,0.10883,0.10608,0.10638,688686.91201537
2020-10-26,0.1063,0.10756,0.0992,0.10294,2503634.14316517
2020-10-27,0.10289,0.10577,0.10201,0.10268,622008.23664278
2020-10-28,0.10229,0.10323,0.095191,0.09892,1465411.35009941
2020-10-29,0.098676,0.10066,0.095,0.09545,294081.9986894
2020-10-30,0.0949,0.095483,0.08931,0.093319,1126840.50929724
2020-10-31,0.093002,0.09536,0.09218,0.092908,2337501.85405309
2020-11-01,0.092903,0.09846,0.092581,0.098028,606656.60002551
2020-11-02,0.098634,0.099981,0.091668,0.092365,776939.50086752
2020-11-03,0.092005,0.093989,0.088238,0.093499,1025995.23312117
2020-11-04,0.093756,0.096321,0.091778,0.09535,865457.08307422
2020-11-05,0.09545,0.0979,0.092202,0.097585,1000403.45079487
2020-11-06,0.097446,0.10973,0.097118,0.10907,1347777.26069216
2020-11-07,0.1098,0.1135,0.099564,0.1013,2341127.58007126
2020-11-08,0.10146,0.10821,0.099981,0.10676,546096.35506362
2020-11-09,0.10662,0.10755,0.10151,0.10565,1293377.47033495
2020-11-10,0.10513,0.10905,0.10376,0.10583,632365.59304587
2020-11-11,0.10596,0.10886,0.10563,0.10618,394517.39805728
2020-11-12,0.1059,0.10663,0.1026,0.1046,502650.51133737
2020-11-13,0.10441,0.10783,0.10406,0.10636,452231.1755821
2020-11-14,0.10654,0.10715,0.10155,0.10429,275491.79930705
2020-11-15,0.10399,0.1052,0.09857,0.10053,644589.16959049
2020-11-16,0.1004,0.105,0.09948,0.10379,1215392.05206527
2020-11-17,0.10385,0.11235,0.10358,0.10951,2505828.08258074
2020-11-18,0.10957,0.1116,0.10205,0.10693,3267605.12257651
2020-11-19,0.10658,0.10812,0.10432,0.10585,300286.37746905
2020-11-20,0.10567,0.11953,0.10553,0.11845,4525065.01484827
2020-11-21,0.11871,0.134,0.11645,0.13262,6605363.30005622
2020-11-22,0.13353,0.15319,0.1198,0.14549,9644834.32896993
2020-11-23,0.14595,0.15857,0.141,0.15443,6672500.8037529
2020-11-24,0.15469,0.1829,0.15148,0.16694,5371041.89055511
2020-11-25,0.16728,0.17587,0.14702,0.15501,5111326.56423034
2020-11-26,0.15463,0.16018,0.11954,0.1396,22186868.26331966
2020-11-27,0.14009,0.1458,0.13146,0.14197,2291122.03687176
2020-11-28,0.1425,0.1725,0.13973,0.1654,5228685.55209144
2020-11-29,0.16537,0.17169,0.1576,0.16701,2135402.35066614
2020-11-30,0.1672,0.17385,0.16038,0.17195,4548216.16637129
2020-12-01,0.17222,0.17442,0.14252,0.15586,5959880.07923103
2020-12-02,0.15513,0.15983,0.15134,0.15891,2643513.46523015
2020-12-03,0.1592,0.16838,0.15558,0.16428,2001118.39418417
2020-12-04,0.1639,0.16464,0.14643,0.14795,5260092.21144579
2020-12-05,0.14746,0.16202,0.14621,0.16004,2344698.12041554
2020-12-06,0.16016,0.16254,0.15321,0.15877,2230794.19275498
2020-12-07,0.15884,0.15884,0.15156,0.15429,1008252.72624355
2020-12-08,0.1543,0.15516,0.1379,0.14118,3625384.95639712
2020-12-09,0.14093,0.15017,0.1302,0.14829,6824953.13126939
2020-12-10,0.14821,0.14834,0.13934,0.14182,1753500.51981242
2020-12-11,0.14225,0.14293,0.13506,0.13949,1000659.86468011
2020-12-12,0.13927,0.14738,0.13891,0.14416,1641369.10712249
2020-12-13,0.14451,0.15669,0.1431,0.15414,2228368.2792818
2020-12-14,0.15414,0.15863,0.14985,0.15858,1442179.39723538
2020-12-15,0.1588,0.1601,0.15279,0.15405,2228688.06520169
2020-12-16,0.15398,0.16801,0.14937,0.16795,2535444.00617887
2020-12-17,0.16812,0.1758,0.15907,0.1633,4746784.57381137
2020-12-18,0.16334,0.16922,0.15832,0.16504,910722.52346902
2020-12-19,0.16529,0.17072,0.16316,0.16428,699288.05211634
2020-12-20,0.16411,0.1688,0.15678,0.16203,1972074.24107174
2020-12-21,0.16189,0.16598,0.14557,0.15266,5412958.74049538
2020-12-22,0.15269,0.16107,0.1488,0.1564,2628298.48689357
2020-12-23,0.1565,0.15762,0.12554,0.1364,10540391.76393554
2020-12-24,0.1361,0.15442,0.13144,0.15292,11118395.76387934
2020-12-25,0.15327,0.16733,0.15033,0.15784,5683855.40437291
2020-12-26,0.15763,0.16183,0.14887,0.15769,6906207.37221541
2020-12-27,0.15821,0.16557,0.14925,0.15425,7164494.54392476
2020-12-28,0.15455,0.1798,0.15258,0.17646,9607139.66523952
2020-12-29,0.1762,0.19631,0.17304,0.19066,36635262.22076102
2020-12-30,0.19112,0.19279,0.17497,0.18389,9800485.61657287
2020-12-31,0.18402,0.18608,0.17422,0.18148,5277529.7713379
2021-01-01,0.1811,0.18449,0.17012,0.17525,5789598.62522836
2021-01-02,0.17495,0.18435,0.16837,0.17748,8149786.42631916
2021-01-03,0.17756,0.20936,0.17277,0.2061,14636779.07998949
2021-01-04,0.20612,0.23985,0.192,0.22542,16765409.22473176
2021-01-05,0.22551,0.26544,0.2073,0.25823,15396380.46254137
2021-01-06,0.25929,0.3473,0.25465,0.33321,35735047.43715112
2021-01-07,0.33467,0.35445,0.27914,0.29837,36099420.08454322
2021-01-08,0.29959,0.32107,0.26235,0.30377,22985498.57007627
2021-01-09,0.30306,0.33894,0.29632,0.33068,9437641.41676457
2021-01-10,0.33161,0.341,0.27892,0.30249,11523339.19631719
2021-01-11,0.30321,0.30354,0.23056,0.27579,24869722.79868248
2021-01-12,0.27566,0.31441,0.26356,0.28773,11507204.66526185
2021-01-13,0.28904,0.31552,0.27067,0.313,7438664.98132449
2021-01-14,0.31385,0.32451,0.29623,0.31094,6174275.66456807
2021-01-15,0.31174,0.332,0.27657,0.30229,7454139.58616409
2021-01-16,0.303,0.36838,0.30277,0.35115,13539408.55638182
2021-01-17,0.35036,0.39878,0.342,0.38031,13332916.5316461
2021-01-18,0.38172,0.39823,0.36459,0.37162,6277406.57580784
2021-01-19,0.37202,0.38503,0.36341,0.36775,6276820.51250337
2021-01-20,0.36706,0.377,0.33,0.37516,6323723.59752582
2021-01-21,0.37701,0.37935,0.30051,0.30858,9929325.5687169
2021-01-22,0.30811,0.36,0.28071,0.35066,7366800.65963409
2021-01-23,0.34976,0.35878,0.33646,0.34571,3720543.28903946
2021-01-24,0.34568,0.36999,0.33816,0.35403,3356550.93920524
2021-01-25,0.35464,0.36504,0.33935,0.34314,2939027.36156864
2021-01-26,0.34218,0.35071,0.32454,0.34381,3132416.35614922
2021-01-27,0.34373,0.34383,0.30459,0.31247,4181332.59067316
2021-01-28,0.31281,0.35576,0.30554,0.34268,5240220.917352
2021-01-29,0.34408,0.36927,0.33072,0.34754,8299813.36062062
2021-01-30,0.3482,0.377,0.33785,0.36409,4051769.91831369
2021-01-31,0.36414,0.37787,0.33896,0.34537,2650392.60914659
2021-02-01,0.34445,0.4233,0.33253,0.40877,12069254.64203075
2021-02-02,0.41,0.45619,0.38967,0.42584,19287114.605503
2021-02-03,0.4268,0.44979,0.41605,0.44268,6326384.07034866
2021-02-04,0.44263,0.44994,0.41064,0.43934,6911525.46536739
2021-02-05,0.43998,0.55962,0.437,0.53969,29159496.02398029
2021-02-06,0.53759,0.66818,0.52,0.635,29770632.22558909
2021-02-07,0.63596,0.70985,0.58094,0.66358,33651781.20191996
2021-02-08,0.66229,0.72525,0.63235,0.67543,20243596.43197117
2021-02-09,0.67697,0.71373,0.66185,0.70599,9098141.73475026
2021-02-10,0.7073,0.95197,0.7073,0.94199,47043614.76460826
2021-02-11,0.9404,0.98276,0.86562,0.92832,23752372.04708844
2021-02-12,0.93224,0.94877,0.86592,0.926,14052342.54806989
2021-02-13,0.925,0.95272,0.82071,0.91335,12512731.83592988
2021-02-14,0.91368,0.919,0.80827,0.84328,9799404.99729076
2021-02-15,0.84393,0.9112,0.69,0.86018,33906691.76094428
2021-02-16,0.86356,0.90571,0.83413,0.8706,8900166.86762388
2021-02-17,0.87388,0.89866,0.82447,0.8902,10395778.32852887
2021-02-18,0.89165,0.95833,0.89165,0.91414,9330231.43643127
2021-02-19,0.91536,0.94719,0.8784,0.92667,8702649.52499765
2021-02-20,0.92845,1.1988,0.91291,1.1132,28227214.30003491
2021-02-21,1.1122,1.152,1.0699,1.099,13162448.27279663
2021-02-22,1.099,1.1458,0.83411,1.0977,37269583.47041832
2021-02-23,1.0954,1.14,0.80434,0.96323,32227948.94818769
2021-02-24,0.96232,1.0748,0.89788,1.0502,13318634.47671907
2021-02-25,1.0503,1.177,1.0125,1.0738,11243514.67884129
2021-02-26,1.0781,1.295,0.98776,1.242,28633169.29368628
2021-02-27,1.2433,1.485,1.2266,1.3146,32654427.22979378
2021-02-28,1.3145,1.364,1.1568,1.3156,24179240.84275561
2021-03-01,1.3166,1.3528,1.2355,1.2971,11267572.85308006
2021-03-02,1.2952,1.3,1.1818,1.2278,8490432.45622044
2021-03-03,1.2225,1.2672,1.21,1.215,5767970.99565264
2021-03-04,1.2137,1.2325,1.07,1.1128,8891273.66215402
2021-03-05,1.1127,1.1982,1.0375,1.1603,15289390.67949609
2021-03-06,1.161,1.1843,1.0871,1.129,4662845.48500207
2021-03-07,1.13,1.145,1.107,1.1298,6221094.97169417
2021-03-08,1.1337,1.1783,1.1062,1.1197,3638039.84430743
2021-03-09,1.12,1.2213,1.1125,1.1987,9614244.13050758
2021-03-10,1.1998,1.2089,1.1162,1.1348,5151907.70975969
2021-03-11,1.1347,1.1434,1.1101,1.1256,4213579.1188211
2021-03-12,1.1269,1.1302,1.0285,1.0357,6164765.1069211
2021-03-13,1.0331,1.1931,0.98733,1.1053,9402112.38574948
2021-03-14,1.1028,1.1028,1.0522,1.0522,3022396.66144876
2021-03-15,1.052,1.0688,1.0,1.0323,7010754.56759298
2021-03-16,1.0313,1.2781,1.0025,1.25,21451316.207312
2021-03-17,1.25,1.428,1.2038,1.3755,17304111.23408453
2021-03-18,1.38,1.472,1.2226,1.2299,21665343.81626346
2021-03-19,1.2302,1.3426,1.182,1.2947,11325476.82640852
2021-03-20,1.2947,1.3093,1.2,1.201,5461301.76251031
2021-03-21,1.2,1.2408,1.157,1.1881,4612184.2650468
2021-03-22,1.188,1.2072,1.0686,1.1004,6992676.4557372
2021-03-23,1.1008,1.1727,1.0812,1.115,4613403.31978974
2021-03-24,1.1156,1.1643,1.0382,1.07,3616520.89999408
2021-03-25,1.0667,1.1527,1.0471,1.1012,5038170.86910577
2021-03-26,1.0975,1.2855,1.0975,1.2133,8700402.83020007
2021-03-27,1.213,1.2375,1.1579,1.1762,3777639.41956469
2021-03-28,1.1772,1.2202,1.1683,1.191,1746035.58934812
2021-03-29,1.1916,1.2312,1.178,1.2048,2963152.98113011
2021-03-30,1.2023,1.2375,1.19,1.2151,2974200.88165273
2021-03-31,1.2113,1.2135,1.155,1.1922,3053332.70546881
2021-04-01,1.1925,1.2081,1.1714,1.1835,4022128.48493679
2021-04-02,1.1847,1.245,1.1815,1.19,3867620.05019299
2021-04-03,1.1899,1.24,1.1591,1.164,3988658.09330146
2021-04-04,1.1618,1.1928,1.1501,1.184,1914076.51439374
2021-04-05,1.1844,1.2265,1.1642,1.2119,7392496.32538981
2021-04-06,1.2136,1.3438,1.1911,1.2553,13445089.10230999
2021-04-07,1.2563,1.2887,1.1598,1.1742,5608812.30566174
2021-04-08,1.172,1.2261,1.1707,1.2187,1915768.91825119
2021-04-09,1.2195,1.229,1.1933,1.2031,2595622.3558242
2021-04-10,1.202,1.2526,1.1954,1.2196,4073846.77545779
2021-04-11,1.219,1.29,1.2001,1.2637,9535520.13664581
2021-04-12,1.2661,1.3483,1.2613,1.316,11617216.88781137
2021-04-13,1.3224,1.4399,1.283,1.4103,16748186.87011298
2021-04-14,1.4139,1.5576,1.3469,1.4543,22734132.812227
2021-04-15,1.4574,1.4938,1.4102,1.4812,7529074.36704788
2021-04-16,1.4799,1.5216,1.3314,1.4085,9209175.27755939
2021-04-17,1.4112,1.4555,1.356,1.3694,3030229.58791135
2021-04-18,1.3713,1.38,1.0566,1.274,18480428.24158656
2021-04-19,1.2783,1.3233,1.1712,1.1945,7089615.87910511
2021-04-20,1.194,1.2813,1.1218,1.2682,6538400.55074348
2021-04-21,1.2683,1.2859,1.1948,1.2034,10516325.51460305
2021-04-22,1.2061,1.2815,1.1165,1.146,5977329.99431394
2021-04-23,1.1438,1.1674,0.91658,1.1579,19788535.68801094
2021-04-24,1.1597,1.1989,1.0962,1.1062,3122803.83967161
2021-04-25,1.1065,1.1491,1.023,1.092,5800729.71948079
2021-04-26,1.092,1.2531,1.0814,1.2376,5546413.73320806
2021-04-27,1.2378,1.3344,1.2283,1.3107,3318541.4731706
2021-04-28,1.3069,1.3482,1.2372,1.3374,3928568.7976719
2021-04-29,1.3374,1.4117,1.2667,1.307,7165750.42020886
2021-04-30,1.307,1.37,1.2869,1.351,3396993.94670151
2021-05-01,1.35,1.3675,1.314,1.3559,1447528.54135176
2021-05-02,1.3537,1.3549,1.2952,1.3263,1947782.69551187
2021-05-03,1.3262,1.3802,1.3235,1.3611,3387001.58370522
2021-05-04,1.3615,1.3656,1.257,1.2754,5586830.63820735
2021-05-05,1.2701,1.4953,1.2613,1.4794,8787445.47499135
2021-05-06,1.4817,1.7,1.4299,1.6475,21661956.07926502
2021-05-07,1.648,1.7473,1.5279,1.6545,10326781.60824316
2021-05-08,1.6534,1.6543,1.5611,1.6214,3412407.40720553
2021-05-09,1.6166,1.8325,1.5742,1.7674,9802332.87988368
2021-05-10,1.7687,1.8245,1.525,1.6458,9073770.21530612
2021-05-11,1.6381,1.7782,1.5924,1.7636,7427570.89070158
2021-05-12,1.7619,1.82,1.5454,1.5643,8796521.42540633
2021-05-13,1.5643,1.9723,1.4988,1.9337,24584719.97170366
2021-05-14,1.936,2.0438,1.8146,2.01,6486897.77669098
2021-05-15,2.01,2.3871,1.9655,2.1791,17538880.38839477
2021-05-16,2.1805,2.474,2.0207,2.3098,14474061.14084986
2021-05-17,2.3077,2.3384,1.9108,2.03,20382964.94999431
2021-05-18,2.0293,2.1474,1.9752,2.0096,7507645.30062185
2021-05-19,2.0053,2.0298,0.98941,1.4664,73311791.7037675
2021-05-20,1.4682,1.9461,1.3228,1.8028,32044981.56022909
2021-05-21,1.7997,1.8706,1.3222,1.555,13136281.92303644
2021-05-22,1.5536,1.6005,1.3748,1.4683,6129206.03822397
2021-05-23,1.4671,1.5422,1.06,1.315,17158528.53302892
2021-05-24,1.3188,1.5976,1.2626,1.5479,6437854.65755682
2021-05-25,1.548,1.6556,1.4385,1.5548,4368510.07499602
2021-05-26,1.5614,1.8328,1.5563,1.7818,7708228.92466184
2021-05-27,1.7797,1.7888,1.6121,1.6539,3278170.60981507
2021-05-28,1.6458,1.676,1.4512,1.5131,6413289.13847425
2021-05-29,1.5111,1.5607,1.3364,1.4033,4203380.69845962
2021-05-30,1.3993,1.6977,1.3464,1.5706,4868137.75934609
2021-05-31,1.5733,1.7488,1.5264,1.7414,12126502.48001899
2021-06-01,1.7362,1.7794,1.6552,1.7348,2569005.45913065
2021-06-02,1.7415,1.8044,1.7197,1.754,2275858.33037963
2021-06-03,1.7491,1.8891,1.7163,1.8432,2263404.10670016
2021-06-04,1.8467,1.8485,1.6078,1.7076,2925738.45821939
2021-06-05,1.7081,1.783,1.61,1.66,2562318.16279408
2021-06-06,1.6556,1.7063,1.647,1.6761,481156.47460985
2021-06-07,1.6762,1.739,1.5502,1.5639,2503539.88744359
2021-06-08,1.5566,1.5948,1.4023,1.586,5545268.21245737
2021-06-09,1.586,1.6324,1.4875,1.6238,2418945.37808397
2021-06-10,1.6279,1.635,1.5074,1.5324,2055239.693946
2021-06-11,1.531,1.5454,1.42,1.4374,1403611.76713634
2021-06-12,1.4366,1.4944,1.3581,1.4762,2252380.90579081
2021-06-13,1.4782,1.578,1.4027,1.5582,1229092.58056822
2021-06-14,1.5608,1.5921,1.5071,1.5746,1333078.04140698
2021-06-15,1.5764,1.6104,1.5432,1.558,806229.2526964
2021-06-16,1.5502,1.5737,1.4754,1.4823,1551508.18921275
2021-06-17,1.4843,1.5364,1.457,1.4812,503174.58609472
2021-06-18,1.4817,1.4913,1.3764,1.4145,2051262.68006917
2021-06-19,1.4138,1.44,1.3866,1.3904,1071471.76515006
2021-06-20,1.387,1.4621,1.3096,1.4301,2312435.84825794
2021-06-21,1.4308,1.4387,1.1726,1.1767,6892428.50816877
2021-06-22,1.1782,1.2664,1.0065,1.1588,14437487.85941525
2021-06-23,1.1591,1.3077,1.112,1.2506,4473021.9424746
2021-06-24,1.2522,1.3993,1.201,1.3531,4131686.07499004
2021-06-25,1.3602,1.3943,1.2428,1.2526,4300565.30128879
2021-06-26,1.2558,1.2904,1.1986,1.2527,2161329.06351265
2021-06-27,1.255,1.3511,1.245,1.3332,1427031.51713262
2021-06-28,1.3421,1.3524,1.3079,1.3242,1174446.4903008
2021-06-29,1.326,1.4236,1.32,1.3727,4389593.02726061
2021-06-30,1.3728,1.3995,1.32,1.3802,1422005.37871033
2021-07-01,1.3827,1.3827,1.3032,1.3349,2585123.31958749
2021-07-02,1.3315,1.3961,1.2854,1.3961,1092408.71610809
2021-07-03,1.3961,1.4432,1.3597,1.4068,2156395.58797733
2021-07-04,1.4047,1.495,1.3839,1.4612,1070386.91592651
2021-07-05,1.4606,1.4606,1.3768,1.4039,1551884.52125958
2021-07-06,1.4032,1.4569,1.3892,1.4204,1286488.64167421
2021-07-07,1.4143,1.44,1.4014,1.4047,493861.85647903
2021-07-08,1.4033,1.4063,1.3186,1.3273,1679328.66973069
2021-07-09,1.3254,1.3735,1.2866,1.3491,1208774.36600609
2021-07-10,1.349,1.364,1.3179,1.3354,292879.91194289003
2021-07-11,1.3391,1.3657,1.3236,1.3479,186442.98078007
2021-07-12,1.3502,1.3734,1.2904,1.3187,560730.73986882
2021-07-13,1.3121,1.3202,1.25,1.2657,1157330.60885248
2021-07-14,1.2647,1.2883,1.1992,1.261,652348.28822516
2021-07-15,1.2622,1.2892,1.2073,1.2261,1029085.3656635
2021-07-16,1.2194,1.2446,1.1667,1.1733,1018376.64841608
2021-07-17,1.1708,1.1945,1.1516,1.1732,1106847.24755733
2021-07-18,1.1718,1.2189,1.1683,1.1852,505020.5637635
2021-07-19,1.1815,1.1896,1.1184,1.1211,724875.16062126
2021-07-20,1.1219,1.136,1.0213,1.0549,5321394.7802677
2021-07-21,1.0547,1.2223,1.0383,1.1683,3494963.23861593
2021-07-22,1.1699,1.2084,1.1502,1.1872,1286840.26006107
2021-07-23,1.1859,1.2068,1.148,1.2064,716192.18662822
2021-07-24,1.2077,1.2498,1.1976,1.2354,1016473.76217235
2021-07-25,1.2314,1.2398,1.1915,1.2276,539038.26185499
2021-07-26,1.2297,1.3996,1.2242,1.2569,4261485.54189571
2021-07-27,1.2559,1.3153,1.2152,1.2804,3274456.33191139
2021-07-28,1.2811,1.3187,1.2592,1.2875,1538012.68962233
2021-07-29,1.2858,1.298,1.2571,1.285,1670542.17355235
2021-07-30,1.2851,1.3166,1.249,1.3107,1787251.35602013
2021-07-31,1.3122,1.3319,1.2885,1.316,1288288.68808051
2021-08-01,1.3183,1.3862,1.3005,1.3201,1764787.12060798
2021-08-02,1.3125,1.3501,1.2948,1.3086,1487770.12125532
2021-08-03,1.3078,1.382,1.265,1.3666,1955408.23197199
2021-08-04,1.3712,1.3945,1.3226,1.3766,1296631.42149018
2021-08-05,1.3776,1.3981,1.34,1.3887,683524.69241166
2021-08-06,1.3914,1.423,1.3623,1.4011,1036437.54620228
2021-08-07,1.4038,1.4846,1.4002,1.4754,3464115.25490449
2021-08-08,1.4735,1.4951,1.408,1.427,1248290.74018008
2021-08-09,1.4263,1.5001,1.3936,1.4771,1257776.86577272
2021-08-10,1.4764,1.699,1.459,1.6776,7094716.39657212
2021-08-11,1.6776,1.8933,1.6714,1.7935,6315850.92178526
2021-08-12,1.7936,1.8669,1.6818,1.8307,6017300.0062371
2021-08-13,1.8329,2.1517,1.824,2.1367,17128855.15182183
2021-08-14,2.1413,2.25,2.0841,2.1907,6237000.5782846
2021-08-15,2.1899,2.25,2.0331,2.1698,5311963.56391753
2021-08-16,2.1709,2.1974,2.0481,2.0845,6947260.9346949505
2021-08-17,2.0725,2.1402,1.91,1.9261,4880780.08259053
2021-08-18,1.924,2.1632,1.873,2.1066,7382526.86407913
2021-08-19,2.1099,2.4545,2.0494,2.4422,8144277.24655051
2021-08-20,2.4428,2.5804,2.3727,2.4565,7229607.31076499
2021-08-21,2.4592,2.5296,2.3838,2.4394,3003211.15902651
2021-08-22,2.4366,2.7214,2.4332,2.7098,6179115.78139928
2021-08-23,2.7064,2.9727,2.6887,2.9168,11205064.31068776
2021-08-24,2.915,2.9479,2.5904,2.7221,9280313.85551473
2021-08-25,2.7235,2.7977,2.6045,2.7361,6571493.33094367
2021-08-26,2.7462,2.7839,2.4711,2.5274,5765366.63516772
2021-08-27,2.5332,2.9467,2.4979,2.9466,8064847.65163714
2021-08-28,2.9458,2.95,2.7768,2.8511,3063593.56244428
2021-08-29,2.8479,2.935,2.721,2.8548,3876903.21521791
2021-08-30,2.8528,2.8851,2.725,2.7314,3661975.68087775
2021-08-31,2.7372,2.8807,2.705,2.7731,4072986.5839879
2021-09-01,2.77,2.904,2.7242,2.8702,5664282.56727307
2021-09-02,2.8698,3.099,2.8371,2.9601,7693839.117349
2021-09-03,2.9587,3.0338,2.9046,2.9663,4082100.34778932
2021-09-04,2.9661,2.9661,2.8067,2.8279,5957080.86658805
2021-09-05,2.8298,2.957,2.8252,2.913,6866676.13055491
2021-09-06,2.9125,2.9294,2.8029,2.8341,6965010.48337406
2021-09-07,2.8322,2.876,2.0214,2.5141,32399673.54051007
2021-09-08,2.5158,2.5623,2.2043,2.4704,11620430.02767778
2021-09-09,2.4711,2.6217,2.391,2.5178,8047835.60945734
2021-09-10,2.5184,2.5869,2.2741,2.3835,9469918.85217983
2021-09-11,2.3858,2.7992,2.3698,2.6383,11818780.74040989
2021-09-12,2.6322,2.7891,2.4953,2.5788,9360190.1362667
2021-09-13,2.5803,2.5904,2.3113,2.4004,6185871.39946983
2021-09-14,2.402,2.4373,2.3218,2.3962,3687586.58631696
2021-09-15,2.3994,2.5829,2.357,2.505,4341501.71315578
2021-09-16,2.505,2.523,2.3824,2.4195,3391749.74516051
2021-09-17,2.4195,2.4431,2.3113,2.3505,1747419.849646
2021-09-18,2.3506,2.4374,2.3136,2.3744,5381348.29001121
2021-09-19,2.3726,2.3981,2.2611,2.2821,2727686.63659827
2021-09-20,2.2834,2.2907,1.9739,2.0775,13912918.61700131
2021-09-21,2.0817,2.2281,1.9133,1.9838,16700692.92352935
2021-09-22,1.9854,2.2679,1.9705,2.2559,4282178.41686225
2021-09-23,2.2597,2.3461,2.1813,2.3361,2327822.45636254
2021-09-24,2.33,2.3459,2.0673,2.2809,6458994.47910573
2021-09-25,2.2808,2.4582,2.2375,2.3017,2935015.46572298
2021-09-26,2.301,2.3024,2.1502,2.2109,2214892.20331313
2021-09-27,2.2095,2.2779,2.1312,2.1312,1695655.94041309
2021-09-28,2.1308,2.1722,2.0297,2.038,1875304.00390354
2021-09-29,2.0378,2.1434,2.0203,2.0662,1789962.11113995
2021-09-30,2.0662,2.1374,2.0525,2.1162,2427171.93535237
2021-10-01,2.1162,2.2735,2.0939,2.2554,2743481.44475127
2021-10-02,2.2528,2.3228,2.1945,2.2499,1832222.16973351
2021-10-03,2.2495,2.309,2.222,2.253,1621549.82467898
2021-10-04,2.254,2.254,2.1517,2.193,1837192.72331417
2021-10-05,2.1912,2.2582,2.1776,2.2338,1437050.97266826
2021-10-06,2.2361,2.2509,2.1124,2.2113,3327225.82431276
2021-10-07,2.2104,2.372,2.1525,2.2776,4136297.55595146
2021-10-08,2.2788,2.314,2.2158,2.2367,1706704.08902196
2021-10-09,2.2394,2.3,2.2203,2.2664,831157.23341459
2021-10-10,2.2686,2.2768,2.163,2.1957,1179059.16861859
2021-10-11,2.1884,2.2499,2.1067,2.1724,1464336.64668812
2021-10-12,2.1683,2.1715,2.0709,2.1179,2375569.24042416
2021-10-13,2.1173,2.2001,2.0829,2.1875,955136.25948325
2021-10-14,2.1938,2.2232,2.1563,2.1731,1773557.1937443
2021-10-15,2.1728,2.2413,2.1363,2.2177,2236003.82705762
2021-10-16,2.2211,2.2509,2.1703,2.1753,935843.22032292
2021-10-17,2.1771,2.1894,2.091,2.1583,1147886.36437714
2021-10-18,2.1587,2.1751,2.1062,2.1249,913506.0710939401
2021-10-19,2.1283,2.1559,2.093,2.1122,1330494.82784437
2021-10-20,2.1108,2.2069,2.0927,2.1877,5186272.02979553
2021-10-21,2.1901,2.2985,2.1312,2.136,5754419.95511379
2021-10-22,2.1388,2.2103,2.1265,2.1551,6994850.79401923
2021-10-23,2.1556,2.1727,2.1334,2.1639,1640800.08527005
2021-10-24,2.1654,2.1676,2.0932,2.1212,1222864.90578323
2021-10-25,2.118,2.1774,2.1131,2.1457,1420331.77255928
2021-10-26,2.1467,2.2027,2.1206,2.1368,2076234.74322321
2021-10-27,2.1374,2.155,1.8214,1.9094,12173451.57827084
2021-10-28,1.9125,2.0569,1.9064,1.9866,3318940.07281225
2021-10-29,1.9872,2.0469,1.98,2.0144,1612140.4488195
2021-10-30,2.0153,2.0181,1.9245,1.954,1292224.53401511
2021-10-31,1.9574,2.0297,1.9186,1.9645,1715384.41983954
2021-11-01,1.9645,2.0188,1.9137,1.9497,1781712.95952645
2021-11-02,1.9473,1.9968,1.934,1.97,2085874.91937078
2021-11-03,1.9721,2.145,1.951,2.0637,4024762.53919556
2021-11-04,2.0633,2.1033,1.935,1.9836,1378710.38856332
2021-11-05,1.982,2.0188,1.9608,1.9839,672948.9229721
2021-11-06,1.9823,2.0405,1.9418,2.0054,833956.25628989
2021-11-07,2.0061,2.0363,1.9761,2.0209,1035448.71680827
2021-11-08,2.021,2.1407,2.0092,2.1261,3773785.08236696
2021-11-09,2.1264,2.376,2.1058,2.2663,10354389.36303545
2021-11-10,2.2709,2.33,1.93,2.098,10163673.72561267
2021-11-11,2.0955,2.15,2.06,2.08,3539435.33372724
2021-11-12,2.0797,2.097,1.9908,2.0462,2486949.63542087
2021-11-13,2.0454,2.0805,2.0212,2.0511,2522879.90307231
2021-11-14,2.0526,2.0691,2.0095,2.0426,1253167.48582576
2021-11-15,2.0396,2.0936,2.0112,2.0151,1533842.47445928
2021-11-16,2.0163,2.0163,1.759,1.8759,11087108.54216339
2021-11-17,1.8738,1.8909,1.7964,1.8778,3067173.64845417
2021-11-18,1.8779,1.9079,1.7,1.7886,5309939.2275898
2021-11-19,1.7884,1.8945,1.7563,1.8638,4601515.22872796
2021-11-20,1.8653,1.9561,1.8628,1.9232,2855195.73269276
2021-11-21,1.9247,1.9256,1.8353,1.8378,1283730.87791885
2021-11-22,1.8387,1.8417,1.7593,1.7786,3309413.51571771
2021-11-23,1.7773,1.8166,1.738,1.7512,2104071.11155531
2021-11-24,1.7515,1.7536,1.585,1.6665,5687496.97207597
2021-11-25,1.6664,1.7499,1.6203,1.6753,3079505.72486113
2021-11-26,1.6769,1.6868,1.492,1.5332,11552458.8514835
2021-11-27,1.5345,1.5868,1.5338,1.5457,1914936.35927909
2021-11-28,1.5451,1.601,1.4183,1.5965,6321330.85717135
2021-11-29,1.5961,1.6364,1.5595,1.603,3006314.13909656
2021-11-30,1.6043,1.6296,1.5455,1.5541,3153061.95841816
2021-12-01,1.5518,1.6232,1.5326,1.5483,3388370.94580828
2021-12-02,1.5476,1.7586,1.518,1.7211,6943613.70547053
2021-12-03,1.7211,1.7294,1.514,1.5578,5136813.92210684
2021-12-04,1.5566,1.559,1.1876,1.4222,16444299.23547436
2021-12-05,1.4212,1.4369,1.2855,1.3813,3997309.36579738
2021-12-06,1.3808,1.4432,1.2581,1.4216,4183477.67675666
2021-12-07,1.4216,1.4802,1.3674,1.3791,2784443.58797398
2021-12-08,1.3781,1.423,1.3401,1.3963,1468416.55051501
2021-12-09,1.3975,1.4087,1.2879,1.2898,2933424.45390269
2021-12-10,1.2904,1.3355,1.2077,1.211,4740306.0860273
2021-12-11,1.2114,1.3623,1.1928,1.3548,3712386.41399536
2021-12-12,1.3551,1.4159,1.3201,1.3475,2666648.83046293
2021-12-13,1.3471,1.3577,1.2005,1.2267,3629850.31102689
2021-12-14,1.2248,1.2851,1.2,1.2673,4662290.45593412
2021-12-15,1.2681,1.3328,1.2048,1.3114,3543577.08868979
2021-12-16,1.3131,1.3323,1.2368,1.2402,2709935.40755408
2021-12-17,1.2396,1.2596,1.1841,1.2199,3049047.6811512
2021-12-18,1.2195,1.2671,1.2,1.2427,1598118.41479813
2021-12-19,1.2438,1.3123,1.2413,1.2446,3389951.6965971002
2021-12-20,1.2446,1.2604,1.2013,1.2373,2649653.90873759
2021-12-21,1.2385,1.2904,1.2286,1.2809,3104134.34522074
2021-12-22,1.2821,1.3689,1.2767,1.3288,3585240.46053078
2021-12-23,1.3283,1.4912,1.3078,1.4764,5026770.80075826
2021-12-24,1.4759,1.4905,1.382,1.3929,2188939.96158114
2021-12-25,1.3935,1.46,1.3814,1.4545,2137938.04651913
2021-12-26,1.4535,1.4675,1.4076,1.4551,2809868.75561859
2021-12-27,1.4573,1.5939,1.4512,1.5153,3391152.98894934
2021-12-28,1.5166,1.5381,1.3768,1.4,3611319.85255203
2021-12-29,1.4004,1.4378,1.325,1.3327,4497896.33054993
2021-12-30,1.3322,1.3787,1.2987,1.3589,3793219.44686972
2021-12-31,1.3589,1.3836,1.2807,1.3098,3378132.49988699
2022-01-01,1.3087,1.3801,1.3064,1.3799,2370550.12912393
2022-01-02,1.38,1.3909,1.3421,1.3781,2547651.29374831
2022-01-03,1.378,1.378,1.3101,1.3191,2815024.72002979
2022-01-04,1.319,1.3521,1.2956,1.309,3655426.98149233
2022-01-05,1.309,1.3533,1.1942,1.2301,6312821.61098254
2022-01-06,1.2302,1.2956,1.1858,1.2798,9610156.1555966
2022-01-07,1.283,1.284,1.1888,1.2087,9101648.88755238
2022-01-08,1.2123,1.254,1.1255,1.1826,5620161.85967616
2022-01-09,1.1813,1.2051,1.1474,1.17,6565094.6496053
2022-01-10,1.1694,1.1814,1.0709,1.1232,6244714.66243958
2022-01-11,1.1238,1.1955,1.123,1.1876,4867325.44319279
2022-01-12,1.1873,1.3129,1.1873,1.3103,6647989.30504655
2022-01-13,1.3118,1.3539,1.2274,1.2318,4489079.81069652
2022-01-14,1.232,1.3086,1.2204,1.2933,5606217.63033335
2022-01-15,1.2934,1.3194,1.2514,1.2934,2653122.79817309
2022-01-16,1.2925,1.423,1.287,1.4115,4225189.71654083
2022-01-17,1.4115,1.6073,1.3865,1.6027,8552318.05790505
2022-01-18,1.6039,1.6383,1.413,1.4595,7343964.75931525
2022-01-19,1.4594,1.5343,1.327,1.3352,7614743.9079414
2022-01-20,1.3369,1.4273,1.2517,1.2599,4623544.96128197
2022-01-21,1.2586,1.282,1.1012,1.122,4538589.02982622
2022-01-22,1.1203,1.1554,0.9175,1.0733,7894050.90717958
2022-01-23,1.0738,1.1713,1.0523,1.1267,4647833.58292924
2022-01-24,1.1262,1.1262,0.9513,1.0669,11217760.74651822
2022-01-25,1.0677,1.0744,0.9924,1.0429,2562406.27251155
2022-01-26,1.0442,1.157,1.0228,1.077,4905256.3879369
2022-01-27,1.0781,1.0803,1.0046,1.0433,2715175.21984682
2022-01-28,1.0432,1.0598,1.01,1.0489,1710191.78491181
2022-01-29,1.0491,1.0859,1.0379,1.0592,1324537.37605335
2022-01-30,1.0602,1.0782,1.0241,1.0366,1291710.28352838
2022-01-31,1.0377,1.0601,1.0092,1.0525,1796369.23330616
2022-02-01,1.0518,1.0968,1.035,1.0964,2578945.57372354
2022-02-02,1.096,1.1023,1.023,1.0276,1962827.0171842
2022-02-03,1.028,1.0618,1.0174,1.0602,1684804.88424908
2022-02-04,1.0611,1.1399,1.0465,1.1399,1914905.32170963
2022-02-05,1.1383,1.1798,1.0976,1.1262,2192425.50172514
2022-02-06,1.1262,1.1514,1.0977,1.1439,1540166.90232207
2022-02-07,1.1437,1.2099,1.1268,1.1992,3424870.15407467
2022-02-08,1.1994,1.2632,1.1341,1.176,3514442.04697066
2022-02-09,1.176,1.2156,1.1529,1.1957,1735680.31649268
2022-02-10,1.1948,1.2236,1.1445,1.1514,1987474.59311284
2022-02-11,1.1512,1.1658,1.0686,1.0816,2305898.76840416
2022-02-12,1.0797,1.0931,1.03,1.0585,2908396.56891639
2022-02-13,1.0591,1.0762,1.0336,1.0429,2664806.20936282
2022-02-14,1.0436,1.0552,1.0187,1.0506,2628721.48598439
2022-02-15,1.0506,1.1146,1.0506,1.1082,2849244.96824008
2022-02-16,1.1083,1.1122,1.0663,1.0832,2123592.26755461
2022-02-17,1.084,1.0942,1.0086,1.0202,2336922.68837734
2022-02-18,1.0203,1.0435,0.985,0.9963,2411269.4224244
2022-02-19,0.99592,1.0192,0.97383,0.99792,2587864.18790942
2022-02-20,0.99778,0.99836,0.92,0.932,2516861.50020964
2022-02-21,0.9322,0.99385,0.8534,0.85757,3783535.81775426
2022-02-22,0.85904,0.89721,0.81411,0.88859,5896018.41045653
2022-02-23,0.88891,0.96196,0.86458,0.86589,5897193.63555018
2022-02-24,0.86602,0.89993,0.7479,0.85458,5168779.69137395
2022-02-25,0.85472,0.9093,0.82434,0.89924,2470166.01347616
2022-02-26,0.8997,0.93123,0.88251,0.8874,1852241.08481328
2022-02-27,0.88741,0.91622,0.83344,0.85685,2198555.0652031
2022-02-28,0.85665,0.96996,0.8436,0.96435,6568973.06009022
2022-03-01,0.96466,1.0118,0.9405,0.96347,2208361.17918904
2022-03-02,0.96333,0.9778,0.92817,0.9396,1637394.41886367
2022-03-03,0.93842,0.9454,0.88481,0.90308,1689478.37040296
2022-03-04,0.90308,0.90349,0.82712,0.84451,1361985.28767393
2022-03-05,0.84513,0.88373,0.81875,0.86509,1296828.34309212
2022-03-06,0.86528,0.87189,0.81928,0.823,1035770.38770541
2022-03-07,0.82301,0.8475,0.77787,0.7936,2158224.49506279
2022-03-08,0.79336,0.8213,0.78832,0.80176,1841082.73836372
2022-03-09,0.80226,0.86363,0.79991,0.84915,1793455.22208067
2022-03-10,0.84991,0.85456,0.78656,0.80665,3134259.2463727
2022-03-11,0.80698,0.81929,0.78221,0.78851,1736841.79467117
2022-03-12,0.78868,0.80225,0.78658,0.7891,907168.77081171
2022-03-13,0.78989,0.821,0.78034,0.78717,1116190.92093355
2022-03-14,0.7867,0.81303,0.77612,0.80381,1639971.85841885
2022-03-15,0.8045,0.81801,0.78311,0.79985,1510904.98190856
2022-03-16,0.80012,0.84,0.79468,0.839,1934812.75641132
2022-03-17,0.839,0.85795,0.82862,0.83685,1557587.67946984
2022-03-18,0.83615,0.85999,0.82123,0.85231,1200139.52194071
2022-03-19,0.85188,0.91536,0.8507,0.90339,2444618.40998685
2022-03-20,0.9027,0.91536,0.86413,0.87785,1316466.51032629
2022-03-21,0.87951,0.92983,0.86333,0.91826,2013224.78998255
2022-03-22,0.91753,0.98782,0.90712,0.9745,3619254.62335053
2022-03-23,0.97484,1.109,0.95752,1.1064,4167509.69607367
2022-03-24,1.1081,1.1896,1.0779,1.1307,4567426.96041579
2022-03-25,1.1307,1.1666,1.0726,1.097,1684172.67220749
2022-03-26,1.0969,1.1588,1.0803,1.1531,1415155.29810261
2022-03-27,1.1522,1.1859,1.1045,1.1837,1647880.80323704
2022-03-28,1.1831,1.2443,1.1565,1.1693,4094003.81423537
2022-03-29,1.1686,1.2424,1.1683,1.191,2090866.55821457
2022-03-30,1.1906,1.2185,1.162,1.1898,991755.02173842
2022-03-31,1.1884,1.227,1.1335,1.1431,3972298.62584547
2022-04-01,1.1412,1.1757,1.1047,1.1653,1142963.85963081
2022-04-02,1.1646,1.1948,1.1477,1.1554,2443380.98491476
2022-04-03,1.1565,1.1994,1.1433,1.1852,1802399.37208452
2022-04-04,1.1844,1.2456,1.1607,1.2115,4023441.00753187
2022-04-05,1.2124,1.2187,1.164,1.1705,3240695.9642826
2022-04-06,1.1701,1.1736,1.0472,1.0522,3197390.31937453
2022-04-07,1.0537,1.1011,1.04,1.0896,1834645.87583521
2022-04-08,1.0884,1.1004,1.0193,1.0254,1005529.83770973
2022-04-09,1.024,1.0478,1.0212,1.0448,1016866.7512351
2022-04-10,1.0446,1.0703,1.0238,1.028,535302.40276899
2022-04-11,1.027,1.0334,0.91757,0.91961,3814955.01927849
2022-04-12,0.92032,0.98211,0.9162,0.95361,2168213.08396787
2022-04-13,0.95434,0.97951,0.93473,0.9752,1044069.49033331
2022-04-14,0.97442,0.986,0.92308,0.93276,825240.61570084
2022-04-15,0.93177,0.9592,0.93027,0.95559,540528.4607738
2022-04-16,0.95563,0.96293,0.93781,0.95143,700944.67495043
2022-04-17,0.9516,0.96352,0.9126,0.91486,802022.64581335
2022-04-18,0.91334,0.939,0.87373,0.93683,2509938.75002303
2022-04-19,0.93773,0.95779,0.92741,0.9529,887721.26624323
2022-04-20,0.95292,0.97541,0.93063,0.9365,897087.83151144
2022-04-21,0.93661,0.97061,0.89165,0.91024,1612063.57497557
2022-04-22,0.90954,0.9246,0.89195,0.9062,945743.07232204
2022-04-23,0.90674,0.9122,0.88201,0.88682,494413.56324346
2022-04-24,0.88702,0.89908,0.87746,0.88594,640122.60898491
2022-04-25,0.88616,0.90408,0.82764,0.89836,4521071.48161976
2022-04-26,0.89852,0.9042,0.81601,0.82628,2321482.0009093
2022-04-27,0.82608,0.85626,0.8185,0.83988,2073248.75142579
2022-04-28,0.84032,0.85238,0.82603,0.84349,1473199.43664892
2022-04-29,0.844,0.84897,0.78958,0.80459,3332048.70776971
2022-04-30,0.80513,0.81816,0.73571,0.7564,4257431.85895073
2022-05-01,0.75608,0.80063,0.74537,0.78929,4414874.37397693
2022-05-02,0.79002,0.79741,0.76403,0.7811,2406532.05272608
2022-05-03,0.7812,0.79977,0.7605,0.77067,1421191.81765053
2022-05-04,0.77054,0.899,0.76771,0.89857,5097949.47641576
2022-05-05,0.89916,0.90579,0.77143,0.78879,10517786.7140678
2022-05-06,0.78879,0.79997,0.763,0.78398,3336794.65908031
2022-05-07,0.78372,0.78619,0.74686,0.76006,1543066.69668407
2022-05-08,0.76033,0.76704,0.72561,0.74096,2442971.87467793
2022-05-09,0.74116,0.755,0.59905,0.60269,13440382.74621971
2022-05-10,0.60353,0.70071,0.58492,0.62775,6359166.99940121
2022-05-11,0.62886,0.66365,0.47363,0.51813,19241824.81173197
2022-05-12,0.519,0.54988,0.4028,0.47421,8058870.40563976
2022-05-13,0.4738,0.60891,0.4695,0.52868,21742445.79517519
2022-05-14,0.52896,0.55626,0.4886,0.53722,6518300.32037707
2022-05-15,0.53764,0.5995,0.51489,0.59808,9742887.58150729
2022-05-16,0.59784,0.61478,0.54425,0.55582,5892761.667478
2022-05-17,0.55693,0.60042,0.55072,0.57733,3980118.06893693
2022-05-18,0.57768,0.58651,0.50228,0.50535,2725735.2469325
2022-05-19,0.50618,0.54705,0.49222,0.53354,4955214.28181967
2022-05-20,0.53348,0.54506,0.50143,0.51599,3729835.36770105
2022-05-21,0.51616,0.538,0.50831,0.52834,2066530.85836487
2022-05-22,0.52834,0.54919,0.52142,0.54141,2179656.0329269
2022-05-23,0.54092,0.55945,0.50395,0.51214,3779779.51418912
2022-05-24,0.51302,0.52467,0.49373,0.52121,1059926.03507747
2022-05-25,0.52168,0.53198,0.50671,0.51397,773270.48253616
2022-05-26,0.51454,0.52084,0.4626,0.479,2166340.18117109
2022-05-27,0.47866,0.48365,0.44496,0.45529,1447831.86581262
2022-05-28,0.45656,0.46952,0.448,0.46442,1819327.21254167
2022-05-29,0.46466,0.4828,0.45581,0.48209,3238450.53751663
2022-05-30,0.48203,0.57763,0.4772,0.56977,6892867.26809646
2022-05-31,0.56926,0.68992,0.56789,0.62622,12899690.32466033
2022-06-01,0.62654,0.63095,0.53693,0.5521,8424303.51881399
2022-06-02,0.5521,0.59818,0.54958,0.58776,6525345.18494751
2022-06-03,0.58798,0.60627,0.53914,0.56008,2143429.4647821
2022-06-04,0.56016,0.57198,0.5452,0.56648,1510352.87009073
2022-06-05,0.56704,0.58132,0.55374,0.56804,836680.14854543
2022-06-06,0.5677,0.64635,0.56547,0.60963,4020977.35128839
2022-06-07,0.60986,0.64502,0.57123,0.61368,5846183.62178906
2022-06-08,0.61436,0.66985,0.60913,0.6409,7413225.66891239
2022-06-09,0.6409,0.65829,0.62641,0.63282,2272198.60889341
2022-06-10,0.63262,0.63681,0.57012,0.57354,1948961.2639927
2022-06-11,0.57468,0.6177,0.54356,0.5537,3634334.99125955
2022-06-12,0.55455,0.56098,0.4886,0.49053,5505004.25821075
2022-06-13,0.49016,0.49839,0.43722,0.46466,8130565.5680749295
2022-06-14,0.4641,0.51998,0.4372,0.4826,5643987.94279555
2022-06-15,0.48275,0.5395,0.44846,0.53573,7552221.1867127
2022-06-16,0.53549,0.54691,0.46773,0.47567,2749944.04561589
2022-06-17,0.47628,0.50413,0.47188,0.48599,4055185.07829185
2022-06-18,0.48558,0.49401,0.4202,0.45481,4297859.7233209
2022-06-19,0.45499,0.48999,0.43546,0.48402,2554556.15400006
2022-06-20,0.48411,0.50861,0.4612,0.49091,2202895.245448
2022-06-21,0.49098,0.5113,0.47382,0.48065,1732288.78943497
2022-06-22,0.48035,0.48035,0.45528,0.45797,2226219.2354504
2022-06-23,0.45859,0.48218,0.45591,0.47942,1482040.81854003
2022-06-24,0.47924,0.50954,0.476,0.49737,2514407.89000059
2022-06-25,0.498,0.50765,0.4779,0.4986,1348981.2812979
2022-06-26,0.4985,0.52544,0.48888,0.49016,2910583.27511173
2022-06-27,0.49028,0.50868,0.4751,0.48466,7976416.63864805
2022-06-28,0.48486,0.50212,0.4666,0.46928,28450630.11719051
2022-06-29,0.46928,0.47697,0.45827,0.46561,15740335.53483535
2022-06-30,0.46561,0.46705,0.4351,0.45946,3300268.66014489
2022-07-01,0.46012,0.4747,0.44207,0.44857,13064711.25802559
2022-07-02,0.449,0.46142,0.44078,0.45549,1550635.01540989
2022-07-03,0.45531,0.4595,0.44317,0.45561,823713.01754873
2022-07-04,0.4558,0.47732,0.44336,0.46933,47248504.81477738
2022-07-05,0.4694,0.4716,0.4442,0.45741,2173488.54299998
2022-07-06,0.45671,0.465,0.44641,0.4619,1099920.37809233
2022-07-07,0.4619,0.48202,0.4607,0.47672,981398.94328823
2022-07-08,0.47729,0.49264,0.45972,0.46623,1506547.37710637
2022-07-09,0.46551,0.4846,0.46501,0.47798,840610.74239824
2022-07-10,0.47789,0.47959,0.4552,0.4623,1084858.03564156
2022-07-11,0.46237,0.46267,0.43146,0.43401,72357332.12637724
2022-07-12,0.43444,0.44183,0.41425,0.41635,1665932.95506864
2022-07-13,0.41669,0.44125,0.40258,0.43829,2000847.73352553
2022-07-14,0.43804,0.44618,0.41687,0.44111,1287303.46653078
2022-07-15,0.44122,0.45313,0.43236,0.44167,778243.87229115
2022-07-16,0.44194,0.45899,0.43155,0.458,864525.20771894
2022-07-17,0.45805,0.46619,0.44223,0.44735,1282050.16165608
2022-07-18,0.44751,0.49961,0.44575,0.49122,4362526.8004871
2022-07-19,0.49064,0.5255,0.47344,0.51514,3359830.46634096
2022-07-20,0.51493,0.54822,0.48691,0.49085,3796001.64138693
2022-07-21,0.49055,0.502,0.47591,0.49918,1730580.55832762
2022-07-22,0.49945,0.51111,0.47727,0.48231,1498908.8980125
2022-07-23,0.4827,0.51801,0.4732,0.51724,1449791.29763249
2022-07-24,0.51718,0.53622,0.50969,0.5127,1661717.49580461
2022-07-25,0.51181,0.51545,0.47401,0.47456,1610148.79815485
2022-07-26,0.47457,0.47738,0.45118,0.46815,2262340.20400381
2022-07-27,0.4678,0.51179,0.45916,0.51109,1986599.70877459
2022-07-28,0.51127,0.52448,0.48913,0.51301,1940335.69024448
2022-07-29,0.51314,0.54542,0.5074,0.52129,2098180.19069326
2022-07-30,0.5222,0.55655,0.50875,0.5262,1677278.54391477
2022-07-31,0.52619,0.54461,0.51272,0.51608,1649112.12513757
2022-08-01,0.51601,0.5262,0.50064,0.51249,817955.72542618
2022-08-02,0.5127,0.51515,0.48841,0.49605,1474854.56296041
2022-08-03,0.49655,0.51677,0.48901,0.50057,1135353.41425488
2022-08-04,0.50032,0.5107,0.49336,0.49887,996503.60692494
2022-08-05,0.49947,0.51934,0.49926,0.51765,871572.88860456
2022-08-06,0.51754,0.52254,0.50969,0.51119,971573.48075741
2022-08-07,0.51092,0.5377,0.506,0.5274,1057708.2075977
2022-08-08,0.52754,0.54934,0.52284,0.53703,1597620.85154559
2022-08-09,0.53703,0.53703,0.5048,0.51277,677383.4435624
2022-08-10,0.51263,0.5388,0.502,0.53761,1473794.74964239
2022-08-11,0.53757,0.54769,0.52895,0.53053,1861699.01249412
2022-08-12,0.53053,0.54208,0.52052,0.54031,607617.88277018
2022-08-13,0.54037,0.56729,0.53792,0.55923,2492383.37787302
2022-08-14,0.55937,0.59452,0.55669,0.56948,2673206.37245803
2022-08-15,0.5701,0.58197,0.54274,0.5496,1542725.24286339
2022-08-16,0.54974,0.57032,0.54761,0.5572,544121.95894284
2022-08-17,0.55668,0.58181,0.5298,0.53822,1135761.66887679
2022-08-18,0.53837,0.544,0.5066,0.51204,850649.17987723
2022-08-19,0.51167,0.51194,0.44611,0.45003,3780550.25095263
2022-08-20,0.44978,0.46295,0.4346,0.45079,1174773.41284692
2022-08-21,0.4506,0.47276,0.44685,0.4627,1838169.59610475
2022-08-22,0.4627,0.46293,0.4372,0.46159,2407904.68879949
2022-08-23,0.46159,0.47,0.44556,0.46561,1145838.28193169
2022-08-24,0.4653,0.4691,0.4535,0.45741,935602.84016423
2022-08-25,0.45773,0.47397,0.45731,0.4645,1300186.62584131
2022-08-26,0.46448,0.48199,0.4259,0.43137,3722548.22050962
2022-08-27,0.43197,0.4519,0.42629,0.44984,1104901.77448387
2022-08-28,0.44993,0.45496,0.4277,0.42903,543400.35348203
2022-08-29,0.4295,0.45315,0.42424,0.45053,907692.49343318
2022-08-30,0.4505,0.46346,0.439,0.45289,1274687.29570344
2022-08-31,0.45361,0.4633,0.44485,0.4461,506018.40997516
2022-09-01,0.4461,0.46333,0.44115,0.45731,743481.81529723
2022-09-02,0.4577,0.4666,0.44874,0.45456,767798.7158188
2022-09-03,0.45455,0.48616,0.4537,0.48018,1719011.19893175
2022-09-04,0.48025,0.50993,0.47583,0.50376,2406060.97849659
2022-09-05,0.50351,0.50713,0.48215,0.49837,746558.8367071
2022-09-06,0.49831,0.51198,0.46,0.46233,1838614.82667725
2022-09-07,0.46241,0.4818,0.45332,0.47879,740947.60750154
2022-09-08,0.47879,0.48319,0.46298,0.47908,425298.78929686
2022-09-09,0.4792,0.50471,0.4785,0.50263,1210250.55743761
2022-09-10,0.50262,0.52457,0.49476,0.51216,1249547.18314019
2022-09-11,0.51237,0.5204,0.50005,0.50976,708420.60084403
2022-09-12,0.50978,0.51941,0.49553,0.50102,972193.31650825
2022-09-13,0.5017,0.50874,0.46122,0.46344,1834073.40795245
2022-09-14,0.46344,0.48723,0.46187,0.48102,714640.34756916
2022-09-15,0.48045,0.48219,0.46231,0.46584,925221.16271631
2022-09-16,0.46634,0.47506,0.45421,0.47506,1309616.72813325
2022-09-17,0.47506,0.48846,0.47255,0.48621,600780.26115915
2022-09-18,0.48645,0.49016,0.43927,0.44705,1192045.87114766
2022-09-19,0.44771,0.45693,0.43326,0.45247,1397702.70163465
2022-09-20,0.45271,0.45441,0.43756,0.44203,653913.22547176
2022-09-21,0.44253,0.46464,0.42465,0.43956,1742077.28170819
2022-09-22,0.43866,0.46683,0.43444,0.4582,818633.06490241
2022-09-23,0.45834,0.48334,0.4462,0.46234,1112921.39682407
2022-09-24,0.46275,0.46975,0.45033,0.45133,1552931.88946713
2022-09-25,0.451,0.46313,0.43832,0.44669,2094691.18095579
2022-09-26,0.4464,0.451,0.43662,0.44762,2493127.9149263
2022-09-27,0.44766,0.46361,0.43744,0.44163,2299529.26048125
2022-09-28,0.44105,0.44357,0.425,0.43606,2785981.56536166
2022-09-29,0.43632,0.43929,0.42777,0.4382,1929141.46268958
2022-09-30,0.43803,0.44122,0.42932,0.43486,2091079.08300881
2022-10-01,0.43505,0.43642,0.42728,0.43044,1086992.43340264
2022-10-02,0.43044,0.43297,0.41739,0.41941,1986650.74725338
2022-10-03,0.41971,0.42885,0.41561,0.428,1434281.43222139
2022-10-04,0.42759,0.43786,0.42568,0.43577,1354775.71117863
2022-10-05,0.43569,0.43628,0.42355,0.431,1954214.78132967
2022-10-06,0.43099,0.4373,0.42559,0.4286,1213726.79388565
2022-10-07,0.4286,0.43034,0.42141,0.42394,2129526.66093749
2022-10-08,0.42377,0.42727,0.41923,0.42214,517309.91446434
2022-10-09,0.42183,0.4242,0.419,0.42326,500982.56220652
2022-10-10,0.42314,0.42684,0.39695,0.40121,1564619.53274323
2022-10-11,0.40114,0.4015,0.384,0.39088,3089264.08223063
2022-10-12,0.39056,0.39499,0.37559,0.38116,1636711.85903878
2022-10-13,0.38097,0.38233,0.34913,0.37681,5598721.51096652
2022-10-14,0.37681,0.38893,0.36072,0.36664,1999949.93112091
2022-10-15,0.36648,0.37009,0.36112,0.36398,1004703.52825665
2022-10-16,0.36384,0.37514,0.36384,0.37025,1147785.94748865
2022-10-17,0.37036,0.37609,0.36616,0.3725,1622989.98714484
2022-10-18,0.37248,0.37416,0.35714,0.36243,2623654.29899295
2022-10-19,0.36247,0.36247,0.3468,0.34982,4250845.09767773
2022-10-20,0.34992,0.356,0.33629,0.33992,4624692.38387384
2022-10-21,0.33996,0.35014,0.33013,0.34923,3078938.6672235
2022-10-22,0.34926,0.35469,0.34311,0.35165,2886619.40360179
2022-10-23,0.35211,0.3641,0.34571,0.36239,3658138.18558888
2022-10-24,0.36217,0.36527,0.35345,0.35766,2486749.5561299
2022-10-25,0.35745,0.41759,0.3569,0.40032,10336392.54612277
2022-10-26,0.40056,0.412,0.39503,0.4035,6853392.76744798
2022-10-27,0.40304,0.41999,0.38636,0.38836,10544427.90535484
2022-10-28,0.3884,0.41156,0.37794,0.40452,7178741.72262276
2022-10-29,0.40469,0.44075,0.40118,0.42051,7591343.90562224
2022-10-30,0.42038,0.42225,0.39849,0.40599,4989773.96589031
2022-10-31,0.40599,0.4167,0.39782,0.40572,5323928.78584637
2022-11-01,0.40573,0.4152,0.39883,0.40158,3586232.54410407
2022-11-02,0.40122,0.40971,0.38011,0.38598,13926303.68707119
2022-11-03,0.38572,0.39946,0.38445,0.38951,4494174.63095012
2022-11-04,0.39007,0.4266,0.38838,0.42168,16025854.47829008
2022-11-05,0.42168,0.438,0.42042,0.42655,10132537.61805334
2022-11-06,0.42697,0.43137,0.40198,0.40235,7435960.40024176
2022-11-07,0.40245,0.41657,0.39808,0.40452,5219031.16500367
2022-11-08,0.40435,0.41551,0.344,0.37197,19269793.28163501
2022-11-09,0.37161,0.3766,0.31021,0.31686,17852364.51273274
2022-11-10,0.31688,0.3795,0.31184,0.36825,25110384.47850316
2022-11-11,0.36817,0.37381,0.34212,0.35546,20086420.20914137
2022-11-12,0.35547,0.35656,0.336,0.33983,16273729.96558237
2022-11-13,0.34021,0.34585,0.32539,0.32973,12143425.77959374
2022-11-14,0.32936,0.34198,0.31436,0.33189,9011979.79574799
2022-11-15,0.33146,0.34494,0.32959,0.3368,6068830.67385028
2022-11-16,0.33636,0.34414,0.32357,0.33198,6138873.35494297
2022-11-17,0.33191,0.33411,0.3185,0.32485,4772398.71729839
2022-11-18,0.32453,0.33267,0.32049,0.3259,6640227.67395384
2022-11-19,0.32558,0.33218,0.3213,0.32782,3775647.77939744
2022-11-20,0.32757,0.3311,0.30954,0.31208,6532907.27995626
2022-11-21,0.31151,0.31313,0.29527,0.30446,13574189.93376007
2022-11-22,0.30447,0.31715,0.29818,0.31266,7258542.55875989
2022-11-23,0.31244,0.32055,0.30906,0.31861,5115212.4248415
2022-11-24,0.31882,0.32127,0.31164,0.31641,4302662.98509532
2022-11-25,0.31605,0.31758,0.30737,0.31478,4035835.14895951
2022-11-26,0.31484,0.32305,0.31083,0.31361,5958831.85374454
2022-11-27,0.31369,0.31985,0.31159,0.31233,2277788.64370244
2022-11-28,0.31274,0.31383,0.30003,0.30674,4870935.30782197
2022-11-29,0.30675,0.3128,0.30418,0.30898,4152762.64929665
2022-11-30,0.30933,0.32145,0.30829,0.31884,6577966.01763388
2022-12-01,0.3192,0.32028,0.31249,0.3146,4054955.5723487
2022-12-02,0.31479,0.32025,0.31053,0.31899,4298490.93177942
2022-12-03,0.31916,0.32669,0.31627,0.31963,7647493.07581004
2022-12-04,0.3197,0.32448,0.31825,0.32274,5261658.32890306
2022-12-05,0.32261,0.32928,0.31636,0.31967,4379788.45616581
2022-12-06,0.31962,0.32144,0.31402,0.31848,2748589.08176082
2022-12-07,0.3183,0.3202,0.30689,0.31032,6974444.77643447
2022-12-08,0.31041,0.31599,0.30733,0.31481,3424981.83279402
2022-12-09,0.31496,0.31688,0.30882,0.31198,1912726.79708963
2022-12-10,0.3119,0.3149,0.31088,0.31269,1083055.89776556
2022-12-11,0.31259,0.31525,0.30528,0.30771,2355007.07451016
2022-12-12,0.30753,0.3081,0.30081,0.30703,2960704.46633889
2022-12-13,0.30735,0.31899,0.29954,0.31406,6995637.44710004
2022-12-14,0.31422,0.31577,0.30596,0.30835,6604112.05946747
2022-12-15,0.30822,0.30876,0.29635,0.30047,5580183.28686116
2022-12-16,0.30048,0.3015,0.25471,0.26383,12487838.42119625
2022-12-17,0.26384,0.26835,0.259,0.26769,7764494.18880465
2022-12-18,0.26796,0.27222,0.26287,0.26628,7270859.92658082
2022-12-19,0.26674,0.26962,0.24911,0.25289,7398085.95722438
2022-12-20,0.25309,0.26235,0.25142,0.25904,5424968.44872823
2022-12-21,0.25888,0.25979,0.24805,0.25362,10161207.30810742
2022-12-22,0.25347,0.25721,0.2467,0.25668,6920440.9000779
2022-12-23,0.25698,0.26448,0.25572,0.25979,9942203.06135914
2022-12-24,0.25975,0.26088,0.25692,0.25946,6063634.12039749
2022-12-25,0.25944,0.26032,0.25487,0.2595,6327034.92100243
2022-12-26,0.25944,0.26599,0.25782,0.2656,13067477.06888475
2022-12-27,0.26567,0.26662,0.25663,0.2605,11494659.92112141
2022-12-28,0.26058,0.26112,0.247,0.2485,15004248.35439972
2022-12-29,0.24844,0.24845,0.24011,0.24425,10529986.53552072
2022-12-30,0.24424,0.24655,0.2395,0.24581,5542445.50852061
2022-12-31,0.24585,0.25222,0.24425,0.24597,9037225.46691558
2023-01-01,0.24605,0.25029,0.24362,0.25029,5593062.9620411
2023-01-02,0.25039,0.25688,0.24701,0.25395,5485615.62825614
2023-01-03,0.25386,0.25552,0.25042,0.25311,6387191.54232548
2023-01-04,0.25308,0.27079,0.25218,0.26821,10702154.0859929
2023-01-05,0.2679,0.2715,0.26338,0.26913,3972037.45910902
2023-01-06,0.2694,0.28014,0.26738,0.27877,12710821.49644763
2023-01-07,0.27899,0.28111,0.27243,0.27692,6176014.7306183
2023-01-08,0.27741,0.29935,0.27482,0.29742,20164497.04748685
2023-01-09,0.29726,0.34636,0.29577,0.31691,33648978.59692331
2023-01-10,0.31697,0.32557,0.30573,0.32259,13568675.99148969
2023-01-11,0.32228,0.32347,0.30753,0.32327,8182545.46294567
2023-01-12,0.32374,0.33502,0.31489,0.32959,11626284.15477938
2023-01-13,0.32955,0.35094,0.32376,0.34563,6338597.03133968
2023-01-14,0.34572,0.37002,0.3316,0.35248,21353483.83384862
2023-01-15,0.35231,0.3538,0.33883,0.35077,11470836.56808857
2023-01-16,0.35094,0.36431,0.33853,0.35043,10876089.89811083
2023-01-17,0.35041,0.35788,0.34288,0.34535,5004016.93897388
2023-01-18,0.34548,0.35563,0.3241,0.32671,17106078.6590647
2023-01-19,0.32652,0.34293,0.32652,0.33842,2912103.91202728
2023-01-20,0.3381,0.36575,0.3337,0.36493,3741945.19426446
2023-01-21,0.36493,0.38069,0.35712,0.36848,6724669.70792303
2023-01-22,0.36887,0.38751,0.36251,0.37647,7189742.26273307
2023-01-23,0.37592,0.38367,0.36895,0.37486,6256341.1863516
2023-01-24,0.37441,0.38308,0.35543,0.35856,3092048.01131636
2023-01-25,0.35864,0.37956,0.34688,0.37319,4658149.26360316
2023-01-26,0.37348,0.38889,0.37124,0.37967,5365235.11647963
2023-01-27,0.37992,0.391,0.36791,0.3895,3503754.99014753
2023-01-28,0.38989,0.39805,0.37832,0.38192,4121158.78544278
2023-01-29,0.3819,0.39898,0.37711,0.39747,3377605.12464123
2023-01-30,0.39799,0.39803,0.36546,0.37255,3362156.61034891
2023-01-31,0.37255,0.39999,0.36841,0.39056,6438814.84125045
2023-02-01,0.39014,0.40163,0.37104,0.39656,3054272.21810911
2023-02-02,0.39669,0.41381,0.39209,0.39839,2781684.77303359
2023-02-03,0.39833,0.40706,0.39441,0.40365,2396251.48269003
2023-02-04,0.40369,0.40559,0.39753,0.39927,1244691.68072114
2023-02-05,0.39905,0.40176,0.38219,0.39247,1825569.19927768
2023-02-06,0.39293,0.40307,0.3796,0.38213,1693694.6287409
2023-02-07,0.38202,0.39979,0.3815,0.39906,1656793.98946977
2023-02-08,0.39936,0.40373,0.3856,0.39433,1523478.48688842
2023-02-09,0.3947,0.39536,0.35443,0.3622,3160191.53860042
2023-02-10,0.36197,0.36547,0.35376,0.3584,2570093.09237378
2023-02-11,0.35813,0.37024,0.35717,0.36841,1499497.69215085
2023-02-12,0.36871,0.3737,0.35977,0.36416,1689403.51839632
2023-02-13,0.36428,0.36571,0.34501,0.35939,2710916.48932439
2023-02-14,0.35941,0.39319,0.35457,0.3868,3662974.99622709
2023-02-15,0.38654,0.42004,0.38192,0.41915,3872374.63110272
2023-02-16,0.41973,0.42154,0.38655,0.38751,3251462.32178533
2023-02-17,0.3878,0.40957,0.38568,0.4036,2729807.44657717
2023-02-18,0.4035,0.41819,0.39765,0.40593,1569186.45518496
2023-02-19,0.4059,0.4128,0.39722,0.3997,2120367.47511219
2023-02-20,0.3998,0.40959,0.38962,0.40358,1723897.21300425
2023-02-21,0.40396,0.40599,0.38502,0.3926,3827492.0845711
2023-02-22,0.39279,0.393,0.377,0.38908,2930118.21102681
2023-02-23,0.38902,0.39498,0.37966,0.38245,1868035.52054468
2023-02-24,0.382,0.38536,0.35801,0.36591,2907512.40025557
2023-02-25,0.36558,0.36764,0.35131,0.36225,2066570.77356154
2023-02-26,0.36201,0.37032,0.358,0.3688,902327.22595282
2023-02-27,0.36847,0.37014,0.35747,0.36464,1343331.72005149
2023-02-28,0.36487,0.36795,0.3488,0.35165,1225357.17298164
2023-03-01,0.35208,0.36448,0.3493,0.36037,1408545.84643093
2023-03-02,0.36,0.36157,0.34455,0.35063,1697486.21011474
2023-03-03,0.35062,0.35062,0.31799,0.34282,3279396.22137571
2023-03-04,0.34271,0.34464,0.33039,0.33674,5316313.00811138
2023-03-05,0.33665,0.34285,0.33477,0.33691,1657637.91883171
2023-03-06,0.33676,0.33863,0.3293,0.33064,1139165.19901613
2023-03-07,0.33054,0.33467,0.32099,0.33042,2030659.94597151
2023-03-08,0.33072,0.33278,0.31369,0.3175,3713772.55220871
2023-03-09,0.31738,0.32218,0.30184,0.31027,5722648.16856494
2023-03-10,0.31034,0.31815,0.29789,0.3154,7106609.27150141
2023-03-11,0.31528,0.32439,0.30265,0.30595,13572836.93916064
2023-03-12,0.30621,0.33235,0.30263,0.33111,9341604.54470133
2023-03-13,0.33129,0.35295,0.3281,0.34424,10051067.35993222
2023-03-14,0.34431,0.36865,0.33741,0.34394,8452748.25156734
2023-03-15,0.34381,0.34724,0.31649,0.32475,8280811.04934254
2023-03-16,0.32478,0.32972,0.31778,0.32546,3633859.5038616
2023-03-17,0.32531,0.35015,0.32214,0.34934,6978910.56263101
2023-03-18,0.34956,0.35688,0.33507,0.33736,4871802.10660051
2023-03-19,0.33697,0.35231,0.33697,0.34461,2592683.53442154
2023-03-20,0.34509,0.34586,0.3307,0.33213,4117006.63202219
2023-03-21,0.3321,0.38625,0.32938,0.36955,4746422.19291419
2023-03-22,0.37029,0.38686,0.34902,0.35978,4534546.99095225
2023-03-23,0.35997,0.38489,0.35344,0.37207,2611215.77547607
2023-03-24,0.37168,0.37273,0.35549,0.35958,1885683.35494219
2023-03-25,0.35956,0.36288,0.34863,0.35153,1085001.99625303
2023-03-26,0.35152,0.36136,0.34895,0.35584,1347480.03229203
2023-03-27,0.35632,0.35702,0.33672,0.34568,1969041.21761161
2023-03-28,0.34544,0.37001,0.34252,0.36793,2397326.60782667
2023-03-29,0.36834,0.38979,0.36674,0.38101,2820454.66220847
2023-03-30,0.38126,0.38736,0.36973,0.37601,1296203.76598145
2023-03-31,0.37652,0.40844,0.37416,0.39864,2988974.61152484
2023-04-01,0.39836,0.4025,0.38799,0.39199,1110160.98541239
2023-04-02,0.39185,0.3926,0.37503,0.38156,978335.895404
2023-04-03,0.38187,0.40456,0.371,0.38699,3634414.00611733
2023-04-04,0.38652,0.40041,0.38425,0.38943,2125681.30561211
2023-04-05,0.38918,0.40007,0.38689,0.39153,1590502.84611279
2023-04-06,0.39199,0.39199,0.37648,0.38257,822313.90411418
2023-04-07,0.38263,0.38487,0.37572,0.38285,317273.4651758
2023-04-08,0.38344,0.39,0.3804,0.38481,199069.92967901
2023-04-09,0.38547,0.39281,0.38409,0.3894,585471.02813689
2023-04-10,0.38892,0.39742,0.38487,0.39696,951899.97387909
2023-04-11,0.39683,0.41274,0.39558,0.40118,1918671.05781221
2023-04-12,0.40166,0.40675,0.38873,0.40537,1733270.21572055
2023-04-13,0.40496,0.42889,0.39897,0.42528,3278041.71770896
2023-04-14,0.42556,0.44396,0.42379,0.43782,3552645.45248921
2023-04-15,0.43782,0.46147,0.43097,0.45213,3479967.26078301
2023-04-16,0.452,0.45732,0.44218,0.45034,1255780.18256757
2023-04-17,0.45056,0.45056,0.43144,0.43409,1787268.73331575
2023-04-18,0.43379,0.44802,0.4283,0.44357,1766996.12172483
2023-04-19,0.44265,0.44306,0.40659,0.41664,5167565.09978547
2023-04-20,0.41664,0.42191,0.39582,0.40055,3900944.5881269
2023-04-21,0.40232,0.40725,0.37936,0.38289,4306438.86111434
2023-04-22,0.38268,0.399,0.3814,0.39617,1926924.21909737
2023-04-23,0.39557,0.39564,0.38003,0.38872,1512089.49763426
2023-04-24,0.389,0.39791,0.38,0.38377,2130081.11459833
2023-04-25,0.38371,0.39539,0.37625,0.3947,2007888.42891757
2023-04-26,0.39455,0.41727,0.378,0.40142,4381627.72205152
2023-04-27,0.40158,0.41859,0.40117,0.40997,3917495.34774687
2023-04-28,0.41019,0.41098,0.39764,0.40481,1599905.3600144
2023-04-29,0.40444,0.40803,0.39918,0.40244,709194.17997696
2023-04-30,0.40269,0.41507,0.39528,0.39584,1704591.41362937
2023-05-01,0.39581,0.398,0.38065,0.38721,3124419.79706365
2023-05-02,0.38677,0.39484,0.38191,0.39194,1596810.49890477
2023-05-03,0.39192,0.3968,0.37872,0.39402,2331520.47644933
2023-05-04,0.39397,0.39647,0.3851,0.38756,1440024.23655445
2023-05-05,0.38799,0.39735,0.38126,0.39461,1313760.72449592
2023-05-06,0.39446,0.39705,0.37407,0.37999,1760867.09612027
2023-05-07,0.3797,0.38381,0.37462,0.37667,1204098.63491008
2023-05-08,0.376,0.37993,0.35421,0.36584,3727261.87815663
2023-05-09,0.36552,0.37111,0.36045,0.36356,1320553.13097873
2023-05-10,0.36365,0.37312,0.355,0.36973,2528740.63121186
2023-05-11,0.3697,0.36975,0.34867,0.36024,3297018.94696129
2023-05-12,0.3603,0.37104,0.35323,0.37079,2586007.80422866
2023-05-13,0.3709,0.37122,0.36254,0.36479,877735.40778826
2023-05-14,0.36482,0.37327,0.3629,0.37132,589186.8458411
2023-05-15,0.37148,0.37588,0.3661,0.36733,625677.08167359
2023-05-16,0.36698,0.37076,0.36205,0.36855,1005012.6185128799
2023-05-17,0.36906,0.3811,0.36505,0.37561,1360675.69295838
2023-05-18,0.37574,0.38054,0.36621,0.37167,1075112.70378324
2023-05-19,0.37293,0.37312,0.36667,0.3688,826632.06685513
2023-05-20,0.36824,0.36845,0.36352,0.36654,350339.23373809
2023-05-21,0.3665,0.36775,0.357,0.36073,761158.97697075
2023-05-22,0.36053,0.3742,0.35665,0.36802,1203289.29956075
2023-05-23,0.36879,0.37575,0.36642,0.37069,525502.62637403
2023-05-24,0.37078,0.37078,0.36051,0.36467,809317.79269778
2023-05-25,0.36419,0.36453,0.35523,0.35847,918234.04605387
2023-05-26,0.35888,0.36675,0.35364,0.36287,1138698.85377571
2023-05-27,0.36221,0.36792,0.36122,0.36706,567271.12043486
2023-05-28,0.36729,0.38566,0.36692,0.38336,1851579.00695962
2023-05-29,0.38399,0.38634,0.37585,0.3793,1110549.05083891
2023-05-30,0.37924,0.38372,0.37513,0.37807,748849.87967367
2023-05-31,0.37824,0.38112,0.37031,0.37521,1047597.81092104
2023-06-01,0.37469,0.37586,0.36131,0.36478,595861.54440022
2023-06-02,0.36445,0.3795,0.36192,0.37808,820556.43525455
2023-06-03,0.37816,0.37839,0.37337,0.37626,356832.24595969
2023-06-04,0.37611,0.382,0.37549,0.37745,581432.44490058
2023-06-05,0.37758,0.37915,0.34678,0.352,2540069.29514023
2023-06-06,0.35098,0.35718,0.33685,0.35315,1927218.46562502
2023-06-07,0.35312,0.35312,0.31784,0.32232,1952443.6346143
2023-06-08,0.3217,0.33095,0.32029,0.32281,1633983.94872831
2023-06-09,0.32262,0.32399,0.29098,0.2952,4160815.43967751
2023-06-10,0.29489,0.29515,0.22056,0.27517,19254219.4332319
2023-06-11,0.27512,0.28054,0.25951,0.27235,6081200.6892588
2023-06-12,0.27092,0.28673,0.26555,0.27494,5008285.40883401
2023-06-13,0.2746,0.29006,0.26901,0.27528,2939791.35787001
2023-06-14,0.27498,0.2776,0.25633,0.26356,2930856.84986911
2023-06-15,0.26351,0.26604,0.25277,0.26161,2626078.83968905
2023-06-16,0.26211,0.26772,0.25403,0.26342,1788748.35689503
2023-06-17,0.26285,0.27374,0.26097,0.26695,2299191.24144917
2023-06-18,0.26733,0.26935,0.25918,0.26116,1240183.87017241
2023-06-19,0.26072,0.26388,0.25711,0.26291,1878398.13780411
2023-06-20,0.26262,0.27081,0.25219,0.2707,2654324.73471856
2023-06-21,0.2708,0.28919,0.26884,0.28646,6559273.20230125
2023-06-22,0.2866,0.30504,0.28597,0.29055,4830291.63353728
2023-06-23,0.29118,0.30319,0.28747,0.29633,2300882.79853916
2023-06-24,0.29692,0.29778,0.28432,0.28956,2405627.09933926
2023-06-25,0.28979,0.30487,0.28884,0.29238,2014999.21189555
2023-06-26,0.29232,0.2924,0.2764,0.28076,1756618.85587996
2023-06-27,0.28065,0.28978,0.27936,0.28715,1943925.66535592
2023-06-28,0.28623,0.28623,0.26007,0.26674,3449225.21810686
2023-06-29,0.26695,0.27825,0.26677,0.27539,2826743.90744115
2023-06-30,0.27565,0.29973,0.26764,0.28698,10463021.35984818
2023-07-01,0.28733,0.29378,0.28134,0.29239,1482470.77354932
2023-07-02,0.29258,0.29412,0.28536,0.29217,2057486.58837061
2023-07-03,0.29297,0.29952,0.29093,0.29627,2816796.91910467
2023-07-04,0.29635,0.30219,0.28933,0.29235,2330047.92769976
2023-07-05,0.29267,0.29652,0.2799,0.28433,3287166.12911966
2023-07-06,0.28441,0.29392,0.2767,0.27942,4214263.60560333
2023-07-07,0.27909,0.28564,0.27615,0.2847,2342862.79588571
2023-07-08,0.28486,0.29352,0.28189,0.29073,2956974.94219301
2023-07-09,0.29115,0.292,0.28342,0.28457,3128619.30300498
2023-07-10,0.28461,0.29295,0.27813,0.28815,9019377.25218336
2023-07-11,0.28855,0.2937,0.28772,0.29293,2614975.62786079
2023-07-12,0.29316,0.29569,0.28528,0.28937,3330827.02230943
2023-07-13,0.28935,0.368,0.28629,0.35665,14081502.68297927
2023-07-14,0.35739,0.37877,0.31669,0.3284,9704701.43314294
2023-07-15,0.32831,0.33795,0.32452,0.326,2764542.57326115
2023-07-16,0.32632,0.3282,0.31251,0.31488,6692663.84701534
2023-07-17,0.3148,0.31995,0.30582,0.3123,2907108.31059617
2023-07-18,0.31277,0.31458,0.3,0.30972,2185310.92464855
2023-07-19,0.30912,0.32625,0.30717,0.32329,3091657.67223309
2023-07-20,0.3231,0.33285,0.31357,0.31627,3264146.033504
2023-07-21,0.31584,0.31885,0.31082,0.31332,1465886.78723339
2023-07-22,0.3132,0.31521,0.30656,0.31041,1446348.88135582
2023-07-23,0.31039,0.31945,0.30779,0.31731,1567014.56557256
2023-07-24,0.31712,0.31932,0.30036,0.30545,1938628.48141305
2023-07-25,0.30553,0.30818,0.30209,0.30451,1621858.39175035
2023-07-26,0.30422,0.31115,0.30054,0.30673,1164323.87085237
2023-07-27,0.30638,0.31395,0.30583,0.3082,1121725.70195267
2023-07-28,0.30808,0.31356,0.30649,0.31028,828086.00086979
2023-07-29,0.31022,0.31486,0.30924,0.3131,1295716.34548686
2023-07-30,0.3129,0.31856,0.30545,0.3161,2968092.07688732
2023-07-31,0.31591,0.31903,0.30709,0.30833,1527168.70572583
2023-08-01,0.30724,0.31087,0.2949,0.31069,3399668.15281862
2023-08-02,0.31078,0.31205,0.29779,0.29947,2115027.7704572002
2023-08-03,0.29947,0.30155,0.28933,0.2925,2103798.74955321
2023-08-04,0.29251,0.2973,0.29021,0.29394,1530418.46199087
2023-08-05,0.29337,0.29424,0.29028,0.2941,1116340.40381043
2023-08-06,0.29394,0.29585,0.29073,0.29241,802285.76681822
2023-08-07,0.29259,0.29608,0.28223,0.29107,2417026.21928411
2023-08-08,0.29118,0.30297,0.29035,0.29773,2144197.41151704
2023-08-09,0.29761,0.30246,0.29598,0.30133,1847004.10167953
2023-08-10,0.30157,0.30189,0.29587,0.29631,1620232.192372
2023-08-11,0.29643,0.29766,0.29251,0.2937,1080272.07841702
2023-08-12,0.29272,0.29468,0.29094,0.29213,597836.76618016
2023-08-13,0.29208,0.2937,0.28668,0.28979,1230465.1435741
2023-08-14,0.28961,0.29268,0.28744,0.29078,1844366.87063597
2023-08-15,0.29063,0.29117,0.27441,0.28208,3189976.88431783
2023-08-16,0.28199,0.28279,0.26545,0.27487,4701787.37611675
2023-08-17,0.27426,0.27836,0.235,0.25591,14507397.40879839
2023-08-18,0.25577,0.26741,0.25493,0.26404,10460535.33778471
2023-08-19,0.26415,0.26992,0.26072,0.26922,1385023.94484911
2023-08-20,0.26919,0.27345,0.26521,0.27101,924967.27369387
2023-08-21,0.27077,0.27217,0.25912,0.26361,1964749.81601533
2023-08-22,0.26298,0.26338,0.25001,0.25877,2658580.17402067
2023-08-23,0.25887,0.27008,0.25852,0.26839,1277542.53803003
2023-08-24,0.2689,0.27168,0.2626,0.26653,1249797.57774165
2023-08-25,0.26604,0.27101,0.25956,0.26141,2147507.50339588
2023-08-26,0.26121,0.26207,0.25806,0.26108,585585.2953423
2023-08-27,0.26118,0.2654,0.26028,0.2634,834965.58907616
2023-08-28,0.26351,0.26812,0.25866,0.26802,1308294.51660189
2023-08-29,0.26794,0.28069,0.26068,0.27286,4143789.04894997
2023-08-30,0.27322,0.27322,0.26054,0.26566,2509452.50556684
2023-08-31,0.26552,0.26669,0.24956,0.25559,2189030.75282161
2023-09-01,0.25561,0.25893,0.25141,0.25561,908425.02114107
2023-09-02,0.25509,0.25762,0.25381,0.25634,402379.27975914
2023-09-03,0.25628,0.25697,0.25343,0.25604,613774.56908062
2023-09-04,0.25634,0.26013,0.25346,0.25631,650710.84618909
2023-09-05,0.25628,0.25904,0.2541,0.25796,900296.68969917
2023-09-06,0.25798,0.26178,0.25236,0.25774,937267.50183643
2023-09-07,0.258,0.25994,0.2534,0.25811,953501.42138669
2023-09-08,0.25837,0.26016,0.25267,0.25453,707343.54737417
2023-09-09,0.2545,0.25593,0.25328,0.25358,419401.46317426
2023-09-10,0.25318,0.25318,0.24237,0.24919,2934331.74515517
2023-09-11,0.24935,0.24953,0.2368,0.24201,1359476.7853435
2023-09-12,0.24229,0.25276,0.24102,0.24563,1003121.66258101
2023-09-13,0.24536,0.25037,0.2439,0.24884,817883.7672691
2023-09-14,0.24896,0.25311,0.24666,0.25119,1262036.53452339
2023-09-15,0.25157,0.25537,0.24553,0.25079,1102966.09514703
2023-09-16,0.25084,0.25403,0.24864,0.25069,551008.75888381
2023-09-17,0.25,0.25144,0.24461,0.24741,766241.82837688
2023-09-18,0.2472,0.25617,0.24434,0.25159,779387.3291711
2023-09-19,0.25222,0.2583,0.25117,0.25517,1665425.89217588
2023-09-20,0.25553,0.25671,0.25032,0.25185,1117098.69939389
2023-09-21,0.25189,0.2533,0.24526,0.24534,1803905.82645161
2023-09-22,0.24554,0.24674,0.24315,0.24527,1498101.41338631
2023-09-23,0.24547,0.24722,0.24401,0.24646,611435.48658626
2023-09-24,0.24645,0.24661,0.24225,0.24323,892191.40696957
2023-09-25,0.24288,0.24635,0.24066,0.24635,1275012.38017507
2023-09-26,0.24596,0.24816,0.24345,0.24577,790301.37337455
2023-09-27,0.24564,0.24875,0.24268,0.24478,991871.15091464
2023-09-28,0.24491,0.25095,0.24357,0.24922,1436650.53054641
2023-09-29,0.24927,0.2561,0.24789,0.2497,1313565.99747835
2023-09-30,0.25005,0.25497,0.24947,0.25414,1037111.52341696
2023-10-01,0.25455,0.26804,0.25399,0.26641,2898055.33814361
2023-10-02,0.26641,0.2697,0.25798,0.25977,2604806.30630334
2023-10-03,0.25939,0.26483,0.25743,0.26111,985156.83586053
2023-10-04,0.26101,0.26123,0.25195,0.25965,766355.72938913
2023-10-05,0.25911,0.26401,0.25668,0.26035,1180150.55194804
2023-10-06,0.26086,0.26696,0.26059,0.26475,712608.80923048
2023-10-07,0.26443,0.26585,0.25658,0.25889,851182.49752256
2023-10-08,0.25874,0.25912,0.25537,0.25651,544387.34814426
2023-10-09,0.25613,0.25875,0.24895,0.25165,951908.32069769
2023-10-10,0.25153,0.25347,0.24698,0.24937,1824673.94996184
2023-10-11,0.24943,0.24951,0.24454,0.24813,784726.92037458
2023-10-12,0.24789,0.24813,0.24228,0.24631,857809.4145985
2023-10-13,0.24628,0.24977,0.24543,0.24606,494404.62608341
2023-10-14,0.24608,0.24791,0.24508,0.24733,376213.66488437
2023-10-15,0.24739,0.24857,0.2457,0.24737,625057.43747531
2023-10-16,0.24745,0.26083,0.24745,0.25167,2777994.98796759
2023-10-17,0.25151,0.25173,0.24457,0.24657,734551.59111494
2023-10-18,0.24627,0.24825,0.24241,0.24319,663297.66026737
2023-10-19,0.24309,0.24718,0.23901,0.24711,1361124.17905658
2023-10-20,0.24743,0.25356,0.24567,0.25129,1111577.53263649
2023-10-21,0.2514,0.26265,0.25,0.25877,1572851.78794529
2023-10-22,0.25889,0.26454,0.256,0.26375,1359311.48715183
2023-10-23,0.26443,0.28117,0.262,0.28082,4981779.64724902
2023-10-24,0.2812,0.29375,0.27391,0.27913,3081094.33117402
2023-10-25,0.27974,0.2897,0.27682,0.28066,1430163.64483753
2023-10-26,0.28087,0.29753,0.28087,0.28771,3274766.68100676
2023-10-27,0.28638,0.2927,0.28082,0.28971,1628160.89416378
2023-10-28,0.28974,0.29738,0.28896,0.29135,1388887.59344383
2023-10-29,0.29105,0.29897,0.28827,0.29522,1017247.57053042
2023-10-30,0.29585,0.30331,0.29222,0.30325,2296327.06980148
2023-10-31,0.30325,0.3049,0.285,0.29312,2470868.74382635
2023-11-01,0.29275,0.30912,0.28482,0.30753,2775953.48990592
2023-11-02,0.30753,0.32954,0.29879,0.32296,4678936.92687258
2023-11-03,0.32267,0.32966,0.31189,0.32966,3014661.64415779
2023-11-04,0.32955,0.33105,0.3213,0.32858,1679298.86157354
2023-11-05,0.32852,0.35038,0.32685,0.3423,1828955.52423949
2023-11-06,0.34274,0.37572,0.33858,0.36347,3683660.64489853
2023-11-07,0.36264,0.36519,0.3337,0.35177,3047902.13066974
2023-11-08,0.35146,0.36061,0.34927,0.35779,1830787.69871363
2023-11-09,0.35747,0.3866,0.34134,0.3685,4446638.33471501
2023-11-10,0.36819,0.3884,0.36319,0.38573,2531477.48496115
2023-11-11,0.38566,0.39527,0.37021,0.38411,2214845.44774741
2023-11-12,0.38431,0.39124,0.37066,0.3809,2283218.76433009
2023-11-13,0.38317,0.38843,0.35333,0.35719,936217.11349178
2023-11-14,0.35693,0.37218,0.34,0.35792,1141148.90895595
2023-11-15,0.35775,0.37957,0.35367,0.3792,2346293.7090414
2023-11-16,0.37897,0.40969,0.35844,0.37097,4151430.69560556
2023-11-17,0.37047,0.37787,0.35316,0.36743,1422581.0880858
2023-11-18,0.36752,0.37774,0.34939,0.37774,1257780.40924874
2023-11-19,0.37789,0.3856,0.36897,0.38444,1145662.6306456
2023-11-20,0.38314,0.39938,0.37823,0.3805,2707690.88276244
2023-11-21,0.38014,0.38991,0.35569,0.35691,1931104.88101589
2023-11-22,0.35676,0.38733,0.35595,0.38045,1457588.15747521
2023-11-23,0.38047,0.38711,0.37636,0.38651,1446093.63806869
2023-11-24,0.3876,0.39752,0.38334,0.3862,2085849.05673287
2023-11-25,0.3861,0.39594,0.3844,0.39472,608316.86112601
2023-11-26,0.39431,0.39532,0.37807,0.38814,936824.86513337
2023-11-27,0.38727,0.39158,0.3715,0.37835,814109.55564909
2023-11-28,0.37819,0.38807,0.36953,0.38425,1024578.23436174
2023-11-29,0.38603,0.38895,0.3777,0.38166,1511276.81214397
2023-11-30,0.38185,0.38232,0.37198,0.376,894787.56161877
2023-12-01,0.37484,0.38559,0.3738,0.38397,993240.91230895
2023-12-02,0.38363,0.39775,0.38284,0.39775,1276268.40055959
2023-12-03,0.3978,0.40233,0.38781,0.3952,641305.18040004
2023-12-04,0.39464,0.41481,0.39148,0.40632,1653554.66482896
2023-12-05,0.40658,0.42629,0.39633,0.42606,1805756.37408895
2023-12-06,0.42515,0.45524,0.4169,0.44266,3025727.94687575
2023-12-07,0.44395,0.45962,0.43186,0.45582,3263264.12332997
2023-12-08,0.45592,0.57115,0.45313,0.54563,4508416.729991
2023-12-09,0.54625,0.647,0.54442,0.5794,5621563.25768953
2023-12-10,0.5799,0.6149,0.57026,0.5954,2723349.1908595
2023-12-11,0.5959,0.59855,0.51191,0.55097,4746571.18603662
2023-12-12,0.55322,0.60653,0.55165,0.57851,2576838.54701939
2023-12-13,0.57656,0.679,0.54295,0.66793,4875091.2603134
2023-12-14,0.669,0.68048,0.61,0.6449,3611063.24154598
2023-12-15,0.6436,0.65435,0.60009,0.60091,3573598.91244071
2023-12-16,0.60221,0.62648,0.58732,0.6095,872038.01957857
2023-12-17,0.60959,0.61909,0.57772,0.58127,993656.42440355
2023-12-18,0.58062,0.60332,0.54393,0.60332,1761431.87826638
2023-12-19,0.60279,0.61746,0.567,0.5766,1123796.68354981
2023-12-20,0.57627,0.6104,0.56933,0.5909,973443.86765927
2023-12-21,0.58977,0.63999,0.5826,0.63591,2263749.61387879
2023-12-22,0.63968,0.65202,0.60632,0.62407,3081285.82273577
2023-12-23,0.62334,0.62433,0.5971,0.6138,929124.34856092
2023-12-24,0.61388,0.62942,0.58589,0.59274,2450853.10979982
2023-12-25,0.59331,0.63526,0.59018,0.62512,1510623.70472298
2023-12-26,0.62512,0.62828,0.56137,0.60912,3212372.78293678
2023-12-27,0.60955,0.64302,0.58494,0.63368,1697963.98801016
2023-12-28,0.6322,0.67738,0.61041,0.61739,1863381.52336942
2023-12-29,0.61944,0.62629,0.59184,0.60804,1048614.77777152
2023-12-30,0.60839,0.61385,0.59391,0.6016,620036.59587667
2023-12-31,0.60146,0.6104,0.58,0.59492,869391.70413277
2024-01-01,0.59526,0.62429,0.59118,0.62296,508933.2357331
2024-01-02,0.62394,0.63726,0.60284,0.60575,867609.65980282
2024-01-03,0.60634,0.6188,0.4889,0.55744,3535258.14370407
2024-01-04,0.5572,0.57908,0.54988,0.57077,1188490.04704261
2024-01-05,0.57237,0.57356,0.52225,0.54228,1802355.66605011
2024-01-06,0.54192,0.5435,0.50758,0.52335,660806.22044258
2024-01-07,0.52296,0.5309,0.48839,0.49463,1123135.64627736
2024-01-08,0.49527,0.54474,0.46515,0.54157,3066912.14806448
2024-01-09,0.54162,0.54289,0.49661,0.5119,3134284.59998071
2024-01-10,0.5124,0.58863,0.48775,0.56504,3794746.33387939
2024-01-11,0.5662,0.61657,0.561,0.5822,2229305.34849282
2024-01-12,0.58164,0.5879,0.52705,0.5478,726460.66952697
2024-01-13,0.54731,0.5538,0.53134,0.54905,452164.122904
2024-01-14,0.54933,0.55,0.52392,0.52549,627505.83775948
2024-01-15,0.52633,0.54172,0.52224,0.52767,582119.97083341
2024-01-16,0.52802,0.54874,0.526,0.53568,287342.3757269
2024-01-17,0.53637,0.53954,0.522,0.5274,507027.57880448
2024-01-18,0.52758,0.52767,0.49637,0.50267,1353201.43762423
2024-01-19,0.5023,0.50576,0.47204,0.50517,1117268.33248076
2024-01-20,0.5055,0.51905,0.49991,0.51706,1229726.74442368
2024-01-21,0.51684,0.52106,0.50347,0.50347,581371.40491815
2024-01-22,0.50383,0.50748,0.47619,0.47912,941759.01667052
2024-01-23,0.48057,0.48639,0.44761,0.47762,1481266.89456145
2024-01-24,0.47787,0.48065,0.46513,0.47701,885324.56369397
2024-01-25,0.47739,0.48469,0.45848,0.46684,916447.81700357
2024-01-26,0.46582,0.48999,0.46363,0.48479,524426.28711325
2024-01-27,0.48527,0.49016,0.476,0.48617,336531.1318237
2024-01-28,0.48614,0.5002,0.48378,0.49,472007.23541173
2024-01-29,0.48774,0.52786,0.48409,0.52597,950891.28453754
2024-01-30,0.52674,0.5363,0.51332,0.51389,603360.37778041
2024-01-31,0.51383,0.52029,0.49393,0.49858,571819.79284978
2024-02-01,0.49821,0.50837,0.48614,0.50804,540962.78898155
2024-02-02,0.50803,0.52424,0.50441,0.51404,692080.25840925
2024-02-03,0.51511,0.52482,0.51175,0.51248,287399.02382754
2024-02-04,0.51236,0.51236,0.4934,0.4934,281753.73113804
2024-02-05,0.49325,0.50596,0.48737,0.49405,210273.18738426
2024-02-06,0.49432,0.50373,0.48875,0.49814,345018.3300877
2024-02-07,0.4982,0.50192,0.47423,0.50192,1076779.13414565
2024-02-08,0.50239,0.53556,0.50239,0.52979,743527.44089038
2024-02-09,0.5311,0.54866,0.52839,0.54043,766543.46222633
2024-02-10,0.54143,0.55816,0.52862,0.55216,1801518.90800473
2024-02-11,0.55237,0.56592,0.5361,0.54263,4132535.66706215
2024-02-12,0.54206,0.56642,0.53083,0.55982,1368879.07938744
2024-02-13,0.55978,0.56446,0.5341,0.5457,840395.00032959
2024-02-14,0.54313,0.58271,0.54054,0.57695,1559601.60790148
2024-02-15,0.57707,0.61143,0.5698,0.60953,1065863.10487118
2024-02-16,0.61045,0.61317,0.58272,0.59845,813137.22947202
2024-02-17,0.59766,0.61121,0.56916,0.60807,563185.70549071
2024-02-18,0.60992,0.63832,0.60963,0.61825,1187654.04244382
2024-02-19,0.61902,0.63861,0.61447,0.6293,1056712.66972177
2024-02-20,0.63219,0.64088,0.596,0.62024,1235123.98203812
2024-02-21,0.61881,0.62039,0.57447,0.59871,756696.3440442
2024-02-22,0.59879,0.60745,0.58074,0.58451,622771.41628273
2024-02-23,0.5857,0.59496,0.56786,0.58269,1651129.73598979
2024-02-24,0.58316,0.60079,0.56978,0.59701,728341.74907207
2024-02-25,0.59852,0.60072,0.58084,0.59213,1131883.6192533
2024-02-26,0.58993,0.62146,0.57319,0.61891,1410077.29052304
2024-02-27,0.61936,0.63,0.60648,0.62344,1823433.21832003
2024-02-28,0.62437,0.65974,0.59391,0.62898,3740077.58923225
2024-02-29,0.62888,0.70849,0.62306,0.65346,2695196.4842556
2024-03-01,0.65492,0.72,0.65339,0.719,1592078.5770384
2024-03-02,0.719,0.76281,0.71626,0.74,1484183.2261694
2024-03-03,0.74056,0.74152,0.68283,0.72811,718335.57377583
2024-03-04,0.72822,0.79916,0.72353,0.76884,2668129.19704906
2024-03-05,0.76667,0.78,0.55717,0.69278,3981971.77997209
2024-03-06,0.69324,0.75702,0.66497,0.7345,2792482.52676712
2024-03-07,0.735,0.75511,0.7182,0.7422,1692069.19290309
2024-03-08,0.74528,0.75429,0.7,0.7221,648929.22383393
2024-03-09,0.7221,0.74487,0.71861,0.74045,295368.79746312
2024-03-10,0.73888,0.74357,0.69875,0.71684,448449.39975450997
2024-03-11,0.71723,0.78702,0.685,0.7724,3258054.67590718
2024-03-12,0.77214,0.77214,0.70149,0.74648,1495740.82669376
2024-03-13,0.7469,0.77188,0.73508,0.76368,1395407.33367788
2024-03-14,0.76364,0.80809,0.7138,0.75,2372119.04584975
2024-03-15,0.75,0.76368,0.66925,0.72492,1789276.69720549
2024-03-16,0.72646,0.73513,0.6514,0.65817,1073268.84793562
2024-03-17,0.65963,0.68821,0.62906,0.68144,917337.4877094
2024-03-18,0.68126,0.69981,0.64184,0.66082,1140903.31972876
2024-03-19,0.66238,0.66522,0.58092,0.58673,1223932.43722122
2024-03-20,0.58963,0.644,0.57,0.63967,1333599.46919817
2024-03-21,0.63969,0.64913,0.61859,0.63448,1117455.32870176
2024-03-22,0.6306,0.6427,0.59845,0.61503,1315749.54612986
2024-03-23,0.61303,0.63955,0.61027,0.62398,665844.82202414
2024-03-24,0.62331,0.6495,0.62331,0.64622,725722.54653975
2024-03-25,0.64472,0.667,0.63917,0.65618,838598.25313537
2024-03-26,0.65626,0.68213,0.65248,0.66493,707718.78616302
2024-03-27,0.66512,0.6709,0.6306,0.64811,1251440.71319361
2024-03-28,0.6477,0.65842,0.63692,0.65122,631309.62418734
2024-03-29,0.64947,0.66766,0.6353,0.66469,675749.79264565
2024-03-30,0.66458,0.66488,0.64228,0.64516,407984.45665316
2024-03-31,0.64314,0.65422,0.6421,0.65151,545072.1471755
2024-04-01,0.64998,0.65289,0.60534,0.62159,1379217.34805877
2024-04-02,0.62139,0.62139,0.57288,0.5801,1586015.50582087
2024-04-03,0.58145,0.59459,0.56277,0.57036,599811.73538094
2024-04-04,0.56909,0.596,0.5586,0.58357,654864.95119709
2024-04-05,0.58323,0.5852,0.55923,0.57421,778091.43438867
2024-04-06,0.57371,0.58906,0.57169,0.5838,214775.89448492
2024-04-07,0.58378,0.5967,0.58115,0.58882,390861.72690869
2024-04-08,0.5859,0.61707,0.57973,0.61461,732310.4380325
2024-04-09,0.61519,0.62435,0.59091,0.59217,1482050.00378083
2024-04-10,0.59098,0.59422,0.5571,0.58647,1381319.89727787
2024-04-11,0.58617,0.59529,0.57643,0.5867,1201930.38883365
2024-04-12,0.58595,0.593,0.43825,0.50218,7802729.21733439
2024-04-13,0.49984,0.51525,0.4,0.44542,4413230.01383323
2024-04-14,0.44386,0.4785,0.43347,0.46883,9594200.24145454
2024-04-15,0.46754,0.49584,0.4396,0.46115,3315803.51764372
2024-04-16,0.46059,0.47889,0.44,0.45907,2283861.88009833
2024-04-17,0.45823,0.46523,0.42865,0.44466,2389397.92259122
2024-04-18,0.44749,0.46218,0.43487,0.45844,2219620.97208039
2024-04-19,0.45826,0.47594,0.4235,0.46973,2645140.28274252
2024-04-20,0.47138,0.50829,0.46633,0.50778,2640009.54059693
2024-04-21,0.50691,0.51389,0.48813,0.4996,2462976.29614497
2024-04-22,0.50002,0.52332,0.49577,0.51717,3791915.8432817
2024-04-23,0.51764,0.52246,0.49805,0.50052,3766906.72772434
2024-04-24,0.50256,0.51113,0.4697,0.47544,1458153.97135285
2024-04-25,0.47529,0.47982,0.4636,0.47092,1545335.229212
2024-04-26,0.47068,0.47923,0.46128,0.46336,944008.18013478
2024-04-27,0.46481,0.47029,0.44484,0.4681,1559988.32045506
2024-04-28,0.46829,0.4788,0.4589,0.46048,1052655.1323403
2024-04-29,0.46105,0.46407,0.44673,0.4576,601771.27848816
2024-04-30,0.45705,0.46369,0.426,0.44155,1615078.07197689
2024-05-01,0.4425,0.45761,0.41888,0.45128,2217673.48783332
2024-05-02,0.45053,0.46359,0.44,0.45876,2092832.69807992
2024-05-03,0.45961,0.4746,0.4468,0.46785,939128.84910529
2024-05-04,0.46783,0.47709,0.46288,0.46365,531859.35484298
2024-05-05,0.46397,0.46658,0.45345,0.45921,620309.64921491
2024-05-06,0.46014,0.4764,0.45241,0.45466,1082876.88381159
2024-05-07,0.45615,0.45709,0.44164,0.44243,808062.68661408
2024-05-08,0.44223,0.46989,0.43673,0.45259,1384292.53030952
2024-05-09,0.45271,0.46561,0.44857,0.46455,746424.03756858
2024-05-10,0.46438,0.46958,0.44403,0.44833,768547.75034395
2024-05-11,0.44746,0.45103,0.43857,0.44003,221990.72916507
2024-05-12,0.43932,0.44393,0.43429,0.43828,404058.05481113
2024-05-13,0.4386,0.45379,0.42639,0.43717,2101442.36262877
2024-05-14,0.4368,0.4389,0.42682,0.42824,1560436.81834376
2024-05-15,0.42994,0.45574,0.42695,0.45346,1004961.86956367
2024-05-16,0.45445,0.4634,0.44907,0.46025,985562.97838853
2024-05-17,0.46152,0.49162,0.45642,0.48295,1969094.23627799
2024-05-18,0.48256,0.48676,0.47642,0.48276,411057.27191807
2024-05-19,0.48222,0.48416,0.46512,0.46757,926633.09503506
2024-05-20,0.468,0.50326,0.4611,0.5018,2965679.87097784
2024-05-21,0.5029,0.51052,0.49099,0.4946,1497261.15764543
2024-05-22,0.49514,0.49561,0.47544,0.48366,1039921.87459962
2024-05-23,0.48384,0.48897,0.44408,0.46614,2786252.90341203
2024-05-24,0.46588,0.4701,0.45489,0.46007,1672514.7794273
2024-05-25,0.46028,0.46515,0.45784,0.46273,548090.03119535
2024-05-26,0.4626,0.46326,0.45524,0.45877,845966.78266037
2024-05-27,0.45881,0.47477,0.457,0.46861,581874.30204091
2024-05-28,0.46867,0.46988,0.45271,0.45823,707176.0931016
2024-05-29,0.4584,0.46467,0.45067,0.45168,579303.24839787
2024-05-30,0.45261,0.45609,0.44382,0.44653,1277492.6865382
2024-05-31,0.44649,0.45573,0.44386,0.44766,1306631.9256215
2024-06-01,0.4475,0.4534,0.44534,0.44997,337023.04938723
2024-06-02,0.45004,0.45429,0.4406,0.44639,684647.2912709
2024-06-03,0.44705,0.46354,0.44367,0.45754,563576.31326297
2024-06-04,0.45781,0.46543,0.45282,0.46104,880015.21003235
2024-06-05,0.46187,0.46542,0.45689,0.46105,749085.74093366
2024-06-06,0.46161,0.46196,0.45138,0.45886,1385850.56438016
2024-06-07,0.45843,0.49,0.42478,0.44984,2599295.4510119
2024-06-08,0.44954,0.44954,0.43261,0.43666,656657.22719167
2024-06-09,0.43622,0.44601,0.432,0.44413,233304.765228
2024-06-10,0.44448,0.4517,0.43537,0.44112,1645899.31951746
2024-06-11,0.44052,0.44133,0.41276,0.42207,1473494.24317387
2024-06-12,0.42237,0.44419,0.41435,0.43783,813480.82569364
2024-06-13,0.43785,0.43875,0.4194,0.42213,658331.3985741
2024-06-14,0.42099,0.42454,0.39912,0.41178,915066.68261716
2024-06-15,0.41186,0.41565,0.40824,0.41398,136132.10812376
2024-06-16,0.41361,0.41929,0.40912,0.41619,150694.09952209
2024-06-17,0.41549,0.42101,0.39041,0.40261,1145150.40011011
2024-06-18,0.40149,0.40296,0.35894,0.38424,3938059.44567136
2024-06-19,0.38368,0.3983,0.38109,0.38491,2715526.42453551
2024-06-20,0.38452,0.39758,0.3782,0.38506,2392873.10581976
2024-06-21,0.38524,0.39123,0.3744,0.37638,2424884.00021602
2024-06-22,0.37649,0.39175,0.37212,0.38502,2888363.26572099
2024-06-23,0.38522,0.39377,0.37941,0.38071,1552445.00026838
2024-06-24,0.38055,0.38203,0.36292,0.37842,2117136.93550248
2024-06-25,0.37866,0.39768,0.37758,0.3922,1501649.62807174
2024-06-26,0.39232,0.39699,0.38333,0.38529,2884880.03033456
2024-06-27,0.38558,0.39457,0.37823,0.39162,1790395.20426537
2024-06-28,0.39224,0.39773,0.38571,0.38658,2183677.85058631
2024-06-29,0.38632,0.40477,0.38381,0.38426,2806230.9063222
2024-06-30,0.38411,0.39479,0.37914,0.39284,1169153.11095701
2024-07-01,0.39313,0.40885,0.39233,0.40321,1353751.0206716
2024-07-02,0.40392,0.42017,0.40392,0.41877,1361271.48389622
2024-07-03,0.41937,0.42348,0.40111,0.40813,2335813.61668976
2024-07-04,0.4085,0.41445,0.36235,0.36297,1819474.21892393
2024-07-05,0.36215,0.36215,0.31724,0.3502,4329816.77800354
2024-07-06,0.34938,0.3739,0.34711,0.37158,2185480.00546713
2024-07-07,0.37086,0.37206,0.34604,0.34739,2185302.73120267
2024-07-08,0.34848,0.38075,0.33136,0.37027,4542890.25045648
2024-07-09,0.37014,0.38163,0.36381,0.37648,2695221.35861436
2024-07-10,0.37641,0.39158,0.37309,0.38958,2086203.72600981
2024-07-11,0.38957,0.4061,0.38625,0.39663,3565701.16972686
2024-07-12,0.39716,0.41853,0.39454,0.41746,4563764.69712976
2024-07-13,0.41758,0.44719,0.41278,0.4428,4427253.76480358
2024-07-14,0.44282,0.44652,0.42596,0.43293,2940462.90517276
2024-07-15,0.43296,0.44619,0.43192,0.44619,4851161.90833214
2024-07-16,0.44546,0.45365,0.428,0.43886,4764798.93610019
2024-07-17,0.43968,0.45688,0.43614,0.43617,2827975.05073216
2024-07-18,0.43643,0.45042,0.421,0.4239,1401117.90060618
2024-07-19,0.42413,0.4434,0.41558,0.43956,1494209.51897736
2024-07-20,0.43977,0.44223,0.4284,0.43853,601975.64279495
2024-07-21,0.43762,0.44952,0.41748,0.44764,1148918.61679274
2024-07-22,0.4484,0.4512,0.42502,0.42702,1367060.19182448
2024-07-23,0.42683,0.43051,0.40346,0.41081,3239501.3165472
2024-07-24,0.41066,0.42272,0.405,0.40764,3289655.60199585
2024-07-25,0.40682,0.40903,0.38205,0.39544,3148018.88263737
2024-07-26,0.39544,0.42027,0.39544,0.41836,1439882.81234317
2024-07-27,0.41799,0.43038,0.41456,0.41814,1811399.45898499
2024-07-28,0.41658,0.42146,0.40569,0.40845,426277.99077399
2024-07-29,0.40821,0.42828,0.4039,0.40427,1130604.84316305
2024-07-30,0.40355,0.40803,0.395,0.40286,1344593.83587488
2024-07-31,0.40212,0.40837,0.38848,0.38937,1548383.61266281
2024-08-01,0.38902,0.39665,0.36884,0.39365,1870567.43303309
2024-08-02,0.39433,0.39568,0.35837,0.36418,2525059.99538286
2024-08-03,0.36484,0.37349,0.34956,0.36521,2141856.02535744
2024-08-04,0.36353,0.3682,0.33451,0.34405,1758887.75606501
2024-08-05,0.3452,0.34682,0.277,0.31277,6612986.74997099
2024-08-06,0.31279,0.33753,0.31279,0.3314,2271962.83059611
2024-08-07,0.33077,0.34138,0.31645,0.32392,2038478.62769561
2024-08-08,0.32385,0.35376,0.31929,0.3521,1323994.12686761
2024-08-09,0.35127,0.35518,0.33741,0.34899,1538894.06834135
2024-08-10,0.34914,0.35298,0.34521,0.34639,861046.2938829
2024-08-11,0.34621,0.3571,0.32735,0.32806,882151.81566532
2024-08-12,0.32909,0.34575,0.3272,0.33991,1663324.97481955
2024-08-13,0.33959,0.34578,0.33153,0.34023,1276598.52847183
2024-08-14,0.33988,0.34593,0.33167,0.33558,491707.91567993
2024-08-15,0.33641,0.34191,0.32124,0.32588,1259512.84939806
2024-08-16,0.3252,0.34585,0.3208,0.33031,2076214.25562167
2024-08-17,0.33045,0.33949,0.328,0.3379,648179.68728091
2024-08-18,0.33801,0.3405,0.33346,0.33522,516030.07258633
2024-08-19,0.33419,0.33841,0.3285,0.3374,751755.98574981
2024-08-20,0.33735,0.34911,0.33641,0.34435,730985.04950724
2024-08-21,0.34509,0.37794,0.34356,0.36971,3125914.53884918
2024-08-22,0.36976,0.37808,0.36501,0.37745,1500755.90311665
2024-08-23,0.37772,0.39386,0.37474,0.39215,3609963.99372222
2024-08-24,0.3918,0.40228,0.38868,0.39431,957617.14492399
2024-08-25,0.39414,0.39483,0.37801,0.38481,1289007.16079345
2024-08-26,0.3858,0.38819,0.36692,0.36692,1164839.54352848
2024-08-27,0.36688,0.37339,0.34371,0.3512,1674501.57391665
2024-08-28,0.3506,0.3616,0.34127,0.35046,1490441.96214929
2024-08-29,0.35151,0.36849,0.34975,0.35937,1866182.10294579
2024-08-30,0.35874,0.36266,0.3384,0.34826,3332653.3603232
2024-08-31,0.34792,0.35146,0.34576,0.34619,1061268.56697522
2024-09-01,0.34579,0.34682,0.32846,0.33281,1328173.54089592
2024-09-02,0.33286,0.33821,0.32623,0.33664,502820.8237243
2024-09-03,0.33619,0.34039,0.3182,0.31878,858701.75207335
2024-09-04,0.31934,0.32979,0.30663,0.32411,2352788.24553412
2024-09-05,0.32406,0.34042,0.32046,0.32582,2398436.20925001
2024-09-06,0.32577,0.33255,0.30399,0.31548,1539540.05098886
2024-09-07,0.316,0.32866,0.31598,0.32616,1695096.86818985
2024-09-08,0.32618,0.34185,0.3247,0.33987,1924672.49753041
2024-09-09,0.34029,0.34962,0.33841,0.34357,1067917.4521508
2024-09-10,0.34348,0.34611,0.33796,0.34389,949600.75066223
2024-09-11,0.34414,0.35806,0.33105,0.35375,1469702.3443773
2024-09-12,0.35491,0.36266,0.3532,0.35708,2691197.67691941
2024-09-13,0.35802,0.36573,0.35119,0.36136,1294029.74185877
2024-09-14,0.36184,0.36205,0.35179,0.35509,1294132.27591154
2024-09-15,0.35485,0.35673,0.33502,0.33935,1105260.94102903
2024-09-16,0.33861,0.33861,0.3274,0.33134,425060.46635579
2024-09-17,0.33068,0.3436,0.32931,0.3342,839199.78584748
2024-09-18,0.33404,0.34497,0.32779,0.34477,784990.48416798
2024-09-19,0.34665,0.35723,0.34627,0.35092,1184798.28094383
2024-09-20,0.35242,0.36184,0.34956,0.352,825437.88513729
2024-09-21,0.35194,0.35994,0.35059,0.35948,398919.05195007
2024-09-22,0.35953,0.35957,0.34367,0.35228,585963.1608549
2024-09-23,0.35244,0.36717,0.3461,0.36484,2011171.20937027
2024-09-24,0.36459,0.39258,0.35953,0.38784,2064339.71750634
2024-09-25,0.38863,0.39485,0.37982,0.38199,1608580.20176093
2024-09-26,0.38261,0.40466,0.3791,0.40303,2515554.67248232
2024-09-27,0.40352,0.41634,0.40117,0.40289,1997429.16646075
2024-09-28,0.4033,0.40688,0.3933,0.40218,893124.62713654
2024-09-29,0.40132,0.40492,0.39377,0.39848,694276.85774839
2024-09-30,0.39834,0.39834,0.3713,0.37453,1696963.63539527
2024-10-01,0.37412,0.38669,0.34258,0.35369,3894672.45104863
2024-10-02,0.35275,0.36344,0.33645,0.34414,2661279.7508124
2024-10-03,0.3438,0.35012,0.3334,0.34566,1457726.9973019399
2024-10-04,0.34644,0.35684,0.34378,0.3524,1077607.4371649
2024-10-05,0.35247,0.35652,0.34563,0.35097,648027.57327108
2024-10-06,0.35112,0.35864,0.34809,0.35817,725597.54547845
2024-10-07,0.35724,0.369,0.35092,0.35115,1459318.3090085
2024-10-08,0.35204,0.35739,0.34111,0.34505,801534.74011042
2024-10-09,0.34553,0.34817,0.33443,0.33942,1146575.51472228
2024-10-10,0.33898,0.34175,0.33145,0.33947,1010045.19254585
2024-10-11,0.3397,0.35505,0.33852,0.35174,361483.02408651
2024-10-12,0.35276,0.35742,0.35207,0.35398,387622.93376036
2024-10-13,0.35459,0.36031,0.34479,0.34911,1030778.86886762
2024-10-14,0.34902,0.36596,0.34317,0.3652,1722314.00240444
2024-10-15,0.36548,0.37153,0.34784,0.35893,1642434.68980807
2024-10-16,0.36003,0.36123,0.3518,0.35224,1519628.03058091
2024-10-17,0.35213,0.35506,0.34,0.3436,1937706.37670907
2024-10-18,0.34313,0.35246,0.34311,0.35053,873368.27379131
2024-10-19,0.35054,0.35661,0.34915,0.35173,785243.74470851
2024-10-20,0.35178,0.366,0.34842,0.36502,559914.75799029
2024-10-21,0.366,0.37373,0.35345,0.36092,708506.34889852
2024-10-22,0.36261,0.36816,0.35522,0.36362,1181351.26977668
2024-10-23,0.36505,0.3693,0.3421,0.34966,792948.79441638
2024-10-24,0.34919,0.35485,0.34,0.34633,1097500.53389716
2024-10-25,0.34677,0.34724,0.31472,0.32491,3663612.57403578
2024-10-26,0.32429,0.33445,0.321,0.3336,828569.91125105
2024-10-27,0.33321,0.34249,0.33089,0.34002,988955.68063538
2024-10-28,0.33994,0.3482,0.33053,0.34434,961996.28259358
2024-10-29,0.34397,0.35686,0.34397,0.35525,1052313.35429926
2024-10-30,0.35741,0.36455,0.35134,0.3557,2884092.2543797
2024-10-31,0.35605,0.3611,0.34076,0.34263,981835.2355493
2024-11-01,0.34187,0.36191,0.33442,0.35741,1280366.45263541
2024-11-02,0.3591,0.36427,0.34564,0.34793,968058.67827911
2024-11-03,0.34816,0.34816,0.32751,0.33505,910838.49091179
2024-11-04,0.33398,0.33686,0.32028,0.32618,808260.16367073
2024-11-05,0.32691,0.33847,0.32691,0.33404,1074450.00810835
2024-11-06,0.33437,0.36601,0.33437,0.36361,4552673.56289623
2024-11-07,0.36387,0.40688,0.36193,0.40685,2614429.60431221
2024-11-08,0.40844,0.45894,0.40369,0.44299,3297767.11313921
2024-11-09,0.44342,0.49797,0.42821,0.49778,1036360.10267966
2024-11-10,0.49457,0.658,0.48769,0.58963,8104573.9722876595
2024-11-11,0.59069,0.62674,0.56441,0.61178,5122612.85929252
2024-11-12,0.6128,0.65361,0.5562,0.56974,4483445.25139541
2024-11-13,0.57103,0.609,0.51956,0.57755,5964390.60589883
2024-11-14,0.57865,0.6,0.54331,0.58019,3314911.68200341
2024-11-15,0.57875,0.70635,0.57519,0.70635,11976662.00267094
2024-11-16,0.7071,0.81911,0.70247,0.7423,11981175.43090216
2024-11-17,0.74379,0.77272,0.69129,0.70236,6623239.09331653
2024-11-18,0.7005,0.78369,0.7005,0.73421,4392803.6203075
2024-11-19,0.7314,0.76371,0.72,0.73833,2620440.61670116
2024-11-20,0.74119,0.84683,0.74119,0.7999,4875632.92195638
2024-11-21,0.79835,0.82374,0.76537,0.82095,6434321.11654915
2024-11-22,0.82232,1.0408,0.81269,1.0111,6860778.80592785
2024-11-23,1.0162,1.1493,1.0162,1.0619,6591320.32457523
2024-11-24,1.0637,1.0965,0.93902,1.021,2776533.80030057
2024-11-25,1.0187,1.075,0.93125,0.94533,2738941.27621103
2024-11-26,0.94427,0.99101,0.87412,0.96352,3214363.55542284
2024-11-27,0.95651,1.0433,0.93246,1.0134,3859359.24721963
2024-11-28,1.0079,1.0495,0.97072,1.0331,1374192.99786797
2024-11-29,1.0339,1.1,1.0307,1.0762,1625494.32085629
2024-11-30,1.0751,1.1508,1.05,1.08,1803622.34495268
2024-12-01,1.076,1.165,1.0383,1.1487,1348745.33484014
2024-12-02,1.1504,1.2419,1.0578,1.2017,4766694.56392824
2024-12-03,1.2045,1.3276,1.1409,1.1946,3283693.38509263
2024-12-04,1.1949,1.2427,1.1423,1.1884,1357075.78188098
2024-12-05,1.1878,1.2454,1.1177,1.1606,1497641.46951467
2024-12-06,1.1586,1.2363,1.1348,1.2285,1007297.20174842
2024-12-07,1.2299,1.2365,1.1888,1.2158,590328.54078494
2024-12-08,1.205,1.225,1.1744,1.1969,879270.30369645
2024-12-09,1.1921,1.1929,0.90209,1.0095,3779582.98311583
2024-12-10,1.0036,1.0401,0.9112,1.0232,4777522.2386746
2024-12-11,1.0229,1.1154,0.97352,1.0891,1745784.72164967
2024-12-12,1.0822,1.1817,1.075,1.1256,1788678.02838704
2024-12-13,1.1228,1.1311,1.0768,1.1213,1103472.38223125
2024-12-14,1.1223,1.1325,1.043,1.06,783150.40448194
2024-12-15,1.0562,1.1122,1.0389,1.0989,950420.83795818
2024-12-16,1.1,1.1195,1.0465,1.0763,1087303.18605481
2024-12-17,1.0774,1.11,1.0403,1.0521,1014288.53799101
2024-12-18,1.0544,1.0588,0.95635,0.96847,3563245.87901942
2024-12-19,0.97073,0.99352,0.84755,0.88385,4545103.51191538
2024-12-20,0.88169,0.96021,0.76416,0.9527,3476591.73378303
2024-12-21,0.95305,0.99837,0.8862,0.90788,1944398.32557227
2024-12-22,0.89647,0.92577,0.86079,0.88467,1353206.06693279
2024-12-23,0.88113,0.94412,0.86382,0.92705,1161628.04775288
2024-12-24,0.92673,0.9516,0.89261,0.93665,1429481.35831062
2024-12-25,0.93587,0.94054,0.9,0.91732,819521.40864673
2024-12-26,0.91901,0.92846,0.85237,0.86234,1608539.40777911
2024-12-27,0.86275,0.91469,0.85785,0.87846,1335631.23362961
2024-12-28,0.8795,0.90102,0.86762,0.89091,496888.37582668
2024-12-29,0.88805,0.91427,0.85275,0.8613,1367514.35498664
2024-12-30,0.85966,0.90469,0.83115,0.8639,1604426.13225368
2024-12-31,0.86264,0.87989,0.84185,0.84757,604558.8088651
2025-01-01,0.84849,0.93672,0.83955,0.92163,1540696.25324781
2025-01-02,0.92797,0.9845,0.92599,0.96246,1304741.55800583
2025-01-03,0.96447,1.1198,0.96101,1.089,3026499.9059022698
2025-01-04,1.0941,1.1156,1.0564,1.0704,1787870.42081083
2025-01-05,1.0709,1.1137,1.0514,1.091,2772619.59295908
2025-01-06,1.0922,1.118,1.0634,1.0976,1633118.85058886
2025-01-07,1.0913,1.1521,0.98775,0.99079,2970457.01753279
2025-01-08,0.99199,1.0245,0.91,0.94833,2876664.32754984
2025-01-09,0.94691,0.96146,0.88202,0.90827,1256294.40164227
2025-01-10,0.91028,0.97562,0.90563,0.93311,713125.29506221
2025-01-11,0.93233,1.0192,0.91467,0.99561,963501.5819071099
2025-01-12,0.99697,1.038,0.96158,0.9698,767272.02250626
2025-01-13,0.96756,0.99269,0.87832,0.94692,1501742.56127023
2025-01-14,0.94766,1.0122,0.94034,0.99635,1215404.61513273
2025-01-15,1.0011,1.0891,0.98843,1.0749,2283786.29104125
2025-01-16,1.0779,1.1446,1.0266,1.0908,1803305.97820825
2025-01-17,1.0929,1.1653,1.0883,1.1321,1550050.82274535
2025-01-18,1.1334,1.1459,1.0479,1.1054,1580854.47339722
2025-01-19,1.1043,1.1516,0.96561,0.99307,3920123.99758218
2025-01-20,0.99272,1.1009,0.96035,1.0072,6726054.10229888
2025-01-21,1.0095,1.028,0.95102,1.0057,4291194.25535961
2025-01-22,1.0047,1.0195,0.97525,0.98034,780981.35109974
2025-01-23,0.98437,1.0117,0.95102,0.98779,1011487.4476354
2025-01-24,0.98882,1.01,0.9648,0.97064,549764.00510918
2025-01-25,0.97054,0.99183,0.96401,0.97657,378624.17485551
2025-01-26,0.97549,1.0004,0.95113,0.95406,531575.56625523
2025-01-27,0.9516,0.95907,0.8581,0.93686,2262258.56324042
2025-01-28,0.93559,0.96983,0.90387,0.91804,1198850.52459785
2025-01-29,0.91703,0.96101,0.9017,0.94,1348540.45042307
2025-01-30,0.94164,0.9888,0.93832,0.95995,397928.41187533
2025-01-31,0.96079,0.98731,0.93484,0.94218,927732.15620047
2025-02-01,0.94372,0.95763,0.88775,0.89532,626625.57287772
2025-02-02,0.89643,0.9122,0.75393,0.80288,11207883.44374855
2025-02-03,0.80454,0.82491,0.50954,0.81222,9849354.74651845
2025-02-04,0.81405,0.82011,0.71426,0.74514,2162809.36526783
2025-02-05,0.74148,0.77611,0.72512,0.73343,1536740.92827336
2025-02-06,0.73746,0.76608,0.69785,0.70637,1508373.37286269
2025-02-07,0.70515,0.7531,0.69014,0.70828,790261.02369871
2025-02-08,0.70752,0.71831,0.6823,0.70204,930076.12332488
2025-02-09,0.70091,0.71694,0.65186,0.683,1033064.23349713
2025-02-10,0.6821,0.72588,0.66429,0.71315,840208.5624746
2025-02-11,0.71222,0.82207,0.71078,0.78013,5743179.36349438
2025-02-12,0.78079,0.80885,0.74881,0.80121,2566776.61865041
2025-02-13,0.80019,0.83151,0.76883,0.81423,1401890.64203574
2025-02-14,0.81184,0.8291,0.78901,0.79982,1248149.94462447
2025-02-15,0.79869,0.81439,0.77483,0.78192,740636.88279642
2025-02-16,0.78015,0.78945,0.76185,0.77189,624607.9712865601
2025-02-17,0.77444,0.82972,0.77314,0.81021,2634786.86063525
2025-02-18,0.81318,0.81451,0.73822,0.75333,1723388.70894788
2025-02-19,0.75493,0.77766,0.73204,0.77483,1837447.0877232
2025-02-20,0.7755,0.81275,0.77312,0.80643,858427.82390254
2025-02-21,0.80444,0.81942,0.75147,0.76363,865951.80228326
2025-02-22,0.76103,0.78588,0.75868,0.77468,534812.92332451
2025-02-23,0.77433,0.78991,0.76082,0.77198,982372.84362334
2025-02-24,0.77102,0.77898,0.67069,0.68315,2153727.50962262
2025-02-25,0.6839,0.697,0.63218,0.68502,5285472.53975531
2025-02-26,0.68607,0.69718,0.63274,0.64935,2508161.07477775
2025-02-27,0.64974,0.68201,0.62818,0.64697,1750385.17132415
2025-02-28,0.647,0.64812,0.58199,0.63539,3591266.72163075
2025-03-01,0.63379,0.67832,0.62725,0.66189,1672150.71223241
2025-03-02,0.66134,1.1521,0.64753,1.1389,10896671.10390148
2025-03-03,1.1373,1.176,0.82608,0.85817,8042919.85141175
2025-03-04,0.86051,0.95789,0.76099,0.9396,9707768.40395443
2025-03-05,0.9431,1.0295,0.91635,0.9772,4907052.37854427
2025-03-06,0.97558,0.99159,0.88794,0.90764,3530664.42087696
2025-03-07,0.90899,0.92294,0.80919,0.82081,5101245.30281136
2025-03-08,0.81898,0.84073,0.79532,0.80832,999356.39290213
2025-03-09,0.80426,0.82095,0.71085,0.72369,2348479.04205741
2025-03-10,0.72345,0.78,0.66019,0.67366,2626913.65532034
2025-03-11,0.67463,0.74662,0.64832,0.7257,3345396.30426724
2025-03-12,0.7268,0.76948,0.71271,0.73695,2333720.06060891
2025-03-13,0.73566,0.74262,0.69265,0.70513,2431420.7528547
2025-03-14,0.70253,0.75245,0.69827,0.73881,1819923.93488707
2025-03-15,0.73908,0.7613,0.73259,0.74886,1209270.8482493
2025-03-16,0.74638,0.74819,0.69553,0.707,569523.52374243
2025-03-17,0.70759,0.73202,0.70369,0.72082,1113711.22206856
2025-03-18,0.71928,0.71928,0.68349,0.70489,596703.80184256
2025-03-19,0.70256,0.7487,0.7025,0.74475,1593037.16294207
2025-03-20,0.74639,0.75709,0.71274,0.71882,1244020.07205231
2025-03-21,0.71775,0.72835,0.70118,0.70567,1038576.97817003
2025-03-22,0.70551,0.71657,0.69774,0.70052,538904.37483867
2025-03-23,0.70223,0.7167,0.69262,0.71172,741714.33345799
2025-03-24,0.71095,0.74621,0.70672,0.73312,953951.49004525
2025-03-25,0.73244,0.76739,0.722,0.74492,2168319.02766109
2025-03-26,0.74462,0.77599,0.72128,0.72962,1171076.3936373
2025-03-27,0.72921,0.74535,0.72216,0.73813,545609.44233723
2025-03-28,0.73713,0.74719,0.69082,0.70681,1013552.79467873
2025-03-29,0.70769,0.7132,0.66058,0.67481,944818.23761968
2025-03-30,0.67382,0.68861,0.65234,0.66249,350197.51212912
2025-03-31,0.66243,0.6663,0.63064,0.66116,1696648.91169889
2025-04-01,0.66333,0.6945,0.65896,0.67955,1578170.90196384
2025-04-02,0.67717,0.70796,0.6354,0.63845,2067787.83247649
2025-04-03,0.63734,0.65692,0.61327,0.65069,1125774.96281556
2025-04-04,0.65176,0.67137,0.6285,0.66078,2074108.53852422
2025-04-05,0.66056,0.66757,0.64549,0.65596,1146890.45061171
2025-04-06,0.65389,0.65553,0.56022,0.57404,1294336.39588151
2025-04-07,0.57225,0.6046,0.51057,0.58675,5231320.27611056
2025-04-08,0.58587,0.6196,0.55295,0.55731,3280348.98427136
2025-04-09,0.55995,0.64641,0.53679,0.63117,4398494.22559556
2025-04-10,0.63201,0.63325,0.58603,0.60865,3825405.53176815
2025-04-11,0.6089,0.64389,0.60565,0.62393,5461532.26987831
2025-04-12,0.62357,0.66691,0.61714,0.65862,1111876.83421265
2025-04-13,0.65955,0.66885,0.62941,0.63553,1203829.78415446
2025-04-14,0.63729,0.65617,0.62749,0.63352,2171878.26224298
2025-04-15,0.63367,0.64792,0.60751,0.60984,2756948.57319702
2025-04-16,0.60943,0.6244,0.595,0.61081,1545870.33945895
2025-04-17,0.61178,0.62911,0.61008,0.61566,754180.02777791
2025-04-18,0.61637,0.6311,0.60997,0.62502,431905.84048449
2025-04-19,0.62844,0.63986,0.61802,0.62729,177599.52982925
2025-04-20,0.62994,0.63382,0.60843,0.6192,140109.35593187
2025-04-21,0.61923,0.64777,0.61555,0.62436,1396582.56257729
2025-04-22,0.61877,0.683,0.61537,0.67987,1295469.72529599
2025-04-23,0.68202,0.71797,0.67819,0.69757,1235966.40931291
2025-04-24,0.69824,0.74583,0.67173,0.72138,2191714.38182584
2025-04-25,0.72221,0.73293,0.70218,0.71511,1911036.75670852
2025-04-26,0.71478,0.73359,0.70075,0.70785,319587.74829906
2025-04-27,0.70712,0.71843,0.69146,0.7037,525955.05320454
2025-04-28,0.70381,0.72965,0.68352,0.70609,2115541.49720001
2025-04-29,0.70282,0.71788,0.69013,0.69735,860843.19922043
2025-04-30,0.69762,0.70395,0.66709,0.68257,1254230.08260592
2025-05-01,0.68294,0.71489,0.68294,0.70585,809452.87176194
2025-05-02,0.70621,0.72514,0.68945,0.6981,1268299.89755511
2025-05-03,0.69888,0.73061,0.69214,0.70114,2478750.42516331
2025-05-04,0.7002,0.71569,0.67372,0.67845,2586062.17221562
2025-05-05,0.67751,0.69359,0.65613,0.664,1135800.29170593
2025-05-06,0.664,0.68174,0.64446,0.67957,1300973.59373823
2025-05-07,0.68062,0.69005,0.65586,0.6728,638092.40867836
2025-05-08,0.67251,0.77195,0.67069,0.76994,2626274.06154375
2025-05-09,0.76933,0.81792,0.75501,0.77634,2448589.96690548
2025-05-10,0.77859,0.84342,0.77021,0.84019,2895393.41171231
2025-05-11,0.84019,0.84548,0.78087,0.80486,1270843.05457886
2025-05-12,0.80655,0.86378,0.77976,0.81726,2868060.59216682
2025-05-13,0.81793,0.84161,0.77407,0.83393,1294466.55713297
2025-05-14,0.82998,0.83251,0.78946,0.79884,2306370.52257001
2025-05-15,0.79963,0.81027,0.74435,0.76215,4261097.72954313
2025-05-16,0.76261,0.78547,0.75134,0.7587,2567712.78758802
2025-05-17,0.75844,0.78064,0.72792,0.74271,1437547.97493341
2025-05-18,0.74329,0.77611,0.71711,0.7599,1615400.15237741
2025-05-19,0.75868,0.76458,0.71005,0.74392,486226.0536154
2025-05-20,0.74206,0.7527,0.72241,0.74538,380270.46498559
2025-05-21,0.74581,0.78392,0.73615,0.77066,1421822.2776835
2025-05-22,0.77209,0.8102,0.77057,0.80901,588201.34071524
2025-05-23,0.80873,0.84076,0.74387,0.74575,926933.6332572399
2025-05-24,0.74634,0.76497,0.74,0.74641,543909.80612273
2025-05-25,0.74522,0.75987,0.72646,0.75935,729128.69631355
2025-05-26,0.75874,0.7763,0.75059,0.7597,615663.27112136
2025-05-27,0.76179,0.77533,0.74399,0.75833,739884.3556641
2025-05-28,0.75417,0.76012,0.73214,0.7478,650727.50402639
2025-05-29,0.74692,0.7645,0.72,0.72286,742731.6617646
2025-05-30,0.72386,0.72731,0.68278,0.68825,3072102.27121945
2025-05-31,0.69063,0.69519,0.65687,0.68649,658021.7734416
2025-06-01,0.68475,0.68676,0.65484,0.68657,224633.79208252
2025-06-02,0.68539,0.69187,0.66377,0.69008,531806.98205301
2025-06-03,0.689,0.70706,0.6737,0.68477,353516.91723629
2025-06-04,0.68338,0.70266,0.66117,0.6648,352641.40368936
2025-06-05,0.66474,0.68988,0.62,0.62633,731808.167826
2025-06-06,0.62624,0.67287,0.62496,0.65645,182972.33331259
2025-06-07,0.65675,0.67114,0.65003,0.66542,53206.31678273
2025-06-08,0.66431,0.67961,0.65214,0.66959,190934.50948186
2025-06-09,0.67111,0.70856,0.65702,0.70694,403796.58961852
2025-06-10,0.70556,0.71984,0.68757,0.71583,398904.03747911
2025-06-11,0.71547,0.73002,0.69048,0.69692,492131.07467543
2025-06-12,0.69619,0.69904,0.65668,0.6656,422680.55503329
2025-06-13,0.65788,0.65788,0.61735,0.64203,1097220.36346082
2025-06-14,0.64169,0.6427,0.61375,0.62545,212914.69898123
2025-06-15,0.62488,0.63688,0.622,0.63426,139863.53623497
2025-06-16,0.63454,0.65782,0.62678,0.62995,165686.24449274
2025-06-17,0.62815,0.64244,0.60002,0.6097,244212.91015607
2025-06-18,0.61219,0.62225,0.58859,0.60306,351396.30942388
2025-06-19,0.6048,0.61166,0.59063,0.60385,98111.11585204
2025-06-20,0.60449,0.60749,0.562,0.5773,190145.33851124
2025-06-21,0.57839,0.5883,0.54527,0.55704,776502.14683962
2025-06-22,0.55722,0.56428,0.51149,0.54188,965940.72174207
2025-06-23,0.54209,0.58669,0.52967,0.58319,700358.18030136
2025-06-24,0.58419,0.5944,0.57759,0.58748,359560.11991446
2025-06-25,0.58749,0.59065,0.563,0.56605,284685.49631772
2025-06-26,0.5688,0.58047,0.54951,0.55434,129860.20521224
2025-06-27,0.55523,0.56303,0.54537,0.55667,171667.08202719
2025-06-28,0.55878,0.56887,0.55534,0.56569,57410.86375875
2025-06-29,0.56604,0.58491,0.5555,0.57795,89986.39063434
2025-06-30,0.57907,0.59084,0.55677,0.57193,296465.2515954
2025-07-01,0.57278,0.57688,0.5375,0.54328,328598.40763704
2025-07-02,0.54473,0.6,0.54021,0.58451,593056.7068817
2025-07-03,0.58519,0.61266,0.58359,0.5999,170291.49289893
2025-07-04,0.60163,0.60437,0.56495,0.57292,155882.15603189
2025-07-05,0.57531,0.58356,0.57013,0.57692,119215.68526447
2025-07-06,0.57603,0.59437,0.57155,0.58668,168984.07012091
2025-07-07,0.58382,0.5952,0.57493,0.57812,157464.22398145
2025-07-08,0.58128,0.5928,0.57293,0.5893,2272665.75268219
2025-07-09,0.5884,0.62809,0.58458,0.62368,2853134.78218498
2025-07-10,0.62463,0.67937,0.61814,0.67699,2087379.48466956
2025-07-11,0.67614,0.77709,0.66864,0.70958,2580609.13876034
2025-07-12,0.70879,0.7366,0.6868,0.70774,265574.25071552
2025-07-13,0.70628,0.755,0.70467,0.7362,674969.35229702
2025-07-14,0.74233,0.76663,0.72094,0.73504,871394.23376169
2025-07-15,0.73416,0.74813,0.71081,0.74695,1410279.27774858
2025-07-16,0.7448,0.785,0.73573,0.76542,930944.97400752
2025-07-17,0.76512,0.83867,0.74075,0.82364,1561307.83507029
2025-07-18,0.82315,0.89579,0.79652,0.81734,1663362.00824337
2025-07-19,0.81688,0.83814,0.80237,0.82965,339087.84435163
2025-07-20,0.82987,0.87821,0.82339,0.85883,293879.24704333
2025-07-21,0.8575,0.93497,0.84139,0.88941,774805.65345312
2025-07-22,0.89041,0.90992,0.85302,0.904,648229.70366682
2025-07-23,0.90252,0.90281,0.78618,0.81611,1422661.65881684
2025-07-24,0.81247,0.83767,0.76244,0.80632,1343537.41267679
2025-07-25,0.80396,0.81822,0.7753,0.81786,698077.5011253
2025-07-26,0.81608,0.83923,0.81407,0.82007,109754.02603713
2025-07-27,0.82021,0.84041,0.8157,0.83302,134274.99089159
2025-07-28,0.83181,0.85711,0.78759,0.79355,704340.29088569
2025-07-29,0.79291,0.80991,0.77004,0.7842,496478.02732563
2025-07-30,0.78301,0.78926,0.73151,0.76424,1203962.94613113
2025-07-31,0.76438,0.78993,0.73759,0.73759,388270.03092432
2025-08-01,0.73993,0.74051,0.69707,0.71566,8366764.59520066
2025-08-02,0.71565,0.7286,0.68613,0.70023,435064.75510195
2025-08-03,0.70061,0.7319,0.68991,0.72815,235653.17039854
2025-08-04,0.72852,0.75927,0.72728,0.75526,238207.68169769
2025-08-05,0.75602,0.76,0.71473,0.72653,850129.4227142599
2025-08-06,0.72341,0.74839,0.71037,0.74164,232954.1218667
2025-08-07,0.74269,0.78954,0.73494,0.78741,678840.22763949
2025-08-08,0.78972,0.80673,0.77666,0.79135,13600925.89502145
2025-08-09,0.79213,0.82042,0.79074,0.80574,324013.9155924
2025-08-10,0.801,0.83446,0.78606,0.80256,160311.31720446
2025-08-11,0.80222,0.8334,0.76804,0.77406,321313.89400837
2025-08-12,0.7731,0.8577,0.76918,0.84098,412652.52507329
2025-08-13,0.842,0.92,0.83299,0.9047,1270684.0243214
2025-08-14,0.9159,1.0182,0.88,0.92576,1543317.19985789
2025-08-15,0.92391,0.96423,0.9139,0.94707,605391.76701999
2025-08-16,0.95046,0.97948,0.90305,0.92078,350412.96398524
2025-08-17,0.91715,0.98824,0.90657,0.96574,337796.23927503
2025-08-18,0.96295,0.96803,0.89267,0.92338,519264.62877027
2025-08-19,0.92511,0.95524,0.846,0.846,667992.48314044
2025-08-20,0.84875,0.89454,0.83838,0.88212,257661.40825244001
2025-08-21,0.88303,0.89359,0.84776,0.85022,74406.73123394
2025-08-22,0.85385,0.94257,0.82444,0.93148,792820.70839166
2025-08-23,0.93267,0.93895,0.89222,0.91626,315077.14598817
2025-08-24,0.91578,0.96466,0.88994,0.91108,501881.25722197
2025-08-25,0.91087,0.92693,0.83131,0.84067,527170.50546209
2025-08-26,0.8385,0.87527,0.82808,0.86791,387825.48124593
2025-08-27,0.86805,0.8791,0.84859,0.85077,373648.99484913
2025-08-28,0.8519,0.88184,0.84301,0.85951,221178.16222197
2025-08-29,0.85943,0.86712,0.81104,0.8302,319169.28229102
2025-08-30,0.82828,0.84432,0.80648,0.82443,94218.47026129
2025-08-31,0.82429,0.83894,0.81138,0.81285,93050.23044788
2025-09-01,0.81159,0.84319,0.7842,0.8006,278247.27193335
2025-09-02,0.80218,0.83609,0.80084,0.83607,115052.42737847
2025-09-03,0.8376,0.84426,0.82791,0.83811,80123.83234276
2025-09-04,0.83878,0.84319,0.80443,0.81493,443463.879436
2025-09-05,0.81092,0.85115,0.80728,0.82986,530571.35080587
2025-09-06,0.83035,0.8343,0.81653,0.81824,191989.72412434
2025-09-07,0.81916,0.84272,0.81916,0.83815,83128.78831338
2025-09-08,0.8364,0.86942,0.83135,0.86509,233039.60537888
2025-09-09,0.86735,0.89387,0.85251,0.8657,390848.17957747
2025-09-10,0.86603,0.89579,0.86112,0.88397,374936.10041659
2025-09-11,0.8855,0.89702,0.86629,0.89509,203222.50018866
2025-09-12,0.89389,0.917,0.8814,0.91693,238819.80279914
2025-09-13,0.91667,0.95313,0.91387,0.92685,457901.00030329
2025-09-14,0.92858,0.92916,0.87814,0.89049,302914.39847681
2025-09-15,0.88991,0.90417,0.85458,0.86402,263009.19857995
2025-09-16,0.8637,0.88468,0.85489,0.88119,201431.81083448
2025-09-17,0.88112,0.91916,0.86152,0.915,236086.81946476
2025-09-18,0.91518,0.93784,0.90022,0.92521,287764.69976644
2025-09-19,0.92707,0.93568,0.88677,0.8924,303630.69479578
2025-09-20,0.89149,0.90829,0.88858,0.89514,63448.63584456
2025-09-21,0.89444,0.9015,0.87615,0.8881,98824.05256772
2025-09-22,0.88483,0.88855,0.79097,0.82547,706379.5937882
2025-09-23,0.82636,0.82992,0.80445,0.80789,221894.7852408
2025-09-24,0.80813,0.83174,0.79091,0.81463,88786.13111988
2025-09-25,0.81394,0.81521,0.75486,0.763,233171.98414163
2025-09-26,0.76605,0.79802,0.75971,0.79316,142079.91959222
2025-09-27,0.79299,0.79594,0.77828,0.78176,64852.11318525
2025-09-28,0.78225,0.81305,0.76668,0.81089,141456.07558432
2025-09-29,0.80911,0.81695,0.78974,0.80779,84779.45503518
2025-09-30,0.80586,0.81147,0.78,0.80764,77088.24609484
2025-10-01,0.80936,0.85036,0.79708,0.85036,221679.27009665
2025-10-02,0.85167,0.87821,0.83694,0.87163,346563.00767117
2025-10-03,0.87079,0.8923,0.85019,0.86472,377960.58950631
2025-10-04,0.8656,0.86845,0.83325,0.8417,161723.0818983
2025-10-05,0.84007,0.88073,0.82709,0.83711,185110.66521641
2025-10-06,0.8365,0.88039,0.832,0.87199,186740.15994886
2025-10-07,0.87272,0.8756,0.81905,0.82166,373195.90792072
2025-10-08,0.82104,0.85173,0.80972,0.83889,403399.75050104
2025-10-09,0.83987,0.83987,0.7942,0.81589,205817.70990057001
2025-10-10,0.81596,0.8249,0.29513,0.63117,4403026.87173054
2025-10-11,0.63893,0.68429,0.61086,0.63264,1305507.25492565
2025-10-12,0.63225,0.7086,0.6213,0.70214,593431.24876814
2025-10-13,0.69872,0.73679,0.69275,0.72832,803320.70526
2025-10-14,0.73,0.73512,0.6641,0.70076,558479.79899264
2025-10-15,0.70034,0.715,0.65801,0.6703,178040.34994973
2025-10-16,0.6691,0.68551,0.63314,0.64522,387121.69786491
2025-10-17,0.64506,0.65653,0.59326,0.62485,843940.16153475
2025-10-18,0.62639,0.64166,0.62386,0.63545,97166.07814108
2025-10-19,0.63648,0.6646,0.6234,0.65268,136143.00724357
2025-10-20,0.65316,0.67598,0.63981,0.66766,71279.83443379
2025-10-21,0.6637,0.68634,0.6377,0.6434,43440.45405128
2025-10-22,0.64276,0.64782,0.60728,0.62327,270992.03942245
2025-10-23,0.6237,0.6535,0.6237,0.63966,128802.57462292
2025-10-24,0.64357,0.66255,0.63987,0.65646,171062.16150528
2025-10-25,0.65677,0.65979,0.64754,0.65492,39028.50590139
2025-10-26,0.65409,0.68653,0.64657,0.68181,158084.49767222
2025-10-27,0.6809,0.69234,0.66472,0.66723,141990.03160178
2025-10-28,0.66684,0.67437,0.63515,0.64653,77680.03056599
2025-10-29,0.64534,0.6581,0.62628,0.64066,135391.79158833
2025-10-30,0.64137,0.64885,0.58846,0.59937,367919.82406844
2025-10-31,0.60236,0.62065,0.59896,0.61074,180002.67108006
2025-11-01,0.60986,0.61806,0.60393,0.61447,119339.03211904
2025-11-02,0.61353,0.61938,0.59329,0.61195,208564.53438454
2025-11-03,0.61147,0.61153,0.53001,0.55133,1151039.2564736
2025-11-04,0.55238,0.56295,0.49098,0.52172,860618.30904569
2025-11-05,0.5224,0.55052,0.49592,0.54696,404310.35490091
2025-11-06,0.54397,0.54609,0.51779,0.53108,535248.58269609
2025-11-07,0.53184,0.58661,0.52152,0.57625,739171.83461577
2025-11-08,0.57838,0.59245,0.55507,0.56938,377333.23126601
2025-11-09,0.56914,0.58365,0.54852,0.57831,374577.00272817
2025-11-10,0.57701,0.60258,0.57581,0.59343,510466.30769215
2025-11-11,0.59332,0.60674,0.55427,0.55704,352347.61673867
2025-11-12,0.55832,0.58122,0.53966,0.54568,268918.7495643
2025-11-13,0.54602,0.57145,0.51551,0.53068,228726.85654013
2025-11-14,0.52844,0.53118,0.49195,0.50198,715925.07299792
2025-11-15,0.50193,0.5158,0.49932,0.50519,285787.11986678
2025-11-16,0.50371,0.50938,0.47622,0.48614,561308.58524065
2025-11-17,0.48604,0.50043,0.45919,0.46796,718119.73721885
2025-11-18,0.46726,0.48316,0.458,0.47531,619236.29320858
2025-11-19,0.4755,0.47856,0.43913,0.46468,428840.71686372
2025-11-20,0.46331,0.47197,0.43,0.43229,397531.65647925
2025-11-21,0.43417,0.43963,0.38862,0.40972,1059771.0466664599
2025-11-22,0.40985,0.41393,0.39203,0.40532,371643.49781463
2025-11-23,0.40556,0.41909,0.40247,0.40951,474400.60345108
2025-11-24,0.40898,0.43482,0.40256,0.4285,581080.49291537
2025-11-25,0.42794,0.42974,0.40509,0.42268,499437.11657809
2025-11-26,0.42302,0.43816,0.4109,0.43544,260716.12098296
2025-11-27,0.43648,0.43911,0.42687,0.43412,262514.05864627997
2025-11-28,0.43323,0.4371,0.41541,0.42041,541287.18593602
2025-11-29,0.42056,0.42224,0.41295,0.41565,125232.61739769
2025-11-30,0.41558,0.42769,0.414,0.41523,314977.86364391
2025-12-01,0.41544,0.41601,0.37107,0.386,961745.77640306
2025-12-02,0.38684,0.43839,0.38591,0.43427,634741.21337288
2025-12-03,0.43509,0.45406,0.42632,0.45031,567593.67726824
2025-12-04,0.45097,0.4559,0.43515,0.43917,345922.10747895
2025-12-05,0.44004,0.4427,0.40949,0.4164,255252.09111354
2025-12-06,0.41456,0.42179,0.41015,0.41334,135441.64529444
2025-12-07,0.41414,0.4349,0.40584,0.41751,395001.45454349
2025-12-08,0.41605,0.44185,0.41558,0.43253,265048.53070478
2025-12-09,0.43303,0.48308,0.42397,0.46953,1007298.77489971
2025-12-10,0.47171,0.47538,0.45262,0.45399,335537.88418505
2025-12-11,0.45416,0.45416,0.40976,0.4254,638523.97758108
2025-12-12,0.42573,0.42924,0.40424,0.40914,406235.64166723
2025-12-13,0.4099,0.41599,0.40631,0.41127,172006.75006108
2025-12-14,0.41083,0.41101,0.39119,0.39699,392575.1329605
2025-12-15,0.39659,0.40631,0.37763,0.38796,342101.68739363
2025-12-16,0.38867,0.39204,0.37902,0.3855,284497.50932719
2025-12-17,0.38555,0.40016,0.36463,0.36748,640133.28347628
2025-12-18,0.36738,0.37889,0.34727,0.35203,952208.92176257
2025-12-19,0.35176,0.38102,0.34694,0.37719,569699.16495475
2025-12-20,0.37689,0.38073,0.37276,0.37363,98690.05527359
2025-12-21,0.37354,0.37504,0.35806,0.36641,212856.96052808999
2025-12-22,0.36695,0.38233,0.36173,0.37066,431519.14458885
2025-12-23,0.37079,0.37454,0.35617,0.36294,124553.40152612
2025-12-24,0.36364,0.36418,0.35222,0.35655,76450.02900584
2025-12-25,0.35653,0.36123,0.33985,0.34392,321484.44790174
2025-12-26,0.34447,0.35766,0.3421,0.34975,202483.90419111
2025-12-27,0.34944,0.37138,0.34924,0.3706,290562.77334075
2025-12-28,0.37126,0.37664,0.36156,0.36922,536945.10128879
2025-12-29,0.36862,0.38439,0.35093,0.35321,568400.26649572
2025-12-30,0.35344,0.3563,0.34816,0.35225,292723.10533944
2025-12-31,0.3517,0.35373,0.33038,0.33374,810231.10887008
2026-01-01,0.33391,0.36095,0.33233,0.35653,347458.26778124
2026-01-02,0.35717,0.39649,0.35494,0.39503,915796.96971652
2026-01-03,0.39466,0.39935,0.38302,0.38898,560913.20795587
2026-01-04,0.38886,0.40548,0.38827,0.39806,583242.74878059
2026-01-05,0.40077,0.42469,0.39299,0.42045,658878.11433558
2026-01-06,0.41997,0.43618,0.40081,0.41921,489938.5142126
2026-01-07,0.41778,0.42185,0.39811,0.40207,404087.19924605
2026-01-08,0.40243,0.40467,0.38545,0.39583,318726.48812124
2026-01-09,0.39588,0.40488,0.38775,0.39077,651748.72069575
2026-01-10,0.39096,0.39262,0.38451,0.38828,148877.86104474
2026-01-11,0.38808,0.39699,0.38361,0.39111,381850.45621296
2026-01-12,0.39036,0.40322,0.38121,0.38586,289301.60975358
2026-01-13,0.38551,0.42639,0.38495,0.422,580301.01988097
2026-01-14,0.42209,0.42663,0.40901,0.41387,416793.28893199
2026-01-15,0.41283,0.41354,0.38858,0.3935,510268.92901201
2026-01-16,0.39356,0.39811,0.37901,0.39523,250520.77060746
2026-01-17,0.39668,0.40393,0.39339,0.39595,54779.90274055
2026-01-18,0.39707,0.39871,0.3751,0.3751,198221.32888359998
2026-01-19,0.375,0.375,0.34435,0.37055,388910.23901192
2026-01-20,0.37009,0.37027,0.34719,0.35139,442317.89299218
2026-01-21,0.35182,0.374,0.34688,0.36618,477135.60751274
2026-01-22,0.36625,0.36905,0.3561,0.35931,172049.99872714
2026-01-23,0.35947,0.37055,0.35258,0.36081,185193.41463144
2026-01-24,0.36155,0.3628,0.35668,0.35834,260025.42966585
2026-01-25,0.35775,0.36012,0.33284,0.33913,426543.0022544
2026-01-26,0.33915,0.35905,0.33915,0.35372,181868.77299662
2026-01-27,0.35238,0.36358,0.34786,0.36069,164302.30202481
2026-01-28,0.36069,0.36482,0.35483,0.35831,197817.28798254
2026-01-29,0.35854,0.35907,0.32698,0.33423,864523.84861535
2026-01-30,0.33462,0.33578,0.31651,0.32096,639887.85258403
2026-01-31,0.32104,0.32216,0.27092,0.29392,1440124.57086674
2026-02-01,0.29347,0.29897,0.27903,0.28603,1068925.88985355
2026-02-02,0.28599,0.30355,0.27625,0.29948,1060221.88790137
2026-02-03,0.29966,0.3047,0.28218,0.29203,947302.55774409
2026-02-04,0.29166,0.30294,0.28046,0.28674,1397915.16838975
2026-02-05,0.28663,0.29,0.24335,0.24531,2437404.4964179
2026-02-06,0.24614,0.2839,0.22146,0.27639,2108977.2704347
2026-02-07,0.27584,0.28009,0.26619,0.27301,778639.07195359
2026-02-08,0.27201,0.27655,0.26688,0.27027,336784.69263433
2026-02-09,0.27073,0.27423,0.26,0.27028,467249.70134031
2026-02-10,0.27077,0.27077,0.25972,0.26225,76677.66712524
2026-02-11,0.26239,0.26492,0.25106,0.25625,150323.75837626
2026-02-12,0.25662,0.26939,0.25662,0.26532,132397.12395103
2026-02-13,0.2656,0.27579,0.25871,0.27349,79915.83570885
2026-02-14,0.27369,0.30074,0.27317,0.295,367940.71114647
2026-02-15,0.29541,0.30213,0.27778,0.28195,483371.28761999
2026-02-16,0.28227,0.28877,0.27754,0.28635,122464.56690572
2026-02-17,0.28664,0.28987,0.27774,0.28168,129332.14238846
2026-02-18,0.28196,0.2875,0.27174,0.27423,129988.35919289
2026-02-19,0.27378,0.27764,0.26715,0.27333,188044.19823028
2026-02-20,0.27336,0.29412,0.26992,0.28464,652345.61214134
2026-02-21,0.28567,0.28698,0.2791,0.28034,171335.50216184
2026-02-22,0.2796,0.28053,0.26921,0.27218,60827.564049810004
2026-02-23,0.27193,0.27541,0.25807,0.26193,166681.48410699
2026-02-24,0.26372,0.26505,0.25419,0.2587,134448.16062359
2026-02-25,0.2587,0.3134,0.2587,0.29735,864454.00642837
2026-02-26,0.29792,0.30087,0.28317,0.28768,325868.42859678
2026-02-27,0.28742,0.29612,0.2734,0.27797,231023.5476636
2026-02-28,0.27687,0.28408,0.25937,0.28149,1021284.73938156
2026-03-01,0.28156,0.29217,0.26907,0.27355,295021.22286659
2026-03-02,0.2731,0.28863,0.26917,0.2773,587973.67216009
2026-03-03,0.27694,0.27697,0.26051,0.263,415573.31955434
2026-03-04,0.26222,0.28495,0.25853,0.27624,1074822.95174875
2026-03-05,0.27566,0.27803,0.2653,0.26903,615148.47882742
2026-03-06,0.26887,0.27183,0.25553,0.25886,617957.45053277
2026-03-07,0.25944,0.26094,0.25176,0.25436,706092.11219507
2026-03-08,0.25461,0.25707,0.24596,0.24908,261706.34180148
2026-03-09,0.24991,0.26242,0.24876,0.25498,450362.62124921
2026-03-10,0.25543,0.27436,0.25529,0.26213,533940.25008795
2026-03-11,0.26186,0.26774,0.25695,0.2621,481159.71811609
2026-03-12,0.26305,0.26577,0.25822,0.26346,317570.55547294
2026-03-13,0.26289,0.28092,0.26289,0.26531,519146.89821617
2026-03-14,0.26473,0.2664,0.25844,0.26364,473192.15790933
2026-03-15,0.26354,0.2716,0.26133,0.26994,235285.52150776
2026-03-16,0.27048,0.29319,0.26898,0.29008,1278995.15887319
2026-03-17,0.28983,0.29291,0.28186,0.28853,468253.38164444
2026-03-18,0.28953,0.29531,0.26989,0.27413,498359.03688913997
2026-03-19,0.27428,0.27624,0.26273,0.26704,311919.5061012
2026-03-20,0.26786,0.2728,0.26153,0.26652,240188.68028704
2026-03-21,0.26646,0.26725,0.2554,0.25735,269478.78785271
2026-03-22,0.25706,0.2599,0.24735,0.25085,424806.35967964
2026-03-23,0.25103,0.26665,0.24784,0.26159,524514.56762913
2026-03-24,0.26244,0.26818,0.25802,0.26663,267953.06593082
2026-03-25,0.26674,0.27154,0.26575,0.27111,113237.43450886
2026-03-26,0.27098,0.27098,0.25314,0.25496,112724.96514289
2026-03-27,0.25497,0.25607,0.24439,0.24639,465296.88520197
2026-03-28,0.24639,0.25273,0.24421,0.2453,95904.66367784
2026-03-29,0.24629,0.24693,0.23315,0.23981,313956.74681256
2026-03-30,0.23999,0.25259,0.23974,0.243,279416.54648172
2026-03-31,0.24386,0.24921,0.23418,0.24149,307397.67281324
2026-04-01,0.24212,0.25444,0.24171,0.2481,582665.58503959
2026-04-02,0.24816,0.25043,0.23484,0.23915,1398843.76043248
2026-04-03,0.24002,0.25161,0.239,0.24522,564313.09379314
2026-04-04,0.24627,0.24981,0.24314,0.24787,731650.82230583
2026-04-05,0.24781,0.25087,0.2399,0.25056,805412.8223935
2026-04-06,0.25062,0.26,0.24485,0.24592,992073.2849292
2026-04-07,0.24553,0.26597,0.23973,0.26272,831534.66013458
2026-04-08,0.26341,0.2641,0.25019,0.25045,432325.28829108
2026-04-09,0.2504,0.26084,0.24799,0.25358,182045.66578251
2026-04-10,0.25406,0.25873,0.24984,0.25389,219559.31580018
2026-04-11,0.25337,0.25533,0.247,0.24973,248534.90692722
2026-04-12,0.24907,0.2505,0.23538,0.23568,446520.94414095
2026-04-13,0.2365,0.24896,0.2365,0.24786,355024.75260232
2026-04-14,0.24878,0.24933,0.23833,0.23947,191468.67165194
2026-04-15,0.2401,0.2504,0.23826,0.24578,594073.13403601
2026-04-16,0.24622,0.26103,0.24383,0.2595,368816.35993126
2026-04-17,0.25905,0.26784,0.25228,0.25888,846040.20870251
2026-04-18,0.25888,0.25941,0.24731,0.24942,232495.97727521
2026-04-19,0.24933,0.25058,0.24105,0.24251,331761.75836924
2026-04-20,0.2422,0.25162,0.2422,0.24826,95421.18209179
2026-04-21,0.24834,0.2523,0.24398,0.2495,189549.73932554
2026-04-22,0.25002,0.25805,0.2485,0.24879,239968.96918083
2026-04-23,0.24823,0.25066,0.24489,0.25023,91381.27031767
2026-04-24,0.25048,0.25285,0.24751,0.25023,70624.12738790001
2026-04-25,0.25009,0.25373,0.24828,0.25014,225467.83755029002
2026-04-26,0.24984,0.25397,0.24859,0.25299,223161.08318531
2026-04-27,0.25278,0.25596,0.24279,0.24829,247065.48356456
2026-04-28,0.24789,0.24887,0.24419,0.24686,146633.16116364
2026-04-29,0.24687,0.25407,0.23847,0.2448,697229.48804497
2026-04-30,0.2448,0.24864,0.24477,0.24626,202055.02246757
2026-05-01,0.24637,0.25106,0.2461,0.24808,65462.2976558
2026-05-02,0.24801,0.25245,0.24696,0.25013,61259.31236437
2026-05-03,0.25018,0.25155,0.24753,0.24952,91376.60262647
2026-05-04,0.24935,0.25517,0.247,0.25001,1579373.74586451
2026-05-05,0.25014,0.26561,0.24981,0.2623,338710.58184468
2026-05-06,0.26212,0.27355,0.26003,0.26668,359426.38873884
2026-05-07,0.26687,0.26997,0.2599,0.26247,1210230.3046413
2026-05-08,0.26268,0.27833,0.25998,0.27307,270456.07784094
2026-05-09,0.27352,0.27843,0.26937,0.27075,265775.18180713
2026-05-10,0.27072,0.28847,0.26833,0.28203,471947.4879583
2026-05-11,0.28255,0.28333,0.27412,0.28029,367081.16227542
2026-05-12,0.28017,0.28167,0.26685,0.27112,666489.61202852
2026-05-13,0.2709,0.27749,0.26146,0.26455,344755.33791522
2026-05-14,0.26497,0.27989,0.26207,0.27028,390959.66451505
2026-05-15,0.27074,0.27249,0.2568,0.26152,452102.39546296
2026-05-16,0.26135,0.26217,0.25229,0.25453,212819.3065745
2026-05-17,0.25514,0.2578,0.24665,0.2518,1447288.94541249
2026-05-18,0.25155,0.25297,0.24661,0.25178,269179.83524006
2026-05-19,0.25249,0.25351,0.24705,0.249,63145.24914795
2026-05-20,0.24825,0.25135,0.24697,0.24949,105415.74792299
2026-05-21,0.24977,0.25354,0.24573,0.25067,413729.54284589
2026-05-22,0.25125,0.25428,0.23796,0.24259,533125.77133224
2026-05-23,0.24298,0.25079,0.23597,0.24653,242103.66296984
2026-05-24,0.24672,0.24672,0.23909,0.24263,96090.32896213
2026-05-25,0.24285,0.248,0.24076,0.24408,76317.61608852
2026-05-26,0.24411,0.24717,0.23818,0.24047,112080.82170091
2026-05-27,0.24043,0.24305,0.23586,0.23743,266233.89924446
2026-05-28,0.23757,0.23864,0.22799,0.23497,169785.13433832
2026-05-29,0.23517,0.23803,0.23002,0.23314,386559.72808183
2026-05-30,0.23315,0.2391,0.23315,0.23564,188559.03406584
2026-05-31,0.23673,0.23906,0.23188,0.23588,104384.514664
2026-06-01,0.23608,0.23729,0.2256,0.23125,136248.47103235
2026-06-02,0.23174,0.23174,0.20993,0.2129,414607.61193231
2026-06-03,0.2129,0.21807,0.2,0.2004,366707.97488637
2026-06-04,0.20046,0.20099,0.17894,0.17971,533069.27492773
2026-06-05,0.17951,0.17951,0.15479,0.15719,1983285.53728949
2026-06-06,0.15818,0.16295,0.14891,0.15715,2471800.74401196
2026-06-07,0.15789,0.16875,0.15714,0.16512,937857.73422756
2026-06-08,0.16594,0.17428,0.16027,0.17043,290992.70105414
2026-06-09,0.17108,0.17108,0.16076,0.16513,723291.29467427
2026-06-10,0.16576,0.16687,0.15844,0.1613,1237714.00700226
2026-06-11,0.16088,0.172,0.16088,0.17027,630919.73416986
2026-06-12,0.17099,0.17493,0.1679,0.16991,796156.05027133
2026-06-13,0.16972,0.17547,0.16905,0.17153,397032.5573816
2026-06-14,0.17195,0.18346,0.16514,0.18317,272843.70159526
2026-06-15,0.1831,0.18988,0.17652,0.17852,1250477.18356304
2026-06-16,0.17853,0.18103,0.17182,0.17203,270269.08294299
2026-06-17,0.17267,0.17451,0.1633,0.16631,281679.24321354
2026-06-18,0.16692,0.16833,0.15985,0.16346,477905.70796519
2026-06-19,0.16372,0.16571,0.15879,0.16231,501865.98967798
2026-06-20,0.16233,0.16473,0.15996,0.16335,61931.50165311
2026-06-21,0.16378,0.16378,0.15605,0.15605,208520.36441013
2026-06-22,0.15684,0.16319,0.15684,0.15822,96000.06608794
2026-06-23,0.15882,0.16019,0.14916,0.15197,147665.79986501
2026-06-24,0.15183,0.15431,0.14,0.14756,844049.9439223
2026-06-25,0.14817,0.15078,0.13864,0.14362,1972460.82364869
2026-06-26,0.14425,0.14994,0.13925,0.14799,802776.44050093
2026-06-27,0.14878,0.14965,0.14488,0.14536,78789.51061037
2026-06-28,0.14541,0.14598,0.14099,0.14401,85710.04138911
2026-06-29,0.14282,0.14785,0.1422,0.14569,669517.62655923
2026-06-30,0.14544,0.14634,0.14249,0.14367,432978.88208561
2026-07-01,0.14437,0.15908,0.14184,0.15451,899781.55107688
2026-07-02,0.15354,0.16326,0.15346,0.16156,1494191.15986704
2026-07-03,0.16169,0.18336,0.16084,0.18056,1520050.69690546
2026-07-04,0.17987,0.19978,0.17533,0.19217,1021063.54239676
2026-07-05,0.19232,0.1949,0.18536,0.18973,259238.06221074
2026-07-06,0.18964,0.19057,0.17838,0.18422,221031.49505967
2026-07-07,0.1838,0.18493,0.17375,0.17448,124865.95758546
2026-07-08,0.17458,0.17602,0.1651,0.16716,505829.17735209
2026-07-09,0.16679,0.1708,0.16518,0.16635,189011.37337697
2026-07-10,0.1664,0.16974,0.16536,0.16658,1068387.41221059
2026-07-11,0.16667,0.17433,0.16569,0.16631,231419.16330985
2026-07-12,0.16569,0.16656,0.16123,0.16228,641753.35684775
2026-07-13,0.16194,0.16432,0.15531,0.15807,349941.22472079
2026-07-14,0.15751,0.16812,0.15653,0.16544,270257.46978863
2026-07-15,0.1658,0.16949,0.16228,0.16526,238441.49576134
2026-07-16,0.16526,0.16649,0.16004,0.16068,115225.96327747
2026-07-17,0.16094,0.16769,0.15792,0.16663,258349.55646566
2026-07-18,0.16691,0.16949,0.16377,0.16715,306329.90800581
2026-07-19,0.16727,0.16882,0.16404,0.16599,46727.40588451
2026-07-20,0.16591,0.17194,0.16066,0.16993,199713.88520312
2026-07-21,0.17019,0.17798,0.16975,0.17387,497296.62120356
2026-07-22,0.1738,0.18082,0.17063,0.17449,478447.83583203
2026-07-23,0.17432,0.17641,0.16834,0.16862,57754.40823659
2026-07-24,0.16818,0.16837,0.16272,0.16403,50637.65157172
2026-07-25,0.16435,0.167,0.16173,0.16486,51768.16235083
2026-07-26,0.16488,0.16649,0.16433,0.16592,159243.11522695
2026-07-27,0.16551,0.16714,0.15407,0.15553,722275.64177416
2026-07-28,0.15597,0.16325,0.15324,0.16164,79287.41708215
2026-07-29,0.16191,0.17056,0.16063,0.1621,595600.7345139
2026-07-30,0.16191,0.17618,0.16176,0.16995,1070471.58698293
2026-07-31,0.16964,0.17288,0.16672,0.16791,262240.71797014
2026-08-01,0.16867,0.17676,0.16867,0.17435,189234.08798152
2026-08-02,0.17444,0.18574,0.17304,0.18571,787635.86549369
