time,open,high,low,close,volume
2017-03-03,42.99,51.878,42.99,47.853,3898.129751500001
2017-03-04,47.778,76.841,43.326,43.789,10396.72388396
2017-03-05,43.767,44.974,40.0,42.769,4512.00407545
2017-03-06,42.768,47.576,42.768,46.382,3840.578741460003
2017-03-07,46.545,46.89,43.501,45.927,1278.2362945200002
2017-03-08,45.333,45.755,42.004,42.5,1399.4561271
2017-03-09,42.478,53.971,41.4,51.66,8123.234712390003
2017-03-10,51.195,56.988,43.001,50.235,7557.564017230017
2017-03-11,50.5,74.181,50.0,72.0,17862.593880410008
2017-03-12,73.301,80.991,64.5,78.0,9005.318247640002
2017-03-13,77.032,82.097,69.232,75.0,12564.94950683001
2017-03-14,75.0,93.801,73.01,88.7,24869.776766840005
2017-03-15,88.256,105.42,85.506,96.85,55069.23193014
2017-03-16,96.532,99.447,79.34,89.0,36199.196379619585
2017-03-17,87.859,99.099,79.6,96.0,25644.37001475992
2017-03-18,96.0,115.0,91.633,107.91,55131.81005240909
2017-03-19,107.36,112.13,96.0,104.99,25550.428690679953
2017-03-20,106.41,109.99,98.0,98.15,11987.001357440007
2017-03-21,98.15,103.0,89.452,95.0,29555.92719943988
2017-03-22,95.0,108.0,88.909,101.1,20535.601031820028
2017-03-23,100.7,103.02,97.501,101.52,4070.750841749997
2017-03-24,101.77,107.79,85.01,94.4,24617.827748810014
2017-03-25,93.01,99.842,86.1,93.148,11496.239885060058
2017-03-26,93.346,95.705,90.0,93.929,6424.046275090005
2017-03-27,92.0,93.198,76.261,84.319,32757.3357407198
2017-03-28,83.897,90.0,80.284,86.924,8284.512300830043
2017-03-29,87.598,87.599,82.0,84.401,15527.460668420024
2017-03-30,84.971,85.0,75.6,78.779,19035.730299430026
2017-03-31,77.727,78.231,64.8,72.451,51754.8161161599
2017-04-01,72.371,72.8,66.5,68.226,11232.227222210007
2017-04-02,68.226,70.472,53.8,57.0,38846.102051010006
2017-04-03,56.042,68.2,47.53,63.866,60848.80452926
2017-04-04,63.371,72.219,56.51,69.494,31499.926542349967
2017-04-05,69.228,78.996,65.481,75.389,22711.60564951001
2017-04-06,75.003,75.499,65.2,67.094,15842.313386390084
2017-04-07,67.236,71.198,65.0,67.4,9217.552748349997
2017-04-08,67.116,70.9,66.624,68.485,7816.9195602599875
2017-04-09,68.704,69.989,65.78,66.381,5730.329274329961
2017-04-10,66.39,67.0,60.551,62.889,9780.817344860001
2017-04-11,63.421,64.29,60.45,61.907,10333.75510042003
2017-04-12,62.26,69.886,60.51,69.671,22362.281899330006
2017-04-13,69.6,77.767,66.96,73.5,25487.933042539826
2017-04-14,73.5,74.789,70.1,72.723,13664.195590630037
2017-04-15,72.685,79.998,71.018,76.793,12141.93071887996
2017-04-16,76.756,78.766,75.812,77.06,5205.423623570011
2017-04-17,77.07,79.31,75.53,78.202,4765.586944379999
2017-04-18,78.14,78.9,73.105,75.659,6718.309155779998
2017-04-19,75.98,78.973,74.75,74.9,2723.9399529199973
2017-04-20,74.927,76.497,74.05,75.7,3153.1702928000004
2017-04-21,75.557,77.959,74.856,76.147,5765.2598897200105
2017-04-22,76.444,78.0,75.51,77.296,2914.326436549999
2017-04-23,77.257,78.4,76.4,76.833,1763.4596929900003
2017-04-24,76.837,78.1,76.0,77.789,3876.0715238300036
2017-04-25,77.79,78.8,77.077,78.234,4582.47964081
2017-04-26,77.838,78.6,76.415,78.322,2914.2736816900015
2017-04-27,78.225,89.0,77.549,85.266,13373.608833930035
2017-04-28,85.284,87.068,82.755,85.685,7141.024182979998
2017-04-29,86.115,109.27,86.047,102.46,46507.16523612997
2017-04-30,101.97,105.3,95.65,98.011,11159.650020810013
2017-05-01,98.3,103.5,90.01,94.816,22219.535439460058
2017-05-02,94.794,96.481,90.06,92.399,16776.642654079973
2017-05-03,92.384,97.8,91.01,97.567,15932.735838150036
2017-05-04,97.564,101.97,92.746,97.36,23770.748265459966
2017-05-05,97.267,108.2,95.501,98.378,26748.97589514983
2017-05-06,98.6,103.03,97.209,100.98,6223.469035969997
2017-05-07,100.73,114.0,99.014,108.7,19324.54786161003
2017-05-08,108.72,109.7,96.5,99.999,12885.553642079954
2017-05-09,99.361,102.96,82.0,92.78,26724.650888730055
2017-05-10,92.325,97.407,90.916,91.929,5169.299164289996
2017-05-11,92.05,95.09,90.3,92.289,5077.25523804
2017-05-12,92.646,93.945,87.125,88.001,4030.3147773200103
2017-05-13,88.003,91.212,85.401,91.156,7171.147749510019
2017-05-14,91.074,93.0,90.0,91.054,832.3317552799978
2017-05-15,91.45,94.0,83.028,94.0,7907.633600490007
2017-05-16,93.985,94.0,86.523,87.367,2621.8134462600005
2017-05-17,87.359,95.0,80.173,85.051,14667.966689560015
2017-05-18,85.061,92.98,84.625,92.446,5987.759495960009
2017-05-19,92.341,102.5,90.0,98.345,16171.555839480077
2017-05-20,98.821,106.0,98.396,100.67,11072.79742541023
2017-05-21,100.65,102.14,97.504,100.81,5080.241149619992
2017-05-22,101.23,143.93,95.0,116.6,64854.06623115805
2017-05-23,116.86,139.0,114.0,133.73,21501.601952049907
2017-05-24,133.73,166.84,133.73,142.13,33611.43915754988
2017-05-25,140.25,144.02,116.0,117.98,22919.126080229966
2017-05-26,118.02,135.0,106.45,109.67,15861.65654909997
2017-05-27,108.48,113.8,84.0,96.496,25127.764250099975
2017-05-28,96.573,112.33,96.002,102.24,10935.05059600005
2017-05-29,103.27,116.0,99.027,114.65,8499.422150280012
2017-05-30,114.69,124.64,112.0,118.23,13257.453003459981
2017-05-31,118.68,138.43,110.02,131.15,14142.80813614021
2017-06-01,131.31,144.19,125.0,131.12,13430.97407129015
2017-06-02,131.5,141.97,130.01,141.93,6586.633842720008
2017-06-03,142.0,145.0,138.0,140.17,5270.796569660007
2017-06-04,139.86,142.38,136.0,142.35,3556.813225349991
2017-06-05,142.36,144.88,137.92,142.13,5382.563403490021
2017-06-06,142.03,146.6,129.0,144.69,17601.251477539943
2017-06-07,144.68,152.6,133.44,137.22,14280.446405740006
2017-06-08,136.5,144.99,135.22,144.05,4169.848605759987
2017-06-09,143.96,149.75,143.35,148.61,2949.350867249998
2017-06-10,148.61,151.92,141.29,146.8,5972.448668560009
2017-06-11,147.98,199.0,147.98,186.0,47366.067940529836
2017-06-12,186.01,194.65,150.0,165.33,16396.050059820518
2017-06-13,164.09,181.7,164.09,180.9,10517.848419440057
2017-06-14,179.19,190.0,146.55,156.71,29177.839935729786
2017-06-15,154.94,160.9,132.03,157.0,11498.577489170046
2017-06-16,157.01,162.0,149.26,159.72,3311.8631930800034
2017-06-17,159.63,185.6,153.0,178.0,13233.089271360013
2017-06-18,178.0,188.0,169.0,188.0,7195.575616020145
2017-06-19,187.94,198.0,185.93,195.31,12373.561588660115
2017-06-20,196.77,199.0,180.0,188.53,7636.480720730006
2017-06-21,187.22,193.56,169.0,178.38,4961.174056780002
2017-06-22,178.38,186.5,173.5,181.05,3212.6673928499936
2017-06-23,180.76,189.78,179.73,185.0,1866.7774316999999
2017-06-24,184.24,185.9,170.5,175.03,2428.778218559996
2017-06-25,174.12,176.77,159.0,165.32,7549.559721960019
2017-06-26,164.76,167.45,141.15,161.16,11908.43332635004
2017-06-27,160.96,172.76,142.25,172.2,10209.514457389985
2017-06-28,172.79,183.03,166.62,181.17,9478.103810780018
2017-06-29,178.98,180.65,166.0,173.59,7120.424685520008
2017-06-30,173.62,181.19,173.02,173.82,3969.4702141699963
2017-07-01,174.26,177.0,157.0,158.69,4467.156168289997
2017-07-02,158.99,170.5,157.0,169.6,3060.4174583300014
2017-07-03,170.37,183.0,167.39,178.21,4888.242833170005
2017-07-04,178.21,188.06,177.02,182.33,4199.792011999989
2017-07-05,182.23,213.05,178.25,208.37,20010.390027769936
2017-07-06,208.5,225.55,202.0,208.14,16112.648933120068
2017-07-07,208.05,210.37,185.62,190.34,8850.09814625003
2017-07-08,190.51,210.0,183.33,210.0,9648.962678110027
2017-07-09,209.99,211.0,194.0,194.5,4119.835993879995
2017-07-10,195.62,198.11,165.0,170.0,10722.905114760022
2017-07-11,170.51,179.4,152.01,163.0,14367.846524810075
2017-07-12,163.0,179.12,152.32,178.5,6559.716792250027
2017-07-13,178.64,181.99,163.53,169.32,6328.66895095
2017-07-14,169.58,171.99,152.04,160.22,4437.99074507
2017-07-15,160.69,161.97,136.84,138.53,12956.4546538
2017-07-16,138.65,144.13,120.0,131.21,21927.69792021
2017-07-17,133.2,153.8,132.68,152.94,9192.4621639
2017-07-18,152.75,166.6,145.0,156.16,7269.32103014
2017-07-19,157.12,170.49,152.18,154.54,5105.62798448
2017-07-20,154.91,196.0,154.91,190.91,18637.63437307
2017-07-21,190.94,198.0,180.76,185.84,9004.65055096
2017-07-22,185.82,198.72,185.18,198.46,5003.3100221
2017-07-23,197.29,199.0,186.36,193.22,3224.66815824
2017-07-24,191.82,218.95,190.0,206.0,14018.7088625
2017-07-25,206.0,213.79,184.03,192.13,9903.18250356
2017-07-26,192.13,202.24,183.51,194.15,6340.35548778
2017-07-27,193.03,199.66,190.89,193.4,6956.16687157
2017-07-28,193.98,196.46,180.07,185.46,6584.44757582
2017-07-29,185.12,187.99,168.67,185.57,9628.93985569
2017-07-30,185.3,188.0,169.78,171.52,5133.18816524
2017-07-31,170.22,179.78,168.0,176.19,4874.1232345299995
2017-08-01,176.23,186.0,174.2,184.31,11907.43224219
2017-08-02,184.38,185.67,180.0,182.06,3829.29512307
2017-08-03,182.81,191.67,178.21,187.8,4550.25119938
2017-08-04,187.82,191.17,185.7,187.19,4129.44465399
2017-08-05,186.31,197.5,185.7,193.0,9447.15265632
2017-08-06,192.88,196.41,188.5,188.8,3610.40133899
2017-08-07,188.8,199.06,186.83,196.58,8288.67206477
2017-08-08,196.38,206.43,191.57,204.66,4760.40704534
2017-08-09,203.03,206.66,191.35,199.01,5288.40373452
2017-08-10,199.07,207.04,194.09,200.31,5908.28812948
2017-08-11,200.0,208.9,198.0,205.84,5396.99563538
2017-08-12,205.41,211.18,200.0,204.36,6235.1017279200005
2017-08-13,204.46,208.56,190.72,197.72,9160.25121031
2017-08-14,197.68,203.76,193.6,199.42,5601.07865876
2017-08-15,199.18,205.8,190.0,202.99,9018.7722509
2017-08-16,203.21,234.95,197.61,231.39,16862.58459795
2017-08-17,231.2,262.78,227.88,234.32,28259.53758848
2017-08-18,232.73,240.0,216.83,222.09,7005.2895725
2017-08-19,222.7,318.99,222.42,285.0,40957.16559341
2017-08-20,285.0,323.99,282.01,291.11,17862.77435607
2017-08-21,291.98,299.0,275.01,281.46,6534.95693342
2017-08-22,281.47,302.87,252.7,291.26,14516.83028791
2017-08-23,291.37,297.55,285.96,292.5,6891.23906032
2017-08-24,292.5,314.7,289.75,314.53,7426.0290286
2017-08-25,314.44,320.99,305.22,314.08,9161.61724958
2017-08-26,314.0,412.77,313.75,396.2,37841.15237275
2017-08-27,396.99,398.94,355.14,361.68,13942.80628569
2017-08-28,362.93,368.97,346.0,355.9,8796.61561075
2017-08-29,356.43,369.5,351.8,358.89,8319.69631327
2017-08-30,360.9,376.91,358.76,372.14,5290.24202081
2017-08-31,372.99,383.99,369.06,379.8,5401.5777019
2017-09-01,381.9,396.78,375.11,395.92,11094.41788942
2017-09-02,396.78,401.01,328.01,348.84,18172.30258297
2017-09-03,351.33,374.4,333.55,356.2,9140.96957713
2017-09-04,357.0,360.21,294.97,314.08,15950.38252123
2017-09-05,313.97,333.73,279.84,325.88,27552.8390239
2017-09-06,328.43,353.62,323.32,349.01,8027.09867865
2017-09-07,348.55,352.97,333.14,346.21,4635.36135074
2017-09-08,345.78,372.83,313.59,330.02,16824.29257778
2017-09-09,330.57,334.23,312.63,324.86,8822.27494228
2017-09-10,324.25,328.66,295.45,324.51,10934.69226418
2017-09-11,324.64,333.4,315.0,317.96,9281.35960208
2017-09-12,318.04,331.1,317.96,324.67,13397.83362359
2017-09-13,325.39,325.55,283.16,297.2,7550.03564861
2017-09-14,298.33,302.78,238.0,240.21,17045.63466122
2017-09-15,240.16,300.0,219.6,285.0,24810.02137482
2017-09-16,285.14,304.98,275.0,299.94,10394.23124747
2017-09-17,300.0,316.5,275.0,311.44,8322.47190531
2017-09-18,313.58,339.94,311.61,335.14,10832.60116723
2017-09-19,335.15,336.0,311.36,324.46,7282.17410679
2017-09-20,323.78,350.0,315.98,342.81,15110.60508044
2017-09-21,342.79,370.0,320.67,329.28,35816.56901308
2017-09-22,329.29,358.47,326.86,342.2,18065.91771161
2017-09-23,342.19,359.03,335.27,350.93,11714.34225239
2017-09-24,350.95,359.13,327.0,329.88,15837.95478122
2017-09-25,328.96,352.01,328.96,349.09,13316.3851451
2017-09-26,348.09,355.75,339.05,341.36,6878.5824763499995
2017-09-27,341.36,355.0,335.7,351.27,9867.5803047
2017-09-28,351.3,352.21,335.67,341.37,8345.23313002
2017-09-29,341.38,344.23,318.1,329.48,13651.06124882
2017-09-30,328.79,335.47,328.0,329.64,5956.14919335
2017-10-01,329.59,330.62,313.09,316.04,6590.7674781900005
2017-10-02,316.06,322.55,305.4,307.81,5249.18566651
2017-10-03,307.82,310.39,289.1,295.68,7981.88052687
2017-10-04,296.29,317.3,294.62,303.44,11565.28742609
2017-10-05,302.45,310.97,292.4,305.46,6919.46748592
2017-10-06,305.54,312.9,303.03,306.48,5063.07515397
2017-10-07,306.45,315.0,301.04,311.34,3673.08650966
2017-10-08,311.14,317.71,300.53,300.53,6619.27567784
2017-10-09,302.18,302.3,270.1,282.8,17354.17308192
2017-10-10,283.03,297.21,279.28,291.46,6194.09095217
2017-10-11,290.11,301.93,285.05,298.1,5309.20423621
2017-10-12,298.1,299.24,287.2,290.86,6037.09538757
2017-10-13,290.86,311.53,287.17,309.53,16646.08316187
2017-10-14,309.29,319.66,303.98,316.81,9126.65779216
2017-10-15,316.23,317.51,290.0,308.84,12360.56862514
2017-10-16,309.26,313.08,295.57,302.37,12215.3404116
2017-10-17,302.29,302.5,295.0,298.38,11479.62779867
2017-10-18,299.89,300.0,277.5,296.07,11633.80482976
2017-10-19,296.08,299.99,290.0,293.33,3652.15327538
2017-10-20,293.99,301.96,286.51,287.2,11119.76446605
2017-10-21,287.57,291.95,270.0,275.49,9998.5574181
2017-10-22,276.52,284.07,256.51,274.51,18546.57832271
2017-10-23,274.01,289.12,261.11,278.71,13411.8097036
2017-10-24,280.71,300.99,270.32,290.2,19322.33728047
2017-10-25,290.18,297.96,280.41,286.01,6557.89148865
2017-10-26,286.0,290.0,275.45,285.88,10231.36699096
2017-10-27,285.38,288.0,277.12,281.0,7811.70780517
2017-10-28,281.0,286.73,257.36,273.36,18307.75825468
2017-10-29,273.62,290.0,272.89,284.26,10429.81588583
2017-10-30,284.26,288.5,281.58,284.71,5480.97740089
2017-10-31,285.56,286.58,277.0,277.0,6736.91952385
2017-11-01,277.0,279.2,269.02,269.2,8775.86089358
2017-11-02,269.2,271.94,247.59,264.46,17847.89456533
2017-11-03,262.41,280.99,252.18,276.07,16394.27139103
2017-11-04,276.09,280.0,257.1,273.23,15685.09642762
2017-11-05,273.52,275.98,268.51,271.45,5511.58135699
2017-11-06,272.01,279.69,264.31,272.62,11421.89152854
2017-11-07,273.8,303.0,273.61,288.76,27119.94104518
2017-11-08,288.77,316.95,285.0,314.48,32006.1672175
2017-11-09,313.67,338.0,310.21,325.94,29572.24548561
2017-11-10,325.93,352.41,305.12,328.71,37968.71014227
2017-11-11,328.4,350.51,315.13,342.28,23203.1614763
2017-11-12,342.39,493.77,310.0,484.99,137164.61144468
2017-11-13,484.99,494.53,394.0,421.33,78995.43177604
2017-11-14,421.28,440.0,400.0,422.46,29024.07265244
2017-11-15,422.0,441.49,408.54,422.0,19585.58596702
2017-11-16,420.74,427.27,408.78,420.2,20297.09570121
2017-11-17,421.29,444.93,411.0,423.8,26828.46720411
2017-11-18,424.48,478.98,421.0,454.0,39429.89594306
2017-11-19,453.68,455.0,423.94,442.3,17345.42282876
2017-11-20,442.3,496.8,437.0,475.89,18099.81055591
2017-11-21,475.85,525.0,451.53,493.13,61689.91815128
2017-11-22,493.13,596.87,492.12,573.36,65182.10741622
2017-11-23,573.35,584.36,547.0,557.23,31125.47532582
2017-11-24,557.36,568.92,541.11,561.06,16750.78332313
2017-11-25,562.82,655.74,559.79,636.94,42264.60686651
2017-11-26,636.93,644.91,612.0,617.54,23404.31335462
2017-11-27,617.54,642.0,598.14,623.6,19667.71054533
2017-11-28,623.28,630.91,600.0,607.72,20007.19307025
2017-11-29,609.0,766.06,580.0,661.34,92062.97170907
2017-11-30,663.23,811.72,637.71,757.06,98426.97946249
2017-12-01,756.28,794.89,728.65,783.45,35052.05976385
2017-12-02,785.5,793.47,750.0,764.43,21293.97987593
2017-12-03,764.43,810.73,718.44,759.94,27621.23580004
2017-12-04,758.21,770.5,724.67,766.0,15496.82335284
2017-12-05,766.0,768.79,728.0,729.89,17797.70438598
2017-12-06,729.89,763.99,641.51,664.06,34704.13498958
2017-12-07,666.45,689.19,617.37,659.76,32201.57346634
2017-12-08,659.78,745.59,620.0,699.31,45275.65230709
2017-12-09,697.22,750.0,688.98,703.08,31245.74133927
2017-12-10,704.38,704.38,625.31,676.78,27541.53213683
2017-12-11,676.91,762.85,675.53,760.79,19443.06535062
2017-12-12,760.8,948.13,730.0,926.99,43801.90063886
2017-12-13,927.0,945.0,784.21,876.25,38904.20421197
2017-12-14,873.4,982.34,840.0,927.4,30117.87704143
2017-12-15,927.54,940.0,828.0,892.0,21622.39864407
2017-12-16,893.0,990.0,881.1,990.0,17348.10532741
2017-12-17,989.99,1157.3,989.02,1085.0,50497.89599487
2017-12-18,1081.5,1190.0,1014.7,1141.6,27915.49444951
2017-12-19,1141.5,1223.4,1072.6,1137.1,29625.1623352
2017-12-20,1135.9,1568.7,1094.4,1432.5,65242.47844202
2017-12-21,1427.1,1519.0,1281.4,1345.9,36997.2531572
2017-12-22,1351.2,1369.1,801.0,1080.0,68330.90391541
2017-12-23,1075.0,1253.0,1067.4,1159.0,30849.3452178
2017-12-24,1160.7,1160.7,950.0,1087.0,19318.906057
2017-12-25,1091.7,1177.2,1055.3,1103.6,10439.13030448
2017-12-26,1103.7,1183.0,1100.4,1180.8,10136.16483682
2017-12-27,1179.4,1209.9,1100.0,1130.5,12750.44361643
2017-12-28,1134.1,1138.4,982.41,1098.9,14270.68217223
2017-12-29,1100.0,1144.4,1017.6,1087.9,13983.85286042
2017-12-30,1087.3,1094.8,870.0,940.1,20502.97235505
2017-12-31,940.1,1053.8,920.01,1010.9,10901.77328431
2018-01-01,1010.9,1038.6,967.0,1018.4,7266.24051779
2018-01-02,1020.5,1195.4,1018.9,1162.9,19569.54393427
2018-01-03,1160.5,1171.7,1087.0,1131.4,15495.82178522
2018-01-04,1129.7,1200.0,1032.3,1118.0,22181.97626298
2018-01-05,1118.0,1160.0,1057.5,1079.8,19333.13112205
2018-01-06,1080.0,1183.9,1057.6,1156.3,17460.60420236
2018-01-07,1160.2,1247.3,1151.0,1157.9,21705.09875602
2018-01-08,1157.9,1185.8,967.08,1075.8,21693.34437323
2018-01-09,1073.0,1130.0,1032.9,1102.1,18325.27020994
2018-01-10,1106.0,1108.6,1017.2,1093.3,18185.57496838
2018-01-11,1094.4,1103.9,950.0,993.7,19562.69935956
2018-01-12,993.57,1062.6,960.0,1043.1,13494.22466007
2018-01-13,1046.2,1128.6,1045.7,1093.3,13958.67574434
2018-01-14,1093.3,1107.5,969.05,992.2,15030.18570801
2018-01-15,993.39,1031.7,925.9,928.6,15501.29413794
2018-01-16,928.6,929.89,623.27,736.0,57021.91961387
2018-01-17,736.5,825.0,610.1,790.44,38482.46390859
2018-01-18,791.37,887.05,740.0,815.0,24382.61795922
2018-01-19,812.57,863.96,776.45,838.38,12102.77889067
2018-01-20,839.7,957.99,829.21,919.0,13057.66719025
2018-01-21,919.0,925.56,790.0,818.4,11072.6316763
2018-01-22,818.3,842.39,700.0,756.89,10682.86144574
2018-01-23,758.1,800.0,682.97,756.27,13849.18305539
2018-01-24,754.31,792.0,720.11,782.43,8025.67324401
2018-01-25,783.01,823.88,780.0,788.4,8313.80670398
2018-01-26,788.46,815.0,730.21,779.0,9945.41671309
2018-01-27,780.6,793.98,746.94,775.5,6999.87714135
2018-01-28,775.89,825.42,765.01,821.8,8712.37380154
2018-01-29,819.81,827.6,748.11,768.41,7631.99337457
2018-01-30,767.5,780.0,673.0,681.77,12830.63094486
2018-01-31,681.98,704.28,652.0,704.26,6539.45090726
2018-02-01,701.3,708.52,588.93,620.5,11599.05511983
2018-02-02,620.72,623.4,452.06,595.0,37210.83633679
2018-02-03,595.0,646.9,530.8,635.9,13214.77815474
2018-02-04,635.36,649.84,526.26,541.46,14586.16909024
2018-02-05,541.39,554.88,430.0,450.86,19096.11298811
2018-02-06,450.13,536.07,385.0,521.57,25844.18040287
2018-02-07,521.0,583.83,486.9,516.91,15669.53122539
2018-02-08,519.11,612.89,519.11,603.1,12004.61854224
2018-02-09,603.1,640.0,572.44,632.4,9498.56515234
2018-02-10,632.8,671.98,596.2,633.09,12775.44314309
2018-02-11,629.1,629.6,555.77,578.6,8657.9791537
2018-02-12,577.9,628.38,577.9,618.9,5184.58504956
2018-02-13,620.0,627.0,575.1,590.82,4748.30959984
2018-02-14,591.03,683.04,590.01,678.51,14626.11049141
2018-02-15,676.94,700.0,656.17,696.4,11484.56109925
2018-02-16,696.6,720.0,674.2,692.2,10698.65266635
2018-02-17,692.8,748.0,689.0,738.24,9595.54444857
2018-02-18,738.0,742.16,663.7,683.8,16262.04082016
2018-02-19,684.3,733.1,682.44,728.54,9477.23085561
2018-02-20,728.5,736.98,672.6,681.43,19085.34125702
2018-02-21,678.51,716.11,650.86,658.29,24248.78510593
2018-02-22,658.94,678.86,590.0,625.2,13292.25326215
2018-02-23,625.3,648.8,602.14,625.6,9323.54496223
2018-02-24,625.51,640.0,572.0,588.19,10241.09454066
2018-02-25,588.3,599.8,575.0,586.67,4347.32111724
2018-02-26,587.74,629.98,574.0,619.99,7644.18536722
2018-02-27,619.99,645.11,604.02,609.2,9912.98613725
2018-02-28,609.0,621.93,581.0,581.48,8545.10952341
2018-03-01,582.12,624.9,580.0,617.5,6361.00991259
2018-03-02,618.59,622.79,592.91,601.3,6348.16750995
2018-03-03,601.3,615.28,596.03,608.01,4465.49387851
2018-03-04,610.24,622.28,592.9,622.0,5456.37193443
2018-03-05,622.0,624.0,605.0,609.0,4599.39507536
2018-03-06,608.6,609.93,561.1,578.48,8322.31836369
2018-03-07,579.12,587.0,500.1,508.64,11456.21672608
2018-03-08,508.58,530.86,478.46,491.65,10564.80666348
2018-03-09,491.32,499.9,434.4,495.4,13788.39739692
2018-03-10,496.6,527.86,475.75,479.77,7385.171339
2018-03-11,480.1,548.93,465.0,527.98,9819.75095399
2018-03-12,528.4,548.54,480.22,498.88,8812.048432
2018-03-13,496.7,514.53,474.89,487.82,8329.41358089
2018-03-14,488.22,493.3,415.0,423.7,10282.02004038
2018-03-15,423.7,434.35,390.0,416.64,13462.38551401
2018-03-16,417.05,432.97,400.0,424.8,8536.366490890001
2018-03-17,424.76,428.81,380.3,387.5,8669.63907184
2018-03-18,386.8,395.87,340.01,394.51,19253.95022165
2018-03-19,394.91,412.1,364.83,411.18,19479.34406095
2018-03-20,410.92,443.84,394.7,428.12,9542.03595396
2018-03-21,427.77,450.31,420.41,433.3,7940.10997472
2018-03-22,432.32,438.62,396.0,410.09,6087.48500159
2018-03-23,410.09,431.0,390.14,430.22,5344.25527062
2018-03-24,430.23,461.19,418.1,418.1,8380.93616532
2018-03-25,418.27,424.8,404.35,409.0,5793.09719692
2018-03-26,410.37,413.0,369.38,387.4,7483.17510492
2018-03-27,388.81,391.59,351.23,353.28,7423.97294553
2018-03-28,352.96,369.0,344.66,349.72,5578.41373837
2018-03-29,349.45,350.62,311.2,328.47,17223.01915864
2018-03-30,328.27,334.3,300.0,309.35,9721.60376929
2018-03-31,310.0,328.69,300.0,303.65,7476.06572897
2018-04-01,305.22,311.15,282.7,291.03,12051.01597147
2018-04-02,291.04,312.99,285.0,312.41,6264.67686572
2018-04-03,313.0,342.78,310.31,339.87,8653.44342268
2018-04-04,338.8,340.11,294.5,298.22,12143.74147921
2018-04-05,298.22,304.42,282.51,300.03,9819.02671879
2018-04-06,300.19,302.26,282.12,285.0,5134.58895801
2018-04-07,285.0,310.45,283.55,296.08,9205.22615408
2018-04-08,296.51,316.57,295.91,311.57,5028.55677828
2018-04-09,311.93,324.0,293.12,299.63,8519.83451064
2018-04-10,299.23,303.28,290.87,299.42,6759.17905834
2018-04-11,299.58,313.99,295.49,310.0,6439.66326801
2018-04-12,310.0,357.51,304.39,357.47,12562.42802604
2018-04-13,358.07,390.19,346.01,351.25,16309.17140869
2018-04-14,351.72,376.45,349.51,356.56,6977.29252915
2018-04-15,357.92,388.0,357.92,382.6,11310.43191642
2018-04-16,382.6,382.6,352.59,363.71,7476.27857884
2018-04-17,364.26,379.6,358.61,363.3,6736.8327901
2018-04-18,363.04,424.3,361.63,421.58,18594.42249411
2018-04-19,421.18,437.0,406.47,432.09,12017.05593277
2018-04-20,432.09,470.36,425.88,462.22,19515.09146119
2018-04-21,462.7,463.0,425.01,442.26,9198.33001518
2018-04-22,444.12,479.9,438.07,466.81,7572.93039025
2018-04-23,467.88,526.15,447.47,506.11,23914.71608691
2018-04-24,506.11,545.0,505.09,524.85,16997.67232112
2018-04-25,524.21,526.94,447.14,461.8,22156.92575432
2018-04-26,461.79,506.0,445.1,504.29,12358.83142542
2018-04-27,505.0,506.0,469.39,470.59,10300.62534214
2018-04-28,469.86,506.53,469.13,497.12,6071.46623366
2018-04-29,497.75,513.4,475.01,499.28,6118.8645398
2018-04-30,500.08,502.64,467.0,471.94,10936.47478871
2018-05-01,473.11,487.97,453.42,480.32,9663.5443734
2018-05-02,478.98,492.19,462.1,488.11,8288.92403268
2018-05-03,487.87,516.63,481.26,504.57,11185.31722206
2018-05-04,502.31,503.46,476.69,488.97,10166.93248973
2018-05-05,488.84,513.3,485.96,509.85,7279.36753502
2018-05-06,510.84,528.07,478.1,485.43,7786.55213983
2018-05-07,486.15,486.27,445.0,457.36,13952.15083495
2018-05-08,457.36,468.1,434.0,441.26,7079.38445016
2018-05-09,441.22,449.28,411.62,443.83,7684.97914113
2018-05-10,444.5,462.62,416.14,417.24,8613.34409309
2018-05-11,417.12,432.28,385.46,390.56,12453.465389
2018-05-12,391.13,408.0,372.1,402.04,5510.54824995
2018-05-13,402.59,420.79,391.45,415.32,3909.98420189
2018-05-14,414.57,454.42,385.28,433.0,10836.79662826
2018-05-15,432.11,454.38,420.1,426.3,11038.00832592
2018-05-16,426.24,426.47,393.62,413.1,7964.57086866
2018-05-17,413.11,419.21,383.0,386.93,6040.13662941
2018-05-18,385.36,398.19,372.3,394.46,7972.73109014
2018-05-19,395.31,404.64,382.23,384.93,5344.48912056
2018-05-20,384.72,405.78,382.51,402.2,3254.40912136
2018-05-21,402.21,404.86,380.19,382.96,4430.35995337
2018-05-22,383.25,385.01,355.3,357.28,5553.04347387
2018-05-23,357.28,358.09,328.06,337.96,6474.24009946
2018-05-24,339.41,349.27,324.0,345.16,4579.68759925
2018-05-25,344.9,349.46,326.66,337.34,3711.82823159
2018-05-26,337.38,339.49,320.1,320.71,3374.61775223
2018-05-27,320.57,320.57,310.41,314.78,3589.81920686
2018-05-28,315.28,323.38,281.79,285.63,7514.50875505
2018-05-29,285.57,321.6,282.79,315.45,8778.07028737
2018-05-30,318.36,319.99,295.01,303.62,6102.2069904
2018-05-31,303.35,315.91,298.86,304.37,4272.54208773
2018-06-01,304.19,317.39,301.01,315.58,5493.66657374
2018-06-02,316.16,329.54,309.79,322.1,5569.2169453999995
2018-06-03,322.1,335.77,322.1,329.7,3282.40041506
2018-06-04,329.7,335.2,311.01,316.8,3495.02683063
2018-06-05,317.0,323.02,304.1,318.23,5629.76085283
2018-06-06,318.24,319.84,307.01,315.08,1796.82737822
2018-06-07,315.57,319.78,313.01,315.2,1475.69855494
2018-06-08,315.94,317.48,296.51,310.74,3054.8564425
2018-06-09,310.46,313.17,296.27,297.3,3105.54258894
2018-06-10,297.05,297.05,266.55,268.86,12198.11242807
2018-06-11,269.52,276.61,257.7,269.95,4487.36171953
2018-06-12,269.95,275.99,256.59,259.7,10602.82559036
2018-06-13,259.45,261.0,239.85,244.9,6228.67090584
2018-06-14,244.89,272.78,244.42,266.77,6190.11688661
2018-06-15,267.83,269.42,253.01,254.34,4735.15992636
2018-06-16,254.67,268.92,253.96,266.28,3529.79781241
2018-06-17,266.05,272.28,260.38,264.89,4967.13937181
2018-06-18,264.62,267.5,250.23,264.48,6733.80779486
2018-06-19,265.02,271.79,256.94,260.72,7330.4611915899995
2018-06-20,261.55,267.28,252.44,266.8,3676.78103235
2018-06-21,266.23,269.75,258.82,260.67,2229.15745344
2018-06-22,260.29,261.41,230.32,235.39,7450.82548223
2018-06-23,235.25,248.02,234.54,242.86,3665.49123887
2018-06-24,242.61,244.27,224.0,238.08,10617.27665913
2018-06-25,237.37,246.63,234.01,240.22,2858.56321609
2018-06-26,240.54,241.58,227.21,230.01,3417.25284588
2018-06-27,229.64,231.45,223.0,228.76,2672.18863956
2018-06-28,229.17,229.93,217.5,220.65,3746.32595347
2018-06-29,220.65,239.68,217.0,234.73,5707.6066541
2018-06-30,234.76,246.9,231.59,239.97,5145.72693002
2018-07-01,239.76,241.2,230.88,236.31,3021.82854149
2018-07-02,236.31,255.45,235.25,250.05,4963.29021572
2018-07-03,249.63,263.0,240.02,241.26,6301.73079488
2018-07-04,241.41,254.85,229.25,245.34,7214.43863944
2018-07-05,245.34,252.32,238.33,242.24,4448.08816444
2018-07-06,242.9,243.5,234.2,242.4,3083.44294416
2018-07-07,242.8,247.99,236.0,246.67,3375.61118735
2018-07-08,246.72,249.99,240.95,242.93,6026.97003169
2018-07-09,243.44,246.12,229.25,230.29,5717.09006204
2018-07-10,230.03,231.4,220.25,220.37,7263.65786063
2018-07-11,220.35,226.28,212.89,217.9,6320.42518732
2018-07-12,217.45,217.45,207.25,213.57,8051.77693995
2018-07-13,213.15,242.0,211.34,217.33,13152.27796842
2018-07-14,217.33,226.04,215.1,222.44,3170.8066792600002
2018-07-15,222.33,234.82,219.65,232.4,6232.04408367
2018-07-16,231.51,252.27,227.57,247.09,8280.04929267
2018-07-17,246.96,265.61,239.01,260.0,9103.68695521
2018-07-18,260.0,272.88,253.0,265.38,11159.75006225
2018-07-19,265.41,272.1,254.94,260.79,9730.31497986
2018-07-20,260.2,316.0,242.0,242.69,23271.22338966
2018-07-21,242.43,257.1,237.01,255.0,7216.16604889
2018-07-22,255.0,280.65,246.21,251.0,5697.68026198
2018-07-23,250.59,261.36,211.75,241.15,12014.87606886
2018-07-24,241.71,256.0,237.54,252.32,8033.5831689999995
2018-07-25,252.25,256.03,239.2,245.37,4157.96398719
2018-07-26,244.57,250.7,241.76,242.45,5206.55611638
2018-07-27,243.04,284.63,234.45,244.24,7196.01327272
2018-07-28,244.38,245.18,238.0,240.51,2804.52002605
2018-07-29,241.34,243.2,221.0,239.49,4807.02661412
2018-07-30,239.17,240.64,230.08,235.6,3474.93343897
2018-07-31,234.69,234.71,212.01,217.05,9939.58954517
2018-08-01,217.3,224.52,212.71,218.44,6437.38983578
2018-08-02,218.74,221.84,205.64,210.35,6152.55002086
2018-08-03,210.04,213.68,203.24,210.57,7130.92922751
2018-08-04,210.56,214.49,201.24,202.29,4756.1580353
2018-08-05,201.76,208.21,201.24,207.08,4579.36482815
2018-08-06,207.02,211.73,198.36,199.27,8940.99963822
2018-08-07,199.67,206.37,186.36,186.37,12806.56032843
2018-08-08,186.37,190.62,170.0,173.45,19174.42314263
2018-08-09,173.52,192.34,171.58,183.44,6434.06364873
2018-08-10,183.56,189.46,166.9,168.34,8754.81573292
2018-08-11,168.32,171.8,162.0,164.34,6590.7880856
2018-08-12,164.54,170.52,162.11,168.01,7837.86965297
2018-08-13,168.09,170.9,144.0,144.02,16918.75106885
2018-08-14,144.14,144.21,132.04,138.1,19525.75947731
2018-08-15,138.27,217.9,138.27,153.67,15368.72123187
2018-08-16,153.6,159.5,148.44,150.63,3799.15729974
2018-08-17,151.0,167.84,151.0,167.5,6030.92589978
2018-08-18,167.69,170.65,133.0,152.07,9787.44447609
2018-08-19,152.05,166.94,148.47,154.78,14713.57936317
2018-08-20,154.76,157.92,140.82,141.15,9601.096095120001
2018-08-21,141.48,146.28,137.62,141.7,5010.64002075
2018-08-22,141.7,154.0,133.83,136.43,11085.53716764
2018-08-23,136.43,141.83,134.35,140.17,6945.73807319
2018-08-24,140.24,146.46,137.35,145.01,5825.9028104
2018-08-25,145.01,146.6,141.72,145.09,3348.25926289
2018-08-26,145.09,145.09,138.0,141.78,4251.46918748
2018-08-27,141.79,197.0,140.24,183.69,62077.88448266
2018-08-28,183.77,202.6,171.02,193.85,64704.51646055
2018-08-29,193.64,201.69,185.42,186.78,25490.23706372
2018-08-30,186.78,186.82,173.49,184.88,19465.50163902
2018-08-31,185.02,196.99,182.56,194.44,14705.58108729
2018-09-01,194.58,224.22,194.48,222.61,34936.34939561
2018-09-02,222.62,222.71,203.2,213.12,16477.43402901
2018-09-03,213.22,222.99,204.07,217.25,11431.94344487
2018-09-04,217.25,222.1,213.0,217.0,9938.27527332
2018-09-05,217.51,222.03,171.47,173.19,24081.6982088
2018-09-06,173.19,181.89,159.7,180.82,23111.0799025
2018-09-07,180.94,195.0,170.72,186.43,22606.5066996
2018-09-08,186.44,201.0,182.61,185.98,28523.3623259
2018-09-09,185.99,198.48,176.05,192.92,24905.87110939
2018-09-10,192.95,207.92,192.95,201.94,25702.85088303
2018-09-11,202.15,205.49,178.96,187.46,19483.76948866
2018-09-12,187.46,187.68,170.02,185.19,17820.63180435
2018-09-13,185.3,202.5,180.63,191.86,24975.26582371
2018-09-14,191.81,200.0,185.72,190.84,8075.6986466
2018-09-15,190.71,195.2,186.0,191.42,7098.77428484
2018-09-16,191.42,194.09,183.83,192.04,4558.46023671
2018-09-17,192.23,199.57,177.57,182.92,14944.02652634
2018-09-18,182.6,192.16,177.01,191.0,9153.82756144
2018-09-19,191.0,198.56,184.11,191.12,15392.08336202
2018-09-20,191.39,202.36,186.0,199.88,13819.04047267
2018-09-21,199.31,212.76,199.31,210.17,15710.91446711
2018-09-22,210.15,214.2,199.18,204.57,10506.18733218
2018-09-23,204.6,212.06,201.62,204.95,5430.210825
2018-09-24,204.99,205.9,192.18,198.15,8980.22162922
2018-09-25,197.86,197.9,180.0,189.94,9410.90448072
2018-09-26,190.53,193.72,183.04,183.52,5652.96402543
2018-09-27,183.51,199.36,183.07,195.04,10519.70160096
2018-09-28,195.32,196.98,185.5,187.54,6727.84936656
2018-09-29,187.43,191.3,183.27,188.43,3385.83939356
2018-09-30,188.26,190.95,184.99,187.13,1827.52777083
2018-10-01,187.12,189.16,184.0,187.48,2407.20977443
2018-10-02,187.79,188.06,177.94,181.84,9790.71475327
2018-10-03,181.72,181.85,175.18,177.66,4112.67202552
2018-10-04,178.11,182.94,177.59,181.5,1912.89197952
2018-10-05,181.5,184.23,179.42,183.34,3138.72830668
2018-10-06,183.41,188.68,180.12,181.06,4345.46980246
2018-10-07,181.24,183.44,176.65,180.79,4209.5424606
2018-10-08,180.79,185.56,178.35,183.31,4707.60869898
2018-10-09,183.27,183.85,179.62,181.66,2367.39182245
2018-10-10,181.24,182.05,176.78,179.77,5680.1946375
2018-10-11,179.77,179.77,156.36,156.66,9571.24212901
2018-10-12,156.47,164.83,153.2,158.73,6112.2870702
2018-10-13,158.49,163.39,158.38,163.39,1596.49715255
2018-10-14,163.39,163.98,158.34,159.05,1626.81374329
2018-10-15,158.59,185.0,157.33,168.63,12448.46195129
2018-10-16,168.76,171.44,164.87,167.73,1812.16517485
2018-10-17,167.81,168.68,160.79,164.23,4790.8600759500005
2018-10-18,164.23,165.0,156.03,157.51,4093.78135467
2018-10-19,157.29,158.8,154.13,154.99,3640.30244637
2018-10-20,154.97,159.26,154.42,157.12,1926.8507401699999
2018-10-21,157.21,159.46,156.68,156.88,1579.72527819
2018-10-22,156.88,157.0,153.49,154.37,2692.8197412
2018-10-23,154.33,157.1,153.92,155.8,2327.3511419
2018-10-24,155.65,163.09,155.65,157.57,8673.09510315
2018-10-25,157.67,158.47,156.2,156.8,1725.47666585
2018-10-26,156.81,158.14,153.42,157.17,6430.7083571
2018-10-27,156.9,158.22,153.85,154.59,2049.74787488
2018-10-28,154.55,157.41,154.2,156.81,1694.34862615
2018-10-29,156.8,156.98,149.47,150.65,6135.62053197
2018-10-30,151.08,154.49,150.97,153.96,4445.58976383
2018-10-31,153.85,160.0,152.36,153.45,11518.69790165
2018-11-01,153.24,154.61,152.36,154.38,1212.49483302
2018-11-02,154.48,156.27,153.71,155.53,1606.8103295
2018-11-03,155.59,156.0,153.69,155.97,1971.93457042
2018-11-04,155.96,171.98,150.87,166.06,24516.41076428
2018-11-05,165.9,169.73,163.03,165.0,11113.49439709
2018-11-06,164.94,175.3,164.66,170.92,13417.91681221
2018-11-07,171.17,172.72,165.04,167.7,9358.8334708
2018-11-08,167.82,176.25,165.47,165.6,11896.67622199
2018-11-09,165.46,166.18,159.75,160.47,9203.03851719
2018-11-10,160.37,164.93,158.14,161.91,2828.38902676
2018-11-11,161.8,162.57,159.36,160.84,3406.6696595
2018-11-12,161.17,169.72,161.02,164.93,6779.79616654
2018-11-13,164.79,166.24,162.31,163.95,2091.28752119
2018-11-14,163.31,166.89,136.36,147.85,23117.06131539
2018-11-15,147.68,148.45,131.0,141.25,16932.37167463
2018-11-16,141.42,143.8,136.3,139.15,9344.12747762
2018-11-17,139.16,139.59,132.46,134.57,5535.22835898
2018-11-18,134.57,138.99,131.67,133.45,8336.15112376
2018-11-19,133.58,133.58,110.67,111.01,42968.49540258
2018-11-20,111.11,116.25,100.0,107.63,41551.73492113
2018-11-21,107.68,116.6,104.88,115.75,14502.70862605
2018-11-22,115.71,118.62,101.63,101.89,20786.54108808
2018-11-23,101.87,103.77,97.816,101.0,20193.43963346
2018-11-24,100.94,105.71,92.0,93.55,17429.92494076
2018-11-25,93.74,95.416,84.796,92.91,36067.17770721
2018-11-26,92.91,96.491,83.612,91.38,16062.17489677
2018-11-27,91.124,94.667,87.079,90.786,15435.85405899
2018-11-28,90.589,104.08,90.589,100.39,12338.11021165
2018-11-29,100.64,101.3,94.001,97.272,8176.33686555
2018-11-30,97.909,98.444,88.267,92.497,10959.87659047
2018-12-01,92.34,99.799,90.738,95.971,4470.24669936
2018-12-02,95.916,98.759,90.965,93.533,6879.83985166
2018-12-03,93.833,94.188,82.0,84.73,12927.30148519
2018-12-04,84.67,90.336,82.005,85.608,11564.21642832
2018-12-05,85.531,86.161,77.084,78.05,12174.74255256
2018-12-06,78.3,79.694,64.204,65.143,16152.39275997
2018-12-07,65.276,68.999,58.813,68.867,31364.8258659
2018-12-08,68.822,72.528,64.257,69.138,14625.60541854
2018-12-09,69.138,78.212,68.689,76.817,14171.20414682
2018-12-10,77.01,78.26,66.866,68.923,17083.98397236
2018-12-11,69.165,70.691,63.241,63.874,20447.1522187
2018-12-12,63.884,68.539,63.563,65.574,21519.3076602
2018-12-13,65.442,65.941,60.452,61.286,25680.68934007
2018-12-14,61.293,62.881,58.849,59.42,20830.3339223
2018-12-15,59.4,68.744,57.838,63.164,61380.90161314
2018-12-16,63.019,67.355,62.337,63.902,19574.7355431
2018-12-17,63.895,75.699,63.781,73.003,35392.67917449
2018-12-18,73.156,75.487,69.111,75.323,13550.99871003
2018-12-19,75.063,82.879,74.577,74.766,28158.25336009
2018-12-20,74.702,103.9,74.181,99.524,53438.32352954
2018-12-21,99.3,102.56,85.504,86.765,44668.85107146
2018-12-22,86.765,95.406,80.04,89.894,37644.80369841
2018-12-23,89.739,95.191,89.309,92.18,14147.012151249999
2018-12-24,92.088,107.52,92.086,92.81,44883.84223543
2018-12-25,92.754,93.131,81.259,85.663,32853.03048758
2018-12-26,85.687,89.415,82.001,85.792,10272.71414734
2018-12-27,85.746,86.138,76.331,77.366,12318.60722305
2018-12-28,77.503,88.47,76.001,86.549,13773.81253161
2018-12-29,86.443,87.989,80.756,81.059,12799.89338675
2018-12-30,81.21,86.856,79.761,83.636,15143.46939615
2018-12-31,83.644,85.153,79.316,80.198,13162.93916567
2019-01-01,80.58,83.597,79.341,83.312,11544.47022064
2019-01-02,83.17,87.847,82.409,86.996,13168.98208005
2019-01-03,86.996,88.104,69.001,82.132,16268.78832353
2019-01-04,82.134,84.999,80.3,82.529,8795.28598844
2019-01-05,82.301,83.99,80.94,81.722,15900.43164749
2019-01-06,81.834,96.727,80.869,87.25,14058.50590004
2019-01-07,87.29,88.892,83.96,84.578,9655.394114
2019-01-08,84.986,85.331,79.014,82.593,19077.70301264
2019-01-09,82.528,91.26,82.007,86.704,27035.83950996
2019-01-10,86.791,88.094,72.0,74.202,34504.18096521
2019-01-11,74.325,75.99,72.594,73.846,5483.86538858
2019-01-12,73.848,74.947,73.365,73.87,3921.0245006
2019-01-13,73.986,74.896,69.186,70.067,10371.11486618
2019-01-14,70.345,75.345,69.0,73.382,11365.52399028
2019-01-15,73.329,73.741,69.51,70.73,5117.61555386
2019-01-16,70.817,73.3,70.176,71.897,4634.67222366
2019-01-17,71.791,73.344,70.108,72.859,4808.60311052
2019-01-18,73.128,73.153,70.7,71.331,3279.30006599
2019-01-19,71.271,79.8,71.271,74.087,9912.01890612
2019-01-20,74.167,74.371,65.901,69.128,16966.6234952
2019-01-21,69.073,70.572,68.614,69.609,5644.2144075
2019-01-22,69.508,72.806,68.257,72.01,10633.99728055
2019-01-23,72.02,78.543,70.56,71.721,15052.44956713
2019-01-24,71.612,75.222,70.897,74.018,7059.40454876
2019-01-25,73.836,75.571,73.012,74.132,3631.88832954
2019-01-26,74.288,75.665,73.774,74.25,2507.60786916
2019-01-27,73.999,74.331,70.161,71.318,7408.28320564
2019-01-28,71.198,71.337,66.223,68.112,8966.23956562
2019-01-29,68.064,69.841,66.137,68.16,7973.26727084
2019-01-30,68.108,70.826,67.133,69.533,5487.61728271
2019-01-31,69.532,70.295,68.062,68.481,2263.72648199
2019-02-01,68.48,68.751,66.303,67.81,6295.54799512
2019-02-02,67.852,68.807,67.098,68.807,3943.36015142
2019-02-03,68.811,68.913,66.641,67.506,1751.31191334
2019-02-04,67.505,67.967,66.843,67.406,1042.81133594
2019-02-05,67.281,70.651,66.796,68.948,12709.20459408
2019-02-06,69.0,69.254,64.864,66.277,13702.58985886
2019-02-07,66.279,68.479,66.07,67.935,5203.82756574
2019-02-08,67.801,75.457,67.588,74.999,8596.91767451
2019-02-09,74.999,76.768,73.852,74.906,6146.80947814
2019-02-10,74.909,76.757,72.951,76.608,5336.31194278
2019-02-11,76.5,83.014,75.296,80.666,27471.48419407
2019-02-12,80.665,84.57,79.122,83.59,20293.80359354
2019-02-13,83.588,84.487,80.72,81.222,13881.73128821
2019-02-14,81.202,82.231,78.2,78.741,6428.62961569
2019-02-15,78.726,81.199,77.728,79.565,4946.44867003
2019-02-16,79.627,82.69,79.606,79.837,6063.55806715
2019-02-17,79.88,82.501,77.45,80.506,11234.87710928
2019-02-18,80.709,88.673,80.334,87.869,18814.73728391
2019-02-19,87.771,91.952,86.874,88.628,8318.33338932
2019-02-20,88.638,89.792,85.393,88.78,7343.1209119
2019-02-21,88.6,90.63,84.51,85.967,5228.56165313
2019-02-22,86.0,88.02,85.101,87.806,5115.67011175
2019-02-23,87.351,92.074,85.734,91.188,13234.20006028
2019-02-24,91.25,95.0,78.76,81.159,25543.34747681
2019-02-25,81.428,85.679,81.006,84.33,8065.85434059
2019-02-26,84.33,84.33,81.8,83.619,5710.91183134
2019-02-27,83.712,83.712,78.1,82.135,9596.04270679
2019-02-28,82.134,86.159,81.859,83.374,12179.55092327
2019-03-01,83.375,86.063,83.375,84.43,4785.69184751
2019-03-02,84.399,84.888,82.686,83.962,3730.7934468
2019-03-03,83.962,84.869,79.986,81.957,5373.40133174
2019-03-04,82.15,82.762,78.007,79.299,13169.44605992
2019-03-05,79.403,85.359,79.188,84.514,9081.51761609
2019-03-06,84.587,85.082,81.984,84.871,8694.84129432
2019-03-07,84.871,85.621,83.5,83.83,2897.618987
2019-03-08,84.286,84.425,79.184,81.121,7098.05179608
2019-03-09,81.036,86.0,80.807,84.766,6553.2455597
2019-03-10,84.816,84.979,81.204,84.407,2841.08218941
2019-03-11,84.249,84.736,81.017,84.652,5315.22057472
2019-03-12,84.845,93.965,82.831,92.954,46153.83718844
2019-03-13,93.123,94.95,90.852,92.128,37329.92848454
2019-03-14,92.128,92.148,88.664,90.616,15598.19526622
2019-03-15,90.605,92.991,90.605,91.172,7385.57733942
2019-03-16,91.362,94.479,91.268,93.773,8273.80934037
2019-03-17,93.729,94.922,90.832,94.35,10219.65932869
2019-03-18,94.331,97.0,92.404,92.983,14628.52544064
2019-03-19,92.923,94.4,92.072,92.758,6293.97415494
2019-03-20,92.755,95.357,91.845,94.279,10289.54841817
2019-03-21,94.386,94.882,89.281,90.454,17646.73483066
2019-03-22,90.647,93.354,90.36,91.713,7248.27374428
2019-03-23,91.713,93.483,91.431,93.099,5308.71812227
2019-03-24,93.099,93.76,92.095,92.849,3539.34373199
2019-03-25,92.854,93.265,87.854,89.893,8408.93965213
2019-03-26,89.992,90.195,88.307,89.462,4280.89635311
2019-03-27,89.391,97.0,89.122,95.49,10605.20974643
2019-03-28,95.413,97.86,93.8,97.098,4679.69753969
2019-03-29,97.098,99.734,96.701,99.734,12205.94900874
2019-03-30,99.734,102.25,97.11,102.14,7344.10356455
2019-03-31,102.09,112.66,101.5,111.96,34855.93597414
2019-04-01,111.98,185.0,109.3,114.66,34762.56428848
2019-04-02,114.39,128.49,113.06,125.21,41785.63714154
2019-04-03,124.76,141.15,121.01,124.79,84249.03453836
2019-04-04,124.89,133.09,120.5,123.82,10004.17674302
2019-04-05,124.16,139.34,124.16,134.66,22886.78346642
2019-04-06,134.64,139.0,129.18,132.0,13471.08419201
2019-04-07,132.0,137.23,131.58,136.61,4292.91367141
2019-04-08,136.89,139.33,131.62,137.5,6493.27480641
2019-04-09,136.94,137.29,131.39,133.02,7451.9155235
2019-04-10,133.03,135.51,123.62,129.7,26796.2098713
2019-04-11,129.94,129.94,114.37,123.37,13240.44452729
2019-04-12,122.9,124.2,116.68,120.12,8266.73130452
2019-04-13,119.91,121.42,118.92,120.51,1369.00217618
2019-04-14,120.61,124.4,119.28,123.79,3203.84698558
2019-04-15,123.87,124.99,115.5,118.76,7305.3609862
2019-04-16,118.81,122.26,116.58,121.5,3503.6884153299998
2019-04-17,121.68,123.77,119.82,121.02,2628.4003723
2019-04-18,121.04,126.52,120.97,124.53,9616.69999946
2019-04-19,124.48,125.1,121.46,123.48,3218.90648461
2019-04-20,123.39,125.79,122.47,124.55,3942.65790299
2019-04-21,124.34,125.72,119.2,122.57,5873.725655
2019-04-22,122.51,124.28,120.72,123.45,5030.26992359
2019-04-23,123.38,126.38,118.0,118.0,7273.24603362
2019-04-24,118.0,121.77,112.56,116.24,11949.83259487
2019-04-25,116.33,119.09,107.11,108.76,14905.29289162
2019-04-26,108.76,114.58,107.19,112.51,4738.15711058
2019-04-27,112.25,113.48,110.46,112.28,1159.65918421
2019-04-28,112.3,115.49,112.25,114.46,2471.19621946
2019-04-29,114.29,116.64,110.47,112.49,6376.6650329
2019-04-30,112.51,117.58,112.51,116.48,1458.4715947
2019-05-01,116.51,124.77,116.4,122.06,2893.91430843
2019-05-02,122.07,124.22,120.5,121.78,2408.89129059
2019-05-03,121.34,128.0,120.87,126.49,4941.91983602
2019-05-04,126.52,129.44,122.0,125.7,4817.28940132
2019-05-05,125.87,126.65,123.23,124.49,2061.96202227
2019-05-06,124.28,128.88,121.64,126.38,2779.45366543
2019-05-07,127.01,129.81,121.97,122.78,1631.32966595
2019-05-08,121.95,123.05,119.33,122.41,1579.04843223
2019-05-09,122.49,123.56,112.75,113.73,4013.12302499
2019-05-10,113.62,116.97,112.29,113.63,2197.74077694
2019-05-11,113.78,124.89,112.83,122.2,7191.89176758
2019-05-12,122.25,126.88,118.49,125.23,6397.98612119
2019-05-13,125.19,137.02,124.45,130.62,13307.07040733
2019-05-14,130.53,142.06,130.27,140.94,14306.59570949
2019-05-15,141.15,154.92,141.05,153.18,26370.13315463
2019-05-16,152.79,163.34,144.08,148.36,14463.60782657
2019-05-17,148.24,149.76,130.52,140.74,16516.95689259
2019-05-18,140.44,144.49,134.18,140.77,5454.00002103
2019-05-19,140.68,177.25,140.2,172.98,24263.6931078
2019-05-20,172.67,177.09,157.06,167.96,18384.11351683
2019-05-21,167.51,169.64,160.08,166.21,5045.80569553
2019-05-22,166.12,168.18,151.4,153.98,6676.32621407
2019-05-23,153.09,155.94,144.91,154.01,15361.86269916
2019-05-24,154.9,163.37,153.43,156.36,4756.15671669
2019-05-25,155.93,160.74,154.07,156.01,4330.52283468
2019-05-26,155.94,167.35,152.07,163.2,8802.81850116
2019-05-27,163.37,171.34,163.22,167.18,7277.7092062
2019-05-28,166.86,173.22,161.65,169.35,6121.56682644
2019-05-29,169.29,175.39,161.86,169.12,5789.39331311
2019-05-30,169.13,176.65,155.6,162.56,12052.71312776
2019-05-31,162.58,165.81,157.05,165.48,3000.25251246
2019-06-01,165.54,167.57,161.8,162.79,1889.33684272
2019-06-02,162.75,168.14,161.83,165.31,892.2404199
2019-06-03,165.2,165.35,153.33,155.94,4294.04728159
2019-06-04,155.18,156.26,140.67,143.83,10151.86170181
2019-06-05,144.0,149.88,142.33,147.29,2723.86861037
2019-06-06,146.75,148.95,138.72,144.05,3317.01015156
2019-06-07,143.66,152.63,142.21,149.4,3394.75520978
2019-06-08,148.97,150.05,143.01,145.46,3057.2241551
2019-06-09,145.71,146.56,139.32,142.15,2771.56048559
2019-06-10,141.98,151.55,140.28,151.28,4235.98453714
2019-06-11,150.91,151.28,143.68,147.46,2331.31368704
2019-06-12,147.59,158.66,146.48,156.92,5202.25441174
2019-06-13,156.6,159.7,152.67,153.21,2682.53012707
2019-06-14,153.21,155.87,149.61,154.07,4038.22506906
2019-06-15,154.19,156.9,153.01,154.62,3184.64605083
2019-06-16,155.49,161.74,153.72,156.44,5683.11626462
2019-06-17,156.59,160.86,155.99,159.01,3541.12897368
2019-06-18,159.21,166.8,155.06,158.45,12051.03386275
2019-06-19,158.61,162.72,157.79,162.46,4531.74410364
2019-06-20,162.58,163.38,158.69,162.63,3144.3195145
2019-06-21,162.8,169.36,161.52,168.23,3590.949822
2019-06-22,167.59,181.47,166.33,177.15,17574.39581202
2019-06-23,177.1,181.41,171.67,175.04,13734.84147058
2019-06-24,173.98,179.2,170.44,176.15,5339.86141171
2019-06-25,176.29,180.71,173.89,177.3,6909.40367017
2019-06-26,177.54,186.83,162.2,172.02,25218.292644222918
2019-06-27,171.38,174.85,148.36,156.05,14626.290130424417
2019-06-28,156.46,171.81,152.87,169.81,10956.006302471787
2019-06-29,168.9,170.9,162.43,169.39,2958.048596584618
2019-06-30,169.41,172.1,154.22,156.39,4972.905646644843
2019-07-01,156.33,161.75,146.88,154.19,4240.631189289599
2019-07-02,155.06,155.68,146.15,152.52,4952.826144640063
2019-07-03,153.34,158.61,153.06,158.41,5438.566015536944
2019-07-04,158.2,162.3,153.6,155.88,5991.378065017355
2019-07-05,155.88,156.21,151.28,154.13,3891.67389723928
2019-07-06,154.93,158.6,153.42,154.2,2310.886851052985
2019-07-07,154.08,160.26,152.79,158.14,1875.24378403
2019-07-08,158.36,160.95,156.65,159.39,3817.885826916482
2019-07-09,159.73,162.45,152.61,156.44,5034.924915324862
2019-07-10,156.5,158.2,142.79,150.5,6930.929992741258
2019-07-11,149.61,149.61,135.3,142.32,6999.387068715114
2019-07-12,142.23,148.28,141.36,142.81,2601.855836
2019-07-13,143.02,144.73,136.01,140.01,5782.65128879
2019-07-14,140.0,140.37,122.2,123.17,5562.804994
2019-07-15,123.01,124.23,116.87,120.89,6741.67611673
2019-07-16,120.89,123.33,98.917,99.846,8805.20448365
2019-07-17,99.5,106.99,95.361,102.32,12064.44626781
2019-07-18,102.62,111.91,99.315,109.64,8155.63815009
2019-07-19,109.68,114.87,106.43,112.29,13571.70525066
2019-07-20,112.66,120.66,112.26,116.82,7822.08571636
2019-07-21,116.27,119.25,115.5,118.67,6521.09403389
2019-07-22,118.49,119.05,112.01,114.14,5587.96834976
2019-07-23,114.23,114.5,108.9,109.44,4074.98093572
2019-07-24,109.1,111.38,106.83,109.54,3558.032334
2019-07-25,109.21,116.23,108.91,114.94,4398.872061
2019-07-26,114.84,115.46,112.01,115.27,1081.78427931
2019-07-27,115.52,117.22,108.15,110.33,2947.95345145
2019-07-28,110.21,112.08,102.08,107.81,4082.41579222
2019-07-29,107.68,109.58,104.03,105.46,2491.03073425
2019-07-30,105.64,107.87,103.67,104.66,1948.96234556
2019-07-31,104.66,108.92,104.55,108.92,3035.72806056
2019-08-01,108.96,109.11,104.92,106.86,2058.41440637
2019-08-02,106.86,109.52,104.28,105.04,8025.70806573
2019-08-03,104.99,107.99,104.99,106.51,1351.54472316
2019-08-04,106.73,107.29,103.01,106.2,3987.97093766
2019-08-05,107.22,112.99,106.97,110.11,6084.8024794
2019-08-06,110.0,111.52,104.12,106.8,9750.28749469
2019-08-07,106.83,111.14,105.86,107.45,3330.9732307
2019-08-08,107.74,107.76,104.12,106.2,3396.3264749
2019-08-09,105.71,105.73,103.01,103.92,6196.02889306
2019-08-10,103.98,104.58,97.501,99.265,5353.7020911
2019-08-11,99.04,108.69,99.04,106.7,7068.17365254
2019-08-12,106.93,106.95,102.31,104.69,1527.49256764
2019-08-13,104.56,108.02,100.73,101.87,7055.25912841
2019-08-14,101.84,102.67,95.501,96.692,12620.04764904
2019-08-15,96.485,97.729,91.26,94.76,6114.81663725
2019-08-16,94.76,95.521,91.259,93.733,2498.45070649
2019-08-17,93.5,93.672,90.813,91.96,2132.37502599
2019-08-18,92.031,96.884,91.37,94.94,3531.05972463
2019-08-19,94.854,97.654,94.038,97.623,2737.53976263
2019-08-20,97.629,97.629,93.615,93.93,861.78964519
2019-08-21,94.027,94.052,87.18,90.13,3610.7728319
2019-08-22,90.204,92.202,88.301,90.844,1416.76771049
2019-08-23,90.883,96.898,90.253,93.631,3911.67722452
2019-08-24,93.546,93.618,89.999,92.363,1454.23998666
2019-08-25,92.374,93.613,90.627,91.177,1355.80292141
2019-08-26,91.213,93.955,91.045,92.363,2136.42993785
2019-08-27,92.414,92.414,90.099,90.682,909.86591989
2019-08-28,90.549,90.604,84.499,84.756,3500.3324702
2019-08-29,84.668,84.779,78.111,79.985,8303.10605684
2019-08-30,79.836,81.931,78.838,80.288,1377.20362048
2019-08-31,80.261,82.448,78.598,80.174,5085.66626858
2019-09-01,80.241,80.701,78.2,79.809,936.32889749
2019-09-02,79.818,83.456,79.559,81.644,4281.83088957
2019-09-03,81.739,83.87,80.13,83.236,6086.24761409
2019-09-04,82.981,82.981,80.301,81.258,2138.56393811
2019-09-05,81.146,82.002,80.1,80.101,1083.56501712
2019-09-06,80.139,83.499,77.615,80.229,11635.86370954
2019-09-07,80.014,84.611,79.974,83.87,2513.01369655
2019-09-08,83.9,87.915,83.9,87.897,2007.00458238
2019-09-09,87.909,89.635,85.711,86.42,3605.05063837
2019-09-10,86.421,87.189,82.531,83.101,2195.11562664
2019-09-11,83.087,84.938,82.002,82.707,2579.40367826
2019-09-12,82.731,98.27,81.73,85.651,15379.51888932
2019-09-13,85.541,94.621,84.675,93.768,8554.61294146
2019-09-14,93.768,95.097,90.634,91.591,8146.42639788
2019-09-15,91.558,91.795,88.96,88.999,3714.01208885
2019-09-16,89.123,95.489,88.122,93.045,12983.34265977
2019-09-17,93.002,99.9,90.865,94.21,12696.05644509
2019-09-18,94.192,99.342,93.9,97.869,8789.24409175
2019-09-19,98.19,104.82,91.0,100.06,23344.16671404
2019-09-20,100.09,100.09,95.455,97.163,8022.56946547
2019-09-21,97.133,97.133,93.075,93.102,1246.1247554
2019-09-22,93.051,94.081,91.107,91.294,1203.06057051
2019-09-23,91.13,91.13,86.0,87.004,5087.47317932
2019-09-24,86.776,87.824,68.102,71.631,11768.9931601
2019-09-25,72.157,76.223,69.484,73.079,11455.88022206
2019-09-26,73.172,73.466,66.183,68.977,8531.44337639
2019-09-27,68.779,72.559,67.322,71.592,1925.88527411
2019-09-28,71.461,72.7,70.345,71.811,1136.44159957
2019-09-29,71.185,71.574,67.649,69.254,1042.87540314
2019-09-30,69.254,72.176,66.856,71.457,2621.83690884
2019-10-01,71.298,72.7,69.576,70.297,2134.64979576
2019-10-02,70.073,70.975,69.39,70.975,999.38470929
2019-10-03,70.972,71.197,68.169,69.663,4413.83387817
2019-10-04,69.468,70.384,68.373,69.718,2452.18005116
2019-10-05,69.733,70.249,68.856,69.925,584.86398502
2019-10-06,70.269,71.103,68.034,69.288,7277.80542801
2019-10-07,69.536,72.286,68.462,71.127,3208.54509086
2019-10-08,71.063,74.315,70.306,71.011,6349.44351871
2019-10-09,70.943,74.931,70.437,73.971,3705.15616166
2019-10-10,74.259,74.747,70.739,72.989,3572.58037309
2019-10-11,73.06,74.031,69.568,69.749,3264.53849432
2019-10-12,69.759,73.621,69.654,70.875,2692.23830446
2019-10-13,70.741,72.012,70.236,70.686,976.30292661
2019-10-14,70.432,71.588,70.219,71.298,716.49178131
2019-10-15,71.458,74.254,70.922,71.546,2928.25265339
2019-10-16,71.441,71.639,67.076,68.146,4411.39598551
2019-10-17,68.207,70.368,67.399,69.052,1091.35006038
2019-10-18,69.033,69.211,67.057,68.201,945.20282225
2019-10-19,68.229,68.984,67.377,67.49,991.24262362
2019-10-20,67.645,70.31,67.303,69.483,624.82790223
2019-10-21,69.484,70.053,68.28,69.083,748.62825034
2019-10-22,68.826,69.863,67.1,67.54,1195.53590078
2019-10-23,67.46,67.608,61.696,62.81,4013.56838339
2019-10-24,62.81,63.328,61.501,62.593,692.9067407
2019-10-25,62.56,71.172,62.551,70.472,3635.10959119
2019-10-26,70.559,75.483,67.673,70.673,9389.15150456
2019-10-27,70.809,74.507,69.421,72.007,2029.50195901
2019-10-28,72.177,76.939,71.598,71.795,3169.47589202
2019-10-29,71.661,76.466,71.661,73.09,2410.08474573
2019-10-30,73.323,74.865,71.149,72.369,1508.28355136
2019-10-31,73.022,73.022,70.201,72.06,1416.65003572
2019-11-01,71.79,72.518,70.611,71.98,1062.88266269
2019-11-02,72.421,72.957,71.704,72.392,899.18328602
2019-11-03,72.6,72.902,70.604,71.268,542.38775608
2019-11-04,71.338,74.828,70.983,73.097,1934.92819324
2019-11-05,73.075,75.072,71.793,74.922,1232.4601218
2019-11-06,74.721,75.171,73.01,74.448,692.95886227
2019-11-07,74.191,74.74,71.448,72.203,1120.05583645
2019-11-08,72.091,72.725,67.828,69.936,3823.07394674
2019-11-09,69.4,70.479,69.021,69.618,1042.58161271
2019-11-10,69.553,72.167,69.15,71.509,7179.57429061
2019-11-11,71.872,72.478,69.524,70.099,1188.75790674
2019-11-12,70.099,70.748,69.001,70.23,843.64076864
2019-11-13,70.403,70.828,69.661,69.879,703.52474321
2019-11-14,70.107,70.107,68.501,68.736,1676.66932785
2019-11-15,68.659,69.864,66.771,68.31,2042.65349787
2019-11-16,68.061,68.18,67.499,68.169,225.70108991
2019-11-17,68.155,68.467,67.251,67.839,292.86796749
2019-11-18,67.834,68.069,63.605,64.401,2831.0532227100002
2019-11-19,64.455,65.989,63.27,65.447,1030.70954785
2019-11-20,65.262,65.655,63.414,63.754,880.5344562399999
2019-11-21,63.714,64.595,59.668,60.511,4711.79883487
2019-11-22,60.531,61.284,53.246,55.46,4571.68082909
2019-11-23,55.38,57.13,53.901,54.805,3067.16868056
2019-11-24,54.643,54.882,51.001,51.411,1639.05740107
2019-11-25,51.152,54.046,48.303,50.223,4787.32263598
2019-11-26,50.117,51.406,49.926,50.525,3103.19046801
2019-11-27,50.596,53.0,48.379,50.75,5054.94309179
2019-11-28,50.703,55.283,49.49,52.7,11893.40022125
2019-11-29,52.659,63.507,52.659,57.268,31980.14879113
2019-11-30,57.437,58.342,54.85,55.609,6121.93713552
2019-12-01,55.254,55.254,52.686,53.44,3505.39354612
2019-12-02,53.514,54.117,51.957,52.028,2070.63050909
2019-12-03,52.022,52.548,51.045,51.665,1078.71799845
2019-12-04,51.472,53.656,49.821,50.741,2610.05970968
2019-12-05,50.454,51.782,49.748,50.251,2295.94674496
2019-12-06,50.2,53.33,49.99,52.857,2865.12867727
2019-12-07,53.004,53.959,51.84,52.786,1293.12816765
2019-12-08,52.75,53.206,52.017,52.03,848.60078285
2019-12-09,52.193,53.406,51.0,51.36,1844.5175158
2019-12-10,51.344,51.834,49.538,50.523,1873.10612767
2019-12-11,50.165,50.86,49.333,49.841,766.38784759
2019-12-12,49.967,50.741,48.706,50.171,1849.4978362
2019-12-13,50.291,51.0,49.831,50.854,1373.80752545
2019-12-14,50.943,51.406,49.294,49.887,1825.41150605
2019-12-15,49.526,51.389,49.182,50.889,1360.14736326
2019-12-16,50.995,50.996,45.191,46.155,11400.46888625
2019-12-17,46.216,46.297,40.792,41.509,11107.98953466
2019-12-18,41.428,45.862,40.165,44.635,4823.99012859
2019-12-19,44.951,45.02,42.456,43.066,1300.69154987
2019-12-20,43.037,43.821,42.24,43.344,1377.58613972
2019-12-21,43.36,43.541,42.618,42.831,888.31020367
2019-12-22,42.816,44.442,42.704,44.441,912.32426958
2019-12-23,44.412,45.099,42.648,42.91,2025.09565236
2019-12-24,43.043,43.043,41.495,41.804,3550.7838715899998
2019-12-25,41.802,41.802,40.452,40.926,3346.9578593
2019-12-26,40.967,41.053,38.108,40.146,17085.46146588
2019-12-27,40.161,40.482,38.452,39.713,7701.60381787
2019-12-28,39.717,43.013,39.717,42.054,7582.8211947400005
2019-12-29,41.875,45.062,41.457,44.685,6799.42133624
2019-12-30,44.737,44.848,42.25,42.294,4500.92440984
2019-12-31,42.237,42.847,41.103,41.287,1148.51611139
2020-01-01,41.247,42.974,40.848,41.845,2088.6865426
2020-01-02,41.88,41.88,40.101,40.152,1272.71708643
2020-01-03,40.145,44.083,40.145,43.897,2586.63083926
2020-01-04,44.083,47.834,43.185,46.298,15204.03272832
2020-01-05,46.241,53.558,46.212,51.19,20695.36479559
2020-01-06,51.147,57.517,50.986,56.615,22402.31330616
2020-01-07,56.706,57.379,53.522,54.628,14390.91409304
2020-01-08,55.138,57.235,51.12,52.511,7517.26733444
2020-01-09,52.041,53.18,49.967,50.48,7850.4359656999995
2020-01-10,50.481,56.867,49.492,56.867,8423.65966239
2020-01-11,56.86,67.85,55.749,63.278,28392.98481294
2020-01-12,63.323,67.966,62.0,66.253,30093.692060459998
2020-01-13,66.33,71.073,63.646,69.365,15165.71129591
2020-01-14,69.499,89.491,69.499,88.726,56013.53770021
2020-01-15,88.67,142.96,87.803,133.19,152408.11757594
2020-01-16,133.8,134.56,112.52,127.4,51827.23440309
2020-01-17,126.92,127.96,109.09,112.27,29550.95830096
2020-01-18,112.48,116.5,94.58,101.09,44994.0753585
2020-01-19,101.08,109.05,91.911,104.65,33271.56705394
2020-01-20,104.86,115.44,99.031,109.59,30401.00693861
2020-01-21,109.79,114.37,105.03,110.43,8688.2884148
2020-01-22,110.1,112.8,106.2,107.03,8669.45324092
2020-01-23,107.52,107.86,98.265,102.58,10505.82551643
2020-01-24,102.64,103.98,93.736,100.31,8661.10053699
2020-01-25,100.3,103.99,97.287,101.42,5840.5315101
2020-01-26,101.22,113.42,99.9,110.8,28150.26606867
2020-01-27,111.16,119.71,111.16,112.92,22365.51166833
2020-01-28,113.2,117.87,111.33,116.02,9779.75234801
2020-01-29,116.23,128.33,114.33,121.24,17062.93126679
2020-01-30,121.6,125.28,117.78,121.8,8315.3891755
2020-01-31,121.8,123.99,113.22,115.83,8675.77509612
2020-02-01,116.41,119.71,114.9,116.96,4221.33922749
2020-02-02,116.88,117.75,112.37,114.4,3399.54280626
2020-02-03,114.46,117.59,113.72,115.36,2950.83378199
2020-02-04,115.34,115.83,108.69,110.98,6019.77255636
2020-02-05,110.92,124.66,110.06,122.99,9574.42539561
2020-02-06,122.99,124.57,117.68,119.89,5740.35417371
2020-02-07,120.11,122.54,116.73,118.34,4454.51746376
2020-02-08,118.34,131.09,112.69,126.04,14788.5848864
2020-02-09,125.98,130.36,123.33,128.37,6718.01749272
2020-02-10,128.37,128.86,122.56,127.57,4518.21765108
2020-02-11,127.54,135.0,123.79,129.5,4872.80306951
2020-02-12,129.39,137.0,128.59,133.72,6382.07835057
2020-02-13,133.33,137.78,127.48,131.01,7005.82366092
2020-02-14,130.7,134.25,128.2,132.97,8225.2536565
2020-02-15,132.97,132.99,114.94,120.69,9728.45107864
2020-02-16,120.53,123.57,101.62,111.0,16314.73004594
2020-02-17,111.0,116.48,102.25,115.0,16868.3982999
2020-02-18,114.69,117.67,107.61,115.54,7490.6200537800005
2020-02-19,115.68,115.86,104.34,105.1,8090.66509087
2020-02-20,104.53,106.99,98.573,105.04,5795.05252544
2020-02-21,104.44,109.95,103.21,107.78,3986.0589488
2020-02-22,107.34,109.34,102.79,103.84,2545.34395443
2020-02-23,103.95,109.34,103.58,108.75,2676.98925168
2020-02-24,108.18,109.28,99.826,103.68,2779.25590917
2020-02-25,103.34,103.34,94.668,95.547,5660.89459718
2020-02-26,95.47,96.448,79.403,84.83,8452.04458408
2020-02-27,84.292,94.0,80.0,89.717,8568.24407965
2020-02-28,89.873,92.724,83.687,88.629,6933.73332529
2020-02-29,88.614,90.708,85.302,85.66,5440.56572877
2020-03-01,85.691,90.295,83.535,85.301,3462.94979936
2020-03-02,84.879,92.393,84.541,90.157,5930.35573317
2020-03-03,90.2,91.071,87.153,88.995,2665.09729532
2020-03-04,88.773,90.331,85.829,87.4,1672.15122812
2020-03-05,87.73,93.141,87.73,90.049,3215.82987327
2020-03-06,90.018,94.413,89.501,94.295,2763.17555619
2020-03-07,94.295,94.548,87.779,88.655,3401.00102688
2020-03-08,88.435,88.435,73.204,74.165,7608.53265733
2020-03-09,74.243,75.739,68.345,74.0,6043.21728317
2020-03-10,73.916,76.509,71.515,74.686,4545.89293725
2020-03-11,74.958,75.455,67.502,72.512,2942.94226585
2020-03-12,72.652,72.895,42.0,44.596,37935.89788875
2020-03-13,44.43,53.543,32.796,51.712,30152.28498369
2020-03-14,51.568,51.568,45.538,46.234,6910.81957873
2020-03-15,46.286,51.212,45.785,47.292,2912.30129148
2020-03-16,47.347,47.773,38.643,43.15,12974.99519055
2020-03-17,43.288,46.924,42.781,45.824,4720.19473002
2020-03-18,45.815,63.451,45.222,63.0,24183.0149291
2020-03-19,62.843,70.756,56.759,65.724,25720.42549061
2020-03-20,65.721,77.72,62.452,71.77,26384.7630044
2020-03-21,71.635,75.731,68.0,71.371,15748.14403555
2020-03-22,71.135,73.627,61.802,62.827,14136.6425791
2020-03-23,62.331,72.109,61.02,71.223,12125.89544097
2020-03-24,71.236,71.8,67.328,69.494,7056.65432275
2020-03-25,69.418,70.543,66.134,67.996,3461.92193298
2020-03-26,67.838,68.67,66.724,68.438,2321.97786013
2020-03-27,68.455,73.268,66.76,67.607,7198.68829945
2020-03-28,67.5,67.5,62.0,65.598,7686.28578141
2020-03-29,65.614,65.922,60.607,60.607,5032.5627778
2020-03-30,60.843,67.726,60.113,65.978,4693.11445908
2020-03-31,65.838,66.399,64.275,65.478,2945.62936223
2020-04-01,65.182,67.06,62.682,66.295,3960.26238457
2020-04-02,66.553,72.753,65.385,67.904,12468.96354157
2020-04-03,68.173,70.409,66.291,67.479,3361.84863499
2020-04-04,67.647,69.482,67.006,68.642,1812.68710789
2020-04-05,68.876,68.876,65.774,67.031,3238.69906363
2020-04-06,67.024,73.857,67.024,73.5,5289.09583895
2020-04-07,73.5,76.41,70.247,72.34,4982.95964835
2020-04-08,72.213,77.099,71.068,75.63,3385.91742041
2020-04-09,75.629,84.245,74.259,83.006,6548.62740687
2020-04-10,83.072,83.173,70.053,74.814,15186.20065389
2020-04-11,74.815,77.909,72.744,75.001,6402.32967678
2020-04-12,74.944,78.5,73.024,74.094,10276.92424673
2020-04-13,74.022,74.022,70.532,73.506,2507.95593176
2020-04-14,73.402,74.491,71.898,72.193,3122.20946862
2020-04-15,72.2,73.671,70.099,70.784,2839.30069955
2020-04-16,70.554,79.174,67.508,76.051,11073.08831113
2020-04-17,76.283,78.15,74.856,76.375,2055.15543836
2020-04-18,76.949,80.696,76.935,80.211,2732.79965457
2020-04-19,79.948,83.498,77.438,80.282,2906.65025168
2020-04-20,80.301,82.897,73.052,74.258,4567.2544751
2020-04-21,74.27,75.946,73.2,74.541,1504.94751924
2020-04-22,74.708,82.225,74.216,80.839,3284.9307801
2020-04-23,81.106,84.8,79.148,81.151,7412.8315304
2020-04-24,81.448,83.111,80.63,81.5,1006.87106936
2020-04-25,81.426,89.213,80.75,85.789,5676.16457772
2020-04-26,85.681,87.427,82.903,84.175,2154.36576876
2020-04-27,84.175,84.56,80.123,82.764,2904.05224848
2020-04-28,82.425,83.359,79.857,82.39,2187.27162696
2020-04-29,82.4,85.979,82.151,85.363,3537.74027453
2020-04-30,85.202,88.874,80.299,80.747,10026.36927112
2020-05-01,81.109,83.997,81.109,82.966,1236.79849948
2020-05-02,82.901,83.751,81.63,83.154,747.11492204
2020-05-03,83.486,84.209,79.638,81.107,3081.9747383
2020-05-04,81.265,81.265,75.318,79.5,3989.81036386
2020-05-05,79.616,81.0,77.815,79.34,3508.30628306
2020-05-06,79.007,81.067,76.613,76.881,6014.39970438
2020-05-07,77.038,79.992,76.171,78.887,3253.05236967
2020-05-08,78.939,92.2,77.2,81.896,37199.47610047
2020-05-09,81.89,82.471,78.785,79.493,6625.17577776
2020-05-10,79.443,79.446,68.572,72.09,14988.86840492
2020-05-11,72.218,73.359,66.201,69.779,6235.54456786
2020-05-12,69.736,75.0,69.312,73.083,5853.08996552
2020-05-13,73.21,74.9,72.268,74.055,2075.65985893
2020-05-14,74.0,75.761,73.302,74.678,2965.38635452
2020-05-15,74.568,74.942,71.854,72.495,3693.03873219
2020-05-16,72.489,74.361,72.254,73.778,955.98837675
2020-05-17,73.658,77.283,73.567,74.96,3333.95436045
2020-05-18,74.869,78.393,74.721,76.0,3290.14409367
2020-05-19,76.046,77.19,74.104,77.063,2698.33988182
2020-05-20,77.053,78.78,74.869,78.408,2145.67724548
2020-05-21,78.384,78.483,71.03,73.061,3705.70324754
2020-05-22,72.761,75.615,72.405,74.812,1980.48985254
2020-05-23,75.269,75.735,73.433,73.814,645.79009952
2020-05-24,73.816,75.481,71.539,71.681,1824.21231191
2020-05-25,71.676,73.697,71.171,73.697,1459.38383035
2020-05-26,73.618,73.7,71.257,72.709,1914.63021484
2020-05-27,72.652,74.619,72.302,73.571,1553.5387446299999
2020-05-28,73.571,75.261,72.594,75.227,912.15117662
2020-05-29,75.088,75.92,73.515,74.216,3129.12910294
2020-05-30,74.307,79.687,73.639,79.232,6689.29069633
2020-05-31,79.049,80.955,75.487,76.56,6396.96377445
2020-06-01,76.089,80.454,75.694,80.331,4262.81398493
2020-06-02,80.236,82.525,76.038,78.14,19662.71621412
2020-06-03,78.141,78.652,76.621,77.97,2287.54153911
2020-06-04,78.284,79.044,76.683,78.596,1885.403458
2020-06-05,78.66,79.8,77.737,78.015,1128.30204657
2020-06-06,77.736,79.025,77.155,78.407,791.81883215
2020-06-07,78.307,78.667,75.723,78.077,2674.12228198
2020-06-08,77.928,78.607,76.992,77.744,2621.99288324
2020-06-09,77.886,78.13,76.836,77.782,731.24357641
2020-06-10,77.486,78.548,77.165,78.278,1242.3633708
2020-06-11,78.281,79.051,71.93,72.269,7220.47041362
2020-06-12,71.98,74.67,70.738,73.201,2998.77140641
2020-06-13,73.337,74.465,72.479,74.113,1866.62744122
2020-06-14,74.022,74.099,72.05,72.663,675.88684691
2020-06-15,72.619,72.619,68.68,72.087,2564.9554933
2020-06-16,71.933,72.978,71.55,72.672,1609.30895726
2020-06-17,72.675,73.447,71.032,72.426,1358.073917
2020-06-18,72.339,72.604,70.718,71.417,862.38417321
2020-06-19,71.41,71.41,69.847,70.226,1058.19740045
2020-06-20,70.132,71.242,69.207,71.114,656.56557027
2020-06-21,71.067,71.457,70.126,70.126,650.73483207
2020-06-22,70.342,73.018,70.147,72.68,2751.81072463
2020-06-23,72.595,76.852,71.607,74.12,4854.50598585
2020-06-24,74.236,75.38,70.846,72.321,2515.34902885
2020-06-25,72.301,72.301,70.185,71.168,2065.30374851
2020-06-26,70.972,71.591,69.732,70.802,1192.99092714
2020-06-27,70.674,71.08,65.232,67.036,2560.44231427
2020-06-28,66.894,68.625,66.093,67.842,1347.95015243
2020-06-29,67.859,69.255,66.793,68.967,12034.02672543
2020-06-30,69.141,69.178,67.528,68.3,980.79825535
2020-07-01,68.063,69.09,67.458,68.23,1533.70518569
2020-07-02,68.393,68.814,65.59,66.821,2063.89986116
2020-07-03,66.573,67.152,65.938,66.295,950.16747133
2020-07-04,66.625,68.198,66.329,67.419,786.53460619
2020-07-05,67.733,67.734,65.929,67.475,1208.44975095
2020-07-06,67.46,70.663,67.236,70.405,5054.43704353
2020-07-07,70.435,70.912,69.336,70.039,1065.54505843
2020-07-08,70.074,73.42,69.622,72.624,2425.13082169
2020-07-09,72.576,74.289,70.638,71.956,4206.74985302
2020-07-10,71.636,71.959,70.332,71.76,1545.05393967
2020-07-11,71.991,73.186,71.5,72.648,1503.55303328
2020-07-12,72.673,73.061,70.861,72.225,2983.82858249
2020-07-13,72.176,76.135,71.004,71.818,5262.14078052
2020-07-14,71.5,72.59,70.156,71.965,1532.97087659
2020-07-15,72.096,72.201,70.83,71.277,1070.41698331
2020-07-16,70.905,71.356,68.153,69.442,2956.98886782
2020-07-17,69.237,70.086,69.0,69.565,711.38703537
2020-07-18,69.636,69.752,68.71,69.325,297.24790149
2020-07-19,69.381,70.768,68.909,70.617,1217.77948135
2020-07-20,70.516,70.582,68.718,69.122,735.87498982
2020-07-21,69.064,71.668,69.064,71.084,3968.4904769
2020-07-22,71.318,73.904,71.318,73.777,2424.42493347
2020-07-23,73.769,74.13,72.8,73.601,2556.53447052
2020-07-24,73.271,73.362,71.505,72.145,990.44684808
2020-07-25,72.454,75.262,72.454,74.763,3937.79920906
2020-07-26,74.936,77.782,74.442,75.325,4930.85326694
2020-07-27,75.512,79.536,73.535,77.791,5451.95931659
2020-07-28,77.578,81.053,76.065,79.895,3418.86306872
2020-07-29,79.972,84.836,79.301,81.494,5326.93378817
2020-07-30,81.454,82.999,79.466,81.331,2023.27386302
2020-07-31,81.608,83.59,80.229,82.601,2819.28427445
2020-08-01,82.616,94.0,82.099,93.043,5942.5553707
2020-08-02,93.21,95.676,80.325,85.176,8477.342391
2020-08-03,85.109,89.562,83.719,87.765,2086.39739921
2020-08-04,87.824,89.036,85.028,86.762,2057.16595941
2020-08-05,87.042,93.662,85.892,92.222,3103.89245192
2020-08-06,92.277,104.57,90.262,100.53,15566.66512675
2020-08-07,100.36,103.76,93.1,96.496,7450.85712276
2020-08-08,96.28,102.19,94.592,98.195,3962.49246933
2020-08-09,98.235,98.902,94.808,97.706,1928.57669922
2020-08-10,97.541,98.4,93.407,95.425,5555.1824483
2020-08-11,95.483,96.559,85.705,88.524,7191.41600618
2020-08-12,88.311,92.0,84.432,90.864,4706.61312823
2020-08-13,91.527,93.438,85.923,92.949,3762.43383819
2020-08-14,92.891,93.109,90.003,91.908,2795.11350565
2020-08-15,92.121,95.998,91.437,94.2,19334.03360952
2020-08-16,93.96,95.501,91.637,95.343,3743.55021138
2020-08-17,95.173,100.43,93.006,97.697,7452.64798858
2020-08-18,97.671,98.862,92.033,92.787,6223.73581884
2020-08-19,92.807,93.886,87.044,88.009,6464.66081208
2020-08-20,88.121,92.165,87.197,92.016,5005.45069368
2020-08-21,91.765,95.64,86.7,86.761,6318.27361859
2020-08-22,86.792,91.026,84.722,91.026,4799.08461682
2020-08-23,90.99,93.173,87.857,91.616,2735.17284252
2020-08-24,91.649,93.382,89.652,91.809,926.40517712
2020-08-25,91.337,91.342,82.687,84.602,27569.00967662
2020-08-26,84.588,87.429,83.46,85.961,6747.47209843
2020-08-27,85.98,86.508,81.811,83.493,3001.4551582999998
2020-08-28,83.531,85.999,82.604,85.002,2007.84968249
2020-08-29,85.107,86.825,84.502,85.326,1943.52102521
2020-08-30,85.072,89.0,85.072,88.414,5630.70977049
2020-08-31,88.414,89.12,86.0,86.409,1951.34298534
2020-09-01,86.409,91.134,85.045,89.363,7953.8698969
2020-09-02,89.477,89.855,80.297,83.298,7225.8815582199995
2020-09-03,83.403,83.535,62.56,66.865,11832.49761028
2020-09-04,66.844,74.096,65.789,72.99,7445.93232473
2020-09-05,72.865,74.36,65.149,68.063,4739.55464582
2020-09-06,68.17,71.756,66.342,70.534,2215.49569505
2020-09-07,70.178,77.927,66.0,75.976,7225.96817425
2020-09-08,76.395,77.822,70.141,74.663,6344.38064953
2020-09-09,74.816,77.485,74.498,75.467,1741.18567535
2020-09-10,75.979,78.299,75.339,76.994,3607.60947024
2020-09-11,77.132,77.465,74.753,77.226,1345.77506479
2020-09-12,77.143,80.185,75.591,79.528,1832.68377259
2020-09-13,78.781,79.184,73.38,75.329,2313.48313658
2020-09-14,75.329,77.113,73.824,75.217,1334.8171176399999
2020-09-15,75.233,76.233,72.732,73.052,1983.35028386
2020-09-16,73.052,74.346,71.21,73.188,1149.39212432
2020-09-17,73.188,74.84,71.393,73.372,1610.00219123
2020-09-18,73.705,73.98,70.778,72.119,1068.30669569
2020-09-19,72.243,73.639,71.585,72.859,3476.97324609
2020-09-20,72.771,72.916,69.614,70.914,4576.53000682
2020-09-21,70.792,71.774,64.657,67.167,2573.86554602
2020-09-22,66.759,69.007,66.584,67.942,2749.16215767
2020-09-23,68.271,68.634,64.368,64.918,2921.42061413
2020-09-24,65.072,68.516,64.552,67.752,957.81263666
2020-09-25,68.147,69.549,66.761,68.581,802.60593796
2020-09-26,68.907,70.184,68.547,69.089,2552.15860854
2020-09-27,69.383,70.176,67.293,69.0,2837.46518589
2020-09-28,69.1,70.373,66.866,67.522,1949.52428431
2020-09-29,67.401,68.892,66.899,68.856,1057.13534133
2020-09-30,68.621,69.321,66.705,69.321,2601.11732839
2020-10-01,69.26,71.284,67.289,68.106,5591.54884963
2020-10-02,68.085,68.834,63.723,66.094,6358.31932802
2020-10-03,66.103,66.605,65.57,65.57,381.66158762
2020-10-04,65.56,66.943,65.109,66.513,479.35595874
2020-10-05,66.502,67.273,65.709,67.273,720.68398863
2020-10-06,67.26,68.356,64.68,65.531,3421.88347668
2020-10-07,65.294,66.349,64.095,66.039,1335.72545472
2020-10-08,65.888,67.481,64.317,66.545,1168.89983679
2020-10-09,66.61,67.888,66.02,67.405,4274.98442504
2020-10-10,67.428,69.388,67.363,68.11,4288.51167545
2020-10-11,68.078,72.745,67.854,71.799,6538.84740384
2020-10-12,71.79,74.632,70.186,71.912,3432.16938833
2020-10-13,71.864,73.474,70.604,71.464,4633.902473
2020-10-14,71.472,72.138,69.058,70.092,1204.86751883
2020-10-15,69.996,70.516,68.115,69.259,1159.0804097
2020-10-16,69.238,70.121,65.453,66.134,3149.78309259
2020-10-17,66.066,67.556,65.158,67.326,4092.54267076
2020-10-18,67.366,67.366,66.506,67.33,954.74755052
2020-10-19,67.349,78.0,66.209,74.911,15739.95154669
2020-10-20,74.972,77.047,70.532,70.869,6593.59186693
2020-10-21,70.645,77.07,70.621,74.886,5118.92171341
2020-10-22,74.833,77.909,74.226,74.998,2566.05342337
2020-10-23,74.981,75.197,71.036,72.098,3881.66888265
2020-10-24,72.254,73.854,71.463,73.445,3723.56780045
2020-10-25,73.358,73.81,70.444,70.963,2766.54654197
2020-10-26,71.023,72.609,68.384,69.192,5603.9566052400005
2020-10-27,69.17,72.275,68.974,70.682,2026.94484727
2020-10-28,70.591,71.124,66.9,67.99,2353.85569007
2020-10-29,67.961,68.717,65.7,66.976,2433.76459761
2020-10-30,67.005,72.543,63.375,69.8,11536.31843111
2020-10-31,69.747,73.334,68.703,70.155,6596.86249175
2020-11-01,70.136,70.584,68.325,68.802,3304.43273587
2020-11-02,68.963,69.577,64.831,65.01,2005.35885188
2020-11-03,64.993,65.441,62.787,64.348,4049.83865773
2020-11-04,64.396,65.341,62.334,64.761,2573.9795809
2020-11-05,64.893,70.327,63.594,67.739,5581.97790224
2020-11-06,67.776,70.68,67.448,70.088,4176.63768905
2020-11-07,70.08,72.121,65.291,66.81,6154.94018154
2020-11-08,66.709,69.257,65.848,68.111,1413.64921802
2020-11-09,68.207,69.094,66.5,68.021,2758.09820939
2020-11-10,67.984,69.677,67.5,68.974,1594.40558558
2020-11-11,68.982,71.681,68.863,69.433,2244.42642313
2020-11-12,69.38,80.197,68.416,77.871,27032.81662362
2020-11-13,77.832,79.316,75.745,77.808,3330.37667074
2020-11-14,77.675,79.899,74.421,77.259,3674.20882214
2020-11-15,77.224,77.603,73.559,74.999,1929.92885631
2020-11-16,74.975,82.648,74.544,80.784,2678.67142695
2020-11-17,80.593,83.753,80.053,83.259,4622.89873759
2020-11-18,83.269,83.805,77.033,80.067,3191.68428352
2020-11-19,80.08,84.875,77.786,82.172,3237.29044945
2020-11-20,82.238,85.101,82.111,83.283,2224.22044199
2020-11-21,83.328,94.249,82.883,94.249,6610.06052871
2020-11-22,94.391,95.608,85.766,90.309,5558.51935389
2020-11-23,90.302,95.211,89.113,94.109,6896.70377536
2020-11-24,94.217,122.19,92.147,114.19,48193.50708917
2020-11-25,114.06,116.0,98.47,102.48,13823.78769343
2020-11-26,102.22,104.33,83.929,92.113,22904.56849779
2020-11-27,92.028,95.997,87.095,92.464,4353.56205345
2020-11-28,92.674,113.76,91.265,109.22,12689.70856902
2020-11-29,109.22,114.64,103.83,108.4,23067.79747571
2020-11-30,108.35,118.18,106.81,112.92,26728.41805652
2020-12-01,112.77,116.35,101.31,104.25,9959.72709568
2020-12-02,103.86,108.02,100.32,105.39,3799.561676
2020-12-03,105.28,109.0,103.76,107.8,4014.80255183
2020-12-04,107.31,111.17,97.516,98.775,5424.16962132
2020-12-05,98.774,103.55,96.724,103.15,5647.25779613
2020-12-06,103.5,104.77,99.369,102.41,5030.04901806
2020-12-07,102.28,104.49,100.38,101.74,2143.32132641
2020-12-08,101.66,101.83,93.407,94.944,3977.65295218
2020-12-09,94.894,96.153,89.324,95.8,7902.08327174
2020-12-10,95.838,95.938,91.0,92.859,2002.13887671
2020-12-11,93.125,95.22,88.0,93.189,5232.88898589
2020-12-12,93.19,97.364,93.19,94.77,2189.14276445
2020-12-13,94.781,99.457,93.754,97.588,5564.2945962
2020-12-14,97.52,97.985,94.216,96.829,1888.4474234900001
2020-12-15,96.838,97.613,94.242,97.035,1319.56425269
2020-12-16,97.143,105.62,94.641,105.3,6070.92947665
2020-12-17,105.29,115.58,100.69,108.28,12364.00982427
2020-12-18,108.11,113.05,104.09,108.17,16131.54986579
2020-12-19,108.2,112.54,105.66,108.18,3318.11760616
2020-12-20,107.87,114.25,104.33,109.27,10351.99723114
2020-12-21,109.3,119.33,101.05,103.8,19649.60965515
2020-12-22,103.95,106.25,95.959,105.75,7891.83488533
2020-12-23,105.95,106.18,86.82,91.199,12875.44457229
2020-12-24,91.145,99.636,87.522,98.602,4788.23307028
2020-12-25,98.631,105.18,95.788,103.47,5624.50512501
2020-12-26,103.39,112.51,102.1,107.44,6197.40434572
2020-12-27,107.57,113.08,100.89,107.25,8607.36839521
2020-12-28,107.31,110.69,104.29,107.03,7421.25414011
2020-12-29,107.24,108.6,99.022,103.76,6338.02443741
2020-12-30,103.75,105.46,99.056,101.77,6008.11122985
2020-12-31,101.77,102.3,96.376,99.55,4812.73257602
2021-01-01,99.58,102.75,86.17,88.273,26789.36923331
2021-01-02,88.208,94.0,84.867,86.9,21434.26826087
2021-01-03,86.964,92.092,85.17,88.878,11366.98956841
2021-01-04,89.548,97.349,84.696,88.842,16283.73789469
2021-01-05,88.96,90.35,85.565,89.249,4731.10578687
2021-01-06,89.422,95.099,87.774,94.21,15588.98674333
2021-01-07,94.298,108.29,92.257,98.81,26400.23447848
2021-01-08,98.803,100.92,91.98,96.163,10999.83268766
2021-01-09,96.105,111.57,93.938,110.06,13051.73631382
2021-01-10,110.2,158.32,110.2,146.87,160087.32430862
2021-01-11,146.79,148.38,106.49,125.38,94383.88987099
2021-01-12,125.45,137.0,116.52,128.31,26713.54278196
2021-01-13,128.79,137.85,120.01,133.02,20984.54809401
2021-01-14,133.18,137.82,129.43,133.13,7596.12017316
2021-01-15,133.01,136.48,117.02,124.64,8194.12159513
2021-01-16,124.48,132.47,121.44,125.24,8562.0570585
2021-01-17,124.84,127.25,120.23,124.31,2893.18693271
2021-01-18,124.9,132.99,121.14,129.59,18711.21248867
2021-01-19,129.68,135.4,123.25,124.79,23700.33275767
2021-01-20,124.23,127.39,111.5,121.41,13508.94352046
2021-01-21,121.51,122.0,99.61,99.612,19491.11822506
2021-01-22,100.06,108.52,94.18,105.04,15834.92669323
2021-01-23,104.97,110.02,102.3,105.2,4546.22190865
2021-01-24,105.24,111.02,103.79,106.43,4573.2494378
2021-01-25,106.54,113.54,104.77,104.77,9957.80132341
2021-01-26,104.82,106.28,100.52,104.97,4225.5875605
2021-01-27,105.14,105.14,94.441,96.986,9987.09796517
2021-01-28,96.713,105.56,95.102,102.84,16302.16712682
2021-01-29,102.8,110.77,101.18,104.63,25921.16676411
2021-01-30,104.65,106.32,100.57,105.58,4379.67124188
2021-01-31,105.14,106.46,100.26,102.48,5490.54963062
2021-02-01,102.41,105.73,100.18,103.76,7440.38974892
2021-02-02,103.9,111.11,103.21,110.14,6732.94974035
2021-02-03,110.47,118.75,110.37,116.83,13022.02297582
2021-02-04,117.04,118.72,110.28,111.11,9385.04137015
2021-02-05,111.11,122.64,110.44,120.43,35799.89229575
2021-02-06,120.33,123.25,115.09,119.17,13437.97640431
2021-02-07,119.06,122.04,112.27,118.56,12319.55146384
2021-02-08,118.56,127.04,114.82,126.66,23102.21818447
2021-02-09,126.88,137.99,124.09,137.33,28001.75619142
2021-02-10,137.98,149.48,128.94,139.93,40199.63345455
2021-02-11,139.96,167.72,138.13,164.95,43623.20660563
2021-02-12,165.53,173.05,155.83,169.96,44555.27230657
2021-02-13,170.11,298.0,169.72,267.46,167429.47287766
2021-02-14,268.49,277.85,222.45,230.24,57822.21007732
2021-02-15,230.28,289.38,197.26,258.48,153980.96072421
2021-02-16,259.72,272.99,242.97,250.2,28273.90011852
2021-02-17,249.59,271.0,235.51,265.05,23326.28069099
2021-02-18,265.99,304.41,258.18,281.21,35873.37361749
2021-02-19,281.62,336.03,269.58,323.98,54701.708896950004
2021-02-20,324.39,332.34,281.0,296.7,32544.18758457
2021-02-21,297.83,317.0,290.0,300.9,11885.21626619
2021-02-22,302.0,302.66,227.01,271.12,47815.17170756
2021-02-23,271.43,272.82,201.97,231.2,50332.15755519
2021-02-24,231.02,262.72,217.95,236.96,17000.36460949
2021-02-25,237.93,248.99,216.71,218.39,27925.04849831
2021-02-26,217.33,223.83,200.76,206.59,12967.52444316
2021-02-27,206.89,223.98,205.64,211.55,13511.19971263
2021-02-28,211.16,212.18,182.16,197.44,22019.13142552
2021-03-01,198.01,225.27,196.73,225.27,11828.43926884
2021-03-02,224.48,229.9,209.67,216.03,7363.48322222
2021-03-03,215.73,236.0,214.09,223.31,10604.71883474
2021-03-04,222.93,230.28,206.32,211.14,21010.70896105
2021-03-05,211.66,211.67,196.4,205.72,28165.38636006
2021-03-06,206.84,211.14,200.64,208.74,7987.19583614
2021-03-07,208.69,215.16,206.52,214.77,4546.05236176
2021-03-08,214.76,219.09,205.12,218.49,26747.89013156
2021-03-09,218.4,245.99,215.0,244.34,25756.96478546
2021-03-10,245.35,250.16,225.59,235.18,18364.47175663
2021-03-11,234.85,244.45,225.08,235.6,32258.87430637
2021-03-12,235.95,239.86,215.27,224.95,13239.87265313
2021-03-13,224.76,245.08,217.43,243.4,12863.82888388
2021-03-14,243.6,249.97,230.69,230.75,8435.90425436
2021-03-15,230.78,240.07,218.0,221.02,8575.64570186
2021-03-16,221.16,224.85,210.68,223.62,3494.89155382
2021-03-17,224.02,230.74,216.72,228.75,5320.99169373
2021-03-18,229.36,237.74,221.65,225.81,6029.48492336
2021-03-19,225.48,231.51,219.13,226.1,2309.46474131
2021-03-20,225.01,236.93,224.12,226.82,8493.71318255
2021-03-21,226.79,230.23,219.22,221.01,3677.37743983
2021-03-22,221.33,223.06,204.3,206.51,5072.84474823
2021-03-23,206.31,213.0,202.42,206.79,4679.4627598
2021-03-24,207.03,214.34,187.2,191.51,11521.71395684
2021-03-25,191.13,195.59,182.0,189.27,8754.78150442
2021-03-26,189.19,203.66,188.26,203.66,2546.1740263
2021-03-27,203.75,204.77,192.76,201.37,3707.98154748
2021-03-28,202.27,207.77,196.01,207.77,3657.14903682
2021-03-29,207.92,218.01,203.7,215.16,10397.01801251
2021-03-30,215.14,220.54,210.49,216.75,8660.62988438
2021-03-31,216.98,225.7,205.52,222.84,10640.91420537
2021-04-01,223.13,237.0,220.63,233.49,14009.44378297
2021-04-02,233.6,251.49,229.0,243.64,8488.93991525
2021-04-03,243.42,249.36,222.0,223.14,9761.12127426
2021-04-04,222.89,276.09,222.0,270.83,20994.78453067
2021-04-05,270.71,278.03,254.0,272.97,14891.007077
2021-04-06,273.77,283.85,258.92,275.34,32499.76538295
2021-04-07,276.19,293.0,244.19,253.47,34093.78574811
2021-04-08,253.74,269.84,250.71,267.75,8926.70456288
2021-04-09,268.24,273.92,261.14,264.92,6292.45718141
2021-04-10,265.3,286.77,263.12,283.05,11039.22745525
2021-04-11,283.67,294.79,278.62,287.13,20024.52496165
2021-04-12,287.31,298.31,272.0,280.09,15668.40536166
2021-04-13,280.69,300.72,277.0,294.0,15601.25596395
2021-04-14,294.38,318.29,284.57,305.62,22720.76809099
2021-04-15,305.14,329.85,297.54,327.58,13785.43875191
2021-04-16,326.87,394.71,318.12,377.98,53132.74248912
2021-04-17,378.75,410.66,352.11,356.37,19901.06042654
2021-04-18,356.93,360.32,256.0,317.72,31078.26278462
2021-04-19,317.62,326.14,277.87,294.78,16826.78881043
2021-04-20,294.56,329.56,273.28,318.17,15296.98160224
2021-04-21,317.34,328.59,292.94,294.58,11099.36391467
2021-04-22,294.27,313.82,273.45,276.43,15519.76681049
2021-04-23,276.0,282.3,233.04,261.98,23942.60689882
2021-04-24,263.15,263.25,240.0,246.8,7039.86327395
2021-04-25,247.02,269.95,232.0,246.37,28370.36380024
2021-04-26,247.07,281.12,244.35,279.43,12354.34066471
2021-04-27,278.51,293.12,274.85,292.9,22527.37100339
2021-04-28,293.19,298.99,276.01,288.85,34502.72127401
2021-04-29,288.86,289.95,274.0,286.77,9171.70995935
2021-04-30,286.68,330.62,282.14,319.0,18618.24105482
2021-05-01,319.47,328.34,308.0,322.12,6902.06989343
2021-05-02,322.05,323.95,303.45,315.07,5168.7992906399995
2021-05-03,314.8,343.14,314.55,342.63,12610.90767802
2021-05-04,341.99,382.64,315.52,362.13,27486.02818801
2021-05-05,361.95,420.0,358.68,397.23,19825.61123639
2021-05-06,396.56,454.0,373.41,443.83,32067.52133724
2021-05-07,444.71,477.69,391.38,404.72,22540.89483452
2021-05-08,403.99,428.9,392.94,409.72,8053.87168539
2021-05-09,409.73,410.64,374.74,406.46,12452.94493151
2021-05-10,407.21,432.26,358.42,370.9,21315.55945672
2021-05-11,370.96,434.0,360.89,427.13,20066.75243145
2021-05-12,427.39,439.35,351.01,357.95,36900.78866324
2021-05-13,357.91,384.02,338.12,358.15,22016.25935589
2021-05-14,358.36,386.7,355.0,371.63,6110.22352867
2021-05-15,371.48,375.4,334.06,336.26,11740.08346602
2021-05-16,336.55,367.15,313.0,332.52,17126.16819602
2021-05-17,333.06,333.06,281.92,294.93,23133.22024755
2021-05-18,295.69,318.33,290.18,305.37,10818.84897777
2021-05-19,304.54,310.0,138.29,190.0,88118.6665774
2021-05-20,189.32,237.92,166.1,227.32,38473.95445036
2021-05-21,227.95,236.54,165.69,189.11,30514.32453556
2021-05-22,189.3,194.25,170.38,178.82,15179.32845114
2021-05-23,178.07,184.57,122.57,150.17,36796.42525666
2021-05-24,150.49,201.61,146.96,201.61,24262.35267252
2021-05-25,200.83,215.73,178.71,195.5,15699.37984697
2021-05-26,195.56,221.6,192.04,214.05,17488.03520951
2021-05-27,214.1,214.78,191.83,205.08,7548.84234171
2021-05-28,203.12,206.04,170.6,183.24,11568.22003174
2021-05-29,183.06,210.3,170.74,176.72,11236.70805871
2021-05-30,176.18,190.41,165.46,181.87,5497.38496698
2021-05-31,180.85,198.6,172.94,197.56,4126.20833938
2021-06-01,197.03,201.36,184.37,191.65,4448.19480136
2021-06-02,191.52,209.01,186.74,202.27,6227.26720611
2021-06-03,201.48,215.86,198.39,209.17,9550.22552134
2021-06-04,210.34,210.34,180.29,191.32,11804.08589572
2021-06-05,191.46,198.63,179.16,185.53,6761.85933999
2021-06-06,185.02,193.27,181.96,185.11,4698.292831
2021-06-07,185.31,193.35,169.44,172.54,5135.93112327
2021-06-08,171.99,175.1,152.83,166.18,10256.23633619
2021-06-09,166.38,177.34,158.31,176.45,7692.37198708
2021-06-10,176.56,179.72,164.4,170.05,4373.36450087
2021-06-11,170.27,173.92,163.32,165.81,2677.57376551
2021-06-12,164.93,165.72,154.33,163.25,2992.95624442
2021-06-13,164.23,172.9,157.18,172.65,5048.62065099
2021-06-14,172.91,177.74,167.71,177.59,7293.74584944
2021-06-15,177.76,179.04,169.32,172.09,6529.79872036
2021-06-16,172.09,175.01,163.11,164.1,6802.70813856
2021-06-17,164.32,173.81,160.41,163.91,3569.13341539
2021-06-18,163.78,164.81,150.96,154.59,3539.72358814
2021-06-19,154.87,160.99,151.21,151.51,4021.08788011
2021-06-20,151.16,155.97,141.58,153.6,5317.11427002
2021-06-21,153.8,154.53,123.16,123.65,10385.49982804
2021-06-22,123.94,131.95,102.61,119.37,25743.3969799
2021-06-23,119.35,131.58,114.2,127.47,13283.36809577
2021-06-24,127.57,134.6,120.5,131.1,10588.12440626
2021-06-25,131.48,134.87,118.78,119.69,5004.59107818
2021-06-26,119.68,126.16,115.35,124.37,8498.08375212
2021-06-27,124.57,127.66,118.39,127.3,5589.26517751
2021-06-28,127.68,134.14,124.84,132.3,5234.15017727
2021-06-29,132.2,148.09,130.67,140.82,7939.1687011
2021-06-30,140.82,146.51,134.42,145.31,2361.85967243
2021-07-01,145.54,145.54,133.08,138.48,6553.04371594
2021-07-02,138.04,140.64,129.66,135.54,4423.03112411
2021-07-03,135.43,140.33,132.36,138.71,3142.41633511
2021-07-04,138.88,143.46,133.95,140.29,4980.07900673
2021-07-05,139.95,140.03,129.07,132.46,4993.31076387
2021-07-06,132.26,138.85,131.75,135.34,3312.34781357
2021-07-07,135.05,139.45,133.56,134.74,3347.34907437
2021-07-08,135.12,135.12,123.49,126.32,7132.85442639
2021-07-09,125.51,130.3,121.03,128.37,2115.99706982
2021-07-10,128.19,130.83,125.06,128.31,3297.85225821
2021-07-11,128.4,131.07,123.74,128.46,4168.13198216
2021-07-12,127.92,135.2,125.04,126.59,5461.92469938
2021-07-13,125.99,127.42,121.7,123.81,2880.64707392
2021-07-14,123.87,124.77,115.42,122.98,3874.35072197
2021-07-15,123.15,125.1,116.5,122.6,3438.64089063
2021-07-16,123.12,124.24,114.56,114.96,3010.17876871
2021-07-17,115.0,118.9,113.46,116.05,4062.47021445
2021-07-18,116.27,122.04,114.81,116.06,4445.89746713
2021-07-19,115.93,176.0,109.57,138.06,69617.37328546
2021-07-20,138.15,147.83,115.43,125.25,36795.96917654
2021-07-21,125.03,151.55,124.28,138.7,38433.96460833
2021-07-22,139.26,146.57,135.2,142.19,10137.04941527
2021-07-23,142.24,145.92,135.4,142.82,4856.09159267
2021-07-24,143.19,149.15,138.25,141.15,9264.35662612
2021-07-25,141.2,142.97,136.56,139.96,3677.45356648
2021-07-26,139.69,157.02,138.83,142.44,18443.23573557
2021-07-27,142.44,147.74,137.37,146.33,6600.58076655
2021-07-28,146.04,156.88,142.78,152.6,5743.4246936399995
2021-07-29,152.84,165.24,147.76,164.55,10100.71439477
2021-07-30,165.04,167.46,153.64,165.55,7887.21864559
2021-07-31,165.35,168.22,159.59,162.95,4404.08758892
2021-08-01,163.8,173.95,157.65,160.33,6924.46949696
2021-08-02,160.14,164.53,156.09,161.84,2635.60513353
2021-08-03,161.73,164.0,153.07,156.59,2304.94405939
2021-08-04,156.69,165.35,150.99,161.6,2949.57467883
2021-08-05,161.67,165.23,154.84,164.78,4518.19229579
2021-08-06,164.68,168.25,160.16,167.26,6167.16263312
2021-08-07,167.21,173.47,164.29,170.11,6475.57086299
2021-08-08,170.26,172.32,159.32,161.49,6633.55410168
2021-08-09,161.82,181.49,156.81,179.31,9218.69613509
2021-08-10,179.62,180.06,169.24,175.77,6596.71975585
2021-08-11,175.93,188.06,175.65,181.83,8388.13178256
2021-08-12,181.3,190.47,170.22,180.21,6160.11625267
2021-08-13,180.41,204.52,178.1,204.52,4993.36558442
2021-08-14,204.58,205.0,190.83,199.01,5782.27467594
2021-08-15,198.95,217.48,191.52,215.87,6196.3261161499995
2021-08-16,215.87,216.57,199.12,202.27,6853.2612457899995
2021-08-17,201.27,211.33,185.92,194.51,10420.88093759
2021-08-18,194.52,213.77,186.04,209.7,8805.58786232
2021-08-19,210.36,221.02,199.25,220.24,7783.91197596
2021-08-20,220.08,235.61,218.34,232.83,10076.79260618
2021-08-21,232.51,249.0,226.6,236.97,8872.63007061
2021-08-22,236.92,256.9,230.17,255.17,8449.80422024
2021-08-23,255.7,308.2,255.07,270.64,95528.39471654
2021-08-24,270.6,274.27,244.71,248.3,14296.39767108
2021-08-25,248.0,265.13,239.62,265.13,13681.12726496
2021-08-26,264.4,265.27,229.87,232.0,9662.12001197
2021-08-27,231.94,243.72,222.2,242.59,9020.95845377
2021-08-28,242.24,243.24,234.48,236.44,1724.06040803
2021-08-29,236.93,247.33,218.43,225.31,78325.67002891
2021-08-30,225.22,230.8,215.11,216.39,13406.9791857
2021-08-31,216.39,228.99,212.69,223.89,5543.52424032
2021-09-01,223.34,240.37,216.36,238.68,5941.04278774
2021-09-02,238.98,245.99,235.24,239.0,6810.10628534
2021-09-03,239.1,251.68,232.84,247.48,7021.42267825
2021-09-04,247.46,256.6,244.82,251.61,3795.16708119
2021-09-05,251.62,268.8,248.11,264.35,8082.61258593
2021-09-06,264.13,265.46,250.37,255.44,4397.98935186
2021-09-07,255.57,256.51,184.35,206.96,26159.49153812
2021-09-08,207.0,211.82,184.16,201.83,11201.38100719
2021-09-09,201.95,207.9,195.01,202.13,6517.37924539
2021-09-10,202.76,214.81,187.08,193.0,10847.66488798
2021-09-11,193.25,203.82,191.55,194.05,3822.17670208
2021-09-12,193.99,206.25,189.11,204.18,2984.8882815
2021-09-13,203.25,215.16,186.7,196.33,6556.47370763
2021-09-14,196.68,205.71,194.86,205.71,4266.61302107
2021-09-15,205.73,209.79,202.7,208.73,3849.6613706
2021-09-16,209.33,219.78,202.82,208.37,11280.71875955
2021-09-17,208.37,209.44,195.1,198.97,5672.18468838
2021-09-18,199.69,205.93,195.1,199.46,2975.00706608
2021-09-19,199.57,201.17,190.5,192.67,3813.77064986
2021-09-20,192.95,193.54,167.86,169.78,16147.53163445
2021-09-21,169.96,176.82,155.08,156.94,12679.62467342
2021-09-22,157.37,177.1,154.17,175.63,15244.9830763
2021-09-23,175.62,184.87,171.86,184.67,9207.4841066
2021-09-24,184.8,185.09,156.34,165.75,10223.97202103
2021-09-25,165.7,173.29,159.43,164.74,4932.23457254
2021-09-26,164.46,165.42,150.73,162.28,5073.49388872
2021-09-27,161.54,167.4,153.58,153.58,3283.83225521
2021-09-28,154.04,158.52,146.46,147.21,4707.18579969
2021-09-29,147.14,160.99,146.55,152.62,4487.83495361
2021-09-30,152.72,169.83,151.83,166.0,8478.28610613
2021-10-01,166.5,177.23,163.33,176.76,7148.574068
2021-10-02,176.91,182.98,171.91,178.06,3461.9471880300002
2021-10-03,178.0,182.0,173.93,178.36,4456.61705988
2021-10-04,178.27,180.21,168.0,174.2,5900.56841166
2021-10-05,174.28,185.0,171.85,182.67,6269.03101436
2021-10-06,182.9,191.15,170.8,185.18,10292.65130222
2021-10-07,185.17,198.33,180.0,188.94,12293.74172486
2021-10-08,189.29,198.38,185.94,189.45,3736.01817671
2021-10-09,188.45,194.72,186.6,193.64,4951.33519107
2021-10-10,193.66,195.67,181.49,182.67,4488.33679192
2021-10-11,182.26,190.91,178.2,182.87,4375.50480891
2021-10-12,182.66,182.66,170.5,180.57,7405.89451736
2021-10-13,180.68,183.79,173.28,183.37,1674.09545704
2021-10-14,183.7,189.54,182.51,186.43,2432.69355611
2021-10-15,186.83,194.82,181.97,193.91,6074.51553031
2021-10-16,194.09,198.26,189.68,190.35,4703.24132314
2021-10-17,190.38,192.85,179.08,186.1,5477.80481334
2021-10-18,186.1,190.58,180.35,186.68,3174.76207199
2021-10-19,186.84,194.87,186.2,194.16,6371.13881485
2021-10-20,194.08,205.74,189.53,201.28,9056.33106983
2021-10-21,201.69,208.01,192.55,196.9,7488.08800754
2021-10-22,196.82,203.29,192.34,195.25,3675.28238084
2021-10-23,195.31,198.82,191.5,197.67,3052.21760327
2021-10-24,197.67,213.94,196.89,202.7,10942.02261368
2021-10-25,202.79,209.82,201.2,208.64,4408.14822033
2021-10-26,207.86,207.86,195.0,198.45,4079.74458797
2021-10-27,198.55,202.01,168.97,175.5,25920.47488218
2021-10-28,175.34,186.3,173.16,183.41,14658.4801374
2021-10-29,183.43,188.93,181.57,188.04,2555.19688557
2021-10-30,187.83,189.33,179.57,184.03,3149.50202763
2021-10-31,183.91,199.68,183.6,192.82,9156.04288119
2021-11-01,192.86,194.6,183.6,189.23,38558.00654105
2021-11-02,189.33,202.98,187.71,200.03,8873.21869399
2021-11-03,201.21,205.45,193.07,201.71,5840.84264056
2021-11-04,202.22,204.71,193.7,199.05,3599.8406657
2021-11-05,198.9,199.73,191.61,194.63,2110.13458859
2021-11-06,194.54,197.93,185.26,191.26,2758.25622745
2021-11-07,191.25,193.96,189.9,193.96,1587.93101652
2021-11-08,193.85,212.85,193.61,211.81,27597.44906883
2021-11-09,211.85,238.62,211.09,234.78,25760.96629995
2021-11-10,234.34,247.51,209.23,217.43,42336.01143673
2021-11-11,216.32,235.06,213.15,231.91,13907.70755331
2021-11-12,231.86,236.13,212.27,221.36,4348.47164342
2021-11-13,221.48,232.01,217.42,228.77,6280.38402716
2021-11-14,228.77,231.79,220.02,228.9,2088.18730858
2021-11-15,229.0,240.0,223.83,224.4,5662.58250044
2021-11-16,223.83,223.83,188.29,198.73,11001.84966083
2021-11-17,198.59,200.44,185.0,189.52,40411.1965107
2021-11-18,189.75,190.84,170.31,175.89,17738.61948794
2021-11-19,176.07,189.62,174.19,189.53,10513.51387891
2021-11-20,189.51,198.23,186.28,193.61,5917.81663934
2021-11-21,193.91,208.8,187.57,207.41,6945.36673661
2021-11-22,207.56,209.21,188.72,197.93,13095.96206356
2021-11-23,198.01,200.89,182.81,187.67,57135.5006638
2021-11-24,187.65,205.05,184.52,204.44,30327.89631669
2021-11-25,204.35,215.72,202.36,214.66,10495.52338025
2021-11-26,215.19,215.79,178.28,183.71,11438.71547998
2021-11-27,183.67,190.07,180.73,182.7,5809.78025642
2021-11-28,182.54,183.05,164.11,178.85,73383.26959218
2021-11-29,179.13,184.59,176.0,181.99,5997.78362782
2021-11-30,182.12,186.21,174.91,179.95,4249.79804628
2021-12-01,179.77,185.45,176.57,178.54,3619.40530768
2021-12-02,178.36,178.36,172.34,176.05,1768.2838252
2021-12-03,176.18,180.28,160.32,167.54,5985.29941888
2021-12-04,167.49,167.77,110.28,142.6,19521.34814363
2021-12-05,143.18,144.99,126.38,134.7,8928.55668278
2021-12-06,134.99,139.88,122.26,137.7,12461.7791883
2021-12-07,137.35,144.91,135.71,138.27,10649.86224372
2021-12-08,138.24,148.93,135.14,147.49,10055.81203532
2021-12-09,147.73,151.47,135.88,136.26,15223.78576048
2021-12-10,136.02,141.54,131.48,133.18,9496.97024382
2021-12-11,133.0,141.89,130.85,140.25,5447.80471161
2021-12-12,140.76,140.93,133.97,138.15,3089.56452928
2021-12-13,138.32,139.88,123.92,126.6,5379.76324146
2021-12-14,126.22,134.28,124.79,131.63,4467.49720643
2021-12-15,131.8,136.74,124.42,134.07,5220.8734927900005
2021-12-16,134.78,136.1,129.86,130.68,3489.60875682
2021-12-17,130.82,132.48,124.07,128.31,3218.47222051
2021-12-18,128.82,132.57,126.37,129.77,2233.45707112
2021-12-19,130.01,133.24,128.63,129.0,2730.68920927
2021-12-20,129.27,129.8,122.53,127.32,3104.85113675
2021-12-21,127.08,134.92,125.5,133.83,2798.39994047
2021-12-22,134.09,143.65,131.41,135.13,4729.97369244
2021-12-23,135.76,147.39,131.78,146.58,8048.26380252
2021-12-24,146.77,156.69,144.82,149.48,14899.51265435
2021-12-25,149.29,153.85,148.41,150.18,3887.33405771
2021-12-26,150.2,151.1,145.11,149.07,2532.936
2021-12-27,149.72,155.8,148.92,150.8,2303.8438706
2021-12-28,150.89,150.97,134.6,134.72,5101.45436011
2021-12-29,134.86,137.01,131.27,133.42,3135.70946652
2021-12-30,133.35,135.76,129.24,133.21,2368.01228945
2021-12-31,133.04,142.34,131.03,133.61,7621.34058556
2022-01-01,133.82,139.45,133.54,138.18,2633.95067234
2022-01-02,138.47,143.22,136.26,142.03,2616.82076493
2022-01-03,141.88,142.9,136.11,139.07,2509.61166532
2022-01-04,139.63,139.85,133.3,134.75,3124.52869109
2022-01-05,134.69,137.03,117.14,122.62,9579.63130795
2022-01-06,122.56,125.24,118.02,124.56,9107.08178019
2022-01-07,124.8,134.85,115.52,134.64,16870.36798845
2022-01-08,134.74,147.39,131.8,141.76,27377.8511367
2022-01-09,141.97,157.68,140.63,152.82,21446.95541231
2022-01-10,152.95,154.97,140.29,147.9,9826.57808568
2022-01-11,148.32,156.07,141.09,141.71,8297.23041931
2022-01-12,141.64,144.85,138.58,143.47,16090.40026708
2022-01-13,143.45,144.73,137.26,141.4,4645.18694684
2022-01-14,141.6,146.99,139.32,141.36,9323.94912861
2022-01-15,141.53,142.54,138.7,141.57,2118.00616045
2022-01-16,141.63,142.84,136.05,137.38,3036.391841
2022-01-17,137.53,138.3,132.79,135.84,5209.55454103
2022-01-18,135.95,137.0,127.42,130.55,4248.14286397
2022-01-19,130.65,132.02,126.19,126.78,4466.59928098
2022-01-20,126.93,133.79,120.53,121.25,3790.97922072
2022-01-21,121.12,122.32,102.74,105.89,13454.77438118
2022-01-22,105.73,107.77,85.301,96.968,20967.55687965
2022-01-23,97.162,100.96,93.06,99.647,6258.53338176
2022-01-24,99.546,100.35,80.643,90.384,18593.03246563
2022-01-25,90.258,92.535,87.928,89.463,3270.25610103
2022-01-26,89.685,99.209,88.404,93.032,6121.5967317
2022-01-27,92.8,94.396,87.302,91.769,3524.52191764
2022-01-28,91.677,96.073,89.856,95.61,4178.10304376
2022-01-29,95.53,97.858,93.181,96.476,2703.17939509
2022-01-30,96.568,98.234,92.013,92.96,2532.97368403
2022-01-31,92.84,95.082,88.448,94.309,2464.820607
2022-02-01,94.247,97.528,93.867,97.25,2763.91060614
2022-02-02,97.388,99.658,92.229,92.972,4673.37503517
2022-02-03,92.857,95.324,90.266,95.158,1562.37979872
2022-02-04,95.275,103.32,94.374,102.97,4860.9246082
2022-02-05,102.94,106.63,101.36,103.64,5171.9813059
2022-02-06,103.68,109.13,102.68,108.99,3362.44490475
2022-02-07,108.92,117.14,106.03,115.88,4193.42306674
2022-02-08,116.0,119.52,109.55,112.86,7277.38934108
2022-02-09,113.13,118.25,110.26,115.1,2933.46584984
2022-02-10,114.98,117.56,109.89,111.82,2852.79059942
2022-02-11,111.45,114.66,102.78,103.98,4073.58398819
2022-02-12,104.08,106.75,100.12,104.11,3222.85269016
2022-02-13,104.08,106.28,100.88,102.18,4055.79409559
2022-02-14,102.13,104.7,98.853,103.96,4563.93856142
2022-02-15,103.96,109.88,103.76,109.37,4362.78032526
2022-02-16,109.32,116.16,106.24,115.22,5302.01860693
2022-02-17,115.28,118.67,103.4,104.91,8362.82307231
2022-02-18,104.59,110.79,103.67,105.31,4317.83675094
2022-02-19,105.1,106.81,99.95,102.67,2321.37252994
2022-02-20,102.58,102.62,95.171,97.888,3124.95406134
2022-02-21,98.205,101.56,86.467,86.98,5159.1711389
2022-02-22,87.249,94.064,84.501,93.659,2465.05187713
2022-02-23,93.844,96.363,88.135,88.462,1378.69053923
2022-02-24,88.376,90.85,77.233,88.024,7266.90159168
2022-02-25,87.789,94.082,86.168,92.853,1907.25633722
2022-02-26,92.76,95.957,91.516,93.728,1521.38944111
2022-02-27,93.784,95.59,86.282,88.343,3139.14651063
2022-02-28,88.247,100.77,86.638,100.59,3491.5842215
2022-03-01,100.88,102.93,96.684,99.98,2503.37748959
2022-03-02,100.04,103.97,96.777,100.91,1641.37681073
2022-03-03,100.81,102.98,94.823,96.805,1605.97804973
2022-03-04,96.784,97.202,87.99,89.595,1345.60130148
2022-03-05,89.25,90.436,86.811,89.632,1418.04071508
2022-03-06,89.646,90.809,85.01,85.697,2336.8117681
2022-03-07,85.799,90.572,83.551,86.159,2279.98800267
2022-03-08,86.019,97.518,85.328,96.291,2571.64054481
2022-03-09,96.413,101.88,95.519,99.903,5902.08459535
2022-03-10,100.07,105.86,93.152,104.9,8426.18737957
2022-03-11,104.66,104.81,94.947,94.991,2601.6643941
2022-03-12,95.374,101.25,94.927,99.158,1459.40261439
2022-03-13,99.064,103.14,92.103,93.822,2847.00040029
2022-03-14,93.457,98.858,92.191,98.238,1031.57322356
2022-03-15,98.175,98.472,93.0,95.327,864.69395122
2022-03-16,95.281,99.754,94.378,98.46,2144.46267303
2022-03-17,98.384,100.5,96.246,96.508,1011.96398408
2022-03-18,96.51,99.588,93.16,98.731,2356.74245298
2022-03-19,98.834,104.75,98.696,102.97,2575.19040943
2022-03-20,103.13,118.15,101.27,115.6,12278.66242023
2022-03-21,115.67,123.97,112.29,123.84,10053.95876722
2022-03-22,123.43,132.71,121.49,130.68,5910.64425543
2022-03-23,130.83,138.71,126.56,129.54,11812.07468199
2022-03-24,129.7,133.96,123.63,129.97,2969.34678365
2022-03-25,129.89,132.37,121.58,126.46,3501.77277329
2022-03-26,125.92,131.92,125.54,128.12,2445.73437521
2022-03-27,128.12,133.23,124.89,132.91,7143.48441683
2022-03-28,132.9,138.16,125.95,127.79,7186.97086577
2022-03-29,127.47,135.79,127.08,130.54,5136.51118755
2022-03-30,130.02,136.78,126.42,132.57,4775.7767096
2022-03-31,133.05,137.24,125.44,127.09,7804.7934142799995
2022-04-01,127.23,130.55,121.11,128.06,4621.67957066
2022-04-02,128.01,131.51,126.47,127.36,3967.37985235
2022-04-03,127.44,134.89,124.28,132.64,4727.14953755
2022-04-04,132.49,134.3,125.71,133.36,5789.04020525
2022-04-05,133.77,136.27,126.69,126.93,5068.19195041
2022-04-06,127.0,127.0,113.3,113.75,9912.80188229
2022-04-07,113.77,117.69,111.12,116.74,3320.65588202
2022-04-08,116.6,117.91,108.62,110.84,6825.15931909
2022-04-09,110.72,117.87,110.67,114.85,3896.01346707
2022-04-10,114.78,115.77,110.5,111.07,3369.52128262
2022-04-11,111.0,112.2,98.704,100.78,6997.97673078
2022-04-12,101.03,105.22,99.578,102.38,2712.49194742
2022-04-13,102.39,107.07,101.12,105.3,4082.41239089
2022-04-14,105.12,108.73,101.64,106.24,6523.69592771
2022-04-15,106.39,110.99,105.85,109.31,5194.7172532
2022-04-16,109.33,110.43,106.57,108.41,1615.11125077
2022-04-17,108.48,109.82,104.23,104.38,3026.64867512
2022-04-18,104.33,108.93,101.0,108.8,4539.00999958
2022-04-19,108.73,110.65,106.15,109.75,3211.07608858
2022-04-20,109.59,109.75,105.26,107.01,3364.95017736
2022-04-21,107.06,109.71,100.07,102.28,4538.82435606
2022-04-22,101.55,106.02,101.47,103.66,4926.23808285
2022-04-23,103.54,104.68,101.18,101.86,2668.9484713800002
2022-04-24,101.91,102.43,98.852,100.1,2369.83690267
2022-04-25,100.11,100.25,93.401,99.545,7118.68421286
2022-04-26,99.626,101.33,91.441,93.173,3191.97112272
2022-04-27,92.98,96.339,92.507,95.653,1460.00044759
2022-04-28,95.583,99.94,94.786,96.456,4200.0402163
2022-04-29,96.529,99.661,90.621,92.104,6169.18745452
2022-04-30,92.142,94.482,80.82,84.689,5875.32753708
2022-05-01,84.864,90.574,83.906,90.134,3011.69948523
2022-05-02,89.912,91.0,86.538,89.241,4522.91725886
2022-05-03,89.358,90.831,86.525,88.173,1970.4281894
2022-05-04,88.096,95.938,87.813,95.853,3132.49852754
2022-05-05,95.968,97.654,85.392,87.558,4640.97351616
2022-05-06,87.505,88.433,84.348,87.763,2785.28790348
2022-05-07,87.837,87.841,81.542,83.51,2195.61432773
2022-05-08,83.607,85.478,80.0,83.044,4101.04651938
2022-05-09,83.2,85.661,69.283,69.964,17253.36746811
2022-05-10,70.356,79.105,68.44,73.479,12253.87578454
2022-05-11,73.311,74.677,53.52,58.287,13799.56873967
2022-05-12,58.553,61.641,44.674,53.935,64044.74290505
2022-05-13,53.856,62.732,52.88,58.109,7944.10130323
2022-05-14,58.109,61.5,55.261,60.991,9757.91042914
2022-05-15,61.011,63.051,58.442,63.051,33300.5842268
2022-05-16,63.051,63.184,55.57,57.676,39001.45954373
2022-05-17,57.989,61.081,56.439,60.197,13444.21787796
2022-05-18,60.197,61.599,54.927,55.643,15329.65903341
2022-05-19,55.792,59.354,53.437,58.799,13448.98673202
2022-05-20,58.744,60.171,55.797,57.367,14625.966143740001
2022-05-21,57.393,58.208,55.805,56.995,16087.45048609
2022-05-22,57.087,61.925,56.456,61.566,11729.73983391
2022-05-23,61.574,64.738,59.017,59.78,11899.16880369
2022-05-24,59.788,62.509,58.184,62.39,8571.39215226
2022-05-25,62.343,64.103,60.8,62.251,8059.46701452
2022-05-26,62.259,63.367,55.837,58.185,12258.14776224
2022-05-27,58.179,58.815,54.161,54.859,10236.99159446
2022-05-28,54.867,56.99,54.127,56.593,9463.32388263
2022-05-29,56.51,57.904,55.198,57.824,6398.11037562
2022-05-30,57.908,63.578,57.352,63.186,6214.20300799
2022-05-31,63.152,65.501,60.284,64.527,10126.01813915
2022-06-01,64.599,68.17,58.781,59.156,16986.59823818
2022-06-02,59.233,60.232,58.11,59.896,3026.0943715500002
2022-06-03,59.904,60.039,56.353,58.233,6161.14950416
2022-06-04,58.322,59.378,57.272,58.714,4471.27577095
2022-06-05,58.72,59.261,57.674,58.606,2700.88488039
2022-06-06,58.538,62.0,58.383,60.135,3971.37432043
2022-06-07,60.133,60.805,56.06,58.387,7194.58231384
2022-06-08,58.309,59.402,57.454,58.158,7057.03306968
2022-06-09,58.134,58.619,57.111,57.791,3587.48251332
2022-06-10,57.834,57.937,53.143,53.933,12682.45013881
2022-06-11,53.922,54.613,48.529,49.097,10738.1299419
2022-06-12,49.12,49.93,45.627,46.12,13344.72372979
2022-06-13,46.231,46.564,39.448,42.63,32701.04699056
2022-06-14,42.547,44.545,38.996,43.501,25495.8809927
2022-06-15,43.498,45.936,38.641,45.833,15152.73700934
2022-06-16,45.891,46.423,41.165,41.821,9583.37290652
2022-06-17,41.894,44.374,41.445,43.463,12103.87730428
2022-06-18,43.479,44.14,38.539,41.64,9943.30131692
2022-06-19,41.696,45.189,39.943,44.323,6312.18576791
2022-06-20,44.312,46.161,43.063,45.359,8154.6286757
2022-06-21,45.365,48.553,44.609,47.039,8463.60732458
2022-06-22,47.029,47.24,44.374,45.098,5121.58088784
2022-06-23,45.14,48.931,45.048,48.586,2367.71250069
2022-06-24,48.606,52.598,48.592,51.597,2484.27416835
2022-06-25,51.665,52.856,49.531,52.221,937.67223043
2022-06-26,52.242,53.292,49.158,49.508,1148.0385805
2022-06-27,49.328,51.819,48.562,49.11,1977.47820291
2022-06-28,49.203,49.9,45.888,46.24,1906.52545893
2022-06-29,46.225,46.998,44.057,44.576,3490.70357948
2022-06-30,44.589,44.873,40.165,42.298,3681.68790708
2022-07-01,42.034,43.334,40.77,41.517,3325.29551026
2022-07-02,41.739,43.265,40.67,42.833,1215.97869311
2022-07-03,42.887,43.491,41.41,42.716,1453.34060036
2022-07-04,42.845,44.491,41.524,44.321,973.19566732
2022-07-05,44.234,44.838,41.751,43.09,2912.06278456
2022-07-06,43.111,44.8,42.422,44.155,2032.0680855800001
2022-07-07,44.19,46.29,43.738,46.076,1208.82412117
2022-07-08,46.036,47.382,44.923,45.731,1412.29820166
2022-07-09,45.675,48.151,45.675,47.79,1538.46929894
2022-07-10,47.769,47.769,44.668,45.093,2703.62067854
2022-07-11,45.092,45.139,41.212,41.466,4678.91203447
2022-07-12,41.459,42.149,39.65,39.801,9269.46204651
2022-07-13,39.815,42.494,39.352,42.481,2339.2340817
2022-07-14,42.393,43.847,40.517,43.703,1535.63187611
2022-07-15,43.659,44.765,43.043,43.284,1352.59481883
2022-07-16,43.292,45.074,42.042,44.795,3232.15222561
2022-07-17,44.889,47.066,44.087,45.937,3852.60550959
2022-07-18,45.937,49.707,45.89,49.15,10555.57503912
2022-07-19,48.945,50.867,47.304,50.149,7907.34610784
2022-07-20,49.951,50.854,46.681,47.091,5255.7628072200005
2022-07-21,47.092,48.533,45.375,48.113,3870.48258195
2022-07-22,48.106,50.779,47.602,48.353,2780.72058004
2022-07-23,48.408,50.268,46.64,47.61,2615.41581262
2022-07-24,47.608,50.151,47.56,48.929,2372.95346418
2022-07-25,48.916,49.358,44.869,44.869,6167.50600976
2022-07-26,44.86,44.981,42.497,44.128,4350.18846538
2022-07-27,44.0,48.091,42.898,48.002,4043.0800561
2022-07-28,48.105,53.822,47.617,52.412,4574.13789473
2022-07-29,52.524,54.601,49.972,50.596,3908.4815434
2022-07-30,50.737,53.643,50.068,50.586,5637.20484289
2022-07-31,50.664,53.876,50.408,51.146,3736.23462275
2022-08-01,51.085,52.508,48.416,49.689,4392.31920576
2022-08-02,49.604,50.215,47.124,48.479,3592.00252828
2022-08-03,48.572,50.461,47.01,48.773,7550.68025303
2022-08-04,48.756,50.368,48.398,49.291,2511.20810438
2022-08-05,49.375,52.406,49.375,52.406,3657.03561036
2022-08-06,52.383,53.53,51.653,52.467,3366.60900676
2022-08-07,52.463,54.724,51.687,53.368,2985.20243485
2022-08-08,53.368,56.217,53.211,56.217,5643.63987733
2022-08-09,56.23,58.412,52.209,52.755,8628.64999907
2022-08-10,52.761,55.086,50.883,54.536,3082.33668352
2022-08-11,54.574,57.108,54.47,55.627,3979.38681079
2022-08-12,55.648,56.488,54.064,56.22,3171.18579538
2022-08-13,56.18,57.736,55.521,56.972,3095.4460861000002
2022-08-14,56.998,58.065,54.507,55.01,2679.50026194
2022-08-15,54.911,56.909,52.3,53.194,1945.2633976500001
2022-08-16,53.161,53.77,51.85,52.497,1146.4880745
2022-08-17,52.428,55.298,51.68,53.147,2626.42752411
2022-08-18,53.008,54.212,49.011,50.372,6182.5560757
2022-08-19,50.357,50.39,44.322,44.884,13507.12086602
2022-08-20,44.891,46.341,44.387,45.661,2261.50390372
2022-08-21,45.795,47.546,45.37,46.723,1543.37715178
2022-08-22,46.781,47.269,44.2,47.192,4319.5025579
2022-08-23,47.191,48.857,45.646,48.551,2376.90277058
2022-08-24,48.585,50.605,47.238,49.11,2081.82216613
2022-08-25,49.203,50.206,48.717,49.214,1325.38927684
2022-08-26,49.117,49.118,43.74,44.309,3621.47901718
2022-08-27,44.284,45.318,43.741,45.176,1480.38145926
2022-08-28,45.127,45.994,44.026,44.142,1429.1134503
2022-08-29,44.378,47.632,43.556,47.501,3327.56597626
2022-08-30,47.581,48.216,45.149,45.621,3406.37642852
2022-08-31,45.687,46.403,44.256,44.446,2619.36643858
2022-09-01,44.548,44.896,43.129,44.767,1448.25470528
2022-09-02,44.753,46.473,44.286,45.757,3444.80464439
2022-09-03,45.733,46.869,45.08,46.705,3547.16085497
2022-09-04,46.755,47.649,45.994,47.572,2238.64083991
2022-09-05,47.638,48.656,46.278,47.603,2860.64544701
2022-09-06,47.678,48.896,42.665,42.68,5334.93869405
2022-09-07,42.561,45.607,42.172,44.962,5284.93427192
2022-09-08,44.993,46.496,44.244,46.279,1703.85452304
2022-09-09,46.288,49.793,46.214,49.061,7312.90279411
2022-09-10,49.094,50.15,48.422,48.763,1601.44987746
2022-09-11,48.863,49.054,47.111,48.282,989.52118422
2022-09-12,48.439,49.967,46.792,47.176,2867.13876185
2022-09-13,47.089,48.187,43.3,43.822,6454.52103802
2022-09-14,43.867,45.769,43.558,45.624,2219.167061
2022-09-15,45.618,45.708,43.246,43.906,3492.06726849
2022-09-16,43.9,44.439,42.733,43.786,3766.0149152
2022-09-17,43.881,44.937,43.847,44.638,2258.21735992
2022-09-18,44.603,44.743,39.817,40.276,2970.90208701
2022-09-19,40.301,41.05,38.952,40.789,5681.4872114400005
2022-09-20,40.714,41.529,40.048,40.59,4500.1475982
2022-09-21,40.577,43.634,39.19,39.862,9625.33235003
2022-09-22,39.719,42.332,39.566,41.949,4628.99771512
2022-09-23,41.986,42.944,40.508,42.17,2960.1297311
2022-09-24,42.2,42.75,41.367,41.631,2237.78575211
2022-09-25,41.613,42.456,40.604,41.153,2185.0106829
2022-09-26,41.128,41.795,40.288,41.723,2406.33607597
2022-09-27,41.771,43.743,41.032,41.567,3092.0494108
2022-09-28,41.615,41.905,39.901,41.26,3788.35739423
2022-09-29,41.318,42.356,40.7,42.225,871.70579044
2022-09-30,42.341,42.842,41.535,41.972,1210.15855049
2022-10-01,41.965,42.505,41.606,41.733,551.75309049
2022-10-02,41.701,41.948,39.651,39.833,1270.58447653
2022-10-03,39.899,41.354,39.314,41.282,4105.02879738
2022-10-04,41.276,42.787,41.115,42.327,3014.48960872
2022-10-05,42.331,43.055,41.342,42.143,3833.28558242
2022-10-06,42.21,42.823,41.949,42.06,1275.32653923
2022-10-07,42.003,42.475,41.379,42.297,1359.73657845
2022-10-08,42.32,42.932,41.872,42.411,1017.39643226
2022-10-09,42.379,43.268,42.212,42.966,5051.59376909
2022-10-10,42.943,43.487,41.791,41.882,2173.1724252
2022-10-11,41.823,41.823,40.633,41.273,1938.68531936
2022-10-12,41.315,42.313,41.226,41.768,864.5430702
2022-10-13,41.709,41.726,38.018,40.393,9122.51389696
2022-10-14,40.367,41.689,39.61,40.218,1515.56425592
2022-10-15,40.25,41.145,39.997,40.503,1768.84685677
2022-10-16,40.49,42.266,40.393,41.78,2331.31795281
2022-10-17,41.791,41.946,40.96,41.508,1040.3564814
2022-10-18,41.54,41.814,40.158,40.699,1528.9255105299999
2022-10-19,40.791,40.879,39.308,39.699,1370.66401108
2022-10-20,39.676,40.734,39.219,39.74,1036.42877348
2022-10-21,39.705,40.945,38.435,40.654,2265.94209578
2022-10-22,40.686,41.189,40.086,40.855,780.24497076
2022-10-23,40.886,41.925,39.928,41.731,3608.41477157
2022-10-24,41.725,41.931,39.811,40.116,3658.41438221
2022-10-25,40.143,42.14,39.695,41.438,2802.21735736
2022-10-26,41.459,43.132,41.138,42.102,4410.30363205
2022-10-27,42.044,43.744,41.12,41.381,4994.09774552
2022-10-28,41.315,42.639,40.959,42.471,1366.37360181
2022-10-29,42.498,44.055,42.454,42.976,4709.6625237
2022-10-30,42.967,43.662,41.465,41.995,2445.06448181
2022-10-31,42.043,42.72,41.25,41.865,1046.18361044
2022-11-01,41.936,42.416,41.113,41.15,1563.7508717
2022-11-02,41.08,41.982,39.913,40.89,5714.30383505
2022-11-03,40.89,42.789,40.832,41.876,6124.9651466
2022-11-04,41.878,45.161,41.748,44.6,8799.70143267
2022-11-05,44.643,46.067,44.529,45.559,8355.81725233
2022-11-06,45.491,46.039,43.458,43.708,4812.44735677
2022-11-07,43.629,47.43,43.4,45.825,11185.1194825
2022-11-08,45.803,47.122,34.601,38.344,11768.3205223
2022-11-09,38.424,38.549,30.693,32.098,13941.25132153
2022-11-10,32.027,37.254,31.774,36.856,5819.8829760300005
2022-11-11,36.785,37.745,34.347,35.732,5601.19798285
2022-11-12,35.8,35.81,33.384,33.82,3716.28891962
2022-11-13,33.756,34.787,32.779,33.392,2501.27009905
2022-11-14,33.466,34.56,31.581,34.359,4172.99045573
2022-11-15,34.491,35.179,33.805,34.257,1776.40511775
2022-11-16,34.319,34.531,32.953,33.829,858.41703598
2022-11-17,33.803,34.037,33.06,33.776,2224.68008449
2022-11-18,33.843,34.652,33.379,34.451,3583.78225718
2022-11-19,34.447,35.996,33.907,35.513,2146.76438656
2022-11-20,35.607,36.109,34.426,34.499,3260.97786491
2022-11-21,34.54,35.001,33.677,34.496,3461.50117613
2022-11-22,34.412,37.363,34.219,37.29,6206.54615192
2022-11-23,37.341,44.052,36.834,43.18,24304.46231683
2022-11-24,43.174,43.384,41.461,42.046,18337.06592613
2022-11-25,41.92,42.366,40.268,40.51,3894.86994305
2022-11-26,40.511,42.313,40.438,41.096,5711.86137458
2022-11-27,41.118,42.592,40.402,40.648,8137.75778012
2022-11-28,40.743,40.91,38.775,39.978,4444.72046763
2022-11-29,39.93,43.477,39.622,43.172,7630.47723228
2022-11-30,43.204,44.974,41.996,43.251,7452.67657994
2022-12-01,43.251,46.414,42.68,45.544,7545.99932754
2022-12-02,45.499,46.317,44.292,45.768,3490.25555741
2022-12-03,45.677,46.362,44.639,45.051,2740.4354751
2022-12-04,45.028,45.608,44.159,44.804,1895.62232753
2022-12-05,44.728,48.053,44.639,47.084,7590.11515511
2022-12-06,47.053,47.972,45.429,46.317,1526.07189622
2022-12-07,46.3,47.739,43.628,43.993,5771.75990519
2022-12-08,44.034,45.403,43.429,45.251,2325.86293829
2022-12-09,45.299,47.412,44.704,46.627,4668.67798657
2022-12-10,46.609,48.207,46.179,46.614,2202.89652583
2022-12-11,46.592,47.745,46.494,46.722,667.18433423
2022-12-12,46.655,49.97,44.54,48.889,4951.44866952
2022-12-13,48.934,50.265,47.001,48.237,4099.6342306999995
2022-12-14,48.271,49.903,48.001,48.756,2526.70218148
2022-12-15,48.785,48.983,46.344,46.594,2146.74631895
2022-12-16,46.527,47.183,42.046,43.497,5306.93857601
2022-12-17,43.234,43.872,41.32,43.222,4630.52209876
2022-12-18,43.181,43.389,42.05,42.474,3568.84814402
2022-12-19,42.464,43.563,40.345,41.264,3153.3752501
2022-12-20,41.185,43.063,40.91,42.171,1983.15551506
2022-12-21,42.2,43.228,41.306,42.675,2502.24517502
2022-12-22,42.675,43.42,41.429,42.818,1993.21443628
2022-12-23,42.865,43.5,42.634,43.352,2186.9689783
2022-12-24,43.324,44.265,43.064,43.85,1700.0660129
2022-12-25,43.902,44.759,43.697,44.493,3152.73262484
2022-12-26,44.522,45.759,44.263,45.031,2142.3324066
2022-12-27,45.103,45.536,43.404,44.169,1326.72653527
2022-12-28,44.213,44.213,42.461,42.972,2183.74158066
2022-12-29,43.011,43.658,41.862,42.659,1565.2744178
2022-12-30,42.603,42.752,41.292,42.002,1742.71845638
2022-12-31,41.951,43.322,41.685,42.072,2205.95703258
2023-01-01,42.02,42.416,41.13,42.282,2636.75316771
2023-01-02,42.329,44.07,41.524,43.582,2975.9582492199997
2023-01-03,43.664,43.971,42.301,42.899,1553.34306884
2023-01-04,42.851,46.444,42.721,45.824,4806.983431
2023-01-05,45.851,46.242,44.635,44.907,2166.05950147
2023-01-06,44.946,46.116,43.833,45.963,1589.04298039
2023-01-07,45.878,46.973,45.878,46.39,2739.51511163
2023-01-08,46.358,48.362,45.788,47.922,1870.56973741
2023-01-09,47.894,50.873,47.785,48.882,6751.94102111
2023-01-10,48.868,49.565,47.632,48.454,2150.40252742
2023-01-11,48.45,49.24,46.547,49.087,3097.98054963
2023-01-12,49.091,49.88,47.038,49.367,3600.81263764
2023-01-13,49.435,52.45,48.607,51.41,2717.31498984
2023-01-14,51.421,54.275,49.882,51.613,7981.10733152
2023-01-15,51.596,52.42,49.801,51.737,4134.65658124
2023-01-16,51.782,52.933,47.889,49.297,4886.69965857
2023-01-17,49.272,50.35,48.358,49.331,3350.03372244
2023-01-18,49.473,50.062,45.866,46.857,5211.16946877
2023-01-19,46.902,49.165,46.73,49.068,648.48148771
2023-01-20,49.0,51.93,48.942,51.858,2691.0822199
2023-01-21,51.865,54.027,50.508,52.393,4225.97763835
2023-01-22,52.485,53.401,50.336,51.398,3625.8831999
2023-01-23,51.425,53.877,51.425,51.907,3286.82368049
2023-01-24,51.907,52.913,48.029,48.951,2046.7737725499999
2023-01-25,49.079,51.96,48.284,50.487,1735.35950442
2023-01-26,50.643,51.177,49.198,50.829,4447.7145588
2023-01-27,50.891,52.139,49.556,51.7,3213.47477846
2023-01-28,51.839,52.195,49.987,50.673,467.65740573
2023-01-29,50.576,58.307,50.507,56.718,8689.39931225
2023-01-30,56.726,60.72,55.432,59.256,8766.37184241
2023-01-31,59.127,62.392,58.781,60.275,3360.44149071
2023-02-01,60.233,63.774,58.32,62.937,4312.09392852
2023-02-02,62.921,63.925,60.459,61.481,2162.60697233
2023-02-03,61.673,64.736,60.941,62.778,3417.12677946
2023-02-04,62.858,63.233,61.074,61.448,1513.92002
2023-02-05,61.504,61.622,58.126,59.503,4250.22419709
2023-02-06,59.6,64.182,59.042,61.849,8180.92173319
2023-02-07,61.724,66.444,61.724,65.819,5037.74518803
2023-02-08,65.708,66.584,62.429,64.035,2048.40379415
2023-02-09,64.14,64.564,55.425,57.328,7331.67532669
2023-02-10,57.24,58.685,56.84,57.8,3424.44192139
2023-02-11,57.858,62.713,57.733,61.965,3737.18265896
2023-02-12,61.932,63.338,60.681,62.602,2455.89592545
2023-02-13,62.735,64.401,60.378,63.24,4598.76852774
2023-02-14,63.192,69.383,62.012,68.012,6795.63502866
2023-02-15,68.115,74.223,67.747,73.438,6121.53005551
2023-02-16,73.32,77.81,71.701,73.776,3689.08789584
2023-02-17,73.788,75.173,70.792,73.264,3233.32278742
2023-02-18,73.377,75.564,71.796,72.119,1199.76517325
2023-02-19,71.976,73.515,70.097,70.685,2174.05970178
2023-02-20,70.807,74.318,70.271,72.324,1682.15752559
2023-02-21,72.358,72.961,68.657,70.75,2081.47661946
2023-02-22,70.75,74.051,68.353,73.336,2772.30056611
2023-02-23,73.545,73.93,70.34,70.998,1350.51989112
2023-02-24,71.072,71.389,67.367,70.167,2088.47703657
2023-02-25,70.242,70.547,66.751,69.488,2304.24051218
2023-02-26,69.385,74.658,69.098,74.025,2122.68342528
2023-02-27,74.235,75.114,72.063,74.323,2693.19506975
2023-02-28,74.383,74.561,71.159,71.622,1404.80236698
2023-03-01,71.677,74.175,71.16,74.127,1332.07100068
2023-03-02,74.127,74.371,70.703,72.453,894.30767513
2023-03-03,72.354,72.408,66.243,69.355,2362.49040085
2023-03-04,69.285,69.916,65.366,67.345,2357.47062373
2023-03-05,67.302,68.842,64.526,65.314,939.67542171
2023-03-06,65.256,65.929,61.241,62.488,4581.98893924
2023-03-07,62.462,63.447,60.213,62.076,1273.56288338
2023-03-08,62.201,62.465,57.419,58.232,1895.20606929
2023-03-09,58.166,60.387,53.225,54.93,3576.98534175
2023-03-10,54.699,54.699,46.964,50.1,9647.13368649
2023-03-11,50.051,51.782,43.682,47.004,7264.75212646
2023-03-12,46.87,53.836,45.602,53.354,3470.39689555
2023-03-13,53.434,57.685,51.189,56.541,7742.92515618
2023-03-14,56.595,60.553,54.366,58.47,6756.68072762
2023-03-15,58.574,59.59,50.751,52.09,5376.34953439
2023-03-16,52.156,53.779,51.452,52.992,1992.21409904
2023-03-17,52.907,58.574,52.357,58.193,3972.25799462
2023-03-18,58.224,60.168,55.145,55.762,2951.52695348
2023-03-19,55.829,58.561,55.032,57.558,1819.01470416
2023-03-20,57.453,58.993,55.213,55.379,3464.06307314
2023-03-21,55.526,58.934,53.72,58.598,3374.86410082
2023-03-22,58.375,59.231,53.778,58.834,3814.26742386
2023-03-23,58.762,64.11,55.634,63.516,5913.82723139
2023-03-24,63.525,64.689,59.642,61.742,4081.06726751
2023-03-25,61.863,62.26,57.408,58.175,3218.90146524
2023-03-26,58.058,60.326,57.281,59.159,2226.67363611
2023-03-27,59.124,59.238,54.499,56.092,2154.15521633
2023-03-28,56.0,56.682,54.702,56.458,1148.02854305
2023-03-29,56.494,58.964,56.427,58.059,858.66475153
2023-03-30,57.992,59.028,55.14,56.498,1191.49877041
2023-03-31,56.584,58.649,55.286,58.47,719.84282448
2023-04-01,58.378,60.221,58.073,58.716,1012.89687554
2023-04-02,58.629,59.396,55.89,57.074,2562.4464193
2023-04-03,57.034,58.898,55.251,57.834,1518.94815951
2023-04-04,57.869,58.142,56.648,57.591,988.04252106
2023-04-05,57.552,59.026,56.586,57.764,2429.62749611
2023-04-06,57.797,57.824,55.79,56.516,472.92333674
2023-04-07,56.454,56.673,55.268,56.005,626.68490628
2023-04-08,55.996,56.4,55.123,55.608,562.13556501
2023-04-09,55.581,56.15,54.277,55.681,1626.69110184
2023-04-10,55.803,57.752,55.04,57.518,1116.23715132
2023-04-11,57.646,58.32,56.705,56.976,1628.88274662
2023-04-12,56.911,56.999,54.138,55.855,2859.66984093
2023-04-13,55.877,57.687,55.414,57.265,848.057715
2023-04-14,57.396,60.069,56.721,59.952,4550.071641
2023-04-15,60.012,60.772,58.709,59.732,3522.47091638
2023-04-16,59.624,61.989,58.131,60.85,3068.14634669
2023-04-17,60.989,60.989,57.437,58.479,5852.63783402
2023-04-18,58.373,60.33,57.63,59.675,2463.22386608
2023-04-19,59.613,59.613,51.215,53.073,8093.01331517
2023-04-20,53.016,53.51,50.492,51.678,2777.14183296
2023-04-21,51.865,52.268,48.047,48.843,3618.19348389
2023-04-22,49.007,50.355,48.559,50.265,1501.46868246
2023-04-23,50.206,51.131,48.737,50.163,1098.05806036
2023-04-24,50.285,50.99,48.772,50.139,771.8602709
2023-04-25,50.139,51.731,49.145,51.731,2558.64196587
2023-04-26,51.604,53.473,47.222,49.715,3050.66784171
2023-04-27,49.694,51.464,49.207,50.706,767.17177975
2023-04-28,50.616,50.616,49.418,50.059,1500.89058951
2023-04-29,50.088,51.489,49.876,51.109,515.41422038
2023-04-30,51.17,51.17,49.295,49.711,683.14904254
2023-05-01,49.843,49.992,47.855,48.364,2596.48232499
2023-05-02,48.381,48.912,47.627,48.613,557.61951586
2023-05-03,48.462,49.516,47.004,49.272,1266.73624042
2023-05-04,49.347,49.347,48.317,48.684,512.09596135
2023-05-05,48.766,49.298,47.785,48.753,1064.27273714
2023-05-06,48.536,49.041,45.058,45.495,2334.88866619
2023-05-07,45.63,46.344,45.296,45.475,1253.1857645
2023-05-08,45.501,45.923,40.532,41.888,4934.92527153
2023-05-09,41.791,42.033,40.151,42.033,3107.32966489
2023-05-10,42.176,43.834,40.909,43.158,779.32158879
2023-05-11,43.041,43.041,39.511,40.921,1610.80705508
2023-05-12,40.768,40.913,38.773,40.913,1490.08841358
2023-05-13,40.932,41.199,40.05,40.689,258.09417969
2023-05-14,40.582,41.915,40.174,41.275,785.70742216
2023-05-15,41.296,42.788,40.403,42.149,764.34935146
2023-05-16,42.0,43.554,41.516,43.306,941.866095
2023-05-17,43.26,45.511,43.1,44.335,2314.58229387
2023-05-18,44.28,44.566,42.292,43.257,471.00122007
2023-05-19,43.197,44.843,43.197,44.53,295.82458729
2023-05-20,44.513,44.513,43.785,44.414,253.77405648
2023-05-21,44.278,44.389,42.95,44.017,567.0021724
2023-05-22,43.906,44.19,43.018,43.445,158.29847445
2023-05-23,43.395,44.607,43.248,43.461,530.57321383
2023-05-24,43.309,43.319,40.428,41.239,1791.82757944
2023-05-25,41.11,41.594,39.837,40.861,882.45692396
2023-05-26,40.968,42.311,40.871,41.963,630.79476194
2023-05-27,41.806,42.559,41.611,42.295,297.74192039999997
2023-05-28,42.139,44.287,42.138,43.869,641.09548045
2023-05-29,43.846,44.175,42.928,43.304,492.80084156
2023-05-30,43.367,44.155,42.929,43.89,379.37752069
2023-05-31,43.798,44.393,41.447,41.908,1499.57734548
2023-06-01,41.728,42.318,40.897,41.839,786.85152108
2023-06-02,41.874,42.938,41.466,42.714,369.72123021
2023-06-03,42.582,43.381,42.194,42.688,449.37344273
2023-06-04,42.627,43.52,42.279,42.618,297.65556404
2023-06-05,42.497,42.677,37.799,39.123,2465.92137513
2023-06-06,39.046,40.253,37.864,40.039,837.76858446
2023-06-07,39.951,40.007,37.907,38.499,6395.05207409
2023-06-08,38.433,39.306,37.64,38.813,499.14921091
2023-06-09,38.888,39.243,38.099,38.468,358.34558185000003
2023-06-10,38.422,38.422,25.001,29.965,10896.54111832
2023-06-11,29.72,30.06,28.55,29.116,814.02130005
2023-06-12,29.115,29.54,28.017,29.182,1013.65306242
2023-06-13,29.112,29.717,28.601,29.699,1403.73003263
2023-06-14,29.657,30.446,28.004,29.061,3772.99383454
2023-06-15,29.061,30.014,28.834,29.655,632.66788747
2023-06-16,29.583,31.148,29.479,30.632,2531.28787027
2023-06-17,30.647,31.494,30.459,31.156,456.24004009
2023-06-18,31.074,31.272,29.719,30.19,2134.58524
2023-06-19,30.26,31.076,29.935,30.809,282.55778984
2023-06-20,30.823,32.988,30.768,32.804,1804.90307971
2023-06-21,32.813,34.324,32.644,33.508,2976.37293579
2023-06-22,33.476,34.614,32.565,32.969,3577.84878406
2023-06-23,33.034,35.7,32.879,34.588,4989.83371419
2023-06-24,34.55,35.809,33.998,35.088,1325.24600578
2023-06-25,35.147,36.861,34.91,35.428,1965.77017554
2023-06-26,35.341,36.99,34.047,36.077,1769.3091253
2023-06-27,36.211,37.253,35.396,36.096,1298.52840017
2023-06-28,35.999,35.999,32.74,33.822,1607.8901106
2023-06-29,33.862,34.687,33.67,34.298,954.62258782
2023-06-30,34.269,38.971,33.965,37.791,7626.76457453
2023-07-01,37.91,39.317,37.429,38.139,1511.5653857
2023-07-02,38.144,38.393,36.695,38.279,2530.81753351
2023-07-03,38.334,38.499,37.28,37.624,1428.67892042
2023-07-04,37.55,38.221,35.849,36.101,952.07248108
2023-07-05,36.218,36.722,34.462,35.097,1778.80839958
2023-07-06,34.998,36.109,33.596,33.63,2042.7618016
2023-07-07,33.465,34.101,33.143,33.969,1455.2366433
2023-07-08,33.933,34.232,33.01,33.743,1025.45098253
2023-07-09,33.587,33.908,33.294,33.416,434.64386165
2023-07-10,33.252,34.186,32.325,33.575,4689.61508437
2023-07-11,33.633,33.831,33.065,33.505,1057.16325094
2023-07-12,33.594,34.152,33.107,33.53,639.11056007
2023-07-13,33.504,36.251,32.899,36.098,3416.20814932
2023-07-14,35.992,36.584,33.2,34.173,3329.26840362
2023-07-15,34.285,34.825,33.758,33.982,549.60684021
2023-07-16,34.073,34.173,32.452,32.716,4330.18420722
2023-07-17,32.766,33.495,32.164,33.083,3088.3159227300002
2023-07-18,33.11,33.68,31.393,32.14,1753.0273188
2023-07-19,32.079,32.828,32.014,32.144,432.39584106
2023-07-20,32.074,33.25,32.001,32.596,899.22996115
2023-07-21,32.633,33.211,32.47,33.141,330.14447211
2023-07-22,33.304,33.766,32.294,32.487,820.84780458
2023-07-23,32.645,34.027,32.421,33.657,932.5445075599999
2023-07-24,33.799,33.824,31.55,32.053,1915.63986878
2023-07-25,32.018,32.075,31.191,31.453,788.82517828
2023-07-26,31.468,32.007,30.855,31.696,643.2554056
2023-07-27,31.546,32.0,31.339,31.854,1171.31486707
2023-07-28,31.847,32.639,31.638,32.257,771.01310827
2023-07-29,32.273,32.676,32.173,32.61,258.36615803
2023-07-30,32.636,32.766,31.227,32.189,1430.3946373
2023-07-31,32.091,32.343,31.354,31.77,937.58432261
2023-08-01,31.643,31.787,30.51,31.774,999.13833676
2023-08-02,31.821,32.329,31.506,31.962,1083.63147498
2023-08-03,31.917,32.196,31.155,31.291,643.72070755
2023-08-04,31.378,31.48,30.526,30.794,1603.07813098
2023-08-05,30.819,31.013,30.429,30.928,409.34815361
2023-08-06,30.867,33.095,30.791,32.416,4703.78783059
2023-08-07,32.521,33.512,31.844,32.462,2441.85680403
2023-08-08,32.459,33.324,32.324,32.906,678.72753522
2023-08-09,32.985,33.376,32.677,32.866,1231.08352549
2023-08-10,32.838,33.001,32.247,32.36,931.2433145
2023-08-11,32.359,32.883,32.207,32.536,191.36504086
2023-08-12,32.5,32.598,32.074,32.293,363.48430169
2023-08-13,32.265,32.424,31.782,32.063,1045.40113002
2023-08-14,31.964,32.355,31.836,31.958,279.95980715
2023-08-15,31.903,31.903,28.77,29.909,7486.68973261
2023-08-16,29.78,29.919,27.414,28.425,2315.3881052
2023-08-17,28.371,28.705,21.79,25.73,6800.13972175
2023-08-18,25.944,26.693,25.759,26.523,1532.10373439
2023-08-19,26.462,26.809,26.271,26.77,430.63994975
2023-08-20,26.754,27.299,26.685,27.024,498.35673577
2023-08-21,26.979,27.12,25.765,26.427,3055.65714345
2023-08-22,26.467,26.818,25.698,26.33,1213.65302461
2023-08-23,26.392,26.923,25.744,26.529,1391.67099176
2023-08-24,26.597,26.597,24.847,25.199,941.87983431
2023-08-25,25.126,25.643,24.319,25.633,1157.55223649
2023-08-26,25.596,25.743,25.185,25.322,279.7135003
2023-08-27,25.356,26.023,25.152,25.855,550.72024228
2023-08-28,25.816,26.404,25.338,26.112,561.42677539
2023-08-29,26.082,27.628,25.502,27.156,5861.72462137
2023-08-30,27.206,27.22,26.503,26.981,693.56778237
2023-08-31,26.891,27.173,25.513,26.037,1040.1743429
2023-09-01,26.087,26.22,25.056,25.302,921.84695349
2023-09-02,25.255,25.532,25.038,25.335,1636.29583904
2023-09-03,25.354,25.837,25.306,25.575,140.14154464
2023-09-04,25.541,25.969,25.207,25.646,129.09063913
2023-09-05,25.577,25.959,25.242,25.79,172.08402802
2023-09-06,25.824,25.901,25.062,25.654,797.04867932
2023-09-07,25.626,26.232,25.568,26.043,808.62561383
2023-09-08,26.138,26.514,25.841,26.199,1058.9046722
2023-09-09,26.196,26.616,26.137,26.557,118.20493603
2023-09-10,26.515,26.515,25.102,25.604,722.77065738
2023-09-11,25.65,25.651,24.302,24.763,4362.52492528
2023-09-12,24.788,25.895,24.703,25.223,872.07271272
2023-09-13,25.161,25.883,25.029,25.578,312.31937003
2023-09-14,25.581,25.914,25.323,25.602,345.98212394
2023-09-15,25.653,26.926,25.531,26.5,5307.66510224
2023-09-16,26.632,27.218,26.469,26.825,1737.65578591
2023-09-17,26.758,26.758,25.568,25.838,533.04084515
2023-09-18,25.879,26.8,25.532,25.968,558.84312332
2023-09-19,25.988,26.563,25.776,26.367,416.04557642
2023-09-20,26.461,26.583,26.043,26.519,371.77992558
2023-09-21,26.61,26.789,25.825,26.244,391.81761074
2023-09-22,26.307,26.847,25.997,26.776,423.3390531
2023-09-23,26.738,26.973,26.558,26.827,171.83117779
2023-09-24,26.733,26.939,26.257,26.43,137.81646691
2023-09-25,26.298,27.103,26.029,26.968,309.86303495
2023-09-26,26.988,27.393,26.323,26.597,4955.0763399
2023-09-27,26.714,27.246,26.201,26.445,378.74055419
2023-09-28,26.415,27.197,26.353,26.901,786.24739777
2023-09-29,26.976,27.725,26.872,27.403,1552.28368827
2023-09-30,27.357,28.313,27.188,27.76,1015.78103195
2023-10-01,27.758,28.667,27.394,28.272,1332.09939743
2023-10-02,28.29,28.581,26.828,27.511,1840.84737515
2023-10-03,27.397,28.004,26.899,27.047,610.64106063
2023-10-04,26.8,27.212,26.076,27.053,687.23718027
2023-10-05,26.96,27.543,26.697,26.892,785.85838422
2023-10-06,26.917,27.243,26.731,26.904,380.81808481
2023-10-07,26.955,27.313,26.688,26.783,284.3486279
2023-10-08,26.893,26.966,26.402,26.568,634.77117134
2023-10-09,26.531,26.683,24.739,25.995,8494.68515425
2023-10-10,26.025,26.274,25.423,25.658,928.35497471
2023-10-11,25.638,25.795,25.133,25.537,374.73716697000003
2023-10-12,25.396,25.468,24.814,25.088,862.14653163
2023-10-13,25.07,25.762,24.938,25.418,585.98748922
2023-10-14,25.369,25.745,25.369,25.481,224.52569254
2023-10-15,25.53,25.844,25.365,25.607,1095.72999758
2023-10-16,25.658,26.893,25.612,25.792,1235.09138931
2023-10-17,25.768,25.891,24.702,25.02,976.85750684
2023-10-18,24.977,25.387,24.598,24.767,512.45986139
2023-10-19,24.787,25.068,24.4,24.906,449.75792888
2023-10-20,24.94,25.958,24.869,25.263,1706.25252009
2023-10-21,25.392,26.514,25.277,26.12,919.2252716200001
2023-10-22,26.095,26.482,25.581,26.27,609.82411254
2023-10-23,26.326,27.958,26.089,27.676,5935.47846049
2023-10-24,27.844,28.843,27.071,28.053,2658.682719
2023-10-25,28.002,28.391,27.323,27.667,855.15504319
2023-10-26,27.752,28.807,27.027,28.013,1841.93781065
2023-10-27,27.975,28.078,27.024,27.697,650.59526294
2023-10-28,27.686,28.562,27.589,28.448,599.91661495
2023-10-29,28.417,28.9,27.993,28.685,906.61803925
2023-10-30,28.727,29.533,28.195,29.458,1437.33331374
2023-10-31,29.531,31.058,28.165,29.393,2210.54780309
2023-11-01,29.377,30.207,28.368,29.9,1538.24196353
2023-11-02,30.0,30.297,28.1,28.613,1358.16460635
2023-11-03,28.555,29.041,27.7,28.977,899.65227729
2023-11-04,28.987,30.06,28.845,29.847,772.2721612
2023-11-05,29.995,30.744,29.625,30.512,1473.44666959
2023-11-06,30.457,31.308,30.005,31.13,1664.59082475
2023-11-07,31.084,31.864,30.051,30.959,583.88877832
2023-11-08,30.89,31.678,30.635,31.364,994.16522183
2023-11-09,31.433,32.664,27.701,30.464,8923.50653414
2023-11-10,30.51,32.284,30.265,32.106,1270.30043235
2023-11-11,32.102,33.353,31.2,33.078,1452.67347437
2023-11-12,33.14,33.926,31.706,33.741,865.45878245
2023-11-13,33.535,34.2,31.8,32.059,1951.2040898
2023-11-14,32.008,32.539,30.027,30.956,825.81608227
2023-11-15,30.847,32.386,30.847,32.252,869.4685504
2023-11-16,32.344,32.647,30.1,30.566,687.2765291000001
2023-11-17,30.644,31.322,29.511,30.697,1170.85894959
2023-11-18,30.645,30.645,29.023,29.858,2068.34460902
2023-11-19,29.87,30.687,29.228,30.589,282.21590081
2023-11-20,30.637,31.24,30.314,30.703,3236.4361920300003
2023-11-21,30.846,31.2,27.79,28.146,1879.08860485
2023-11-22,28.006,29.5,27.981,29.144,839.9710361900001
2023-11-23,29.183,29.779,28.936,29.597,341.54134417
2023-11-24,29.594,30.504,29.594,30.091,611.73227378
2023-11-25,30.137,31.298,30.137,31.169,890.89183123
2023-11-26,31.209,31.215,29.9,30.774,323.05355074
2023-11-27,30.814,30.962,29.1,29.816,514.7677992
2023-11-28,29.774,30.456,29.199,30.004,703.34340287
2023-11-29,30.107,30.338,29.51,30.051,1434.40308362
2023-11-30,29.99,30.253,29.795,30.131,415.65461089
2023-12-01,30.15,30.684,30.046,30.674,734.57322099
2023-12-02,30.684,31.953,30.675,31.867,1172.35058453
2023-12-03,31.884,31.969,30.981,31.534,801.30695199
2023-12-04,31.535,32.709,30.678,32.397,2690.73482912
2023-12-05,32.262,32.735,31.377,32.6,1973.35396431
2023-12-06,32.651,32.932,31.4,32.055,2279.31331438
2023-12-07,32.112,33.414,31.823,33.266,2127.28120795
2023-12-08,33.347,35.52,33.03,34.753,3941.618046
2023-12-09,34.757,35.817,34.251,34.886,1171.00033649
2023-12-10,34.969,36.352,34.5,34.939,1387.26272279
2023-12-11,35.034,35.08,28.541,32.34,3758.95349648
2023-12-12,32.423,33.403,32.068,32.994,2086.88574176
2023-12-13,32.988,33.6,31.796,33.33,2145.77080122
2023-12-14,33.4,34.178,32.353,34.047,3040.63197122
2023-12-15,33.937,33.937,31.859,31.988,1580.30423231
2023-12-16,31.999,33.098,31.7,32.807,1035.15225342
2023-12-17,32.9,32.929,31.8,31.903,490.35736816
2023-12-18,31.88,32.179,29.785,31.499,2985.45307998
2023-12-19,31.5,32.163,30.235,30.506,886.03359608
2023-12-20,30.597,31.842,30.31,31.1,1415.00145349
2023-12-21,31.118,32.4,30.9,32.192,695.87365701
2023-12-22,32.199,33.19,32.043,33.19,1675.07404686
2023-12-23,33.2,33.478,32.03,33.478,818.63243208
2023-12-24,33.421,35.494,32.594,34.444,2373.41058928
2023-12-25,34.465,35.53,34.18,35.406,932.83704035
2023-12-26,35.389,37.034,34.091,36.233,6839.1362372700005
2023-12-27,36.185,38.838,34.533,38.487,4066.16413491
2023-12-28,38.388,38.469,36.284,37.011,1794.75588236
2023-12-29,36.925,37.171,32.134,33.03,4573.04860502
2023-12-30,33.022,33.555,32.544,32.919,742.40321375
2023-12-31,32.902,33.147,30.592,31.743,3192.9846922
2024-01-01,31.757,33.652,31.065,33.331,1911.5364096600001
2024-01-02,33.301,33.9,32.314,32.863,734.76165401
2024-01-03,32.917,33.482,26.122,29.013,7786.65507715
2024-01-04,29.004,30.567,28.393,30.092,1739.72233824
2024-01-05,30.112,30.209,28.085,29.542,2015.31829382
2024-01-06,29.549,29.601,27.607,28.781,4449.73418074
2024-01-07,28.715,29.333,26.783,27.162,623.98915733
2024-01-08,27.187,28.482,25.355,28.374,3410.15225031
2024-01-09,28.497,28.534,26.4,27.326,1000.48128015
2024-01-10,27.359,29.855,26.888,29.462,2569.45457771
2024-01-11,29.441,30.719,29.114,30.073,5330.3746742
2024-01-12,30.074,31.223,28.0,29.013,1874.77355495
2024-01-13,29.104,29.987,28.119,29.536,2635.49355918
2024-01-14,29.537,29.621,28.25,28.289,695.52716306
2024-01-15,28.336,29.8,28.261,29.216,1462.2406421
2024-01-16,29.19,29.752,28.829,29.448,672.61692726
2024-01-17,29.48,29.634,28.667,28.87,1354.25588864
2024-01-18,28.807,29.143,27.384,27.927,758.41276822
2024-01-19,27.971,28.014,25.793,27.614,1526.27617154
2024-01-20,27.651,28.983,27.359,28.827,1572.29053372
2024-01-21,28.75,29.853,28.527,28.527,1305.71310054
2024-01-22,28.715,28.82,27.3,27.526,805.01547232
2024-01-23,27.669,28.084,25.792,26.968,1319.10985402
2024-01-24,26.947,27.657,26.552,27.182,1109.27972154
2024-01-25,27.06,27.172,26.407,27.01,609.39777226
2024-01-26,26.88,28.1,26.831,27.716,883.2423473
2024-01-27,27.766,28.12,27.521,28.077,253.62211947
2024-01-28,28.106,28.607,27.354,27.64,430.52267554
2024-01-29,27.562,28.216,27.177,28.109,384.41160191
2024-01-30,28.056,28.667,27.357,27.503,513.15867894
2024-01-31,27.356,27.654,26.303,26.632,609.41272034
2024-02-01,26.651,27.336,26.224,27.261,671.63640488
2024-02-02,27.236,27.591,26.952,27.573,325.74532068
2024-02-03,27.6,27.9,27.253,27.691,400.40164148
2024-02-04,27.608,27.738,26.722,26.752,179.0105714
2024-02-05,26.825,27.513,26.524,27.282,142.54395787
2024-02-06,27.196,27.468,26.289,26.312,1493.06904728
2024-02-07,26.29,26.999,26.0,26.974,770.51454341
2024-02-08,27.028,27.076,26.529,26.892,410.71683219
2024-02-09,26.836,27.717,26.836,27.518,483.25994914
2024-02-10,27.524,27.635,26.95,27.468,1199.0354752599999
2024-02-11,27.493,28.403,27.323,27.542,1546.59255773
2024-02-12,27.486,28.43,27.043,28.257,3137.3890482
2024-02-13,28.3,28.543,27.348,27.897,637.66505016
2024-02-14,27.972,28.5,27.51,28.08,1175.00134489
2024-02-15,28.13,29.326,28.056,29.022,8545.80984433
2024-02-16,29.064,29.372,28.2,29.072,1678.82816243
2024-02-17,29.091,30.265,28.311,30.224,4767.09164106
2024-02-18,30.244,30.58,29.511,29.67,4131.72728914
2024-02-19,29.826,30.336,29.324,30.085,1998.81958475
2024-02-20,30.114,30.854,28.679,29.729,2887.63497804
2024-02-21,29.784,30.02,28.265,29.396,720.08913527
2024-02-22,29.303,30.932,28.788,29.676,1718.14175462
2024-02-23,29.665,29.81,28.7,29.517,660.52183138
2024-02-24,29.492,30.78,29.147,30.487,2238.58123617
2024-02-25,30.431,31.016,29.776,30.96,1377.68888113
2024-02-26,30.898,31.853,29.98,31.813,1024.44431373
2024-02-27,31.783,32.401,31.358,32.063,2576.92404269
2024-02-28,32.112,32.869,28.366,31.172,7885.52917486
2024-02-29,31.175,33.735,31.075,31.918,5173.11722594
2024-03-01,32.188,34.187,32.188,33.896,3642.23442013
2024-03-02,33.94,40.8,33.808,39.787,5807.22563903
2024-03-03,39.864,39.989,34.201,38.0,5386.45182647
2024-03-04,38.0,40.14,36.901,39.186,6635.9244503400005
2024-03-05,38.997,41.2,31.164,35.628,7705.65282337
2024-03-06,35.572,38.963,34.78,38.637,1465.25287335
2024-03-07,38.636,39.78,38.081,39.161,3295.32955543
2024-03-08,39.228,40.84,37.4,40.38,2561.77733798
2024-03-09,40.49,41.0,39.585,40.443,721.62931343
2024-03-10,40.403,41.317,38.961,40.251,2623.25393332
2024-03-11,40.18,44.222,37.766,42.971,6576.52289624
2024-03-12,43.153,43.8,39.634,42.412,4987.6178984
2024-03-13,42.395,44.081,41.914,42.789,2861.06627344
2024-03-14,42.674,42.743,38.503,40.643,2136.08735468
2024-03-15,40.76,41.202,35.638,38.837,3714.04424587
2024-03-16,38.965,39.409,35.381,35.843,1075.02221623
2024-03-17,36.1,37.7,34.213,37.286,2089.29637411
2024-03-18,36.978,37.412,34.568,35.57,1119.20187824
2024-03-19,35.476,35.745,31.58,32.738,5562.68100856
2024-03-20,32.906,36.214,31.622,35.87,3092.43960381
2024-03-21,35.769,36.314,34.821,35.726,2186.58176751
2024-03-22,35.923,36.724,34.016,34.839,1777.07650903
2024-03-23,35.038,36.374,34.523,35.638,1195.37239038
2024-03-24,35.808,37.455,35.493,37.07,954.60655788
2024-03-25,36.95,38.303,36.61,37.849,1905.85859818
2024-03-26,37.954,39.472,37.565,38.84,2653.25154165
2024-03-27,38.636,39.159,36.478,37.919,2624.94081179
2024-03-28,37.87,39.012,37.401,38.299,963.07874736
2024-03-29,38.211,40.481,37.781,39.764,3596.040043
2024-03-30,39.797,39.978,38.48,38.854,1669.48394755
2024-03-31,38.781,40.149,38.7,40.09,1097.15089576
2024-04-01,39.95,40.465,36.777,37.784,2447.75788766
2024-04-02,37.704,37.704,34.509,35.974,4600.29223475
2024-04-03,36.02,36.963,34.879,35.654,1617.88907211
2024-04-04,35.583,37.384,35.144,36.981,2511.39449494
2024-04-05,36.921,37.224,35.192,35.999,771.33832099
2024-04-06,35.891,37.41,35.872,37.169,959.09708551
2024-04-07,37.121,37.951,36.788,37.446,604.02488098
2024-04-08,37.385,39.6,36.96,39.22,2612.85511612
2024-04-09,39.358,39.458,36.957,37.002,1268.24294645
2024-04-10,36.902,37.193,35.284,36.921,880.29631699
2024-04-11,36.941,37.48,36.395,36.912,316.71207255
2024-04-12,36.822,38.618,28.861,31.854,7792.88558716
2024-04-13,31.75,32.257,25.077,28.268,9794.61860868
2024-04-14,28.087,30.411,27.22,30.175,13657.7672479
2024-04-15,29.997,31.406,27.253,28.462,1588.46231766
2024-04-16,28.42,28.822,26.762,28.194,995.71806958
2024-04-17,28.159,28.449,26.57,27.641,1902.1813836000001
2024-04-18,27.748,29.275,27.1,29.0,662.9088418
2024-04-19,28.837,30.341,27.1,29.589,833.98349239
2024-04-20,29.503,31.528,29.402,31.407,1233.52664592
2024-04-21,31.282,31.653,30.064,30.705,1484.46953966
2024-04-22,30.71,31.98,30.598,31.717,1615.7714705600001
2024-04-23,31.835,32.069,31.041,31.315,414.89171867
2024-04-24,31.366,32.2,29.64,30.082,823.34679035
2024-04-25,30.133,31.0,29.6,30.574,245.62898734
2024-04-26,30.602,30.714,29.561,30.27,633.78833803
2024-04-27,30.337,30.445,28.953,29.713,399.0665739
2024-04-28,29.727,30.261,29.246,29.246,226.88619637
2024-04-29,29.466,29.708,28.39,29.481,392.64681326
2024-04-30,29.536,29.654,27.03,28.168,540.46057727
2024-05-01,28.124,28.7,26.529,28.7,3378.72433789
2024-05-02,28.607,29.531,27.912,29.158,398.94121191
2024-05-03,29.268,30.219,28.868,29.837,1023.82703261
2024-05-04,29.793,29.972,29.273,29.28,360.66599002
2024-05-05,29.227,29.648,28.746,29.286,967.58865278
2024-05-06,29.332,30.109,28.815,29.153,634.54806716
2024-05-07,29.187,29.37,28.586,28.649,1507.2104796200001
2024-05-08,28.699,29.723,28.307,29.475,481.75316406
2024-05-09,29.489,30.379,28.836,30.089,1512.02376697
2024-05-10,30.091,30.421,28.82,29.185,442.01275649
2024-05-11,29.211,29.35,28.643,28.643,215.59080502
2024-05-12,28.619,28.683,27.708,27.89,404.52739776
2024-05-13,27.923,28.521,27.09,28.203,398.59840363
2024-05-14,28.224,28.3,27.33,27.407,206.9831638
2024-05-15,27.509,29.185,27.467,29.035,1092.37004574
2024-05-16,29.139,29.62,28.788,29.472,474.89965324
2024-05-17,29.571,30.046,29.242,29.909,354.1724904
2024-05-18,29.871,30.07,29.324,29.813,1003.6717930899999
2024-05-19,29.804,29.942,28.868,28.918,837.50866298
2024-05-20,28.91,31.2,28.6,31.071,3663.0447656
2024-05-21,31.085,31.375,30.63,31.139,2030.29748962
2024-05-22,31.083,31.216,30.362,30.766,641.52100464
2024-05-23,30.789,31.058,29.019,30.417,2428.68554912
2024-05-24,30.425,32.547,29.311,30.628,7276.0318424
2024-05-25,30.688,30.961,30.172,30.657,1260.8344491
2024-05-26,30.568,30.568,29.7,29.819,402.18871983
2024-05-27,29.837,30.98,29.805,30.772,369.8820629
2024-05-28,30.836,30.836,29.931,30.07,1091.68171985
2024-05-29,30.166,30.488,29.77,29.865,1206.15160576
2024-05-30,29.953,30.308,29.197,29.934,670.46309872
2024-05-31,29.973,30.3,29.683,30.255,927.33568328
2024-06-01,30.207,30.383,29.891,29.981,1548.49044118
2024-06-02,30.023,30.125,29.314,29.35,506.65448556
2024-06-03,29.357,29.9,29.179,29.627,504.12467779
2024-06-04,29.585,30.082,29.258,30.025,1306.6378430299999
2024-06-05,30.007,30.574,29.908,30.308,763.21865044
2024-06-06,30.408,30.459,29.697,30.231,645.26771942
2024-06-07,30.218,30.457,25.929,27.996,14896.57066307
2024-06-08,27.975,28.175,26.386,26.498,4642.98453923
2024-06-09,26.445,26.871,25.86,26.849,1999.69532873
2024-06-10,26.856,26.934,25.916,26.226,1576.45266198
2024-06-11,26.226,26.333,24.72,25.56,2930.33220274
2024-06-12,25.551,26.934,24.986,26.572,1779.53992235
2024-06-13,26.559,26.647,25.817,25.979,1772.46636532
2024-06-14,25.977,26.594,25.024,25.94,2009.83389729
2024-06-15,25.91,26.139,25.747,26.013,492.67817222
2024-06-16,26.039,26.412,25.481,25.794,491.13613614
2024-06-17,25.826,25.921,24.158,24.911,3285.71513957
2024-06-18,24.975,24.975,21.764,23.108,6707.26817826
2024-06-19,23.107,23.797,22.85,23.702,1326.00883844
2024-06-20,23.657,24.354,23.3,23.626,1583.28449019
2024-06-21,23.579,24.183,23.467,23.768,2506.28301251
2024-06-22,23.677,24.311,23.573,24.165,1671.03128773
2024-06-23,24.196,24.505,23.363,23.511,1164.92574242
2024-06-24,23.534,23.685,22.099,23.168,2088.15966416
2024-06-25,23.125,24.377,23.067,24.24,528.59683864
2024-06-26,24.281,24.363,23.476,23.901,467.35089163
2024-06-27,23.884,24.769,23.735,24.712,1251.26134613
2024-06-28,24.733,25.275,24.552,24.801,3963.19067823
2024-06-29,24.722,25.158,24.36,24.36,433.37228816
2024-06-30,24.45,24.88,23.615,24.88,724.09300205
2024-07-01,24.838,25.032,24.0,24.017,838.98054527
2024-07-02,24.017,24.744,23.905,24.737,856.09015785
2024-07-03,24.639,25.1,23.412,24.703,2557.89360376
2024-07-04,24.595,24.595,21.791,21.969,5538.12026919
2024-07-05,21.968,23.143,19.544,22.909,11844.34485334
2024-07-06,22.88,23.719,22.536,23.382,1438.16951677
2024-07-07,23.411,23.642,21.932,21.932,1524.88268587
2024-07-08,22.02,23.634,21.037,23.039,2928.74515744
2024-07-09,23.003,24.471,22.889,24.176,2841.41167555
2024-07-10,24.131,24.179,23.3,23.932,2591.42950166
2024-07-11,23.949,24.493,23.637,23.959,1995.47555014
2024-07-12,23.938,24.581,23.644,24.581,645.69480507
2024-07-13,24.6,26.298,24.557,26.126,5776.63145648
2024-07-14,26.13,27.611,25.63,27.077,3135.14204384
2024-07-15,27.139,28.0,26.621,27.451,2165.58636762
2024-07-16,27.369,28.118,26.008,28.067,2429.56169186
2024-07-17,28.019,28.6,27.479,27.542,1999.98030658
2024-07-18,27.627,28.186,26.744,27.469,793.17029246
2024-07-19,27.363,27.962,26.322,27.511,2578.8370965
2024-07-20,27.487,28.351,27.335,28.059,1236.42516468
2024-07-21,28.109,28.903,27.693,28.338,3435.28991886
2024-07-22,28.421,28.617,26.625,26.847,779.64607146
2024-07-23,26.847,27.382,26.345,26.537,2457.48332288
2024-07-24,26.616,27.481,26.463,26.776,1192.80386954
2024-07-25,26.748,26.761,24.827,25.747,6665.0454059
2024-07-26,25.82,27.174,25.759,27.037,635.02040243
2024-07-27,26.915,27.293,26.57,27.071,631.09158897
2024-07-28,26.958,27.173,26.53,26.636,152.49747711
2024-07-29,26.815,27.854,26.781,26.781,1244.75780304
2024-07-30,26.833,27.183,26.181,26.338,831.05696101
2024-07-31,26.311,27.341,26.137,26.712,493.70218188
2024-08-01,26.747,27.144,24.095,25.696,3554.7088063300002
2024-08-02,25.725,25.96,24.226,24.406,1633.51474733
2024-08-03,24.446,25.033,22.8,23.382,4863.48513094
2024-08-04,23.381,23.659,21.51,22.211,4324.27858448
2024-08-05,22.29,23.0,19.055,22.158,19554.16976473
2024-08-06,22.248,22.968,21.972,22.515,2992.77897322
2024-08-07,22.405,23.292,21.869,22.204,1979.50156654
2024-08-08,22.181,24.059,21.839,23.798,21995.08352289
2024-08-09,23.729,24.506,23.617,24.506,4550.36841111
2024-08-10,24.402,24.608,24.116,24.608,1370.96292005
2024-08-11,24.576,25.099,24.052,24.335,1116.28356094
2024-08-12,24.338,25.5,23.684,25.493,3966.98538172
2024-08-13,25.437,26.0,25.175,25.466,3635.80472122
2024-08-14,25.566,25.906,25.136,25.741,3529.00847141
2024-08-15,25.718,25.824,24.7,25.235,3259.49748274
2024-08-16,25.167,26.021,24.784,25.263,2834.07754058
2024-08-17,25.294,26.486,24.943,26.142,2615.87886894
2024-08-18,26.244,26.581,25.849,25.849,1609.85917148
2024-08-19,25.889,26.039,25.374,26.039,497.67613933
2024-08-20,25.996,26.36,25.102,25.296,1465.94052186
2024-08-21,25.325,26.017,24.844,25.927,1163.52576616
2024-08-22,26.085,26.552,25.633,26.255,707.43768634
2024-08-23,26.17,27.158,25.804,27.089,3216.55206009
2024-08-24,27.033,27.404,26.661,26.913,275.94390992
2024-08-25,26.927,27.135,26.1,26.498,259.44952579
2024-08-26,26.421,26.543,24.823,24.85,2115.31558477
2024-08-27,24.834,24.98,23.4,24.038,8473.50416868
2024-08-28,23.951,24.4,23.143,23.793,3882.3114276300003
2024-08-29,23.821,24.17,23.164,23.375,1737.13597907
2024-08-30,23.395,23.863,22.953,23.854,3624.66711695
2024-08-31,23.923,24.0,23.26,23.528,564.16066923
2024-09-01,23.498,23.508,22.7,22.793,1603.60241919
2024-09-02,22.814,23.965,22.689,23.952,1582.1364100800001
2024-09-03,23.913,25.2,23.911,24.317,4405.1857294
2024-09-04,24.386,24.874,23.343,24.163,4157.40171692
2024-09-05,24.04,24.169,23.355,24.087,1487.6057903
2024-09-06,23.915,24.201,22.647,23.264,2092.45528575
2024-09-07,23.25,23.809,22.967,23.628,947.09226442
2024-09-08,23.562,24.378,23.522,23.941,925.61307352
2024-09-09,23.967,24.417,23.844,24.287,2469.35359995
2024-09-10,24.045,24.291,23.877,24.048,824.1617849300001
2024-09-11,24.087,24.096,23.347,23.903,1040.8933569
2024-09-12,23.95,24.395,23.912,24.045,389.87889054
2024-09-13,24.141,24.507,23.747,24.415,505.7292623
2024-09-14,24.388,24.558,24.111,24.546,625.09942423
2024-09-15,24.551,24.779,23.5,23.641,3826.7461322999998
2024-09-16,23.511,23.638,23.119,23.434,1429.57531234
2024-09-17,23.422,24.235,23.231,24.048,922.09174502
2024-09-18,24.013,24.75,23.325,24.75,1592.58405849
2024-09-19,24.75,25.5,24.75,25.061,4657.70344179
2024-09-20,25.13,25.476,24.693,25.172,1605.52002101
2024-09-21,25.151,25.605,24.906,25.512,959.1474332
2024-09-22,25.524,25.524,24.434,24.924,1666.99816108
2024-09-23,24.963,25.427,24.763,25.146,631.29535433
2024-09-24,25.188,26.018,25.022,25.951,1567.38814153
2024-09-25,25.883,26.192,25.516,25.597,538.27940734
2024-09-26,25.672,26.212,25.36,26.032,1350.32847209
2024-09-27,26.015,26.463,25.813,26.039,3204.61015732
2024-09-28,26.115,26.8,25.394,25.764,3734.21290575
2024-09-29,25.788,25.823,25.228,25.543,670.57411642
2024-09-30,25.598,25.627,24.198,24.373,4997.22511287
2024-10-01,24.424,24.916,22.208,22.691,16333.88067685
2024-10-02,22.539,23.548,22.506,22.942,3238.62997821
2024-10-03,23.003,23.328,22.224,23.112,2228.88571723
2024-10-04,23.138,23.742,22.964,23.667,2473.49915864
2024-10-05,23.703,24.064,23.58,23.852,1870.87984497
2024-10-06,23.75,24.453,23.75,24.243,978.98229868
2024-10-07,24.292,24.534,23.664,23.805,530.53261108
2024-10-08,23.769,24.06,23.113,23.213,985.25556113
2024-10-09,23.304,23.376,22.616,22.738,1081.62623094
2024-10-10,22.72,22.994,22.4,22.924,2444.95642
2024-10-11,22.998,23.849,22.987,23.563,1153.72506723
2024-10-12,23.652,24.175,23.652,24.038,1002.45330275
2024-10-13,24.089,24.247,23.399,23.798,1519.1979063200001
2024-10-14,23.595,24.504,23.445,24.495,725.79142357
2024-10-15,24.454,24.696,23.6,24.207,2783.4197168
2024-10-16,24.255,24.436,23.997,24.046,1127.27292939
2024-10-17,24.077,24.2,23.446,23.667,637.32762667
2024-10-18,23.639,24.239,23.523,23.717,2705.93704703
2024-10-19,23.681,24.194,23.681,24.144,321.77941492
2024-10-20,24.199,24.734,23.801,24.723,4470.42270094
2024-10-21,24.681,24.728,23.664,23.94,1143.97322236
2024-10-22,23.887,23.958,23.162,23.471,2208.01315592
2024-10-23,23.434,23.444,22.544,23.247,4163.46487923
2024-10-24,23.262,23.541,22.959,23.47,1944.3538764300001
2024-10-25,23.412,23.497,21.066,21.908,4483.03668379
2024-10-26,21.81,22.356,21.625,22.137,1639.45252541
2024-10-27,22.148,22.443,21.981,22.313,206.23506086999998
2024-10-28,22.376,22.761,22.005,22.614,595.47395064
2024-10-29,22.622,23.383,22.622,23.321,2401.8958259300002
2024-10-30,23.344,23.671,22.943,23.161,7169.56329413
2024-10-31,23.28,23.28,22.116,22.21,1555.92837036
2024-11-01,22.218,22.753,21.859,22.396,599.94294226
2024-11-02,22.397,22.773,22.111,22.28,1075.86518754
2024-11-03,22.28,22.307,21.171,21.825,2408.90453923
2024-11-04,21.856,22.167,21.193,21.47,1023.426026
2024-11-05,21.603,22.145,21.509,22.021,1209.20496752
2024-11-06,22.094,23.385,22.094,23.333,3991.4950398700003
2024-11-07,23.312,23.947,23.246,23.543,6369.15148545
2024-11-08,23.621,23.788,23.25,23.757,944.25397616
2024-11-09,23.797,24.957,23.762,24.877,3186.94932617
2024-11-10,24.734,26.9,24.612,25.877,11220.51691796
2024-11-11,25.958,26.81,25.369,26.702,5828.55742775
2024-11-12,26.736,27.2,24.69,26.256,5962.95816471
2024-11-13,26.238,26.6,24.454,25.559,5169.62423414
2024-11-14,25.534,26.372,24.547,25.101,2006.5592789
2024-11-15,25.038,28.004,24.8,27.809,7455.2059125900005
2024-11-16,27.842,30.277,27.568,29.907,13458.20825185
2024-11-17,29.941,30.286,27.091,27.36,2918.89379675
2024-11-18,27.436,29.804,27.435,29.548,5567.17627824
2024-11-19,29.517,30.029,28.011,28.549,5495.1058091
2024-11-20,28.475,28.475,26.71,27.338,3929.06343137
2024-11-21,27.466,29.535,26.949,28.728,3339.59603295
2024-11-22,28.532,29.851,28.253,29.831,3096.67555008
2024-11-23,29.773,35.389,29.303,33.711,17778.2423414
2024-11-24,33.726,36.438,31.854,34.094,17900.19896174
2024-11-25,34.045,34.969,32.397,33.281,3769.10504811
2024-11-26,33.295,35.45,30.99,33.318,7094.66637903
2024-11-27,33.161,38.5,33.054,38.109,10643.43356292
2024-11-28,37.853,37.87,35.358,36.844,3289.70305042
2024-11-29,36.732,37.562,35.248,37.51,4090.19422085
2024-11-30,37.349,40.409,36.756,39.561,6792.74583004
2024-12-01,39.418,46.952,38.029,46.073,7852.90415164
2024-12-02,46.039,58.204,46.039,52.315,26190.71478947
2024-12-03,52.929,62.167,52.881,57.549,11682.17206459
2024-12-04,58.439,63.005,55.335,58.554,14497.21788992
2024-12-05,58.476,71.552,55.53,64.676,18574.09276588
2024-12-06,64.903,65.463,59.069,61.791,10482.3568219
2024-12-07,61.557,62.879,58.269,59.907,3914.97158965
2024-12-08,59.951,60.307,57.786,58.3,6447.17088118
2024-12-09,58.3,58.3,41.793,47.326,26253.734767680002
2024-12-10,47.289,47.861,40.191,45.493,27256.61391319
2024-12-11,45.621,49.97,43.493,49.005,9021.82889795
2024-12-12,49.145,51.233,47.562,48.559,6862.96682253
2024-12-13,49.037,49.79,47.591,48.605,2809.92523158
2024-12-14,48.518,48.947,45.037,46.15,3444.7789167700003
2024-12-15,46.2,47.587,44.531,47.055,5011.79315909
2024-12-16,47.321,48.133,43.376,44.753,7349.03975885
2024-12-17,44.679,46.926,43.643,44.3,10653.63511945
2024-12-18,44.388,44.688,38.207,38.678,12829.52189269
2024-12-19,38.728,40.249,34.692,36.299,17820.63880841
2024-12-20,36.376,38.461,31.548,38.215,22589.5657735
2024-12-21,38.142,40.558,35.086,35.632,8891.71289791
2024-12-22,35.553,37.256,34.494,35.311,8604.71717649
2024-12-23,35.285,39.755,34.536,39.136,6771.20657391
2024-12-24,39.068,45.585,38.327,43.704,16697.08900313
2024-12-25,43.694,49.387,43.653,45.784,24129.57033662
2024-12-26,45.815,46.302,40.638,40.676,10011.11524293
2024-12-27,40.653,42.392,39.019,39.282,6878.69814967
2024-12-28,39.112,43.89,38.912,43.601,2902.38761776
2024-12-29,43.553,43.865,39.452,39.903,4066.6752408400002
2024-12-30,39.736,41.541,37.453,38.603,14010.26103683
2024-12-31,38.493,39.656,37.596,37.957,3666.47719927
2025-01-01,37.946,40.677,37.239,39.579,5032.3127952
2025-01-02,39.571,41.291,38.931,40.343,5560.20879695
2025-01-03,40.203,43.958,39.295,43.194,5494.30448589
2025-01-04,43.194,43.662,42.079,42.717,2521.21579448
2025-01-05,42.635,44.516,42.002,43.801,3240.47856409
2025-01-06,43.766,44.623,42.519,43.851,1912.95061073
2025-01-07,43.829,43.829,38.567,38.674,5061.2264841100005
2025-01-08,38.842,39.244,35.583,37.689,5453.55796827
2025-01-09,37.66,38.085,35.717,36.713,2441.86625781
2025-01-10,37.029,37.776,36.156,37.776,1553.22436717
2025-01-11,37.597,37.908,36.776,37.326,1908.48830834
2025-01-12,37.233,37.497,36.375,36.868,587.45442297
2025-01-13,36.808,37.744,33.123,35.321,9055.35250422
2025-01-14,35.492,37.985,35.234,37.797,3104.23572302
2025-01-15,37.78,40.297,37.06,40.049,3812.40145172
2025-01-16,40.13,40.677,38.693,39.482,2092.245597
2025-01-17,39.778,44.622,39.597,43.518,6693.78591936
2025-01-18,43.685,44.15,39.036,40.097,4141.1513405
2025-01-19,40.011,40.625,35.049,35.679,5429.13169741
2025-01-20,35.539,39.077,34.764,36.287,7256.50874236
2025-01-21,36.273,38.039,34.379,36.814,3987.9597354
2025-01-22,36.88,37.518,35.667,35.891,1467.35835541
2025-01-23,35.861,36.346,34.538,35.484,2859.40148197
2025-01-24,35.338,36.065,34.348,34.978,1378.75568725
2025-01-25,34.872,35.669,34.503,35.167,2915.18937341
2025-01-26,35.292,35.484,33.806,33.914,2252.45505972
2025-01-27,33.796,33.926,30.645,33.072,13607.67184616
2025-01-28,33.465,33.608,30.902,31.04,3289.22151782
2025-01-29,30.785,33.181,30.759,32.068,4361.954701
2025-01-30,32.116,34.96,31.969,34.07,4588.19395031
2025-01-31,34.152,35.043,33.151,33.845,2901.34834814
2025-02-01,33.773,34.804,30.468,30.468,4339.67411137
2025-02-02,30.468,31.251,25.336,26.74,10989.21471529
2025-02-03,26.657,27.096,20.0,26.881,43423.85060094
2025-02-04,26.9,27.157,24.248,25.671,15510.89406888
2025-02-05,25.613,26.304,24.991,25.306,4427.78012591
2025-02-06,25.368,25.799,23.979,24.621,4444.06455193
2025-02-07,24.568,26.228,24.2,25.074,10723.82053319
2025-02-08,25.039,25.843,24.439,25.787,4175.74111276
2025-02-09,25.786,26.664,24.838,25.87,9214.35083689
2025-02-10,25.903,27.047,25.197,27.027,6194.54228679
2025-02-11,27.1,28.414,26.453,27.079,5352.07862147
2025-02-12,27.038,28.0,25.741,27.99,8136.64425923
2025-02-13,28.004,28.787,27.034,27.753,6998.16474347
2025-02-14,27.753,29.012,27.235,27.927,11204.07158686
2025-02-15,27.908,28.236,26.926,27.086,6775.11466167
2025-02-16,27.139,27.358,26.579,26.918,6522.65331805
2025-02-17,26.994,27.426,26.015,26.596,8246.18323442
2025-02-18,26.562,26.63,25.006,25.855,2196.81376914
2025-02-19,25.799,26.675,25.454,26.556,14075.74967772
2025-02-20,26.536,27.952,26.452,27.678,1250.06678543
2025-02-21,27.859,28.6,26.344,26.691,2087.39712063
2025-02-22,26.629,27.691,26.595,27.396,1570.01536321
2025-02-23,27.422,27.779,26.809,27.196,5335.86128728
2025-02-24,27.194,27.248,23.963,24.182,13686.33942934
2025-02-25,24.216,25.414,22.783,25.414,18875.33248312
2025-02-26,25.378,26.741,24.919,26.439,18518.30045614
2025-02-27,26.466,27.189,25.292,26.325,9793.88592031
2025-02-28,26.252,26.309,24.057,25.997,11613.32228316
2025-03-01,25.866,26.511,24.833,25.542,6227.84809663
2025-03-02,25.532,28.117,25.204,27.374,14079.48626225
2025-03-03,27.439,27.608,23.84,24.193,9754.72185132
2025-03-04,24.123,24.535,22.433,24.259,10191.82383618
2025-03-05,24.227,25.049,23.916,25.038,3566.94408492
2025-03-06,25.049,25.4,24.313,24.515,4555.91509234
2025-03-07,24.503,25.042,23.316,24.271,3868.77676042
2025-03-08,24.273,24.579,23.833,24.176,2278.12282494
2025-03-09,24.153,24.336,21.735,22.078,6055.23016443
2025-03-10,22.116,23.235,20.623,21.144,7245.98468609
2025-03-11,21.174,22.361,19.936,21.803,11085.079072
2025-03-12,21.88,22.417,21.187,22.163,8635.67512596
2025-03-13,22.257,22.476,21.574,22.157,2596.83195734
2025-03-14,22.209,23.147,22.195,22.799,3840.28562026
2025-03-15,22.661,23.312,22.615,23.227,5399.99632371
2025-03-16,23.234,23.377,22.407,22.706,1893.36131177
2025-03-17,22.757,23.571,22.757,23.39,2419.69906725
2025-03-18,23.338,24.2,22.683,24.181,2377.6610497
2025-03-19,24.157,24.69,23.822,24.407,9669.23476099
2025-03-20,24.329,24.438,23.666,23.712,1165.11593271
2025-03-21,23.691,23.868,22.866,23.04,1505.65198034
2025-03-22,23.019,23.606,22.998,23.376,1004.3869191
2025-03-23,23.263,25.6,22.492,23.388,6025.67328006
2025-03-24,23.437,24.117,23.183,23.917,2516.67867905
2025-03-25,24.083,24.25,23.55,24.041,1473.14617472
2025-03-26,24.086,24.64,23.881,24.052,2976.41356662
2025-03-27,24.02,24.409,23.706,24.011,1605.51962318
2025-03-28,23.949,24.115,22.591,22.862,4795.35389535
2025-03-29,22.915,22.956,21.123,21.47,3641.23642281
2025-03-30,21.442,22.151,21.401,21.775,2630.95624467
2025-03-31,22.182,22.542,21.563,22.321,2956.60102576
2025-04-01,22.462,23.032,22.346,22.696,1456.81883515
2025-04-02,22.601,22.748,21.14,21.503,4499.5068604
2025-04-03,21.434,21.998,20.634,21.617,3607.08850746
2025-04-04,21.717,21.892,21.096,21.687,3332.37339085
2025-04-05,21.779,21.879,21.209,21.486,1150.33953527
2025-04-06,21.389,21.392,19.503,19.924,1896.35891892
2025-04-07,19.956,20.286,17.877,19.658,11705.18252242
2025-04-08,19.591,20.221,18.986,19.11,924.32282547
2025-04-09,19.005,20.949,18.587,20.762,3384.40302728
2025-04-10,20.799,20.853,19.55,19.959,5012.2485053
2025-04-11,19.902,20.922,19.902,20.526,1105.55157168
2025-04-12,20.518,21.424,20.326,21.294,2017.84383611
2025-04-13,21.347,21.354,20.465,20.608,1826.40438801
2025-04-14,20.631,21.064,20.528,20.534,4556.54649343
2025-04-15,20.602,20.801,20.217,20.217,1498.87545946
2025-04-16,20.217,20.55,19.978,20.201,2608.05094534
2025-04-17,20.221,20.558,20.057,20.43,1071.65179439
2025-04-18,20.369,21.166,20.202,20.799,1532.58520678
2025-04-19,21.019,21.408,20.326,21.099,817.77808377
2025-04-20,21.027,21.337,20.918,21.179,2108.69478185
2025-04-21,21.202,21.551,20.809,20.962,3137.39934416
2025-04-22,20.912,22.146,20.549,22.112,2869.06267053
2025-04-23,22.161,22.772,22.043,22.42,5981.38197638
2025-04-24,22.272,22.316,21.6,22.206,795.88164818
2025-04-25,22.214,22.689,22.025,22.413,1857.26276739
2025-04-26,22.486,22.826,22.23,22.604,1057.33032647
2025-04-27,22.577,22.642,21.299,21.401,2421.598946
2025-04-28,21.29,24.955,20.969,23.627,43302.25026833
2025-04-29,23.633,24.121,22.9,23.159,4408.96223171
2025-04-30,23.159,24.6,22.879,23.522,11356.96143703
2025-05-01,23.48,23.693,23.009,23.124,4324.27531382
2025-05-02,23.134,24.017,23.061,23.728,6940.44984082
2025-05-03,23.765,23.765,21.99,22.449,7272.52326816
2025-05-04,22.561,22.628,21.717,21.97,3519.60844844
2025-05-05,22.07,22.179,21.624,21.812,2954.86524583
2025-05-06,21.836,22.087,20.508,21.22,4273.52789669
2025-05-07,21.252,21.646,20.801,21.448,4109.63561545
2025-05-08,21.443,23.299,21.443,23.205,8208.28191258
2025-05-09,23.224,24.3,23.054,23.969,4862.20326108
2025-05-10,23.97,25.263,23.781,25.202,6288.92491564
2025-05-11,25.18,25.3,24.085,24.591,3770.89508771
2025-05-12,24.54,25.672,23.847,24.877,7715.68647518
2025-05-13,24.844,25.833,23.549,25.725,4638.81790035
2025-05-14,25.827,26.0,24.7,24.861,4181.99644551
2025-05-15,24.8,25.346,22.766,23.717,10893.1062063
2025-05-16,23.6,24.115,23.251,23.379,2280.86386401
2025-05-17,23.393,23.449,22.642,22.864,1650.99859282
2025-05-18,22.929,24.025,22.705,23.901,2137.61890106
2025-05-19,23.847,23.847,22.533,23.403,2907.31070009
2025-05-20,23.526,23.843,22.899,23.569,1458.60234526
2025-05-21,23.562,24.269,23.169,23.988,2479.15471608
2025-05-22,23.973,25.56,23.907,24.985,5336.30867675
2025-05-23,24.994,25.616,23.3,23.3,5228.84894563
2025-05-24,23.298,23.656,23.029,23.173,2806.80773622
2025-05-25,23.118,23.634,22.532,23.477,2737.57512963
2025-05-26,23.655,23.994,23.403,23.506,854.41224547
2025-05-27,23.661,24.192,23.146,23.901,1036.27949541
2025-05-28,23.845,24.245,23.292,23.883,1021.63357328
2025-05-29,23.834,24.247,23.101,23.197,877.380161
2025-05-30,23.197,23.341,21.701,21.79,10057.98522495
2025-05-31,21.821,22.087,21.317,21.85,1350.12989948
2025-06-01,21.843,22.199,21.538,22.17,1597.95795451
2025-06-02,22.148,22.379,21.631,22.336,1700.88766119
2025-06-03,22.4,22.638,22.159,22.335,1361.60979351
2025-06-04,22.347,22.571,21.479,21.502,2194.51195241
2025-06-05,21.502,21.681,20.409,20.534,1938.06700883
2025-06-06,20.614,21.5,20.356,21.317,1885.11417732
2025-06-07,21.285,21.79,21.273,21.644,1859.95150338
2025-06-08,21.604,21.782,21.223,21.533,2336.69421556
2025-06-09,21.484,22.326,21.207,22.224,1114.03581081
2025-06-10,22.253,58.434,20.7,22.749,7257.6203002
2025-06-11,22.69,22.69,21.7,21.779,3756.95814472
2025-06-12,21.855,21.855,20.608,20.748,616.30388183
2025-06-13,20.6,20.6,19.51,20.523,2948.13710991
2025-06-14,20.478,20.566,20.069,20.218,152.2530691
2025-06-15,20.266,20.351,19.936,20.185,421.53357423
2025-06-16,20.136,20.858,20.044,20.175,353.61487539
2025-06-17,20.1,20.411,19.429,19.703,1011.42063531
2025-06-18,19.643,20.054,19.145,19.906,1068.05436281
2025-06-19,19.95,20.001,19.628,19.919,202.0524502
2025-06-20,19.956,20.238,19.019,19.535,861.79595489
2025-06-21,19.543,19.714,18.466,18.806,1415.6199908
2025-06-22,18.78,18.937,17.456,18.318,2176.95173852
2025-06-23,18.11,19.8,18.11,19.772,6397.48764176
2025-06-24,19.84,20.233,19.708,20.002,564.24162898
2025-06-25,20.113,20.311,19.626,19.655,730.86167932
2025-06-26,19.731,20.068,19.136,19.271,462.15768561
2025-06-27,19.206,19.576,19.152,19.441,993.32771425
2025-06-28,19.501,19.9,19.398,19.858,476.02285604
2025-06-29,19.832,20.482,19.778,20.32,1224.72257963
2025-06-30,20.439,20.443,19.763,20.318,1774.44143326
2025-07-01,19.969,19.993,19.05,19.356,586.41841486
2025-07-02,19.328,20.617,19.165,20.418,992.08483321
2025-07-03,20.585,21.07,20.33,20.632,2585.08466424
2025-07-04,20.454,20.576,19.701,19.701,323.65517413000003
2025-07-05,19.865,19.941,19.615,19.919,197.09856317999999
2025-07-06,19.795,20.3,19.716,20.077,216.563885
2025-07-07,20.095,20.237,19.806,19.838,189.46055511
2025-07-08,19.843,20.205,19.615,20.034,2612.61780487
2025-07-09,20.038,20.89,19.86,20.781,9671.01546157
2025-07-10,20.712,21.667,20.639,21.53,3371.50557579
2025-07-11,21.489,22.537,21.303,21.746,2743.41960506
2025-07-12,21.756,22.082,21.124,21.683,1391.65043057
2025-07-13,21.832,23.049,21.742,22.263,4613.70817214
2025-07-14,22.292,23.108,21.886,22.054,1065.20774573
2025-07-15,22.124,22.355,21.168,22.288,2024.30167618
2025-07-16,22.332,23.075,21.749,22.653,1738.02500862
2025-07-17,22.706,23.098,22.188,22.717,2188.63620838
2025-07-18,22.641,24.9,22.641,23.472,9093.424210180001
2025-07-19,23.72,24.738,23.077,24.309,1677.89041209
2025-07-20,24.194,26.016,24.194,25.201,6085.3748989000005
2025-07-21,25.163,25.801,24.713,25.061,2921.69970003
2025-07-22,25.006,25.678,24.224,25.455,4016.4791781
2025-07-23,25.468,25.7,22.955,23.336,6475.81508978
2025-07-24,23.443,23.655,22.0,22.72,4408.73788173
2025-07-25,22.653,23.009,22.009,22.789,3772.98920094
2025-07-26,22.669,23.008,22.187,22.46,6314.60243543
2025-07-27,22.459,23.251,22.353,23.09,2029.96016676
2025-07-28,23.262,23.751,21.655,21.7,8857.14386145
2025-07-29,21.838,22.092,20.797,21.203,10305.23903888
2025-07-30,21.205,21.424,20.296,21.424,20378.98361957
2025-07-31,21.38,21.973,20.432,20.541,4526.64631189
2025-08-01,20.515,20.901,20.1,20.448,15492.53332734
2025-08-02,20.355,20.547,19.812,20.163,2126.653045
2025-08-03,20.108,20.78,19.955,20.675,4423.94631522
2025-08-04,20.648,21.813,20.619,21.777,3438.06498696
2025-08-05,21.65,21.733,20.774,21.154,4025.24251752
2025-08-06,21.097,21.487,20.648,21.134,2946.98440321
2025-08-07,21.141,22.038,20.973,21.964,2343.54257725
2025-08-08,22.005,22.97,21.743,22.581,58065.73816082
2025-08-09,22.63,23.296,22.614,23.133,1708.15532592
2025-08-10,23.3,23.514,22.505,23.039,1693.96143572
2025-08-11,23.147,23.7,22.332,22.613,1417.7848248
2025-08-12,22.549,23.777,22.185,23.421,1769.63260918
2025-08-13,23.492,24.036,23.175,23.941,12765.90939468
2025-08-14,23.558,24.247,21.928,22.368,4865.10898967
2025-08-15,22.229,22.718,21.559,22.209,2200.97523656
2025-08-16,22.526,23.479,22.374,23.247,1605.75562109
2025-08-17,23.292,23.585,22.69,22.884,1030.30753548
2025-08-18,22.895,22.918,22.048,22.243,1130.66795422
2025-08-19,22.22,22.449,21.361,21.361,8091.16878053
2025-08-20,21.354,22.4,21.21,22.4,4186.91391825
2025-08-21,22.234,22.462,21.677,22.006,1773.39025415
2025-08-22,22.129,23.304,21.21,23.277,2771.71989812
2025-08-23,23.231,23.768,22.82,23.28,5467.46802709
2025-08-24,23.367,23.685,22.512,22.997,3757.21249073
2025-08-25,23.033,23.296,21.454,21.701,2864.94112283
2025-08-26,21.693,23.6,21.626,23.148,4020.74977636
2025-08-27,23.287,23.733,22.836,23.577,1928.03406758
2025-08-28,23.611,23.937,23.009,23.485,836.55083129
2025-08-29,23.491,23.752,22.377,22.758,5466.30767237
2025-08-30,22.716,24.532,22.342,24.247,6274.59873014
2025-08-31,24.231,24.969,23.573,23.68,7693.53047517
2025-09-01,23.572,23.572,22.331,22.776,3176.15397635
2025-09-02,22.845,23.378,22.55,23.353,737.84449413
2025-09-03,23.292,24.165,23.292,24.093,1250.319042
2025-09-04,24.141,24.141,23.196,23.289,1019.71581098
2025-09-05,23.287,24.8,23.287,24.007,1170.8159679
2025-09-06,24.042,24.06,23.101,23.599,581.20350308
2025-09-07,23.812,25.412,23.764,24.62,2220.18130562
2025-09-08,24.584,25.562,24.584,25.086,2711.8958138899998
2025-09-09,25.237,25.634,24.53,24.946,2428.30974552
2025-09-10,24.793,25.246,24.359,24.645,1469.17019521
2025-09-11,24.59,24.9,23.5,24.566,2326.06226794
2025-09-12,24.584,24.956,24.024,24.951,769.3141201
2025-09-13,24.999,25.573,24.256,25.369,1276.97348158
2025-09-14,25.332,25.597,24.0,24.554,639.45255659
2025-09-15,24.311,24.461,22.784,23.264,5913.7007418
2025-09-16,23.177,23.906,23.007,23.667,4534.40231499
2025-09-17,23.709,24.135,23.0,24.011,2882.68010158
2025-09-18,23.992,25.052,23.655,24.381,2670.52719649
2025-09-19,24.465,24.654,23.119,23.119,2699.82444321
2025-09-20,23.234,23.65,23.1,23.457,1208.25865227
2025-09-21,23.335,23.364,22.862,22.972,777.0333342399999
2025-09-22,22.913,22.913,19.85,21.131,11432.72589109
2025-09-23,21.073,21.333,20.713,21.154,1010.68910311
2025-09-24,21.127,21.614,20.81,21.148,1883.73935822
2025-09-25,21.136,21.136,19.953,20.069,3381.76442309
2025-09-26,20.154,20.738,19.972,20.695,2473.31463039
2025-09-27,20.733,21.499,20.578,21.087,1530.42096861
2025-09-28,20.938,21.372,20.686,21.365,369.49596376
2025-09-29,21.5,23.961,21.5,22.667,13324.82743195
2025-09-30,22.8,23.014,22.013,22.385,2133.43384066
2025-10-01,22.329,34.091,22.158,31.232,20590.03622553
2025-10-02,31.112,39.999,29.7,32.701,16461.92867612
2025-10-03,32.734,35.999,31.401,31.694,14065.69312471
2025-10-04,31.526,36.564,28.6,34.243,5745.23909868
2025-10-05,34.236,36.969,33.501,35.665,6709.26623393
2025-10-06,35.297,36.019,34.147,34.33,664.96663696
2025-10-07,34.554,34.554,29.793,30.016,5009.95584932
2025-10-08,29.987,34.79,28.534,33.072,4213.16276141
2025-10-09,33.054,36.2,30.011,34.941,7320.5237203
2025-10-10,35.437,49.055,17.583,37.245,45720.48208905
2025-10-11,37.358,43.82,33.989,39.528,13985.00348879
2025-10-12,39.616,59.499,37.385,53.808,28760.7641472
2025-10-13,53.051,61.206,49.6,50.636,9401.43993173
2025-10-14,51.208,51.208,43.6,44.754,8638.25097148
2025-10-15,45.617,53.0,44.193,45.738,6578.5917739
2025-10-16,45.698,51.392,41.869,42.336,5564.9544369
2025-10-17,42.57,47.0,38.917,43.258,8918.92171907
2025-10-18,43.094,47.6,42.361,42.939,7409.7679198
2025-10-19,42.37,45.805,41.801,43.904,1587.4189646099999
2025-10-20,43.404,51.84,41.5,49.29,4872.79909615
2025-10-21,49.137,51.0,44.355,45.153,2170.60463649
2025-10-22,45.471,47.6,40.8,41.643,1382.96768915
2025-10-23,41.736,43.4,41.153,41.7,595.08256379
2025-10-24,41.779,43.515,39.469,41.971,2090.11602953
2025-10-25,42.065,42.4,40.512,41.927,3780.7422403
2025-10-26,42.035,51.977,41.407,49.824,4087.86647113
2025-10-27,50.094,54.0,47.976,48.531,4726.19262406
2025-10-28,49.116,49.742,45.5,48.279,2879.77631395
2025-10-29,48.279,49.599,45.5,46.456,1399.22296436
2025-10-30,46.455,47.527,41.246,44.175,1950.53442854
2025-10-31,43.563,53.235,43.563,52.767,5282.06474669
2025-11-01,52.973,76.559,52.686,73.895,16670.07942105
2025-11-02,73.834,96.748,70.001,90.416,10839.27783599
2025-11-03,88.723,120.0,79.086,118.37,12359.95897311
2025-11-04,119.99,150.0,110.0,121.21,18552.42459066
2025-11-05,121.11,123.34,100.32,104.4,8786.62911313
2025-11-06,104.31,130.0,97.0,112.84,9652.4377678
2025-11-07,112.71,126.99,91.0,101.24,6238.12258915
2025-11-08,101.44,102.84,75.973,81.592,4722.07008422
2025-11-09,81.666,96.04,72.779,81.792,7140.19471799
2025-11-10,81.509,85.64,70.879,72.334,3842.68459851
2025-11-11,73.718,77.44,65.711,66.7,2282.05237086
2025-11-12,68.19,72.249,63.358,67.385,3500.092101
2025-11-13,67.082,71.292,61.92,63.775,1604.11869757
2025-11-14,63.84,77.941,61.406,74.755,2883.55245372
2025-11-15,74.175,98.786,70.526,98.786,7583.2960369600005
2025-11-16,95.826,104.5,82.776,85.838,3268.02626157
2025-11-17,85.736,91.275,79.246,83.243,1828.83711001
2025-11-18,81.235,81.235,73.567,77.698,1642.13938219
2025-11-19,76.587,82.764,72.188,78.947,1873.72097039
2025-11-20,78.633,85.931,72.4,72.625,2464.05633609
2025-11-21,74.11,74.929,58.452,60.453,2829.8817589
2025-11-22,61.136,61.72,52.841,57.141,3638.21617783
2025-11-23,57.599,62.235,56.914,57.276,2630.77009867
2025-11-24,56.801,61.39,55.01,57.1,1467.5350013700001
2025-11-25,57.1,57.803,54.4,57.788,492.49016458
2025-11-26,57.789,70.0,57.751,67.796,2023.23580565
2025-11-27,68.026,71.224,61.111,62.162,1659.04606548
2025-11-28,61.91,61.91,56.795,58.49,2562.47621759
2025-11-29,58.31,58.79,55.872,57.59,668.8049109799999
2025-11-30,57.52,58.002,53.552,53.969,224.72651357
2025-12-01,53.469,53.469,46.0,48.586,2516.59494969
2025-12-02,49.058,51.051,46.396,47.757,137.14657744
2025-12-03,47.588,53.127,46.2,49.21,1524.16978089
2025-12-04,49.111,53.83,47.142,49.59,569.94632136
2025-12-05,49.69,52.79,46.767,46.842,326.37753437
2025-12-06,47.303,48.288,46.212,47.408,249.43991749
2025-12-07,47.152,48.465,43.55,44.402,301.54128865
2025-12-08,45.235,53.02,45.235,50.151,1262.48841663
2025-12-09,50.119,51.548,47.8,50.335,651.66025786
2025-12-10,50.772,53.246,46.416,47.662,336.71204034
2025-12-11,46.733,50.0,45.638,48.082,1734.50171534
2025-12-12,47.984,48.527,45.646,46.478,489.23837228
2025-12-13,46.495,47.147,44.242,44.69,102.25516295
2025-12-14,45.149,45.41,40.665,40.69,851.73305529
2025-12-15,41.186,43.69,39.25,40.886,665.39512184
2025-12-16,40.912,42.656,39.269,41.136,394.34051601
2025-12-17,40.655,41.466,38.024,38.197,2807.60143957
2025-12-18,38.196,39.137,35.038,35.811,3550.21878903
2025-12-19,35.796,39.773,35.081,38.547,1415.88927123
2025-12-20,38.788,41.184,38.63,40.158,632.19135501
2025-12-21,39.946,40.044,37.575,38.472,1363.87329024
2025-12-22,38.689,39.114,37.377,38.305,189.81273017
2025-12-23,38.892,38.892,36.978,37.559,155.56508066
2025-12-24,37.497,38.76,36.261,38.209,277.21085492
2025-12-25,38.549,40.968,37.771,37.961,2196.38386823
2025-12-26,38.2,39.833,37.99,39.338,708.52118761
2025-12-27,39.357,47.224,39.121,44.493,4917.74320728
2025-12-28,44.976,45.776,43.528,44.068,1934.03042162
2025-12-29,43.998,45.114,42.0,42.404,1555.6873934
2025-12-30,42.572,43.526,42.193,42.648,310.85920637
2025-12-31,42.58,43.347,40.683,41.674,1288.65625763
2026-01-01,41.754,44.733,40.753,43.41,2511.89354731
2026-01-02,43.5,43.5,41.139,42.75,1002.39914462
2026-01-03,42.881,45.0,42.409,43.153,1251.84977773
2026-01-04,43.5,44.1,42.04,43.158,1102.9032525
2026-01-05,43.473,44.433,42.202,44.302,1480.98069043
2026-01-06,43.559,46.95,42.911,44.221,1271.59466711
2026-01-07,44.113,44.371,40.414,40.85,2866.87268583
2026-01-08,41.0,41.83,37.549,38.725,1540.66288453
2026-01-09,38.773,39.604,37.322,37.873,960.22410651
2026-01-10,37.808,37.906,36.655,37.383,380.61764107
2026-01-11,37.394,38.356,36.55,37.231,1402.46019705
2026-01-12,37.261,39.427,36.815,39.427,1674.53720153
2026-01-13,39.231,68.0,39.231,58.995,18157.967388420002
2026-01-14,58.677,88.37,55.479,80.22,16616.3682402
2026-01-15,79.399,87.2,75.555,80.749,5309.89999035
2026-01-16,80.956,96.54,79.5,84.931,4817.13536538
2026-01-17,84.974,85.772,72.953,75.141,2878.11263451
2026-01-18,74.588,91.8,71.1,81.079,4213.30946996
2026-01-19,78.01,88.4,74.01,75.734,2400.49939484
2026-01-20,75.6,78.595,68.406,71.052,764.537086
2026-01-21,69.423,72.4,66.083,67.267,336.96081051
2026-01-22,67.847,69.2,62.451,62.991,1404.39038311
2026-01-23,63.009,73.257,62.793,67.582,2562.74415739
2026-01-24,67.244,67.244,62.785,63.231,1242.2773033600001
2026-01-25,63.359,65.944,58.41,58.921,2069.87509152
2026-01-26,59.056,61.656,57.979,60.264,726.3068739
2026-01-27,60.143,65.647,59.997,62.672,1505.17571792
2026-01-28,62.662,63.606,57.146,58.434,875.61852846
2026-01-29,58.639,59.035,53.596,54.801,2625.92034683
2026-01-30,54.911,55.341,49.569,51.292,1999.07388068
2026-01-31,51.222,51.402,41.4,44.364,4942.70485453
2026-02-01,44.584,46.823,42.157,43.964,1338.80416123
2026-02-02,44.167,45.722,42.313,44.155,1620.851114
2026-02-03,44.067,44.859,40.012,41.615,3592.3904279900003
2026-02-04,41.403,42.607,39.13,39.683,2990.81743312
2026-02-05,39.602,40.8,33.267,34.099,3116.28347623
2026-02-06,34.251,40.061,30.949,37.701,2515.50115585
2026-02-07,37.887,38.045,35.158,36.941,751.20652831
2026-02-08,36.771,38.503,35.578,37.157,1071.03934155
2026-02-09,37.344,37.452,34.624,36.461,655.07238704
2026-02-10,36.643,37.169,34.335,35.191,852.12270971
2026-02-11,35.366,35.839,32.305,33.756,2152.70059575
2026-02-12,33.99,35.164,33.221,34.382,1015.64661802
2026-02-13,34.399,39.269,33.926,37.147,4248.75698071
2026-02-14,37.072,41.6,37.072,40.134,6473.1424527300005
2026-02-15,40.052,41.435,36.711,37.525,5793.16211141
2026-02-16,37.599,39.285,36.79,38.016,1382.8266857200001
2026-02-17,37.939,38.72,36.674,37.28,918.40630833
2026-02-18,37.354,38.25,35.346,35.507,1041.57258942
2026-02-19,35.67,36.388,34.136,34.66,1147.7120898
2026-02-20,34.758,35.398,32.661,35.225,1877.18686226
2026-02-21,35.155,36.013,33.879,34.064,416.59149096
2026-02-22,33.896,35.016,32.754,33.161,360.75188084
2026-02-23,33.227,33.821,31.145,32.057,1789.22511286
2026-02-24,32.057,33.459,31.341,32.437,974.5890806
2026-02-25,32.43,36.17,32.207,34.845,1556.1545656600001
2026-02-26,34.866,36.291,33.728,34.205,628.49614832
2026-02-27,34.285,35.758,32.564,33.301,757.41325705
2026-02-28,33.367,33.507,30.643,32.879,1827.17772648
2026-03-01,33.026,34.532,31.11,31.804,1243.41845283
2026-03-02,31.899,35.236,31.464,34.737,968.28652422
2026-03-03,34.806,34.933,32.459,34.176,462.47310101
2026-03-04,34.386,36.335,33.592,35.267,907.9663479
2026-03-05,35.092,35.439,33.734,34.272,347.60668218
2026-03-06,34.445,34.759,32.16,32.51,561.60101866
2026-03-07,32.457,32.855,31.615,31.874,112.41952366
2026-03-08,31.666,31.801,30.001,30.353,1566.44125675
2026-03-09,30.522,32.911,30.203,32.153,758.41482878
2026-03-10,32.153,33.532,32.078,32.357,439.36601484
2026-03-11,32.253,32.775,31.72,32.531,231.16344137
2026-03-12,32.692,33.0,31.92,32.787,294.26356907
2026-03-13,32.941,34.174,32.111,32.388,1509.35664598
2026-03-14,32.444,33.273,32.253,32.655,306.41407717
2026-03-15,32.634,34.165,32.362,33.815,4453.48029796
2026-03-16,33.872,37.057,33.686,35.911,4190.93335285
2026-03-17,35.877,36.302,34.298,35.253,327.87919254
2026-03-18,35.442,35.833,26.597,32.597,3546.84825538
2026-03-19,32.635,32.823,30.879,31.345,1224.53743651
2026-03-20,31.436,32.366,31.4,32.036,788.71493917
2026-03-21,32.044,33.367,31.148,31.432,796.88495429
2026-03-22,31.274,32.644,30.617,32.232,1471.79178945
2026-03-23,32.194,34.859,32.129,34.475,1579.29929378
2026-03-24,34.543,35.043,33.5,34.314,580.42998271
2026-03-25,34.492,34.973,33.919,33.919,121.774326
2026-03-26,34.03,34.385,32.0,32.303,749.58967713
2026-03-27,32.293,32.837,31.4,31.646,528.73089434
2026-03-28,31.708,32.74,31.126,31.61,144.35281382
2026-03-29,31.596,32.34,30.848,31.678,197.93864212
2026-03-30,31.866,32.966,31.631,32.116,323.990109
2026-03-31,32.188,33.3,31.775,32.731,534.87156663
2026-04-01,32.612,33.1,31.555,31.555,505.62109255
2026-04-02,31.669,31.92,29.396,30.102,1063.18319176
2026-04-03,30.065,30.805,29.719,29.867,131.28559171
2026-04-04,29.735,30.885,29.556,30.879,501.2512299
2026-04-05,30.674,30.955,29.747,30.362,575.98847755
2026-04-06,30.55,31.291,29.852,30.228,381.26645231
2026-04-07,30.202,36.72,29.97,33.618,2933.4471179
2026-04-08,33.716,34.011,31.9,32.228,1121.72190873
2026-04-09,32.054,37.678,31.578,35.899,2521.87102699
2026-04-10,35.999,46.182,35.608,45.824,7261.58705466
2026-04-11,45.915,47.779,43.176,46.283,1974.11782785
2026-04-12,46.19,48.258,40.733,40.977,2868.8726328
2026-04-13,40.819,43.725,39.301,41.356,2671.40394306
2026-04-14,41.152,41.6,37.71,38.264,986.93326644
2026-04-15,38.413,38.977,37.781,38.049,714.15467549
2026-04-16,38.102,38.53,36.388,36.877,1041.5029867
2026-04-17,37.033,38.188,36.144,36.761,2048.16733907
2026-04-18,36.917,37.379,34.248,34.602,1649.6893293
2026-04-19,34.533,35.9,33.301,33.485,1058.52844338
2026-04-20,33.656,35.122,33.362,34.338,416.55966745
2026-04-21,34.178,37.155,34.152,36.696,727.60489139
2026-04-22,36.771,37.832,35.365,35.365,965.5427089899999
2026-04-23,35.294,36.7,34.6,36.52,1314.08039595
2026-04-24,36.703,37.4,35.5,36.599,2586.55909992
2026-04-25,36.599,36.696,35.79,36.207,368.4998596
2026-04-26,36.075,37.043,35.964,36.407,193.32206216
2026-04-27,36.471,37.743,34.487,35.535,1049.40717763
2026-04-28,35.576,35.804,34.66,34.943,134.26104605
2026-04-29,34.804,35.758,33.678,34.426,761.78594041
2026-04-30,34.619,35.581,34.097,35.581,300.78493284
2026-05-01,35.405,58.755,34.995,37.717,3301.61165215
2026-05-02,37.498,38.596,36.627,37.066,802.41874691
2026-05-03,37.155,39.562,36.844,39.155,2346.06252314
2026-05-04,39.233,52.555,39.039,47.473,10967.50451637
2026-05-05,47.376,50.353,44.505,48.89,4612.78348472
2026-05-06,49.22,58.307,47.658,51.382,10310.35062572
2026-05-07,51.64,54.195,49.408,52.059,2618.4827835
2026-05-08,52.161,52.515,47.009,50.378,3364.35901813
2026-05-09,50.127,52.946,48.78,49.072,2657.52885549
2026-05-10,48.974,49.991,45.888,47.613,2106.18902918
2026-05-11,47.518,47.773,46.123,46.86,854.72459551
2026-05-12,46.625,47.049,44.675,46.197,1070.37842045
2026-05-13,46.314,47.527,43.252,44.037,1392.57693867
2026-05-14,43.793,46.985,43.15,46.138,870.22595352
2026-05-15,46.403,46.403,42.425,43.443,1184.90920664
2026-05-16,43.266,43.528,40.546,41.318,1137.66774404
2026-05-17,41.069,42.709,39.805,40.843,678.81179228
2026-05-18,40.552,43.492,40.144,42.61,3140.81386938
2026-05-19,42.823,43.352,41.788,42.224,1018.28201275
2026-05-20,42.182,50.705,41.379,50.705,5913.5228622
2026-05-21,50.688,54.516,47.038,49.018,3433.89540439
2026-05-22,48.92,49.548,42.582,42.801,6409.40409252
2026-05-23,42.583,46.777,41.752,46.041,3347.56944148
2026-05-24,45.811,47.25,44.588,46.074,1266.39244455
2026-05-25,46.132,47.607,44.535,44.936,655.54477615
2026-05-26,44.714,45.923,43.0,43.61,584.80890179
2026-05-27,43.79,44.336,42.2,42.648,619.24148872
2026-05-28,42.46,42.674,38.476,40.148,1712.51812996
2026-05-29,40.213,42.326,39.0,39.389,1737.62058175
2026-05-30,39.467,40.29,38.523,39.336,279.16279476
2026-05-31,39.532,40.606,38.843,40.29,768.13652558
2026-06-01,40.341,41.506,38.133,39.4,1092.05445944
2026-06-02,39.628,40.559,20.022,37.798,6067.31557174
2026-06-03,37.874,40.356,37.874,39.347,2561.99157004
2026-06-04,39.15,39.674,33.23,34.322,2578.26112446
2026-06-05,34.153,34.26,29.51,31.55,6339.21039718
2026-06-06,31.59,32.901,29.522,32.639,1216.5429433900001
2026-06-07,32.797,38.297,32.469,36.854,1252.51782406
2026-06-08,37.042,38.0,36.379,36.91,2484.3180455
2026-06-09,36.855,38.481,35.141,35.316,992.5813999
2026-06-10,35.173,35.629,33.382,33.9,1595.08697267
2026-06-11,33.913,36.24,33.875,35.745,1937.08825581
2026-06-12,35.616,35.89,34.276,34.276,368.32149823000003
2026-06-13,34.449,35.744,34.303,35.378,174.7024331
2026-06-14,35.529,38.261,34.589,38.261,1195.95187469
2026-06-15,38.336,40.141,37.38,38.256,2622.59256455
2026-06-16,38.332,38.716,36.835,37.456,399.82601267
2026-06-17,37.471,38.097,35.71,36.194,473.22907357
2026-06-18,36.376,36.579,34.565,35.401,860.14929805
2026-06-19,35.472,37.5,34.474,37.5,751.32906086
2026-06-20,37.545,38.12,35.949,36.91,410.59431669
2026-06-21,37.09,37.309,34.622,34.622,159.18906587
2026-06-22,34.797,35.69,34.202,34.483,228.53081994000001
2026-06-23,34.426,36.5,33.582,36.29,1047.55427217
2026-06-24,36.318,37.0,32.102,33.85,1347.576398
2026-06-25,33.718,35.43,32.16,33.992,872.46895163
2026-06-26,34.099,34.957,32.747,34.21,288.459961
2026-06-27,34.25,34.504,32.826,33.002,191.75180553
2026-06-28,32.96,33.283,31.795,32.291,892.17807673
2026-06-29,32.131,34.0,31.81,33.213,381.85267333
2026-06-30,33.36,33.492,32.322,32.594,307.36037664
2026-07-01,32.594,33.865,31.67,33.108,570.24753215
2026-07-02,33.131,35.0,33.054,34.59,1084.47825179
2026-07-03,34.624,36.6,34.624,35.917,1327.84519498
2026-07-04,35.948,36.59,35.0,35.703,1160.12720601
2026-07-05,35.703,35.803,34.564,35.803,682.20017576
2026-07-06,35.748,35.888,34.1,35.149,996.9363468
2026-07-07,35.112,37.356,34.667,35.319,1052.74534431
2026-07-08,35.522,35.808,33.28,34.304,333.37054742
2026-07-09,34.373,34.531,33.7,34.11,82.20887188
2026-07-10,34.058,35.501,33.976,34.949,228.84097748
2026-07-11,34.91,35.409,33.969,33.999,142.1619866
2026-07-12,33.91,35.516,33.783,34.414,286.85534862
2026-07-13,34.468,35.161,32.626,32.977,376.32172524
2026-07-14,32.99,34.291,32.443,34.141,246.82078285
2026-07-15,34.19,35.6,33.999,34.592,415.97589699
2026-07-16,34.526,34.604,33.175,33.332,288.71351683
2026-07-17,33.402,34.5,33.1,34.194,124.85944798
2026-07-18,34.261,34.465,33.61,34.29,76.34766186
2026-07-19,34.11,35.0,33.86,34.417,59.4611963
2026-07-20,34.313,34.69,33.7,34.175,64.08259387
2026-07-21,34.115,35.2,33.91,34.932,483.78526622
2026-07-22,34.988,35.06,33.257,33.424,645.5709021
2026-07-23,33.576,33.79,32.652,33.05,114.16999917
2026-07-24,32.88,33.171,30.895,32.155,2691.36566866
2026-07-25,32.125,32.79,31.96,32.472,222.87882104
2026-07-26,32.634,33.09,32.406,32.954,139.0439011
2026-07-27,32.958,32.99,31.1,31.188,210.87284689
2026-07-28,31.145,31.873,30.0,31.468,645.24485436
2026-07-29,31.49,31.53,28.955,29.69,418.43629271
2026-07-30,29.51,30.59,29.21,30.39,476.87565842
2026-07-31,30.354,30.876,29.61,30.797,59.97972985
2026-08-01,30.89,32.2,30.61,31.123,342.17905635
2026-08-02,31.19,31.698,31.19,31.698,10.5265345
