time,open,high,low,close,volume
2020-08-22,2.8454,4.5244,2.8,4.5124,412174.13739576
2020-08-23,4.45,4.49,3.73,4.0525,72387.15546012
2020-08-24,3.9608,4.8068,3.85,4.5616,155406.53022897
2020-08-25,4.6008,5.7745,4.5331,5.5663,196568.06732059
2020-08-26,5.5997,6.5531,5.1216,6.0927,708247.58347428
2020-08-27,6.1086,6.7962,5.2442,5.6557,419914.11573258
2020-08-28,5.6984,6.352,5.5196,6.1709,528081.90646775
2020-08-29,6.1896,6.57,6.025,6.1437,385884.73367157
2020-08-30,6.1634,6.2342,5.7242,5.8566,174989.88438923
2020-08-31,5.9098,6.47,5.7714,6.3071,163816.62199478
2020-09-01,6.2964,6.859,6.1317,6.25,292558.16072672
2020-09-02,6.242,6.4338,5.5869,6.1326,261755.77991749
2020-09-03,6.1376,6.3129,5.5716,5.6901,344922.19229352
2020-09-04,5.7175,5.975,4.512,5.1399,517766.36076771
2020-09-05,5.1127,5.3136,3.592,4.1578,723703.8942763
2020-09-06,4.1192,4.917,3.75,4.801,365192.00416522
2020-09-07,4.8202,4.8202,4.0282,4.601,447472.034398
2020-09-08,4.6162,4.6302,4.1217,4.2738,242526.85709937
2020-09-09,4.2732,4.7972,4.1493,4.7007,162051.09829012
2020-09-10,4.7121,4.9014,4.4474,4.5794,173213.47412548
2020-09-11,4.616,4.7466,4.3172,4.6428,135200.40561245
2020-09-12,4.6581,5.2991,4.5059,5.1559,224685.43891362
2020-09-13,5.1476,5.4921,4.792,5.296,195246.894116
2020-09-14,5.3041,5.587,5.0998,5.3483,256709.7123061
2020-09-15,5.3721,5.4431,5.062,5.062,168105.66770351
2020-09-16,5.0507,5.2948,4.98,5.0852,111525.37354387
2020-09-17,5.0611,5.4337,5.0611,5.348,112417.40313524
2020-09-18,5.3347,5.4691,5.1079,5.2609,121369.69180325
2020-09-19,5.2597,5.2597,4.812,4.9371,133842.00099848
2020-09-20,4.9335,4.972,4.4167,4.6743,275451.44071074
2020-09-21,4.6677,4.7015,3.932,4.0802,565814.0006099
2020-09-22,4.062,4.2227,3.9106,4.1746,197343.61230448
2020-09-23,4.1683,4.3312,3.95,4.0183,148343.50852468
2020-09-24,3.9956,4.4767,3.979,4.3992,192138.80356192
2020-09-25,4.3963,4.534,4.2551,4.4307,88447.55079236
2020-09-26,4.4327,4.4848,4.2399,4.34,80802.79409732
2020-09-27,4.3321,4.3685,4.1236,4.3192,87204.77239782
2020-09-28,4.3188,4.5947,4.2674,4.4574,199684.93037199
2020-09-29,4.445,4.613,4.362,4.507,165354.60031429
2020-09-30,4.4975,4.4975,4.2574,4.3532,128655.89807912
2020-10-01,4.3593,4.5914,4.2499,4.3541,225982.12334612
2020-10-02,4.3216,4.367,3.8994,4.1222,362443.73985544
2020-10-03,4.1147,4.134,4.0355,4.0733,118773.89076044
2020-10-04,4.0689,4.2,4.0244,4.1805,169056.75036851
2020-10-05,4.1733,4.2472,4.1154,4.1692,94182.40511232
2020-10-06,4.1753,4.1844,3.61,3.7521,228419.61546285
2020-10-07,3.7436,3.8924,3.6058,3.8618,135393.96387078
2020-10-08,3.8618,4.1611,3.6447,4.1249,329284.86348728
2020-10-09,4.101,4.3541,4.0225,4.2644,258861.29024254
2020-10-10,4.2722,4.49,4.2342,4.2608,192991.0052258
2020-10-11,4.2649,4.3338,4.1759,4.2637,56895.39920892
2020-10-12,4.2504,4.46,4.2054,4.317,160201.33568903
2020-10-13,4.32,4.3479,4.142,4.2491,106995.46771464
2020-10-14,4.2575,4.3868,4.0907,4.2042,95551.53989062
2020-10-15,4.1936,4.1936,4.0242,4.0993,182556.89189237
2020-10-16,4.0885,4.1551,3.811,3.9095,180976.08510434
2020-10-17,3.9211,3.9831,3.875,3.9716,48564.33637694
2020-10-18,3.9672,4.1274,3.96,4.1114,58207.84131684
2020-10-19,4.1136,4.1276,3.9591,3.9886,71101.26552607
2020-10-20,3.9885,4.1466,3.8724,3.9158,243713.83032364
2020-10-21,3.9098,4.2479,3.8993,4.1418,181907.05894071
2020-10-22,4.1433,4.338,4.1336,4.2686,84509.02443335
2020-10-23,4.2659,4.4848,4.1857,4.2606,133027.91201617
2020-10-24,4.268,4.4315,4.2422,4.3543,64359.35063273
2020-10-25,4.3534,4.4476,4.2615,4.329,78873.05911375
2020-10-26,4.3279,4.751,4.2976,4.7038,240850.71404701
2020-10-27,4.7101,4.9304,4.6561,4.6857,165000.5999546
2020-10-28,4.6623,4.7691,4.26,4.3625,155652.76810943
2020-10-29,4.3595,4.4,3.852,4.0577,124582.67300174
2020-10-30,4.0574,4.1556,3.92,4.0845,129423.13876173
2020-10-31,4.0819,4.2763,4.0645,4.1837,47465.40340529
2020-11-01,4.1809,4.2211,4.107,4.2197,27576.48507596
2020-11-02,4.2248,4.2615,3.97,4.0301,63558.56674895
2020-11-03,4.0323,4.0652,3.89,4.0273,58367.51939436
2020-11-04,4.034,4.1534,3.8966,4.0927,48701.6548281
2020-11-05,4.0969,4.2975,4.0232,4.2207,83295.6933015
2020-11-06,4.2114,4.6383,4.21,4.5817,107256.91709125
2020-11-07,4.5944,4.846,4.1,4.2369,197980.71812178
2020-11-08,4.2355,4.42,4.1457,4.3776,50002.50923825
2020-11-09,4.3816,4.4624,4.2446,4.3465,49361.07823922
2020-11-10,4.3381,4.5004,4.3087,4.4249,39382.06815905
2020-11-11,4.4332,4.6319,4.4249,4.4515,68313.02278976
2020-11-12,4.4554,4.475,4.319,4.3978,35256.46550153
2020-11-13,4.396,4.5845,4.3735,4.5368,36061.50316076
2020-11-14,4.5505,4.5505,4.3597,4.4633,36915.15126765
2020-11-15,4.4565,4.497,4.3121,4.369,47813.64322396
2020-11-16,4.369,4.5976,4.348,4.4926,71650.66746704
2020-11-17,4.4971,4.924,4.4971,4.8606,159827.87262951
2020-11-18,4.868,4.949,4.5033,4.6826,181887.47551328
2020-11-19,4.6893,4.8493,4.5427,4.7542,67739.81728627
2020-11-20,4.7535,5.475,4.7473,5.2359,310248.401666
2020-11-21,5.23,5.8099,5.1319,5.7706,382884.14630398
2020-11-22,5.7634,5.8273,5.1838,5.5021,234422.3160619
2020-11-23,5.5109,5.9474,5.4113,5.9033,217343.60836505
2020-11-24,5.9033,6.0881,5.592,5.7116,294724.69228436
2020-11-25,5.7237,5.8148,5.1341,5.3109,168543.01574918
2020-11-26,5.2957,5.3686,4.4637,4.8133,659633.63771981
2020-11-27,4.8243,5.0811,4.5257,4.8196,55368.54791555
2020-11-28,4.7937,4.95,4.6842,4.9015,48021.50946981
2020-11-29,4.9033,5.2035,4.8143,5.1732,56187.2568245
2020-11-30,5.1976,5.4564,5.1441,5.3754,172502.40988083
2020-12-01,5.3745,5.5493,4.9789,5.0948,252493.39651019
2020-12-02,5.0873,5.5527,5.0187,5.4704,144880.04060242
2020-12-03,5.4678,5.577,5.332,5.4112,192675.19968311
2020-12-04,5.4047,5.435,4.9548,5.041,210195.35232518
2020-12-05,4.9993,5.1926,4.88,5.1893,121642.66083883
2020-12-06,5.1959,5.2031,5.0124,5.1402,63715.86235043
2020-12-07,5.1391,5.1537,5.0156,5.0607,48362.49535952
2020-12-08,5.0585,5.0711,4.7086,4.7378,155424.58330217
2020-12-09,4.7377,4.9503,4.6334,4.8743,128867.14233919
2020-12-10,4.8804,4.9159,4.7525,4.8016,43046.28384098
2020-12-11,4.8009,4.8009,4.5518,4.6071,53237.26112104
2020-12-12,4.6233,4.8065,4.6179,4.735,40098.14868219
2020-12-13,4.7426,4.9973,4.7339,4.8946,49769.46096381
2020-12-14,4.8945,5.0102,4.832,4.8993,36009.9065617
2020-12-15,4.8967,5.2998,4.8596,5.2507,129079.01695488
2020-12-16,5.2414,5.3626,5.1268,5.3554,139970.89638778
2020-12-17,5.3717,5.7183,5.275,5.3385,194245.30267173
2020-12-18,5.3141,5.4985,5.2441,5.3594,198911.80399516
2020-12-19,5.3627,5.5752,5.2795,5.3316,95531.09471632
2020-12-20,5.3312,5.4282,5.0723,5.1806,148354.53565587
2020-12-21,5.18,5.4358,4.772,4.8851,495840.39825963
2020-12-22,4.8707,5.1792,4.7946,5.1473,291700.84452514
2020-12-23,5.1478,5.1809,4.586,4.7118,161939.48068383
2020-12-24,4.718,5.2033,4.6348,5.1233,194637.39141251
2020-12-25,5.1176,5.2829,5.0462,5.2201,217482.14480925
2020-12-26,5.2171,5.2876,5.0855,5.1834,106704.64983283001
2020-12-27,5.1757,5.4093,4.9209,5.1431,368501.78878932
2020-12-28,5.1477,6.6846,5.1027,6.5974,1190454.42534498
2020-12-29,6.5899,7.6723,6.1802,7.5163,2129743.36430457
2020-12-30,7.529,7.6755,7.0576,7.2421,982571.65719686
2020-12-31,7.2296,9.5,7.1579,9.2408,1250983.9642554
2021-01-01,9.2631,9.4307,8.0991,8.282,1161242.21537762
2021-01-02,8.2637,9.83,7.91,9.2113,1060554.00093464
2021-01-03,9.2079,10.49,8.8561,10.138,837732.1358008
2021-01-04,10.129,10.524,8.7096,9.5,715088.98168603
2021-01-05,9.504,10.068,9.0367,9.7017,262038.94231424
2021-01-06,9.7397,10.45,9.4417,10.078,410454.38762463
2021-01-07,10.078,10.683,9.4321,9.6459,477976.29102985
2021-01-08,9.6305,9.8227,8.7917,9.2764,420899.56445455
2021-01-09,9.274,9.83,9.0315,9.7697,178812.0827843
2021-01-10,9.7764,10.001,8.6737,9.2965,317690.25230398
2021-01-11,9.2954,9.3295,7.152,8.287,832416.44247561
2021-01-12,8.2893,8.7011,7.9434,8.3131,219492.68570274
2021-01-13,8.3229,11.374,7.9991,10.929,787148.21445472
2021-01-14,10.942,14.829,10.902,14.472,1553651.61549222
2021-01-15,14.472,14.936,11.853,13.199,1438441.71424305
2021-01-16,13.191,19.45,13.191,18.0,2250202.48966458
2021-01-17,17.979,18.276,16.333,17.119,1020597.36530758
2021-01-18,17.108,18.209,15.826,16.59,597389.74320264
2021-01-19,16.607,17.5,16.0,16.425,483995.69307819
2021-01-20,16.41,18.246,14.781,18.0,1194631.09691251
2021-01-21,18.022,18.145,15.01,15.964,1365853.88036889
2021-01-22,15.996,18.05,14.77,17.198,683506.15935993
2021-01-23,17.169,18.794,16.852,18.744,493055.04254836
2021-01-24,18.744,18.744,17.327,18.007,272506.0415586
2021-01-25,18.019,19.1,17.09,17.222,295892.59317384
2021-01-26,17.184,17.78,16.033,17.107,254315.19053956
2021-01-27,17.059,17.059,15.076,15.47,376385.82610388
2021-01-28,15.465,17.5,15.302,16.851,330183.90186811
2021-01-29,16.85,17.775,16.024,16.83,456845.54166049
2021-01-30,16.844,17.049,16.154,16.558,223401.90700203
2021-01-31,16.549,17.568,15.7,16.136,193791.68026399
2021-02-01,16.111,16.558,15.724,16.511,173501.11027484
2021-02-02,16.494,17.67,16.056,17.225,307684.78232669
2021-02-03,17.23,20.938,16.851,20.865,627680.58560971
2021-02-04,20.892,21.712,19.001,19.718,548241.34831369
2021-02-05,19.686,21.374,19.363,20.83,364545.27753625
2021-02-06,20.841,21.399,19.87,20.38,158909.75647008
2021-02-07,20.394,20.798,18.442,19.779,293107.17767821
2021-02-08,19.744,23.73,19.19,23.076,767515.14962936
2021-02-09,23.076,24.21,22.265,23.124,292990.96322808
2021-02-10,23.111,24.85,21.895,23.585,681896.41872377
2021-02-11,23.603,25.709,23.277,25.034,656901.48181922
2021-02-12,25.102,29.732,24.498,28.67,605031.57040542
2021-02-13,28.655,30.225,27.228,27.976,622400.88677115
2021-02-14,28.032,29.38,26.382,26.893,495165.89270743
2021-02-15,26.893,29.542,23.151,27.77,1042461.04363322
2021-02-16,27.779,31.0,26.844,30.132,722460.62325401
2021-02-17,30.095,32.415,29.635,31.945,409586.58577129
2021-02-18,31.976,32.567,30.549,31.05,156675.82512132
2021-02-19,31.135,34.992,29.515,34.782,432076.76664939
2021-02-20,34.772,42.2,34.641,38.931,961444.90816778
2021-02-21,38.914,40.517,38.0,39.602,448326.86862479
2021-02-22,39.601,39.672,30.938,37.592,1313773.50603828
2021-02-23,37.613,37.72,26.562,34.583,1463680.02896023
2021-02-24,34.544,36.764,31.856,33.693,578481.8224309
2021-02-25,33.706,35.236,30.936,31.251,362370.53473886
2021-02-26,31.256,33.503,27.967,31.416,926390.23394248
2021-02-27,31.466,35.636,31.362,33.528,641871.27101398
2021-02-28,33.539,34.649,29.818,33.785,767921.50468198
2021-03-01,33.919,35.647,33.109,35.634,250659.94951486
2021-03-02,35.655,37.937,34.458,36.17,429956.60046443
2021-03-03,36.22,38.725,36.22,37.117,190355.50184395
2021-03-04,37.103,38.424,34.422,35.35,372613.58158055
2021-03-05,35.269,35.269,31.49,33.644,368318.49734567
2021-03-06,33.726,34.217,32.129,33.387,153568.63706146
2021-03-07,33.395,35.321,33.395,35.101,99591.75946955
2021-03-08,35.159,35.54,33.473,34.964,134909.80885913
2021-03-09,35.02,38.911,34.597,38.24,364516.70271509
2021-03-10,38.266,39.59,36.337,37.654,449631.25730532
2021-03-11,37.621,38.097,35.948,36.917,258728.02311583
2021-03-12,36.959,37.5,34.5,36.021,198746.77123482
2021-03-13,36.01,38.241,34.772,37.164,161422.05656097
2021-03-14,37.175,37.955,36.26,36.457,83464.73227341
2021-03-15,36.449,38.459,33.896,34.361,250057.85135749
2021-03-16,34.348,35.556,32.13,35.423,190922.99149925
2021-03-17,35.423,36.45,34.383,36.14,109354.47033846
2021-03-18,36.163,36.98,35.303,35.351,121122.74334323
2021-03-19,35.32,38.903,34.615,38.174,314655.42651992
2021-03-20,38.19,40.171,37.174,37.194,205451.11254318
2021-03-21,37.181,38.04,36.1,36.673,144867.13696467
2021-03-22,36.645,37.77,35.083,35.263,202568.57414415
2021-03-23,35.285,36.24,34.027,34.204,96082.52100714
2021-03-24,34.153,36.161,28.0,30.313,412200.7347792
2021-03-25,30.231,31.2,28.382,29.83,726099.60500437
2021-03-26,29.805,33.333,29.805,33.13,177215.36633475
2021-03-27,33.155,33.47,31.152,32.608,104473.13070269
2021-03-28,32.7,33.236,31.26,32.248,84098.81135639
2021-03-29,32.282,34.734,31.768,34.371,98304.56624583
2021-03-30,34.428,34.874,33.56,34.027,54554.355767349996
2021-03-31,34.007,38.277,33.327,37.06,271736.4984441
2021-04-01,37.09,38.938,36.039,37.429,166951.50115968
2021-04-02,37.543,41.327,36.61,40.934,158371.55739804
2021-04-03,41.039,46.741,40.904,41.429,413441.36456524
2021-04-04,41.296,45.043,40.693,44.282,158865.99955301
2021-04-05,44.413,45.863,41.86,45.861,178572.9316021
2021-04-06,45.827,46.239,41.546,43.311,202402.4407223
2021-04-07,43.399,43.465,37.742,39.488,331140.30136633
2021-04-08,39.559,41.569,39.26,41.416,89911.47127083
2021-04-09,41.454,42.085,40.11,40.787,74024.88967653
2021-04-10,40.85,42.789,40.012,41.618,96420.86747636
2021-04-11,41.618,41.894,40.026,41.361,56492.04675595
2021-04-12,41.446,41.796,39.427,40.5,94779.66190302
2021-04-13,40.538,43.297,39.807,42.904,197029.99482394
2021-04-14,42.987,44.533,40.1,42.36,260830.77501664
2021-04-15,42.54,44.32,41.36,43.476,115461.00417814
2021-04-16,43.44,43.793,40.013,41.378,269050.79173873
2021-04-17,41.378,48.3,41.378,42.049,344034.78857565
2021-04-18,42.0,42.605,32.0,37.373,619705.73403347
2021-04-19,37.373,38.675,34.02,34.758,187171.20098457
2021-04-20,34.884,35.739,31.624,35.446,429729.9610372
2021-04-21,35.455,36.299,33.054,33.792,273878.49527361
2021-04-22,33.812,36.732,32.837,32.988,423432.86110387
2021-04-23,32.951,33.454,26.603,32.242,369129.08831006
2021-04-24,32.26,32.446,28.623,29.077,251493.2541979
2021-04-25,29.061,31.336,28.205,29.819,218374.51339084
2021-04-26,29.89,33.523,29.807,33.467,307388.00196444
2021-04-27,33.457,34.947,33.223,34.801,123897.39087244
2021-04-28,34.828,35.374,32.62,34.001,229127.81990996
2021-04-29,34.0,35.973,33.0,35.963,125615.8869202
2021-04-30,35.97,36.793,35.124,36.502,276216.49518902
2021-05-01,36.468,37.306,35.746,36.916,157770.15564612
2021-05-02,36.85,37.129,35.5,36.67,62092.04929301
2021-05-03,36.659,38.25,36.659,37.246,215350.02034547
2021-05-04,37.236,37.918,34.6,34.863,344900.68408482
2021-05-05,34.764,40.779,34.556,40.474,423632.9150378
2021-05-06,40.472,43.906,38.081,41.605,487065.67182795
2021-05-07,41.644,42.68,38.4,39.935,235391.60354344
2021-05-08,39.873,40.625,38.737,39.89,80996.66283099
2021-05-09,39.89,40.552,38.178,40.351,628982.98777204
2021-05-10,40.382,41.855,32.32,36.51,412166.97883381
2021-05-11,36.46,38.665,35.548,38.664,239281.14456917
2021-05-12,38.659,42.456,33.871,35.115,803857.92407194
2021-05-13,35.151,41.915,33.1,40.046,1416647.53794171
2021-05-14,40.033,48.072,39.474,48.067,685477.80825389
2021-05-15,48.06,49.806,42.866,43.653,652440.27458702
2021-05-16,43.69,46.764,39.486,42.571,872553.04483196
2021-05-17,42.51,42.51,35.3,38.668,466089.33769681
2021-05-18,38.789,42.589,37.737,40.622,259333.40008297
2021-05-19,40.66,41.361,16.0,25.066,2523011.26138732
2021-05-20,25.033,31.243,21.234,28.986,1582812.04534642
2021-05-21,29.108,31.006,20.06,24.48,1741547.32274251
2021-05-22,24.424,24.642,20.444,22.138,568047.34157838
2021-05-23,22.051,23.5,13.732,17.955,2061843.5066092
2021-05-24,17.943,23.486,17.179,23.257,841000.42511014
2021-05-25,23.245,24.2,19.728,22.211,387947.69629858
2021-05-26,22.236,24.767,21.686,24.555,434601.64464648
2021-05-27,24.523,24.967,21.797,23.951,467260.19455872
2021-05-28,23.998,26.212,20.055,21.393,1071598.06917104
2021-05-29,21.372,22.29,18.8,19.835,598422.44122374
2021-05-30,19.823,21.275,18.433,20.427,299278.06237282
2021-05-31,20.422,23.408,19.1,23.408,449897.19139616
2021-06-01,23.28,23.504,21.711,22.805,216060.60757389
2021-06-02,22.857,26.829,22.713,26.014,344970.83960722
2021-06-03,25.911,28.596,25.716,26.98,266423.14203986997
2021-06-04,27.01,27.01,23.65,25.006,278398.40030391
2021-06-05,25.037,26.38,22.97,23.763,241345.25727235
2021-06-06,23.774,24.469,23.591,24.164,113630.87438013
2021-06-07,24.191,25.252,21.301,21.696,202648.9621416
2021-06-08,21.69,22.275,19.681,21.726,339123.40139214
2021-06-09,21.656,23.29,20.422,23.138,224034.28221006
2021-06-10,23.23,24.596,22.094,22.649,239217.48641772
2021-06-11,22.669,23.181,20.517,20.947,137718.20542718
2021-06-12,20.934,21.241,19.585,20.744,113615.51899601
2021-06-13,20.711,22.391,19.965,21.981,77920.51862487
2021-06-14,22.034,26.0,21.277,25.839,330637.62507439
2021-06-15,25.864,25.974,23.547,23.955,281429.8275684
2021-06-16,23.942,24.555,22.508,23.019,241053.0206463
2021-06-17,23.032,23.974,22.011,22.488,117173.33738198
2021-06-18,22.46,22.548,20.223,21.373,126906.48090414
2021-06-19,21.378,21.626,20.263,20.263,127963.67370916
2021-06-20,20.264,21.039,18.947,20.669,195030.70490428
2021-06-21,20.644,20.809,15.416,15.766,743684.76902761
2021-06-22,15.763,16.966,13.09,14.699,1109671.50870465
2021-06-23,14.699,16.8,14.023,15.791,372044.11608193
2021-06-24,15.814,16.577,14.751,16.237,200101.20792123
2021-06-25,16.247,16.733,14.42,14.42,248313.41698843
2021-06-26,14.421,14.964,13.65,14.539,299926.73864094
2021-06-27,14.532,15.025,14.089,15.007,208602.82490645
2021-06-28,15.025,16.021,14.619,15.777,213652.25492829
2021-06-29,15.798,17.019,15.735,16.263,227576.77019205
2021-06-30,16.302,16.624,15.603,16.389,232649.55441034
2021-07-01,16.379,16.388,14.864,15.219,176775.70993424
2021-07-02,15.173,15.455,14.646,15.329,109718.83245175
2021-07-03,15.296,15.729,15.034,15.531,58966.06113279
2021-07-04,15.519,16.548,15.194,15.983,82209.1238352
2021-07-05,15.97,15.97,14.725,15.272,194038.10664141
2021-07-06,15.2,16.177,15.2,16.14,271226.88402708
2021-07-07,16.15,17.654,16.112,16.863,201668.98559653
2021-07-08,16.851,16.868,14.99,15.317,148934.91876037
2021-07-09,15.297,15.893,14.828,15.659,104273.22768091
2021-07-10,15.639,15.965,15.067,15.286,77459.56372079
2021-07-11,15.273,15.69,15.157,15.477,27345.57804958
2021-07-12,15.476,15.637,14.4,14.893,61563.99142306
2021-07-13,14.837,15.08,14.019,14.149,112663.23383431
2021-07-14,14.194,14.203,13.183,13.802,135764.86601005
2021-07-15,13.834,14.105,12.76,13.13,129933.21876157
2021-07-16,13.069,13.313,12.008,12.061,241970.13063438
2021-07-17,12.026,12.74,11.75,12.29,279940.63207571
2021-07-18,12.329,12.921,12.282,12.673,208090.090089
2021-07-19,12.662,12.742,11.37,11.455,196083.9202902
2021-07-20,11.473,11.523,10.362,10.981,226675.47331188
2021-07-21,11.003,12.857,10.689,12.329,193401.33717528
2021-07-22,12.337,13.379,11.842,13.159,213181.47673476
2021-07-23,13.166,13.501,12.338,13.4,227682.12655603
2021-07-24,13.397,14.065,13.149,13.805,155049.63881061
2021-07-25,13.794,13.835,13.113,13.738,151375.55883403
2021-07-26,13.705,15.284,13.657,13.999,387237.35062619
2021-07-27,13.936,14.548,13.396,14.387,305441.1526136
2021-07-28,14.374,14.745,13.951,14.543,158304.9494693
2021-07-29,14.528,15.387,14.277,15.253,145840.54934155
2021-07-30,15.229,15.841,14.429,15.804,278396.22733124
2021-07-31,15.832,17.0,15.612,16.732,169611.57185872
2021-08-01,16.754,19.885,16.56,18.451,588853.99264414
2021-08-02,18.458,18.93,17.584,18.015,244409.40811493
2021-08-03,17.982,18.53,16.841,17.396,163324.97787319
2021-08-04,17.436,19.58,17.108,19.152,238000.40299925
2021-08-05,19.161,19.454,17.872,19.134,201247.23581374
2021-08-06,19.125,20.764,18.533,20.428,237889.52903579
2021-08-07,20.403,21.65,20.007,20.954,156721.21041472
2021-08-08,20.94,21.183,19.2,19.633,104455.4295236
2021-08-09,19.682,21.241,18.704,20.601,189942.26957554
2021-08-10,20.55,21.428,19.944,20.614,705476.70125085
2021-08-11,20.62,22.469,20.558,21.388,1069581.38338859
2021-08-12,21.337,22.288,19.93,20.719,227943.94811407
2021-08-13,20.778,22.74,20.566,22.74,288054.30586731
2021-08-14,22.734,23.482,21.8,22.853,239458.05135919
2021-08-15,22.901,23.34,21.87,23.148,89238.34628946
2021-08-16,23.183,25.656,22.891,24.449,514724.97670397
2021-08-17,24.462,27.41,23.053,23.539,448218.46370166
2021-08-18,23.538,25.148,22.52,23.887,424069.25385962
2021-08-19,23.908,26.828,23.49,26.584,458967.25259503
2021-08-20,26.628,28.467,26.078,28.14,341575.3245252
2021-08-21,28.179,29.351,27.535,27.881,316666.68416193
2021-08-22,27.859,28.525,26.556,27.73,156904.53791665
2021-08-23,27.74,28.621,27.357,27.895,158599.38096219
2021-08-24,27.86,28.148,24.342,25.093,500528.58547536
2021-08-25,25.065,26.538,24.456,25.999,350396.63014736
2021-08-26,26.012,26.395,23.473,23.901,726420.96432287
2021-08-27,23.913,26.763,23.464,26.56,420615.46773444
2021-08-28,26.55,26.744,25.458,25.98,255818.95795715
2021-08-29,25.988,26.476,25.3,25.729,205794.56600209
2021-08-30,25.731,27.574,24.347,26.016,346867.14496583
2021-08-31,26.046,31.932,25.654,31.367,1097243.43384187
2021-09-01,31.364,33.832,29.65,33.224,1012559.29505069
2021-09-02,33.199,33.199,31.253,31.815,532760.22870323
2021-09-03,31.806,34.0,30.947,33.599,633542.27836528
2021-09-04,33.612,34.149,32.045,32.371,267205.49264612
2021-09-05,32.37,34.763,32.015,34.405,296646.74628467
2021-09-06,34.432,35.08,32.434,34.35,694401.64990393
2021-09-07,34.35,35.668,22.502,27.934,1891034.85181291
2021-09-08,27.961,28.85,25.231,27.766,1006793.85690383
2021-09-09,27.742,31.829,27.014,29.845,687665.57417647
2021-09-10,29.838,32.668,28.015,29.209,987479.60485778
2021-09-11,29.216,32.079,28.287,31.585,744462.75469644
2021-09-12,31.56,36.43,30.671,35.848,513502.38261469
2021-09-13,35.955,37.956,31.6,34.871,1295798.89947697
2021-09-14,34.88,38.727,34.103,37.298,921490.78062612
2021-09-15,37.403,38.061,35.516,36.464,318917.18412376
2021-09-16,36.481,36.974,34.029,35.528,696897.61965611
2021-09-17,35.562,36.946,32.215,33.027,523770.94914952
2021-09-18,33.057,35.884,32.538,34.924,187228.74554124
2021-09-19,34.859,34.899,33.026,33.851,234120.67850062
2021-09-20,33.856,33.884,26.581,28.299,1233460.36162154
2021-09-21,28.284,30.353,25.521,26.41,1489029.73200694
2021-09-22,26.406,32.001,25.969,31.697,592071.07488615
2021-09-23,31.62,33.6,30.435,33.445,264179.36339211
2021-09-24,33.447,33.507,27.975,30.872,663914.27127796
2021-09-25,30.87,32.218,29.452,29.856,219457.12428402
2021-09-26,29.83,30.034,26.8,28.909,250834.12287307
2021-09-27,28.782,30.232,27.608,27.749,292612.47383732
2021-09-28,27.71,28.369,26.178,26.34,148693.46188733
2021-09-29,26.292,28.56,26.12,27.273,188712.04800547
2021-09-30,27.241,28.988,26.11,28.599,91872.59356351
2021-10-01,28.62,32.319,28.52,31.948,374012.58579007
2021-10-02,31.957,33.392,31.58,32.054,299667.49366448
2021-10-03,32.032,32.694,31.282,32.135,159867.55565425
2021-10-04,32.058,32.094,30.067,31.176,213029.36821218
2021-10-05,31.169,32.138,30.555,31.432,186367.80009307
2021-10-06,31.416,33.058,29.16,32.246,454468.67276293
2021-10-07,32.238,35.306,30.937,33.983,539556.33471722
2021-10-08,34.002,34.488,33.023,33.338,197510.89300175
2021-10-09,33.389,36.889,33.001,36.358,255547.29273736
2021-10-10,36.349,37.421,34.145,34.426,364309.52524732
2021-10-11,34.44,36.055,33.253,34.151,338257.29739654
2021-10-12,34.105,35.399,32.079,35.14,246491.56455603
2021-10-13,35.15,43.204,33.644,41.682,657606.49054411
2021-10-14,41.719,42.5,39.361,40.7,493655.57901945
2021-10-15,40.693,44.216,39.488,43.306,616522.60761741
2021-10-16,43.314,44.772,41.325,41.677,240064.20567006
2021-10-17,41.738,42.839,39.585,42.072,240528.96591826
2021-10-18,42.123,43.236,40.282,41.196,367613.97004176
2021-10-19,41.188,41.636,40.051,41.352,135808.15846769
2021-10-20,41.352,45.217,41.093,44.389,405765.08024282
2021-10-21,44.41,45.47,41.881,42.829,402742.33356014
2021-10-22,42.846,46.382,42.699,43.457,422766.87784625
2021-10-23,43.523,44.734,43.082,43.989,125466.93779885
2021-10-24,43.951,44.172,41.33,42.306,129928.61748763
2021-10-25,42.349,44.766,42.121,44.539,135548.51854647
2021-10-26,44.557,45.989,43.336,44.851,132996.54540387
2021-10-27,44.881,45.748,38.59,40.351,528523.54859294
2021-10-28,40.465,43.091,39.821,41.805,200541.18993448
2021-10-29,41.825,44.391,41.593,44.194,108260.00025854
2021-10-30,44.228,44.308,42.148,42.771,69707.8304715
2021-10-31,42.723,43.381,41.028,42.741,52304.80471345
2021-11-01,42.816,51.5,41.757,50.018,542062.23232627
2021-11-02,49.963,53.335,48.084,51.627,434887.74606992
2021-11-03,51.67,54.5,49.163,53.406,400785.26671873
2021-11-04,53.338,55.047,52.169,53.859,253154.70603886
2021-11-05,53.846,53.91,50.595,51.83,144788.48023404
2021-11-06,51.749,52.403,49.005,52.033,256908.06417319
2021-11-07,52.027,53.514,51.351,52.206,168651.31473528
2021-11-08,52.216,53.871,51.696,53.351,411448.19030455
2021-11-09,53.317,53.386,50.521,50.788,261593.94045695
2021-11-10,50.777,51.996,42.31,46.734,875661.86253671
2021-11-11,46.695,49.379,45.593,47.479,510106.52514222
2021-11-12,47.465,47.706,44.086,45.921,422226.96776717
2021-11-13,45.925,47.54,44.863,47.092,445380.57831176
2021-11-14,47.085,47.8,45.028,46.364,104482.19331072
2021-11-15,46.381,47.45,44.53,44.758,250221.93131403
2021-11-16,44.736,44.74,38.041,40.837,407091.06118091
2021-11-17,40.864,42.747,38.803,42.747,391824.9481033
2021-11-18,42.762,43.26,37.6,39.073,480501.22662579
2021-11-19,39.055,42.286,38.439,41.247,363004.41267606
2021-11-20,41.253,42.135,39.921,42.135,248584.18527049
2021-11-21,42.134,43.622,40.71,41.943,224701.40938016
2021-11-22,42.084,42.192,38.868,39.536,289693.98278385
2021-11-23,39.497,41.475,38.563,40.81,298208.00176664
2021-11-24,40.882,40.917,38.094,38.298,332174.29965925
2021-11-25,38.298,41.0,38.061,39.477,501717.67497701
2021-11-26,39.509,39.64,33.663,34.601,505519.74775699
2021-11-27,34.601,35.968,34.483,35.194,291005.26812997
2021-11-28,35.157,35.854,32.253,35.765,354828.11502344
2021-11-29,35.787,37.567,35.448,37.127,234183.66871027
2021-11-30,37.153,39.394,35.465,37.934,305186.79925418
2021-12-01,37.979,38.79,36.25,36.793,220215.24354242
2021-12-02,36.784,36.804,35.095,35.789,469689.14914764
2021-12-03,35.786,36.827,32.603,33.762,230328.12253317
2021-12-04,33.707,33.868,23.953,29.426,1091841.8177331
2021-12-05,29.424,29.758,26.403,28.355,493697.13959011
2021-12-06,28.36,28.995,24.9,28.169,656930.54910303
2021-12-07,28.168,31.566,27.758,30.55,651629.85841688
2021-12-08,30.534,30.652,28.055,29.836,356201.85315087
2021-12-09,29.868,30.15,26.82,26.939,446783.29099913
2021-12-10,26.947,28.407,25.72,26.452,409246.45134265
2021-12-11,26.462,28.17,25.856,27.813,375603.03937497
2021-12-12,27.814,30.052,27.343,29.55,167486.50245706
2021-12-13,29.55,29.85,25.571,25.982,379582.8092077
2021-12-14,25.975,26.715,25.001,26.195,319269.02950916
2021-12-15,26.16,28.032,24.292,27.194,379887.35987017
2021-12-16,27.234,27.878,25.726,26.037,750630.78686571
2021-12-17,26.04,26.22,24.168,24.674,286554.87061079
2021-12-18,24.667,25.738,24.224,25.525,283881.7329896
2021-12-19,25.495,25.867,24.663,24.791,261676.72267595
2021-12-20,24.782,25.017,23.252,24.078,335405.52122496
2021-12-21,24.093,25.593,23.759,25.172,269109.92926819
2021-12-22,25.185,28.227,24.996,27.229,391439.19022806
2021-12-23,27.232,29.8,26.769,29.157,377003.55282388
2021-12-24,29.169,29.677,27.874,28.154,178139.36579823
2021-12-25,28.154,29.121,27.992,28.854,143943.02496504
2021-12-26,28.859,31.753,28.285,31.328,344266.30879365
2021-12-27,31.342,32.777,30.869,30.936,556062.0307897
2021-12-28,30.98,30.98,27.463,27.83,579058.49274883
2021-12-29,27.881,28.95,26.518,26.749,357077.31056772
2021-12-30,26.804,28.397,26.2,27.55,270770.86130423
2021-12-31,27.552,28.124,26.258,26.656,307705.30406888
2022-01-01,26.709,28.628,26.684,28.58,189718.72936523
2022-01-02,28.599,30.6,27.819,29.711,307978.39372894
2022-01-03,29.71,30.879,28.627,30.11,700143.87179818
2022-01-04,30.1,30.582,28.67,28.67,294187.36252319
2022-01-05,28.709,30.371,25.048,26.715,497037.68071391
2022-01-06,26.683,27.333,25.521,26.709,410196.78086005
2022-01-07,26.743,26.848,24.266,24.876,480578.35861811
2022-01-08,24.876,25.522,23.136,24.004,533128.08965735
2022-01-09,23.988,25.303,23.687,24.625,261312.26969299
2022-01-10,24.625,25.214,22.439,23.714,407055.44920789
2022-01-11,23.736,26.003,23.502,25.551,309866.80115237
2022-01-12,25.544,27.58,25.473,27.309,231521.82250653
2022-01-13,27.303,27.684,25.722,25.802,239794.57281993
2022-01-14,25.79,27.917,25.56,27.736,288260.74926835
2022-01-15,27.768,28.4,26.84,27.616,157144.37872857
2022-01-16,27.637,28.468,27.283,27.698,172489.35637666
2022-01-17,27.695,27.75,25.133,25.699,241665.93007362
2022-01-18,25.712,26.059,24.266,25.155,267774.98513438
2022-01-19,25.177,25.31,23.711,24.073,456118.84945559
2022-01-20,24.071,25.605,22.85,23.036,223870.11724343
2022-01-21,22.993,23.485,19.061,19.679,693692.64885637
2022-01-22,19.658,20.143,16.106,18.278,1120646.48502308
2022-01-23,18.3,19.195,17.756,18.849,426960.74288061
2022-01-24,18.835,18.835,15.83,18.044,565328.98883331
2022-01-25,18.028,19.041,17.402,18.318,222288.72551766
2022-01-26,18.324,20.05,17.541,18.088,404254.16172696
2022-01-27,18.082,18.419,17.172,18.137,299031.95024508
2022-01-28,18.115,18.498,17.378,18.346,249061.46100136
2022-01-29,18.338,19.075,18.089,18.732,222042.03521458
2022-01-30,18.71,19.001,17.813,18.18,253576.71185783
2022-01-31,18.169,19.62,17.139,19.379,331146.12095921
2022-02-01,19.388,20.038,19.163,19.587,342380.72969663
2022-02-02,19.59,20.586,18.538,18.758,404163.94161036
2022-02-03,18.776,18.96,17.985,18.93,287320.99514073
2022-02-04,18.925,20.545,18.739,20.495,245340.07543193
2022-02-05,20.497,22.29,20.344,21.377,322432.78407044
2022-02-06,21.353,21.955,20.811,21.951,132200.82437008
2022-02-07,21.959,22.727,21.43,22.365,220962.86882328
2022-02-08,22.391,23.184,21.087,21.647,229922.73542827
2022-02-09,21.677,22.252,21.079,21.976,131471.64178264
2022-02-10,21.959,22.47,20.521,20.527,232794.75551698
2022-02-11,20.534,20.751,18.61,18.995,224772.00968221
2022-02-12,18.977,19.439,18.294,18.825,204141.1058269
2022-02-13,18.843,19.295,18.401,18.756,136822.03148441
2022-02-14,18.763,18.955,18.041,18.7,143708.73786419
2022-02-15,18.708,20.344,18.659,20.18,134024.17317914
2022-02-16,20.198,20.198,19.078,19.795,130683.28523567
2022-02-17,19.772,20.019,17.805,18.161,290468.06443078
2022-02-18,18.169,18.61,17.642,17.84,181958.26792193
2022-02-19,17.821,18.229,17.358,17.866,127205.63517596001
2022-02-20,17.871,17.871,16.714,16.922,151084.71905991
2022-02-21,16.934,17.753,16.057,16.209,272707.76820151
2022-02-22,16.225,16.748,15.831,16.633,174927.7951721
2022-02-23,16.627,17.515,15.939,15.992,210673.54356618001
2022-02-24,15.99,16.739,14.075,16.189,602907.35420437
2022-02-25,16.209,17.549,15.824,17.263,208873.33239956
2022-02-26,17.273,18.783,17.193,18.033,351026.67815655
2022-02-27,18.048,18.716,17.092,17.495,256642.85272299
2022-02-28,17.505,19.128,16.664,18.974,280051.07771004
2022-03-01,18.939,19.588,18.363,18.906,285039.32309002
2022-03-02,18.926,19.276,18.37,18.614,165975.37629883
2022-03-03,18.624,18.674,17.783,18.043,161138.0493228
2022-03-04,18.025,18.06,16.509,16.783,194253.02590758
2022-03-05,16.787,17.799,16.206,17.327,145965.92846943
2022-03-06,17.329,17.602,16.547,16.999,142485.99046673
2022-03-07,16.979,17.136,16.016,16.421,178807.36475182
2022-03-08,16.411,17.276,16.314,16.982,198147.18575937
2022-03-09,16.973,18.084,16.898,17.866,138418.68396496
2022-03-10,17.87,17.946,16.709,16.978,159789.23759818
2022-03-11,16.967,18.486,16.703,17.711,267858.69610543
2022-03-12,17.699,18.731,17.683,18.135,136246.95834393
2022-03-13,18.144,18.382,17.129,17.202,140000.73025344
2022-03-14,17.213,17.852,17.017,17.708,146908.58925644
2022-03-15,17.71,18.057,17.068,17.812,197688.90171154
2022-03-16,17.819,19.199,17.71,19.059,153820.39081625
2022-03-17,19.059,19.357,18.653,18.761,123444.09858611
2022-03-18,18.765,19.204,18.14,18.971,155104.19103701
2022-03-19,18.968,19.794,18.863,19.413,197671.5448208
2022-03-20,19.397,19.456,18.332,18.651,127673.68912615
2022-03-21,18.652,19.061,18.405,18.753,151729.74258432
2022-03-22,18.745,20.465,18.681,20.216,280412.36568585
2022-03-23,20.215,21.127,19.827,21.008,278847.06319809
2022-03-24,21.02,21.488,20.266,21.246,244286.17135479
2022-03-25,21.25,21.362,20.192,20.541,122280.07465067
2022-03-26,20.548,21.036,20.257,20.918,79048.89176049
2022-03-27,20.915,22.462,20.725,22.448,124476.40038877
2022-03-28,22.462,23.348,21.803,21.973,152848.04211823
2022-03-29,21.97,22.949,21.85,22.447,89404.73081207
2022-03-30,22.447,22.987,21.656,22.432,135246.22214731
2022-03-31,22.444,23.08,21.1,21.343,124576.08669099
2022-04-01,21.369,22.173,20.623,22.082,92941.05764769
2022-04-02,22.05,23.832,21.995,22.569,152551.25865465
2022-04-03,22.592,23.567,22.532,23.186,163860.60169636
2022-04-04,23.216,23.226,21.61,22.892,142264.50414129
2022-04-05,22.902,23.104,21.7,21.785,98285.67317935
2022-04-06,21.768,21.807,19.76,19.849,195473.50427361
2022-04-07,19.856,20.655,19.475,20.41,77518.3706946
2022-04-08,20.385,20.569,19.116,19.428,114711.22624531
2022-04-09,19.436,19.832,19.29,19.759,75435.59990339
2022-04-10,19.764,20.247,19.166,19.227,97321.06966902
2022-04-11,19.232,19.299,17.005,17.199,201527.14834887
2022-04-12,17.224,18.039,17.177,17.781,93736.91114637
2022-04-13,17.78,18.286,17.408,18.2,89832.5297654
2022-04-14,18.181,18.487,17.47,17.924,92452.10950869
2022-04-15,17.916,18.434,17.805,18.361,59421.59672069
2022-04-16,18.356,18.691,18.192,18.623,41140.44755549
2022-04-17,18.614,18.815,17.681,17.749,140864.82054683001
2022-04-18,17.748,18.375,17.112,18.171,169834.16554725
2022-04-19,18.172,18.96,18.067,18.901,69296.49979601
2022-04-20,18.889,19.522,18.566,19.106,206966.06148802
2022-04-21,19.077,19.679,18.012,18.184,204559.31901192
2022-04-22,18.184,18.536,18.072,18.284,142888.57389142
2022-04-23,18.283,19.258,17.969,18.703,126864.79610145
2022-04-24,18.706,19.162,18.054,18.164,94498.48075306
2022-04-25,18.181,18.25,17.138,18.11,170706.51769475
2022-04-26,18.124,18.33,16.356,16.679,254501.47633123
2022-04-27,16.685,17.267,16.482,16.949,108865.40669346
2022-04-28,16.944,17.446,16.759,16.996,110063.66518606
2022-04-29,16.994,17.067,16.001,16.195,110435.13265303
2022-04-30,16.198,16.438,14.185,14.513,282622.09721719
2022-05-01,14.499,15.53,14.498,15.356,126519.19000069
2022-05-02,15.362,15.589,14.577,14.963,212747.10530855999
2022-05-03,14.974,15.237,14.517,14.733,117237.97248148
2022-05-04,14.731,16.343,14.672,16.342,138042.26583868
2022-05-05,16.347,16.451,14.031,14.583,236554.79117931
2022-05-06,14.59,14.66,13.829,14.326,142744.59806046
2022-05-07,14.34,14.377,13.393,13.754,118813.24879051
2022-05-08,13.754,13.866,13.043,13.256,133028.67451867
2022-05-09,13.265,13.487,10.526,10.603,667535.91738362
2022-05-10,10.643,12.442,10.344,11.345,692243.40443531
2022-05-11,11.379,11.643,8.0576,9.0695,921848.21933186
2022-05-12,9.0912,9.5237,7.1878,8.7133,633815.46275603
2022-05-13,8.6999,11.788,8.581,10.469,687163.02638574
2022-05-14,10.451,11.567,9.7772,11.304,403020.16547261
2022-05-15,11.304,11.848,10.579,11.786,228822.17432078
2022-05-16,11.802,11.802,10.381,10.619,193470.08390127
2022-05-17,10.621,11.317,10.43,11.045,171390.2559076
2022-05-18,11.03,11.172,9.4388,9.466,233116.43380437
2022-05-19,9.4796,10.38,9.232,10.033,139758.85614924
2022-05-20,10.026,10.254,9.434,9.6707,98279.56342486
2022-05-21,9.6673,10.084,9.463,9.9897,29867.45998278
2022-05-22,9.9876,10.334,9.8703,10.164,48641.10416618
2022-05-23,10.15,10.731,9.8162,9.8761,92963.16754303
2022-05-24,9.8836,10.258,9.5626,10.188,64870.17859638
2022-05-25,10.176,10.339,9.7817,9.864,63427.16048851
2022-05-26,9.8682,9.9976,8.831,9.1474,227632.00181707
2022-05-27,9.128,10.005,8.5773,9.1069,307391.35514404
2022-05-28,9.122,9.795,8.9654,9.6606,135244.75711352
2022-05-29,9.6639,10.033,9.332,9.9896,138332.64582618
2022-05-30,9.9858,10.795,9.9218,10.47,199133.67403175
2022-05-31,10.469,10.646,9.9682,10.353,133220.58335557
2022-06-01,10.349,10.759,9.2573,9.467,279209.52171972
2022-06-02,9.4655,10.062,9.3003,9.892,176647.85132393
2022-06-03,9.8876,9.9163,9.2163,9.3756,94964.27337638
2022-06-04,9.3797,9.5647,9.1492,9.4401,49519.21422723
2022-06-05,9.4508,9.5594,9.2512,9.3431,52153.14011519
2022-06-06,9.3517,9.9396,9.329,9.5043,111178.74023366
2022-06-07,9.5012,9.5025,8.8511,9.2255,221967.68911058
2022-06-08,9.225,9.3967,8.8999,9.0109,84469.01572601
2022-06-09,9.0112,9.4652,8.924,9.242,81330.19687229
2022-06-10,9.2333,9.3719,8.5265,8.6656,129322.88729611
2022-06-11,8.6668,8.8545,7.9223,8.0432,159456.71545132
2022-06-12,8.0429,8.1125,7.4035,7.411,179583.39214287
2022-06-13,7.4071,7.478,6.3778,7.0537,498420.15877486
2022-06-14,7.0479,7.546,6.6731,7.3717,351173.81216701
2022-06-15,7.369,8.794,6.8432,8.505,564341.09628576
2022-06-16,8.506,8.5533,6.9817,7.119,346921.53463664
2022-06-17,7.1252,7.4501,7.035,7.264,162371.26070255
2022-06-18,7.2593,7.3952,6.4771,7.05,179996.83716129
2022-06-19,7.053,7.6469,6.7691,7.519,215176.32254006
2022-06-20,7.5111,8.0045,7.1634,7.8726,305844.99854239
2022-06-21,7.8662,8.2744,7.6781,7.748,98952.00598833
2022-06-22,7.749,7.8,7.3457,7.3755,94476.44223494
2022-06-23,7.3771,7.8159,7.3504,7.7639,179196.63605519
2022-06-24,7.7694,8.3362,7.7176,8.1764,205616.15939542
2022-06-25,8.1815,8.3621,7.7913,8.128,87098.92024413
2022-06-26,8.128,8.4876,7.8205,7.8438,175626.31642514
2022-06-27,7.8391,8.2034,7.7,7.7257,134001.47749407
2022-06-28,7.7367,7.9944,7.2525,7.3053,139273.30335539
2022-06-29,7.3148,7.4343,6.9538,7.0274,203745.71346822
2022-06-30,7.0317,7.0823,6.6402,7.0625,185311.53406203
2022-07-01,7.0566,7.2658,6.5351,6.7462,262510.15578782
2022-07-02,6.7588,6.9109,6.6152,6.8213,245982.21253965
2022-07-03,6.8151,6.9933,6.61,6.8519,145921.95881942
2022-07-04,6.8543,7.2121,6.6674,7.1655,150874.10844102
2022-07-05,7.1655,7.2188,6.5729,6.8476,320115.34258705
2022-07-06,6.8312,7.005,6.6912,6.9247,162097.89520594
2022-07-07,6.9225,7.3446,6.8812,7.2923,144425.78207338
2022-07-08,7.2995,7.442,6.9334,7.0375,270954.8255129
2022-07-09,7.0375,7.3558,7.0375,7.2525,174431.39462622
2022-07-10,7.2526,7.2581,6.7606,6.8533,171618.34892284
2022-07-11,6.8576,6.9035,6.5,6.5247,281898.34518182
2022-07-12,6.523,6.6166,6.2519,6.2697,291674.15688866
2022-07-13,6.27,6.5431,5.983,6.47,100254.90213263
2022-07-14,6.459,6.756,6.2872,6.7222,225002.84813050998
2022-07-15,6.7174,6.986,6.6571,6.796,134962.2697917
2022-07-16,6.7972,7.2164,6.5618,7.2,229112.79759198
2022-07-17,7.2029,7.3348,6.8733,6.9153,130461.48976399
2022-07-18,6.9144,7.7367,6.9069,7.6565,201248.42944069
2022-07-19,7.6596,8.0353,7.4846,7.7916,297947.28277562
2022-07-20,7.7915,8.0725,7.3583,7.4603,205211.82420061
2022-07-21,7.4606,7.5909,7.1825,7.5273,114707.78840262
2022-07-22,7.5316,7.8525,7.2639,7.2884,144537.9151612
2022-07-23,7.2891,7.489,7.084,7.3227,103341.69497691
2022-07-24,7.324,7.5795,7.3063,7.3993,145670.18808726
2022-07-25,7.3946,7.4376,6.7318,6.7477,208517.75779922
2022-07-26,6.7489,6.7953,6.5275,6.7844,186418.94390527
2022-07-27,6.7756,7.7083,6.6517,7.6751,242810.66345095
2022-07-28,7.6947,8.0654,7.4711,7.8541,255780.22447746
2022-07-29,7.8578,8.4229,7.7684,8.1816,178331.68689912
2022-07-30,8.1915,8.8392,8.1585,8.2094,236081.60451711
2022-07-31,8.2056,9.2051,8.0732,8.6257,249755.8502673
2022-08-01,8.6248,8.9762,8.0268,8.1851,132475.43985231
2022-08-02,8.1701,8.2649,7.6747,7.9372,134875.60432017
2022-08-03,7.9292,8.4401,7.6843,7.9894,68754.0586489
2022-08-04,7.9894,8.2621,7.8769,8.0905,64253.24232857
2022-08-05,8.0828,8.8398,8.0764,8.8113,78684.03659944
2022-08-06,8.8107,8.8721,8.483,8.5107,104689.4061763
2022-08-07,8.5102,8.9241,8.346,8.6494,73040.44065729
2022-08-08,8.6494,9.385,8.6412,9.275,110541.76546581
2022-08-09,9.2738,9.4512,8.6494,8.9051,78261.80435163
2022-08-10,8.8951,9.6432,8.5514,9.522,135658.16417855
2022-08-11,9.5298,9.642,9.1286,9.2012,106634.68505926
2022-08-12,9.1945,9.4999,9.0379,9.4797,92284.83748066
2022-08-13,9.4797,9.68,9.2472,9.2971,93910.12082427
2022-08-14,9.298,9.5558,8.8236,8.9434,106864.39209367
2022-08-15,8.9539,9.3812,8.6299,8.7802,185304.89074071
2022-08-16,8.7802,8.9476,8.6368,8.8422,73542.36320907
2022-08-17,8.8365,9.1672,8.3117,8.3724,122811.51236708
2022-08-18,8.3709,8.5946,7.9811,8.079,112629.65994895
2022-08-19,8.0781,8.0839,7.2314,7.3121,240171.0974286
2022-08-20,7.2999,7.5176,7.0405,7.2282,131101.72638686
2022-08-21,7.2282,7.5306,7.1665,7.438,69812.58119746001
2022-08-22,7.4321,7.4433,7.0001,7.4068,97648.75111693
2022-08-23,7.4027,7.717,7.188,7.6327,94380.48611683
2022-08-24,7.6431,7.78,7.4157,7.5659,72017.56933532
2022-08-25,7.5659,7.7661,7.4642,7.58,99923.45809321
2022-08-26,7.5805,7.6728,6.8721,6.929,220208.82331587
2022-08-27,6.9307,7.1049,6.8074,7.0417,79781.05127307
2022-08-28,7.0462,7.151,6.8207,6.8559,72233.22848409
2022-08-29,6.8681,7.3158,6.791,7.2744,85446.77249497
2022-08-30,7.2746,7.3806,6.8922,7.0103,83670.47689193
2022-08-31,7.0163,7.2969,6.9867,7.03,57206.20230986
2022-09-01,7.0371,7.2079,6.8571,7.1832,56748.30474832
2022-09-02,7.1839,7.5711,7.1302,7.3077,107291.99295853
2022-09-03,7.3079,7.3196,7.1794,7.2904,63525.56206474
2022-09-04,7.288,7.4117,7.1482,7.3736,149156.75724188
2022-09-05,7.378,7.6306,7.2671,7.3677,160359.64036962
2022-09-06,7.3645,7.6921,6.8237,6.8703,262991.5097888
2022-09-07,6.8697,7.3082,6.7507,7.1937,178445.39310047
2022-09-08,7.2012,7.4543,7.0483,7.3898,159606.00627846
2022-09-09,7.3933,7.9427,7.3609,7.7676,187066.2292394
2022-09-10,7.7642,7.8806,7.5973,7.7736,82028.82999351
2022-09-11,7.7839,7.8961,7.543,7.7027,71196.95318115
2022-09-12,7.6963,8.0527,7.5676,7.6645,163502.59829755
2022-09-13,7.664,7.972,7.0395,7.0748,141245.7233153
2022-09-14,7.0677,7.3001,7.0219,7.2026,59390.62852423
2022-09-15,7.2123,7.2431,6.881,6.9379,80918.60793388
2022-09-16,6.9383,6.9766,6.7019,6.9116,109189.29738346
2022-09-17,6.9105,7.1594,6.9082,7.0655,93553.88806482
2022-09-18,7.0595,7.0652,6.299,6.4445,147045.83105148
2022-09-19,6.4484,6.5557,6.11,6.3861,156336.60613091
2022-09-20,6.387,6.4188,6.1761,6.2844,71608.27902173
2022-09-21,6.2843,6.5726,5.9805,6.1415,143401.8192243
2022-09-22,6.1281,6.5253,6.0864,6.4477,74145.01111604
2022-09-23,6.446,6.6395,6.2,6.4347,117485.12082223
2022-09-24,6.441,6.5089,6.2415,6.2781,80795.55362006
2022-09-25,6.2736,6.373,6.0915,6.2096,68133.93308489
2022-09-26,6.2047,6.5867,6.164,6.5612,134385.1516277
2022-09-27,6.565,6.8075,6.25,6.3744,209250.25726009
2022-09-28,6.3724,6.4691,6.1786,6.3917,85367.4211791
2022-09-29,6.39,6.4885,6.2656,6.4379,103949.56058882
2022-09-30,6.4451,6.5687,6.2177,6.3223,113357.28097226
2022-10-01,6.3221,6.3354,6.2124,6.2725,102723.19551105
2022-10-02,6.268,6.3238,6.1271,6.1614,118819.53695855
2022-10-03,6.1607,6.4067,6.0932,6.3703,201875.48034017
2022-10-04,6.3702,6.5389,6.3473,6.4932,91324.01321563
2022-10-05,6.4987,6.5033,6.2711,6.435,45728.83228454
2022-10-06,6.4375,6.5174,6.3142,6.341,57671.97446791
2022-10-07,6.3428,6.3953,6.2546,6.334,42071.47188189
2022-10-08,6.3261,6.3935,6.2691,6.3121,49402.59015393
2022-10-09,6.3119,6.4943,6.2851,6.4752,82239.64525347
2022-10-10,6.4819,6.5406,6.2429,6.2507,67622.53270208
2022-10-11,6.2508,6.2508,6.1233,6.1758,36009.18316696
2022-10-12,6.18,6.2335,6.1332,6.176,70019.62922151
2022-10-13,6.1717,6.1789,5.6557,6.1137,222848.56268295
2022-10-14,6.1137,6.2704,6.0151,6.0436,78340.26920245
2022-10-15,6.0429,6.0986,6.021,6.0443,42021.00938637
2022-10-16,6.0485,6.2443,6.0479,6.1892,55163.30609414
2022-10-17,6.1805,6.2953,6.1273,6.2503,61196.11108696
2022-10-18,6.26,6.3014,6.0722,6.1572,88872.97123475
2022-10-19,6.1633,6.2565,6.0686,6.1057,94399.66989645
2022-10-20,6.098,6.1533,5.8299,5.8876,219548.13042665
2022-10-21,5.8878,5.8962,5.7348,5.8373,139900.46525528
2022-10-22,5.8373,5.8735,5.7728,5.8528,53873.34256615
2022-10-23,5.85,5.9819,5.7565,5.9649,87431.92745757
2022-10-24,5.9658,5.9918,5.8089,5.922,58531.78235607
2022-10-25,5.922,6.6308,5.9004,6.4417,214647.21932477
2022-10-26,6.4441,6.6221,6.415,6.468,100098.44365735
2022-10-27,6.468,6.645,6.2858,6.3328,84589.28884701
2022-10-28,6.3329,6.5897,6.2757,6.5212,71248.62819516
2022-10-29,6.5212,6.7893,6.4963,6.641,56938.12475876
2022-10-30,6.6395,6.7457,6.5232,6.6565,48413.84672062
2022-10-31,6.6565,6.8358,6.5788,6.6238,86543.36236214
2022-11-01,6.6241,6.7195,6.456,6.4621,73836.37908341001
2022-11-02,6.4621,6.5297,6.1641,6.2591,108083.732445
2022-11-03,6.2591,6.5279,6.2283,6.4292,75920.23095939
2022-11-04,6.4292,7.1042,6.3927,7.0588,126925.3001121
2022-11-05,7.0643,7.2552,6.9482,7.0231,66974.79673785
2022-11-06,7.0294,7.1491,6.7915,6.824,53052.78441787
2022-11-07,6.8144,7.4158,6.6636,7.128,76170.60279819
2022-11-08,7.1185,7.1969,5.8372,6.3076,232999.23939545
2022-11-09,6.2964,6.3804,5.3465,5.419,243877.68481914
2022-11-10,5.4035,6.1723,5.3301,5.9584,247351.43340364
2022-11-11,5.9562,5.9992,5.5129,5.7526,87115.44585989
2022-11-12,5.7548,5.8802,5.5623,5.7806,54320.24808634
2022-11-13,5.793,5.968,5.619,5.7487,64882.7828977
2022-11-14,5.7413,5.8932,5.4486,5.8656,50855.69742427
2022-11-15,5.8688,6.0528,5.804,5.92,38346.75009939
2022-11-16,5.9112,5.9987,5.6065,5.7097,23085.93095497
2022-11-17,5.7095,5.7271,5.5589,5.6715,18586.5920383
2022-11-18,5.6652,5.7625,5.6045,5.6425,18032.71853347
2022-11-19,5.6348,5.6502,5.5303,5.5982,23518.40317057
2022-11-20,5.6003,5.6591,5.2537,5.2958,38605.19527453
2022-11-21,5.2882,5.2973,5.0738,5.1871,59541.45150679
2022-11-22,5.1823,5.309,4.972,5.2791,91085.37927174
2022-11-23,5.2829,5.484,5.2546,5.4369,48279.99679871
2022-11-24,5.44,5.5152,5.3359,5.3904,40931.86918077
2022-11-25,5.3843,5.3865,5.2518,5.27,38043.07491941
2022-11-26,5.2654,5.4585,5.2435,5.3022,29953.0385915
2022-11-27,5.3051,5.44,5.2689,5.2967,15296.87732882
2022-11-28,5.2974,5.3174,5.0611,5.1398,32047.06145125
2022-11-29,5.1334,5.3541,5.098,5.3062,25692.3927224
2022-11-30,5.3137,5.5086,5.3137,5.4677,40178.73048937
2022-12-01,5.4742,5.4772,5.3222,5.4064,17193.10312009
2022-12-02,5.4158,5.6934,5.3718,5.622,41151.43407231
2022-12-03,5.6315,5.707,5.4836,5.4957,30517.17945199
2022-12-04,5.494,5.6093,5.494,5.5951,13822.53875471
2022-12-05,5.5918,5.7362,5.4406,5.4932,28993.10857891
2022-12-06,5.4917,5.5125,5.4222,5.5041,18856.05534633
2022-12-07,5.5063,5.5206,5.2454,5.2968,26477.44921605
2022-12-08,5.2879,5.4637,5.255,5.4315,28948.90458543
2022-12-09,5.4362,5.444,5.2601,5.2947,28956.81338408
2022-12-10,5.2951,5.3198,5.2607,5.2754,12884.01005126
2022-12-11,5.2734,5.3242,5.1316,5.1688,32361.0101766
2022-12-12,5.1627,5.2086,5.0186,5.1778,56384.59816966
2022-12-13,5.1782,5.3417,5.0,5.2852,69158.80270832
2022-12-14,5.2808,5.3563,5.161,5.2117,188259.17859619998
2022-12-15,5.215,5.2581,5.1211,5.2278,23820.75614758
2022-12-16,5.2333,5.252,4.51,4.6591,100838.43023946
2022-12-17,4.652,4.7223,4.5909,4.7133,14357.28084001
2022-12-18,4.7157,4.7188,4.6219,4.6567,17491.25779284
2022-12-19,4.6595,4.706,4.4136,4.4799,49127.56093909
2022-12-20,4.4828,4.6574,4.4657,4.612,18120.11019897
2022-12-21,4.6179,4.622,4.4467,4.4874,36162.66010516
2022-12-22,4.4871,4.5394,4.3759,4.5361,24091.97142165
2022-12-23,4.533,4.5503,4.4598,4.4731,28001.06967415
2022-12-24,4.4806,4.4985,4.4346,4.456,6496.13649411
2022-12-25,4.4529,4.5012,4.4027,4.5003,23795.33816988
2022-12-26,4.4965,4.5844,4.47,4.5771,15635.2192874
2022-12-27,4.5847,4.5878,4.4646,4.4795,23513.92186727
2022-12-28,4.4751,4.4843,4.2503,4.2866,66256.56548327
2022-12-29,4.2867,4.356,4.2309,4.3124,42053.76133701
2022-12-30,4.3104,4.3448,4.2366,4.3277,20999.94736443
2022-12-31,4.3355,4.3951,4.3064,4.3082,12744.03607683
2023-01-01,4.3133,4.3892,4.2811,4.3765,27540.46865875
2023-01-02,4.3835,4.5413,4.3303,4.4916,39353.00179372
2023-01-03,4.4964,4.5493,4.4703,4.5277,37210.78679838
2023-01-04,4.5337,4.6909,4.5302,4.6341,41080.61038504
2023-01-05,4.6336,4.6521,4.551,4.6226,51251.32083903
2023-01-06,4.626,4.7095,4.5543,4.6889,32001.93523221
2023-01-07,4.6849,4.7092,4.6428,4.6723,32187.07797527
2023-01-08,4.6721,4.8307,4.6069,4.8307,42436.10947301
2023-01-09,4.8307,5.0807,4.8051,4.8868,94419.47011518
2023-01-10,4.8889,4.9697,4.8229,4.9183,29928.97139976
2023-01-11,4.9212,5.1438,4.8291,5.1344,20312.15575933
2023-01-12,5.1407,5.2573,5.017,5.2308,33403.67319061
2023-01-13,5.2377,5.421,5.1641,5.3996,30440.00531394
2023-01-14,5.4087,6.5386,5.4031,6.0311,252067.21701853
2023-01-15,6.0223,6.066,5.7756,5.9293,84450.24162259
2023-01-16,5.9343,6.09,5.613,5.8157,82921.60421817
2023-01-17,5.8085,6.2088,5.6874,5.9542,59168.15317694
2023-01-18,5.9621,6.2136,5.5924,5.6502,155260.47240261
2023-01-19,5.6599,5.8379,5.6506,5.802,28210.91250177
2023-01-20,5.7953,6.2895,5.7578,6.2556,64268.68309029
2023-01-21,6.2582,6.457,6.0019,6.2339,126547.74629562
2023-01-22,6.2432,6.4495,6.0796,6.2102,45735.91945239
2023-01-23,6.2081,6.8138,6.2081,6.555,73932.515635
2023-01-24,6.5637,6.7091,6.1091,6.1893,62894.20810325
2023-01-25,6.18,6.5592,6.0166,6.4031,63372.93070655
2023-01-26,6.4091,6.5592,6.3108,6.4761,39585.08988872
2023-01-27,6.4541,6.6164,6.2786,6.585,31183.61698098
2023-01-28,6.5895,6.6589,6.3232,6.403,62858.73505572
2023-01-29,6.392,6.6984,6.3294,6.6134,27400.71839262
2023-01-30,6.6206,6.6471,6.0234,6.1871,46488.73576856
2023-01-31,6.1926,6.3193,6.15,6.2564,23612.58457536
2023-02-01,6.2625,6.4912,6.0306,6.4594,38257.07127589
2023-02-02,6.4643,6.913,6.4527,6.5426,81429.9362734
2023-02-03,6.5471,7.1187,6.5035,7.0098,68294.02708764
2023-02-04,7.0005,7.0718,6.8227,6.8711,21505.33945707
2023-02-05,6.8711,6.8909,6.5119,6.6395,33984.66628431
2023-02-06,6.6476,6.7858,6.4284,6.4909,29804.29177495
2023-02-07,6.4847,6.9478,6.4754,6.9394,23445.7928563
2023-02-08,6.9447,7.0114,6.6179,6.7491,19117.98916048
2023-02-09,6.7574,6.9726,6.0873,6.2332,86845.69683243
2023-02-10,6.2239,6.3044,6.1212,6.1869,27020.18276966
2023-02-11,6.1832,6.2896,6.1615,6.2729,9018.55430289
2023-02-12,6.2718,6.3796,6.0788,6.1813,18200.50489193
2023-02-13,6.1747,6.2429,5.8789,6.1381,66708.23125613
2023-02-14,6.1398,6.2619,6.0105,6.228,23127.6187008
2023-02-15,6.2371,6.6177,6.1643,6.6114,32006.0671624
2023-02-16,6.6197,6.7246,6.3224,6.3329,37030.71068897
2023-02-17,6.322,7.4064,6.2997,7.2856,202132.79275878
2023-02-18,7.2959,7.3708,7.1123,7.2395,41349.0917574
2023-02-19,7.2334,7.8877,7.1822,7.4457,107456.24825911
2023-02-20,7.4554,7.5655,7.2525,7.5499,49109.78743436
2023-02-21,7.5561,7.5632,7.1183,7.2496,77317.10153027
2023-02-22,7.2609,7.2706,6.8849,7.1839,106334.66494783
2023-02-23,7.1944,7.3794,7.0174,7.0989,33705.27529107
2023-02-24,7.0933,7.1449,6.4625,6.6157,56214.29756793
2023-02-25,6.6096,6.6514,6.3458,6.5479,18447.1733863
2023-02-26,6.5396,6.7228,6.511,6.6917,13223.82100123
2023-02-27,6.6933,6.7776,6.499,6.583,26231.69926448
2023-02-28,6.5833,6.5908,6.2773,6.3427,33394.58313741
2023-03-01,6.3507,6.5966,6.3176,6.5363,49177.11125158
2023-03-02,6.5392,6.5609,6.2186,6.3299,35567.11233852
2023-03-03,6.3353,6.3424,5.7842,6.0394,59364.90288636
2023-03-04,6.0317,6.0559,5.7334,5.9137,49369.00507937
2023-03-05,5.918,6.06,5.89,5.976,16020.45346734
2023-03-06,5.9674,6.039,5.8562,5.922,16584.22905423
2023-03-07,5.9159,6.0187,5.7382,5.8449,17999.75243035
2023-03-08,5.8534,5.951,5.5134,5.5947,52051.76573941
2023-03-09,5.5973,5.8001,5.2527,5.3853,85141.83052934
2023-03-10,5.3863,5.5947,5.1566,5.5604,93248.86874817
2023-03-11,5.5671,5.7091,5.2509,5.4822,134525.23876268
2023-03-12,5.4774,5.9168,5.3866,5.9114,119406.18376441
2023-03-13,5.9258,6.1622,5.7156,6.1198,124156.91336659
2023-03-14,6.1267,6.5577,6.0027,6.2381,160935.16377079
2023-03-15,6.2438,6.3904,5.7908,5.8825,129698.06426354
2023-03-16,5.8908,6.1483,5.7804,6.1044,55843.97119436
2023-03-17,6.0982,6.6289,6.039,6.6219,86608.43306206
2023-03-18,6.615,6.6937,6.284,6.3142,70571.74268272
2023-03-19,6.3149,6.5974,6.3138,6.4484,37960.02954058
2023-03-20,6.4558,6.4832,6.0507,6.091,50824.97446681
2023-03-21,6.0856,6.4621,6.0,6.3691,26677.29215956
2023-03-22,6.3642,6.3854,5.9264,6.0521,37940.84732291
2023-03-23,6.0577,6.4172,5.992,6.3244,20905.90983854
2023-03-24,6.3273,6.3412,5.9503,6.0229,33421.54096791
2023-03-25,6.0179,6.08,5.8315,5.9088,16191.51114384
2023-03-26,5.9054,6.1105,5.888,6.0498,16292.82994761
2023-03-27,6.0459,6.1198,5.7467,5.8683,17116.91051731
2023-03-28,5.8778,6.1299,5.7817,6.0599,21244.22232489
2023-03-29,6.0587,6.2836,6.0504,6.1792,20839.10512072
2023-03-30,6.1854,6.2934,6.0258,6.1158,27071.01317414
2023-03-31,6.1215,6.3802,6.0986,6.3361,36383.44867188
2023-04-01,6.345,6.3903,6.1907,6.3469,21556.93337293
2023-04-02,6.3546,6.446,6.1756,6.2615,31694.06840145
2023-04-03,6.2681,6.5025,6.1,6.4227,59018.9710952
2023-04-04,6.4219,6.5307,6.3673,6.4386,39414.18379554
2023-04-05,6.4373,6.5855,6.3156,6.3884,31827.67134497
2023-04-06,6.4073,6.4084,6.2446,6.2732,18205.54702726
2023-04-07,6.2687,6.3144,6.1358,6.1785,22319.65983769
2023-04-08,6.1721,6.2328,6.0802,6.1289,10230.23761896
2023-04-09,6.1358,6.256,6.0961,6.2099,11660.85503034
2023-04-10,6.2224,6.3,6.1161,6.2824,14703.64163616
2023-04-11,6.2934,6.4821,6.2772,6.423,45875.91755904
2023-04-12,6.423,6.4648,6.2027,6.4044,46969.20285632
2023-04-13,6.4151,6.65,6.3552,6.6396,56905.24623953
2023-04-14,6.6405,6.8421,6.5408,6.7177,45080.0503054
2023-04-15,6.7138,6.8651,6.6414,6.7932,30836.18160119
2023-04-16,6.7994,6.8737,6.6748,6.8211,21527.35568863
2023-04-17,6.8185,6.827,6.6121,6.6919,37506.18748014
2023-04-18,6.7102,6.9802,6.5804,6.9199,41336.50457921
2023-04-19,6.9183,6.9183,6.2454,6.3141,89180.52522517
2023-04-20,6.312,6.4367,6.0598,6.1089,100371.26557172
2023-04-21,6.1086,6.1751,5.7794,5.8536,50685.64868063
2023-04-22,5.8506,5.9739,5.8171,5.9539,15739.41027379
2023-04-23,5.9435,5.9783,5.7638,5.9135,28767.52159428
2023-04-24,5.9164,6.0182,5.803,5.8845,49374.29265851
2023-04-25,5.891,6.0119,5.7864,6.0084,33034.20982126
2023-04-26,6.0048,6.221,5.6001,5.8503,58890.750694379996
2023-04-27,5.849,6.1095,5.835,5.9732,161952.27257612
2023-04-28,5.9763,5.9776,5.7833,5.954,25742.49271108
2023-04-29,5.9475,6.063,5.9293,6.0474,11097.37008004
2023-04-30,6.0271,6.0896,5.8543,5.8847,17640.3536584
2023-05-01,5.8829,5.9115,5.6024,5.6687,26818.06130448
2023-05-02,5.6585,5.7559,5.6336,5.7151,17571.27038749
2023-05-03,5.7051,5.8168,5.5668,5.7822,54412.01104228
2023-05-04,5.7698,5.8019,5.6225,5.665,12673.354813509999
2023-05-05,5.6711,5.9039,5.6711,5.8502,23497.2649182
2023-05-06,5.8539,5.8978,5.6,5.6542,22917.66282851
2023-05-07,5.6471,5.7025,5.6105,5.6401,8154.2843499
2023-05-08,5.6314,5.6541,5.18,5.375,65696.8672418
2023-05-09,5.376,5.4088,5.294,5.3363,15799.77911759
2023-05-10,5.3265,5.5204,5.229,5.4705,58062.02605304
2023-05-11,5.4705,5.4705,5.1846,5.2898,38729.43566264
2023-05-12,5.2827,5.3491,5.1152,5.3491,11957.28913746
2023-05-13,5.356,5.39,5.3187,5.3561,5997.25584345
2023-05-14,5.3501,5.4525,5.3134,5.3533,12279.85439482
2023-05-15,5.3535,5.435,5.2654,5.3274,9259.34655784
2023-05-16,5.3201,5.3344,5.2351,5.3004,9738.28584796
2023-05-17,5.3051,5.4438,5.2255,5.4223,10899.35920528
2023-05-18,5.4261,5.4659,5.26,5.3553,22297.111263759998
2023-05-19,5.3474,5.3931,5.3243,5.3751,5499.87385357
2023-05-20,5.3676,5.4467,5.3497,5.4108,13473.89446374
2023-05-21,5.41,5.4342,5.25,5.271,8739.25693881
2023-05-22,5.2924,5.3413,5.235,5.324,6037.00538177
2023-05-23,5.3131,5.4577,5.2935,5.4034,35916.76394029
2023-05-24,5.3945,5.3998,5.2,5.2607,11640.84675268
2023-05-25,5.2567,5.3057,5.157,5.2435,14652.94283213
2023-05-26,5.249,5.2782,5.1945,5.2482,4282.70287422
2023-05-27,5.2455,5.3721,5.2379,5.3404,8211.02900471
2023-05-28,5.3461,5.5617,5.323,5.5134,31661.7682072
2023-05-29,5.514,5.5419,5.4241,5.4648,18239.00103165
2023-05-30,5.4639,5.532,5.4335,5.4462,5945.03990007
2023-05-31,5.443,5.4684,5.2747,5.3187,11573.60777071
2023-06-01,5.3105,5.3318,5.1896,5.2113,16807.51963493
2023-06-02,5.2024,5.305,5.1635,5.2827,20774.23054722
2023-06-03,5.281,5.3259,5.2414,5.3229,7882.34339674
2023-06-04,5.3457,5.3782,5.3065,5.3133,10978.6080126
2023-06-05,5.3046,5.3202,4.9013,5.0733,48617.64460188
2023-06-06,5.0628,5.256,4.9949,5.2016,64484.12995338
2023-06-07,5.1932,5.205,4.9786,5.0216,11152.17904173
2023-06-08,5.0326,5.0568,4.9871,5.0259,5826.9225499799995
2023-06-09,5.0174,5.0682,4.9292,4.9883,5459.08117929
2023-06-10,4.9843,4.9849,4.1894,4.5314,146804.63092552
2023-06-11,4.5221,4.5601,4.4384,4.5272,8799.45580961
2023-06-12,4.519,4.5504,4.412,4.5371,41534.4213868
2023-06-13,4.5479,4.7245,4.509,4.622,13360.98129553
2023-06-14,4.629,4.8019,4.5234,4.5729,8620.44077283
2023-06-15,4.5648,4.6242,4.2806,4.379,42484.56632133
2023-06-16,4.3711,4.4629,4.271,4.4242,19188.12749058
2023-06-17,4.4141,4.5715,4.3992,4.5283,18765.5532924
2023-06-18,4.5204,4.6677,4.4795,4.5328,14013.91784844
2023-06-19,4.5424,4.5876,4.4281,4.5225,14548.222953729999
2023-06-20,4.5318,4.6759,4.3728,4.6745,34506.17019894
2023-06-21,4.6686,4.8694,4.6495,4.8418,69260.60957992
2023-06-22,4.8285,4.9782,4.7568,4.833,19870.32387873
2023-06-23,4.8496,5.1462,4.8496,5.0987,15861.4579056
2023-06-24,5.1069,5.1384,4.9041,5.0075,6644.00143936
2023-06-25,5.0222,5.24,5.013,5.1987,17115.97144181
2023-06-26,5.2022,5.2406,5.009,5.028,12654.37577145
2023-06-27,5.0259,5.1469,5.0,5.1016,3516.80571942
2023-06-28,5.101,5.1055,4.7404,4.8812,11316.25865248
2023-06-29,4.8864,5.2282,4.8785,4.9907,19117.24185598
2023-06-30,4.9681,5.2048,4.7769,5.1781,27970.92595357
2023-07-01,5.1903,5.3684,5.1108,5.3513,26433.68015538
2023-07-02,5.3376,5.5326,5.2237,5.504,9373.43580102
2023-07-03,5.5062,5.6298,5.3799,5.4348,16265.52702431
2023-07-04,5.4195,5.5134,5.2563,5.3588,5594.89582659
2023-07-05,5.3531,5.3842,5.12,5.2132,10955.77567576
2023-07-06,5.1978,5.3673,5.0107,5.0107,25625.49903838
2023-07-07,5.0251,5.1831,4.9803,5.1212,27513.03943246
2023-07-08,5.1185,5.2023,5.0712,5.1305,5220.70715578
2023-07-09,5.1277,5.1664,5.0653,5.0707,20092.95072007
2023-07-10,5.0852,5.2322,4.9832,5.1409,15867.02011263
2023-07-11,5.1381,5.2227,5.0954,5.2227,2564.22799864
2023-07-12,5.2173,5.3142,5.1082,5.1528,9225.29528682
2023-07-13,5.1509,5.5582,5.1081,5.54,46715.18833634
2023-07-14,5.5565,5.7355,5.3029,5.4584,48448.09131672
2023-07-15,5.4502,5.5548,5.3959,5.4343,3836.16517212
2023-07-16,5.4337,5.4569,5.262,5.315,10939.30990959
2023-07-17,5.3085,5.414,5.1834,5.305,10904.37444311
2023-07-18,5.3129,5.3808,5.1112,5.1781,5979.98496291
2023-07-19,5.1702,5.2601,5.14,5.1937,12270.09747322
2023-07-20,5.2062,5.4835,5.1985,5.3492,19545.41384367
2023-07-21,5.3573,5.7096,5.3572,5.4868,14053.28377822
2023-07-22,5.4974,5.5188,5.2736,5.3164,4923.92798479
2023-07-23,5.3006,5.4968,5.2901,5.3935,7940.25155728
2023-07-24,5.3866,5.4094,5.1054,5.2194,9370.58982634
2023-07-25,5.2145,5.2605,5.1406,5.1817,6088.1337478000005
2023-07-26,5.1904,5.3,5.1279,5.2454,5820.91352036
2023-07-27,5.2291,5.3433,5.1931,5.2391,9543.76198776
2023-07-28,5.2322,5.2811,5.1692,5.225,6315.8572041
2023-07-29,5.2202,5.2655,5.2156,5.2575,3488.10937493
2023-07-30,5.2548,5.2808,5.1001,5.1951,8975.36647257
2023-07-31,5.1846,5.2627,5.0497,5.114,46708.84811688
2023-08-01,5.1142,5.2054,4.9566,5.2024,23074.4090394
2023-08-02,5.207,5.2191,5.0139,5.0636,15747.73716078
2023-08-03,5.0585,5.0797,4.9414,4.9813,7192.202585
2023-08-04,4.9807,5.0453,4.9468,4.9964,5239.97955371
2023-08-05,4.986,4.9924,4.9305,4.9777,5705.58353603
2023-08-06,4.9663,5.0424,4.9612,5.0087,4319.49623515
2023-08-07,5.0077,5.0467,4.8429,4.9653,8605.78458749
2023-08-08,4.9665,5.0995,4.9379,5.0617,12313.97001978
2023-08-09,5.0619,5.1124,5.0008,5.0622,8557.67017704
2023-08-10,5.0613,5.0674,4.9808,5.0047,11669.48279378
2023-08-11,5.0036,5.0205,4.9519,5.0104,4941.3083916
2023-08-12,5.0064,5.0446,4.9997,5.0367,2380.57837428
2023-08-13,5.0411,5.0443,4.9703,4.988,7395.20934153
2023-08-14,4.9823,5.0569,4.9496,4.9922,2536.06165192
2023-08-15,4.9877,4.9936,4.6286,4.8145,13197.93590968
2023-08-16,4.8254,4.8391,4.5429,4.6748,19011.26274253
2023-08-17,4.6566,4.8155,4.2,4.4298,103167.9891422
2023-08-18,4.4276,4.5626,4.3718,4.5095,22224.5706926
2023-08-19,4.5149,4.5557,4.461,4.5189,4436.00239137
2023-08-20,4.5227,4.5302,4.4679,4.522,5030.09881109
2023-08-21,4.5283,4.5332,4.3579,4.4315,7155.09425782
2023-08-22,4.433,4.4527,4.2487,4.4204,13072.70024694
2023-08-23,4.4308,4.5407,4.3844,4.493,14152.58094548
2023-08-24,4.5005,4.5203,4.3784,4.4238,13269.19149204
2023-08-25,4.4237,4.4928,4.3604,4.4899,10886.14123267
2023-08-26,4.4968,4.518,4.4799,4.5096,6496.50493953
2023-08-27,4.5124,4.5418,4.4665,4.5002,3204.22398069
2023-08-28,4.4842,4.6224,4.4209,4.6113,28406.09611665
2023-08-29,4.6161,4.807,4.5444,4.6831,22988.14139199
2023-08-30,4.6829,4.6833,4.5137,4.5455,8597.44121098
2023-08-31,4.5358,4.5358,4.2343,4.2704,15801.92073314
2023-09-01,4.2719,4.2968,4.1355,4.2204,50992.11531296
2023-09-02,4.2112,4.2743,4.2013,4.2605,2482.05910259
2023-09-03,4.2658,4.3023,4.2294,4.2585,8113.86833894
2023-09-04,4.2633,4.3193,4.1884,4.252,14286.32388913
2023-09-05,4.2583,4.3042,4.1985,4.2571,11524.13483624
2023-09-06,4.2574,4.281,4.175,4.2791,9721.05466888
2023-09-07,4.2775,4.3107,4.2415,4.2946,9942.93802204
2023-09-08,4.296,4.3338,4.2093,4.2509,4928.85535888
2023-09-09,4.2451,4.2809,4.2399,4.2428,2317.82165267
2023-09-10,4.2357,4.2357,4.1033,4.1518,12526.35030201
2023-09-11,4.1546,4.1546,3.9173,3.9861,25916.81509841
2023-09-12,3.9824,4.0874,3.9584,3.9832,9979.32260169
2023-09-13,3.98,4.0856,3.9543,4.002,18284.78486891
2023-09-14,4.0078,4.0869,3.9759,4.0575,11478.46117833
2023-09-15,4.0624,4.1731,4.0563,4.1401,2548.19417373
2023-09-16,4.1443,4.2298,4.1441,4.1871,4938.72793447
2023-09-17,4.1922,4.1928,4.0468,4.0727,8160.48423202
2023-09-18,4.0761,4.2238,4.0203,4.1101,9943.46089928
2023-09-19,4.1077,4.1723,4.0804,4.1582,7773.60942426
2023-09-20,4.155,4.1714,4.0673,4.1403,11302.22758307
2023-09-21,4.1465,4.167,4.0037,4.0166,16651.44498251
2023-09-22,4.0168,4.0404,3.9798,4.0257,7758.80496157
2023-09-23,4.0254,4.0422,4.0081,4.0366,4908.21164411
2023-09-24,4.0378,4.0645,3.9772,3.9971,7401.5857713
2023-09-25,3.9919,4.0933,3.9537,4.0642,14351.13015524
2023-09-26,4.0708,4.0904,3.9879,4.0181,2396.93927564
2023-09-27,4.0144,4.0742,3.9703,3.9913,13282.71602145
2023-09-28,3.999,4.1007,3.9857,4.0787,14440.23774393
2023-09-29,4.0754,4.124,4.0543,4.08,15030.70501578
2023-09-30,4.0863,4.1166,4.0758,4.1048,5149.39823153
2023-10-01,4.1038,4.2916,4.1032,4.2705,81183.94525513
2023-10-02,4.2713,4.3046,4.0474,4.126,50147.47463406
2023-10-03,4.1252,4.1647,4.0534,4.0761,7219.01179334
2023-10-04,4.0708,4.0708,3.9506,4.045,42637.88221604
2023-10-05,4.0448,4.0818,4.0016,4.0244,7226.09566011
2023-10-06,4.0298,4.0923,3.9935,4.0723,2966.22278501
2023-10-07,4.0723,4.1122,4.0432,4.0553,14209.36714129
2023-10-08,4.0553,4.0715,4.0023,4.0123,10556.43751891
2023-10-09,4.0081,4.0311,3.7639,3.8811,88762.15808674
2023-10-10,3.8836,3.8989,3.7752,3.814,33260.28949751
2023-10-11,3.8152,3.8243,3.7009,3.7374,21684.87334011
2023-10-12,3.7369,3.7405,3.6223,3.678,23201.98830296
2023-10-13,3.6783,3.7725,3.6727,3.7208,23665.20421776
2023-10-14,3.721,3.7626,3.721,3.7359,18731.7547995
2023-10-15,3.7341,3.7777,3.7085,3.7559,20187.12308681
2023-10-16,3.7524,3.9076,3.7415,3.7788,42812.44965445
2023-10-17,3.7802,3.7823,3.639,3.6701,20577.66474264
2023-10-18,3.6701,3.724,3.6332,3.6568,10548.64723394
2023-10-19,3.6518,3.6609,3.5661,3.6499,33023.5394545
2023-10-20,3.652,3.805,3.6454,3.7197,37048.36663822
2023-10-21,3.7307,3.9785,3.7093,3.9052,97236.27824681
2023-10-22,3.9059,3.9771,3.811,3.9708,53981.09297298
2023-10-23,3.9711,4.3682,3.9256,4.363,183100.3036632
2023-10-24,4.3618,4.4225,4.1068,4.1902,60832.81259
2023-10-25,4.1833,4.3434,4.15,4.2911,19916.83484485
2023-10-26,4.2887,4.4537,4.1638,4.2401,52651.5756141
2023-10-27,4.2371,4.2371,4.0521,4.1415,23006.36420978
2023-10-28,4.1359,4.2302,4.1324,4.1781,12810.73911283
2023-10-29,4.1822,4.358,4.1368,4.3146,21692.51510884
2023-10-30,4.3233,4.5325,4.2372,4.5314,23493.49376753
2023-10-31,4.5186,4.6014,4.2862,4.4515,29523.49299061
2023-11-01,4.4524,4.8144,4.3282,4.737,42527.32061213
2023-11-02,4.7369,4.8035,4.5097,4.635,50987.68082255
2023-11-03,4.6053,4.6452,4.4668,4.6209,18681.50048752
2023-11-04,4.6134,4.7826,4.5927,4.6964,25974.45090603
2023-11-05,4.6919,4.9088,4.664,4.7763,58637.10475243
2023-11-06,4.7672,4.99,4.6806,4.9671,42605.15362056
2023-11-07,4.9675,5.0073,4.7297,4.9346,29912.63428381
2023-11-08,4.9299,5.0866,4.8672,5.0493,26533.61822805
2023-11-09,5.045,5.2632,4.4401,5.0896,132464.14907769
2023-11-10,5.0787,5.321,4.9778,5.3054,35582.60708796
2023-11-11,5.3179,5.6726,5.0798,5.5572,110996.1099694
2023-11-12,5.5701,5.8637,5.36,5.71,188799.71432058
2023-11-13,5.6766,5.8763,5.3542,5.3584,43336.49991905
2023-11-14,5.3404,5.5245,5.01,5.2119,36337.35319536
2023-11-15,5.2097,5.6449,5.2004,5.5439,36184.341315030004
2023-11-16,5.5575,5.8,5.281,5.348,30612.24533507
2023-11-17,5.3565,5.48,5.09,5.2432,18439.27754236
2023-11-18,5.2304,5.2917,5.0,5.2917,11384.58909409
2023-11-19,5.2781,5.4914,5.1876,5.4462,18917.50608214
2023-11-20,5.4312,5.574,5.2822,5.2966,27121.26595908
2023-11-21,5.299,5.317,4.8287,4.9062,77583.70747543
2023-11-22,4.8488,5.2763,4.8488,5.175,25373.28704035
2023-11-23,5.1682,5.2071,5.0867,5.1287,14064.73960072
2023-11-24,5.1416,5.2919,5.1185,5.254,19208.59182516
2023-11-25,5.2288,5.3823,5.2288,5.3215,10467.79329071
2023-11-26,5.3366,5.4108,5.1703,5.3217,20524.61893323
2023-11-27,5.3414,5.3761,5.0423,5.1626,11186.0517238
2023-11-28,5.1549,5.301,5.1178,5.2601,31600.27170506
2023-11-29,5.2781,5.39,5.1507,5.1625,62758.73177245
2023-11-30,5.1552,5.5718,5.12,5.4732,21831.80682284
2023-12-01,5.4805,5.5291,5.3699,5.4732,24395.88167636
2023-12-02,5.4733,5.597,5.454,5.5729,30796.48713883
2023-12-03,5.5558,5.6131,5.422,5.5509,30085.8889166
2023-12-04,5.5406,5.7122,5.4431,5.6183,76841.13502822
2023-12-05,5.6127,5.94,5.5114,5.9127,97137.27969563
2023-12-06,5.9227,6.201,5.8114,6.0404,72076.9539007
2023-12-07,6.0651,6.3011,5.9055,6.2479,92535.3881749
2023-12-08,6.2525,6.91,6.174,6.8421,199796.65549047
2023-12-09,6.8826,7.68,6.8826,7.1124,142370.53407754
2023-12-10,7.1057,7.3564,6.9196,7.3564,68451.68756505
2023-12-11,7.3334,7.36,6.24,6.7109,107666.12984261
2023-12-12,6.7249,7.3349,6.7249,7.1261,72401.00012048
2023-12-13,7.1489,7.6489,6.63,7.6184,46648.87567472
2023-12-14,7.5778,7.7808,6.9484,7.5377,63164.26289804
2023-12-15,7.5132,7.5657,6.943,6.9493,65599.39162336
2023-12-16,6.9689,7.3577,6.8826,7.0824,24822.01670235
2023-12-17,7.1025,7.1564,6.756,6.7928,50168.08007557
2023-12-18,6.7933,6.888,6.372,6.888,37814.6095378
2023-12-19,6.8741,7.0464,6.6111,6.706,7883.27016418
2023-12-20,6.7177,7.137,6.6236,6.9604,11891.77639038
2023-12-21,6.9346,8.4438,6.9346,8.4348,209530.30919704
2023-12-22,8.4516,8.5744,7.8548,7.9647,64544.405915459996
2023-12-23,7.9674,8.4565,7.5997,8.3476,79721.52213284
2023-12-24,8.336,9.2226,8.3239,8.6211,110973.07295112
2023-12-25,8.6645,9.4049,8.5185,9.1899,103843.30369733
2023-12-26,9.2088,9.5851,8.3494,8.8335,75410.03211071
2023-12-27,8.8026,9.0206,8.4103,8.7035,32818.94908501
2023-12-28,8.6827,8.915,8.2859,8.4346,50101.98151048
2023-12-29,8.4693,8.6879,8.0699,8.2998,25980.22654911
2023-12-30,8.297,8.4919,8.1049,8.3564,13317.3552642
2023-12-31,8.3428,8.6579,8.0228,8.2062,20926.53710335
2024-01-01,8.2014,8.6372,8.0892,8.5994,16876.0026244
2024-01-02,8.5831,8.8,8.3573,8.4197,42472.88708044
2024-01-03,8.4332,8.5932,6.5351,7.6492,92693.67103633
2024-01-04,7.6482,8.0,7.4898,7.8752,36679.26849318
2024-01-05,7.8891,7.9683,7.199,7.4349,43028.69512249
2024-01-06,7.4474,7.452,6.9538,7.1358,14171.45684884
2024-01-07,7.1406,7.3315,6.8367,6.8759,12781.72246885
2024-01-08,6.9449,7.5006,6.5245,7.4911,58475.76378125
2024-01-09,7.4911,7.5286,6.9109,7.1179,30405.65948789
2024-01-10,7.1267,8.0729,6.818,7.9671,40086.77625829
2024-01-11,7.9933,8.5722,7.8866,8.176,54084.72094283
2024-01-12,8.1701,8.208,7.3283,7.571,24515.94646036
2024-01-13,7.6008,7.7463,7.4355,7.6144,19245.72460962
2024-01-14,7.6103,7.6929,7.3243,7.3308,11284.76477047
2024-01-15,7.3175,7.68,7.3161,7.5259,22142.59645661
2024-01-16,7.5104,7.6814,7.36,7.4934,8961.78169313
2024-01-17,7.5016,7.5934,7.2623,7.3277,13283.708145479999
2024-01-18,7.3522,7.3915,6.8164,7.0171,25905.36238374
2024-01-19,7.0356,7.0557,6.5835,6.8945,44480.72344756
2024-01-20,6.8986,6.9608,6.7829,6.9217,89651.56153259
2024-01-21,6.9252,6.985,6.8138,6.8261,11084.95534424
2024-01-22,6.8455,6.8574,6.2969,6.3307,48326.80186286
2024-01-23,6.3567,6.4552,5.9905,6.3454,22646.48213052
2024-01-24,6.3739,6.54,6.2769,6.4755,20806.0833188
2024-01-25,6.4502,6.5628,6.3553,6.438,9037.25646205
2024-01-26,6.4225,6.7262,6.3686,6.6675,7020.32321298
2024-01-27,6.6761,6.755,6.526,6.6742,7368.21621699
2024-01-28,6.667,6.8691,6.5728,6.8522,9312.84133182
2024-01-29,6.871,7.2985,6.7139,7.0305,29247.56118892
2024-01-30,7.0284,7.0785,6.8265,6.836,14875.1610489
2024-01-31,6.8642,6.88,6.5864,6.6526,13515.88583937
2024-02-01,6.6749,6.8177,6.5383,6.7929,5264.58866254
2024-02-02,6.7971,7.0238,6.7655,6.9327,6155.11731126
2024-02-03,6.9394,7.001,6.8129,6.8283,3241.7220664
2024-02-04,6.8214,6.8214,6.6626,6.663,5368.17555903
2024-02-05,6.663,6.9698,6.5914,6.7334,11577.74084006
2024-02-06,6.7206,6.8314,6.6337,6.8073,4065.89625607
2024-02-07,6.7964,6.9549,6.6768,6.9377,7790.49613291
2024-02-08,6.9456,7.0988,6.8703,7.0172,14910.15030457
2024-02-09,7.0061,7.3253,6.965,7.2008,32358.14270461
2024-02-10,7.2162,7.283,7.0696,7.2083,7508.83348985
2024-02-11,7.2033,7.3383,7.086,7.1078,19930.95450583
2024-02-12,7.0883,7.3799,7.0,7.3414,31811.19632613
2024-02-13,7.358,7.4489,7.1575,7.3728,24563.94761718
2024-02-14,7.3652,7.7125,7.3003,7.6477,55546.40341281
2024-02-15,7.6662,7.9375,7.5309,7.7686,15385.28514258
2024-02-16,7.7807,7.8469,7.5415,7.6456,10532.0167556
2024-02-17,7.6603,7.6992,7.3288,7.6992,9826.92188379
2024-02-18,7.717,7.899,7.7036,7.8536,5436.29817652
2024-02-19,7.8456,8.1431,7.6472,8.0099,23572.24437258
2024-02-20,8.0229,8.0725,7.4041,7.7155,13489.70569794
2024-02-21,7.6897,7.6897,7.222,7.4711,29042.71403523
2024-02-22,7.4527,7.6759,7.2835,7.4921,8778.04490173
2024-02-23,7.4989,7.6418,7.2883,7.5638,9598.88701525
2024-02-24,7.594,7.8965,7.4388,7.822,24786.99471378
2024-02-25,7.8163,7.9403,7.6774,7.9282,10215.31269899
2024-02-26,7.895,8.09,7.5921,8.09,26161.1364095
2024-02-27,8.1061,8.44,7.9866,8.3425,83074.22535858
2024-02-28,8.3266,8.6869,7.7355,8.3621,186043.44449031
2024-02-29,8.3339,8.8932,8.0414,8.2362,201770.19503217
2024-03-01,8.2733,8.6711,8.264,8.6544,65846.65907846
2024-03-02,8.7038,9.45,8.5882,9.4228,116966.66618402
2024-03-03,9.4556,9.8989,8.585,9.7784,115554.63304067
2024-03-04,9.777,10.315,9.5891,9.855,239172.63895475
2024-03-05,9.8372,10.75,8.0527,9.3108,316101.5265164
2024-03-06,9.3391,10.558,8.9529,10.537,83234.9327257
2024-03-07,10.544,10.99,10.234,10.399,166351.95972922
2024-03-08,10.435,10.894,9.9245,10.628,104572.78864841
2024-03-09,10.595,10.951,10.409,10.507,49588.96114357
2024-03-10,10.475,10.542,9.9401,10.269,16780.65974547
2024-03-11,10.327,11.218,9.8,11.032,61292.29974785
2024-03-12,11.034,11.137,10.046,10.716,53462.84316487
2024-03-13,10.7,11.39,9.78,11.39,110246.49970526
2024-03-14,11.377,11.854,10.673,11.557,60470.85478258
2024-03-15,11.547,11.679,9.976,10.801,91371.16065414
2024-03-16,10.801,10.905,9.5001,9.6987,48880.59357882
2024-03-17,9.717,10.258,9.2152,10.073,31067.21391514
2024-03-18,10.02,10.441,9.6132,9.9117,72148.13832203
2024-03-19,9.878,9.878,8.6088,8.7781,487747.95046621
2024-03-20,8.7948,9.5561,8.5,9.5157,153312.06382416
2024-03-21,9.4839,9.5891,9.1027,9.1888,45440.22326063
2024-03-22,9.1745,9.3703,8.7134,8.924,27346.18428809
2024-03-23,8.9109,9.2277,8.8857,9.0054,10635.59336597
2024-03-24,8.963,9.4348,8.9551,9.3806,44044.00461733
2024-03-25,9.3559,9.8214,9.2962,9.7294,22107.52554315
2024-03-26,9.7241,10.044,9.5239,9.6914,25842.59355181
2024-03-27,9.6967,9.7959,9.3021,9.4512,19556.55197787
2024-03-28,9.4262,9.6566,9.2982,9.5045,20183.92607199
2024-03-29,9.494,9.8012,9.3397,9.6074,27548.76166223
2024-03-30,9.6089,9.6931,9.3934,9.4413,6724.18834778
2024-03-31,9.4233,10.0,9.4233,9.6571,35769.02217511
2024-04-01,9.6329,9.7405,8.93,9.154,24576.41352577
2024-04-02,9.1316,9.1316,8.382,8.5807,44505.53205164
2024-04-03,8.5929,8.769,8.2935,8.4216,38934.3113268
2024-04-04,8.4045,8.7085,8.2626,8.4832,16628.83688339
2024-04-05,8.4892,8.5136,8.0001,8.3994,39892.90058931
2024-04-06,8.3721,8.5465,8.3458,8.4984,19669.67373055
2024-04-07,8.4792,8.7338,8.4792,8.7022,13782.36843789
2024-04-08,8.6819,9.0903,8.5603,9.0363,29860.43791666
2024-04-09,9.0605,9.1033,8.6367,8.6594,30701.29054399
2024-04-10,8.6541,8.689,8.1779,8.4238,35897.73566629
2024-04-11,8.3921,8.523,8.2058,8.384,20432.17955522
2024-04-12,8.4126,8.4925,6.4753,7.235,153144.46080861
2024-04-13,7.2189,7.33,5.6769,6.3918,140749.02291798
2024-04-14,6.392,6.9418,6.2031,6.8634,105554.7969208
2024-04-15,6.8601,7.21,6.4588,6.7232,50687.23642143
2024-04-16,6.7028,6.8276,6.3816,6.702,28731.6236068
2024-04-17,6.6894,6.7808,6.3523,6.5812,17581.83393549
2024-04-18,6.6049,6.8173,6.4562,6.7865,20124.25039297
2024-04-19,6.7827,6.9114,6.2884,6.7012,37203.76182999
2024-04-20,6.7102,7.296,6.6327,7.2493,22819.72050848
2024-04-21,7.2312,7.2934,6.9698,7.1399,38013.26495966
2024-04-22,7.1496,7.5847,7.0996,7.4731,132572.66391249
2024-04-23,7.4949,7.5483,7.2115,7.2533,67407.54434322
2024-04-24,7.263,7.4876,6.8813,6.9321,28118.00565404
2024-04-25,6.9591,7.0012,6.72,6.8692,45157.40742862
2024-04-26,6.8713,6.9521,6.7226,6.7711,28258.97344084
2024-04-27,6.7911,6.8616,6.51,6.8137,12571.99470338
2024-04-28,6.8175,6.9522,6.7001,6.7296,6844.3964812799995
2024-04-29,6.7446,6.8397,6.4863,6.601,11842.54188911
2024-04-30,6.5891,6.6624,6.0526,6.4354,21934.25688822
2024-05-01,6.4326,6.9396,6.1428,6.9262,35339.00995321
2024-05-02,6.9512,7.4169,6.7205,7.291,26187.98155456
2024-05-03,7.3084,7.3828,7.0255,7.2606,19264.3344328
2024-05-04,7.2349,7.2509,7.1294,7.1364,4475.0837647
2024-05-05,7.1271,7.4222,7.0334,7.3298,9220.68063179
2024-05-06,7.307,7.4707,7.0796,7.1311,16578.43420756
2024-05-07,7.1464,7.308,7.0,7.0,9721.96256471
2024-05-08,7.0129,7.2,6.9033,6.9928,15419.54844854
2024-05-09,6.9878,7.1039,6.8,7.0665,11193.20401055
2024-05-10,7.0461,7.1532,6.7073,6.7606,12824.02155765
2024-05-11,6.7518,6.8043,6.648,6.6734,5945.07551992
2024-05-12,6.6809,6.7997,6.6062,6.6317,2037.82950301
2024-05-13,6.6404,6.8379,6.4448,6.6774,11542.62572548
2024-05-14,6.6663,6.7017,6.4845,6.4845,4381.42923956
2024-05-15,6.5093,7.0322,6.4726,6.9661,23782.97371195
2024-05-16,6.9941,7.07,6.8309,7.0434,8404.0334679
2024-05-17,7.0544,7.31,7.015,7.2118,7859.72986977
2024-05-18,7.2141,7.2467,7.0852,7.1623,5730.69961545
2024-05-19,7.1433,7.1829,6.8999,6.9397,6656.5057439
2024-05-20,6.9494,7.5814,6.8667,7.5807,28796.530383459998
2024-05-21,7.5838,7.6699,7.4361,7.6198,50792.41407725
2024-05-22,7.6262,7.6991,7.4,7.4541,18378.62467644
2024-05-23,7.4813,7.6065,6.9108,7.2155,40022.73140077
2024-05-24,7.1967,7.3886,7.0236,7.2502,7290.52880585
2024-05-25,7.2515,7.4415,7.2281,7.4415,3546.22476385
2024-05-26,7.4304,7.6486,7.3881,7.5577,20785.53689053
2024-05-27,7.5391,7.7767,7.3946,7.643,5138.62769263
2024-05-28,7.6441,7.6603,7.2914,7.3812,16334.49298851
2024-05-29,7.3858,7.5491,7.1491,7.1788,20901.71253697
2024-05-30,7.2043,7.2385,6.9325,7.0129,14815.03762873
2024-05-31,7.0016,7.0533,6.8082,6.9949,22265.50491278
2024-06-01,6.9853,7.129,6.9643,7.0647,2230.15993639
2024-06-02,7.0649,7.1291,6.9197,6.997,2679.0892543
2024-06-03,6.9861,7.1896,6.9364,7.0077,8393.54283311
2024-06-04,7.0162,7.2335,6.9449,7.1842,25678.86140354
2024-06-05,7.1972,7.2854,7.1545,7.2501,6955.65573271
2024-06-06,7.2573,7.2874,7.0646,7.1433,5295.21138536
2024-06-07,7.1428,7.2938,6.08,6.66,78196.11440844
2024-06-08,6.6444,6.6774,6.3444,6.3832,27834.7344525
2024-06-09,6.3814,6.5346,6.3774,6.5275,15476.5156802
2024-06-10,6.5195,6.5538,6.3552,6.5177,76959.45985536
2024-06-11,6.5068,6.5249,6.2206,6.3834,137432.89412341
2024-06-12,6.3832,6.9227,6.2944,6.7436,75871.55442894
2024-06-13,6.7316,6.7372,6.3553,6.3835,45375.0481396
2024-06-14,6.3737,6.4759,6.0,6.1685,21444.31454891
2024-06-15,6.1589,6.2548,6.1132,6.2245,2737.40613197
2024-06-16,6.2173,6.4191,6.1596,6.3888,9266.14499696
2024-06-17,6.3988,6.4089,5.9832,6.0779,18797.04709713
2024-06-18,6.0823,6.0823,5.4521,5.7735,77988.84927203
2024-06-19,5.7677,5.9872,5.7455,5.7962,29314.918193819998
2024-06-20,5.7858,5.9826,5.6147,5.6513,14631.10245126
2024-06-21,5.6384,5.7389,5.5564,5.6193,16823.50530417
2024-06-22,5.6059,5.8075,5.5533,5.7566,11134.05889527
2024-06-23,5.7696,5.8227,5.6026,5.649,7335.83339767
2024-06-24,5.6589,5.7398,5.4026,5.7366,30839.7556434
2024-06-25,5.7415,5.9745,5.7149,5.8509,12432.52458479
2024-06-26,5.8448,5.9509,5.763,5.8029,10067.84418284
2024-06-27,5.7864,6.3866,5.7163,6.2964,38286.98336641
2024-06-28,6.2882,6.454,6.1748,6.2027,29217.87378129
2024-06-29,6.2083,6.3107,6.0713,6.086,17919.0849673
2024-06-30,6.0892,6.2633,6.0348,6.2207,3381.77823897
2024-07-01,6.2109,6.448,6.2109,6.3383,19055.92004435
2024-07-02,6.3457,6.6075,6.3335,6.5268,12258.923345379999
2024-07-03,6.5331,6.5411,6.0088,6.0651,21257.97784403
2024-07-04,6.0849,6.1324,5.5483,5.5613,23596.00525875
2024-07-05,5.5631,5.9199,4.9096,5.6964,210739.82611963
2024-07-06,5.6934,6.3157,5.6449,6.2442,69350.43936391
2024-07-07,6.2483,6.3134,5.9036,5.9062,13057.74634827
2024-07-08,5.9419,6.3096,5.7182,5.9642,19573.3421496
2024-07-09,5.9336,6.1844,5.8625,6.1304,19057.48722973
2024-07-10,6.1354,6.2723,6.0708,6.113,9268.8853987
2024-07-11,6.1064,6.251,5.9083,5.92,13078.17278892
2024-07-12,5.9022,6.1168,5.8161,6.1159,5497.07885079
2024-07-13,6.1131,6.3193,6.0992,6.2518,10776.79254478
2024-07-14,6.2585,6.3681,6.1841,6.3357,18942.12816517
2024-07-15,6.328,6.5532,6.3134,6.5089,13631.7523338
2024-07-16,6.5095,6.5199,6.1498,6.3576,10252.124475569999
2024-07-17,6.3544,6.5409,6.2583,6.264,12034.42953768
2024-07-18,6.2744,6.4115,6.037,6.1027,24311.68520458
2024-07-19,6.0981,6.3573,6.0,6.3514,10136.16348231
2024-07-20,6.353,6.4039,6.2402,6.3477,3851.43537424
2024-07-21,6.3421,6.4567,6.1073,6.4205,10706.88104672
2024-07-22,6.4626,6.4839,6.0963,6.114,7360.9357320399995
2024-07-23,6.1026,6.1782,5.82,5.9363,77450.94754475
2024-07-24,5.9204,6.0072,5.6692,5.7567,18648.70649391
2024-07-25,5.7646,5.7806,5.5524,5.7635,25458.15691102
2024-07-26,5.7771,5.8892,5.741,5.8814,19583.20848169
2024-07-27,5.8783,5.9517,5.7308,5.8602,6738.84011494
2024-07-28,5.8295,5.8478,5.6823,5.7351,1757.7706165
2024-07-29,5.7319,5.882,5.6367,5.6687,9823.74416185
2024-07-30,5.6309,5.735,5.494,5.527,23184.12409297
2024-07-31,5.5246,5.5649,5.3418,5.3954,12831.42371057
2024-08-01,5.3997,5.4207,5.0401,5.3496,16286.565380259999
2024-08-02,5.3597,5.3747,5.0056,5.1323,33576.118567389996
2024-08-03,5.1433,5.2115,4.88,5.057,58720.32425077
2024-08-04,5.0426,5.0981,4.548,4.6888,34556.31921651
2024-08-05,4.705,4.7221,3.62,4.2118,599752.31877377
2024-08-06,4.2094,4.6128,4.2094,4.5162,56100.74631483
2024-08-07,4.5296,4.6438,4.4128,4.5775,80399.70039734
2024-08-08,4.5798,4.9084,4.5032,4.8926,134097.7469431
2024-08-09,4.8766,4.9256,4.7403,4.7865,42873.44339145
2024-08-10,4.7892,4.8389,4.7351,4.7612,42017.54882936
2024-08-11,4.7671,4.8292,4.4845,4.5043,9408.8335355
2024-08-12,4.5212,4.6819,4.4669,4.5988,14020.4050664
2024-08-13,4.6056,4.6195,4.4154,4.5501,7552.38356644
2024-08-14,4.5449,4.563,4.358,4.3925,10612.00740461
2024-08-15,4.3875,4.4811,4.246,4.2852,43967.30150148
2024-08-16,4.2937,4.3954,4.2221,4.3001,7817.29103999
2024-08-17,4.2877,4.394,4.2849,4.3798,11048.67610352
2024-08-18,4.3771,4.5369,4.3612,4.3946,39429.21893233
2024-08-19,4.3824,4.5095,4.3558,4.4908,12374.18249954
2024-08-20,4.4888,4.6089,4.4675,4.5326,8189.65308741
2024-08-21,4.5463,4.7534,4.5032,4.6768,7380.81699974
2024-08-22,4.6744,4.7171,4.6105,4.7118,14004.91971772
2024-08-23,4.6976,4.9603,4.6958,4.9011,33334.69866979
2024-08-24,4.914,5.1076,4.8621,4.9932,29264.34747841
2024-08-25,4.9883,4.9993,4.7591,4.8222,56638.40224792
2024-08-26,4.846,4.8711,4.5396,4.5602,25877.692124
2024-08-27,4.5686,4.6639,4.2587,4.3928,61924.1332731
2024-08-28,4.3832,4.4706,4.1746,4.2632,47696.05069135
2024-08-29,4.2693,4.4163,4.1933,4.2548,4366.19097938
2024-08-30,4.255,4.3386,4.1148,4.29,16770.94358023
2024-08-31,4.2943,4.3284,4.2385,4.2713,3077.1932119
2024-09-01,4.2679,4.2679,4.0609,4.08,12609.21137554
2024-09-02,4.0836,4.242,4.0774,4.2196,12511.4476688
2024-09-03,4.2182,4.2928,4.0777,4.0833,9147.43544544
2024-09-04,4.0765,4.2027,3.9,4.1115,56104.54933417
2024-09-05,4.1178,4.1372,3.9849,4.0231,8719.94375048
2024-09-06,4.0328,4.0989,3.8332,3.9684,31397.34498721
2024-09-07,3.9768,4.1441,3.9473,4.0882,18604.84486457
2024-09-08,4.0843,4.213,4.0749,4.1813,82266.75539485
2024-09-09,4.1724,4.342,4.124,4.2874,11069.89490801
2024-09-10,4.28,4.2818,4.2091,4.2573,2886.72234462
2024-09-11,4.2593,4.262,4.0755,4.1936,12820.92144042
2024-09-12,4.2049,4.3104,4.2049,4.3047,3757.5588754
2024-09-13,4.3039,4.4752,4.2848,4.4322,18527.1609659
2024-09-14,4.4335,4.4534,4.3588,4.4491,10334.70393867
2024-09-15,4.4468,4.5625,4.3726,4.4113,20349.05220729
2024-09-16,4.3989,4.3989,4.1593,4.2049,17064.5683511
2024-09-17,4.2049,4.2884,4.1443,4.1645,11493.75458322
2024-09-18,4.1552,4.1821,3.9824,4.1811,48365.42906929
2024-09-19,4.1947,4.3571,4.1897,4.2611,32016.03904047
2024-09-20,4.2699,4.4091,4.1979,4.3432,6307.85876166
2024-09-21,4.3433,4.4808,4.2936,4.4705,5763.9593892
2024-09-22,4.4698,4.4785,4.2418,4.3218,5278.0619775899995
2024-09-23,4.3128,4.4644,4.2458,4.4644,15347.38501729
2024-09-24,4.4705,4.6903,4.4152,4.6466,34209.31382281
2024-09-25,4.6558,4.7808,4.6114,4.6368,9146.3169605
2024-09-26,4.6521,4.8842,4.5828,4.829,13910.9387048
2024-09-27,4.8414,4.9699,4.8414,4.8963,19940.87115984
2024-09-28,4.8995,4.9423,4.759,4.8127,22800.4672834
2024-09-29,4.7998,4.8684,4.6979,4.7799,12117.0460113
2024-09-30,4.7768,4.7795,4.4147,4.4426,8336.22687701
2024-10-01,4.4358,4.5705,4.0617,4.1613,89105.45974288
2024-10-02,4.144,4.2764,4.0141,4.1057,49155.07469253
2024-10-03,4.1183,4.172,4.0047,4.1363,21967.92812128
2024-10-04,4.1375,4.2167,4.1175,4.2012,14623.31952052
2024-10-05,4.2086,4.2416,4.0868,4.1417,46464.72797533
2024-10-06,4.139,4.1992,4.104,4.1982,3056.27164429
2024-10-07,4.1946,4.2759,4.1309,4.1309,17106.98459637
2024-10-08,4.1308,4.1825,4.0435,4.106,45948.66450391
2024-10-09,4.115,4.1518,3.9656,4.0333,16473.43391037
2024-10-10,4.0283,4.0788,3.9641,4.066,15203.19317511
2024-10-11,4.0712,4.1939,4.0573,4.1745,9656.4108611
2024-10-12,4.1851,4.2641,4.1585,4.2174,30534.91146278
2024-10-13,4.2166,4.2166,4.0954,4.1678,13394.85181198
2024-10-14,4.1764,4.4009,4.1471,4.3838,21514.26043751
2024-10-15,4.392,4.5398,4.3073,4.4088,17957.868439410002
2024-10-16,4.4141,4.4141,4.2897,4.32,27483.20630339
2024-10-17,4.3158,4.3468,4.1479,4.1894,12180.99769987
2024-10-18,4.195,4.3033,4.1774,4.3033,5567.07885934
2024-10-19,4.3125,4.4742,4.3125,4.4314,9961.7215678
2024-10-20,4.4301,4.5934,4.3578,4.5774,11321.11700651
2024-10-21,4.5835,4.6152,4.3497,4.3818,33187.59307554
2024-10-22,4.3907,4.4415,4.278,4.321,9126.78521565
2024-10-23,4.3289,4.3289,4.106,4.212,30229.36925429
2024-10-24,4.207,4.2543,4.1555,4.2071,6709.66150252
2024-10-25,4.2073,4.2106,3.8529,4.0007,74776.08875542
2024-10-26,3.979,4.0582,3.9449,4.0382,9309.65986207
2024-10-27,4.0343,4.1368,4.0092,4.1353,38638.90782265
2024-10-28,4.1308,4.229,4.0132,4.136,90127.17949818
2024-10-29,4.1403,4.2467,4.1209,4.1842,424341.34704114
2024-10-30,4.1935,4.2127,4.1213,4.1973,20055.29176962
2024-10-31,4.2027,4.2158,3.9044,3.9597,19792.1816693
2024-11-01,3.9662,3.9881,3.8485,3.9077,12727.46478396
2024-11-02,3.9184,3.9491,3.8291,3.9024,17083.53849527
2024-11-03,3.9123,3.9247,3.6689,3.7869,105586.55607288
2024-11-04,3.7857,3.8356,3.679,3.752,110356.31483552
2024-11-05,3.7617,3.9179,3.7617,3.8635,404875.25650455
2024-11-06,3.8656,4.1254,3.8656,4.1168,46961.89439135
2024-11-07,4.1115,4.1967,4.0482,4.1663,95180.69946924
2024-11-08,4.1734,4.3912,4.117,4.3296,96762.31238306
2024-11-09,4.3242,4.6375,4.2735,4.6289,17699.78355368
2024-11-10,4.6416,5.4688,4.5892,5.2428,162208.72566216
2024-11-11,5.23,5.7753,4.986,5.704,106926.74031269
2024-11-12,5.6946,5.8361,5.1255,5.3067,109126.03756414
2024-11-13,5.3138,5.4267,4.9182,5.0692,138944.12525078
2024-11-14,5.0766,5.2114,4.6947,4.7744,58319.62350009
2024-11-15,4.7726,5.18,4.7135,5.1596,54883.35727551
2024-11-16,5.1678,5.7981,5.1369,5.7692,88165.65334714
2024-11-17,5.8,6.135,5.3153,5.4117,62335.60385419
2024-11-18,5.42,6.0919,5.3968,6.0016,64096.74594351
2024-11-19,5.995,6.0374,5.6583,5.8033,39284.03408681
2024-11-20,5.8058,6.0698,5.5366,5.7335,56765.71570798
2024-11-21,5.7314,5.955,5.4749,5.9329,111112.21068951
2024-11-22,5.9387,6.6704,5.9052,6.6127,200079.23671825
2024-11-23,6.621,9.4103,6.5914,8.5024,224178.45196795
2024-11-24,8.514,10.416,8.0358,8.7973,142152.04438421
2024-11-25,8.7479,9.3353,8.1195,8.2339,78609.52019959
2024-11-26,8.2144,8.4658,7.5331,8.0902,125065.5740978
2024-11-27,8.079,8.5538,7.8495,8.4776,67005.34927483
2024-11-28,8.4455,8.7523,8.0081,8.6489,49538.35323354
2024-11-29,8.6541,9.0571,8.4622,9.015,56230.84733687
2024-11-30,8.9814,9.2305,8.6232,8.9534,36414.89486419
2024-12-01,8.9603,9.3901,8.7103,9.3271,27482.23363063
2024-12-02,9.2564,10.192,8.4666,10.025,90862.71279945
2024-12-03,9.9641,10.39,9.0704,9.7955,98105.59627
2024-12-04,9.8336,11.65,9.6991,10.51,228241.33437173
2024-12-05,10.525,11.2,9.9359,10.375,80576.92316868
2024-12-06,10.333,10.881,10.026,10.681,45932.0078593
2024-12-07,10.682,10.928,10.339,10.632,55798.48646925
2024-12-08,10.584,10.81,10.214,10.432,61842.39746252
2024-12-09,10.371,10.371,7.5324,8.4843,190365.47241573
2024-12-10,8.4816,8.7226,7.6,8.3952,174821.48339875
2024-12-11,8.4154,9.2717,8.049,9.006,90756.84428298
2024-12-12,8.987,9.6628,8.9128,9.0582,84038.44334997
2024-12-13,9.0735,9.2255,8.775,9.0838,48763.00104979
2024-12-14,9.0852,9.198,8.3508,8.5522,35471.16139225
2024-12-15,8.5437,9.2557,8.3826,9.0102,46361.03472944
2024-12-16,8.9861,9.1721,8.5801,8.7376,40493.38022976
2024-12-17,8.75,8.9429,8.3759,8.4732,24354.47148338
2024-12-18,8.5035,8.517,7.602,7.6813,70713.48856228
2024-12-19,7.6964,7.7918,6.7664,6.9436,179268.06732739
2024-12-20,6.9717,7.3528,6.06,7.299,148335.45999348
2024-12-21,7.2815,7.8,6.8354,6.964,67906.45394803
2024-12-22,6.976,7.2623,6.6952,6.8167,70005.10919154
2024-12-23,6.8236,7.5698,6.6791,7.3979,40550.58312047
2024-12-24,7.3844,7.642,7.1601,7.558,26327.75908316
2024-12-25,7.5564,7.672,7.3609,7.4827,18747.04372348
2024-12-26,7.5309,7.5565,6.8912,6.9362,19325.16358117
2024-12-27,6.9433,7.3038,6.8236,6.9183,11371.3616989
2024-12-28,6.9407,7.1954,6.8097,7.1156,7048.12611047
2024-12-29,7.1386,7.1386,6.8291,6.8803,2064.42426498
2024-12-30,6.8626,7.1001,6.551,6.716,48213.98009308
2024-12-31,6.6879,6.9326,6.5485,6.6663,47599.7144653
2025-01-01,6.6535,7.1445,6.5172,7.0716,61225.94123519
2025-01-02,7.0999,7.3673,7.0806,7.1881,41272.20634196
2025-01-03,7.1956,8.0,7.1699,7.7573,84945.81226474
2025-01-04,7.757,7.8717,7.6231,7.6937,11964.53953319
2025-01-05,7.651,7.727,7.4667,7.6785,12651.75559922
2025-01-06,7.6928,8.226,7.4754,7.7737,162432.71442492
2025-01-07,7.7763,7.8869,7.0088,7.0088,79039.23687876
2025-01-08,7.0121,7.135,6.4375,6.7623,135094.78780487
2025-01-09,6.7602,6.8514,6.4666,6.5537,20014.09384928
2025-01-10,6.5885,6.816,6.4964,6.7416,21317.23773624
2025-01-11,6.7525,6.8828,6.5935,6.7444,19430.74079073
2025-01-12,6.7486,6.8202,6.5502,6.6311,21182.42615407
2025-01-13,6.6484,6.8016,6.02,6.4044,82555.56142846
2025-01-14,6.4078,6.6927,6.3857,6.6927,39425.93080721
2025-01-15,6.6824,7.1899,6.5714,7.1447,40795.05404455
2025-01-16,7.1813,7.3801,6.8296,7.1506,54168.02848944
2025-01-17,7.1793,7.5984,7.1785,7.4977,51187.0175922
2025-01-18,7.5249,7.5812,6.8408,7.0454,54918.1298342
2025-01-19,7.0245,7.2245,6.1017,6.2418,95452.65290085
2025-01-20,6.242,7.077,6.0631,6.3732,208190.27734084
2025-01-21,6.3769,6.8388,6.1549,6.6318,46333.48457579
2025-01-22,6.626,6.6745,6.4204,6.4507,25732.95845698
2025-01-23,6.4374,6.4769,6.2,6.3601,25091.77835378
2025-01-24,6.3584,6.535,6.1992,6.3179,25039.69049144
2025-01-25,6.2939,6.4016,6.255,6.3511,24845.16872519
2025-01-26,6.3017,6.4696,6.1735,6.1863,12443.68512855
2025-01-27,6.17,6.2065,5.5066,5.9379,104664.67224608
2025-01-28,5.9772,6.0374,5.608,5.6605,19980.88459442
2025-01-29,5.68,5.8823,5.5436,5.7621,12562.63606342
2025-01-30,5.774,6.2577,5.733,6.1221,14732.4879979
2025-01-31,6.1389,6.498,6.0354,6.3283,70607.20601171
2025-02-01,6.3364,6.4933,5.8629,5.9234,27518.95627329
2025-02-02,5.9122,6.0474,4.8702,5.1481,65538.1055944
2025-02-03,5.135,5.2605,3.6001,5.1745,235630.5943417
2025-02-04,5.1838,5.2248,4.5804,4.7341,56852.22479747
2025-02-05,4.7366,4.8538,4.6371,4.683,15936.28014199
2025-02-06,4.7119,4.8302,4.4494,4.496,23849.29072921
2025-02-07,4.4982,4.9339,4.4613,4.5907,32045.78837929
2025-02-08,4.5883,4.7628,4.5076,4.7432,5733.50087397
2025-02-09,4.754,4.86,4.5157,4.7713,10850.49537946
2025-02-10,4.7913,4.9218,4.6131,4.8437,7080.33068941
2025-02-11,4.856,5.2251,4.7612,4.8145,24103.75669398
2025-02-12,4.8119,5.3316,4.7735,5.2282,59351.95229069
2025-02-13,5.2439,5.2798,5.0693,5.1301,19894.02933415
2025-02-14,5.1431,5.3789,5.1073,5.1752,28910.34771448
2025-02-15,5.1633,5.2137,4.9857,5.0258,17026.30443977
2025-02-16,5.0332,5.0433,4.8315,4.8781,15305.65683805
2025-02-17,4.9023,5.0749,4.7934,4.8876,9116.46290468
2025-02-18,4.8891,4.9238,4.5809,4.772,17890.90583551
2025-02-19,4.7904,4.9065,4.7131,4.8918,13539.75543386
2025-02-20,4.9001,5.071,4.891,5.0491,15316.8096647
2025-02-21,5.0606,5.3436,4.9612,5.0678,31862.57654836
2025-02-22,5.062,5.2171,5.0345,5.055,24182.58703356
2025-02-23,5.0435,5.1337,4.9115,4.9645,5963.38607944
2025-02-24,4.9639,4.977,4.3561,4.4348,38466.49468253
2025-02-25,4.4235,4.7599,4.17,4.639,68295.01041312
2025-02-26,4.6381,4.9378,4.6116,4.752,47513.26165127
2025-02-27,4.7756,5.1919,4.7355,4.9499,81477.60551804
2025-02-28,4.941,4.941,4.4721,4.7295,54913.37334952
2025-03-01,4.7241,4.8253,4.545,4.6781,19060.10406368
2025-03-02,4.6741,5.2382,4.5841,5.2147,58149.37043862
2025-03-03,5.231,5.261,4.4464,4.484,34399.17955282
2025-03-04,4.4642,4.5109,4.031,4.3384,56086.84917396
2025-03-05,4.3343,4.5587,4.2914,4.5497,12620.70382947
2025-03-06,4.5208,4.6711,4.3596,4.4401,15650.34553643
2025-03-07,4.4503,4.6782,4.2253,4.4111,17751.77018639
2025-03-08,4.4136,4.4263,4.2732,4.3008,5072.24974515
2025-03-09,4.3039,4.3577,3.9907,4.0361,23615.22285633
2025-03-10,4.0315,4.2885,3.7831,3.868,137562.08048203
2025-03-11,3.886,4.163,3.6711,4.0512,97265.689937
2025-03-12,4.0619,4.1154,3.8549,3.9841,17105.53505495
2025-03-13,3.9851,4.1138,3.8337,4.0054,10192.4962074
2025-03-14,4.0097,4.2313,4.0097,4.1919,14623.72356124
2025-03-15,4.2081,4.4333,4.2011,4.3616,12649.51225484
2025-03-16,4.3554,4.3699,4.1919,4.3077,15834.2041388
2025-03-17,4.3299,4.4745,4.3299,4.3815,17759.13486483
2025-03-18,4.3692,4.5035,4.2459,4.4678,26173.41768843
2025-03-19,4.479,4.6,4.4525,4.554,22123.31954201
2025-03-20,4.5569,4.5664,4.3333,4.4049,13284.98716608
2025-03-21,4.4116,4.5942,4.3886,4.4933,26435.31970353
2025-03-22,4.4895,4.5453,4.4304,4.4438,22781.13076046
2025-03-23,4.4435,4.5253,4.4075,4.5095,12148.63480177
2025-03-24,4.5119,4.766,4.4808,4.6128,26578.47224235
2025-03-25,4.6248,4.7156,4.5933,4.6383,5034.1261347399995
2025-03-26,4.6305,4.7743,4.603,4.7004,19265.67237534
2025-03-27,4.7053,4.7634,4.506,4.6219,6973.5400788
2025-03-28,4.6088,4.6512,4.2534,4.2871,13765.23629327
2025-03-29,4.2964,4.3079,4.0034,4.05,40587.43053156
2025-03-30,4.0645,4.1775,4.0,4.0498,16296.384177
2025-03-31,4.0404,4.0926,3.9565,4.0237,6696.64022298
2025-04-01,4.022,4.2778,4.022,4.1788,10657.53605706
2025-04-02,4.1491,4.2329,3.9143,3.9726,12376.91877179
2025-04-03,3.9616,4.1025,3.849,4.0474,56683.64314779
2025-04-04,4.0578,4.1233,3.9668,4.0281,7195.03467294
2025-04-05,4.0152,4.0617,3.9,3.9302,4521.22920033
2025-04-06,3.9486,3.9753,3.6061,3.6839,19904.86275904
2025-04-07,3.6819,3.7255,3.2829,3.5892,92261.80869606
2025-04-08,3.5978,3.7,3.3574,3.3738,17340.80642666
2025-04-09,3.3534,3.7464,3.2528,3.6448,39556.01043596
2025-04-10,3.641,3.641,3.3929,3.4598,331435.47589496
2025-04-11,3.4558,3.5944,3.4464,3.5639,69477.84249745999
2025-04-12,3.5629,3.7556,3.5344,3.7118,15628.964364559999
2025-04-13,3.7192,3.8155,3.6137,3.6627,127180.26881571
2025-04-14,3.6726,3.7855,3.632,3.6771,86456.16462269
2025-04-15,3.6712,3.7349,3.5228,3.5235,69432.88104891
2025-04-16,3.517,3.6129,3.4703,3.5581,84136.01411485
2025-04-17,3.5737,3.695,3.5389,3.6269,68895.68838077
2025-04-18,3.6339,3.7384,3.5616,3.6959,11587.04371853
2025-04-19,3.6959,3.8843,3.5534,3.8748,20695.40877479
2025-04-20,3.8709,3.9443,3.7898,3.8744,15026.03643548
2025-04-21,3.8756,3.9705,3.7662,3.7839,19474.55644152
2025-04-22,3.7782,4.028,3.688,4.0047,20860.33529097
2025-04-23,4.0081,4.1921,4.0001,4.0887,69616.25638797
2025-04-24,4.0938,4.2843,3.9299,4.2548,21554.81685615
2025-04-25,4.2722,4.3741,4.2225,4.2515,18453.85756494
2025-04-26,4.255,4.3445,4.2156,4.2656,13937.675589479999
2025-04-27,4.2623,4.2839,4.0605,4.0939,54569.17069244
2025-04-28,4.0865,4.2711,4.0173,4.2429,67570.62352749
2025-04-29,4.253,4.3271,4.1116,4.152,37815.93494873
2025-04-30,4.1432,4.1726,4.0372,4.0745,53170.22898331
2025-05-01,4.0902,4.2135,4.0823,4.1705,17007.02387263
2025-05-02,4.182,4.2828,4.14,4.1561,24426.2193033
2025-05-03,4.1617,4.1716,4.0206,4.0361,6084.00737034
2025-05-04,4.0284,4.0429,3.9072,3.9361,26477.17181385
2025-05-05,3.9495,4.0178,3.8954,3.9296,14034.77521946
2025-05-06,3.9239,3.9782,3.8389,3.9703,14167.98755547
2025-05-07,3.9731,4.0032,3.8906,3.967,15310.58601486
2025-05-08,3.9842,4.4922,3.9802,4.4547,89024.2547573
2025-05-09,4.4558,4.859,4.4367,4.7834,95555.29147141
2025-05-10,4.8397,5.31,4.8086,5.31,156657.08883065
2025-05-11,5.3116,5.3564,4.9513,5.0877,69380.59831454
2025-05-12,5.0971,5.384,4.8957,5.0902,132913.45747237
2025-05-13,5.0607,5.2699,4.8319,5.2033,52049.41342308
2025-05-14,5.2327,5.2585,4.9455,4.9753,26394.31233704
2025-05-15,5.0,5.0139,4.6833,4.7692,164673.49906216
2025-05-16,4.7707,4.9533,4.7151,4.7493,97874.8075865
2025-05-17,4.7593,4.7613,4.5592,4.607,62796.48352149
2025-05-18,4.6115,4.9176,4.5042,4.8108,61077.92553217
2025-05-19,4.7829,4.8126,4.4154,4.5874,102110.0666798
2025-05-20,4.5973,4.721,4.52,4.675,37072.59556078
2025-05-21,4.6782,4.8656,4.6186,4.7554,72623.32240012
2025-05-22,4.7383,4.9728,4.7329,4.9428,45170.05530413
2025-05-23,4.9509,5.1105,4.5292,4.5577,107573.21928729
2025-05-24,4.5498,4.633,4.504,4.539,55789.74307561
2025-05-25,4.5391,4.5514,4.352,4.5189,69726.38372093
2025-05-26,4.5156,4.607,4.4298,4.4617,38901.32681817
2025-05-27,4.4695,4.6064,4.3765,4.5318,57944.1951513
2025-05-28,4.5111,4.6536,4.4177,4.5715,36809.223947649996
2025-05-29,4.5925,4.6802,4.3336,4.3336,53023.04760203
2025-05-30,4.3264,4.3542,4.0103,4.04,132235.36182001
2025-05-31,4.0532,4.1157,3.905,4.0927,21032.29227251
2025-06-01,4.0796,4.1034,3.9834,4.0661,9253.78876067
2025-06-02,4.0644,4.1571,3.9582,4.152,52449.33135789
2025-06-03,4.1502,4.2189,4.0961,4.1422,26515.38534388
2025-06-04,4.1364,4.204,3.9902,4.0054,41460.0638949
2025-06-05,4.0064,4.0736,3.7493,3.8225,31076.04491907
2025-06-06,3.8279,3.9911,3.8279,3.8845,8971.74811268
2025-06-07,3.8731,4.0627,3.8731,4.0505,2962.68904704
2025-06-08,4.0285,4.1166,3.9719,4.0354,14985.96106609
2025-06-09,4.025,4.1576,3.9778,4.1575,7024.86861024
2025-06-10,4.1632,4.3078,4.0937,4.2902,56929.34057286
2025-06-11,4.2895,4.3389,4.1464,4.1813,58342.86151882
2025-06-12,4.1842,4.1842,3.91,3.922,55956.48190794
2025-06-13,3.911,3.911,3.6696,3.8377,92261.29225831
2025-06-14,3.8337,3.835,3.7179,3.7891,16900.41183366
2025-06-15,3.7973,3.8364,3.7499,3.829,3177.6914837
2025-06-16,3.8005,3.9926,3.8005,3.8527,19268.923335159998
2025-06-17,3.84,3.8902,3.6666,3.7033,23598.50553227
2025-06-18,3.7515,3.7783,3.577,3.6223,18360.41180589
2025-06-19,3.614,3.6605,3.5,3.5409,14560.959846599999
2025-06-20,3.5611,3.5686,3.3374,3.4345,50187.04441941
2025-06-21,3.4417,3.505,3.2138,3.3303,37426.27857756
2025-06-22,3.3381,3.3475,3.0251,3.1565,135845.92393017
2025-06-23,3.1606,3.4292,3.1299,3.4292,37804.76341252
2025-06-24,3.4266,3.5277,3.3965,3.4298,17440.05618081
2025-06-25,3.4493,3.4597,3.3469,3.3577,6775.71107252
2025-06-26,3.3625,3.3869,3.2715,3.2982,3720.38836795
2025-06-27,3.3052,3.393,3.2918,3.3542,6756.9675117
2025-06-28,3.3619,3.4252,3.3344,3.4012,6995.30513309
2025-06-29,3.4148,3.5798,3.3889,3.5564,4419.38233566
2025-06-30,3.5537,3.5598,3.3564,3.4169,15314.11904209
2025-07-01,3.4194,3.4194,3.2626,3.2804,7902.45835085
2025-07-02,3.2824,3.6224,3.2528,3.5466,40827.26886298
2025-07-03,3.5462,3.6688,3.5041,3.5498,13737.26875126
2025-07-04,3.55,3.555,3.3155,3.3747,29761.06973296
2025-07-05,3.3658,3.3919,3.3126,3.3544,4359.99652104
2025-07-06,3.3547,3.45,3.3324,3.3999,85201.40428656
2025-07-07,3.4042,3.4332,3.34,3.3605,3737.77257922
2025-07-08,3.3697,3.4782,3.3349,3.4485,334455.37311276
2025-07-09,3.4439,3.6585,3.4196,3.6337,159927.67944006
2025-07-10,3.6299,3.8907,3.6,3.8774,57719.68401148
2025-07-11,3.88,4.1051,3.813,3.9117,44568.71746905
2025-07-12,3.92,4.0538,3.8,3.9012,64426.781504239996
2025-07-13,3.8776,4.0586,3.8746,3.9685,32710.53433281
2025-07-14,3.99,4.1875,3.9065,3.9588,37324.50445555
2025-07-15,3.9456,4.0977,3.803,4.082,25832.92644483
2025-07-16,4.0821,4.2687,4.02,4.1649,28461.2069756
2025-07-17,4.1985,4.3,4.0618,4.2724,20058.25291796
2025-07-18,4.2379,4.6302,4.1441,4.2248,80251.58109294
2025-07-19,4.2375,4.4547,4.1373,4.4129,6629.96704882
2025-07-20,4.4006,4.5866,4.3564,4.4951,13703.78132968
2025-07-21,4.413,4.6763,4.413,4.5193,20119.23690882
2025-07-22,4.4928,4.5469,4.289,4.5469,53022.53555509
2025-07-23,4.5478,4.5478,4.0017,4.1386,63148.39803952
2025-07-24,4.0909,4.2047,3.901,3.9834,33157.31893382
2025-07-25,4.005,4.0944,3.872,4.0934,72822.62335009
2025-07-26,4.086,4.1998,4.086,4.1281,8678.08548727
2025-07-27,4.118,4.2512,4.118,4.2442,5718.98406205
2025-07-28,4.2629,4.3118,3.9429,3.9521,32185.86071789
2025-07-29,3.9853,4.0792,3.8286,3.9139,87153.3378662
2025-07-30,3.9015,3.9278,3.6415,3.8066,83055.43675024
2025-07-31,3.8085,3.918,3.6717,3.6922,31292.14162676
2025-08-01,3.6854,3.724,3.4557,3.5607,321179.28436411
2025-08-02,3.5589,3.6342,3.4374,3.5237,32092.354642719998
2025-08-03,3.5218,3.6309,3.4638,3.6038,17745.88034263
2025-08-04,3.6136,3.7555,3.6107,3.7233,13486.11688812
2025-08-05,3.7171,3.7171,3.5466,3.6129,17186.20358545
2025-08-06,3.6166,3.6975,3.5535,3.6716,10316.52229748
2025-08-07,3.6668,3.8702,3.6531,3.8601,251906.15649147
2025-08-08,3.8696,4.0,3.8066,3.9779,1166290.64792873
2025-08-09,3.9924,4.166,3.9924,4.1377,47651.84852834
2025-08-10,4.143,4.1823,3.9716,4.0548,10907.42859283
2025-08-11,4.0465,4.1515,3.8247,3.8663,30003.45023517
2025-08-12,3.8759,4.23,3.8403,4.1428,30311.5572729
2025-08-13,4.1657,4.306,4.0935,4.2782,24762.41182656
2025-08-14,4.2977,4.3573,3.9054,3.9852,94570.65289531
2025-08-15,4.0004,4.1041,3.8239,3.8849,37457.335450829996
2025-08-16,3.9481,4.0,3.8954,3.9667,7940.67704671
2025-08-17,3.9506,4.1894,3.9337,4.0525,30637.61211476
2025-08-18,4.0476,4.0536,3.8412,3.9145,15693.70710449
2025-08-19,3.9197,3.9197,3.7263,3.7263,22494.58653089
2025-08-20,3.7417,3.9123,3.7093,3.8892,11913.42291305
2025-08-21,3.8929,3.9312,3.7821,3.7929,41666.034637490004
2025-08-22,3.8138,4.2063,3.7,4.187,24624.78528715
2025-08-23,4.1864,4.268,4.0475,4.2338,21959.81174117
2025-08-24,4.2357,4.2859,4.0267,4.12,18562.64883401
2025-08-25,4.1344,4.1448,3.7,3.7414,35024.04648305
2025-08-26,3.7396,3.9225,3.7292,3.899,12214.5129072
2025-08-27,3.8908,3.9312,3.8359,3.8424,15226.8837445
2025-08-28,3.8451,4.0253,3.8184,3.9882,28308.65127892
2025-08-29,3.9854,4.0048,3.7305,3.7793,101073.33907844
2025-08-30,3.7884,3.8258,3.7186,3.8185,8959.62643906
2025-08-31,3.8202,3.8815,3.7394,3.7394,39385.32092485
2025-09-01,3.7332,3.889,3.6213,3.6954,67310.0841892
2025-09-02,3.6941,3.8283,3.6801,3.8205,31446.46493989
2025-09-03,3.8288,3.9125,3.7926,3.8761,9619.89061248
2025-09-04,3.8693,3.8741,3.7317,3.7903,4992.20717057
2025-09-05,3.7687,3.8979,3.7687,3.8233,65443.86941941
2025-09-06,3.8258,3.8787,3.7874,3.8293,10176.35216534
2025-09-07,3.8252,4.0852,3.8252,3.996,47040.63505997
2025-09-08,4.0089,4.0813,3.9886,4.0313,28671.80473089
2025-09-09,4.0481,4.1786,4.0063,4.1289,41419.12933781
2025-09-10,4.1457,4.2192,4.0625,4.2042,8568.61092938
2025-09-11,4.2021,4.2527,4.1437,4.2497,83518.85904658
2025-09-12,4.2531,4.3184,4.1571,4.3166,34941.31784464
2025-09-13,4.3128,4.6168,4.3128,4.4959,38054.44906707
2025-09-14,4.487,4.4933,4.2757,4.3213,40203.83407265
2025-09-15,4.33,4.4096,4.11,4.1491,25846.13131364
2025-09-16,4.1386,4.295,4.1164,4.2513,4498.49766489
2025-09-17,4.2516,4.4315,4.1422,4.3981,37279.13553038
2025-09-18,4.4146,4.5911,4.3814,4.5252,28412.23978909
2025-09-19,4.5534,4.8789,4.333,4.3652,73858.33392396
2025-09-20,4.3604,4.4594,4.2997,4.3538,12380.19398939
2025-09-21,4.3454,4.3813,4.248,4.2698,4558.00471525
2025-09-22,4.256,4.256,3.8499,4.0276,126367.81046424
2025-09-23,4.0482,4.0612,3.9375,3.9749,8745.58197147
2025-09-24,3.9809,4.1102,3.9013,4.0055,15408.13296165
2025-09-25,3.9873,3.9915,3.7833,3.7962,41447.9585569
2025-09-26,3.8233,3.976,3.7842,3.9264,9627.62812843
2025-09-27,3.9279,3.9279,3.8617,3.8947,5592.02486157
2025-09-28,3.872,4.0399,3.8028,3.9967,3272.83780377
2025-09-29,4.0032,4.0303,3.8642,3.9938,7694.77331211
2025-09-30,3.9744,3.9827,3.8121,3.8996,9307.58744519
2025-10-01,3.9122,4.1235,3.8894,4.1227,18291.10007579
2025-10-02,4.13,4.338,4.1069,4.3092,14605.45435148
2025-10-03,4.2892,4.3796,4.1805,4.3123,5920.95579995
2025-10-04,4.3197,4.3206,4.1398,4.2008,14210.58325162
2025-10-05,4.2078,4.3693,4.0778,4.1427,7624.33038151
2025-10-06,4.1729,4.435,4.1142,4.3832,23355.19662286
2025-10-07,4.4065,4.4335,4.112,4.1326,18010.17963311
2025-10-08,4.1521,4.2387,4.0721,4.2014,19721.49837264
2025-10-09,4.2003,4.2003,3.9724,4.0674,79601.35248997
2025-10-10,4.0845,4.2903,0.25,2.8842,440495.94473932
2025-10-11,2.9522,3.32,2.8966,3.0027,238179.44615503
2025-10-12,2.9861,3.3075,2.9231,3.2508,23181.77800199
2025-10-13,3.2387,3.4537,3.1986,3.3797,45116.61664161
2025-10-14,3.4,3.4,3.0765,3.2624,30710.13720619
2025-10-15,3.2518,3.3454,3.1004,3.1473,27966.23883038
2025-10-16,3.139,3.207,2.9755,3.0261,21840.6281438
2025-10-17,3.0318,3.0631,2.7801,2.9099,34609.77988349
2025-10-18,2.8973,2.9619,2.8973,2.9399,18596.20421268
2025-10-19,2.9293,3.0464,2.8965,3.0098,3950.46578699
2025-10-20,2.9918,3.1278,2.9531,3.0913,8055.56117015
2025-10-21,3.079,3.1915,2.9602,3.011,32365.86735337
2025-10-22,3.0073,3.0326,2.839,2.8631,10819.44900814
2025-10-23,2.9163,3.0389,2.9163,3.0012,9128.42616141
2025-10-24,3.011,3.1089,2.9978,3.0797,18603.10952322
2025-10-25,3.0819,3.1078,3.035,3.098,4396.59542455
2025-10-26,3.0902,3.2555,3.064,3.2038,32912.29715026
2025-10-27,3.1959,3.2468,3.1263,3.1416,44313.19615167
2025-10-28,3.1366,3.1886,3.0,3.0522,7016.22714681
2025-10-29,3.059,3.1804,3.0318,3.0833,42417.12878576
2025-10-30,3.0988,3.1214,2.784,2.8801,27977.26856903
2025-10-31,2.8735,2.9271,2.8418,2.8871,18977.61140205
2025-11-01,2.8799,2.9768,2.8726,2.9747,9605.5688104
2025-11-02,2.9687,3.0183,2.8689,2.995,7193.23703235
2025-11-03,2.9883,2.9883,2.5119,2.5758,263192.51733741
2025-11-04,2.5828,2.6647,2.3573,2.517,98811.49543195
2025-11-05,2.5151,2.6762,2.3912,2.6762,19093.91657338
2025-11-06,2.6626,2.6958,2.5341,2.6696,78913.40551892
2025-11-07,2.6984,3.3401,2.6984,3.2415,125164.43150536
2025-11-08,3.2849,3.5233,3.0977,3.2551,90556.01651665
2025-11-09,3.2495,3.3106,3.0448,3.2324,38434.67025197
2025-11-10,3.2335,3.3099,3.1345,3.275,62799.84909769
2025-11-11,3.2789,3.3845,3.05,3.0632,28719.94783491
2025-11-12,3.0784,3.1456,2.8803,2.9172,26619.55241188
2025-11-13,2.9341,3.0453,2.7726,2.8762,25478.11418004
2025-11-14,2.8525,2.9131,2.7551,2.8157,15424.35579709
2025-11-15,2.8373,2.9491,2.8206,2.8459,6650.55477007
2025-11-16,2.8344,2.8966,2.7078,2.7961,27304.51371655
2025-11-17,2.7935,2.8691,2.6356,2.6715,63030.66088842
2025-11-18,2.6702,2.8028,2.6237,2.763,38439.72223868
2025-11-19,2.7472,2.769,2.5823,2.6959,12796.05944615
2025-11-20,2.6834,2.8081,2.5102,2.5381,41824.11683962
2025-11-21,2.5494,2.585,2.2762,2.3588,104429.43657877
2025-11-22,2.3467,2.357,2.2653,2.3109,11729.79324583
2025-11-23,2.3126,2.3747,2.2523,2.2636,6238.00762744
2025-11-24,2.2492,2.3946,2.247,2.3488,13097.22485184
2025-11-25,2.3458,2.347,2.1786,2.2983,25248.97651067
2025-11-26,2.3055,2.3741,2.2426,2.3468,9676.47126749
2025-11-27,2.3489,2.3859,2.3154,2.341,12995.82585685
2025-11-28,2.332,2.3598,2.2625,2.3042,1296.14674965
2025-11-29,2.2876,2.2957,2.2298,2.258,11975.52434354
2025-11-30,2.2583,2.2907,2.2056,2.2056,28480.451602189998
2025-12-01,2.2119,2.2119,1.9701,2.0482,37905.10578561
2025-12-02,2.0448,2.2915,2.0399,2.2637,61922.82920147
2025-12-03,2.2552,2.3998,2.2495,2.3686,24109.92103022
2025-12-04,2.3725,2.3725,2.2482,2.2748,5295.66029333
2025-12-05,2.2749,2.2895,2.0869,2.1247,25365.30871755
2025-12-06,2.1211,2.1648,2.0893,2.1184,7757.15441306
2025-12-07,2.1391,2.1544,2.0449,2.0981,12348.16324632
2025-12-08,2.1172,2.1778,2.117,2.1339,129720.89858267
2025-12-09,2.1309,2.3885,2.0875,2.2946,21972.32705557
2025-12-10,2.294,2.3181,2.1804,2.1923,20446.61088912
2025-12-11,2.1797,2.1809,2.0071,2.0748,24098.89301923
2025-12-12,2.0608,2.0858,1.9483,2.0134,26073.338345610002
2025-12-13,2.0216,2.0546,2.019,2.0433,5365.7135006
2025-12-14,2.0289,2.0325,1.9399,1.94,7037.7225407
2025-12-15,1.9695,2.0078,1.8324,1.9061,40462.85075649
2025-12-16,1.9003,1.9456,1.87,1.9016,9199.6097844
2025-12-17,1.9008,1.946,1.7953,1.8172,25541.62909535
2025-12-18,1.817,1.8904,1.7245,1.7607,69722.71151537
2025-12-19,1.7625,1.88,1.7418,1.8576,16270.44023037
2025-12-20,1.8426,1.8885,1.8285,1.8331,2401.94896164
2025-12-21,1.8367,1.8474,1.76,1.8002,14112.48267295
2025-12-22,1.8083,1.8567,1.76,1.7821,12184.2043955
2025-12-23,1.8018,1.8018,1.7315,1.7609,19411.40239936
2025-12-24,1.7698,1.7717,1.71,1.7409,20265.02100067
2025-12-25,1.7458,1.7543,1.6786,1.6794,6593.8333146
2025-12-26,1.679,1.7527,1.6535,1.7261,131189.95260284
2025-12-27,1.7286,1.93,1.7266,1.9164,51957.47115427
2025-12-28,1.8973,1.8999,1.8382,1.8528,21561.58226137
2025-12-29,1.846,1.9008,1.82,1.8253,35370.14719383
2025-12-30,1.8235,1.8472,1.7937,1.8119,30968.72708245
2025-12-31,1.8077,1.8459,1.7676,1.7933,49014.09828086
2026-01-01,1.7901,2.0316,1.7681,2.0093,77496.82231689
2026-01-02,2.0035,2.1717,1.9708,2.1609,88347.72846431
2026-01-03,2.1672,2.2131,2.1104,2.1285,44126.26430165
2026-01-04,2.1222,2.1775,2.1157,2.1439,39791.96291089
2026-01-05,2.1453,2.2309,2.0945,2.2068,103255.97612407
2026-01-06,2.2071,2.2595,2.114,2.2294,90754.6451443
2026-01-07,2.2324,2.2449,2.1214,2.1464,58532.25968758
2026-01-08,2.1411,2.1581,2.0853,2.111,38599.61466787
2026-01-09,2.1135,2.1432,2.0476,2.0819,32159.4261779
2026-01-10,2.0841,2.1318,2.071,2.0947,16987.31013253
2026-01-11,2.0913,2.1215,2.0366,2.0709,12020.72172025
2026-01-12,2.0696,2.1509,2.021,2.0493,16651.79860182
2026-01-13,2.0563,2.3392,2.0536,2.2816,113567.32109407
2026-01-14,2.2828,2.2953,2.1941,2.2247,91008.93511042
2026-01-15,2.2154,2.2345,2.0967,2.1168,58050.04112734
2026-01-16,2.1144,2.1533,2.0545,2.1177,73300.09921182
2026-01-17,2.1186,2.233,2.1121,2.1721,51561.63513585
2026-01-18,2.1821,2.1995,2.0642,2.0648,24946.32209065
2026-01-19,2.06,2.0636,1.855,2.0278,164837.57811478
2026-01-20,2.0331,2.0516,1.8843,1.9007,32752.57165846
2026-01-21,1.9017,1.9974,1.8723,1.9548,63588.40693122
2026-01-22,1.9572,1.9831,1.9061,1.9276,17519.74092972
2026-01-23,1.9243,1.9809,1.8995,1.9245,26807.43516448
2026-01-24,1.9303,1.9416,1.9011,1.925,16586.51092723
2026-01-25,1.9315,1.9418,1.782,1.8225,141594.32119452
2026-01-26,1.8228,1.8987,1.8176,1.8779,46730.55146029
2026-01-27,1.8756,1.9,1.8302,1.8764,23318.83060337
2026-01-28,1.8791,1.8942,1.8327,1.8723,16819.58459024
2026-01-29,1.8732,1.8732,1.6951,1.7318,66243.35700532
2026-01-30,1.7368,1.7454,1.6518,1.6904,103940.8192164
2026-01-31,1.6882,1.6912,1.4023,1.5486,138752.07386934
2026-02-01,1.5481,1.5607,1.4612,1.4957,81892.64649723
2026-02-02,1.4974,1.5777,1.4543,1.544,72772.50372452
2026-02-03,1.547,1.57,1.4341,1.5003,80254.39053892
2026-02-04,1.4986,1.5349,1.4275,1.4626,86349.89677346
2026-02-05,1.4622,1.4787,1.2323,1.2502,188196.49588371
2026-02-06,1.2469,1.4062,1.1116,1.368,222336.12033706
2026-02-07,1.3663,1.4005,1.3192,1.3747,80118.55675789
2026-02-08,1.3721,1.3768,1.3277,1.3374,42499.1013232
2026-02-09,1.3428,1.3514,1.2783,1.3201,38253.12758821
2026-02-10,1.3191,1.3284,1.2653,1.2833,21859.73101228
2026-02-11,1.2865,1.2961,1.2266,1.258,29628.65793312
2026-02-12,1.2589,1.3049,1.2498,1.2845,22898.87458604
2026-02-13,1.2868,1.3425,1.2534,1.3303,24181.99860875
2026-02-14,1.334,1.4401,1.3318,1.4225,31704.16433724
2026-02-15,1.425,1.4391,1.3323,1.3582,39086.40024085
2026-02-16,1.3578,1.3915,1.3343,1.3781,26691.213464380002
2026-02-17,1.3791,1.382,1.3413,1.3491,14777.80258179
2026-02-18,1.3467,1.3713,1.3018,1.3128,15471.09802073
2026-02-19,1.3114,1.323,1.2628,1.2903,14767.62516138
2026-02-20,1.288,1.3636,1.2769,1.3411,26498.34961355
2026-02-21,1.3431,1.3974,1.33,1.3573,12196.45194478
2026-02-22,1.3624,1.3648,1.3033,1.3143,11024.70524447
2026-02-23,1.3134,1.3135,1.2409,1.2691,47458.74434237
2026-02-24,1.2711,1.2802,1.2286,1.2389,8663.57211379
2026-02-25,1.2384,1.7533,1.2359,1.6652,359989.01927151
2026-02-26,1.6685,1.6959,1.525,1.6074,259527.21900126
2026-02-27,1.6152,1.6834,1.551,1.6004,110705.6122003
2026-02-28,1.6001,1.6759,1.4585,1.6632,304147.72931595
2026-03-01,1.6657,1.682,1.5076,1.5347,91086.81595368
2026-03-02,1.5379,1.604,1.4992,1.5096,148086.69042832
2026-03-03,1.5062,1.5578,1.474,1.5302,71876.94674875
2026-03-04,1.5365,1.574,1.5098,1.5385,154097.67832057
2026-03-05,1.5386,1.555,1.4817,1.5296,63706.18747923
2026-03-06,1.5352,1.5463,1.4542,1.4871,52031.40987609
2026-03-07,1.4895,1.5169,1.4311,1.4443,37360.45569284
2026-03-08,1.445,1.4835,1.4267,1.455,24883.99849303
2026-03-09,1.455,1.531,1.4519,1.4952,48768.39798252
2026-03-10,1.498,1.545,1.4809,1.4868,40098.47751431
2026-03-11,1.4853,1.554,1.4764,1.5231,59140.66378114
2026-03-12,1.5262,1.5277,1.4883,1.5183,34775.04440887
2026-03-13,1.5172,1.5485,1.4443,1.459,81716.23165181
2026-03-14,1.4589,1.4615,1.4038,1.4138,174503.10064937
2026-03-15,1.4126,1.4438,1.3912,1.4411,44852.51553145
2026-03-16,1.4439,1.66,1.431,1.6415,109221.62241229
2026-03-17,1.6408,1.6408,1.5835,1.6186,19778.08302826
2026-03-18,1.6209,1.6518,1.5376,1.5766,37897.58588211
2026-03-19,1.5762,1.5762,1.4975,1.5256,42020.52867067
2026-03-20,1.5208,1.5509,1.4967,1.5012,106675.4804244
2026-03-21,1.5061,1.5153,1.46,1.4683,117456.88672521
2026-03-22,1.4647,1.4824,1.3952,1.4106,54887.81259114
2026-03-23,1.4142,1.4908,1.4049,1.4227,108071.44896249
2026-03-24,1.4211,1.4278,1.3589,1.3992,140059.54976323
2026-03-25,1.4025,1.411,1.3501,1.3622,38669.94288492
2026-03-26,1.365,1.3676,1.3017,1.3238,162045.45010704
2026-03-27,1.3236,1.3367,1.27,1.2901,77181.82049701
2026-03-28,1.2894,1.3044,1.252,1.2571,68171.85365187
2026-03-29,1.2599,1.2761,1.225,1.2566,38563.10960486
2026-03-30,1.263,1.286,1.234,1.2377,58696.88364878
2026-03-31,1.243,1.2751,1.2284,1.253,9967.708170099999
2026-04-01,1.2535,1.3001,1.2476,1.2542,20074.92804435
2026-04-02,1.2601,1.268,1.2047,1.2358,25685.66180953
2026-04-03,1.2376,1.2661,1.2302,1.2342,5035.59450151
2026-04-04,1.2382,1.264,1.2348,1.2486,10273.37818356
2026-04-05,1.2517,1.2524,1.2177,1.246,17018.58348464
2026-04-06,1.2445,1.3136,1.2341,1.2429,23859.65870633
2026-04-07,1.2422,1.33,1.2069,1.3144,40027.21612236
2026-04-08,1.3147,1.3342,1.2654,1.2695,33065.05004312
2026-04-09,1.2649,1.3581,1.2331,1.2969,10578.5268158
2026-04-10,1.2949,1.3281,1.2835,1.3033,13874.34103241
2026-04-11,1.3066,1.3133,1.2667,1.282,28525.62839277
2026-04-12,1.2848,1.2871,1.2175,1.2247,47070.85861153
2026-04-13,1.2257,1.24,1.15,1.2297,175539.54743379
2026-04-14,1.2303,1.2364,1.1451,1.1663,63759.52980578
2026-04-15,1.1677,1.1948,1.1486,1.1813,15602.57925764
2026-04-16,1.1755,1.3525,1.1731,1.329,178341.9184043
2026-04-17,1.3264,1.3538,1.2866,1.3373,106713.75102486
2026-04-18,1.3381,1.3382,1.2732,1.2732,17616.3114754
2026-04-19,1.2726,1.2883,1.2369,1.2384,63551.21076843
2026-04-20,1.2386,1.2942,1.2386,1.2825,11711.39644733
2026-04-21,1.2829,1.292,1.259,1.2802,4338.54369262
2026-04-22,1.277,1.3272,1.2695,1.2695,26695.50764879
2026-04-23,1.2735,1.2764,1.2143,1.2377,7414.01885237
2026-04-24,1.2422,1.2685,1.2283,1.2538,7363.52975059
2026-04-25,1.2561,1.2741,1.2381,1.2469,4995.57768066
2026-04-26,1.242,1.2732,1.238,1.2628,3826.14609019
2026-04-27,1.2646,1.2755,1.2115,1.2341,16399.86874342
2026-04-28,1.2308,1.2446,1.2188,1.2285,4572.81415962
2026-04-29,1.2295,1.258,1.1792,1.2114,16670.85761823
2026-04-30,1.2138,1.2232,1.1985,1.1995,3233.70968768
2026-05-01,1.2068,1.2257,1.195,1.1978,10370.5527017
2026-05-02,1.2038,1.2392,1.1931,1.2273,10751.56478735
2026-05-03,1.223,1.223,1.2055,1.2084,7014.58061821
2026-05-04,1.2074,1.2614,1.1991,1.2271,12066.13694463
2026-05-05,1.2312,1.2937,1.227,1.2787,18004.39746114
2026-05-06,1.272,1.3308,1.2695,1.3182,39917.112568
2026-05-07,1.3187,1.3359,1.2895,1.31,47364.61971735
2026-05-08,1.31,1.39,1.2939,1.3728,34559.22404613
2026-05-09,1.375,1.392,1.3398,1.347,11533.36223226
2026-05-10,1.3486,1.417,1.3302,1.3803,69838.57284741
2026-05-11,1.3832,1.3832,1.332,1.3628,51870.53313309
2026-05-12,1.3617,1.3666,1.3057,1.3355,34747.2968229
2026-05-13,1.3351,1.436,1.316,1.3278,103487.90835978
2026-05-14,1.3275,1.4205,1.3129,1.3625,89247.38434486
2026-05-15,1.3634,1.3735,1.2876,1.3165,71847.67012384
2026-05-16,1.3178,1.3178,1.2461,1.2675,57286.63266652
2026-05-17,1.2683,1.2925,1.2159,1.2484,44684.23222187
2026-05-18,1.2472,1.2544,1.2161,1.2506,37065.28083908
2026-05-19,1.2528,1.2603,1.2201,1.2245,38310.29145953
2026-05-20,1.2245,1.2585,1.2212,1.2484,51850.544726680004
2026-05-21,1.249,1.3079,1.2469,1.2908,62414.99201875
2026-05-22,1.2892,1.3452,1.2516,1.2589,87164.14065529
2026-05-23,1.2533,1.3377,1.2017,1.296,84502.51157487
2026-05-24,1.2963,1.2963,1.2295,1.2468,20206.17162023
2026-05-25,1.2494,1.2957,1.2419,1.2656,25004.04024235
2026-05-26,1.2593,1.3089,1.2363,1.2541,44886.7448041
2026-05-27,1.2545,1.2777,1.223,1.2308,49909.04810885
2026-05-28,1.2332,1.2343,1.1773,1.2148,83644.59358892
2026-05-29,1.2153,1.2326,1.1785,1.1935,88600.52831603
2026-05-30,1.1956,1.2187,1.1858,1.1915,56867.82677662
2026-05-31,1.1891,1.2036,1.1588,1.1902,24981.66780202
2026-06-01,1.1915,1.2051,1.1257,1.1613,75357.13684132
2026-06-02,1.1564,1.1564,1.055,1.074,47251.11505229
2026-06-03,1.0811,1.1291,1.0575,1.105,43704.17384682
2026-06-04,1.1044,1.111,1.0093,1.036,66295.53535353
2026-06-05,1.0354,1.0361,0.91153,0.94629,161562.61654899
2026-06-06,0.94822,0.96193,0.88649,0.94403,16869.05406706
2026-06-07,0.9459,1.0004,0.9421,0.97469,15179.90349619
2026-06-08,0.97459,0.99491,0.95131,0.97671,32823.40370563
2026-06-09,0.97363,0.97897,0.93078,0.9579,61903.12034859
2026-06-10,0.96128,0.96688,0.90537,0.91758,72420.46295275001
2026-06-11,0.91851,0.97408,0.91851,0.95232,151919.19457225
2026-06-12,0.95337,0.97254,0.93985,0.95686,53960.82651765
2026-06-13,0.95868,0.99346,0.95819,0.9779,41802.07295402
2026-06-14,0.97662,0.99619,0.94899,0.99619,16202.15453191
2026-06-15,0.99646,1.0483,0.98599,1.0098,168829.45968584
2026-06-16,1.0098,1.0304,0.9866,1.0129,60508.58533591
2026-06-17,1.0146,1.0402,0.986,1.002,53204.22337996
2026-06-18,1.0011,1.0061,0.9388,0.97146,31641.36789759
2026-06-19,0.97207,0.981,0.947,0.96342,58652.48868239
2026-06-20,0.96415,0.97476,0.95095,0.96987,16081.59808039
2026-06-21,0.96852,0.97382,0.94132,0.94309,18811.339794749998
2026-06-22,0.94623,0.97797,0.92922,0.93551,27835.40623532
2026-06-23,0.93218,0.93727,0.88447,0.91025,121397.05087868
2026-06-24,0.91196,0.91817,0.84316,0.88672,66523.55746575
2026-06-25,0.88833,0.89823,0.82,0.84302,16197.90545573
2026-06-26,0.84655,0.86359,0.80714,0.85418,32640.60716915
2026-06-27,0.85449,0.85866,0.80815,0.81642,22078.63279061
2026-06-28,0.80724,0.82,0.79883,0.81221,20762.35617884
2026-06-29,0.81063,0.8397,0.80779,0.82454,60493.04254461
2026-06-30,0.8246,0.82649,0.80294,0.82093,47230.39553254
2026-07-01,0.8223,0.85,0.81243,0.82906,99294.51282387
2026-07-02,0.82583,0.86672,0.82576,0.84092,55259.35045879
2026-07-03,0.84387,0.89172,0.84387,0.88172,47277.45783991
2026-07-04,0.88175,0.89942,0.86707,0.88412,91371.12322438
2026-07-05,0.88096,0.89011,0.86149,0.88036,21320.16165235
2026-07-06,0.8811,0.90592,0.84905,0.8861,44160.86391682
2026-07-07,0.88581,0.88732,0.84624,0.85126,28174.20499351
2026-07-08,0.85047,0.85664,0.81655,0.82691,41756.3830135
2026-07-09,0.82594,0.83727,0.82275,0.82574,3395.556304
2026-07-10,0.82172,0.89432,0.82067,0.87667,607597.62372018
2026-07-11,0.87795,0.88634,0.85076,0.85343,87459.95911324
2026-07-12,0.85268,0.85872,0.83301,0.84467,86642.98481671
2026-07-13,0.84359,0.85926,0.825,0.83673,100447.37507338
2026-07-14,0.83677,0.85983,0.82884,0.85153,113119.7043176
2026-07-15,0.85243,0.86877,0.83972,0.84737,76517.82630191
2026-07-16,0.8484,0.87294,0.82882,0.85868,89472.51875142001
2026-07-17,0.86039,0.86941,0.83486,0.8502,119820.38418577
2026-07-18,0.84908,0.85327,0.83066,0.83725,46574.14656161
2026-07-19,0.83811,0.84106,0.80952,0.81922,47517.07743756
2026-07-20,0.81925,0.83162,0.80203,0.8305,143140.63975546
2026-07-21,0.82955,0.86825,0.82838,0.84732,81113.12090829
2026-07-22,0.8473,0.85747,0.8305,0.8338,89082.93231709
2026-07-23,0.83573,0.84122,0.8076,0.81822,83947.85738249
2026-07-24,0.81723,0.81865,0.78942,0.80555,26143.52686711
2026-07-25,0.80857,0.82527,0.80857,0.8179,19350.597885299998
2026-07-26,0.81439,0.83162,0.81439,0.82832,55642.78228552
2026-07-27,0.82754,0.82754,0.75,0.75755,86271.89936622
2026-07-28,0.75889,0.77199,0.7511,0.76033,44730.858269309996
2026-07-29,0.76559,0.77328,0.75297,0.76339,69522.20003082
2026-07-30,0.76432,0.7776,0.76138,0.76908,33937.3179186
2026-07-31,0.76844,0.77388,0.7438,0.75861,32817.82875078
2026-08-01,0.76053,0.78416,0.76042,0.78063,121434.69482724
2026-08-02,0.78383,0.79962,0.78068,0.79456,59258.08172627
