time,open,high,low,close,volume
2017-07-01,1.2,1.6479,0.5,1.135,1042731.0249194094
2017-07-02,1.1235,3.2981,0.9406,2.9103,2673924.4145181943
2017-07-03,2.9248,5.48,2.41,4.017,3301308.6552769616
2017-07-04,4.0201,4.1998,2.5501,3.12,3790603.0856870716
2017-07-05,3.1319,3.3121,2.6,2.8322,1955027.6399860438
2017-07-06,2.822,3.5303,2.822,3.2499,2301252.658884676
2017-07-07,3.24,3.3214,2.6,2.6598,2022336.0670146032
2017-07-08,2.6488,2.7596,2.01,2.3957,2992736.336700195
2017-07-09,2.3965,2.549,2.1201,2.2061,1860759.2029085278
2017-07-10,2.2064,2.275,1.234,1.6016,3559383.1224211617
2017-07-11,1.6016,1.78,1.3561,1.5,4895651.092208272
2017-07-12,1.5,2.0499,1.398,1.985,2896888.5371455955
2017-07-13,1.978,1.988,1.6048,1.6442,1587112.45653776
2017-07-14,1.649,1.7,1.4514,1.5189,1773910.62992937
2017-07-15,1.519,1.5274,1.285,1.3,2508629.92142553
2017-07-16,1.2947,1.3294,1.1336,1.244,2362941.26066764
2017-07-17,1.2323,1.5789,1.217,1.5551,2925338.2545731
2017-07-18,1.5706,1.73,1.4569,1.653,2467349.55750494
2017-07-19,1.6527,1.7745,1.4501,1.4936,2215153.4198475
2017-07-20,1.4851,1.7499,1.4851,1.7164,1617513.24821844
2017-07-21,1.7164,1.9967,1.6694,1.7988,1962041.20437749
2017-07-22,1.7964,2.0983,1.7699,2.0302,1694490.19154395
2017-07-23,2.034,2.138,1.8003,1.9294,2129598.60358023
2017-07-24,1.9294,1.99,1.8011,1.8789,1379063.4309895
2017-07-25,1.87,1.8997,1.5454,1.6511,1867964.65531477
2017-07-26,1.6689,1.7145,1.4846,1.6951,1807692.25421332
2017-07-27,1.6988,1.9794,1.694,1.9156,1678546.35216443
2017-07-28,1.9141,1.9899,1.8014,1.8107,1562469.38193421
2017-07-29,1.8113,1.8657,1.601,1.8336,1733121.19758083
2017-07-30,1.85,1.8507,1.6746,1.7751,866122.59723897
2017-07-31,1.7751,1.7774,1.63,1.7013,1222111.96120271
2017-08-01,1.7181,1.8135,1.645,1.778,1807060.02431081
2017-08-02,1.777,1.8018,1.673,1.7388,1218682.11888309
2017-08-03,1.7499,1.7846,1.7001,1.7799,734114.74798696
2017-08-04,1.7799,1.84,1.7417,1.7622,1146294.56538058
2017-08-05,1.7623,2.0,1.7294,1.853,2238344.09746945
2017-08-06,1.8485,1.853,1.7002,1.7538,1579359.44954551
2017-08-07,1.7505,1.81,1.7,1.7843,1782430.70943917
2017-08-08,1.7843,1.9839,1.7809,1.8722,2753878.18975929
2017-08-09,1.8722,1.91,1.788,1.8124,1477098.21720588
2017-08-10,1.8184,1.9142,1.8045,1.8362,1566595.17983165
2017-08-11,1.8361,1.8784,1.6642,1.757,2223906.89461386
2017-08-12,1.757,1.83,1.6101,1.6454,1680369.09777547
2017-08-13,1.6516,1.686,1.5153,1.5967,2376551.71832403
2017-08-14,1.5997,1.6779,1.5051,1.6,1670392.08999723
2017-08-15,1.5999,1.7271,1.521,1.6183,2191005.1044636
2017-08-16,1.6273,1.6499,1.55,1.6019,1714225.97276168
2017-08-17,1.6018,1.6201,1.48,1.5059,1789622.15875983
2017-08-18,1.523,1.5329,1.3304,1.3979,1984120.27195321
2017-08-19,1.394,1.4315,1.28,1.39,1564138.47656368
2017-08-20,1.3987,1.42,1.323,1.3593,1267648.60944773
2017-08-21,1.3594,1.41,1.3042,1.329,1917934.24446718
2017-08-22,1.329,1.3313,1.2351,1.27,2388908.37999063
2017-08-23,1.2686,1.545,1.2565,1.416,5193707.19894507
2017-08-24,1.4175,1.4218,1.3248,1.371,1933560.23483085
2017-08-25,1.3789,1.4478,1.3331,1.3676,1797853.51271489
2017-08-26,1.364,1.394,1.3304,1.365,1348781.45239429
2017-08-27,1.364,1.38,1.315,1.3435,1339178.42053662
2017-08-28,1.3479,1.364,1.2738,1.3241,1532273.78211191
2017-08-29,1.3241,1.3777,1.3096,1.31,1585606.47309628
2017-08-30,1.31,1.344,1.222,1.251,2300769.41785824
2017-08-31,1.2518,1.357,1.2458,1.3441,3137822.67676552
2017-09-01,1.3402,1.35,1.2727,1.3203,2639794.2453701
2017-09-02,1.3246,1.4361,1.1856,1.235,3515022.48283176
2017-09-03,1.235,1.3255,1.21,1.3006,2649183.35862334
2017-09-04,1.3008,1.305,0.8216,0.91,10966944.37510065
2017-09-05,0.91,0.9777,0.75,0.923,9159963.03351008
2017-09-06,0.923,1.16,0.856,0.915,12410467.83735458
2017-09-07,0.91679,1.0277,0.8513,0.98516,9823199.82918048
2017-09-08,0.98679,0.9894,0.77403,0.841,8747279.55048432
2017-09-09,0.8469,0.8487,0.756,0.81,3207515.35579693
2017-09-10,0.81,0.81538,0.6918,0.7367,4303527.8182547605
2017-09-11,0.73991,0.7608,0.71,0.7324,2784403.58384008
2017-09-12,0.7323,0.8977,0.728,0.8599,7545942.29728608
2017-09-13,0.8599,0.86,0.656,0.725,7580725.56352958
2017-09-14,0.72624,0.7649,0.51,0.575,9198074.07907282
2017-09-15,0.5768,0.678,0.50333,0.6505,7021558.56966788
2017-09-16,0.6506,0.68001,0.57804,0.61912,2717378.17377912
2017-09-17,0.62099,0.6564,0.56,0.62524,2841580.52135045
2017-09-18,0.6277,0.7074,0.6277,0.70372,2948151.43602801
2017-09-19,0.70728,0.7075,0.6414,0.64635,1659449.6590355
2017-09-20,0.64634,0.65216,0.6011,0.60445,2277317.56112467
2017-09-21,0.60445,0.6102,0.53251,0.5423,3317944.45517557
2017-09-22,0.54232,0.5873,0.5321,0.56642,2151005.73153347
2017-09-23,0.568,0.58999,0.555,0.5739,2407779.5741156098
2017-09-24,0.5739,0.578,0.53701,0.54304,3178335.37544776
2017-09-25,0.54231,0.58,0.5384,0.5654,2982364.92090459
2017-09-26,0.571,0.59,0.552,0.554,2990728.85367193
2017-09-27,0.5581,0.6394,0.55531,0.63226,7374884.1660061
2017-09-28,0.63262,0.824,0.63,0.80666,12503116.73014616
2017-09-29,0.80666,0.8449,0.695,0.715,8638005.23719898
2017-09-30,0.715,0.76,0.7049,0.72331,4072534.42272565
2017-10-01,0.72508,0.73039,0.6714,0.70733,3140483.40283564
2017-10-02,0.71342,0.7229,0.6301,0.65335,2665328.83089585
2017-10-03,0.65442,0.6711,0.615,0.6325,2266531.58103254
2017-10-04,0.63062,0.63586,0.5806,0.60199,2379177.57728302
2017-10-05,0.59888,0.625,0.57,0.60563,3406764.8933249502
2017-10-06,0.60437,0.61269,0.585,0.59901,1760748.80127699
2017-10-07,0.5965,0.60806,0.57,0.58789,1512165.40559022
2017-10-08,0.58331,0.61,0.574,0.60439,2625099.09692416
2017-10-09,0.60313,0.6047,0.54401,0.555,3012960.05152738
2017-10-10,0.55671,0.5832,0.549,0.55301,3159377.04792652
2017-10-11,0.55356,0.6321,0.549,0.6138,4712496.6516805
2017-10-12,0.6138,0.6483,0.582,0.59,4373800.00810891
2017-10-13,0.59,0.6219,0.555,0.58169,4043190.80678487
2017-10-14,0.58169,0.623,0.57812,0.5808,2767815.2778125
2017-10-15,0.5797,0.5875,0.56,0.57163,2432636.42818087
2017-10-16,0.56975,0.57876,0.554,0.5586,2238210.38776098
2017-10-17,0.5592,0.5654,0.5417,0.55161,2330202.022632
2017-10-18,0.55157,0.555,0.511,0.54053,3572447.60027393
2017-10-19,0.54091,0.5907,0.54,0.5669,3762088.24294166
2017-10-20,0.5679,0.6,0.535,0.53531,2777735.49046915
2017-10-21,0.536,0.5419,0.506,0.52399,3722570.38521294
2017-10-22,0.52377,0.5375,0.5019,0.5177,1670477.48139165
2017-10-23,0.5177,0.5235,0.476,0.49408,3078853.00700691
2017-10-24,0.49298,0.5291,0.4777,0.51227,2975748.38863179
2017-10-25,0.50887,0.5219,0.492,0.5054,1772688.78976648
2017-10-26,0.5049,0.528,0.5016,0.51351,1527687.21922806
2017-10-27,0.5139,0.5227,0.5,0.5215,1538216.77988598
2017-10-28,0.5215,0.54064,0.5163,0.53539,1900396.02574502
2017-10-29,0.53557,0.68,0.535,0.6651,9648898.05061003
2017-10-30,0.66498,0.747,0.63998,0.713,11049912.37323708
2017-10-31,0.71199,0.78338,0.66701,0.78237,8847762.31969738
2017-11-01,0.78064,1.3295,0.752,1.0416,35280904.47498146
2017-11-02,1.046,1.3,0.9151,1.116,29360193.31750982
2017-11-03,1.1159,1.4196,1.057,1.195,23121326.27723044
2017-11-04,1.1961,1.2966,1.0402,1.1115,15659350.40228822
2017-11-05,1.113,1.1786,0.97,1.0896,12559428.23717096
2017-11-06,1.0896,1.0896,0.9,0.91532,11644701.33357655
2017-11-07,0.915,0.9958,0.9101,0.9528,5822814.07492923
2017-11-08,0.952,1.19,0.94057,1.1347,14561859.30580151
2017-11-09,1.1274,1.2142,1.1135,1.1732,7463505.7375307
2017-11-10,1.18,1.19,0.9801,1.0281,8237842.01586576
2017-11-11,1.0281,1.1995,1.0,1.16,8398285.69864588
2017-11-12,1.1591,1.1895,1.0158,1.0872,7099999.16697778
2017-11-13,1.086,1.19,1.0769,1.1825,5114986.91741944
2017-11-14,1.182,1.6958,1.1807,1.6624,29313113.27239706
2017-11-15,1.671,1.7345,1.5106,1.6651,16371862.71692142
2017-11-16,1.667,1.87,1.56,1.6717,19570542.02952203
2017-11-17,1.6675,1.8232,1.58,1.7364,11510150.82850248
2017-11-18,1.7358,1.999,1.65,1.9109,10810850.06783223
2017-11-19,1.915,2.07,1.752,1.8791,11467858.83298799
2017-11-20,1.8793,2.05,1.825,1.9921,9878644.44001017
2017-11-21,1.9914,2.12,1.825,1.91,13205679.9288884
2017-11-22,1.9107,1.99,1.7602,1.8852,9872905.74831779
2017-11-23,1.8852,1.985,1.85,1.87,6958088.76921256
2017-11-24,1.8708,1.9099,1.7,1.8754,7159414.11929405
2017-11-25,1.8784,2.07,1.778,2.0528,7984849.45501948
2017-11-26,2.05,2.7,1.9199,2.4577,18024162.78739396
2017-11-27,2.4493,2.9556,2.3608,2.8585,18465610.15699409
2017-11-28,2.8585,3.06,2.71,2.7997,13301185.22726422
2017-11-29,2.7969,3.3823,2.472,2.7404,22065068.83081854
2017-11-30,2.7399,2.9783,2.4336,2.825,12618810.27336658
2017-12-01,2.8395,3.2512,2.684,3.2223,7753066.90246447
2017-12-02,3.2464,3.98,3.163,3.9101,15459554.73629385
2017-12-03,3.9137,4.124,3.3705,3.5799,13354796.17199789
2017-12-04,3.59,4.2201,3.4,4.0373,17213266.71256417
2017-12-05,4.0373,4.5734,3.65,4.25,17785534.39881917
2017-12-06,4.2436,5.121,4.16,4.446,14367709.62187575
2017-12-07,4.4284,4.4555,3.26,3.861,14159871.61224599
2017-12-08,3.861,4.5,3.51,4.2197,9070231.90982379
2017-12-09,4.2181,4.643,3.682,4.01,8873743.08984073
2017-12-10,4.0101,4.0102,3.4,3.6969,6481219.09109602
2017-12-11,3.6959,4.483,3.6503,4.3487,9848906.0447027
2017-12-12,4.3697,5.9134,4.23,5.0991,15102392.79336357
2017-12-13,5.1171,7.28,4.68,7.2787,34382623.34003319
2017-12-14,7.278,8.7,7.04,8.2,24704778.47356796
2017-12-15,8.2,8.3652,6.51,7.9322,14868750.08374628
2017-12-16,7.9305,9.3,7.89,8.35,11599028.61504834
2017-12-17,8.35,9.0,7.81,7.9713,7614051.78099092
2017-12-18,7.9771,8.975,7.22,8.8832,10381804.3082101
2017-12-19,8.89,12.5,8.65,11.502,28925925.76605911
2017-12-20,11.491,11.7,9.7,10.45,8876016.97267238
2017-12-21,10.445,11.88,9.7,10.65,9104744.14609445
2017-12-22,10.643,10.661,3.0,7.6721,30149659.71476765
2017-12-23,7.7082,9.2538,7.469,8.2556,8277309.75359922
2017-12-24,8.2425,8.4214,6.7,7.9985,6358292.01030754
2017-12-25,7.9984,8.8362,7.61,8.1538,3355535.69832898
2017-12-26,8.1662,8.7118,8.0275,8.599,4404916.04326202
2017-12-27,8.599,9.4,8.05,8.7071,4819202.3547926
2017-12-28,8.7128,8.7567,7.2517,8.1,4532808.44124609
2017-12-29,8.1,8.74,7.902,8.12,3675798.63444436
2017-12-30,8.12,8.195,6.5,7.08,5021308.90762793
2017-12-31,7.08,7.8325,7.0,7.6883,2095564.8140138
2018-01-01,7.6624,7.95,7.2,7.631,1782096.59482371
2018-01-02,7.6401,8.6,7.622,8.295,4257268.10384403
2018-01-03,8.3205,9.4345,7.8343,9.43,4022351.19519386
2018-01-04,9.43,10.503,9.15,9.4706,7604619.91613857
2018-01-05,9.4704,9.85,8.5079,9.2892,4056650.70914915
2018-01-06,9.2895,9.899,8.7187,9.8285,2812000.40031693
2018-01-07,9.8256,10.9,9.7553,10.165,3527866.08541671
2018-01-08,10.151,10.39,8.1348,9.5985,4938045.53654038
2018-01-09,9.5834,9.7429,8.74,9.2294,2179061.74279076
2018-01-10,9.2353,11.48,8.3625,11.2,7949384.80180342
2018-01-11,11.2,12.459,8.9,11.272,10412784.16339091
2018-01-12,11.276,15.24,10.565,13.802,12845736.0470518
2018-01-13,13.807,18.67,13.431,16.0,17594358.01723414
2018-01-14,16.0,16.134,12.888,13.23,6760123.92099938
2018-01-15,13.23,14.7,12.67,12.78,4310933.266338
2018-01-16,12.78,12.985,8.3122,10.0,14665829.16903915
2018-01-17,10.0,10.563,7.5,10.15,11049944.57809366
2018-01-18,10.15,11.481,9.6455,10.182,5510623.50522927
2018-01-19,10.181,11.662,9.735,11.065,5222338.92046176
2018-01-20,11.065,15.75,11.036,15.509,10204139.25930119
2018-01-21,15.494,15.574,11.992,13.477,10873152.995036
2018-01-22,13.475,15.14,12.449,13.384,11604134.41045711
2018-01-23,13.384,13.926,11.6,12.876,8692938.75571974
2018-01-24,12.876,13.968,12.5,13.899,4187261.1350749
2018-01-25,13.895,15.1,13.473,14.251,6278675.50870264
2018-01-26,14.251,14.8,12.8,14.241,5188501.15365312
2018-01-27,14.226,14.745,13.855,14.38,2498874.53158724
2018-01-28,14.387,14.972,14.08,14.752,3012842.73610084
2018-01-29,14.752,14.85,13.286,13.537,3150502.8786515
2018-01-30,13.55,13.6,10.87,11.364,7821903.1476112
2018-01-31,11.357,12.252,10.305,11.973,5209747.62224058
2018-02-01,11.965,12.17,9.75,10.02,7741205.8936882
2018-02-02,10.046,11.091,8.408,10.222,10674145.91882936
2018-02-03,10.221,11.25,9.143,10.642,4696053.58635178
2018-02-04,10.642,10.853,8.3636,8.89,4980169.30051545
2018-02-05,8.8717,9.2949,6.8,7.0473,8578707.961112149
2018-02-06,7.057,8.46,5.7917,8.2806,11317219.50874866
2018-02-07,8.292,8.97,7.3638,7.665,6577582.27527499
2018-02-08,7.6799,8.7889,7.6301,8.304,4715065.78537492
2018-02-09,8.3,9.6,7.91,9.473,4166444.38802544
2018-02-10,9.469,9.9,8.393,8.8971,3935088.07807279
2018-02-11,8.92,8.92,7.9501,8.3262,2823840.43313515
2018-02-12,8.3299,9.3491,8.3294,9.1299,3681348.26635311
2018-02-13,9.1299,9.1987,8.529,8.9264,2495930.92371317
2018-02-14,8.9419,9.92,8.9264,9.8503,3888263.61106222
2018-02-15,9.836,10.119,9.4455,9.831,3521348.47676942
2018-02-16,9.8386,9.9462,9.33,9.84,2790232.31438247
2018-02-17,9.8297,10.065,9.7252,10.013,2611872.17462051
2018-02-18,10.007,10.049,8.8821,9.05,3846791.72486524
2018-02-19,9.05,9.6489,9.005,9.4831,2371353.61819487
2018-02-20,9.4844,9.796,8.749,8.86,2840792.859838
2018-02-21,8.8544,8.8996,8.0423,8.293,3201445.71030381
2018-02-22,8.2934,8.6264,7.54,7.7559,4065112.97847545
2018-02-23,7.755,8.5119,7.5875,8.237,3219621.86079997
2018-02-24,8.2282,8.4515,7.6,7.8827,2807174.28726245
2018-02-25,7.8827,7.949,7.4549,7.6788,2419697.82410448
2018-02-26,7.6835,8.326,7.3664,7.985,3653096.80726115
2018-02-27,7.9889,8.8239,7.8571,8.38,3447136.50315246
2018-02-28,8.3789,9.1276,8.1548,8.1755,2575818.43874442
2018-03-01,8.1754,8.5666,8.0702,8.5451,1820275.75019118
2018-03-02,8.554,8.6949,7.901,8.0061,2149336.82616812
2018-03-03,8.0121,8.2819,7.8572,7.903,1225596.12892586
2018-03-04,7.905,8.15,7.7218,8.1373,1800268.1877355
2018-03-05,8.14,8.289,7.9238,7.9293,1391083.72419017
2018-03-06,7.9233,7.9233,7.0,7.12,3675977.41508696
2018-03-07,7.12,7.2659,5.92,6.41,8639005.26463221
2018-03-08,6.4011,6.6956,5.8641,6.089,4679829.44312713
2018-03-09,6.089,6.1659,5.166,5.9975,8858061.08115222
2018-03-10,5.9969,6.4358,5.5949,5.6337,5447992.92182678
2018-03-11,5.6337,6.2,5.4,6.0394,4369769.94744518
2018-03-12,6.0504,6.1753,5.5722,5.7148,3786361.40888429
2018-03-13,5.7169,5.9319,5.5303,5.7808,3554284.91867993
2018-03-14,5.7829,5.939,5.1302,5.26,4761086.69398761
2018-03-15,5.2562,5.309,4.7484,5.1104,6974828.44431522
2018-03-16,5.1079,5.3189,4.8516,5.028,3642660.88775016
2018-03-17,5.0266,5.0792,4.5171,4.6022,3197628.11018343
2018-03-18,4.603,4.7689,3.8723,4.6108,10801149.80001019
2018-03-19,4.6113,6.2509,4.5154,6.179,14319914.51768725
2018-03-20,6.179,6.35,5.3332,5.9239,13732164.01741018
2018-03-21,5.92,7.28,5.83,6.895,13062675.58630016
2018-03-22,6.8929,7.25,6.13,6.8883,13628278.36371628
2018-03-23,6.8883,7.0679,6.212,6.9345,11927751.70832461
2018-03-24,6.9211,7.0844,6.47,6.5,5774093.93187134
2018-03-25,6.498,6.6696,6.3643,6.4266,3572294.7352318
2018-03-26,6.4299,6.5027,5.258,5.78,14792346.16296863
2018-03-27,5.7947,6.5215,5.1801,5.8018,18056940.7847927
2018-03-28,5.794,6.5042,5.611,6.1946,7639183.01932708
2018-03-29,6.2,6.29,5.7445,5.8775,10966827.65278212
2018-03-30,5.8749,6.1794,5.6938,6.0069,9671901.8125674
2018-03-31,6.0068,6.16,5.8509,5.9218,3716734.4174593
2018-04-01,5.9256,5.9811,5.1,5.5931,8186528.92323975
2018-04-02,5.5931,5.896,5.4944,5.81,4448754.63880207
2018-04-03,5.81,6.14,5.7298,6.0099,3994214.88120432
2018-04-04,6.0099,6.063,5.4801,5.6496,3408029.37227931
2018-04-05,5.64,6.4,5.393,6.3249,8226867.3085897
2018-04-06,6.322,6.3774,5.6662,5.8348,8262216.72918873
2018-04-07,5.822,5.9998,5.775,5.8828,2234575.11169945
2018-04-08,5.8878,6.011,5.8202,5.9589,1816575.89896671
2018-04-09,5.9673,6.0746,5.7383,5.8441,3558361.85545689
2018-04-10,5.85,6.07,5.7396,5.9895,3225215.80799344
2018-04-11,5.9874,8.9,5.961,8.5129,27643475.79134087
2018-04-12,8.5092,9.279,7.85,8.8222,25817050.25050693
2018-04-13,8.8222,9.568,8.588,8.813,14077762.54396091
2018-04-14,8.8158,9.25,8.0975,8.7043,9094805.10673627
2018-04-15,8.7093,8.81,7.8029,8.5297,9175374.77373515
2018-04-16,8.5272,8.5278,7.8,8.12,7233093.24428116
2018-04-17,8.13,9.093,8.0811,8.491,9218934.73614929
2018-04-18,8.49,9.2296109,8.4402,9.03,6538237.03310154
2018-04-19,9.04351285,9.477,8.8821,9.47,6509159.47032898
2018-04-20,9.4699,11.7,9.4555,11.463,18816961.97093789
2018-04-21,11.456,11.62,9.8828,11.131,12163335.2983529
2018-04-22,11.124,11.881,10.744,11.292,10749461.40429134
2018-04-23,11.292,12.033,11.22,11.617,7765757.24777698
2018-04-24,11.604,16.146,11.6,15.107,31041256.50985081
2018-04-25,15.1,15.518,13.37,14.46,27867729.52382722
2018-04-26,14.44,15.6,13.85,15.437,11744477.36583392
2018-04-27,15.436,17.9,14.753,16.615,15727529.96695538
2018-04-28,16.614,19.49,16.44,18.769,17370355.25462375
2018-04-29,18.766,23.029,18.735,21.412,24824472.14128807
2018-04-30,21.41148595,21.65,16.51,17.467,24786326.23347452
2018-05-01,17.464,19.034,15.913,18.733,18581283.15821788
2018-05-02,18.735,19.637,18.167,19.232,12354006.410107391
2018-05-03,19.232,19.352,16.854,17.666,12626521.0411696
2018-05-04,17.66,18.049,16.225,17.053,8027786.33013522
2018-05-05,17.059,18.65115335,17.012,17.772,6742098.1254712
2018-05-06,17.755,18.0,16.535,17.387,7107132.86655808
2018-05-07,17.423,18.442,16.613,17.797,10701203.91620246
2018-05-08,17.797,18.98,17.677,17.959,7159821.15358254
2018-05-09,17.949,18.1,16.982,17.788,6362584.78962791
2018-05-10,17.787,18.747,17.31,17.31,7397793.09004447
2018-05-11,17.31,17.655,13.542,14.82,29475123.58283112
2018-05-12,14.823,15.139,12.053,13.952,25588376.16019837
2018-05-13,13.956,15.125,13.407,14.579,10148793.26779919
2018-05-14,14.573,14.721,12.926,13.806,12342318.26538627
2018-05-15,13.788,14.4,12.39,12.802,9143932.42969207
2018-05-16,12.801,13.07,11.821,12.67,11109505.47311774
2018-05-17,12.674,13.95,12.0,12.23,12509883.14506785
2018-05-18,12.229,13.2,11.908,12.91,11544192.91245343
2018-05-19,12.902,13.433,12.467,13.12,6146343.48099877
2018-05-20,13.11,14.19,12.921,13.947,6720826.08768326
2018-05-21,13.947,14.163,13.097,13.428,5170072.37336501
2018-05-22,13.428,13.453,11.926,12.108,8643133.19914775
2018-05-23,12.12,12.337,10.45,10.667,18290836.83732168
2018-05-24,10.669,12.883,10.33841946,12.753,17330822.85657839
2018-05-25,12.759,12.791,11.55,12.173,11322425.28625659
2018-05-26,12.181,12.88,11.838,12.21,6466749.76649585
2018-05-27,12.209,12.58,11.929,12.439,5378292.05180517
2018-05-28,12.44,12.987,11.29,11.502,11652703.71857854
2018-05-29,11.502,12.5,10.7,12.14,15917346.46279571
2018-05-30,12.133,12.65,11.659,11.872,8236902.73976359
2018-05-31,11.889,12.71,11.808,12.209,6128111.45714451
2018-06-01,12.21,12.342,11.85,12.206,6077911.93691368
2018-06-02,12.222,15.545,12.092,14.619,21410283.28353131
2018-06-03,14.619,15.434,14.242,14.533,9983802.59997009
2018-06-04,14.537,14.889,13.241,13.433,9380691.3897933
2018-06-05,13.434,14.318,12.832,14.184,8681470.19753296
2018-06-06,14.184,14.3,13.319,13.928,5908874.16724566
2018-06-07,13.927,14.7,13.664,14.68,6294275.20424277
2018-06-08,14.68,14.888,13.53,14.019,8836760.31158466
2018-06-09,14.014,15.04,13.971,14.128,7131359.06107188
2018-06-10,14.128,14.128,10.01,10.969,27056580.54566896
2018-06-11,10.969,11.42,10.4,11.273,11883514.49861205
2018-06-12,11.268,11.31,9.5821,9.9774,9570227.34919595
2018-06-13,9.9772,10.3,9.0887,9.9919,13181888.75650977
2018-06-14,9.9959,11.641,9.4324,11.25,15284213.18707284
2018-06-15,11.247,11.25,10.351,10.53,9096096.96813502
2018-06-16,10.529,10.805,10.105,10.535,6587602.40391249
2018-06-17,10.535,10.741,10.249,10.319,3339105.27826948
2018-06-18,10.321,10.9,10.119,10.716,5222272.69615307
2018-06-19,10.709,10.899,10.436,10.687,4084834.97338891
2018-06-20,10.683,10.83,10.192,10.427,5862591.71037225
2018-06-21,10.426,10.87,10.171,10.394,4463785.33174066
2018-06-22,10.393,10.434,8.236,8.5279,18197929.78206952
2018-06-23,8.5243,8.7771,8.013,8.356,7163836.13724032
2018-06-24,8.356,8.4326,6.8926,8.047,23644421.58817067
2018-06-25,8.0508,8.484,7.7059,8.173,10273004.12524039
2018-06-26,8.173,8.2428,7.3375,7.3547,9196876.64097676
2018-06-27,7.3533,8.259,7.256,7.9873,9837575.2337804
2018-06-28,7.988,8.061,7.2943,7.37,7872987.12615062
2018-06-29,7.3706,7.96,7.0307,7.751,9661677.81953948
2018-06-30,7.754,8.3231,7.7511,8.115,7708838.79725287
2018-07-01,8.116,8.2431,7.7679,8.1223,4242597.909166
2018-07-02,8.1223,9.1866,7.90611877,8.9781,10674778.9257217
2018-07-03,8.9785,9.4456,8.72,8.812,10023214.10676416
2018-07-04,8.8189,9.4323,8.5189,8.9068,7011794.34222432
2018-07-05,8.9059,9.2,8.661,8.8377,6660288.36111161
2018-07-06,8.8368,8.8699,8.31,8.6259,6113380.73888052
2018-07-07,8.6264,8.917,8.3623,8.8404,3694399.03223155
2018-07-08,8.8404,8.9979,8.672,8.6943,3376558.15264353
2018-07-09,8.6944,8.7246,7.4201,7.6825,8353868.98684055
2018-07-10,7.6858,7.78,7.06,7.1319,11988370.0697772
2018-07-11,7.1319,7.411,6.75,7.154,9362022.69685135
2018-07-12,7.1571,7.167,6.55,6.9119,9417692.41995162
2018-07-13,6.912,7.2375,6.6796,6.895,7141346.09992481
2018-07-14,6.8958,7.1,6.7807,6.9366,3809786.55553072
2018-07-15,6.9306,7.5207,6.8742,7.402,5707745.21119071
2018-07-16,7.402,8.1732,7.2344,8.0951,9634830.79149786
2018-07-17,8.0951,8.9803,7.84,8.7826,11122340.01814936
2018-07-18,8.782,9.3483,8.4445,8.6049,10664395.7273734
2018-07-19,8.6028,8.745,8.1474,8.4164,8226145.48199696
2018-07-20,8.4142,8.5511,7.713,7.847,11717274.06685724
2018-07-21,7.853,8.2495,7.584,8.0,4768810.29129846
2018-07-22,8.0001,8.2926,7.6982,7.85,5407154.04366232
2018-07-23,7.85,8.43,7.788,7.9252,7859736.1986858
2018-07-24,7.9229,8.6879,7.7107,8.5852,10729716.10093657
2018-07-25,8.5798,8.965,8.3581,8.5292,7428490.324919
2018-07-26,8.522,8.87,8.2017,8.3052,6092283.65166683
2018-07-27,8.3058,8.5255,8.0169,8.4293,6366562.94674993
2018-07-28,8.43,8.445,8.1269,8.37,2300456.66818403
2018-07-29,8.3599,8.4584,8.14,8.3335,2160279.95032967
2018-07-30,8.3311,8.351,7.421,7.737,8788165.12713955
2018-07-31,7.735,7.7388,7.1001,7.3279,7049854.87782261
2018-08-01,7.3279,7.411,6.82,7.2257,7601217.36668609
2018-08-02,7.2235,7.324,6.9,7.02,5049294.09349719
2018-08-03,7.0113,7.25,6.8401,7.1817,4674615.24521495
2018-08-04,7.1841,7.2999,6.88,6.9766,3286595.46774388
2018-08-05,6.977,7.1114,6.8923,7.0326,2508056.27077986
2018-08-06,7.0375,7.1614,6.9337,7.059,2651623.67990137
2018-08-07,7.0579,7.23432459,6.5,6.569,6910647.23198611
2018-08-08,6.5622,6.5663,5.318,5.59,18403582.09325398
2018-08-09,5.5866,5.94,5.41,5.7601,8907480.1303691
2018-08-10,5.7568,5.8138,5.16,5.245,13949462.49173949
2018-08-11,5.245,5.3371,4.8233,4.96,13143568.22560262
2018-08-12,4.9625,5.175,4.8804,4.9579,7348792.97758572
2018-08-13,4.958,5.1748,4.469,4.5793,10613846.08327154
2018-08-14,4.58,4.6016,4.1778,4.574,11273060.78662417
2018-08-15,4.5741,4.91629364,4.5619,4.6258,9633367.5268652
2018-08-16,4.6276,4.8069,4.4036,4.5098,7310242.74252388
2018-08-17,4.5109,5.59,4.493,5.5819,13893860.46796286
2018-08-18,5.582,5.65,4.8121,5.0761,12545020.22870273
2018-08-19,5.0761,5.3788,4.941,5.2922,7003644.74668198
2018-08-20,5.2922,5.3525,4.66,4.7031,9719331.63395982
2018-08-21,4.702,4.9685,4.66,4.9047,6932712.64439344
2018-08-22,4.9047,5.363,4.5026,4.7122,14494096.70923742
2018-08-23,4.7096,4.9499,4.665,4.8974,5576862.81362359
2018-08-24,4.896,5.165,4.768,5.05,7718730.87776664
2018-08-25,5.0478,5.0684,4.9072,5.035,3264649.35074179
2018-08-26,5.037,5.0552,4.8148,4.9493,3478204.53955387
2018-08-27,4.9494,5.433,4.9069,5.384,8882393.39200195
2018-08-28,5.3839,6.042,5.3011,5.9144,11068986.51660058
2018-08-29,5.9119,6.5,5.78920602,6.125,14846257.01738975
2018-08-30,6.1285,6.274,5.7457,6.071,9834390.61811967
2018-08-31,6.0707,6.488,5.94,6.4053,8869110.76223927
2018-09-01,6.4069,6.8299,6.4037,6.6622,9605696.22224613
2018-09-02,6.6619,6.7,6.316,6.6419,6574736.36316577
2018-09-03,6.642,6.7298,6.3696,6.4704,4921687.47917686
2018-09-04,6.469,6.6904,6.3186,6.485,6579043.93962102
2018-09-05,6.485,6.6,5.1278,5.1585,19773647.04005773
2018-09-06,5.1572,5.2446,4.8365,5.2297,14300717.96189785
2018-09-07,5.2301,5.3299,4.9071,5.0611,9486987.24816649
2018-09-08,5.061,5.15,4.6091,4.744,6660559.01327869
2018-09-09,4.7438,5.1711,4.6547,4.9418,7742770.22169717
2018-09-10,4.9374,5.1223,4.8819,5.0266,4274906.74768895
2018-09-11,5.0266,5.0981,4.7174,4.9907,6175937.85917549
2018-09-12,4.9905,4.9967485,4.77,4.9413,5649852.03134491
2018-09-13,4.9432,5.5549,4.9279,5.3898,10742467.28636508
2018-09-14,5.3898,5.5405,5.1309,5.2258,7513785.79107554
2018-09-15,5.2212,5.5297,5.2117,5.3372,3984424.47808042
2018-09-16,5.3364,5.4936,5.1801,5.4058,3639837.54449464
2018-09-17,5.4094,5.47846457,4.65,4.8431,12818489.37444695
2018-09-18,4.8432,5.267,4.7621,5.0572,10326606.28602699
2018-09-19,5.0519,5.389,4.9065,5.2459,8028257.94821968
2018-09-20,5.2451,5.957,5.1814,5.77,9522551.48131464
2018-09-21,5.7701,6.22,5.64,6.1931,12692688.02425777
2018-09-22,6.193,6.3117,5.777,5.93782182,6846477.06240171
2018-09-23,5.94,6.156863,5.8183,6.0256,4198681.11910273
2018-09-24,6.0269,6.0409,5.5926,5.6701,5561196.78321092
2018-09-25,5.6701,5.6701,5.0,5.4202,12726282.89607503
2018-09-26,5.4202,5.78,5.234,5.55,6524561.2296411
2018-09-27,5.551,5.9753,5.3504,5.825,6971324.68446628
2018-09-28,5.8262,6.0473,5.6441,5.75670413,8710795.19078276
2018-09-29,5.7538,5.83,5.4468,5.7464,3956371.45150948
2018-09-30,5.7448,5.9495,5.3255,5.7233,7934745.60634839
2018-10-01,5.7191,5.85,5.51,5.736,5106030.68752917
2018-10-02,5.7362,5.7808,5.532,5.62,3490123.54073713
2018-10-03,5.6192741,5.69,5.4071,5.6166,3465537.20997394
2018-10-04,5.6191,5.9029,5.5996,5.8022,5236550.83019757
2018-10-05,5.80238737,5.9289,5.661,5.83,3691278.2345082
2018-10-06,5.8281,5.8652,5.6736,5.7253,1723798.65017303
2018-10-07,5.7268,5.8,5.6237,5.7625,2454818.65772201
2018-10-08,5.76246968,6.044,5.7298,5.9403,5678501.17048293
2018-10-09,5.9406,5.98,5.8408,5.924,2305234.36070135
2018-10-10,5.9255,5.9653,5.8037,5.9216,2361318.8771117
2018-10-11,5.92148431,5.92298336,5.0014,5.0892,12354829.45483647
2018-10-12,5.0888,5.3233,5.0138,5.2008,3564990.60697483
2018-10-13,5.1979,5.3422,5.1702,5.2994,1260680.42126899
2018-10-14,5.2995,5.33270825,5.1703,5.2039,1474798.95665769
2018-10-15,5.2026,6.1,5.1465,5.5996,12238629.96993362
2018-10-16,5.5908,5.682,5.4723,5.5728,1858107.37033426
2018-10-17,5.5765,5.629,5.5111,5.5694,1092178.24338998
2018-10-18,5.56947759,5.681,5.3851,5.4561,2593381.10966003
2018-10-19,5.4539,5.4826,5.3269,5.4027,2758781.45653318
2018-10-20,5.401,5.5088,5.382,5.4555,1271454.20816109
2018-10-21,5.4558,5.65,5.4552,5.512,1658931.88854895
2018-10-22,5.512,5.5574,5.4377,5.4615,988543.99078202
2018-10-23,5.4675,5.5373,5.413,5.4876,1509276.12051703
2018-10-24,5.4876,5.522,5.425,5.4371,1789130.17649776
2018-10-25,5.4337,5.471,5.3698,5.4356,847011.37675281
2018-10-26,5.4356,5.5099,5.3801,5.4464,1425531.81675436
2018-10-27,5.4464,5.4628,5.4039,5.4185,469861.1258576
2018-10-28,5.4186,5.4671,5.4112,5.438,599847.52150506
2018-10-29,5.438,5.4503,5.04888756,5.1502,4480584.84437555
2018-10-30,5.1509,5.1844,5.1127,5.1411,685865.76452979
2018-10-31,5.1411,5.3116,5.0837,5.2492,1984890.56052401
2018-11-01,5.2493,5.3081,5.2282,5.2872,708917.4714773
2018-11-02,5.2886,5.4246,5.2886,5.4027,1745546.69121804
2018-11-03,5.4019,5.4058,5.274,5.3185,1219292.63160796
2018-11-04,5.3185,5.6095,5.2997,5.5459,2534521.42699057
2018-11-05,5.5501,5.5581,5.4258,5.509,1218244.57227677
2018-11-06,5.509,5.7991,5.4903,5.7781,2954702.87765243
2018-11-07,5.7831,5.837,5.6214,5.6725,1826940.74189722
2018-11-08,5.6725,5.7048,5.4973,5.5295,1982142.0592137
2018-11-09,5.5263,5.5773,5.3692,5.412,2186975.09934949
2018-11-10,5.406,5.4688,5.4,5.43,932023.69618676
2018-11-11,5.4299,5.5221,5.292,5.491,1189275.28265172
2018-11-12,5.491,5.5245,5.3906,5.459,926827.37574703
2018-11-13,5.4596,5.4793,5.14,5.2959,2616837.11815594
2018-11-14,5.2947,5.3387,4.461,4.7656,13600754.36063841
2018-11-15,4.7652,4.8193,4.29,4.769,8901300.00869832
2018-11-16,4.769,4.8127,4.511,4.5959,2921309.39197287
2018-11-17,4.6005,4.6398,4.5281,4.6253,1064696.6232739
2018-11-18,4.6275,4.7196,4.5799,4.65,1740972.52521054
2018-11-19,4.6517,4.6551,4.0423,4.14002853,13445821.47185649
2018-11-20,4.14002853,4.2596,3.4703,3.8231,19883190.52956742
2018-11-21,3.82009719,3.9667,3.6401,3.8519,6331803.02405377
2018-11-22,3.8548,3.9226,3.5101,3.5304,3496499.21922204
2018-11-23,3.5297,3.7429,3.4111,3.6636,8462142.92220764
2018-11-24,3.662,3.7623,3.19779966,3.3055,8776118.01266856
2018-11-25,3.305,3.5242,3.0866,3.4097,13275744.27370906
2018-11-26,3.4039,3.4718,3.1178,3.2551,6329443.30506483
2018-11-27,3.2526,3.2544,2.8672,3.0483,8263589.82126989
2018-11-28,3.0478,3.3999,3.0478,3.3053,6768810.36463817
2018-11-29,3.3011,3.3274,2.91,3.0416,7865605.44902535
2018-11-30,3.0393,3.0799,2.8068,2.8944,6608949.19812127
2018-12-01,2.8944,3.0753,2.8263,2.9771,3834420.80160098
2018-12-02,2.9776,3.054,2.8233,2.875,2757271.21408591
2018-12-03,2.874,2.88,2.534,2.5957,5281307.37019624
2018-12-04,2.5971,2.6599,2.3019,2.4678,9284608.1273798
2018-12-05,2.4652,2.48,2.1671,2.1959,13590515.61745787
2018-12-06,2.1958,2.2713,1.8409,1.8493,16688366.5473463
2018-12-07,1.8598,1.8849,1.55,1.7589,24186458.12140124
2018-12-08,1.7595,1.988,1.6454,1.8592,17059727.47334692
2018-12-09,1.85801702,2.1733,1.775,2.0467,12984709.23704706
2018-12-10,2.04379729,2.127,1.9011,1.9518,13701969.70372839
2018-12-11,1.9508,1.9734,1.788,1.8591,8683352.28261745
2018-12-12,1.86,2.0961,1.8328,2.0066,10423630.04328908
2018-12-13,2.0062,2.0259,1.8394,1.8721,9301507.39043744
2018-12-14,1.8755,1.9177,1.7746,1.8488,6923832.06509494
2018-12-15,1.8492,1.9755,1.813,1.9285,5752100.78500954
2018-12-16,1.9237,2.0322,1.915,1.9479,6484593.09565439
2018-12-17,1.9465,2.5688,1.941,2.4504,18485388.27641829
2018-12-18,2.4501,2.7763,2.405,2.708,17758298.52482203
2018-12-19,2.7092,2.8899,2.5003,2.5228,17876589.32991566
2018-12-20,2.5232,2.8783,2.4881,2.8001,16753068.74857323
2018-12-21,2.8,2.9,2.56,2.6722,11752944.07048439
2018-12-22,2.6732,2.71,2.5364,2.7,6222914.34754446
2018-12-23,2.7,3.0973,2.6778,2.8712,12288964.69463799
2018-12-24,2.8747,3.2081,2.815,2.8348,14984573.20346314
2018-12-25,2.8319,2.8334,2.4703,2.5828,10762170.90384009
2018-12-26,2.59,2.7671,2.5345,2.6488,7410317.78618836
2018-12-27,2.6475,2.6723,2.3228,2.3627,8750107.22318935
2018-12-28,2.3621,2.8024,2.3093,2.7381,10635609.40773086
2018-12-29,2.7325,2.8845,2.6516,2.6946,6797424.61946756
2018-12-30,2.6922,2.7727,2.5846,2.7549,4606406.12987829
2018-12-31,2.7571,2.7613,2.5385,2.6287,5172910.94841136
2019-01-01,2.6268,2.76,2.5856,2.7374,4638996.8880996
2019-01-02,2.7377,3.0142,2.7074,2.965,6469263.20344278
2019-01-03,2.9649,2.9651,2.674,2.7494,5323511.01763192
2019-01-04,2.7495,2.8511,2.652,2.7908,5776328.02210754
2019-01-05,2.7902,2.87,2.7274,2.7472,3290838.96157159
2019-01-06,2.7473,3.0095,2.67,2.94066969,8268220.59811087
2019-01-07,2.93987094,2.9615,2.772,2.8306,4837265.46208865
2019-01-08,2.82978906,2.9435,2.7798,2.84,4684401.41296667
2019-01-09,2.8399,3.0354,2.8182,2.9544,6635420.64778744
2019-01-10,2.9544,3.05,2.341,2.4523,13322941.97095808
2019-01-11,2.4527,2.505,2.3738,2.44,3277812.23507253
2019-01-12,2.4364,2.5,2.42,2.4541,2191518.00329021
2019-01-13,2.4518423,2.4685,2.2431,2.2818,3734369.77403338
2019-01-14,2.2837,2.54,2.2777,2.5095,4325985.2744921
2019-01-15,2.5088,2.5283,2.3684,2.419,3184677.69589192
2019-01-16,2.4165,2.5089,2.3954,2.4605,3263214.78463407
2019-01-17,2.4614,2.584,2.3946,2.5507,4249657.70359219
2019-01-18,2.5485,2.5541,2.4378,2.483,2363932.177445
2019-01-19,2.4829,2.5944,2.4795,2.5051,3118223.11498729
2019-01-20,2.50501811,2.5164,2.3079,2.3579,4729062.4596327
2019-01-21,2.3576,2.43,2.3222,2.3544,3283661.02808569
2019-01-22,2.3543,2.5463,2.29256377,2.4784,4926057.0045085
2019-01-23,2.4785,2.5092,2.431,2.4634,2172064.77978691
2019-01-24,2.4666,2.5045,2.4317,2.4918,3209108.95759501
2019-01-25,2.4915,2.5189,2.4409,2.4765,2697773.7220329
2019-01-26,2.4754,2.5423,2.3992,2.4451,2295461.3602753
2019-01-27,2.4439,2.4737,2.3416,2.3792,3724592.45427044
2019-01-28,2.37930857,2.39,2.183,2.262,4639897.1326208
2019-01-29,2.262,2.3383,2.2211,2.2989,2743220.0157098
2019-01-30,2.2983,2.39,2.2677,2.3768,2702156.390056
2019-01-31,2.3775,2.42020359,2.3189,2.3557,2475737.34342975
2019-02-01,2.35717565,2.4164,2.3081,2.3814,3273797.42141641
2019-02-02,2.3776,2.495,2.3511,2.48330781,2573564.60371335
2019-02-03,2.4834,2.495,2.3727,2.397,2243587.81140952
2019-02-04,2.397,2.4586,2.389,2.4167,1636855.89743372
2019-02-05,2.4154,2.4267,2.3751,2.4202,1081090.58025523
2019-02-06,2.421,2.4294,2.3163,2.3786,2021769.83157994
2019-02-07,2.3787,2.4047,2.35216266,2.3686,1285599.27175864
2019-02-08,2.3686,2.8562,2.3594,2.7698,7510462.30743813
2019-02-09,2.7717,2.8782,2.7251,2.814,2039870.81721686
2019-02-10,2.8141,2.906,2.6954,2.8907,3119417.98857687
2019-02-11,2.8915,2.9084,2.7564,2.7834,2218213.75493967
2019-02-12,2.7866,3.066,2.7371,2.9952,6336676.5412147
2019-02-13,3.0,3.0533,2.8511,2.9029,4225198.98513239
2019-02-14,2.901,2.9298,2.76,2.7921,2732695.46732002
2019-02-15,2.7919,2.9333,2.7852,2.84293304,2428138.51947402
2019-02-16,2.8435,2.9401,2.8246,2.8301,1586819.84799736
2019-02-17,2.831,2.9822,2.8227,2.9252,3480030.14636109
2019-02-18,2.9277,3.6,2.9115,3.5451,14326313.59555196
2019-02-19,3.5464,3.888,3.53,3.5983,13577003.50714957
2019-02-20,3.59524936,4.03,3.542,3.986,9289421.54019883
2019-02-21,3.9901,4.0089,3.7406,3.8755,5376578.13110712
2019-02-22,3.8757,4.0,3.7903,3.9375,5311908.37930418
2019-02-23,3.9416,4.4237,3.8683,4.3387,7184160.39934833
2019-02-24,4.34698287,4.53695357,3.5037,3.61,17990225.80670299
2019-02-25,3.6099,3.79,3.3555,3.6295,8422120.75599461
2019-02-26,3.6379,3.6434,3.3728,3.5079,5785741.27376243
2019-02-27,3.509,3.6426,3.3974,3.58,5060037.28213851
2019-02-28,3.58,3.716,3.534,3.5681,4434371.36328689
2019-03-01,3.566,3.77,3.48,3.5456,4096228.22752074
2019-03-02,3.5408,3.6,3.4964,3.56185114,2581399.08881798
2019-03-03,3.56185114,3.67,3.5422,3.5904,1697463.48232054
2019-03-04,3.5904,3.612,3.1534,3.2999,5939933.28624628
2019-03-05,3.29998356,3.88,3.2752,3.8398,8009490.14357853
2019-03-06,3.8399,3.9685,3.6543,3.8224,5501111.01814067
2019-03-07,3.8213,4.0015,3.7738,3.84343624,4184812.12227313
2019-03-08,3.845,3.8727,3.5497,3.6657,5168764.52506466
2019-03-09,3.6657,3.9,3.65,3.8298,3453334.40748474
2019-03-10,3.81805513,3.836,3.7131,3.77190422,1830542.99114452
2019-03-11,3.77190422,3.806,3.56,3.6367,4012472.26729628
2019-03-12,3.63800908,3.7683,3.4877,3.7078,4404524.21264239
2019-03-13,3.7132,3.7299,3.5468,3.6379,3550222.78546702
2019-03-14,3.6367,3.724,3.5411,3.63599355,3673328.95990888
2019-03-15,3.64119526,3.7969,3.6295,3.76013204,3798914.59781377
2019-03-16,3.76013204,3.9298,3.75669456,3.875,3421378.52418685
2019-03-17,3.875,3.8781,3.8,3.8186,1502237.06012212
2019-03-18,3.8188,3.8688,3.7529,3.7871,2559917.46255338
2019-03-19,3.78380215,3.8295,3.7224,3.80775138,2607270.80950523
2019-03-20,3.809,3.82,3.6,3.78994522,4123243.00264419
2019-03-21,3.78994522,3.7994,3.59,3.68,3034280.92988611
2019-03-22,3.6802,3.7108,3.6284,3.6669,1590749.43471574
2019-03-23,3.6692,3.7789,3.654,3.7167,1288801.47197614
2019-03-24,3.7168,3.7168,3.633,3.6787,728487.17438934
2019-03-25,3.6788,3.7389,3.6198,3.6844,1644642.3938644
2019-03-26,3.6846,3.8,3.6353,3.7864,2090533.96232301
2019-03-27,3.7864,4.4004,3.765,4.3221,10726664.71092023
2019-03-28,4.3186,4.3863,4.2438,4.3047,4364055.62485248
2019-03-29,4.3066,4.4718,4.2663,4.3794,4317839.78633487
2019-03-30,4.3794,4.4499,4.05132814,4.2189,4143973.29431198
2019-03-31,4.21890269,4.3234,4.1544,4.25070993,1767010.33784125
2019-04-01,4.25441401,4.3283,4.2,4.2568,1942029.34378317
2019-04-02,4.2568,5.1667,4.21,5.0849,13478572.58357511
2019-04-03,5.0872,5.99,4.82,5.2403,17872279.00649865
2019-04-04,5.241,5.37660527,4.9,5.1057,4646611.25918361
2019-04-05,5.1131683,5.4326,5.1121,5.3861,3949011.38126296
2019-04-06,5.3904,5.7639,5.1,5.377,5899362.83282004
2019-04-07,5.383,5.56,5.29,5.4854,4640415.1970478
2019-04-08,5.4838,5.68,5.2921,5.5759,6310939.63563613
2019-04-09,5.5759,5.7182,5.3801,5.5937,4489806.68658337
2019-04-10,5.5921,6.0726,5.52,5.845,8402597.04615234
2019-04-11,5.84491458,5.8549,5.097,5.3266,7156295.70831807
2019-04-12,5.3252,5.4999,5.1037,5.3903,3242379.71689495
2019-04-13,5.394,5.4591,5.2295,5.343,2061206.43993322
2019-04-14,5.3423,5.6256,5.2689,5.6043,1989320.996982
2019-04-15,5.6093,5.6602,5.2175,5.34156293,3104106.68168701
2019-04-16,5.3396,5.5703,5.3175,5.5538,1704720.72053447
2019-04-17,5.5496,5.61628608,5.4144,5.4733,1605352.83176334
2019-04-18,5.4753,5.599,5.46103072,5.5273,2194661.78788312
2019-04-19,5.5254,5.5373,5.4001,5.5173,1167352.51965934
2019-04-20,5.5164,5.5581,5.4158057,5.47,1674426.85823393
2019-04-21,5.4709,5.4892,5.02,5.26054813,3052996.95626309
2019-04-22,5.2631,5.3598,5.1403,5.2826,2542530.40748463
2019-04-23,5.2831,5.4523,5.12294207,5.1609,3527413.35458503
2019-04-24,5.1576,5.1901,4.6273,4.8362,6732103.00747494
2019-04-25,4.8312,4.8975,4.53,4.6039,3253191.0920533002
2019-04-26,4.6039,4.983,4.536,4.8728,3456331.29146922
2019-04-27,4.88,4.917,4.7808,4.8394,856515.39628376
2019-04-28,4.8413,4.9698,4.7853,4.8953,1052938.40349155
2019-04-29,4.8963,4.9449,4.61,4.732,2730015.15086688
2019-04-30,4.7248,5.0912108,4.723,5.072,1851276.64512634
2019-05-01,5.0695,5.12,4.8951,4.983,1249200.2501333
2019-05-02,4.9814,5.0338,4.8567,5.0041,1072342.35709931
2019-05-03,4.9912,5.4507,4.9667,5.3081,2857536.80448496
2019-05-04,5.3081,5.4297,5.0,5.179,2136935.99181094
2019-05-05,5.1807,5.2415,5.0536,5.12,773130.74543886
2019-05-06,5.1137,5.2365,4.8826,5.1428,1574012.09568335
2019-05-07,5.1438,5.3316,5.0348,5.06,1583643.30442149
2019-05-08,5.0613,5.1297,4.9475,5.0802,1238582.03758418
2019-05-09,5.0819,5.1791,4.885,4.9129,1020837.24015161
2019-05-10,4.9174,5.0155,4.6113,4.8535,2292994.17694056
2019-05-11,4.8536,5.7446,4.8532,5.4482,6161046.30853665
2019-05-12,5.4501,5.719,5.2312,5.3405,3386038.54036851
2019-05-13,5.3408,5.7346,5.3075,5.5005,3950132.1089165
2019-05-14,5.5038,6.2,5.4855,6.0159,5889169.59327912
2019-05-15,6.0164,6.5,5.9416,6.4362,4248273.12439285
2019-05-16,6.4302,6.8818,6.28,6.4877,5135567.56650563
2019-05-17,6.481,6.5568,5.7839,6.0853,4794493.29251746
2019-05-18,6.0853,6.118,5.8148,5.8849,975703.17356872
2019-05-19,5.8807,6.59,5.8759,6.4724,2605422.36304292
2019-05-20,6.4788,6.4849,6.0225,6.257,1936873.233002
2019-05-21,6.2641,6.398,6.1144,6.2721,1567427.95786831
2019-05-22,6.2768,6.3686,5.7469,5.9299,3129084.45305532
2019-05-23,5.9299,6.1041,5.7264,6.0259,2116233.58762566
2019-05-24,6.0288,6.6083,6.0,6.4267,3341815.75480874
2019-05-25,6.4207,6.5556,6.2823,6.3832,2100583.38274479
2019-05-26,6.3805,7.0618,6.2112,6.959,4554828.97879699
2019-05-27,6.9599,8.2728,6.9023,8.049,10276693.76505909
2019-05-28,8.0446,8.2376,7.66,8.1047,5859593.84108092
2019-05-29,8.1007,8.2833,7.5511,8.0102,5047031.7670278
2019-05-30,8.0112,8.479,6.8624,7.2944,9094506.26068622
2019-05-31,7.2909,8.6503,7.2,8.5355,6523707.19000352
2019-06-01,8.5355,8.62,7.4735,7.71,9853706.43033296
2019-06-02,7.71,8.0,7.45,7.7263,4873273.25264913
2019-06-03,7.7342,7.7342,6.5483,6.68,7749117.67645827
2019-06-04,6.68,6.8847,6.0387,6.2969,6556420.52510077
2019-06-05,6.3032,6.55,6.1666,6.4248,3120131.42261433
2019-06-06,6.418,6.467,5.9182,6.3709,2569696.09519305
2019-06-07,6.3802,6.8,6.3169,6.6404,2819847.50904546
2019-06-08,6.6406,6.6939,6.214,6.3741,1403680.44413973
2019-06-09,6.3819942,6.498,6.0,6.1484,1731546.06321429
2019-06-10,6.1482,6.5188,6.04605875,6.4678,1731264.14282591
2019-06-11,6.4661,6.5096,6.1389,6.3353,2127108.76335749
2019-06-12,6.3365,6.495,6.23680649,6.4646,1986816.22105288
2019-06-13,6.46232728,6.65262492,6.37011118,6.4707,2232409.43607273
2019-06-14,6.4707,6.5774,6.3566,6.5685,2089745.95620602
2019-06-15,6.5675,6.9731,6.5475,6.9111,2765723.7525507
2019-06-16,6.9162,7.22,6.8082,7.0013,3184038.81694845
2019-06-17,7.0001,7.2691,6.98224134,7.1566,1867205.57309392
2019-06-18,7.1608,7.1772,6.6462,6.7938,2621054.30818331
2019-06-19,6.7908,6.9788,6.7634,6.8852,1023811.47594438
2019-06-20,6.8853,6.92308337,6.7055,6.8674,1465697.11112982
2019-06-21,6.8659,7.1595,6.812,7.0649,2518948.5740535
2019-06-22,7.07,7.6254,7.0378,7.51,5685779.26324346
2019-06-23,7.51,7.6435,7.2,7.2751,2382234.86666978
2019-06-24,7.2792,7.2801,7.0051,7.26,1877164.27900348
2019-06-25,7.2627,7.3179,6.8842,7.1268,2768753.18608121
2019-06-26,7.1269,7.4004,6.0998,6.6966,7344775.65675978
2019-06-27,6.691,6.7459,5.55,5.8891,7852334.768682357
2019-06-28,5.902,6.2365,5.6813,6.1753,5434946.0508667575
2019-06-29,6.175,6.3849,5.951,6.3347,2198142.0564054037
2019-06-30,6.3282,6.3995,5.6565,5.7684,2147927.7601593756
2019-07-01,5.7728,6.0999,5.5646,6.059,2367794.0801126314
2019-07-02,6.06,6.1773,5.5817,5.9166,2195537.8742726585
2019-07-03,5.9247,6.1219,5.84,6.0661,1796633.892790719
2019-07-04,6.06345516,6.0826,5.6655,5.7227,1570027.285176436
2019-07-05,5.7226,5.90005349,5.6895,5.7648,830615.0008384215
2019-07-06,5.7649,6.0179,5.72752291,5.7758,1441102.2341829601
2019-07-07,5.7792,6.06,5.7589,5.9687,901927.7056751144
2019-07-08,5.9617,6.06,5.8535,5.9695,1029949.2450231385
2019-07-09,5.9662,6.0344,5.8352,5.8949,1096431.3074395494
2019-07-10,5.88,5.9284,5.0029,5.2591,4571445.1566634355
2019-07-11,5.2575,5.2575,4.3196,4.684,5496528.410548421
2019-07-12,4.6838,4.8719,4.5965,4.79391829,1615020.93934539
2019-07-13,4.7924,4.8152,4.55,4.7355,1613340.77467449
2019-07-14,4.732,4.7527,4.05,4.116,3973515.4904574
2019-07-15,4.1044,4.4175,3.9697,4.2798,4849035.94133903
2019-07-16,4.2798,4.3444,3.3,3.6566,7466002.81252012
2019-07-17,3.6585,4.1082,3.518,3.8348,5813845.62083717
2019-07-18,3.8355,4.24,3.7404,4.0883,3914908.06050254
2019-07-19,4.0979,4.1479,3.80006397,4.0497,2386361.75551354
2019-07-20,4.0537,4.4847,3.9944,4.307,3072477.28284768
2019-07-21,4.3039,4.3472,4.1433,4.3165,1727683.69694048
2019-07-22,4.324,4.4176,3.9342,4.1209,2974629.96423742
2019-07-23,4.11704388,4.27795561,3.9517,4.1545,1933825.54492953
2019-07-24,4.1545,4.6551,4.0127,4.5843,5885230.59376218
2019-07-25,4.5863,4.7257,4.44,4.5707,2814354.54652908
2019-07-26,4.5687,4.7078,4.4174,4.6259,1581894.05225286
2019-07-27,4.6259,4.77526588,4.1581,4.2649,3167820.58326529
2019-07-28,4.2726,4.3396,3.8675,4.2674,3178204.06124546
2019-07-29,4.2759,4.3802,4.1,4.2054,1905297.18614576
2019-07-30,4.2052,4.2967,4.111,4.2062,1367762.54324743
2019-07-31,4.2014,4.4484,4.1997,4.4253,3368150.0947071
2019-08-01,4.4228,4.4438,4.2121,4.31,1128626.57028693
2019-08-02,4.3109,4.3558,4.04373242,4.1816,1676681.90982654
2019-08-03,4.1819,4.3728,4.1597,4.2866,1402339.2166821
2019-08-04,4.2896,4.31,4.18003139,4.2414,651457.99911954
2019-08-05,4.2353,4.5778,4.2288,4.46165344,2095168.48154153
2019-08-06,4.46176583,4.5,4.05,4.1937,1976107.04008354
2019-08-07,4.1891,4.2954,4.1424,4.2304,1109670.79683087
2019-08-08,4.2344,4.2424,4.1008,4.1772,1091218.95639708
2019-08-09,4.181,4.1927,3.8003,3.9096,1980335.7249747
2019-08-10,3.9153,4.1455,3.8545,4.0664,1468714.89020315
2019-08-11,4.0653,4.2689,4.0633,4.2017,1012098.86557373
2019-08-12,4.2081,4.2099,4.0803,4.1349,400114.38878254
2019-08-13,4.1374,4.1414,3.9569,4.078,935546.80383915
2019-08-14,4.0855,4.13054227,3.5637,3.6769,2436345.09445572
2019-08-15,3.6755,3.7275,3.3163,3.6307,2531486.26511093
2019-08-16,3.6253,3.6655,3.4833,3.5894,973644.72284109
2019-08-17,3.5941,3.6175,3.49,3.5593,490322.63466162
2019-08-18,3.5683,3.7771,3.5146,3.6954,1339870.22272496
2019-08-19,3.695,3.8013,3.6451,3.7263,1196195.54947632
2019-08-20,3.724,3.7306,3.6003,3.6773,626654.96216291
2019-08-21,3.6847,3.6926,3.3574,3.5113,1622145.63450443
2019-08-22,3.5167,3.7154,3.4575,3.644,916268.32665309
2019-08-23,3.6424,3.776,3.605,3.6832,778367.09427061
2019-08-24,3.6843,3.69509016,3.5555,3.66608966,628050.30638933
2019-08-25,3.66822536,3.6994,3.4662,3.5479,728813.48439207
2019-08-26,3.5481,3.7167,3.5436,3.5851,721306.9382618
2019-08-27,3.5851,3.5964,3.4919,3.5559,543418.07017951
2019-08-28,3.5532,3.5666,3.1002,3.2564,2045534.66820062
2019-08-29,3.258,3.2753,3.06,3.2038,1342664.60654873
2019-08-30,3.2048,3.2933,3.1725,3.2154,558193.96625882
2019-08-31,3.2206,3.4286,3.1972,3.34124254,543379.33089214
2019-09-01,3.333,3.349,3.1068,3.2703,907648.38972641
2019-09-02,3.2709,3.3846,3.2217,3.3322,810011.3797647
2019-09-03,3.3291,3.4706,3.31,3.3622,1707545.55631191
2019-09-04,3.3616,3.3711,3.2707,3.3145,1203867.31872529
2019-09-05,3.31538659,3.3388,3.2016,3.2715,1043376.03734873
2019-09-06,3.2694,3.3795,3.11,3.219,1142080.33079177
2019-09-07,3.2185,3.6804,3.2007,3.5791,1893385.00111439
2019-09-08,3.5744,3.825,3.5144,3.7887,1483541.36016454
2019-09-09,3.7891,3.9668,3.6231971,3.8797,2146504.22600798
2019-09-10,3.8793,3.9233,3.6629,3.7827,1355861.6317053
2019-09-11,3.7798,3.8227,3.6503,3.7614,796382.54978151
2019-09-12,3.7614,3.8023,3.6821,3.7536,514786.56834297
2019-09-13,3.75366128,3.7637,3.685,3.7348,329458.9559859
2019-09-14,3.7404,4.11,3.6962,4.0403,1493817.01500129
2019-09-15,4.043,4.1624,4.02,4.0849,854358.37819656
2019-09-16,4.0873,4.1648,3.9545,4.1007,1327222.01112932
2019-09-17,4.1007,4.24,4.0415677,4.0783,1367240.03418375
2019-09-18,4.0783,4.1778,4.05,4.0952,1181844.03759307
2019-09-19,4.0936,4.0978,3.8202,3.9786,1623768.02314477
2019-09-20,3.9767,4.0459,3.8366,4.0202,634457.4157319
2019-09-21,4.019,4.0806076,3.95195268,4.0111,759001.1222668
2019-09-22,4.0108,4.01628015,3.7418,3.8237,1819014.56723964
2019-09-23,3.8336,3.8737,3.66006635,3.6922,850006.68867334
2019-09-24,3.6935169,3.72169938,2.4001,2.7669,11786868.65976063
2019-09-25,2.7733,2.9588,2.7,2.8762,4000945.27498668
2019-09-26,2.881,2.88115481,2.5929,2.7927,2944284.57666092
2019-09-27,2.7963,2.9188,2.7036,2.8405,1865975.64360808
2019-09-28,2.8393,2.8831,2.7843,2.8394,1279766.63421163
2019-09-29,2.8387,2.8504,2.6812,2.7910972,1769378.77652398
2019-09-30,2.7910972,3.0506,2.7262,2.98,2251762.79508061
2019-10-01,2.9787,3.134,2.8682,2.9535,2659680.82601629
2019-10-02,2.9528,3.0487,2.9,3.0192,611393.40284367
2019-10-03,3.0211,3.03,2.8129,2.93399042,998361.8390567
2019-10-04,2.93980769,3.105,2.8805,3.0128,1157899.1518297
2019-10-05,3.0173,3.05,2.9336,3.0007,1063544.7838205
2019-10-06,3.0006,3.0085,2.8508,2.9139,1135470.1063377
2019-10-07,2.9134,3.27,2.9063,3.192,2134346.88072584
2019-10-08,3.1915,3.2681,3.1241,3.1724,762771.79509771
2019-10-09,3.1707,3.37,3.1258,3.25372847,1196182.42916089
2019-10-10,3.25372847,3.2602,3.0392,3.1243,881237.58051739
2019-10-11,3.1244,3.2098,3.04,3.0692,1183471.76645029
2019-10-12,3.0681,3.15291157,3.0475,3.0771,490040.08580984
2019-10-13,3.075,3.1449,3.0462,3.10723934,360871.66002542997
2019-10-14,3.112,3.20433022,3.10187366,3.1694,629302.02704918
2019-10-15,3.1704,3.179,2.8182,2.9693,2024896.73915108
2019-10-16,2.96807573,2.991,2.8551,2.9355,852473.22668766
2019-10-17,2.9355,2.9746,2.8889,2.9562,392449.55696782
2019-10-18,2.9552,2.9571,2.712,2.8931,1598237.74744428
2019-10-19,2.8932,2.9366,2.8443,2.8883,542830.58952735
2019-10-20,2.8819,2.9558,2.8317,2.9369,547166.03234557
2019-10-21,2.9379,2.9922,2.8821,2.93994982,504848.74993891
2019-10-22,2.93861166,3.0366,2.8606,2.9038,1026291.4861197
2019-10-23,2.89921608,2.9185,2.5322,2.7207,2391470.64196647
2019-10-24,2.7229,2.789,2.6562,2.733,1119498.07219929
2019-10-25,2.7318,3.3448,2.72995221,3.1901,3942151.908041
2019-10-26,3.1912,3.5759,2.998,3.1464,4115058.51335886
2019-10-27,3.1493,3.5,3.0823,3.3455,2331136.23808584
2019-10-28,3.3441,3.5636,3.2598,3.2988,1856728.93046223
2019-10-29,3.2883,3.4695,3.28704105,3.4135,1193490.15182251
2019-10-30,3.4104,3.43,3.2,3.28195576,1302461.40831188
2019-10-31,3.281,3.3436,3.1804,3.269,849551.73074505
2019-11-01,3.2691,3.4248,3.2188405,3.3619,755142.86590831
2019-11-02,3.3668,3.401,3.306,3.335,619482.24457394
2019-11-03,3.34,3.3558,3.2,3.2807,561611.88134404
2019-11-04,3.281,3.52,3.251,3.4619,1599596.68690541
2019-11-05,3.4587,3.69,3.4193,3.63283143,2128367.64615454
2019-11-06,3.6343,3.6884,3.561,3.611,1224582.32843713
2019-11-07,3.6178,3.638,3.4217,3.473,829451.8153469
2019-11-08,3.4722,3.5494,3.3137,3.4109,1293575.39043945
2019-11-09,3.4084,3.5005,3.406,3.4904,300772.31542281
2019-11-10,3.4912,3.69,3.45267585,3.595,1545352.37785682
2019-11-11,3.5939,3.6067,3.416,3.44333725,743115.26099913
2019-11-12,3.44333725,3.5246,3.3913,3.4828,904365.62411772
2019-11-13,3.48909696,3.4977,3.4233,3.4818,398217.42432387
2019-11-14,3.4818,3.4881,3.3337,3.4002,662872.78274613
2019-11-15,3.3995,3.5085,3.2853,3.34017482,1324473.62617431
2019-11-16,3.3392,3.4078,3.3242,3.38202759,257747.58817283
2019-11-17,3.3832,3.4515417,3.3331,3.40376876,457665.93021794
2019-11-18,3.4084,3.4147,3.0367,3.1934,1478630.43721136
2019-11-19,3.18562642,3.205,3.03660565,3.131,677137.79914082
2019-11-20,3.131,3.1607,3.0652,3.0937,393842.72639087
2019-11-21,3.0934,3.1269,2.75,2.8326,1556471.36898631
2019-11-22,2.835,2.8609,2.4641,2.6376,3001401.45391296
2019-11-23,2.6266,2.7187,2.58,2.6963,753266.35653151
2019-11-24,2.6959,2.7001,2.3626,2.4344,1767526.56979826
2019-11-25,2.4297,2.6373,2.3548,2.539,2309906.86872434
2019-11-26,2.5381,2.652,2.538,2.63062784,877451.35698631
2019-11-27,2.6238,2.7571,2.5049,2.6899,1397663.44531748
2019-11-28,2.69702739,2.70674723,2.6086,2.63725362,527217.12421592
2019-11-29,2.6348,2.8477,2.6333,2.8128,756071.71689284
2019-11-30,2.8106,2.833649,2.7301,2.7642,722129.56697615
2019-12-01,2.76390408,2.8695,2.6748,2.7977865,1110611.72931113
2019-12-02,2.79322256,2.8101,2.6494,2.6989,695828.92792086
2019-12-03,2.6958,2.7561,2.66472375,2.7127,692593.24732789
2019-12-04,2.7115,2.8294,2.5804,2.64,1320942.91919025
2019-12-05,2.6402,2.7195,2.6326,2.6994,538286.68447998
2019-12-06,2.7042,2.7573,2.6786,2.7478574,743231.92853363
2019-12-07,2.7447,2.7758,2.7199,2.7371,301239.09311119
2019-12-08,2.736,2.8032,2.7109,2.7583,313232.77828594
2019-12-09,2.7584,2.7673,2.6251,2.6712,507434.10298154
2019-12-10,2.6705,2.6851,2.5762,2.6161,749421.40322177
2019-12-11,2.6143,2.636,2.55563629,2.5851,351225.73940258
2019-12-12,2.58556377,2.62466529,2.5219,2.5948,521343.13513355
2019-12-13,2.595,2.65233335,2.5803,2.6313,504164.49592656
2019-12-14,2.6321,2.6389,2.557,2.5783,364466.18536561
2019-12-15,2.578,2.6031,2.5464,2.57652372,309461.96807977
2019-12-16,2.57353269,2.5773,2.2816,2.3809,2564696.51680325
2019-12-17,2.3801,2.3804,2.1624,2.211,1681693.87268345
2019-12-18,2.2111,2.535,2.1739,2.47,2183051.07766347
2019-12-19,2.4782,2.5103,2.4145,2.4651,728374.97048341
2019-12-20,2.4674,2.558,2.4325,2.4954,675515.38842061
2019-12-21,2.4926,2.4926,2.4367,2.45277981,260947.08926655
2019-12-22,2.4519,2.5634,2.4499,2.5481,432904.20101223
2019-12-23,2.548,2.6142,2.5007,2.52339092,504906.72676663
2019-12-24,2.52438923,2.573,2.48838979,2.55189056,468618.34381124
2019-12-25,2.54889655,2.5541,2.458,2.4888,394615.51898192
2019-12-26,2.4875,2.6452,2.46915498,2.5286,627724.8656468
2019-12-27,2.5294,2.5996,2.5151,2.5817,676291.38034419
2019-12-28,2.5885,2.6804,2.5877,2.6345,582221.76287228
2019-12-29,2.6357,2.7257,2.62381841,2.7005,754187.18090659
2019-12-30,2.6964,2.7248,2.607,2.6324,637303.40125948
2019-12-31,2.6309,2.6591,2.5723,2.5904,501027.69412514
2020-01-01,2.5903,2.6476,2.5794,2.6058,367020.83231964
2020-01-02,2.6078,2.6125,2.4344,2.4678,966418.65438125
2020-01-03,2.46749662,2.6807,2.43890717,2.6508,1057056.51528714
2020-01-04,2.6508,2.6718,2.6299,2.6529,363734.67597117
2020-01-05,2.66008851,2.7813,2.66008851,2.69050038,1038641.29095952
2020-01-06,2.6836,2.8601,2.683,2.8533,1063288.57568812
2020-01-07,2.8525,2.8812,2.7614,2.8541,825830.05200205
2020-01-08,2.8505,2.9865,2.7113,2.7729,1513800.76300592
2020-01-09,2.7726,2.7956,2.6943,2.7459,424999.28495056997
2020-01-10,2.7458,3.003,2.6526,2.9731,1219189.61408434
2020-01-11,2.9843,3.1242,2.9301,2.9945,1000479.07273843
2020-01-12,2.9887,3.215,2.9305,3.215,886336.04199313
2020-01-13,3.2085,3.21071646,3.0651,3.107,456611.94919276
2020-01-14,3.1062,4.0596,3.10537013,3.7923,4634419.7091799
2020-01-15,3.79,3.94,3.5687,3.7647,2081761.02390853
2020-01-16,3.7638,3.9485,3.5216,3.83674777,1261199.92757475
2020-01-17,3.8377,4.0623,3.7334,3.8961,1969097.48934903
2020-01-18,3.8882,3.99756889,3.7,3.7979,1603018.03009126
2020-01-19,3.7941,3.9324,3.4207,3.6111,2011766.41555072
2020-01-20,3.6126,3.7001,3.4857,3.61352332,756543.00099368
2020-01-21,3.6191,3.6852,3.5561,3.65372678,630589.20827683
2020-01-22,3.6489,3.7442,3.5824,3.6443,568487.72285947
2020-01-23,3.6481,3.6481,3.4948,3.5749,561477.19742855
2020-01-24,3.57,3.7049,3.3555,3.6329,1205758.3295191
2020-01-25,3.6297,3.6355,3.49030923,3.49626295,544397.27424448
2020-01-26,3.4951,3.667,3.433,3.65,690108.58163737
2020-01-27,3.6496,4.06,3.6496,3.965,1909635.38647585
2020-01-28,3.9693,4.1307,3.8804,4.0474,1249412.23455336
2020-01-29,4.0517,4.1278,3.9573,3.9639,1177529.42120376
2020-01-30,3.9638,4.3918,3.8932,4.3229,1996124.04928811
2020-01-31,4.32099654,4.3696,4.02721661,4.1579,1799405.46561734
2020-02-01,4.1596,4.2731,4.0821,4.164,493492.53951269
2020-02-02,4.1578,4.3458,4.05,4.2263,1508583.62076888
2020-02-03,4.2269,4.3811,4.1336,4.2095,1412083.21778443
2020-02-04,4.2188,4.2683,4.07,4.238,735683.50588206
2020-02-05,4.23014117,4.588,4.1728,4.5338,2142438.24556658
2020-02-06,4.5346,4.6657,4.4285,4.5855,1302816.51190609
2020-02-07,4.5854,4.6945,4.503,4.5891,809310.02317574
2020-02-08,4.589,4.8493,4.4338,4.756,1286338.07467175
2020-02-09,4.7556,5.0345,4.7532,5.0037,963375.31903099
2020-02-10,5.0022,5.0328,4.734,4.897,803653.80668474
2020-02-11,4.9074,5.3,4.7927,5.2569,875215.43752811
2020-02-12,5.2556,5.459,5.2556,5.3331,1596008.89247392
2020-02-13,5.3330483,5.4861,5.17,5.3555,1574927.52975015
2020-02-14,5.3555,5.4234,5.2173,5.36,1548566.6561298
2020-02-15,5.36,5.3872,4.506,4.75,3626416.45796613
2020-02-16,4.75,4.85,4.05,4.385,3883629.55441661
2020-02-17,4.3849,4.4147,4.0299,4.3549,2647634.00730828
2020-02-18,4.362,4.6667,4.259,4.5908,2192510.16739594
2020-02-19,4.5908,4.6134,3.6253,3.9719,5246685.5047244
2020-02-20,3.9681,4.0744,3.7818,4.002,3465362.09861554
2020-02-21,4.0002,4.1929,3.9503,4.0447,1670708.91637001
2020-02-22,4.0489,4.1679,3.9765,4.1217,798577.86924085
2020-02-23,4.1106,4.4108,4.0925,4.3994,1703892.3305168601
2020-02-24,4.3959,4.4124,3.9108,4.1278,1619029.96125382
2020-02-25,4.1363,4.243,3.8947,4.0845,2143911.1512883
2020-02-26,4.0711,4.1114,3.3285,3.5377,5626495.52877256
2020-02-27,3.5357,3.7399,3.39,3.6174,2493520.49361817
2020-02-28,3.6213,3.6812,3.3535,3.5287,1681307.45831756
2020-02-29,3.5306,3.6687,3.5165,3.5233,667325.05869755
2020-03-01,3.5324,3.66,3.4316,3.5315,1236494.84184802
2020-03-02,3.5128,3.7731,3.5017,3.7257,1531729.70591805
2020-03-03,3.7294,3.7299,3.5678,3.6405,1062913.92539571
2020-03-04,3.637,3.6845,3.5328,3.6052,778163.16480645
2020-03-05,3.607,3.8492,3.607,3.7779858,1359996.01566592
2020-03-06,3.7795,3.8810624,3.7226,3.852,619557.7556989
2020-03-07,3.8544,3.8626,3.6295,3.6566,923715.7807284
2020-03-08,3.648,3.648,2.9938,3.0552,4464663.73210739
2020-03-09,3.0604,3.18016203,2.8601,3.0713,3138290.49690929
2020-03-10,3.0727,3.1673,3.00088694,3.0816,1840137.48515849
2020-03-11,3.0782,3.1204,2.858,3.0827,1061752.08011026
2020-03-12,3.0838,3.0969,1.69,1.782,23766443.85535669
2020-03-13,1.7783,2.2494,1.42,2.1243,17058519.68014592
2020-03-14,2.1239,2.1385,1.9468,1.9773,2788327.79651028
2020-03-15,1.9756,2.16,1.955,2.0526,2081878.63237723
2020-03-16,2.0518,2.0577,1.7213,1.9038,3520436.90539502
2020-03-17,1.9068,2.0442,1.88078746,1.97815147,1602498.8255320601
2020-03-18,1.9755,2.0149,1.8772,2.0086,1325875.1874837
2020-03-19,2.0094,2.4,1.9747,2.2849,3171091.8508117
2020-03-20,2.2838,2.5258,1.89,2.20469475,4456103.99287029
2020-03-21,2.1998,2.3667,2.1118,2.2776,1532772.90937406
2020-03-22,2.2795,2.395,2.0984,2.1356,1764062.79017707
2020-03-23,2.136,2.355,2.0632,2.2962,1767087.18129959
2020-03-24,2.2982,2.382,2.2820825,2.34967362,834411.57961814
2020-03-25,2.34535079,2.374,2.22714208,2.29647526,882633.9782317
2020-03-26,2.2993,2.342,2.2654754,2.3303,677006.77167242
2020-03-27,2.33141103,2.3733,2.1461,2.19373671,2209150.18142255
2020-03-28,2.19239668,2.2449,2.0905,2.2064,1982860.85976988
2020-03-29,2.2124808,2.2192,2.10223346,2.1232,709384.53322818
2020-03-30,2.1214,2.28519377,2.1158,2.23312802,901811.64288864
2020-03-31,2.2298,2.2614,2.186,2.21590609,496261.5185926
2020-04-01,2.2152,2.31435814,2.1417,2.26870413,1095876.51326173
2020-04-02,2.2696,2.5315,2.25337273,2.2987,2893280.74683081
2020-04-03,2.2955,2.3883,2.27198966,2.3342,1131823.4404754
2020-04-04,2.3363,2.40724452,2.2893,2.3654,598713.42691414
2020-04-05,2.3632,2.39308998,2.32,2.35521048,576945.66570076
2020-04-06,2.35607498,2.7757,2.354,2.7687,2549859.71471413
2020-04-07,2.7648,2.8319,2.5568,2.6359,2111334.2235042
2020-04-08,2.6377,2.7979,2.5891,2.7436,1594492.48912977
2020-04-09,2.7433,2.7599,2.6766,2.7298,446937.02253665
2020-04-10,2.73046603,2.744,2.4157,2.49330414,3395704.40708539
2020-04-11,2.496,2.54928355,2.4289,2.5122,692265.96627168
2020-04-12,2.5099,2.5962,2.4582,2.5029,833508.61924491
2020-04-13,2.5021,2.5021,2.3314,2.4431,1948380.08434908
2020-04-14,2.4477,2.5077,2.4149,2.4617,422725.35710611
2020-04-15,2.45453696,2.5006,2.3959,2.40635065,608271.8307884
2020-04-16,2.4057,2.738,2.3371,2.6605,2574576.30052786
2020-04-17,2.663,2.6784,2.58545569,2.6231,607188.901907
2020-04-18,2.6212,2.7704,2.61636343,2.7377,575763.11411535
2020-04-19,2.7335,2.7411,2.5366,2.6045,1109399.81225307
2020-04-20,2.6016,2.7099,2.4403,2.5108,1836211.7200158
2020-04-21,2.5045,2.5729,2.4844,2.52305408,722595.3689267
2020-04-22,2.5235,2.66073207,2.5098,2.6268,912567.18193769
2020-04-23,2.6269,2.77636323,2.586,2.6806,1356280.76805651
2020-04-24,2.6925,2.7452,2.66939409,2.7094,776054.51293039
2020-04-25,2.70280799,2.805,2.65145449,2.6981545,966845.9531923
2020-04-26,2.6956,2.77902814,2.6741,2.7431,381736.34141535
2020-04-27,2.73994623,2.8181,2.67824449,2.7431,1072703.22490344
2020-04-28,2.7423,2.78,2.6893,2.7662,711790.34420937
2020-04-29,2.766,3.0952,2.748,3.0025,2780779.93828048
2020-04-30,2.99957473,3.1104,2.7408,2.8263,2490965.46049797
2020-05-01,2.8291,2.9327,2.8234,2.87233457,977630.22128384
2020-05-02,2.8695,2.9495,2.8571,2.9417,659282.7705074
2020-05-03,2.9423184,3.0136,2.7678,2.8379,1120801.36113761
2020-05-04,2.83977063,2.84661299,2.6274,2.7693,1475204.30020411
2020-05-05,2.76900597,2.8283,2.7049,2.7694,693369.34660812
2020-05-06,2.7714,2.82109496,2.6108,2.6573,894500.06296093
2020-05-07,2.6509,2.7961,2.5888,2.76056004,1396650.1179376
2020-05-08,2.7676,2.8249,2.70016584,2.75,1066255.80582372
2020-05-09,2.7507,2.8343,2.7328,2.75144812,743566.74114817
2020-05-10,2.7497,2.7506,2.2606,2.4471,3621377.24469499
2020-05-11,2.44693132,2.4917,2.2697,2.4011,1519999.2088013
2020-05-12,2.3989,2.4654513,2.3948,2.4373,643228.79292287
2020-05-13,2.43436775,2.56,2.4206,2.5261,682028.52135817
2020-05-14,2.5249,2.65191938,2.4687,2.6261,997207.82479945
2020-05-15,2.62622989,2.6627,2.53606322,2.58084274,852609.41089016
2020-05-16,2.5832,2.6863,2.57045401,2.6324,541294.03880935
2020-05-17,2.6324,2.6764,2.5914,2.6179,1001672.23898165
2020-05-18,2.6165,2.7563,2.605,2.6618,1105905.47762727
2020-05-19,2.659,2.66330834,2.5705,2.6516,529212.03424803
2020-05-20,2.65151474,2.6766,2.53,2.59343434,779834.37542386
2020-05-21,2.5907,2.61186434,2.40594585,2.45650341,817188.93933919
2020-05-22,2.4588,2.6335,2.4395,2.587561,743232.26512016
2020-05-23,2.5934,2.62036115,2.5457,2.56649048,211217.3722651
2020-05-24,2.56038368,2.6078,2.4877,2.4877,478087.41715622
2020-05-25,2.4877,2.5461,2.45,2.5249,353729.9898438
2020-05-26,2.5261,2.5334,2.46,2.507,300483.91345969
2020-05-27,2.50662065,2.5811,2.5047,2.56885058,403677.41570281
2020-05-28,2.5716,2.62694249,2.5202,2.61460858,482306.18043572997
2020-05-29,2.6157,2.6747,2.5909,2.6153,725157.28653387
2020-05-30,2.6183,2.7871,2.6016,2.7735,2903225.61979317
2020-05-31,2.7743,2.7743,2.6479,2.6766,1111414.68101921
2020-06-01,2.67221062,2.8375,2.665,2.824,799211.41934807
2020-06-02,2.829,2.9,2.591,2.67622648,2508526.77242749
2020-06-03,2.67466052,2.7072,2.6329,2.6927,719623.72363511
2020-06-04,2.6985,2.7476,2.6651,2.7223,611956.43541843
2020-06-05,2.7219,2.865,2.7082,2.8153,703033.06632813
2020-06-06,2.8125,2.8455,2.769,2.7975,656731.63726069
2020-06-07,2.7948,2.8253,2.7329,2.8103,579390.01517985
2020-06-08,2.8114,2.8181,2.7542,2.7834,251330.53790579
2020-06-09,2.7934,2.8028,2.6867,2.7541,770465.27679301
2020-06-10,2.7542,2.7844,2.70987469,2.76427423,425766.58173868
2020-06-11,2.76430956,2.7772,2.425,2.5193,1789776.16050643
2020-06-12,2.5132,2.6199,2.4891,2.5981,518182.71681706
2020-06-13,2.597,2.6209,2.5549,2.6063,189413.65265861
2020-06-14,2.6105,2.6105,2.5252,2.5691,403837.07642088
2020-06-15,2.5703,2.5703,2.4208,2.5347,790694.78455157
2020-06-16,2.535,2.5652,2.5219,2.5561,375559.54236923
2020-06-17,2.5564,2.6088,2.52038423,2.5728,668811.30763242
2020-06-18,2.5728,2.5767,2.5,2.5423,304097.29261222
2020-06-19,2.5354,2.55,2.5034,2.5256,276828.66971549
2020-06-20,2.52712706,2.56,2.4563,2.5387,674247.35443168
2020-06-21,2.54,2.5601,2.514,2.5166,329005.77824357
2020-06-22,2.5134,2.61457864,2.5134,2.5913,855052.38865471
2020-06-23,2.5913,2.6038,2.5581,2.5742,420065.49982589
2020-06-24,2.5762,2.60330626,2.46,2.5023,1087908.40629817
2020-06-25,2.5045,2.5332,2.4346,2.4824,408839.19920758
2020-06-26,2.4825,2.5178,2.3889,2.4839,586137.39722658
2020-06-27,2.4825,2.4839,2.1926,2.33324097,1096785.39260566
2020-06-28,2.3333,2.4048,2.3093,2.3697,325521.94083444
2020-06-29,2.3681,2.4166,2.3246,2.3802,335380.60127763
2020-06-30,2.3821,2.3906,2.3462,2.3699,189384.3898595
2020-07-01,2.3706,2.4067,2.3592,2.3788,271622.61276887
2020-07-02,2.3787,2.3893,2.3087,2.3619,702640.50063075
2020-07-03,2.36200386,2.4556,2.3544,2.4201,647446.78824741
2020-07-04,2.421,2.498,2.421,2.4611,541125.20746119
2020-07-05,2.4628,2.4721,2.325,2.41124449,492422.84075984
2020-07-06,2.41003612,2.64,2.4034,2.6164,2142516.52077622
2020-07-07,2.6164,2.6308,2.5264,2.5605,528707.47424293
2020-07-08,2.56288256,2.7088,2.5469,2.6858,1092179.30894441
2020-07-09,2.68314612,2.7296,2.5833,2.6523,1079437.3749949
2020-07-10,2.645,2.64965221,2.5752,2.6259,417953.42274051
2020-07-11,2.626,2.64,2.5941,2.62348816,177853.04092189
2020-07-12,2.6264,2.6646,2.5679,2.6215,641347.61810951
2020-07-13,2.6234,2.651,2.4427,2.5564,1433382.84288546
2020-07-14,2.54680657,2.5791,2.5057,2.5609,304732.33582959
2020-07-15,2.5595,2.567,2.509,2.5433,466041.0463335
2020-07-16,2.5345,2.5573,2.4314,2.5045,716283.70496617
2020-07-17,2.5039,2.5233,2.4767,2.4991,195601.54364461
2020-07-18,2.5063,2.5213,2.4862,2.5054,154208.03324637
2020-07-19,2.5075,2.6132412,2.4714,2.5871,619600.98239556
2020-07-20,2.59,2.6196,2.5402,2.5685,589233.75419694
2020-07-21,2.5675,2.6383,2.5618,2.6271,580397.6197534
2020-07-22,2.6278,2.6738,2.5857,2.6684,934272.27158868
2020-07-23,2.668,2.6951,2.6323,2.6565,1132012.94421033
2020-07-24,2.6528,2.6528,2.56723143,2.6,599602.14840483
2020-07-25,2.6008,2.7516,2.6003,2.7306,901987.01295847
2020-07-26,2.7327,2.8141,2.68578353,2.7164,1321314.35819368
2020-07-27,2.71715129,2.9351,2.6445,2.8549,3269130.21330293
2020-07-28,2.86,3.0799,2.783,3.0047843,2462485.00810901
2020-07-29,3.0054,3.1603,2.956,3.0292,1740066.10300839
2020-07-30,3.0268,3.1066,2.9638,3.054,826656.80051574
2020-07-31,3.0536,3.1481,3.0162951,3.095,839901.49348884
2020-08-01,3.0977,3.3347,3.072,3.3057,2147538.88379973
2020-08-02,3.3017,3.4852,2.4884,2.9409,6232438.83534292
2020-08-03,2.9409,3.1185,2.9022,3.0463,1204563.26855238
2020-08-04,3.05,3.0987,2.9488,3.0339,909740.61788873
2020-08-05,3.0295,3.0986,3.0015,3.051,913803.35452182
2020-08-06,3.0557,3.1789,3.0001,3.0878,1407622.13585829
2020-08-07,3.0859,3.245,2.7496,3.0074,2418599.92043136
2020-08-08,3.00945404,3.0875,2.9726,3.0663,509013.18614711
2020-08-09,3.0645,3.0821,2.9318,3.0277,832486.97695053
2020-08-10,3.0284,3.2966,2.9992,3.2377,1853058.73761361
2020-08-11,3.2402,3.295,2.86036155,3.0037,2363021.70521235
2020-08-12,3.0047,3.0483,2.8901,3.0143,660994.90739763
2020-08-13,3.0143,3.1503,2.919,3.143,1336136.35608801
2020-08-14,3.1447,3.2992,3.092484,3.2607,1776896.57036933
2020-08-15,3.2623,3.8523,3.2623,3.7172,3862413.0973004
2020-08-16,3.727,3.95,3.51,3.8889,2775577.88369648
2020-08-17,3.8859,3.9239,3.674,3.7849,2193406.48998367
2020-08-18,3.7823,3.8267,3.5116,3.5837,1625937.73330391
2020-08-19,3.581,3.637,3.2214,3.3511,2677833.94309195
2020-08-20,3.35677537,3.46701531,3.3562,3.4432,1372621.1993647
2020-08-21,3.4484,3.631,3.2177,3.2458,3206866.79726184
2020-08-22,3.2541,3.3831,3.1686,3.3673,500665.27807682
2020-08-23,3.3704,3.39,3.2303,3.3252,565056.91771482
2020-08-24,3.3287,3.4275,3.2892,3.3886,601765.70609978
2020-08-25,3.3877,3.3936,2.956,3.1266,3664795.83906127
2020-08-26,3.1247,3.17,3.0666,3.1219,591086.88179553
2020-08-27,3.1195,3.1501,2.8577,2.9828,1670636.69242732
2020-08-28,2.9838,3.18,2.9464,3.1199,683156.82951348
2020-08-29,3.1193,3.2107,3.0891,3.1341,1282325.45683399
2020-08-30,3.1342,3.277,3.1342,3.2671,933201.74135142
2020-08-31,3.2684,3.30117788,3.1987,3.2125,414376.17404498
2020-09-01,3.2123,3.5561,3.1542,3.48,1764914.12019556
2020-09-02,3.47825569,3.5011,2.8838,3.106,3425499.09359524
2020-09-03,3.1055,3.1598,2.4778,2.6191,4051957.70971374
2020-09-04,2.6138,3.2453,2.5841,3.0074,4475094.6125998
2020-09-05,3.0049,3.1605,2.7824,2.9359,3670263.45061259
2020-09-06,2.9465,3.0299,2.8217,2.9081,562218.82421482
2020-09-07,2.9075,2.9453,2.6727,2.8595,1625683.07665203
2020-09-08,2.8608,2.86862336,2.6772,2.769,729228.92442643
2020-09-09,2.7692,2.8198,2.7036,2.7553,260436.23778878
2020-09-10,2.7607,2.8512,2.7487,2.7825,850405.41825197
2020-09-11,2.7802,2.8237,2.7204,2.7889,1026060.25074647
2020-09-12,2.7896,2.833,2.74340687,2.8089,727955.42044961
2020-09-13,2.8107,2.8304,2.6762,2.7192,897329.28072482
2020-09-14,2.7248,2.768,2.6914,2.7317,553734.5655413
2020-09-15,2.7352,2.78803719,2.69867235,2.7084,1715591.70156521
2020-09-16,2.7087,2.759,2.5828,2.7199,1301364.30126541
2020-09-17,2.7159,2.786,2.7002,2.7433,792959.92787006
2020-09-18,2.7442,2.7576,2.6578,2.6962,972807.44122089
2020-09-19,2.697,2.7427,2.6855,2.7069,322329.29969188
2020-09-20,2.7041,2.7042,2.6284,2.6747,238987.47709816
2020-09-21,2.669,2.6928,2.4944,2.5102,765185.4904968
2020-09-22,2.5119,2.5913,2.49,2.5758,245478.51776606
2020-09-23,2.57342396,2.5824,2.3925,2.4442,661121.15298918
2020-09-24,2.4467,2.5654,2.4299,2.537,333331.09099994
2020-09-25,2.5382,2.566,2.4671,2.5488,621655.3919865
2020-09-26,2.5529,2.611,2.5117,2.5708,443511.86407498
2020-09-27,2.5738,2.607,2.5296,2.595,241053.72342828
2020-09-28,2.5983,2.6382,2.5581,2.5664,458609.66359198
2020-09-29,2.564,2.6072,2.5582,2.605,218623.14431144
2020-09-30,2.604,2.604,2.56083924,2.5798,188894.86868521
2020-10-01,2.5837,2.631,2.4883,2.5501,1139222.47777219
2020-10-02,2.5478,2.5618,2.4205,2.4811,983437.33271517
2020-10-03,2.4851,2.5057,2.4735,2.4819,108456.24355155
2020-10-04,2.4773,2.5388,2.4701,2.5196,314790.21975862
2020-10-05,2.5206,2.5416,2.495699,2.53,261444.67282545
2020-10-06,2.532,2.9778,2.4899,2.6962,5155642.64008171
2020-10-07,2.6987,2.7182,2.5932,2.649,1222599.19782136
2020-10-08,2.6523,2.66,2.4901,2.6103,2063725.51898683
2020-10-09,2.6086,2.6612,2.586,2.648,467781.62751729
2020-10-10,2.6459,2.7245,2.6378,2.6418,887971.54580747
2020-10-11,2.6457,2.6906896,2.6151,2.66149332,467579.00148666
2020-10-12,2.6614,2.6888,2.6128,2.65,624627.49130076
2020-10-13,2.6509,2.6671,2.61616322,2.6421,264738.77490625
2020-10-14,2.643,2.65504188,2.5771,2.614,365350.805382
2020-10-15,2.6114,2.6319,2.58677662,2.5979,704393.03306572
2020-10-16,2.5957,2.6127,2.4935,2.5387,980403.23013184
2020-10-17,2.5408,2.552,2.509,2.5259,179176.51896088
2020-10-18,2.5239,2.55949167,2.5225,2.548,128028.03813708
2020-10-19,2.5489,2.6133,2.5272,2.5847,380597.94625247
2020-10-20,2.5798,2.5862,2.505,2.5287,257219.63614279
2020-10-21,2.5284,2.6597,2.5265,2.6142,1221441.32523205
2020-10-22,2.613,2.7085,2.6097,2.67041129,699497.00528133
2020-10-23,2.669,2.6851,2.6012,2.6411,380996.70968142
2020-10-24,2.64117018,2.6715,2.6161,2.6628,192929.71331448999
2020-10-25,2.6618,2.74,2.6229,2.7084,492714.14572725
2020-10-26,2.7111,2.75,2.5947,2.6329,667158.3208639
2020-10-27,2.6306,2.699,2.6284,2.6715,429276.26073215
2020-10-28,2.6713,2.7561,2.62067752,2.6536,873576.55100757
2020-10-29,2.6524,2.6777,2.6024,2.6358,422189.96035222
2020-10-30,2.6383,2.646,2.3948,2.5094,2028064.33327406
2020-10-31,2.5106,2.5651,2.5006,2.52572602,1015363.54932094
2020-11-01,2.527,2.5403,2.46,2.5174,369525.19725474
2020-11-02,2.52,2.5526,2.4067,2.4345,756590.69601786
2020-11-03,2.4339,2.4433,2.2225,2.3682,1904967.05504705
2020-11-04,2.3681,2.37552201,2.2912,2.3528,680059.92524234
2020-11-05,2.3532,2.49141899,2.353,2.43865837,1409366.24533831
2020-11-06,2.44572442,2.54372435,2.4365,2.5301,1485855.85167062
2020-11-07,2.533,2.6246,2.4571,2.5014,1493220.38143879
2020-11-08,2.4962,2.5636,2.4907,2.5409,443913.39678914
2020-11-09,2.538,2.5599,2.4627,2.4988,709570.64324277
2020-11-10,2.4971,2.5278,2.4794,2.4987,283721.18192207
2020-11-11,2.502,2.54077487,2.4914,2.5019,415552.25654333
2020-11-12,2.4999,2.50491275,2.434,2.4607,519771.2728643
2020-11-13,2.46461252,2.6429,2.4559,2.5967,1130403.79396231
2020-11-14,2.6011,2.6055,2.4937,2.5375,783114.48054355
2020-11-15,2.5357,2.54718384,2.4679,2.4976,516728.22729781
2020-11-16,2.4954,2.6085,2.4875,2.5827,1003487.51415588
2020-11-17,2.5825,2.755,2.5769,2.7183,2539830.29426582
2020-11-18,2.71823689,2.73299368,2.4409,2.6387,2752932.81996008
2020-11-19,2.6382,2.7,2.5603,2.637,1103794.17284903
2020-11-20,2.6379,2.8285,2.6379,2.7815,2123401.23388608
2020-11-21,2.7804,3.251,2.69039102,3.2195,5066085.32449666
2020-11-22,3.22631132,3.2945,2.9009,3.0608,3224269.71310527
2020-11-23,3.0609,3.3952,2.9944,3.3724,3766231.66856754
2020-11-24,3.3737,3.77,3.3281,3.5906,8259485.59992423
2020-11-25,3.5935,3.89,3.3002,3.4248,6101549.27879676
2020-11-26,3.4248,3.5275,2.7126,2.9609,9159317.23403946
2020-11-27,2.9618,3.0356,2.7621,2.8777,2629507.0190437
2020-11-28,2.8804,3.076,2.83,3.0001,1943252.47357108
2020-11-29,2.99763835,3.1,2.9052,3.0334,1208334.72127657
2020-11-30,3.0335,3.2845,2.9994,3.262,3383938.9561156
2020-12-01,3.2633,3.34,2.9108,3.001,3824731.43144797
2020-12-02,2.9961,3.09,2.9676,3.0622,674234.71216804
2020-12-03,3.0587,3.139,3.01280381,3.0852,627165.21179522
2020-12-04,3.081,3.15250507,2.7887,2.8461,1515380.04986434
2020-12-05,2.8449,3.0121,2.8236,3.0121,470059.31246166
2020-12-06,3.0112,3.0347,2.912,2.9977,320391.42138136
2020-12-07,3.0026,3.0099,2.9084,2.9538,402784.25467884
2020-12-08,2.9526,2.9648,2.7442,2.8022,1174654.57468002
2020-12-09,2.8001,2.916,2.6702,2.8119,3629226.2281863
2020-12-10,2.8121,2.8142,2.7039,2.7444,550264.47055387
2020-12-11,2.7459,2.7492,2.6545,2.6961,3026931.85032162
2020-12-12,2.6969,2.7898,2.6802,2.7666,508919.55773783
2020-12-13,2.7723,2.903,2.7552,2.8531,1640165.2425383
2020-12-14,2.8504,2.8656,2.8004,2.845,573750.7677129
2020-12-15,2.8475,2.9056,2.8093,2.866,1104279.4457923
2020-12-16,2.867,3.1099,2.8204,3.0992,2300612.37189747
2020-12-17,3.1013,3.2464,2.95171183,3.0416,12745129.29950783
2020-12-18,3.042,3.13,2.9779,3.0645,1196795.53587625
2020-12-19,3.0638,3.1251,3.0296,3.05407887,769218.26926776
2020-12-20,3.0511,3.32864689,3.0032,3.1303,3978105.07617283
2020-12-21,3.1241,3.27,2.8977,2.927,4093804.89948441
2020-12-22,2.9294,2.952,2.7637,2.8972,1511573.5911441
2020-12-23,2.8947,2.9127,1.9331,2.3111,11351368.35444085
2020-12-24,2.3089,2.6887,2.25,2.6686,7425668.45285275
2020-12-25,2.6694,2.7448,2.5419,2.668,4814666.42275449
2020-12-26,2.66685296,2.6946,2.5239,2.60735112,2345616.21953531
2020-12-27,2.6064,2.8662,2.4617,2.7106,3869768.09954534
2020-12-28,2.71640498,2.89,2.6837,2.764,1924043.07607991
2020-12-29,2.7621,2.7875,2.4981,2.632,2089375.2424395
2020-12-30,2.6319,2.6665,2.5371,2.6122,1461806.28322663
2020-12-31,2.6125,2.6537,2.5069,2.5914,2343861.95922224
2021-01-01,2.59762629,2.7331,2.5673,2.6411,2366825.32855736
2021-01-02,2.638,2.7227,2.559,2.6322,3092885.17211864
2021-01-03,2.6321,2.8566,2.578,2.7936,3313617.37415584
2021-01-04,2.7962,3.12,2.6,2.8203,8882322.43157614
2021-01-05,2.8203,2.9571,2.7102,2.891,2226941.73909072
2021-01-06,2.891,3.4596,2.8494,3.3711,8300884.51516277
2021-01-07,3.3817,3.4558,3.0423,3.1895,6232484.17611306
2021-01-08,3.1939,3.2645,2.8934,3.1112,4163680.01571338
2021-01-09,3.1041,3.74,3.0108,3.6239,5761260.53777491
2021-01-10,3.6239,3.92,2.8529,3.0605,17015367.22891604
2021-01-11,3.0681,3.0702,2.3895,2.66623703,9778086.29387855
2021-01-12,2.67,2.7724,2.5332,2.5968,2037173.19238125
2021-01-13,2.5984,2.791,2.5272,2.7663,2791400.46062512
2021-01-14,2.7763,2.85516597,2.6886,2.811,1996949.83909856
2021-01-15,2.8072,2.9322,2.5804,2.7589,2399072.57084792
2021-01-16,2.7609,2.8849,2.7041,2.77913001,2724571.40426054
2021-01-17,2.7801,2.809,2.6849,2.7687,919814.87605989
2021-01-18,2.7711,2.8438,2.7068,2.8186,924143.73214249
2021-01-19,2.8187,2.9365,2.7874,2.7948,1774133.10994417
2021-01-20,2.7894,2.8261,2.6553,2.7742,1454043.0363594
2021-01-21,2.7841,2.7860799,2.4971,2.5455,1439739.8628176
2021-01-22,2.5472,2.68,2.4255,2.6312,1584720.811265
2021-01-23,2.6196,2.7861,2.5801,2.7044,1240814.08336013
2021-01-24,2.7042,2.7776,2.6521,2.7194,1406452.94898444
2021-01-25,2.7193,2.7708,2.632,2.6497,1971507.30552664
2021-01-26,2.6458,2.6744,2.5558,2.6304,1002266.32075965
2021-01-27,2.6279,2.6285,2.4664,2.5041,1066775.10379327
2021-01-28,2.5047,2.8,2.484,2.7051,2463059.70966813
2021-01-29,2.7085,2.91,2.6513,2.72729589,3215628.87083543
2021-01-30,2.73385014,3.099,2.68772765,2.9329,4947886.59536721
2021-01-31,2.9333,3.0744,2.80497588,2.9307,4342839.19719623
2021-02-01,2.9353,3.279,2.8926,3.0608,5658713.06819504
2021-02-02,3.0571,3.0823,2.9613,3.0066,1441844.35231063
2021-02-03,3.0044,3.1483,2.99117203,3.0694,2050583.48116201
2021-02-04,3.07,3.15189957,2.9869,3.0271,2050544.18293718
2021-02-05,3.0232,3.3764,3.0132,3.3125,4837776.75766465
2021-02-06,3.3115,3.32738926,3.1345,3.2145,2413808.4914028
2021-02-07,3.2096,3.6,3.0303,3.4424,8752680.38538305
2021-02-08,3.4418,3.6079,3.35,3.6079,3903054.36962476
2021-02-09,3.608,4.3115,3.4824,4.1722,9097111.99407632
2021-02-10,4.1722,4.5336,3.6577,4.1302,12520984.26873949
2021-02-11,4.1326,4.6784,4.0053,4.5811,7778059.69450763
2021-02-12,4.581,4.8387,4.2284,4.75382303,5944393.4039276
2021-02-13,4.7642,5.5625,4.4803,5.5625,10676902.30145209
2021-02-14,5.5501,5.6118,4.87,5.0665,8217582.74801631
2021-02-15,5.0725,5.2413,4.1,4.7098,11835204.89358608
2021-02-16,4.7207,4.9739,4.401,4.6504,6508311.74452669
2021-02-17,4.6636,4.8932,4.4234,4.8384,3805777.1455021
2021-02-18,4.84,4.987,4.661,4.819,3403188.22882714
2021-02-19,4.8203,5.3713,4.6351,5.2286,5759038.43814032
2021-02-20,5.2272,5.44,4.4797,4.8303,7630825.84569174
2021-02-21,4.8356,5.3637,4.7284,5.0936,3605743.90219475
2021-02-22,5.0999,5.3059,4.11,4.682,12632914.27784267
2021-02-23,4.6897,4.7135,3.1784,3.8493,21607937.09755565
2021-02-24,3.8522,4.1396,3.6752,3.8909,3502418.1120306
2021-02-25,3.8862,4.0958,3.624,3.6749,3273662.05207208
2021-02-26,3.6709,3.76658787,3.3954,3.549,4879941.12211311
2021-02-27,3.5509,3.83977421,3.54304189,3.6771,2931048.45633049
2021-02-28,3.6656,3.701,3.2571,3.48373289,3547867.07383599
2021-03-01,3.48748079,3.759,3.4596,3.7025,1466432.43522811
2021-03-02,3.7071,3.8459,3.5672,3.6722,1653978.12035345
2021-03-03,3.6694,4.0637,3.6493,3.83169516,2564306.5670986
2021-03-04,3.8243,3.9286,3.6397,3.7547,2310253.68345223
2021-03-05,3.75253512,3.7562,3.5591,3.705,2708911.63163113
2021-03-06,3.7087,3.77418521,3.6003,3.7213,684081.20306895
2021-03-07,3.7242,3.8467,3.7131,3.8373,626220.04769914
2021-03-08,3.83458107,3.9279,3.7364,3.896,1127289.47847309
2021-03-09,3.896,4.1866,3.8514,4.1698,2056998.12923506
2021-03-10,4.1783,4.1887,3.8957,3.995,1761877.95685265
2021-03-11,4.0045,4.0488,3.8175,3.9562,1471185.91199843
2021-03-12,3.961,3.995,3.6825,3.7908,3241858.40361169
2021-03-13,3.791,4.3903,3.6859,4.2844,3516226.13147525
2021-03-14,4.284,4.3896,3.9247,3.9247,2818403.43288095
2021-03-15,3.9241,4.0317,3.71360222,3.8191,3765882.34619193
2021-03-16,3.8289,4.13,3.6748,4.0653,3680417.90140917
2021-03-17,4.0655,4.0862,3.8474,4.083,1311412.92664655
2021-03-18,4.0863,4.3257,4.0597,4.1418,2472878.46419152
2021-03-19,4.1408,4.2691,4.02671446,4.1438,1474747.11382572
2021-03-20,4.1429,4.5014,4.1261,4.3278,2871719.37276809
2021-03-21,4.3267,4.4136,4.1151,4.1563,2296519.61111047
2021-03-22,4.1575,4.34813763,4.0,4.0777,2124961.4448578
2021-03-23,4.0799,4.2641,4.0345,4.0873,1603043.97938443
2021-03-24,4.0866,4.3062,3.4448,3.6973,5216905.77114967
2021-03-25,3.6967,3.7808,3.53,3.6798,1973375.90852108
2021-03-26,3.6791,4.1964,3.6791,4.1822,2223655.67913584
2021-03-27,4.1828,4.1987,3.9803,4.0945,676548.02352147
2021-03-28,4.0941,4.2181,4.0381,4.1151,1065008.31623067
2021-03-29,4.1109,4.3233,4.067,4.27968771,2704927.65204638
2021-03-30,4.2813,4.4167,4.2087,4.3491,2107001.26349444
2021-03-31,4.3505,4.9023,4.0725,4.8009,5426955.52571584
2021-04-01,4.81,5.9739,4.711,5.5928,8235212.73857139
2021-04-02,5.595,6.3548,5.3695,6.2531,4841913.11881739
2021-04-03,6.2652,6.477,5.2085,5.4117,5265977.75684064
2021-04-04,5.3819,6.3005,5.3255,6.2892,3213201.43553808
2021-04-05,6.2985,7.0637,5.8394,6.6995,5160255.00991865
2021-04-06,6.7005,7.08528917,6.1878,6.6374,4946762.28794013
2021-04-07,6.6518,7.0452,5.73,5.8879,7292332.90625962
2021-04-08,5.8933,6.468,5.8053,6.44444193,2614291.96699806
2021-04-09,6.4466,6.6,6.0773,6.1953,2145888.42971441
2021-04-10,6.2171,6.7621,6.1506,6.6213,3018005.76177736
2021-04-11,6.6222,7.0671,6.5608,6.7333,2081198.36587257
2021-04-12,6.7569,6.8776,6.2762,6.4737,2966974.25468765
2021-04-13,6.489,7.5148,6.4197,7.3802,4522207.60763437
2021-04-14,7.3894,8.0634,7.0195,7.66190737,6816500.35441284
2021-04-15,7.6637,7.919,7.2792,7.8797,2496274.41569192
2021-04-16,7.8918,8.7269,7.0653,8.5031,9657871.18056352
2021-04-17,8.4968,8.829,7.5918,7.7821,4297056.23803287
2021-04-18,7.7697,7.9247,5.77,7.2883,8738585.87562945
2021-04-19,7.2915,7.49692091,6.4816,6.5973,4693646.60996286
2021-04-20,6.6047,6.851,6.0661,6.7001,2992081.11816998
2021-04-21,6.6967,6.85,6.232,6.3242,1204537.51864677
2021-04-22,6.3181,6.8211,5.5773,5.8569,3246660.98873506
2021-04-23,5.8608,5.99422003,4.4162,5.5781,6078561.79858026
2021-04-24,5.5777,5.591,5.0145,5.0996,1506941.75856273
2021-04-25,5.114,5.4675488,4.6244,5.0066,2603617.85320871
2021-04-26,5.0079,5.9058,4.9378,5.8761,2776920.95299636
2021-04-27,5.874,6.1067,5.75,6.0524,1805771.41773366
2021-04-28,6.0609,6.2229,5.68724123,5.95959618,1617461.51640972
2021-04-29,5.9567,6.0499,5.6128,5.884,1176722.45914912
2021-04-30,5.8975,6.4583,5.7879,6.4389,1812482.26058634
2021-05-01,6.4458,6.6493,6.289,6.6091,1268260.91892498
2021-05-02,6.642,6.6972,6.1821,6.5286,1579699.91333096
2021-05-03,6.525,6.8856,6.5191,6.8065,2044286.60219353
2021-05-04,6.8085,7.0814,6.2117,6.34751583,4985854.68009806
2021-05-05,6.3436,8.84,6.2141,8.7318,10049262.39472512
2021-05-06,8.7272,12.777,8.4197,11.479,10945626.9474673
2021-05-07,11.485,13.235,9.568,10.365,7602641.28537789
2021-05-08,10.37917085,11.195,9.577,10.342,3275414.29796286
2021-05-09,10.363,11.092,9.1275,10.527,3091597.02562745
2021-05-10,10.546,11.049,8.2136,9.25699634,6820597.62809995
2021-05-11,9.2608,14.514,8.7649,14.495,11849522.95076369
2021-05-12,14.527,14.867,10.2,10.382,8757083.80660523
2021-05-13,10.382,11.615,9.4449,10.618,7008628.6173343
2021-05-14,10.615,11.668,10.528,11.177,3119880.99598244
2021-05-15,11.167,11.937,10.134,10.222,3293470.80397239
2021-05-16,10.26468196,11.248,9.4502,10.133,2471269.69638794
2021-05-17,10.158,10.158,8.6605,9.1377,4494422.79187938
2021-05-18,9.1397147,10.023,8.9479198,9.3359,2030811.00136129
2021-05-19,9.3495,9.4799,4.05,5.7042,17736905.51928934
2021-05-20,5.7065,7.0211,5.1194,6.6505,6199448.22760633
2021-05-21,6.64642421,6.927,4.8473,5.5755,6361849.15041718
2021-05-22,5.5622,5.6910787,4.92,5.1129,3036577.95873826
2021-05-23,5.1113,5.3377,3.5844,4.3041,7344348.4413817
2021-05-24,4.2983,5.6543,4.176,5.6543,4677521.54093583
2021-05-25,5.6473,5.9997,5.0695,5.7019,2719032.26766397
2021-05-26,5.7065,6.5087,5.548,6.4386,2319111.69479242
2021-05-27,6.4392,7.6772,6.0478,7.0116,7331296.46405955
2021-05-28,7.0084,7.0709,5.8362,6.121,4389096.20576132
2021-05-29,6.1051,6.8074,5.7373,6.0159,3862742.6718713
2021-05-30,6.0244,6.3698,5.5398,6.0291,2057604.08653038
2021-05-31,6.026,6.679,5.7443,6.6353,2223532.68491257
2021-06-01,6.63592288,6.7543,6.0732,6.29511024,1330869.24305056
2021-06-02,6.31072882,6.5477,6.1242,6.3757,745911.76895227
2021-06-03,6.3703,6.7004,6.2299,6.53163042,1129292.59868318
2021-06-04,6.53562081,6.5425,5.7829,6.02235415,1437345.63711422
2021-06-05,6.0257,6.2216,5.6389,5.782,852132.66536771
2021-06-06,5.7781,5.9488,5.71647622,5.84899714,302598.55257901
2021-06-07,5.8438,5.9612,5.0781,5.18995726,2283562.88909986
2021-06-08,5.1889,5.2575,4.5143,5.0535,2464830.95614361
2021-06-09,5.0529,5.39,4.785,5.3348,1238476.06503879
2021-06-10,5.3355,5.4715,4.9242,5.0728,1226460.89077657
2021-06-11,5.0826,5.3879,4.8591418,4.9213,1849492.01991721
2021-06-12,4.8971,4.9129,4.5791,4.8293,796790.47973507
2021-06-13,4.8458,5.1103,4.6594,5.09120188,668184.25274996
2021-06-14,5.0927,5.3192,4.9542,5.294,680312.75753274
2021-06-15,5.307,5.39232509,5.1016,5.2022,682980.01435955
2021-06-16,5.17947845,5.2299,4.8154,4.8624,647106.13505401
2021-06-17,4.8593,5.08054449,4.7518,4.8669,591416.5133384
2021-06-18,4.8619,4.8846,4.4023,4.56080027,815669.24511695
2021-06-19,4.5654,4.7051,4.45780171,4.473,471987.10529649
2021-06-20,4.46752193,4.5402,4.1129,4.51741577,1675490.24095173
2021-06-21,4.52,4.52971311,3.519,3.5384,2659138.20126613
2021-06-22,3.5332,3.77437608,3.0666,3.3908,4812038.21349946
2021-06-23,3.38926183,3.80733225,3.2611,3.6732,1711788.30293514
2021-06-24,3.67712518,3.92653272,3.5202,3.9216,2109699.56049958
2021-06-25,3.9253,4.0212,3.5074,3.53734921,1176891.08853924
2021-06-26,3.5309,3.6547,3.35249076,3.579,832784.75665832
2021-06-27,3.5757,3.7808,3.4907,3.7716,1050903.76327529
2021-06-28,3.7803,3.9451,3.6904,3.8527,485242.2153334
2021-06-29,3.8553,4.2877,3.8417,4.1128,803474.13686786
2021-06-30,4.1335,4.3,3.9542,4.14285062,799136.22569727
2021-07-01,4.1426,4.22,3.8545,3.9263,2140575.64525852
2021-07-02,3.9241,4.0032,3.7469,3.9257,2236573.10162558
2021-07-03,3.9259,4.0634,3.8522,4.05469219,280244.19545937
2021-07-04,4.0535,4.1824,3.953,4.0621,538993.81234686
2021-07-05,4.0615,4.0615,3.76166762,3.8111,518923.41771754
2021-07-06,3.8106,4.0085,3.7894,3.8831,459525.00382741
2021-07-07,3.8813,3.98,3.8139,3.8156,291544.07907658
2021-07-08,3.8236,3.8367,3.52364716,3.5953,649947.54069443
2021-07-09,3.5968,4.3014,3.453,4.209,1824411.74079668
2021-07-10,4.2121,4.4166,3.8738,3.9676,1027075.43444825
2021-07-11,3.9648,4.1734,3.83270999,4.0698,664850.69773012
2021-07-12,4.08100952,4.378,4.04498491,4.1872,1285305.06419701
2021-07-13,4.18395776,4.2104,3.7868,3.8868,689787.15536253
2021-07-14,3.89,3.925,3.59243423,3.7948,592128.84366772
2021-07-15,3.8004,3.918,3.5599,3.6479,358487.38039783
2021-07-16,3.6724088,3.8371,3.5333,3.6529,729836.60448384
2021-07-17,3.6625,3.7802,3.5883,3.66,581466.76891304
2021-07-18,3.6617,3.775545,3.56008776,3.6468,346417.62572886
2021-07-19,3.6439,3.6851,3.4079,3.4357,410753.66049251
2021-07-20,3.4399,3.54461437,3.1565,3.2671,953228.29812063
2021-07-21,3.2597,3.5717,3.2114,3.5017,588797.73206381
2021-07-22,3.491,3.58180077,3.42677542,3.565,262481.37018869
2021-07-23,3.5685,3.6612,3.4565,3.6328,392828.03756099
2021-07-24,3.6366,3.7414,3.6195,3.6723,423940.54318276
2021-07-25,3.666,3.6975,3.5514,3.6621,194741.71921882
2021-07-26,3.6626,4.0044,3.6352,3.6847,1172617.42165205
2021-07-27,3.681,3.7893,3.602,3.7606,392244.31310256
2021-07-28,3.75528578,4.0164,3.685,3.9191,916128.01772262
2021-07-29,3.9194,3.9879,3.8044,3.9641,212057.34435411
2021-07-30,3.9687,4.0797,3.7863,4.0644,320677.27836999
2021-07-31,4.0698,4.2,4.0032,4.0594,545502.62965875
2021-08-01,4.06554259,4.2263,3.86145514,3.9452,1026947.93781364
2021-08-02,3.9395833,4.1616,3.8925,4.026,433742.1298305
2021-08-03,4.0257,4.099,3.8673,4.0237,640772.6882851
2021-08-04,4.0256,4.15327872,3.9284,4.11527166,517628.51303274
2021-08-05,4.1175,4.22,3.9477,4.1939,1320222.99971244
2021-08-06,4.1921,4.3546,4.104,4.3192,683802.3023815
2021-08-07,4.319,4.6464,4.2846,4.5925674,913774.61962232
2021-08-08,4.5903,4.6686,4.2315,4.2929,705267.93483022
2021-08-09,4.2942,4.5647,4.1586,4.5426,611359.97697245
2021-08-10,4.53174047,4.71645464,4.4018,4.5976,575524.81095961
2021-08-11,4.5998,4.9721,4.5968,4.7563,1081204.95906369
2021-08-12,4.7492,5.0902,4.5414,4.6616,884931.24396918
2021-08-13,4.65915849,5.1639,4.6078,5.1626,1253235.95535126
2021-08-14,5.1633,5.5505,5.0471,5.486,2556285.68223823
2021-08-15,5.4981,5.71,5.1167,5.7055,1285606.45763428
2021-08-16,5.6984,5.945,5.4374,5.515,2343564.58403718
2021-08-17,5.51886593,5.68315136,5.0149,5.0677,1458709.03851635
2021-08-18,5.06402137,5.1776,4.7298,4.9836,1679403.64327292
2021-08-19,4.9829,5.2589,4.812,5.2589,881049.90545865
2021-08-20,5.2593,5.4784,5.1894,5.4615,1021505.53894176
2021-08-21,5.46194636,5.6461,5.2778,5.3573,1256653.58243842
2021-08-22,5.3608,5.5431,5.1964,5.4208,693040.81109376
2021-08-23,5.421,5.7045,5.3656,5.586,931177.37361272
2021-08-24,5.5916,5.6926,4.8809,5.0629,3184178.42461252
2021-08-25,5.0576,5.2478,4.9044,5.2119,602621.7988844
2021-08-26,5.2096466,5.2769,4.6548883,4.7276,1179328.80018094
2021-08-27,4.7444,5.0918,4.61017706,5.0918,720336.64529215
2021-08-28,5.091,5.10445908,4.8787,5.0095,534839.40010656
2021-08-29,5.01276984,5.2461,4.9691,5.0586,535968.5168294
2021-08-30,5.06224264,5.07909047,4.7994,4.81701325,492855.27786559
2021-08-31,4.82010551,5.1,4.7587,5.04485308,807919.52192866
2021-09-01,5.0402,5.33830669,4.9109,5.3065,728668.30421969
2021-09-02,5.3138,5.3878,5.17519253,5.257,826016.38544198
2021-09-03,5.2571,5.7377,5.1284,5.6747,2653462.94360774
2021-09-04,5.6753,5.88408986,5.5455,5.69,1423911.51517504
2021-09-05,5.6898,6.3295,5.523,6.2942,2187079.76741045
2021-09-06,6.29722916,6.4222,5.90695219,6.2216,2605474.71624919
2021-09-07,6.2186,6.2528,4.1597,4.8687,8388075.68565464
2021-09-08,4.8876877,4.9627,4.4253,4.7413,2342141.1650358
2021-09-09,4.7431,4.9521,4.663,4.811,1711399.91172824
2021-09-10,4.8181,5.0504,4.4547,4.57,1589949.76258985
2021-09-11,4.569,4.785,4.5533,4.6765,932698.81818753
2021-09-12,4.6719,4.9477,4.5794,4.8814,1551993.41711051
2021-09-13,4.8777,4.9437,4.4929,4.7428,1561781.02166013
2021-09-14,4.7423,4.88,4.7051,4.8549,1399405.78114975
2021-09-15,4.8695,5.1561,4.7746,5.1062,658636.06516638
2021-09-16,5.1033,5.1849,4.8819,5.0213,1492388.80543785
2021-09-17,5.0217,5.5186,4.9524,5.25,4265954.44339382
2021-09-18,5.2565,5.5,5.1025,5.4715,1220554.17627511
2021-09-19,5.4709,5.5061,4.8571,4.9143,1314827.46057928
2021-09-20,4.9076,4.9417,4.0924,4.1898,4629412.68700396
2021-09-21,4.2005,4.3101,3.7935,3.8839,2731685.00084588
2021-09-22,3.8871,4.3862,3.8089,4.3047,1741105.37861778
2021-09-23,4.3059,4.39159548,4.1942,4.3744,503502.05481098
2021-09-24,4.3765,4.3916,3.7952,4.0389,2695542.25706856
2021-09-25,4.0319,4.1016,3.9077,4.0131,928219.3155666
2021-09-26,4.0084,4.1628,3.6749,3.9793,2328118.05457742
2021-09-27,3.9693,4.1108,3.8274,3.8353,1311830.30878759
2021-09-28,3.8269,3.90003415,3.6528,3.6851,921637.97266309
2021-09-29,3.6821,3.8685,3.6393,3.74884708,679121.85074842
2021-09-30,3.7472,3.994046,3.7239,3.9385,1454540.82247185
2021-10-01,3.94,4.3,3.9088,4.2779,1537729.01091657
2021-10-02,4.2779,4.4582,4.19269855,4.3276,1066100.67034299
2021-10-03,4.3247,4.8637,4.22586166,4.6383,1830708.69976352
2021-10-04,4.64313908,4.74,4.3342,4.5972,2004558.07973243
2021-10-05,4.5957,4.7924,4.5484,4.7351,1609568.42725939
2021-10-06,4.7358,4.9256,4.3771,4.7436,2535839.84328353
2021-10-07,4.7439,4.84309702,4.5537,4.7207,1069381.66381375
2021-10-08,4.7239,4.8295,4.5815,4.6413,1019571.94576973
2021-10-09,4.6544,5.0653,4.6137,4.9928,951333.84966731
2021-10-10,5.00078712,5.0086,4.561,4.5888,1397711.72600102
2021-10-11,4.5754,4.7537,4.43,4.5602,1098610.79380613
2021-10-12,4.5472,4.54825385,4.26303042,4.4894,1959484.8020073299
2021-10-13,4.4882,4.7467,4.3772,4.6012,734399.15134047
2021-10-14,4.6026,4.7346,4.5562,4.6222,600580.16996911
2021-10-15,4.6242,4.735,4.4499,4.6422,1379868.22595744
2021-10-16,4.6459,4.7142,4.5282,4.5634,538287.98153076
2021-10-17,4.5681,4.5968,4.2086,4.4108,1022933.07989957
2021-10-18,4.4125,4.56555103,4.3531,4.41961486,1251454.81339813
2021-10-19,4.4186,4.5175,4.3682,4.46,1061828.42071567
2021-10-20,4.459,4.8867,4.44578874,4.8293,1265864.97110845
2021-10-21,4.8297,4.95,4.5954,4.6651,2084069.75460534
2021-10-22,4.6681,4.7838,4.55355437,4.6132,2022450.39559901
2021-10-23,4.615,4.7719,4.58278787,4.7456,997548.91302957
2021-10-24,4.7454,5.0888,4.655,4.7447,2434499.77031685
2021-10-25,4.7431,4.8485,4.71552005,4.8219,654448.74163663
2021-10-26,4.81902115,4.93482385,4.65,4.7117,1103940.61092029
2021-10-27,4.7134,4.7689228,3.8105,4.1568,3465425.77842811
2021-10-28,4.1498,4.5047,4.132,4.4021,1739841.53744708
2021-10-29,4.4009,4.543,4.3772,4.5,786874.3094221
2021-10-30,4.5057,4.5214,4.3545,4.4831,885350.44584308
2021-10-31,4.4829,4.775,4.4402,4.6385,1575880.4986604
2021-11-01,4.6397,4.7223,4.4571,4.6408,1103693.27971134
2021-11-02,4.6399,4.8,4.5803,4.6972,564965.6178118
2021-11-03,4.7021,4.873,4.5214,4.706,1317713.27262169
2021-11-04,4.7081,4.758,4.4353,4.5362,795763.36730876
2021-11-05,4.5413,4.5982,4.45544383,4.5053,698804.19033875
2021-11-06,4.4984,4.5477,4.2285,4.4467,524922.26912182
2021-11-07,4.4474,4.6022,4.4217,4.6022,512145.1351602
2021-11-08,4.6002,4.8897,4.58453227,4.8597,1211035.40634542
2021-11-09,4.8603,5.3796,4.838,5.2103,3348257.8241422
2021-11-10,5.2104,5.3935,4.538,4.8403,3191683.13520071
2021-11-11,4.8375,5.0208,4.7907,4.9217,1182399.0506712
2021-11-12,4.9208,5.1019,4.6667,4.8563,1403108.61514682
2021-11-13,4.8496,5.0705,4.7953,5.0129,605721.22944873
2021-11-14,5.0081,5.0857,4.83,4.95679397,670949.01762218
2021-11-15,4.9577,5.09372887,4.7648,4.8047,850856.89488453
2021-11-16,4.7959,4.8075,4.0779,4.3278,3079870.717831
2021-11-17,4.3265,4.4124,4.1712,4.3725,871770.58006142
2021-11-18,4.3691,4.44121028,3.9458,4.0924,1756924.68108596
2021-11-19,4.0879,4.3169,4.0526,4.2934,786838.90440877
2021-11-20,4.2911,4.3517,4.1738,4.3419,422789.44741477
2021-11-21,4.3465,4.3822,4.2362,4.2605,516589.43971404
2021-11-22,4.25,4.2869,4.0575,4.1356,1232411.31588674
2021-11-23,4.1374,4.2484,4.0574,4.2375,597893.08544807
2021-11-24,4.2355,4.26239093,4.0118,4.1247,1046033.02316202
2021-11-25,4.12734313,4.3155,4.0996,4.253,886708.56369046
2021-11-26,4.253,4.269,3.7632,3.8566,2966699.65871848
2021-11-27,3.8544,3.983,3.8375,3.9017,514618.66917291
2021-11-28,3.9009,3.97,3.6701,3.97,1228127.36966506
2021-11-29,3.97035498,4.0457,3.9075,4.003,795280.9252489
2021-11-30,4.0071,4.1719,3.8824,4.0028,897824.70510705
2021-12-01,4.0018,4.1180969,3.9357,3.98697005,1044612.88163633
2021-12-02,3.9951,4.0076,3.86,3.9652,1020858.85577086
2021-12-03,3.965,4.1686,3.68,3.7918,1492808.53645881
2021-12-04,3.7917,3.8053,2.29199099,3.1532,6054576.36711937
2021-12-05,3.1502,3.19,2.865,3.0361,1389304.52932452
2021-12-06,3.0376,3.299,2.81499811,3.283,2852468.35721176
2021-12-07,3.27432839,3.33541597,3.1763,3.2264,1325726.46765836
2021-12-08,3.2263,3.89,3.12133286,3.6468,5083512.24713455
2021-12-09,3.6561,3.711,3.2136,3.2245,2340646.72340237
2021-12-10,3.2232,3.3497,3.0294,3.044,2059621.39428797
2021-12-11,3.0413,3.57,2.9915,3.403,3131341.69690289
2021-12-12,3.4178,3.5163,3.2361,3.3386,1623002.72096676
2021-12-13,3.3336,3.4,3.01599921,3.0997,2063457.56113003
2021-12-14,3.097,3.4322,3.0511,3.357,3163431.87866442
2021-12-15,3.3567,3.4944,3.13888013,3.3679,1858714.78995006
2021-12-16,3.3706,3.398,3.196,3.2094,1149392.26911433
2021-12-17,3.2121,3.2694,3.0548,3.1569,1096028.35379218
2021-12-18,3.1551,3.3081,3.1096,3.2471,796272.48904051
2021-12-19,3.2437,3.30681141,3.1772,3.1904,917400.15654652
2021-12-20,3.1884,3.3383,3.09330171,3.189,2261400.13292975
2021-12-21,3.1938,3.3621,3.1756,3.31036584,1253306.57620309
2021-12-22,3.31363885,3.4282,3.2893,3.3513,1298871.34908949
2021-12-23,3.3527,3.5288,3.3072,3.5015,1886037.58590218
2021-12-24,3.5071,3.5186,3.3508,3.3759,915289.55962529
2021-12-25,3.3813,3.4499,3.3599,3.4072,573533.01746703
2021-12-26,3.4083,3.419,3.313,3.397,634616.65039552
2021-12-27,3.398,3.4989,3.3724,3.39,601796.98674399
2021-12-28,3.389,3.39158713,3.1051,3.1305,1125195.4705152
2021-12-29,3.1325,3.218,3.0111,3.0283,1239468.43583504
2021-12-30,3.0297,3.1178,2.961,3.0759,2548832.42824702
2021-12-31,3.0774,3.154,2.975,3.0339,1707363.46081271
2022-01-01,3.0352,3.16,3.0346,3.16,646424.38778754
2022-01-02,3.1603,3.2716,3.1327,3.2532,1315057.3521787
2022-01-03,3.25283611,3.25283611,3.135,3.194,716103.51229341
2022-01-04,3.1944,3.2596,3.1437,3.1745,1152740.10428171
2022-01-05,3.1665,3.2317,2.7774,2.8957,2823382.00495732
2022-01-06,2.8928,2.9378,2.8088,2.9252,2893722.73782742
2022-01-07,2.9262,2.9303,2.7022,2.83644833,4409505.84724848
2022-01-08,2.8394,2.8968,2.6697,2.75112197,1526060.05768067
2022-01-09,2.7518,2.8447,2.7381,2.79367025,1345448.99649429
2022-01-10,2.7937,2.826,2.576,2.7045,2083485.32593366
2022-01-11,2.7036,2.8026,2.68633391,2.7717,1502015.74643777
2022-01-12,2.7701,2.91264359,2.76437647,2.8849,1371535.04902555
2022-01-13,2.8836,2.9067,2.7847,2.7897045,1275916.50306538
2022-01-14,2.7919,2.9308633,2.77244137,2.865,2082801.80162302
2022-01-15,2.86416042,2.9536,2.8494,2.9116,1517316.86369554
2022-01-16,2.9116,2.9503,2.86540802,2.9053,819717.19208825
2022-01-17,2.9082,2.9087,2.77982482,2.833,1170286.49742655
2022-01-18,2.83313366,2.93680426,2.7479,2.8265,1964798.9430473
2022-01-19,2.827,2.8746,2.7063,2.74,866514.84015659
2022-01-20,2.7401,2.86186426,2.6152,2.6392,900495.72396076
2022-01-21,2.6352,2.6687,2.2886,2.37,2666032.77696837
2022-01-22,2.37031359,2.4326,2.0109,2.2256,4075967.00823842
2022-01-23,2.22425167,2.2937,2.1623,2.2755,1524310.06143384
2022-01-24,2.276,2.2777,1.994,2.2002,3085523.78505979
2022-01-25,2.2002,2.2375,2.1622,2.2245,646030.17565217
2022-01-26,2.2263,2.38182346,2.1864,2.2139,935385.6447984
2022-01-27,2.2156,2.2466,2.1282,2.2286,1050851.43479066
2022-01-28,2.2243,2.3244,2.1838837,2.3133,935721.05678183
2022-01-29,2.3116,2.38,2.2931,2.3382,352763.42852958
2022-01-30,2.3355,2.3684,2.2649,2.3195,455659.36078019
2022-01-31,2.3184,2.3516,2.2088,2.3374,561125.62034815
2022-02-01,2.3391,2.3734,2.3108,2.35658163,534993.99242835
2022-02-02,2.356,2.4602,2.265,2.2786,823519.24905284
2022-02-03,2.275,2.3148,2.2321,2.3111,714154.38949518
2022-02-04,2.3152342,2.4899,2.29403124,2.4822,828893.16094479
2022-02-05,2.4792,2.53,2.446,2.4806,470739.40719193
2022-02-06,2.4795,2.55,2.4349,2.5427,322642.20310539
2022-02-07,2.5392,2.7217,2.49398722,2.6939,1022241.83200703
2022-02-08,2.698,2.7695,2.546,2.63175026,1001182.23247833
2022-02-09,2.6338,2.7018,2.5921,2.6724,687682.70550233
2022-02-10,2.6742,2.7699,2.55035242,2.5539,1054549.01769778
2022-02-11,2.55171273,2.60441672,2.38575696,2.41651383,1870673.79758496
2022-02-12,2.4155,2.4374,2.3333,2.3968,571292.42079612
2022-02-13,2.3969,2.4323,2.3511,2.3831,353116.83396994
2022-02-14,2.3856,2.3951,2.3115,2.3718,444904.62499941
2022-02-15,2.3748,2.5393,2.3667,2.5334,869035.95457632
2022-02-16,2.5328,2.5804,2.462,2.54936456,694106.99001711
2022-02-17,2.5519,2.583,2.2949,2.3293,964925.84988054
2022-02-18,2.3302,2.3841,2.2798,2.2995,973181.60114724
2022-02-19,2.2984,2.338,2.2328,2.2918,665210.02882855
2022-02-20,2.2905,2.3001,2.1719,2.19923376,644504.06009292
2022-02-21,2.2016,2.2766,2.0652,2.0742,871883.23264409
2022-02-22,2.0745,2.1836,2.033,2.1706,922670.45961329
2022-02-23,2.1715,2.2349,2.1045,2.1061,466294.21923976
2022-02-24,2.106,2.1261,1.8619,2.076,2294364.70552447
2022-02-25,2.0739,2.1652,2.0342,2.1476,1145841.69437962
2022-02-26,2.1486,2.281,2.1364,2.163,813407.28314141
2022-02-27,2.1652,2.25,2.0606,2.0927,1561225.44702457
2022-02-28,2.0927,2.28615129,2.0644,2.28615129,732536.73347281
2022-03-01,2.2853,2.31101517,2.2089,2.2689,489182.41641045
2022-03-02,2.2688,2.2854,2.1825,2.2163,569332.62845677
2022-03-03,2.2168,2.226,2.125,2.1585791,370765.98457009
2022-03-04,2.1574,2.1662,1.9753,2.00517826,715980.65368737
2022-03-05,2.005,2.0545,1.9645,2.0456,496700.92596051
2022-03-06,2.0447,2.0596,1.946,1.96227358,417098.43539452
2022-03-07,1.9617,2.0228,1.8708,1.92544155,708186.67921017
2022-03-08,1.9223,1.9952,1.91340251,1.9728,578694.844309
2022-03-09,1.9726,2.0816997,1.9719,2.0667,615504.58286858
2022-03-10,2.0674,2.1032,1.9346,1.9845,885743.67928179
2022-03-11,1.985,2.0192,1.923,1.9748,693185.84464676
2022-03-12,1.9749,2.0095,1.9659,1.9699,443654.998239
2022-03-13,1.969,2.0081,1.88930422,1.9057,358615.51188012003
2022-03-14,1.90487648,1.9761,1.8834,1.97040993,708140.39345406
2022-03-15,1.9693,2.0107,1.9176,1.9885,557554.76673238
2022-03-16,1.987,2.0965,1.9767,2.0861,439463.03604615
2022-03-17,2.086,2.0976,2.0518,2.0858,210758.97114148
2022-03-18,2.0836,2.1437,2.0516,2.1289,402166.04551262
2022-03-19,2.1286,2.2242,2.1286,2.2172,458062.985467
2022-03-20,2.2153,2.2763,2.1549,2.214,591467.61432764
2022-03-21,2.21331509,2.4435,2.14786799,2.3475,976856.54918707
2022-03-22,2.34809753,2.5733,2.34809753,2.5499,1665773.00373423
2022-03-23,2.55084244,2.5864,2.4403,2.5004,996753.99002389
2022-03-24,2.4998,2.62527736,2.4354,2.5407,615199.07336832
2022-03-25,2.5434,2.5759,2.4306,2.5061,817313.98861291
2022-03-26,2.5077,2.5166,2.4605,2.51447087,251473.81459738
2022-03-27,2.5141,2.6724,2.4823,2.6692,848866.52055774
2022-03-28,2.6692,3.1714,2.6439,2.8614,3072376.55388827
2022-03-29,2.8594,2.9692,2.77,2.89556576,1313046.22078082
2022-03-30,2.89645305,3.06,2.8046,2.9356,1281701.93010902
2022-03-31,2.936,3.0199,2.7435,2.8279,1124656.04099219
2022-04-01,2.8289,2.8695,2.664,2.83812689,886926.40906324
2022-04-02,2.8394,2.9374,2.7625,2.7853,1044538.05880192
2022-04-03,2.787,2.8652,2.7244,2.8415,831242.17219785
2022-04-04,2.8404,2.9438,2.7148,2.8885,3373276.12974924
2022-04-05,2.8898,2.9112,2.7408,2.753,1045865.498381
2022-04-06,2.751,2.76,2.4129,2.4294,3494728.05058084
2022-04-07,2.4302,2.5373,2.3938,2.505,1484099.44960054
2022-04-08,2.5037,2.5235,2.346,2.38279108,1232540.30343815
2022-04-09,2.3814,2.4434,2.3625,2.4172,1484845.10940279
2022-04-10,2.4183,2.4842908,2.36,2.3632,1338557.22006835
2022-04-11,2.3622,2.38186017,2.1223,2.1641,1745707.96403926
2022-04-12,2.16752788,2.2537,2.15558311,2.2441401,1525628.81379939
2022-04-13,2.246,2.3646,2.2096,2.3587,2765444.34204601
2022-04-14,2.3617,2.3709,2.2429,2.30860778,2573650.19709497
2022-04-15,2.30806935,2.4442,2.2944,2.4201,2881380.46159528
2022-04-16,2.42014792,2.6415,2.4017,2.61102309,3065702.5927621
2022-04-17,2.6111,2.6828,2.3909,2.4195,4372152.90839711
2022-04-18,2.4189,2.4607,2.295,2.4474,3425415.87746048
2022-04-19,2.4464,2.6997,1.86,2.6465,2983622.53464258
2022-04-20,2.6463,2.8852,2.5224,2.7651,6810622.45835474
2022-04-21,2.7644,2.8568,2.4534,2.5065,5618542.92387595
2022-04-22,2.5054,2.5568,2.4424,2.4565,3282820.14537309
2022-04-23,2.458,2.49,2.3804,2.405,1402919.21719967
2022-04-24,2.4046,2.4503,2.3413,2.35229907,1244751.28058209
2022-04-25,2.352,2.3981,2.2069,2.3784,2957699.51562619
2022-04-26,2.3793,2.4518,2.1477,2.185,3182808.3180625
2022-04-27,2.1839,2.2831,2.1622,2.2541,2002835.06985066
2022-04-28,2.2545,2.3549858,2.245,2.3167,3530683.55550069
2022-04-29,2.31596329,2.3781,2.2273,2.2734,3284469.03186782
2022-04-30,2.2755,2.2926,1.9167,2.0155,2399409.68483275
2022-05-01,2.0141,2.1131,2.0019,2.1103,1843795.04203174
2022-05-02,2.11015068,2.1542,2.0347,2.0948,2753458.45983629
2022-05-03,2.0966,2.12382286,2.01943015,2.0557,1933535.21723033
2022-05-04,2.0559,2.2371,2.04654296,2.2287,2774036.24212986
2022-05-05,2.22510404,2.25044501,1.9595,2.014,5026114.90732116
2022-05-06,2.0129,2.0504,1.9392,2.0261,2660579.40886584
2022-05-07,2.0255,2.0507,1.932,1.9794,2001732.27301024
2022-05-08,1.9833,1.9959,1.9294,1.9502,1808404.26715722
2022-05-09,1.95206742,1.9775,1.52,1.5717,5577250.07443839
2022-05-10,1.5889,1.8152,1.5834,1.71915969,4886183.77916825
2022-05-11,1.7164,1.7381,1.3409,1.40560189,5286586.37496606
2022-05-12,1.4092591,1.45442485,1.1031,1.2735,5561514.31571139
2022-05-13,1.2754,1.4605,1.26137814,1.33897033,2241711.73190607
2022-05-14,1.341,1.38129197,1.2518,1.3515642,1294652.96604632
2022-05-15,1.3524,1.4093,1.31101973,1.40611975,1124707.96483131
2022-05-16,1.4069,1.4069,1.2791,1.3148,1321135.96987312
2022-05-17,1.3164,1.39457605,1.3128,1.3759,947438.94871531
2022-05-18,1.3772,1.3901,1.2625,1.2656,965947.11532055
2022-05-19,1.2664,1.3368,1.2249,1.321,1387503.18226909
2022-05-20,1.3207,1.3477,1.2464,1.273,846950.26142526
2022-05-21,1.2741,1.3241,1.2461,1.3076,763038.86018661
2022-05-22,1.3053,1.3702,1.2932,1.3552,656712.33462944
2022-05-23,1.3522,1.4361,1.29059482,1.3054,1463908.99840868
2022-05-24,1.3061,1.3567,1.2716,1.3454,920081.53669315
2022-05-25,1.3438,1.3742,1.3056,1.3234,828580.86608697
2022-05-26,1.3229,1.3408,1.1894,1.2387,1208544.554968
2022-05-27,1.2374,1.2586,1.1861,1.2144,845915.74508706
2022-05-28,1.2151,1.2673,1.2058,1.256,741579.15917141
2022-05-29,1.257,1.296,1.2323,1.2948,743023.62024884
2022-05-30,1.2946,1.404,1.2843,1.3878,1408638.18665608
2022-05-31,1.388,1.3981,1.3269,1.3789,1038626.48138908
2022-06-01,1.38086416,1.4078,1.2406,1.2661,1803878.38515773
2022-06-02,1.2675,1.2989,1.2483,1.2949,1077565.12494756
2022-06-03,1.2946,1.3014,1.23482454,1.2653,622915.5939994
2022-06-04,1.2668,1.2954,1.241,1.2856,811840.61511359
2022-06-05,1.2853,1.2944,1.258,1.2697,1277371.8901063
2022-06-06,1.2707,1.3345,1.2633,1.303,777758.63460365
2022-06-07,1.302,1.3246,1.2181,1.2855,979005.7708915
2022-06-08,1.2833,1.3077,1.245,1.2559,471982.02371685
2022-06-09,1.255,1.278,1.2296,1.23961851,496546.89305156
2022-06-10,1.2409,1.2533,1.1611,1.1833,1188444.03320126
2022-06-11,1.1846,1.2143,1.0982,1.1169,1659676.25835651
2022-06-12,1.1181,1.1272,1.0307,1.031,2061515.23704771
2022-06-13,1.0302,1.0459,0.8802,0.91661,2785103.21181985
2022-06-14,0.91702,0.96072,0.85271,0.94191,1497667.97659182
2022-06-15,0.94256,1.0163,0.85371,1.0095,2154496.20944012
2022-06-16,1.0104,1.0244,0.90072,0.90984,1983695.86329009
2022-06-17,0.91066,0.96553,0.90423,0.9360687,2708576.35339008
2022-06-18,0.93591,0.94686,0.81556,0.88701349,1772910.04610512
2022-06-19,0.8888,0.9768,0.8588,0.96586,1289617.96962278
2022-06-20,0.96565,0.98526267,0.92345,0.96156,3453708.78440208
2022-06-21,0.9604,1.0036,0.945,0.96042,1840072.35598219
2022-06-22,0.9588,0.9588,0.91520857,0.92489,1792278.86691407
2022-06-23,0.9257,0.97499737,0.92184,0.97265,1344155.09898516
2022-06-24,0.9732,1.0203,0.9732,1.0037,1339422.28226673
2022-06-25,1.0045,1.025,0.97,1.00799155,863064.80254937
2022-06-26,1.0074,1.039,0.9877,0.9901,801112.56419929
2022-06-27,0.99,1.0273,0.96772,0.98289,1526254.70579036
2022-06-28,0.98431,1.0044,0.94011,0.9442,1185299.51433736
2022-06-29,0.9447,0.95869,0.92053,0.9356,1380101.01106937
2022-06-30,0.9356,0.9385,0.8702,0.92389,1009544.64944192
2022-07-01,0.92548,0.9532,0.8891,0.9099,651641.48550782
2022-07-02,0.9101,0.94485,0.8999,0.9369,494275.04582505
2022-07-03,0.93665,0.94837,0.91096,0.94373,476246.50427964
2022-07-04,0.94373,0.9889,0.91951,0.98647,574859.02333284
2022-07-05,0.985,1.0007,0.9285,0.97217,984015.25761188
2022-07-06,0.9733,1.0092,0.95851,0.9985,890567.43777231
2022-07-07,0.99748,1.0374,0.9885,1.0319,532056.14344622
2022-07-08,1.0302,1.0692,1.0038,1.0125,1892814.34175163
2022-07-09,1.0134,1.048,1.0134,1.03814617,164280.37595374
2022-07-10,1.0381,1.0381,0.99483,1.0036,360111.87645447
2022-07-11,1.00264833,1.00581614,0.93352,0.93856,1442847.72996345
2022-07-12,0.9377,0.94869,0.91341,0.91527,2655412.15996065
2022-07-13,0.9159,0.95423,0.88911,0.94971,980904.77179815
2022-07-14,0.95199587,0.97784,0.9148,0.9715,961065.90174061
2022-07-15,0.97069,0.99292,0.95865,0.97456,346380.09476395
2022-07-16,0.97510541,1.0147,0.95189,1.0091993,538505.99681694
2022-07-17,1.0084,1.0246,0.97669,0.98359,411205.0579722
2022-07-18,0.98373,1.0691,0.9829,1.0576,920025.2284389
2022-07-19,1.05682354,1.09345818,1.02366566,1.0762,608281.37147208
2022-07-20,1.0762,1.1022,1.0276,1.03951649,1152106.4247024
2022-07-21,1.0401,1.0567,1.0051,1.0529,737850.33612531
2022-07-22,1.0543,1.2128,1.038,1.1747,2381780.45381921
2022-07-23,1.1747,1.1997,1.1268,1.1646,758838.22775851
2022-07-24,1.1635,1.2653,1.1626,1.2049,1718774.00638597
2022-07-25,1.2041,1.207,1.1028,1.1076,1493408.13700348
2022-07-26,1.1062,1.1135,1.0647,1.11190458,756880.22620362
2022-07-27,1.1119,1.2597,1.0908,1.2546,2050872.25110433
2022-07-28,1.2563,1.3552,1.2329,1.3149,1301591.22910558
2022-07-29,1.3148,1.327,1.2482,1.299,702219.02082565
2022-07-30,1.2995,1.3872,1.2671,1.3067,496326.89918521
2022-07-31,1.3043,1.4475,1.279,1.3321,922948.54230801
2022-08-01,1.3299,1.3679,1.2319,1.256,338803.56934006
2022-08-02,1.2562,1.2673,1.1545,1.1874,1203158.19101995
2022-08-03,1.1859,1.2328,1.1492,1.1731,688509.83817372
2022-08-04,1.1739,1.2091,1.154,1.1871,501476.78973813
2022-08-05,1.1872,1.2694,1.1866,1.2578,1206249.55061275
2022-08-06,1.2595,1.2699,1.2195,1.2255,160849.377198
2022-08-07,1.2241,1.252,1.2001,1.2282,221517.66755677
2022-08-08,1.2293,1.2857,1.2277,1.2516,203828.33934495
2022-08-09,1.2528,1.2583,1.1553,1.176,534608.48461474
2022-08-10,1.1736,1.2914,1.1466,1.2759,667928.32239793
2022-08-11,1.277,1.3347,1.277,1.31250135,521971.19842039
2022-08-12,1.3132233,1.3308,1.268,1.32912529,300129.04432604
2022-08-13,1.3294,1.41,1.323,1.3496,394651.10720495
2022-08-14,1.3511,1.382,1.2903,1.3048,344146.99242166
2022-08-15,1.3057,1.3543,1.2484,1.2721,769118.51014427
2022-08-16,1.2731,1.3875,1.2408,1.3816,1204300.36826853
2022-08-17,1.3816,1.6602,1.37545285,1.4806,3511162.71802149
2022-08-18,1.4812,1.56160647,1.4141,1.4839,1722140.43094601
2022-08-19,1.4843,1.4906,1.25,1.2727,2041858.28063105
2022-08-20,1.2727,1.4267,1.2686,1.41258341,929851.77740765
2022-08-21,1.4123,1.58654975,1.3768,1.56910932,1333799.47320798
2022-08-22,1.5691,1.947,1.4712,1.8382,3109625.50758825
2022-08-23,1.8365,1.9017,1.7106,1.80693896,1805965.30220642
2022-08-24,1.8064,1.8165,1.679,1.7743,1050426.93678101
2022-08-25,1.7706,1.7903,1.6592,1.7316,1090211.85201866
2022-08-26,1.7316,1.7741,1.523,1.5511,1349983.53717434
2022-08-27,1.54686332,1.5597,1.4723,1.5395,1047845.12973367
2022-08-28,1.54,1.5683,1.4121,1.4255,957454.84076536
2022-08-29,1.4247,1.5041,1.4047,1.4964,834154.71802159
2022-08-30,1.4963,1.5187,1.3482,1.3925,1151379.39536928
2022-08-31,1.3940363,1.4469,1.3631,1.3735,922900.56088941
2022-09-01,1.3711,1.4964,1.3426,1.4799,1295546.17589928
2022-09-02,1.4824,1.5921,1.4799,1.54831964,1288948.77752573
2022-09-03,1.5463,1.6011,1.5094,1.5175,1267515.90441634
2022-09-04,1.51764999,1.5458,1.46796117,1.4911,579296.76139706
2022-09-05,1.4917,1.5919,1.4209,1.5671,976593.22142652
2022-09-06,1.5682,1.5869,1.377,1.3947,919637.02078018
2022-09-07,1.3963,1.7017,1.3625,1.6654,1924543.01941058
2022-09-08,1.6654,1.7313,1.5878,1.6034,1412282.6873023
2022-09-09,1.6034,1.748,1.5691,1.6638,1256979.76136825
2022-09-10,1.6644,1.8686,1.6366,1.7488,1339482.14435947
2022-09-11,1.7482,1.8343,1.667,1.7132,689551.00457208
2022-09-12,1.7115,1.777,1.631,1.6582,582511.18464867
2022-09-13,1.65966067,1.697,1.462,1.471,1363269.50959398
2022-09-14,1.4701,1.5036,1.4139,1.4737,646048.89565295
2022-09-15,1.4728,1.4825,1.3664,1.3802,562904.4327817
2022-09-16,1.3838,1.45500778,1.3805,1.4228,733068.16351013
2022-09-17,1.4243,1.49132639,1.41736857,1.4706,298787.25832435
2022-09-18,1.4719,1.4735,1.2378,1.2729,704587.91653412
2022-09-19,1.2724,1.31308583,1.2118,1.298,807371.54174682
2022-09-20,1.29934481,1.3837,1.24474914,1.3381,945966.34410602
2022-09-21,1.3399,1.3636,1.1587,1.18090687,1279875.88249945
2022-09-22,1.1809,1.2514,1.1659,1.23779495,1248920.82732137
2022-09-23,1.2382,1.26,1.168,1.2289,538575.21557672
2022-09-24,1.23,1.24773505,1.1896,1.1985,562042.750604
2022-09-25,1.1985,1.2215,1.1436,1.16536821,348516.15186805
2022-09-26,1.1628,1.19301518,1.1356,1.184,578734.88665171
2022-09-27,1.1835,1.2284,1.14,1.15592739,493933.16549301
2022-09-28,1.1548,1.1668,1.1032,1.1479,690451.778619
2022-09-29,1.1479,1.2297,1.1444,1.2047,834635.60415806
2022-09-30,1.2047,1.2276,1.1684,1.1823,623720.31693159
2022-10-01,1.1841,1.2347,1.181,1.2237,209470.9199279
2022-10-02,1.2222,1.2251,1.1498,1.1597,216218.84616931
2022-10-03,1.15823953,1.1936,1.1496,1.1873,1303625.77578046
2022-10-04,1.1892,1.2087,1.174,1.1993,564000.95189324
2022-10-05,1.2003,1.2024,1.1558469,1.1758,534961.3463908
2022-10-06,1.1762,1.1918,1.152,1.155,249477.08318963
2022-10-07,1.155,1.1663,1.1027,1.1198,566691.72165621
2022-10-08,1.118,1.1322,1.0927,1.1122,159667.48256485
2022-10-09,1.1113,1.1339,1.1091,1.1205,146300.11189818
2022-10-10,1.119,1.1332,1.008,1.0349,1211051.98945482
2022-10-11,1.0336,1.0621,1.0068,1.0427,285507.62443386
2022-10-12,1.0435,1.0543,1.0261,1.0385,295652.42335235
2022-10-13,1.0384,1.0419,0.9403,1.0158,797095.63733862
2022-10-14,1.0155,1.0477,0.99265,1.0084,164007.00174475
2022-10-15,1.0095,1.0737,1.0036,1.0509,282815.576265
2022-10-16,1.051,1.0768,1.038,1.0512,193914.73355682
2022-10-17,1.0512,1.0697,1.0385,1.0654,139235.89514615
2022-10-18,1.0654,1.0797,1.0207,1.0492,137672.91339007
2022-10-19,1.0506,1.056,0.9903,1.004,567830.40454245
2022-10-20,1.0045,1.0928,0.9991,1.0442,700569.09681868
2022-10-21,1.0432,1.0788,1.0074,1.0695,545850.86089654
2022-10-22,1.0705,1.0805,1.0473,1.0662,298154.27107158
2022-10-23,1.0671,1.0997,1.0634,1.0953,331438.5362906
2022-10-24,1.0948,1.0978,1.0585,1.0675,214155.45904826
2022-10-25,1.0685,1.1315,1.0527,1.0994,334549.80256683
2022-10-26,1.1009,1.1371,1.1001,1.129,280851.44439685
2022-10-27,1.1285,1.1541,1.1133,1.1253,223027.89549159
2022-10-28,1.1257,1.1661,1.1236,1.1377,691955.45492101
2022-10-29,1.1377,1.1657,1.1218,1.1378,259081.87615838
2022-10-30,1.1376,1.1559,1.0813,1.1113,249664.6037513
2022-10-31,1.1125,1.1582,1.0989,1.1502,306319.09058183
2022-11-01,1.1508,1.1814,1.1399,1.1427,534991.46117489
2022-11-02,1.1416,1.1822,1.1004,1.1188,461695.41474613
2022-11-03,1.1176,1.1667,1.1159,1.1487,188452.52606779
2022-11-04,1.1497,1.2011,1.1391,1.1968,440003.87705425
2022-11-05,1.1973,1.2189,1.1415,1.1693,589321.7518999
2022-11-06,1.1673,1.1746,1.1076,1.1135,313020.40450022
2022-11-07,1.1127,1.143,1.1038,1.1352,817095.95281545
2022-11-08,1.1369,1.1538,0.83543,0.9637,4391409.87577355
2022-11-09,0.963,0.9691,0.7875,0.8227,1319147.12928009
2022-11-10,0.82107,0.96021,0.80559,0.93691,673719.58647771
2022-11-11,0.93691,0.949,0.87273,0.93549,840087.2952985
2022-11-12,0.93481,0.93708,0.88116,0.89291,1037852.42494047
2022-11-13,0.8943,0.91559,0.86489,0.8848,1067170.63878747
2022-11-14,0.8828,0.92336,0.82511,0.91479,865267.00079672
2022-11-15,0.91484,0.94909,0.90661,0.9256,487934.9047853
2022-11-16,0.9241,0.9432,0.8922,0.89811,745452.88621335
2022-11-17,0.89714,0.90675,0.8818,0.90027,309076.25135005
2022-11-18,0.89923,0.91789,0.88419,0.8977,581615.3504421
2022-11-19,0.89855,0.9077,0.87243,0.9029,271800.91894781
2022-11-20,0.90217,0.9142,0.85932,0.87147,242178.01703762
2022-11-21,0.8703,0.88,0.82641,0.849,398371.62332703
2022-11-22,0.84748,0.8797,0.8321,0.8787,360309.6999693
2022-11-23,0.87981,0.92048,0.87059,0.91051,298761.52441068
2022-11-24,0.9113,0.91979,0.89413,0.9114,590867.62766322
2022-11-25,0.91055,0.98709,0.89102,0.9339,759713.77582331
2022-11-26,0.93305,0.9472,0.91642,0.93329,173316.50269138
2022-11-27,0.9337,1.0232,0.92371,0.9302,3153235.1154208
2022-11-28,0.9305,0.936,0.8807,0.90473,590520.86346007
2022-11-29,0.90434,0.9231,0.89908,0.91789,161442.92173151
2022-11-30,0.919,0.95604,0.9176,0.95044,448418.59251961
2022-12-01,0.9515,0.9526,0.92407,0.9322,362175.29492078
2022-12-02,0.9312,0.94744,0.92122,0.94219,211570.48317701
2022-12-03,0.9431,0.9473,0.91576,0.92121,111464.46715415
2022-12-04,0.92097,0.9325,0.92036,0.93086,79751.57538472
2022-12-05,0.92978,0.9557,0.91935,0.93133,197358.16950526
2022-12-06,0.9324,0.97499,0.9273,0.9585,283828.83676221
2022-12-07,0.95909,1.018,0.9181,0.99104,707457.8989629
2022-12-08,0.9898,1.005,0.9714,0.99628,185180.86742229
2022-12-09,0.9976,1.0664,0.99522,1.0325,618957.09196258
2022-12-10,1.0336,1.0553,1.0246,1.0335,173174.32978123
2022-12-11,1.0339,1.053,0.98681,1.0048,369578.4350489
2022-12-12,1.0047,1.0047,0.95966,0.98191,146511.92775406
2022-12-13,0.98302,1.018,0.94923,1.0001,168039.63440261
2022-12-14,1.0012,1.01,0.96693,0.9779,1170832.84716177
2022-12-15,0.9793,0.9812,0.9423,0.9558,879589.75118242
2022-12-16,0.956,0.96368,0.85538,0.87421,1122809.88712646
2022-12-17,0.87343,0.89313,0.85841,0.89194,189113.56771758
2022-12-18,0.89181,0.89789,0.87794,0.88211,91684.74988464
2022-12-19,0.883,0.89647,0.8303,0.84889,377648.79313483
2022-12-20,0.84942,0.89548,0.8442,0.8911,182574.59003118
2022-12-21,0.8905,0.8992,0.87291,0.8891,138433.31462801
2022-12-22,0.8902,0.8926,0.85932,0.88791,453366.68832796003
2022-12-23,0.8882,0.89458,0.88199,0.8868,37336.88469096
2022-12-24,0.88668,0.89288,0.87675,0.88149,46461.52766468
2022-12-25,0.88125,0.88366,0.85862,0.87871,84135.70742042
2022-12-26,0.88008,0.89031,0.87091,0.88872,83992.85547863
2022-12-27,0.88989,0.90746,0.88135,0.8969,194230.06928178002
2022-12-28,0.8978,0.89859,0.8679,0.87117,120081.7244315
2022-12-29,0.8726,0.8772,0.85154,0.8654,141075.70603272
2022-12-30,0.86639,0.86876,0.8456,0.8638,148586.74236027
2022-12-31,0.86254,0.8719,0.85773,0.8622,73943.00773022
2023-01-01,0.86231,0.88402,0.85738,0.8797,54945.15935305
2023-01-02,0.87919,0.89879,0.8682,0.88153,124619.39883479
2023-01-03,0.88254,0.88889,0.87058,0.88058,326629.20826262
2023-01-04,0.87956,0.91569,0.8777,0.9088,326174.05092155
2023-01-05,0.90948,0.91158,0.88739,0.89165,151420.26033735
2023-01-06,0.893,0.89911,0.87086,0.89611,881183.28187346
2023-01-07,0.89492,0.90148,0.88294,0.88983,269103.86703795
2023-01-08,0.88985,0.91288,0.88061,0.91129,121950.67677566
2023-01-09,0.91286,0.94834,0.91011,0.93601,590475.13102369
2023-01-10,0.93624,0.95501,0.9251,0.94731,571470.39167701
2023-01-11,0.94731,0.9939,0.93108,0.97819,488336.3266815
2023-01-12,0.97782,0.99959,0.93735,0.99034,841017.84037569
2023-01-13,0.99029,1.0162,0.9666,1.0106,461055.29777918
2023-01-14,1.0096,1.084,1.0071,1.0525,971579.77166344
2023-01-15,1.0535,1.095,1.0278,1.0632,335598.98330235
2023-01-16,1.0647,1.0809,1.0039,1.036,786483.52640981
2023-01-17,1.0361,1.0512,1.0186,1.0225,423684.58965988
2023-01-18,1.0212,1.0438,0.9327,0.95888,459503.58666185
2023-01-19,0.95799,0.98156,0.9561,0.98025,165976.33583064
2023-01-20,0.97935,1.0498,0.96719,1.0463,143632.16598213
2023-01-21,1.047,1.0632,1.0202,1.0286,361433.95093096
2023-01-22,1.0304,1.1292,1.0235,1.0835,495157.46728101
2023-01-23,1.0845,1.1186,1.0614,1.095,317666.38465932
2023-01-24,1.0958,1.1127,1.0258,1.0374,549108.47368395
2023-01-25,1.0362,1.1235,1.0102,1.0905,526633.79587354
2023-01-26,1.0906,1.1078,1.0625,1.0887,173638.38426759
2023-01-27,1.09,1.13,1.0761,1.1123,347669.54915514
2023-01-28,1.1134,1.1224,1.0709,1.0926,218488.49197678
2023-01-29,1.0919,1.1172,1.0855,1.1141,128558.51055578
2023-01-30,1.1146,1.1423,1.0257,1.0491,416929.45310191
2023-01-31,1.0476,1.083,1.0389,1.0631,414631.56835799
2023-02-01,1.0616,1.0851,1.0132,1.077,322578.79950622
2023-02-02,1.0776,1.1187,1.0611,1.0693,225949.78875452
2023-02-03,1.0713,1.1049,1.0618,1.0951,295694.69746756
2023-02-04,1.0961,1.1329,1.0839,1.106,199988.20496924
2023-02-05,1.1075,1.1254,1.0632,1.081,248502.49592359
2023-02-06,1.0823,1.0929,1.0516,1.0585,110349.20891148
2023-02-07,1.0574,1.1176,1.0558,1.1118,404628.01734952
2023-02-08,1.1136,1.122,1.0694,1.0835,201078.03064161
2023-02-09,1.085,1.1562,1.0253,1.0453,1024848.16213639
2023-02-10,1.0435,1.0708,1.0294,1.0515,431354.71893933
2023-02-11,1.0527,1.0589,1.0418,1.0573,70903.17032982
2023-02-12,1.0585,1.0675,1.025,1.0416,463695.95689787
2023-02-13,1.0429,1.0449,0.99999,1.0302,830800.16995583
2023-02-14,1.029,1.0509,1.0116,1.0476,346216.39260434
2023-02-15,1.0494,1.1,1.0392,1.1,239124.04826529
2023-02-16,1.1,1.1262,1.0425,1.0451,572246.81938834
2023-02-17,1.045,1.2253,1.0379,1.1922,1080938.34992248
2023-02-18,1.191,1.28,1.1891,1.2356,844896.75051146
2023-02-19,1.2356,1.3115,1.2137,1.2298,688742.94626677
2023-02-20,1.23,1.2773,1.1984,1.274,399935.80939566
2023-02-21,1.2728,1.2977,1.195,1.2219,892914.58325646
2023-02-22,1.2233,1.2248,1.1709,1.2093,737624.54561372
2023-02-23,1.2098,1.2262,1.1656,1.1811,288927.84310794
2023-02-24,1.1802,1.1934,1.0973,1.1196,550634.74386981
2023-02-25,1.118,1.1231,1.0739,1.1085,582225.2032511
2023-02-26,1.1068,1.13,1.1032,1.1243,246350.93886206
2023-02-27,1.1254,1.1518,1.1053,1.1246,507079.91728623
2023-02-28,1.1257,1.2042,1.1232,1.1455,439164.95766279
2023-03-01,1.1467,1.2121,1.1341,1.2077,489331.54569323
2023-03-02,1.2093,1.2472,1.1692,1.2404,368232.48491382
2023-03-03,1.2415,1.341,1.1255,1.3246,1157518.0326374
2023-03-04,1.324,1.3318,1.1989,1.2245,827975.4218377
2023-03-05,1.223,1.2506,1.1975,1.224,331204.73082796
2023-03-06,1.2241,1.2394,1.1972,1.2109,124079.02007526
2023-03-07,1.2119,1.2196,1.1528,1.1814,393475.79755292
2023-03-08,1.1799,1.1842,1.105,1.1187,188493.45195027
2023-03-09,1.1207,1.1815,1.0328,1.057,610665.32053063
2023-03-10,1.0556,1.0567,0.99746,1.0451,790913.48036454
2023-03-11,1.0451,1.0787,0.96334,0.99773,837172.29561453
2023-03-12,0.9971,1.0542,0.96,1.0529,504640.0949367
2023-03-13,1.0532,1.0964,1.0054,1.0822,875348.99966453
2023-03-14,1.0819,1.147,1.0516,1.1098,1165806.24380835
2023-03-15,1.111,1.1485,1.0195,1.042,965183.70820192
2023-03-16,1.0406,1.0868,1.0308,1.0823,793542.01446935
2023-03-17,1.0812,1.1482,1.0697,1.1479,641580.96613348
2023-03-18,1.146,1.1632,1.091,1.0973,374230.40201252
2023-03-19,1.0986,1.1785,1.0985,1.1548,482718.40682843
2023-03-20,1.1556,1.2303,1.1227,1.1548,912338.6900404
2023-03-21,1.1559,1.195,1.1243,1.1863,358359.85207321
2023-03-22,1.1857,1.1881,1.0662,1.094,393473.68162203
2023-03-23,1.0956,1.1674,1.087,1.1622,375676.00895239
2023-03-24,1.1638,1.2001,1.1202,1.1647,679936.9418751
2023-03-25,1.166,1.18,1.0943,1.1164,395256.5155857
2023-03-26,1.1158,1.1535,1.108,1.1405,115101.89657775
2023-03-27,1.142,1.156,1.0646,1.0847,444047.3580338
2023-03-28,1.085,1.1204,1.0697,1.1129,291096.07238455
2023-03-29,1.1143,1.1527,1.1087,1.1488,168217.50911075
2023-03-30,1.1505,1.2183,1.1381,1.1895,737241.58586851
2023-03-31,1.1905,1.2132,1.1593,1.194,224168.37109207
2023-04-01,1.195,1.2043,1.1727,1.1933,281323.07472776
2023-04-02,1.1922,1.2372,1.1866,1.2288,331467.40830203
2023-04-03,1.2304,1.2421,1.1425,1.1747,581877.98038311
2023-04-04,1.1732,1.2026,1.1654,1.1922,346387.90597804
2023-04-05,1.1936,1.2161,1.1671,1.1895,305443.9177668
2023-04-06,1.1895,1.2478,1.1715,1.2164,548199.33614458
2023-04-07,1.2178,1.221,1.1897,1.2127,156418.81249593
2023-04-08,1.214,1.2349,1.1862,1.1895,204050.54862495
2023-04-09,1.1882,1.2156,1.1716,1.2074,173268.91058227
2023-04-10,1.2094,1.2451,1.1907,1.2348,296245.98091902
2023-04-11,1.2332,1.2513,1.2276,1.2327,179676.18016072
2023-04-12,1.2343,1.2371,1.1931,1.2073,195648.80298105
2023-04-13,1.2067,1.274,1.1999,1.2583,275613.37665628
2023-04-14,1.2601,1.2949,1.2121,1.2487,492523.577607
2023-04-15,1.2473,1.2503,1.23,1.2412,124908.32616792
2023-04-16,1.2409,1.252,1.2209,1.237,96175.71112879
2023-04-17,1.238,1.2397,1.1996,1.2052,145697.99288162
2023-04-18,1.2068,1.2303,1.1903,1.2188,269510.89114552
2023-04-19,1.2168,1.2168,1.0833,1.1029,800774.85346212
2023-04-20,1.0998,1.1143,1.053,1.0772,345663.53267165
2023-04-21,1.0783,1.0918,1.0202,1.0446,407171.31361225
2023-04-22,1.0455,1.0769,1.0398,1.0746,72775.3340816
2023-04-23,1.0741,1.0741,1.0328,1.0551,132247.65319797
2023-04-24,1.0568,1.0741,1.018,1.0497,259264.75864146
2023-04-25,1.0501,1.0622,1.0229,1.0608,141773.19498836
2023-04-26,1.0611,1.0878,0.9736,1.0272,387574.02668211
2023-04-27,1.0278,1.05,1.01,1.0319,299807.53029417
2023-04-28,1.0318,1.0502,1.0137,1.041,200179.13104389
2023-04-29,1.042,1.0507,1.0288,1.043,83108.40823548
2023-04-30,1.043,1.0509,1.0119,1.0238,101076.16404815
2023-05-01,1.0232,1.0285,0.99351,1.0097,184852.28248925
2023-05-02,1.0087,1.0316,1.0074,1.0229,123914.73664959
2023-05-03,1.0225,1.0374,0.99913,1.0327,238119.86337368
2023-05-04,1.0342,1.0346,0.99961,1.0055,129765.99256974
2023-05-05,1.0052,1.0214,0.96892,1.0168,267333.36612331
2023-05-06,1.0161,1.0399,0.973,0.9879,460077.63800531
2023-05-07,0.98604,0.99327,0.96447,0.97222,285052.71891388
2023-05-08,0.97015,0.9758,0.87322,0.90752,350017.92493423
2023-05-09,0.907,0.9301,0.9056,0.9195,232430.15544211
2023-05-10,0.9188,0.93484,0.875,0.91459,185677.65674245
2023-05-11,0.91339,0.91673,0.8608,0.8847,234449.9404568
2023-05-12,0.88339,0.88759,0.838,0.8747,219881.14277633
2023-05-13,0.8766,0.8769,0.86486,0.8715,51873.35403149
2023-05-14,0.8716,0.88819,0.86916,0.87731,64411.69574425
2023-05-15,0.8749,0.89463,0.8676,0.88007,63272.97050451
2023-05-16,0.8792,0.89692,0.87489,0.89299,126076.37562153
2023-05-17,0.89401,0.91173,0.88442,0.90582,213754.69993055
2023-05-18,0.90681,0.9099,0.87222,0.88521,353771.48568278
2023-05-19,0.88621,0.8932,0.87738,0.8808,190980.88429011
2023-05-20,0.8826,0.88511,0.8758,0.87767,85462.2126715
2023-05-21,0.87812,0.88103,0.84687,0.85301,235677.69477097
2023-05-22,0.85221,0.86062,0.84,0.85248,69210.81670019
2023-05-23,0.85229,0.87511,0.85,0.8608,122062.46147258
2023-05-24,0.862,0.8631,0.81947,0.83698,122448.41109631
2023-05-25,0.837,0.84748,0.8191,0.8438,112825.15680528
2023-05-26,0.84404,0.89241,0.84031,0.8784,143547.1004336
2023-05-27,0.87749,0.88509,0.8719,0.88472,39793.30851628
2023-05-28,0.88206,0.93,0.88206,0.91189,233062.00790264
2023-05-29,0.91064,0.91563,0.8928,0.89769,111463.22452981
2023-05-30,0.89759,0.92699,0.89214,0.9128,111668.86111659
2023-05-31,0.91264,0.91312,0.8752,0.89242,127589.30747856
2023-06-01,0.89129,0.90182,0.875,0.88299,94309.60211173
2023-06-02,0.88409,0.91056,0.87605,0.90806,102820.26824994
2023-06-03,0.90806,0.91871,0.90141,0.9126,42504.00030048
2023-06-04,0.91151,0.92619,0.90742,0.91262,87434.83373998
2023-06-05,0.91231,0.92402,0.82242,0.83981,277607.83579216
2023-06-06,0.8397,0.89805,0.82787,0.89123,151904.87068526
2023-06-07,0.88869,0.89129,0.84687,0.86489,60462.10380172
2023-06-08,0.8624,0.8997,0.86161,0.89655,83258.27460854
2023-06-09,0.88979,0.904,0.88646,0.8973,58747.3033243
2023-06-10,0.8945,0.8945,0.5809,0.6982,1501830.54736825
2023-06-11,0.69461,0.69508,0.67281,0.68438,129505.52552127
2023-06-12,0.68369,0.68369,0.65539,0.67521,83673.66151559
2023-06-13,0.6746,0.6937,0.66575,0.6749,128413.64179801
2023-06-14,0.67783,0.683,0.62272,0.63762,149373.45343197
2023-06-15,0.6365,0.64518,0.621,0.64028,94042.14701261
2023-06-16,0.6402,0.6402,0.6,0.62939,324175.21079422
2023-06-17,0.6283,0.64446,0.6262,0.63544,138322.2863822
2023-06-18,0.63393,0.63955,0.62395,0.62739,41357.51347403
2023-06-19,0.6267,0.63214,0.6175,0.62806,248486.5259671
2023-06-20,0.62927,0.64402,0.60293,0.63949,161100.50412905
2023-06-21,0.63949,0.68839,0.6381,0.68197,499553.8714091
2023-06-22,0.68127,0.7273,0.66142,0.67853,294889.64190521
2023-06-23,0.6867,0.75437,0.6808,0.73481,188986.59028786
2023-06-24,0.7336,0.7618,0.6915,0.7292,158332.63387516
2023-06-25,0.72849,0.7498,0.71239,0.72261,106339.15987679
2023-06-26,0.72147,0.77111,0.6979,0.7173,142447.31324717
2023-06-27,0.71691,0.73559,0.70733,0.72269,44652.72823901
2023-06-28,0.71773,0.71773,0.64041,0.6671,329791.07910747
2023-06-29,0.6694,0.6893,0.66719,0.67875,32870.24248108
2023-06-30,0.67743,0.77847,0.67185,0.75152,796853.1980119
2023-07-01,0.75295,0.80759,0.7366,0.7807,455846.98692257
2023-07-02,0.78358,0.78956,0.73656,0.7653,129703.00357486
2023-07-03,0.76146,0.77386,0.7527,0.76612,81950.59518877
2023-07-04,0.767,0.77638,0.73316,0.74266,114202.87621841
2023-07-05,0.7467,0.76699,0.70853,0.72268,276784.35849564
2023-07-06,0.7229,0.75415,0.69829,0.7074,80995.29371067
2023-07-07,0.705,0.7391,0.69486,0.73388,123937.85342176999
2023-07-08,0.73266,0.7361,0.7069,0.72681,353045.78664769
2023-07-09,0.7299,0.7503,0.72189,0.72559,140380.14616353
2023-07-10,0.7244,0.74997,0.69897,0.7279,227241.23948905
2023-07-11,0.72888,0.7415,0.71739,0.73101,110320.50113196
2023-07-12,0.7334,0.74702,0.71351,0.72087,302268.71542104
2023-07-13,0.72154,0.8069,0.714,0.80221,796375.30954277
2023-07-14,0.80717,0.835,0.7432,0.7738,684579.83608466
2023-07-15,0.7713,0.8028,0.7565,0.77256,329512.99701843
2023-07-16,0.7722,0.79411,0.74763,0.75759,176063.63633316
2023-07-17,0.75221,0.79,0.73978,0.77655,236319.64776762
2023-07-18,0.7782,0.7812,0.74,0.75769,157461.98932876
2023-07-19,0.75545,0.78,0.74894,0.7587,172742.84327813
2023-07-20,0.75951,0.7933,0.7534,0.76541,166128.70974408
2023-07-21,0.7667,0.7951,0.7623,0.785,141119.87458099
2023-07-22,0.7877,0.7947,0.76522,0.77402,63472.81797422
2023-07-23,0.77175,0.79211,0.7704,0.7821,72869.59944743
2023-07-24,0.7794,0.7848,0.72484,0.7457,176632.13909254
2023-07-25,0.7444,0.74939,0.73541,0.74161,80248.99949471
2023-07-26,0.74282,0.75267,0.73,0.7445,80564.43962537
2023-07-27,0.74079,0.74839,0.734,0.74229,30096.556885359998
2023-07-28,0.7445,0.7555,0.73894,0.7499,56963.67855893
2023-07-29,0.74891,0.75947,0.7471,0.75894,90276.81355975
2023-07-30,0.75935,0.77752,0.73896,0.7545,114364.95871549001
2023-07-31,0.7537,0.7614,0.7368,0.74694,79658.15779488
2023-08-01,0.7459,0.75181,0.70698,0.75,268202.83084359
2023-08-02,0.7506,0.756,0.72122,0.73025,85644.32987982
2023-08-03,0.73029,0.73529,0.7168,0.7204,28996.4750032
2023-08-04,0.71634,0.7295,0.71179,0.71833,145123.54537765
2023-08-05,0.71734,0.73,0.71009,0.72787,39497.9904275
2023-08-06,0.72882,0.73221,0.72226,0.72891,42271.39601064
2023-08-07,0.73159,0.74,0.70227,0.7209,269522.97003103
2023-08-08,0.72029,0.73011,0.7136,0.72521,109824.78128248
2023-08-09,0.72536,0.72963,0.7145,0.7222,103349.33079388
2023-08-10,0.7207,0.72433,0.71567,0.71688,87269.01986055
2023-08-11,0.7185,0.71928,0.7102,0.71532,81090.31443822
2023-08-12,0.71473,0.72786,0.7144,0.72671,57388.50139589
2023-08-13,0.72816,0.73,0.7164,0.72049,57306.43524931
2023-08-14,0.72011,0.72522,0.715,0.71879,48487.75280136
2023-08-15,0.71791,0.7198,0.65436,0.67943,220085.42121707
2023-08-16,0.6806,0.68223,0.61383,0.63062,374505.31052533
2023-08-17,0.62931,0.6434,0.5074,0.5696,1040698.23274899
2023-08-18,0.56866,0.58517,0.56462,0.57401,146778.43687092
2023-08-19,0.57461,0.58552,0.5698,0.5827,237210.33628667
2023-08-20,0.58366,0.593,0.57727,0.585,73550.81477224
2023-08-21,0.58619,0.58632,0.56306,0.5813,132555.76000681001
2023-08-22,0.5819,0.5831,0.55304,0.57679,99924.23881037
2023-08-23,0.57778,0.60067,0.5758,0.59321,317617.38678496
2023-08-24,0.59363,0.5969,0.5761,0.58542,141705.06361219
2023-08-25,0.58405,0.58857,0.57253,0.58698,72962.88253428
2023-08-26,0.58788,0.58974,0.58165,0.58411,37850.20818064
2023-08-27,0.5848,0.598,0.58134,0.59471,52116.17179642
2023-08-28,0.59375,0.59616,0.57597,0.59109,226806.57734655
2023-08-29,0.59044,0.63051,0.58,0.62174,338627.88722133
2023-08-30,0.62199,0.64349,0.61411,0.62959,155587.22061163
2023-08-31,0.63012,0.636,0.5745,0.58831,131809.70777056
2023-09-01,0.5897,0.59416,0.57345,0.58042,124559.58317815
2023-09-02,0.57954,0.58475,0.56797,0.57662,262594.71979102
2023-09-03,0.5773,0.59276,0.57321,0.5819,195256.70390914
2023-09-04,0.58222,0.59291,0.5713,0.58309,121456.82985863
2023-09-05,0.58285,0.5918,0.57487,0.59144,148290.03733146001
2023-09-06,0.59115,0.59319,0.56773,0.57993,180512.27194378
2023-09-07,0.58221,0.59008,0.57404,0.5862,212655.38323787
2023-09-08,0.58451,0.59328,0.5708,0.58486,129237.20818393
2023-09-09,0.58469,0.58587,0.57864,0.58379,19238.88339262
2023-09-10,0.5827,0.5827,0.52884,0.56371,399371.22695787
2023-09-11,0.56301,0.56399,0.52784,0.5416,154384.81582877
2023-09-12,0.54173,0.56904,0.5403,0.54692,204028.05125352
2023-09-13,0.54717,0.56792,0.5438,0.55395,359406.93631107
2023-09-14,0.5539,0.57001,0.5536,0.5669,121552.59306282
2023-09-15,0.5662,0.57819,0.56,0.57451,50208.71624464
2023-09-16,0.57749,0.58267,0.57301,0.5776,87651.34526406
2023-09-17,0.57576,0.57576,0.5551,0.55818,77303.52561843
2023-09-18,0.55801,0.58279,0.55178,0.57279,119277.94107074
2023-09-19,0.57353,0.5881,0.57104,0.58349,343196.94528055
2023-09-20,0.58383,0.5847,0.56819,0.57913,158357.74895306
2023-09-21,0.57889,0.5903,0.56516,0.57614,139300.63059805
2023-09-22,0.57702,0.58067,0.57184,0.57688,48846.08713049
2023-09-23,0.57769,0.5838,0.573,0.58224,40246.41646361
2023-09-24,0.5816,0.58691,0.57,0.57213,91963.78923991
2023-09-25,0.57196,0.57736,0.5633,0.57,61613.32307677
2023-09-26,0.56956,0.57259,0.55251,0.56264,89243.92834222
2023-09-27,0.56336,0.57363,0.55621,0.56091,156732.28411942
2023-09-28,0.56161,0.57586,0.559,0.57253,193986.24898821
2023-09-29,0.57244,0.58186,0.56985,0.5785,30733.69625712
2023-09-30,0.57889,0.5855,0.57691,0.58289,55675.52956515
2023-10-01,0.58282,0.60841,0.5818,0.60445,437354.10211781
2023-10-02,0.60507,0.60636,0.5775,0.58663,284507.90980237
2023-10-03,0.58805,0.62155,0.58341,0.58549,125069.82934999
2023-10-04,0.58509,0.58509,0.56048,0.57759,159041.8273358
2023-10-05,0.57714,0.58201,0.56,0.56611,154827.16736339
2023-10-06,0.56682,0.5756,0.55719,0.57021,70826.85000712
2023-10-07,0.57019,0.5786,0.56608,0.57003,169087.59568069
2023-10-08,0.57025,0.57194,0.56006,0.56778,48990.30788551
2023-10-09,0.56731,0.56758,0.5279,0.54252,921517.49195897
2023-10-10,0.54571,0.54625,0.53529,0.54285,111953.19713904
2023-10-11,0.54297,0.54441,0.53016,0.53811,268078.8993216
2023-10-12,0.53835,0.54115,0.5255,0.53667,210463.89751825
2023-10-13,0.53767,0.54922,0.5366,0.54365,142881.21390619
2023-10-14,0.54399,0.54782,0.54215,0.54284,121339.82263388
2023-10-15,0.54273,0.55266,0.53935,0.5471,83540.80141275
2023-10-16,0.54715,0.57511,0.54708,0.55846,229612.56121454
2023-10-17,0.55814,0.55903,0.53303,0.54316,104110.54714167
2023-10-18,0.54269,0.54887,0.52845,0.53493,233423.94828163
2023-10-19,0.53382,0.53708,0.52369,0.53615,180440.83775231
2023-10-20,0.5369,0.55696,0.53306,0.54695,138905.53677768
2023-10-21,0.54925,0.56495,0.5458,0.56047,206035.60259614998
2023-10-22,0.55818,0.56339,0.54615,0.56282,172255.00182554
2023-10-23,0.56324,0.59612,0.55822,0.59193,714676.00257007
2023-10-24,0.5926,0.6078,0.57222,0.59373,837099.58482559
2023-10-25,0.59266,0.60852,0.57695,0.59463,505524.55329714
2023-10-26,0.5943,0.62,0.57444,0.59746,691221.49242058
2023-10-27,0.59807,0.618,0.58901,0.60207,122700.67832194
2023-10-28,0.6007,0.6426,0.6007,0.62808,260244.17599833
2023-10-29,0.62875,0.65212,0.61388,0.62896,164588.54024498
2023-10-30,0.62917,0.63234,0.6107,0.62825,247045.08773288
2023-10-31,0.62721,0.65123,0.60422,0.63752,413569.16755934
2023-11-01,0.6382,0.66045,0.61309,0.65441,632511.63176303
2023-11-02,0.65441,0.66436,0.63,0.64905,480300.39251986
2023-11-03,0.64889,0.6626,0.62329,0.64934,252389.87715554
2023-11-04,0.64991,0.6638,0.6471,0.66,127626.75645205
2023-11-05,0.66159,0.69096,0.65849,0.6782,197921.70255262
2023-11-06,0.67707,0.703,0.6694,0.69935,132517.32175475
2023-11-07,0.69899,0.70686,0.66324,0.68994,387950.29830708
2023-11-08,0.68947,0.70824,0.6827,0.70246,195579.00041382
2023-11-09,0.70358,0.72048,0.6318,0.68273,550609.35766097
2023-11-10,0.68016,0.71333,0.66942,0.70938,275309.55819666
2023-11-11,0.70938,0.74113,0.69711,0.7249,553445.58425158
2023-11-12,0.71029,0.74319,0.699,0.73238,305553.0668669
2023-11-13,0.73244,0.7561,0.71387,0.7206,425361.31757813
2023-11-14,0.7206,0.72875,0.661,0.69564,402246.29913853
2023-11-15,0.6958,0.73361,0.69079,0.73042,199458.22985294
2023-11-16,0.72988,0.7511,0.68648,0.7058,298245.58504997
2023-11-17,0.70425,0.725,0.6822,0.71371,194986.85882456
2023-11-18,0.71151,0.71581,0.67452,0.71031,178102.93812859
2023-11-19,0.709,0.725,0.69613,0.72288,216571.7448428
2023-11-20,0.71981,0.73114,0.7,0.7056,318797.33857061
2023-11-21,0.70483,0.7191,0.63836,0.65037,921491.68941198
2023-11-22,0.64762,0.6829,0.64629,0.67808,243631.35775777
2023-11-23,0.67817,0.68307,0.6598,0.6741,189838.3179312
2023-11-24,0.67417,0.68914,0.67417,0.68298,203055.1778278
2023-11-25,0.68126,0.70091,0.68126,0.7007,168145.89047311
2023-11-26,0.701,0.70563,0.67905,0.7006,111658.12587315
2023-11-27,0.69993,0.7064,0.66293,0.67627,497476.44392662
2023-11-28,0.6752,0.6852,0.65836,0.6769,571010.62740433
2023-11-29,0.67614,0.68765,0.6717,0.67882,897229.38297066
2023-11-30,0.6797,0.68331,0.67173,0.67959,186969.70754813
2023-12-01,0.6765,0.6935,0.6741,0.69017,389303.42993874
2023-12-02,0.69018,0.7056,0.688,0.70048,304644.24946326
2023-12-03,0.70049,0.70538,0.69057,0.70076,72928.12517554
2023-12-04,0.7016,0.7296,0.69292,0.71778,293572.35296901
2023-12-05,0.71646,0.74744,0.71102,0.7431,308650.16125267
2023-12-06,0.74372,0.7526,0.71891,0.73961,235134.76107492
2023-12-07,0.74283,0.79168,0.74011,0.77032,297299.23460294
2023-12-08,0.77061,0.80031,0.75896,0.79732,316227.6336729
2023-12-09,0.8,0.87215,0.8,0.85266,537880.59462501
2023-12-10,0.85261,0.88,0.81461,0.83833,128733.81854923
2023-12-11,0.8382,0.84052,0.73762,0.76931,380516.85700136
2023-12-12,0.77129,0.79242,0.75677,0.78279,100278.38359324
2023-12-13,0.7837,0.78923,0.74124,0.78697,246649.31483825
2023-12-14,0.78658,0.80106,0.76,0.79183,422237.79069055
2023-12-15,0.79412,0.79999,0.75175,0.75409,283540.79348825
2023-12-16,0.75556,0.81042,0.74644,0.80703,215219.28271014
2023-12-17,0.80703,0.83148,0.79696,0.80057,471585.26071752
2023-12-18,0.8001,0.80384,0.7295,0.77843,401285.86271703
2023-12-19,0.77635,0.79025,0.75625,0.7611,67085.23585893
2023-12-20,0.76293,0.8048,0.75688,0.78923,346911.56990474
2023-12-21,0.78877,0.84749,0.7859,0.84432,118818.1919192
2023-12-22,0.84471,0.89277,0.83525,0.8484,462939.24351562
2023-12-23,0.84644,0.84688,0.8179,0.84145,74024.4053186
2023-12-24,0.84021,0.8457,0.80114,0.81997,137227.14196837
2023-12-25,0.81541,0.88617,0.80983,0.8823,301047.09306551
2023-12-26,0.88167,0.88877,0.8133,0.8722,286565.95686902
2023-12-27,0.87449,0.9082,0.83949,0.90649,203524.00021881
2023-12-28,0.9086,0.91322,0.86,0.8718,119041.905706
2023-12-29,0.87186,0.88219,0.82998,0.85,435481.45685241
2023-12-30,0.84889,0.87564,0.84082,0.8554,63697.25962014
2023-12-31,0.8541,0.8673,0.82116,0.84639,117183.79863524
2024-01-01,0.84647,0.88641,0.83955,0.88581,79829.21489928
2024-01-02,0.88759,0.8949,0.859,0.86633,361554.87764685
2024-01-03,0.8671,0.8782,0.58629,0.76923,1279145.66756834
2024-01-04,0.76921,0.78262,0.75634,0.77291,246690.68316568
2024-01-05,0.77551,0.776,0.72285,0.74665,338351.9161103
2024-01-06,0.74651,0.7488,0.70516,0.7401,151538.27801474
2024-01-07,0.7362,0.74775,0.69454,0.70129,244147.75670142
2024-01-08,0.70272,0.74064,0.66946,0.73916,270859.44088078
2024-01-09,0.73767,0.74118,0.67891,0.70938,267732.99956028
2024-01-10,0.7087,0.7672,0.69211,0.75177,344617.91854676
2024-01-11,0.7556,0.80564,0.74488,0.78343,386237.62284777
2024-01-12,0.78547,0.81004,0.73762,0.77101,308232.55237452
2024-01-13,0.7718,0.77258,0.74259,0.76421,194786.64549597
2024-01-14,0.76426,0.7703,0.74459,0.74928,92534.41721402
2024-01-15,0.74951,0.79404,0.74951,0.77983,244560.62553457
2024-01-16,0.77995,0.78657,0.7568,0.77544,117450.67868287
2024-01-17,0.77508,0.77848,0.74983,0.7621,86037.80690195
2024-01-18,0.76108,0.76199,0.70796,0.7182,169020.7467778
2024-01-19,0.7179,0.72444,0.68178,0.72217,215895.40609709
2024-01-20,0.72256,0.72771,0.71225,0.72755,306299.95526747
2024-01-21,0.72645,0.73459,0.7209,0.72232,315895.6910836
2024-01-22,0.72238,0.726,0.67649,0.69077,346743.88205817
2024-01-23,0.69118,0.70509,0.64444,0.67781,444633.96835245
2024-01-24,0.67631,0.69,0.6703,0.68891,44003.63447905
2024-01-25,0.68918,0.69358,0.67467,0.68941,290290.41754624
2024-01-26,0.68888,0.70729,0.68541,0.70449,187188.91315027
2024-01-27,0.70709,0.712,0.69624,0.70993,90836.1848231
2024-01-28,0.70983,0.73342,0.70073,0.70988,194432.90284542
2024-01-29,0.707,0.72,0.69588,0.71741,64267.54687874
2024-01-30,0.71808,0.72475,0.70085,0.701,112639.75808886
2024-01-31,0.70429,0.70534,0.67992,0.6892,147888.21515885
2024-02-01,0.69241,0.7043,0.67617,0.703,260833.14651977
2024-02-02,0.70296,0.71518,0.6966,0.71508,138506.30374289
2024-02-03,0.71373,0.73224,0.7098,0.7236,263851.77827224
2024-02-04,0.71965,0.71965,0.692,0.69665,78305.7645079
2024-02-05,0.69701,0.71099,0.68849,0.7093,106254.23047935
2024-02-06,0.71168,0.72302,0.71128,0.7123,258703.66168321
2024-02-07,0.7131,0.72377,0.7038,0.71911,175947.54722358
2024-02-08,0.72008,0.72605,0.71326,0.719,215838.01204555
2024-02-09,0.71951,0.75233,0.71951,0.74157,764285.94202934
2024-02-10,0.74306,0.74364,0.72585,0.73583,66839.74885564
2024-02-11,0.73476,0.74841,0.73042,0.73482,131520.51552183
2024-02-12,0.73579,0.75931,0.71868,0.75366,252791.93939116
2024-02-13,0.75694,0.7574,0.725,0.73812,431677.6494949
2024-02-14,0.73754,0.76077,0.7314,0.7567,215531.40474371
2024-02-15,0.7563,0.78024,0.75556,0.77221,519403.80137399
2024-02-16,0.77219,0.78256,0.74862,0.7669,355178.09520366
2024-02-17,0.76599,0.77279,0.7432,0.76805,160397.69062887
2024-02-18,0.76808,0.78485,0.76262,0.77639,208381.8930123
2024-02-19,0.77755,0.79187,0.7746,0.79165,464471.69285093
2024-02-20,0.79165,0.80582,0.75201,0.8,438676.64916653
2024-02-21,0.7956,0.79562,0.737,0.7633,192278.83217235
2024-02-22,0.76321,0.78236,0.75069,0.77262,469879.08938763
2024-02-23,0.77751,0.8797,0.76193,0.79932,1153167.62190171
2024-02-24,0.80251,0.8244,0.78057,0.8042,217338.54760801
2024-02-25,0.80259,0.80369,0.78745,0.79849,165747.54325341
2024-02-26,0.79924,0.81318,0.77513,0.81182,1029054.20318773
2024-02-27,0.81318,0.83646,0.80705,0.83359,1559167.8159143
2024-02-28,0.8325,0.86868,0.7739,0.82877,1470959.38385868
2024-02-29,0.82999,0.89346,0.82866,0.86109,707000.75692297
2024-03-01,0.86198,0.91143,0.85841,0.91143,145553.70952295
2024-03-02,0.91317,1.13,0.9081,1.1191,545139.53750429
2024-03-03,1.1076,1.1076,0.9702,1.0693,332445.28329082
2024-03-04,1.0688,1.148,1.0522,1.0999,407643.41515743
2024-03-05,1.0967,1.1603,0.90406,1.0302,916214.24721548
2024-03-06,1.0264,1.0697,0.97335,1.0697,1072591.67799897
2024-03-07,1.0706,1.3586,1.0636,1.2481,3268267.01805223
2024-03-08,1.2509,1.3315,1.1302,1.1952,633927.92570931
2024-03-09,1.1932,1.2263,1.1783,1.1988,211062.44968556
2024-03-10,1.1988,1.2156,1.1164,1.1439,499813.93413309
2024-03-11,1.1439,1.2666,1.0952,1.2306,2857197.71525669
2024-03-12,1.2314,1.2384,1.101,1.1818,614008.31845534
2024-03-13,1.1824,1.2184,1.1524,1.1829,296998.00287948
2024-03-14,1.1791,1.2093,1.0755,1.138,462769.15666359
2024-03-15,1.1394,1.1538,0.99687,1.0687,413892.0318394
2024-03-16,1.0651,1.085,0.9603,0.9869,474671.80268987
2024-03-17,0.98684,1.0239,0.93608,1.0161,196241.7212168
2024-03-18,1.009,1.0425,0.9517,0.98651,385199.8552365
2024-03-19,0.98301,0.99055,0.88136,0.91198,1267608.14692568
2024-03-20,0.90865,1.0099,0.88223,1.0008,307993.96075726
2024-03-21,1.0005,1.0297,0.98397,1.0138,145375.97861945
2024-03-22,1.0098,1.016,0.94855,0.9784,259810.93035268
2024-03-23,0.97645,1.0609,0.9714,1.0373,117587.02946822
2024-03-24,1.0399,1.0547,1.019,1.052,136105.07103043
2024-03-25,1.047,1.0826,1.041,1.0667,149249.44257669
2024-03-26,1.0656,1.101,1.0601,1.0888,1022330.79567511
2024-03-27,1.0872,1.1049,1.0334,1.06,527508.52632671
2024-03-28,1.0625,1.1222,1.0357,1.0987,598165.85789559
2024-03-29,1.0978,1.1355,1.08,1.1055,254943.45606164
2024-03-30,1.1036,1.1036,1.0684,1.0761,55720.50485302
2024-03-31,1.0748,1.1094,1.0745,1.1041,104046.06989863
2024-04-01,1.1026,1.116,1.019,1.0399,178544.21130058
2024-04-02,1.0383,1.0383,0.95379,0.96695,158760.85122498
2024-04-03,0.97009,0.98769,0.9341,0.95532,328275.56220716
2024-04-04,0.95194,1.0046,0.93881,0.99374,279087.54238481
2024-04-05,0.9918,1.003,0.95,0.99011,82232.66459513
2024-04-06,0.99084,1.0238,0.98769,1.022,167705.23096965
2024-04-07,1.0215,1.0427,1.0174,1.0294,379869.6133695
2024-04-08,1.0283,1.1424,1.0071,1.0994,535402.39085887
2024-04-09,1.1002,1.1342,1.0638,1.0691,523647.47727349
2024-04-10,1.0742,1.0793,1.0065,1.06,151539.25185993
2024-04-11,1.0557,1.1319,1.054,1.1172,396822.11699672
2024-04-12,1.1125,1.1518,0.82724,0.9381,1031707.34554323
2024-04-13,0.93339,0.93564,0.651,0.7316,1206337.27471993
2024-04-14,0.7299,0.78113,0.70227,0.77452,604055.05491398
2024-04-15,0.7724,0.81847,0.71816,0.75654,1649303.57997931
2024-04-16,0.75059,0.76279,0.71862,0.7497,392534.33437184
2024-04-17,0.74818,0.75849,0.70525,0.73235,319855.63279067
2024-04-18,0.73343,0.7665,0.71641,0.76026,177862.97394085
2024-04-19,0.7598,0.79231,0.7071,0.7763,248652.94191218
2024-04-20,0.77522,0.83217,0.77344,0.82409,124547.1983959
2024-04-21,0.82113,0.83121,0.79912,0.81231,201923.22180359002
2024-04-22,0.8141,0.86594,0.80959,0.84962,596564.11785694
2024-04-23,0.84962,0.85826,0.83344,0.8381,518663.89747838
2024-04-24,0.8381,0.87839,0.81412,0.82506,289409.44427507
2024-04-25,0.82506,0.96401,0.82104,0.84401,712349.59597894
2024-04-26,0.84231,0.84899,0.79959,0.83235,855216.57856367
2024-04-27,0.83417,0.83958,0.80086,0.80766,130241.96636266
2024-04-28,0.80602,0.828,0.78721,0.78954,63543.29647473
2024-04-29,0.7916,0.808,0.7744,0.80689,512701.28971846
2024-04-30,0.80528,0.82669,0.74309,0.7615,533178.42513739
2024-05-01,0.76546,0.78678,0.7132,0.78291,739224.92566041
2024-05-02,0.7798,0.83291,0.76345,0.82043,395265.17808996
2024-05-03,0.8182,0.84105,0.80297,0.83085,191180.58162795
2024-05-04,0.82937,0.83289,0.81566,0.819,43730.38889435
2024-05-05,0.81937,0.8334,0.80721,0.82539,43645.28508163
2024-05-06,0.8245,0.85096,0.81827,0.81827,197451.969177
2024-05-07,0.81715,0.82402,0.79081,0.79653,156587.62103011
2024-05-08,0.79679,0.81431,0.78161,0.79741,176845.90296483
2024-05-09,0.79832,0.825,0.7906,0.81881,24998.20062834
2024-05-10,0.819,0.83683,0.78399,0.79459,114725.41206253
2024-05-11,0.79066,0.79794,0.77811,0.78216,27045.84167873
2024-05-12,0.78269,0.79084,0.7699,0.77942,48708.003227
2024-05-13,0.78024,0.79242,0.754,0.78731,374445.83425846
2024-05-14,0.78521,0.79529,0.75601,0.75741,176919.51808594
2024-05-15,0.75992,0.80252,0.7497,0.80252,106606.91795373
2024-05-16,0.803,0.80819,0.7912,0.80654,164238.24778041
2024-05-17,0.80521,0.83071,0.799,0.82188,114881.24739398
2024-05-18,0.82151,0.82711,0.8099,0.81447,86270.4325727
2024-05-19,0.81222,0.81768,0.782,0.78465,67421.23510266
2024-05-20,0.78581,0.85686,0.7839,0.85289,358192.04466227
2024-05-21,0.85455,0.88719,0.83975,0.86944,272133.06058719
2024-05-22,0.86972,0.86972,0.8359,0.84527,151634.00410051
2024-05-23,0.84619,0.85803,0.77957,0.82271,242155.43715933
2024-05-24,0.82301,0.84628,0.81203,0.8442,45817.05974717
2024-05-25,0.84362,0.86357,0.83993,0.85149,52602.84878444
2024-05-26,0.85057,0.85221,0.82334,0.832,42496.77223345
2024-05-27,0.83235,0.85099,0.82426,0.84141,84803.9803132
2024-05-28,0.83893,0.83989,0.8,0.80929,146897.72182438
2024-05-29,0.80956,0.82445,0.80461,0.8068,162350.69521371
2024-05-30,0.80904,0.82345,0.786,0.81059,109695.98478424
2024-05-31,0.81,0.82781,0.79545,0.81619,145800.8660765
2024-06-01,0.81467,0.81569,0.80473,0.81,67195.64404592
2024-06-02,0.8112,0.81688,0.7949,0.7997,63957.13109333
2024-06-03,0.80027,0.82589,0.79381,0.80227,110519.48738731
2024-06-04,0.80138,0.813,0.788,0.813,100785.5959414
2024-06-05,0.81328,0.816,0.80149,0.80739,111777.90589897
2024-06-06,0.8059,0.80753,0.77495,0.78481,565991.58428865
2024-06-07,0.78414,0.80051,0.665,0.72803,475556.6600909
2024-06-08,0.72658,0.732,0.693,0.70228,194342.72141193
2024-06-09,0.70092,0.71339,0.69961,0.71031,80015.26704793
2024-06-10,0.70937,0.71716,0.69856,0.70721,55954.68672157
2024-06-11,0.70624,0.70763,0.665,0.68292,267763.05935904
2024-06-12,0.68439,0.71526,0.67324,0.70159,205278.09535903
2024-06-13,0.70199,0.70399,0.67092,0.67621,179257.63022234
2024-06-14,0.67617,0.68388,0.63461,0.6485,325928.46284388
2024-06-15,0.64912,0.66317,0.64651,0.66177,89651.80496432
2024-06-16,0.66218,0.66557,0.65083,0.65396,83514.19233503
2024-06-17,0.65308,0.65758,0.6,0.61622,304378.90046514
2024-06-18,0.61669,0.62,0.52591,0.5566,758353.34882956
2024-06-19,0.55651,0.57983,0.55249,0.57165,335004.18450574
2024-06-20,0.56891,0.59471,0.56579,0.57304,208191.71207348
2024-06-21,0.57361,0.58243,0.56279,0.56782,319130.95191514
2024-06-22,0.56525,0.57995,0.56066,0.57503,122896.36312521
2024-06-23,0.5736,0.5803,0.55715,0.56031,192385.87891325
2024-06-24,0.56099,0.5715,0.52972,0.57135,708880.17304603
2024-06-25,0.57074,0.5848,0.5674,0.57672,164853.84675664
2024-06-26,0.57609,0.58117,0.56493,0.57592,129372.19893578
2024-06-27,0.57637,0.59177,0.56689,0.5896,562251.40549656
2024-06-28,0.59043,0.59936,0.58359,0.5882,55590.82554213
2024-06-29,0.58756,0.59337,0.5648,0.56637,90743.9167099
2024-06-30,0.56717,0.58126,0.56,0.57903,27661.35766338
2024-07-01,0.57702,0.5881,0.57519,0.57837,236832.91426009
2024-07-02,0.57817,0.588,0.57593,0.58509,36775.68772531
2024-07-03,0.58427,0.58662,0.55418,0.56183,95741.57374492
2024-07-04,0.56247,0.56327,0.49642,0.50081,335169.35346524
2024-07-05,0.49795,0.49795,0.44154,0.48097,747794.59538407
2024-07-06,0.48078,0.52736,0.47962,0.52151,256716.13867425
2024-07-07,0.51872,0.52389,0.49097,0.49291,122900.77032871
2024-07-08,0.49383,0.52136,0.472,0.51282,272295.12187769
2024-07-09,0.51108,0.53616,0.51078,0.52321,169672.43916641
2024-07-10,0.5225,0.53109,0.51701,0.52569,104523.17570581
2024-07-11,0.52516,0.54225,0.51989,0.52102,96201.53103951
2024-07-12,0.52205,0.5274,0.51563,0.52637,77775.22489531
2024-07-13,0.52683,0.55258,0.52504,0.5502,129508.89416814
2024-07-14,0.54997,0.58087,0.54537,0.57727,312518.22495332
2024-07-15,0.57839,0.596,0.57459,0.59434,119679.9496213
2024-07-16,0.596,0.6108,0.578,0.59993,307611.0204003
2024-07-17,0.6006,0.62461,0.6006,0.60172,294862.67227498
2024-07-18,0.60274,0.61189,0.57442,0.58754,164548.80564959
2024-07-19,0.58953,0.61357,0.57747,0.60932,66042.83223506
2024-07-20,0.6085,0.61663,0.60181,0.60958,36885.85412671
2024-07-21,0.6096,0.62021,0.58515,0.60977,136611.1938784
2024-07-22,0.61047,0.6134,0.58139,0.58341,67452.04629851
2024-07-23,0.5851,0.59622,0.56601,0.58111,161100.58797923
2024-07-24,0.58403,0.61057,0.575,0.59021,208195.63573366
2024-07-25,0.59034,0.59585,0.5378,0.55819,449287.08280774
2024-07-26,0.55783,0.58018,0.55671,0.57999,158496.05306356
2024-07-27,0.57959,0.58883,0.57157,0.58298,105835.62556665
2024-07-28,0.57914,0.58363,0.565,0.56749,58628.22891546
2024-07-29,0.57112,0.6013,0.56691,0.57577,253190.57133966
2024-07-30,0.57504,0.58986,0.55928,0.57202,239070.28416678
2024-07-31,0.57094,0.60703,0.56997,0.58605,130769.03683096
2024-08-01,0.58792,0.58792,0.50965,0.54883,413807.96879915
2024-08-02,0.54885,0.55641,0.50481,0.52209,412253.60640178
2024-08-03,0.52132,0.52669,0.48306,0.49755,188560.88863252001
2024-08-04,0.49654,0.51542,0.46027,0.47187,620928.45333792
2024-08-05,0.47249,0.47581,0.39985,0.44794,895637.19885
2024-08-06,0.44638,0.47072,0.44638,0.45979,115601.13814639
2024-08-07,0.46001,0.4725,0.438,0.44741,107944.7903963
2024-08-08,0.44766,0.49249,0.44053,0.4889,176395.36801146
2024-08-09,0.48808,0.48808,0.46695,0.4774,2620335.64048422
2024-08-10,0.47668,0.49228,0.47327,0.48911,267468.87753059
2024-08-11,0.4879,0.49564,0.46242,0.46794,90397.29318105
2024-08-12,0.4687,0.50539,0.46826,0.5012,308552.20906408
2024-08-13,0.49977,0.52438,0.49208,0.50699,287937.04027749
2024-08-14,0.50805,0.50964,0.49341,0.50699,153901.37049122
2024-08-15,0.50699,0.5152,0.48746,0.48946,484394.63603796
2024-08-16,0.48932,0.50011,0.476,0.49562,64603.88012759
2024-08-17,0.49489,0.50849,0.4917,0.49998,185543.72807717
2024-08-18,0.50053,0.50322,0.486,0.49496,200585.58410466
2024-08-19,0.49,0.498,0.47905,0.48851,21061.1431793
2024-08-20,0.49011,0.50129,0.48466,0.4926,38466.23372537
2024-08-21,0.49304,0.52121,0.49102,0.51659,150416.63213099
2024-08-22,0.51672,0.53,0.51041,0.52939,472492.31122032
2024-08-23,0.52846,0.56612,0.5266,0.55727,372548.06402117
2024-08-24,0.55799,0.5629,0.54783,0.55515,86026.76765469
2024-08-25,0.55551,0.5567,0.532,0.53689,117152.03503282
2024-08-26,0.53768,0.53984,0.51511,0.52001,183717.44567654
2024-08-27,0.52141,0.52589,0.48392,0.49311,199052.9779413
2024-08-28,0.49284,0.50112,0.47463,0.4958,430629.68671692
2024-08-29,0.4968,0.50503,0.48269,0.48601,389698.27945315
2024-08-30,0.48595,0.49659,0.4728,0.48839,33526.2835682
2024-08-31,0.48881,0.49107,0.48065,0.48251,331747.68643032
2024-09-01,0.48127,0.48257,0.4518,0.45696,246209.08962331
2024-09-02,0.4567,0.47983,0.45634,0.47631,53492.55168945
2024-09-03,0.47736,0.48799,0.4541,0.45558,444478.16802245
2024-09-04,0.45558,0.4693,0.43465,0.46559,229664.78384934
2024-09-05,0.46478,0.472,0.458,0.46301,46307.64685501
2024-09-06,0.46362,0.47477,0.43997,0.4561,57421.760440930004
2024-09-07,0.45688,0.46922,0.45306,0.46368,46470.322474220004
2024-09-08,0.46282,0.48282,0.46,0.48267,14655.44967184
2024-09-09,0.48041,0.50215,0.47889,0.49425,444238.62435822
2024-09-10,0.49393,0.498,0.48673,0.49153,248552.18588482
2024-09-11,0.49077,0.49799,0.4773,0.49268,253575.07528024
2024-09-12,0.49362,0.50419,0.49362,0.50419,72843.45340333
2024-09-13,0.50339,0.51072,0.49701,0.50641,151234.09003545
2024-09-14,0.50519,0.50652,0.49696,0.49991,38657.83423726
2024-09-15,0.49933,0.50198,0.48061,0.48332,179907.54105094
2024-09-16,0.48131,0.48492,0.46798,0.47397,36983.32116333
2024-09-17,0.47308,0.48501,0.47047,0.48148,85188.48649581
2024-09-18,0.48041,0.49081,0.46891,0.49081,50392.57801181
2024-09-19,0.49111,0.51569,0.49111,0.50889,307981.62652041
2024-09-20,0.50959,0.52028,0.5054,0.51681,54665.31840816
2024-09-21,0.51593,0.52813,0.51459,0.52801,170045.78595882
2024-09-22,0.5286,0.5286,0.506,0.51801,84324.52080804
2024-09-23,0.5188,0.52854,0.51086,0.52366,79369.76317818
2024-09-24,0.52449,0.52947,0.51469,0.5272,72376.91729282
2024-09-25,0.52642,0.54139,0.5246,0.52591,173562.37658781
2024-09-26,0.52799,0.54672,0.52,0.53996,146754.27540215
2024-09-27,0.54002,0.54935,0.53824,0.54547,61202.22517713
2024-09-28,0.54561,0.55123,0.53,0.53691,149593.04241349
2024-09-29,0.53791,0.5444,0.5287,0.5397,39862.92699052
2024-09-30,0.54017,0.54744,0.5133,0.5136,160067.76740702
2024-10-01,0.51575,0.52479,0.465,0.47699,407072.3159172
2024-10-02,0.47569,0.488,0.46,0.4682,136244.91685055
2024-10-03,0.46719,0.4746,0.45465,0.46601,36079.59256298
2024-10-04,0.46779,0.48013,0.46576,0.4767,111895.45352412
2024-10-05,0.47801,0.48009,0.46623,0.47294,40902.64628983
2024-10-06,0.46998,0.48053,0.4679,0.4763,81664.8068889
2024-10-07,0.47646,0.48494,0.47004,0.472,176490.98688913
2024-10-08,0.47413,0.47826,0.46297,0.46872,113974.02900824
2024-10-09,0.46822,0.47384,0.45041,0.45641,106149.74129172
2024-10-10,0.45606,0.46394,0.4514,0.46281,37870.03126654
2024-10-11,0.46274,0.47791,0.46217,0.4773,194354.82786902
2024-10-12,0.47631,0.4839,0.47519,0.47658,81072.52647523
2024-10-13,0.4771,0.47829,0.46449,0.47219,120561.06242133
2024-10-14,0.47053,0.49564,0.46771,0.49393,289322.11613521
2024-10-15,0.49336,0.49701,0.47398,0.48824,85288.04554747
2024-10-16,0.48957,0.4945,0.4829,0.48714,57210.80362515
2024-10-17,0.4878,0.4917,0.47229,0.47875,41556.10342795
2024-10-18,0.47938,0.48432,0.47662,0.48322,30654.74094756
2024-10-19,0.48415,0.49192,0.48352,0.49003,47416.82029536
2024-10-20,0.49035,0.50486,0.48339,0.50397,142416.42006642
2024-10-21,0.5022,0.50545,0.48733,0.49041,99902.48300122
2024-10-22,0.49241,0.4946,0.48,0.48463,38597.35728491
2024-10-23,0.48385,0.48444,0.46064,0.46902,89355.68293773
2024-10-24,0.46867,0.47667,0.46159,0.4753,32507.97823932
2024-10-25,0.4753,0.47566,0.42366,0.44338,339664.91809518
2024-10-26,0.44111,0.44749,0.43667,0.4445,152729.8918465
2024-10-27,0.44491,0.45506,0.44267,0.4518,60082.31302862
2024-10-28,0.452,0.4582,0.44459,0.45673,215776.97797857
2024-10-29,0.45693,0.46955,0.45693,0.4679,187789.15075631
2024-10-30,0.46708,0.46858,0.45928,0.4634,97596.12002567
2024-10-31,0.46329,0.46329,0.43696,0.44165,164145.60005183
2024-11-01,0.44134,0.44399,0.42819,0.43482,237362.96962474
2024-11-02,0.43639,0.43937,0.42451,0.42794,41898.309270159996
2024-11-03,0.42801,0.42855,0.40727,0.41662,174716.05353613
2024-11-04,0.41519,0.4203,0.40089,0.4095,137105.22119939
2024-11-05,0.4094,0.42705,0.4094,0.42541,133672.24121367
2024-11-06,0.42608,0.45751,0.42491,0.45526,259974.84434956
2024-11-07,0.455,0.46956,0.45431,0.46634,283240.05837818
2024-11-08,0.46838,0.47482,0.4618,0.47482,171003.38980025
2024-11-09,0.4739,0.48849,0.46501,0.48808,102608.99186526
2024-11-10,0.48699,0.616,0.4855,0.57956,1295791.17718463
2024-11-11,0.57861,0.58581,0.54575,0.5837,579587.08750488
2024-11-12,0.58177,0.60175,0.53141,0.57546,418535.65154675
2024-11-13,0.5757,0.58118,0.52769,0.54887,572466.45290333
2024-11-14,0.54973,0.56914,0.52536,0.5483,296581.3221211
2024-11-15,0.54866,0.59905,0.54642,0.58409,547341.59206851
2024-11-16,0.58263,0.70732,0.58233,0.67319,1100342.86690565
2024-11-17,0.67281,0.68226,0.606,0.61581,501696.97098269
2024-11-18,0.61715,0.69219,0.61611,0.68179,1056844.26462155
2024-11-19,0.675,0.67701,0.63477,0.65395,203115.28129846
2024-11-20,0.65048,0.664,0.61,0.62198,276101.47900253
2024-11-21,0.62253,0.66909,0.60797,0.66909,372954.56190465
2024-11-22,0.66925,0.75075,0.65721,0.74243,973373.94328907
2024-11-23,0.74389,0.815,0.74389,0.76155,692726.90839382
2024-11-24,0.76225,0.918,0.76019,0.84897,1327241.04145194
2024-11-25,0.84999,0.85409,0.78258,0.80138,346193.67428295
2024-11-26,0.80221,0.84455,0.7598,0.79729,212160.67594137
2024-11-27,0.79138,0.836,0.77466,0.83109,286941.75286813
2024-11-28,0.83026,0.83026,0.7863,0.81603,133442.3414882
2024-11-29,0.81505,0.98,0.79412,0.95529,1337095.23067816
2024-11-30,0.96219,0.99888,0.92381,0.9387,527307.36586034
2024-12-01,0.9344,1.1271,0.91428,1.1012,1316906.43920586
2024-12-02,1.1034,1.1981,1.0636,1.1133,839867.82567745
2024-12-03,1.1176,1.3029,1.0261,1.2906,1484038.08013679
2024-12-04,1.3036,1.5375,1.2904,1.3303,1493970.09337219
2024-12-05,1.3268,1.5157,1.2701,1.3535,989272.72088272
2024-12-06,1.3527,1.3961,1.2853,1.3679,825749.92302795
2024-12-07,1.3578,1.3814,1.3124,1.3517,402805.47280126
2024-12-08,1.3427,1.3673,1.2807,1.3282,463838.57905933
2024-12-09,1.3201,1.3201,0.92085,1.06,1232047.22790491
2024-12-10,1.056,1.079,0.91971,1.0452,826185.24404773
2024-12-11,1.0467,1.1118,0.99134,1.0961,480203.82034952
2024-12-12,1.0882,1.156,1.0792,1.0954,431692.38534741
2024-12-13,1.096,1.1174,1.0489,1.1065,480967.19729696
2024-12-14,1.1072,1.1072,1.016,1.0394,239451.11908302
2024-12-15,1.041,1.0987,1.0137,1.0794,263376.00032945
2024-12-16,1.0841,1.1052,1.015,1.0353,465854.41107688
2024-12-17,1.0302,1.088,1.0153,1.0271,283209.05807978
2024-12-18,1.0298,1.0397,0.8888,0.89997,947396.61431859
2024-12-19,0.90227,0.92629,0.802,0.82008,712770.31034968
2024-12-20,0.82469,0.85495,0.7052,0.84131,995682.00671826
2024-12-21,0.84069,0.88833,0.77917,0.78902,582721.11198866
2024-12-22,0.78663,0.81404,0.76577,0.78618,270336.87433776
2024-12-23,0.78444,0.85643,0.76329,0.84588,526935.50839852
2024-12-24,0.84487,0.89004,0.82546,0.87241,416753.84698903
2024-12-25,0.87054,0.87784,0.83131,0.84449,272094.9259529
2024-12-26,0.84644,0.84644,0.7731,0.78155,284697.2140331
2024-12-27,0.78303,0.824,0.77775,0.78236,123245.88697243
2024-12-28,0.78609,0.814,0.77695,0.80792,57517.75623899
2024-12-29,0.80711,0.81916,0.76938,0.78009,286698.94238686
2024-12-30,0.77509,0.805,0.74881,0.77168,267936.73773979
2024-12-31,0.77546,0.80915,0.75237,0.77709,321347.4327204
2025-01-01,0.77565,0.82301,0.75951,0.81331,218255.759054
2025-01-02,0.81531,0.83784,0.81314,0.82221,527496.38020237
2025-01-03,0.82248,0.96,0.8146,0.92573,803490.97330015
2025-01-04,0.92865,0.95363,0.89011,0.9041,230700.77202272
2025-01-05,0.89906,0.9075,0.88149,0.904,116704.9739818
2025-01-06,0.90233,0.94104,0.88974,0.91555,204922.17653028
2025-01-07,0.91819,0.93089,0.81719,0.82066,466004.96509691
2025-01-08,0.82103,0.83189,0.75314,0.79825,578005.53949973
2025-01-09,0.79452,0.80593,0.76067,0.7811,324862.62978294
2025-01-10,0.78267,0.8175,0.77955,0.80108,378428.5350764
2025-01-11,0.79689,0.82085,0.78271,0.80851,205484.35877163
2025-01-12,0.8066,0.81235,0.77627,0.78804,461656.72051984
2025-01-13,0.78708,0.80894,0.71113,0.76701,860199.34067203
2025-01-14,0.76331,0.80075,0.76221,0.79662,468533.62132923
2025-01-15,0.7979,0.87784,0.79355,0.87001,586654.13432751
2025-01-16,0.86997,0.97345,0.84163,0.92685,824691.24219822
2025-01-17,0.93147,1.0323,0.93147,0.98853,577850.97851451
2025-01-18,0.98984,0.99204,0.89452,0.92658,349510.76363282
2025-01-19,0.92751,0.94959,0.796,0.81488,627568.36328896
2025-01-20,0.81179,0.89016,0.78835,0.82229,862538.09984516
2025-01-21,0.8226,0.864,0.79065,0.84481,657143.6173807
2025-01-22,0.84929,0.84945,0.80357,0.80665,239207.62695101
2025-01-23,0.80505,0.81227,0.7676,0.80038,386005.58791088
2025-01-24,0.80175,0.83215,0.77268,0.79408,250214.98041434
2025-01-25,0.79017,0.81592,0.78576,0.80867,50217.04493893
2025-01-26,0.80323,0.81678,0.776,0.77826,29064.04663127
2025-01-27,0.77463,0.77673,0.7,0.765,1210661.655036
2025-01-28,0.7657,0.77973,0.719,0.72259,185278.08478185
2025-01-29,0.72205,0.76,0.7114,0.75319,81322.38265014
2025-01-30,0.73741,0.7835,0.72931,0.76779,115066.11817266
2025-01-31,0.77059,0.82109,0.75385,0.78709,201215.0155045
2025-02-01,0.78428,0.8201,0.73408,0.74406,221708.6704394
2025-02-02,0.73961,0.75824,0.60129,0.63926,1248758.71395123
2025-02-03,0.63479,0.65401,0.49128,0.64394,1083048.79575266
2025-02-04,0.6496,0.65483,0.574,0.6137,423922.28939005
2025-02-05,0.61275,0.62938,0.59091,0.60104,79567.56111575
2025-02-06,0.60315,0.6129,0.56983,0.57751,132186.50775027
2025-02-07,0.5811,0.61387,0.56581,0.58451,111113.20768749
2025-02-08,0.5892,0.60455,0.577,0.60455,103329.9507774
2025-02-09,0.60606,0.62017,0.57947,0.60276,580969.21705532
2025-02-10,0.60853,0.65046,0.58752,0.63981,166402.66668651
2025-02-11,0.64432,0.66914,0.61,0.6236,59528.306240570004
2025-02-12,0.62478,0.67128,0.61648,0.66415,165541.62457802
2025-02-13,0.65969,0.66149,0.63428,0.64395,84753.99258532
2025-02-14,0.64746,0.682,0.6405,0.66587,111469.29405939
2025-02-15,0.66383,0.67422,0.642,0.64643,22573.26568997
2025-02-16,0.64608,0.64695,0.62551,0.62954,113309.24032379
2025-02-17,0.63784,0.65532,0.622,0.64055,55802.67599178
2025-02-18,0.6382,0.64,0.59731,0.61545,104482.62244848
2025-02-19,0.61612,0.634,0.60469,0.63393,80053.27492378
2025-02-20,0.636,0.65826,0.63511,0.6458,107620.19773397
2025-02-21,0.644,0.666,0.61,0.62219,89586.64049946
2025-02-22,0.62002,0.65082,0.62002,0.64461,71553.66403769
2025-02-23,0.64481,0.66099,0.63746,0.64263,319954.66243313
2025-02-24,0.64206,0.644,0.55674,0.5683,311107.63016407
2025-02-25,0.5683,0.574,0.52893,0.56526,1213096.31354663
2025-02-26,0.5636,0.57178,0.54,0.55829,179211.53833079
2025-02-27,0.56111,0.57637,0.55027,0.56342,107674.75236365
2025-02-28,0.56519,0.56768,0.51414,0.56351,295003.40490685
2025-03-01,0.56246,0.56955,0.5441,0.564,220534.43467495
2025-03-02,0.56161,0.644,0.55945,0.64019,371407.04157649
2025-03-03,0.64394,0.64761,0.54426,0.55348,222203.88920175
2025-03-04,0.55369,0.5553,0.50343,0.53491,586033.82715444
2025-03-05,0.53434,0.56369,0.5297,0.55545,327194.75651336
2025-03-06,0.5557,0.57,0.53729,0.54591,304531.28535863
2025-03-07,0.54011,0.57443,0.51301,0.54706,454250.75489102
2025-03-08,0.54544,0.54923,0.53327,0.53651,357743.08223044
2025-03-09,0.5357,0.53957,0.47772,0.482,869997.27869821
2025-03-10,0.49199,0.514,0.45294,0.462,450016.2196379
2025-03-11,0.46482,0.50187,0.43708,0.49515,202210.91732084
2025-03-12,0.48742,0.50929,0.47415,0.49781,368237.16441901
2025-03-13,0.50094,0.51,0.48464,0.49815,278326.1129718
2025-03-14,0.49819,0.51644,0.49679,0.50399,195008.16489856
2025-03-15,0.50301,0.50803,0.49867,0.50611,50610.77017864
2025-03-16,0.5047,0.51035,0.47301,0.47788,130217.21433933
2025-03-17,0.47922,0.50558,0.47842,0.50239,95933.17474761
2025-03-18,0.50146,0.588,0.48814,0.57702,539302.20764289
2025-03-19,0.57431,0.66977,0.56001,0.58129,876280.18795864
2025-03-20,0.58059,0.60015,0.55153,0.55578,86497.78462998
2025-03-21,0.55465,0.5702,0.534,0.55182,425459.09804151
2025-03-22,0.55149,0.55992,0.54319,0.54923,150360.73162012
2025-03-23,0.546,0.57471,0.54582,0.56276,52939.38402938
2025-03-24,0.56233,0.5835,0.55,0.57056,222195.80147752
2025-03-25,0.57153,0.58597,0.56444,0.56973,44454.03248373
2025-03-26,0.5729,0.59561,0.57107,0.5822,128915.1200209
2025-03-27,0.58641,0.58923,0.56476,0.58253,81404.25559461
2025-03-28,0.58364,0.604,0.57,0.57,274618.78425275
2025-03-29,0.5686,0.58748,0.54361,0.5508,96949.31409051
2025-03-30,0.54588,0.62,0.5436,0.5974,695167.98616777
2025-03-31,0.5978,0.65147,0.57546,0.61968,717597.67081293
2025-04-01,0.61696,0.712,0.6043,0.68836,791271.37925528
2025-04-02,0.69221,0.87144,0.67484,0.79331,1040949.0442809
2025-04-03,0.79967,0.89605,0.77775,0.85748,270694.83580962
2025-04-04,0.85397,0.86749,0.77922,0.78737,222042.85899038
2025-04-05,0.79628,0.8147,0.74844,0.75198,220867.3146191
2025-04-06,0.7511,0.79559,0.7145,0.71683,241509.90924499
2025-04-07,0.71699,0.784,0.67634,0.76549,528183.22661291
2025-04-08,0.76935,0.8008,0.66139,0.67133,253093.30206882
2025-04-09,0.668,0.72195,0.63726,0.70418,664880.01049144
2025-04-10,0.70277,0.71478,0.60714,0.6181,1942948.35939921
2025-04-11,0.6181,0.66317,0.61321,0.6187,1632554.68645717
2025-04-12,0.61678,0.71211,0.58967,0.70336,5268929.17892325
2025-04-13,0.70316,0.70422,0.60238,0.61053,2851156.50904242
2025-04-14,0.60739,0.63258,0.60285,0.61128,636464.81991812
2025-04-15,0.61207,0.625,0.584,0.58859,751189.0972708
2025-04-16,0.59009,0.642,0.5867,0.59829,1287921.15007971
2025-04-17,0.5992,0.64219,0.59711,0.62452,780685.03630693
2025-04-18,0.62714,0.63359,0.61245,0.619,486870.13615081
2025-04-19,0.62279,0.64,0.61446,0.63659,213337.82451033
2025-04-20,0.63707,0.668,0.62,0.65442,933395.14199137
2025-04-21,0.65423,0.66447,0.62595,0.62768,598808.63063209
2025-04-22,0.62931,0.674,0.62174,0.6649,451207.2230578
2025-04-23,0.66587,0.6867,0.65293,0.68206,870187.29394027
2025-04-24,0.68201,0.68613,0.63502,0.68257,666909.38951465
2025-04-25,0.67833,0.69244,0.66512,0.68471,266087.00064553
2025-04-26,0.68564,0.71602,0.67047,0.68111,434767.01754652
2025-04-27,0.68261,0.68785,0.6567,0.66831,431477.74617206
2025-04-28,0.66836,0.70209,0.66079,0.69057,562814.63574941
2025-04-29,0.69133,0.706,0.676,0.68353,400674.0479904
2025-04-30,0.6838,0.69272,0.657,0.67368,1066573.58965962
2025-05-01,0.67356,0.708,0.67093,0.70184,203272.60662928
2025-05-02,0.70353,0.76091,0.695,0.72302,828907.9735645
2025-05-03,0.72227,0.74459,0.714,0.72782,279776.21674854
2025-05-04,0.72565,0.7337,0.6844,0.6954,179777.41477431
2025-05-05,0.69477,0.724,0.69226,0.7052,716788.08076125
2025-05-06,0.70413,0.7103,0.66505,0.69039,463507.75420149
2025-05-07,0.68974,0.84036,0.68974,0.81959,1865395.38596238
2025-05-08,0.81946,0.8662,0.80535,0.85551,2880175.57934125
2025-05-09,0.85715,0.888,0.83881,0.85467,1405231.66068419
2025-05-10,0.85443,0.99729,0.84882,0.93685,2820497.00058548
2025-05-11,0.93806,0.94482,0.86933,0.92336,910236.25274603
2025-05-12,0.92589,0.97824,0.85424,0.88254,1731005.95000406
2025-05-13,0.88359,0.89837,0.83907,0.88768,617931.37928637
2025-05-14,0.88913,0.91403,0.79051,0.79676,3172007.79231305
2025-05-15,0.79476,0.80344,0.76001,0.7821,1268208.30939751
2025-05-16,0.7836,0.86838,0.78187,0.843,2343229.51863497
2025-05-17,0.84173,0.84487,0.77878,0.80761,777550.18495333
2025-05-18,0.80897,0.84641,0.77345,0.81778,424525.28260188
2025-05-19,0.81468,0.81468,0.75228,0.77578,850715.66528523
2025-05-20,0.77717,0.79034,0.75647,0.78656,702356.02845487
2025-05-21,0.78715,0.7921,0.72263,0.75831,872590.23325642
2025-05-22,0.76807,0.77201,0.74854,0.76438,664505.2797728
2025-05-23,0.76238,0.82,0.72714,0.72714,720292.80350989
2025-05-24,0.72943,0.75033,0.72067,0.73237,224572.07048453
2025-05-25,0.73216,0.80379,0.712,0.76491,508291.07916057
2025-05-26,0.76788,0.79667,0.75503,0.774,323439.61487151
2025-05-27,0.772,0.77493,0.75105,0.77186,84538.55390854
2025-05-28,0.77155,0.77303,0.74882,0.75974,52315.27726424
2025-05-29,0.76112,0.77042,0.72885,0.73901,62154.76794702
2025-05-30,0.73888,0.74611,0.61334,0.61334,356655.5515848
2025-05-31,0.61334,0.6319,0.61031,0.623,55831.22916239
2025-06-01,0.623,0.65827,0.61776,0.65032,82250.72479104
2025-06-02,0.64685,0.65048,0.60292,0.64108,149736.28339741
2025-06-03,0.64108,0.65042,0.63414,0.63632,21384.32821786
2025-06-04,0.6375,0.67418,0.60175,0.61612,124061.18704712
2025-06-05,0.61202,0.6208,0.5692,0.5991,42336.99773165
2025-06-06,0.59918,0.61984,0.56506,0.56603,26018.80160647
2025-06-07,0.58949,0.6121,0.57,0.59966,11368.18109706
2025-06-08,0.6037,0.6037,0.54308,0.59339,37652.31377591
2025-06-09,0.5799,0.59285,0.52305,0.59,180137.3068876
2025-06-10,0.5898,0.636,0.53939,0.597,128193.22431255999
2025-06-11,0.597,0.74,0.52139,0.61762,746705.60058085
2025-06-12,0.61762,0.61762,0.55776,0.56846,9836.15394519
2025-06-13,0.5873,0.59887,0.5319,0.555,38429.32221018
2025-06-14,0.535,0.554,0.52376,0.53574,9577.54310327
2025-06-15,0.53308,0.5605,0.462,0.52673,39196.47045615
2025-06-16,0.52789,0.542,0.51146,0.5302,32744.28972308
2025-06-17,0.5336,0.53773,0.46368,0.51974,67136.01115639
2025-06-18,0.51951,0.524,0.49,0.51317,22990.52107626
2025-06-19,0.51351,0.51751,0.50372,0.50949,12337.83098394
2025-06-20,0.50949,0.52752,0.49,0.499,29121.98500181
2025-06-21,0.4982,0.5112,0.455,0.47151,88096.98133876
2025-06-22,0.47373,0.47925,0.45305,0.47486,8571.96855617
2025-06-23,0.47611,0.51399,0.46856,0.51297,6556.70147577
2025-06-24,0.51298,0.52548,0.5004,0.51031,43228.33306332
2025-06-25,0.51001,0.52579,0.5011,0.50669,12372.25468254
2025-06-26,0.5073,0.51441,0.49052,0.49157,2675.92833843
2025-06-27,0.49176,0.50097,0.48518,0.49283,2209.5486718399998
2025-06-28,0.49368,0.50269,0.4889,0.50041,1693.38405637
2025-06-29,0.5001,0.514,0.49249,0.51141,8718.81378328
2025-06-30,0.51201,0.51448,0.49009,0.49524,39011.99079808
2025-07-01,0.49511,0.49511,0.47283,0.47283,5783.33538754
2025-07-02,0.47741,0.50581,0.47444,0.49995,8905.57123479
2025-07-03,0.4988,0.506,0.49497,0.49849,11422.30042603
2025-07-04,0.4984,0.49911,0.47452,0.47942,2700.06072483
2025-07-05,0.48162,0.48233,0.474,0.47981,3002.75187465
2025-07-06,0.47978,0.48861,0.47409,0.48357,23792.05681798
2025-07-07,0.48348,0.50899,0.47679,0.4908,51255.20598911
2025-07-08,0.48412,0.50897,0.484,0.5039,3770.90784836
2025-07-09,0.49802,0.526,0.49801,0.526,17242.54795478
2025-07-10,0.5218,0.55166,0.51153,0.54534,29307.94943189
2025-07-11,0.54246,0.55843,0.53,0.54076,59360.31980748
2025-07-12,0.54028,0.54675,0.51232,0.52879,12241.40101213
2025-07-13,0.53113,0.55691,0.53037,0.5507,23880.73111777
2025-07-14,0.54815,0.5751,0.538,0.54825,44997.78843075
2025-07-15,0.54675,0.55504,0.532,0.55504,38354.36599922
2025-07-16,0.55504,0.56847,0.54624,0.55865,74603.85338949
2025-07-17,0.56216,0.56847,0.52505,0.56618,154071.0554467
2025-07-18,0.56161,0.59393,0.516,0.57203,51087.61892985
2025-07-19,0.57899,0.60388,0.54252,0.58642,39412.2831274
2025-07-20,0.59062,0.62801,0.57666,0.60718,17763.09905794
2025-07-21,0.61318,0.63837,0.585,0.60246,11784.99740146
2025-07-22,0.60174,0.60533,0.57963,0.60174,59414.21853526
2025-07-23,0.60047,0.66205,0.57707,0.60611,111356.04555239
2025-07-24,0.60714,0.61066,0.55111,0.57425,45390.83679327
2025-07-25,0.57424,0.576,0.55333,0.57474,15998.22893984
2025-07-26,0.57564,0.57717,0.56947,0.57421,1434.38477482
2025-07-27,0.56997,0.584,0.56996,0.584,3270.82037772
2025-07-28,0.57848,0.59013,0.53657,0.54673,40051.05793043
2025-07-29,0.54543,0.55588,0.53422,0.54543,8549.74404869
2025-07-30,0.54076,0.54482,0.51015,0.53544,15032.5173151
2025-07-31,0.53417,0.54115,0.512,0.512,8424.65832194
2025-08-01,0.512,0.51248,0.4874,0.49838,27503.16752968
2025-08-02,0.50029,0.50431,0.47709,0.4889,8546.09859792
2025-08-03,0.488,0.50056,0.481,0.496,2102.2700187
2025-08-04,0.49919,0.512,0.498,0.512,2983.63324401
2025-08-05,0.51109,0.52088,0.50005,0.50508,6379.6686294
2025-08-06,0.5002,0.51021,0.49,0.50781,4577.43868856
2025-08-07,0.51,0.53058,0.50603,0.53058,15981.05180841
2025-08-08,0.532,0.534,0.52158,0.52978,16483.68449134
2025-08-09,0.53035,0.54905,0.52767,0.53983,28824.67462976
2025-08-10,0.54604,0.55086,0.52859,0.53592,23122.6421194
2025-08-11,0.53838,0.56,0.51982,0.52592,65617.37523993
2025-08-12,0.52724,0.55234,0.52392,0.54985,9919.67040465
2025-08-13,0.55,0.59919,0.54607,0.57107,38336.91428153
2025-08-14,0.57074,0.578,0.50505,0.51501,23240.27215519
2025-08-15,0.51459,0.5235,0.4902,0.50289,19798.15275888
2025-08-16,0.50441,0.514,0.50282,0.51065,15969.99278331
2025-08-17,0.51091,0.52038,0.5069,0.5142,15099.74365141
2025-08-18,0.51111,0.51111,0.49,0.4985,17667.20509048
2025-08-19,0.49732,0.50433,0.48448,0.48448,61287.25866059
2025-08-20,0.48448,0.50211,0.48142,0.50171,13092.19070909
2025-08-21,0.4994,0.5112,0.4873,0.489,36957.97089527
2025-08-22,0.4891,0.52072,0.47738,0.5191,39131.63000487
2025-08-23,0.51909,0.52943,0.51291,0.51391,22867.16630618
2025-08-24,0.51709,0.52703,0.49839,0.5101,89792.4379361
2025-08-25,0.50961,0.52142,0.47034,0.48048,44185.91181581
2025-08-26,0.48037,0.49482,0.47497,0.4924,60400.31533355
2025-08-27,0.4914,0.50899,0.4892,0.49757,43037.43298872
2025-08-28,0.49939,0.514,0.49707,0.51128,30380.54655126
2025-08-29,0.51153,0.51153,0.48348,0.48972,3274.11263257
2025-08-30,0.49094,0.50126,0.48622,0.4959,47691.40924333
2025-08-31,0.49819,0.50009,0.49,0.49,1930.32349039
2025-09-01,0.49001,0.50029,0.474,0.47776,6719.66787106
2025-09-02,0.48499,0.48778,0.48153,0.48554,655.13536515
2025-09-03,0.48447,0.48789,0.48288,0.48649,1258.37586523
2025-09-04,0.4871,0.51225,0.44625,0.45491,13110.61458499
2025-09-05,0.45514,0.494,0.45046,0.4748,2277.87468223
2025-09-06,0.46917,0.48976,0.46,0.466,2109.50865293
2025-09-07,0.466,0.48499,0.464,0.475,2003.17746241
2025-09-08,0.47982,0.49,0.46826,0.47565,4157.27255995
2025-09-09,0.47999,0.49989,0.466,0.47264,4832.67355477
2025-09-10,0.47522,0.48999,0.46234,0.48298,6040.88613861
2025-09-11,0.47573,0.48278,0.46056,0.47521,9123.00267447
2025-09-12,0.47933,0.49799,0.47753,0.49043,6323.6658563500005
2025-09-13,0.49052,0.50554,0.48902,0.50077,2222.30299042
2025-09-14,0.49596,0.51,0.482,0.48959,3657.40141665
2025-09-15,0.4972,0.50599,0.47001,0.47214,1895.45209734
2025-09-16,0.47201,0.51,0.468,0.468,9164.46808407
2025-09-17,0.47506,0.48696,0.472,0.48022,1255.26096093
2025-09-18,0.48434,0.51,0.47973,0.48691,7658.5282771600005
2025-09-19,0.48801,0.48801,0.465,0.46983,2070.87230731
2025-09-20,0.46987,0.50787,0.46937,0.47163,5351.824252410001
2025-09-21,0.474,0.48019,0.46344,0.46344,1565.70443765
2025-09-22,0.462,0.49,0.42,0.42562,23960.8021931
2025-09-23,0.42652,0.466,0.41885,0.42399,5536.24382412
2025-09-24,0.42332,0.43642,0.42001,0.42293,6259.09287836
2025-09-25,0.42,0.42447,0.39245,0.39805,27109.67036762
2025-09-26,0.39885,0.42799,0.39625,0.40966,6538.52323502
2025-09-27,0.40967,0.43039,0.40224,0.404,3184.4369385
2025-09-28,0.40224,0.436,0.39994,0.41351,2725.64472651
2025-09-29,0.41256,0.43888,0.40046,0.40588,5251.51304054
2025-09-30,0.40275,0.40275,0.3814,0.39205,69662.26214467
2025-10-01,0.3942,0.41347,0.38876,0.4091,49087.92126304
2025-10-02,0.40956,0.424,0.40956,0.41661,14124.66970849
2025-10-03,0.41476,0.42292,0.40769,0.41444,12656.70414266
2025-10-04,0.41434,0.43556,0.40101,0.40858,7294.96300102
2025-10-05,0.40356,0.42979,0.40356,0.4082,10572.64004089
2025-10-06,0.41546,0.42975,0.40895,0.40895,7929.5292072
2025-10-07,0.40905,0.4282,0.39655,0.3995,22557.44831064
2025-10-08,0.3995,0.42567,0.39245,0.41207,12470.86236143
2025-10-09,0.4125,0.4125,0.37998,0.38552,30080.46142533
2025-10-10,0.38709,0.43,0.20367,0.28188,94784.98864336
2025-10-11,0.28657,0.33,0.26623,0.29591,52924.46697293
2025-10-12,0.2831,0.32,0.275,0.312,22108.04700717
2025-10-13,0.3059,0.33043,0.3054,0.32748,18505.10911343
2025-10-14,0.32892,0.33153,0.30015,0.33064,29971.22772453
2025-10-15,0.31569,0.31898,0.305,0.305,6175.4969436
2025-10-16,0.308,0.31653,0.28443,0.28967,18153.83311162
2025-10-17,0.29002,0.29002,0.26759,0.28539,22946.4344741
2025-10-18,0.28353,0.29411,0.28254,0.28521,4429.48483533
2025-10-19,0.28463,0.29322,0.28255,0.28912,6256.54693764
2025-10-20,0.28681,0.29699,0.28572,0.29239,9235.9233692
2025-10-21,0.29159,0.301,0.28106,0.28666,7432.37993656
2025-10-22,0.28667,0.28667,0.27743,0.28206,6310.80135412
2025-10-23,0.27812,0.29,0.2776,0.28569,14057.1698081
2025-10-24,0.2881,0.295,0.2881,0.29468,4999.67761088
2025-10-25,0.29375,0.29474,0.29148,0.29381,990.39748573
2025-10-26,0.29149,0.31156,0.29141,0.2995,2378.57143581
2025-10-27,0.2995,0.30832,0.29701,0.2976,12124.31827213
2025-10-28,0.30337,0.30342,0.28237,0.28423,2075.77554142
2025-10-29,0.28418,0.29295,0.277,0.29295,8407.06870754
2025-10-30,0.28173,0.29399,0.261,0.26436,9782.80282717
2025-10-31,0.26727,0.27656,0.26106,0.2691,15335.95903957
2025-11-01,0.26696,0.286,0.26476,0.28599,8402.88664919
2025-11-02,0.27205,0.29399,0.268,0.27055,7416.8818612
2025-11-03,0.27255,0.285,0.24555,0.25148,27594.81137293
2025-11-04,0.25152,0.277,0.239,0.24591,14049.77472771
2025-11-05,0.24592,0.278,0.2436,0.25365,4810.83211399
2025-11-06,0.25265,0.302,0.248,0.29475,7674.98587334
2025-11-07,0.261,0.33538,0.261,0.31261,31943.19185432
2025-11-08,0.31253,0.31598,0.288,0.29458,3467.40064827
2025-11-09,0.29544,0.302,0.283,0.2917,3989.28098124
2025-11-10,0.297,0.30381,0.28987,0.30381,13769.02347931
2025-11-11,0.2972,0.316,0.284,0.28401,4292.40989745
2025-11-12,0.289,0.29899,0.266,0.269,22554.46996549
2025-11-13,0.26843,0.293,0.24701,0.25864,7204.99019888
2025-11-14,0.25126,0.2899,0.2445,0.24835,6266.08031801
2025-11-15,0.25346,0.29437,0.25,0.25001,14182.89891702
2025-11-16,0.26723,0.269,0.23595,0.24116,2596.79385473
2025-11-17,0.24236,0.25989,0.23254,0.239,26911.99874655
2025-11-18,0.25999,0.26,0.236,0.236,10168.9953081
2025-11-19,0.236,0.247,0.22332,0.233,28970.62572383
2025-11-20,0.23591,0.24689,0.21209,0.21842,21514.58156888
2025-11-21,0.22114,0.22999,0.205,0.21102,20350.95986738
2025-11-22,0.21169,0.21262,0.20451,0.20939,14722.61014161
2025-11-23,0.20731,0.23979,0.20731,0.21963,3034.05444998
2025-11-24,0.2113,0.22192,0.2085,0.21131,2449.19118484
2025-11-25,0.21108,0.21807,0.20201,0.20442,1516.61210677
2025-11-26,0.21299,0.234,0.20201,0.22378,11636.69054651
2025-11-27,0.20641,0.224,0.206,0.2215,3870.60349365
2025-11-28,0.20881,0.21279,0.20204,0.20204,2821.73477134
2025-11-29,0.20803,0.21051,0.201,0.2011,3629.1843775400002
2025-11-30,0.20596,0.20686,0.2,0.2,3385.67595669
2025-12-01,0.2,0.20316,0.18211,0.18487,7995.0603568100005
2025-12-02,0.18669,0.215,0.18305,0.19219,67609.57774111
2025-12-03,0.19069,0.20099,0.18761,0.1952,1719.51483959
2025-12-04,0.19469,0.20037,0.18902,0.19059,11029.6261619
2025-12-05,0.18757,0.19772,0.17777,0.18098,2133.4758060999998
2025-12-06,0.17826,0.18365,0.17823,0.18365,1106.00081589
2025-12-07,0.18198,0.18499,0.17777,0.17897,3673.43985613
2025-12-08,0.18182,0.18707,0.17897,0.17913,8976.93826307
2025-12-09,0.1841,0.19199,0.17897,0.18731,9189.83717828
2025-12-10,0.18665,0.1979,0.18383,0.18932,4982.04261658
2025-12-11,0.18702,0.18702,0.17915,0.18362,3194.2353666
2025-12-12,0.18048,0.19046,0.17384,0.17384,16826.95150365
2025-12-13,0.18168,0.18175,0.17589,0.17768,454.93017222000003
2025-12-14,0.18153,0.18153,0.16964,0.17438,1387.76494227
2025-12-15,0.16984,0.17945,0.15751,0.16095,28324.7899445
2025-12-16,0.16106,0.16524,0.1594,0.16296,6309.25341683
2025-12-17,0.16344,0.16485,0.15172,0.1535,5834.39960605
2025-12-18,0.15354,0.15374,0.14314,0.14663,9879.40665869
2025-12-19,0.14755,0.16099,0.14655,0.16048,4048.21368356
2025-12-20,0.16099,0.169,0.16086,0.16899,10932.83390874
2025-12-21,0.169,0.16913,0.16,0.1608,3395.63409831
2025-12-22,0.16335,0.16611,0.16244,0.16464,10539.1831558
2025-12-23,0.16496,0.16999,0.16126,0.16534,4719.42965338
2025-12-24,0.16818,0.16999,0.16135,0.16994,1816.55968942
2025-12-25,0.1619,0.16994,0.156,0.156,10728.66461993
2025-12-26,0.16269,0.175,0.1506,0.1506,11220.14548083
2025-12-27,0.15324,0.16699,0.152,0.15721,1402.1672801
2025-12-28,0.16345,0.16373,0.15722,0.15722,11466.80106198
2025-12-29,0.15894,0.16331,0.15375,0.15535,15734.48547279
2025-12-30,0.15425,0.171,0.15376,0.16186,4419.14330485
2025-12-31,0.167,0.16703,0.16,0.16001,2462.39365914
2026-01-01,0.1665,0.1665,0.15901,0.16354,715.48702488
2026-01-02,0.16356,0.17193,0.16254,0.17143,4613.72484834
2026-01-03,0.172,0.175,0.16894,0.17307,5883.82395583
2026-01-04,0.17439,0.184,0.17423,0.17925,17079.21066875
2026-01-05,0.17925,0.1979,0.17489,0.18649,22794.89823706
2026-01-06,0.18495,0.19079,0.18101,0.18579,14932.69894692
2026-01-07,0.18408,0.18836,0.17792,0.17792,1185.38737071
2026-01-08,0.177,0.19791,0.17129,0.17399,11741.21062015
2026-01-09,0.179,0.17998,0.17365,0.17462,4858.51608284
2026-01-10,0.17982,0.18318,0.1746,0.17536,13715.940964799998
2026-01-11,0.17738,0.183,0.17138,0.17138,7536.97860571
2026-01-12,0.17742,0.17742,0.16968,0.17187,2582.31776848
2026-01-13,0.17187,0.182,0.17034,0.18112,4862.81232344
2026-01-14,0.18222,0.18799,0.18,0.18451,8432.00784733
2026-01-15,0.18074,0.18797,0.171,0.17147,2657.55014045
2026-01-16,0.17227,0.17286,0.139,0.14333,42782.86684294
2026-01-17,0.14063,0.14701,0.125,0.1345,20448.45780106
2026-01-18,0.13302,0.13771,0.12517,0.12989,12532.73790637
2026-01-19,0.12539,0.12976,0.11469,0.11799,15501.06982455
2026-01-20,0.11565,0.11979,0.108,0.10987,14046.67903218
2026-01-21,0.1099,0.11791,0.10984,0.11041,6598.02195409
2026-01-22,0.11121,0.11594,0.109,0.1147,16753.95239865
2026-01-23,0.10971,0.11972,0.10971,0.11351,9992.411649740001
2026-01-24,0.11352,0.11826,0.1124,0.11826,3896.78488399
2026-01-25,0.10993,0.126,0.10531,0.116,31979.631506550002
2026-01-26,0.12,0.12,0.10564,0.11092,8813.95555591
2026-01-27,0.112,0.119,0.10982,0.11039,80146.19558215
2026-01-28,0.11111,0.11111,0.10943,0.10999,1393.39590561
2026-01-29,0.1091,0.11899,0.10001,0.10162,18582.92065549
2026-01-30,0.10222,0.11299,0.1,0.10063,275747.92964437
2026-01-31,0.1001,0.119,0.089,0.09978,190026.89795562
2026-02-01,0.09715,0.101,0.08989,0.091411,19777.92345277
2026-02-02,0.092789,0.10499,0.092788,0.09521,21161.16892099
2026-02-03,0.09519,0.108,0.089011,0.096115,15828.18099559
2026-02-04,0.096,0.125,0.090471,0.091472,19780.21671692
2026-02-05,0.09179,0.10298,0.077727,0.079621,32727.53519811
2026-02-06,0.087373,0.087373,0.0777,0.086085,29111.39423228
2026-02-07,0.085241,0.086613,0.083991,0.085615,6899.69719934
2026-02-08,0.084184,0.094922,0.083537,0.083537,11111.937594179999
2026-02-09,0.083001,0.083283,0.081,0.083096,3640.21056476
2026-02-10,0.081002,0.081325,0.080698,0.080698,3277.46529193
2026-02-11,0.08138,0.0859,0.080421,0.083342,3516.77854922
2026-02-12,0.083323,0.085311,0.083322,0.085011,6954.50383299
2026-02-13,0.08409,0.095635,0.083984,0.088001,7674.25106261
2026-02-14,0.095998,0.095999,0.089511,0.089511,567.58792541
2026-02-15,0.089413,0.095526,0.085001,0.085001,1659.021373
2026-02-16,0.086991,0.086992,0.084116,0.085985,3118.61269585
2026-02-17,0.086214,0.088987,0.084487,0.085418,2038.84832567
2026-02-18,0.087233,0.088595,0.084001,0.087689,2349.62402898
2026-02-19,0.087688,0.088776,0.08,0.080426,3064.65846731
2026-02-20,0.08322,0.083998,0.079721,0.083505,6826.39086437
2026-02-21,0.082019,0.084585,0.082019,0.083017,2744.97666323
2026-02-22,0.082618,0.083125,0.08102,0.081522,1814.59214612
2026-02-23,0.082818,0.082818,0.077727,0.078477,4280.94388079
2026-02-25,0.080599,0.087966,0.07978,0.083021,6027.32321804
2026-02-26,0.0833,0.085284,0.079121,0.08062,44187.11059369
2026-02-27,0.081081,0.082583,0.079398,0.08048,7876.0965325
2026-02-28,0.08028,0.095,0.076001,0.078025,10627.43487535
2026-03-01,0.085001,0.089999,0.076923,0.078224,2597.83493358
2026-03-02,0.078423,0.081708,0.078423,0.08,48539.93181614
2026-03-03,0.079001,0.079299,0.076924,0.078079,201866.96020551
2026-03-04,0.077025,0.08123,0.076,0.08052,233890.61574858
2026-03-05,0.079422,0.08012,0.077423,0.079121,113203.06590956
2026-03-06,0.0793,0.08182,0.0765,0.079121,63082.44096118
2026-03-07,0.079121,0.079379,0.0774,0.0774,19508.69239587
2026-03-08,0.07652,0.07962,0.076,0.076,157781.19272484
2026-03-09,0.076,0.0783,0.075724,0.076425,12913.94353042
2026-03-10,0.076125,0.078468,0.075275,0.07626,41737.61187939
2026-03-11,0.075625,0.077877,0.075625,0.076624,4038.50684314
2026-03-12,0.076325,0.07764,0.075213,0.077323,20908.54588139
2026-03-13,0.07764,0.08225,0.07764,0.07988,32104.35098243
2026-03-14,0.0775,0.078978,0.0775,0.078978,13327.66381447
2026-03-15,0.079077,0.084116,0.078621,0.08359,26566.97796776
2026-03-16,0.08359,0.085699,0.082403,0.084316,20188.239666
2026-03-17,0.084884,0.084885,0.08249,0.084007,56500.34181048
2026-03-18,0.085299,0.086509,0.08083,0.0809,42878.9096733
2026-03-19,0.07857,0.082102,0.07857,0.081299,21547.74107388
2026-03-20,0.082202,0.08461,0.08083,0.08083,31814.62486089
2026-03-21,0.081789,0.08327,0.078762,0.078762,2668.64044604
2026-03-22,0.07869,0.07961,0.075147,0.075147,2362.10118082
2026-03-23,0.075911,0.080519,0.075521,0.080169,98189.26618221
2026-03-24,0.078211,0.081639,0.078211,0.079352,24002.85169079
2026-03-25,0.081339,0.08184,0.079162,0.08184,5590.24569548
2026-03-26,0.078572,0.080729,0.076,0.0777,11941.74419613
2026-03-27,0.0773,0.0775,0.074371,0.074371,695.63407135
2026-03-28,0.07473,0.075999,0.074482,0.07585,1728.43456512
2026-03-29,0.074485,0.075649,0.071144,0.073308,45786.38734004
2026-03-30,0.073307,0.075339,0.072271,0.074041,4656.51671191
2026-03-31,0.075649,0.076358,0.07257,0.07409,4686.66857758
2026-04-01,0.076307,0.080729,0.07427,0.078171,14953.99586288
2026-04-02,0.079907,0.079908,0.07535,0.076968,6346.84881089
2026-04-03,0.076869,0.081029,0.076869,0.078674,11280.87740736
2026-04-04,0.080388,0.080929,0.077821,0.078122,8286.92615884
2026-04-05,0.079268,0.079268,0.07611,0.07719,7693.98299438
2026-04-06,0.077871,0.07808,0.07768,0.07798,9137.92424504
2026-04-07,0.081639,0.082349,0.07965,0.082349,684.86671496
2026-04-08,0.079452,0.082049,0.075352,0.075352,362.75142152
2026-04-09,0.080419,0.081229,0.077582,0.078271,2201.49913933
2026-04-10,0.080316,0.09,0.078081,0.080443,98473.87058862
2026-04-11,0.08225,0.08225,0.080001,0.081046,414.21624139
2026-04-12,0.080015,0.080015,0.07782,0.07782,41044.64497737
2026-04-13,0.078189,0.078189,0.0762,0.077977,3355.78575392
2026-04-14,0.078189,0.081229,0.077493,0.0792,1941.59809284
2026-04-15,0.077294,0.082269,0.077294,0.082269,39703.91492199
2026-04-16,0.080042,0.085397,0.080041,0.08355,58347.64227588
2026-04-17,0.085088,0.086419,0.083292,0.086419,6150.01119732
2026-04-18,0.084082,0.085399,0.082958,0.082958,6286.119776930001
2026-04-19,0.08004,0.08184,0.07817,0.07817,60448.154880250004
2026-04-20,0.079808,0.082758,0.078862,0.082449,1724.51532897
2026-04-22,0.082707,0.088959,0.082701,0.088749,16929.75437323
2026-04-23,0.086441,0.088749,0.085902,0.087329,566.42296928
2026-04-24,0.087921,0.090999,0.087521,0.090998,17851.18183533
2026-04-25,0.08988,0.090999,0.087522,0.08865,564.34989467
2026-04-26,0.087526,0.093829,0.087524,0.092606,14065.29714502
2026-04-27,0.090872,0.092819,0.08642,0.086642,7607.79905687
2026-04-28,0.088448,0.093169,0.087181,0.090872,91885.98478018
2026-04-29,0.093527,0.099619,0.092101,0.097029,2061.1254254
2026-04-30,0.095859,0.097029,0.088011,0.09069,31802.18014758
2026-05-01,0.090689,0.0917,0.088013,0.09099,9723.13416065
2026-05-02,0.09091,0.09091,0.0909,0.090909,600.86077314
2026-05-04,0.090341,0.09069,0.08642,0.090688,44731.30002
2026-05-05,0.090687,0.090689,0.08654,0.090599,2960.86794426
2026-05-06,0.086441,0.091387,0.086441,0.091386,8424.50214751
2026-05-07,0.089981,0.09302,0.089981,0.090001,13741.56304269
2026-05-08,0.092609,0.098199,0.090572,0.095441,1974.50921092
2026-05-09,0.097848,0.098609,0.092841,0.093822,20805.54209098
2026-05-10,0.095148,0.098716,0.093642,0.098716,1972.1982463499999
2026-05-11,0.097183,0.098,0.094462,0.09712,7601.721974540001
2026-05-12,0.09668,0.097189,0.092541,0.096681,11114.91083407
2026-05-13,0.094021,0.09668,0.088901,0.091597,188922.41999896
2026-05-14,0.089392,0.094847,0.089101,0.094847,3031.91244864
2026-05-15,0.091389,0.091389,0.084169,0.0907,4342.74390585
2026-05-16,0.090697,0.090698,0.082211,0.082211,4479.46183828
2026-05-17,0.083881,0.083883,0.082201,0.082201,48.0
2026-05-18,0.082202,0.082202,0.08012,0.08034,1425.18739388
2026-05-19,0.081737,0.081739,0.080001,0.081438,1571.35756081
2026-05-20,0.081949,0.08294,0.080001,0.08215,80267.61170926
2026-05-21,0.080802,0.083369,0.080001,0.081787,1407.05204162
2026-05-22,0.081783,0.08225,0.080001,0.08042,2220.77938495
2026-05-23,0.08,0.08078,0.07808,0.08078,1873.06796388
2026-05-24,0.08078,0.0808,0.0795,0.0795,4933.00837991
2026-05-25,0.078301,0.080009,0.0783,0.078912,486.73510745
2026-05-26,0.078913,0.080619,0.077191,0.079198,5282.13898462
2026-05-27,0.077884,0.079197,0.07535,0.07535,22533.26829388
2026-05-28,0.07535,0.075828,0.070701,0.075439,50116.36881181
2026-05-29,0.073753,0.077269,0.072961,0.075424,2341.56963053
2026-05-30,0.076967,0.079199,0.076211,0.078585,5813.55101066
2026-05-31,0.076504,0.078076,0.0761,0.07676,452.43504235
2026-06-01,0.076969,0.078289,0.072961,0.07581,3140.5271422
2026-06-02,0.077,0.077979,0.071229,0.071229,21644.40298058
2026-06-03,0.070302,0.075539,0.070111,0.072797,8045.66658784
2026-06-04,0.070842,0.072948,0.065581,0.067976,6284.04084985
2026-06-05,0.067093,0.067209,0.056,0.061351,33638.17298392
2026-06-06,0.062739,0.062789,0.05682,0.062739,1093.3152889799999
2026-06-07,0.060071,0.064999,0.06007,0.064999,397.06374451
2026-06-08,0.060071,0.065,0.06007,0.06007,1754.84233406
2026-06-11,0.069998,0.0808,0.069997,0.075001,1017.424731
2026-06-13,0.070001,0.070001,0.070001,0.070001,287.65425813999997
2026-06-14,0.070002,0.070003,0.065,0.065,1131.85410512
2026-06-15,0.070002,0.074999,0.070001,0.073,7692.56267899
2026-06-16,0.0719,0.075,0.065001,0.075,1522.59586204
2026-06-17,0.0764,0.0764,0.076399,0.0764,104.0334
2026-06-18,0.0764,0.0764,0.0764,0.0764,64.4413
2026-06-19,0.073,0.076441,0.073,0.07644,467.71395517999997
2026-06-20,0.073,0.076441,0.073,0.076441,72.65542676
2026-06-21,0.073001,0.076441,0.073,0.07644,88.57824681
2026-06-22,0.073,0.073,0.065001,0.065001,31626.69380204
2026-06-23,0.065002,0.06713,0.0612,0.065,3638.19351398
2026-06-24,0.0612,0.066999,0.06007,0.060177,20863.106380819998
2026-06-25,0.060177,0.066999,0.0575,0.064949,18639.87085973
2026-06-26,0.06,0.060549,0.06,0.060549,8000.76915192
2026-06-27,0.06001,0.060214,0.057555,0.060214,3220.96764969
2026-06-28,0.057555,0.057555,0.057555,0.057555,2853.62859778
2026-06-29,0.057679,0.06249,0.05516,0.056155,82816.40819732
2026-06-30,0.057,0.06239,0.057,0.057155,41629.16901585
2026-07-01,0.062388,0.06545,0.057155,0.057155,33821.31159763
2026-07-02,0.060322,0.0647,0.060322,0.063277,403570.02460121
2026-07-03,0.063887,0.065245,0.058,0.058,2139.16579677
