time,open,high,low,close,volume
2016-07-26,2.5,2.5,2.5,2.5,0.04
2016-07-27,2.5,3.0,1.302,1.6011,224291.82926970976
2016-07-28,1.5901,2.0,1.36,1.7275,610357.9888546997
2016-07-29,1.7289,1.799,1.55,1.643,494860.5630792484
2016-07-30,1.647,1.71,1.538,1.5794,229644.62789010003
2016-07-31,1.5783,1.934,1.5575,1.7979,590932.0128353897
2016-08-01,1.7988,2.425,1.78,2.4109,1109413.0168452302
2016-08-02,2.3775,2.3775,2.3775,2.3775,0.46297418
2016-08-10,1.7053,1.96,1.505,1.65,176763.02226968002
2016-08-11,1.65,1.96,1.556,1.848,233142.42531250996
2016-08-12,1.85,2.35,1.7693,1.84,208674.31366023998
2016-08-13,1.847,1.9,1.809,1.8751,90330.65063072002
2016-08-14,1.857,1.9837,1.8548,1.9241,186696.1048535702
2016-08-15,1.9241,2.03,1.8256,1.853,173628.08043635043
2016-08-16,1.853,1.895,1.7757,1.8501,48267.619179789996
2016-08-17,1.8501,1.8717,1.6991,1.7426,122938.49509729007
2016-08-18,1.7429,1.775,1.65,1.68,88088.76496135998
2016-08-19,1.68,1.8126,1.6046,1.7754,155351.54866639007
2016-08-20,1.766,1.7878,1.6721,1.75,66069.22612929002
2016-08-21,1.75,1.7836,1.6924,1.7131,40869.088830599976
2016-08-22,1.723,1.75,1.62,1.6602,212135.07652379977
2016-08-23,1.679,1.6842,1.556,1.61,292339.59613001987
2016-08-24,1.61,1.6477,1.4371,1.4413,314572.35837228113
2016-08-25,1.4432,1.4663,1.2601,1.3728,825824.2148613187
2016-08-26,1.367,1.4777,1.3059,1.4331,539626.826440297
2016-08-27,1.434,1.455,1.326,1.3495,252049.25033153035
2016-08-28,1.3365,1.3699,1.285,1.313,365277.5531281794
2016-08-29,1.3262,1.3422,1.2375,1.2636,518749.46474708925
2016-08-30,1.2601,1.3564,1.1614,1.2495,1041753.3266798103
2016-08-31,1.2456,1.295,1.16,1.1802,362896.9728242601
2016-09-01,1.193,1.4999,1.1717,1.44,999311.2353566617
2016-09-02,1.451,1.4765,1.3645,1.4021,305628.9407049501
2016-09-03,1.4094,1.413,1.33,1.3656,80179.29403384005
2016-09-04,1.3798,1.4776,1.34,1.4776,214926.8887483398
2016-09-05,1.4431,1.5477,1.4421,1.464,144952.96142680998
2016-09-06,1.464,1.5279,1.4423,1.4729,149221.77053465013
2016-09-07,1.4718,1.4983,1.44,1.4876,236873.27102274998
2016-09-08,1.487,1.5333,1.448,1.448,132041.94228044018
2016-09-09,1.448,1.4492,1.3811,1.4011,183671.41291252043
2016-09-10,1.4005,1.45,1.4,1.425,132392.65297652004
2016-09-11,1.4224,1.4374,1.331,1.3438,632923.6839123783
2016-09-12,1.3351,1.3605,1.31,1.3301,169640.46490829025
2016-09-13,1.3301,1.3348,1.2763,1.2951,215825.86821493975
2016-09-14,1.2907,1.3314,1.25,1.2951,212326.32303529052
2016-09-15,1.2951,1.3122,1.2822,1.2865,120690.43944000998
2016-09-16,1.2861,1.3408,1.279,1.3251,174980.08221661995
2016-09-17,1.3251,1.3342,1.3073,1.3264,105030.02651468995
2016-09-18,1.3241,1.3611,1.3218,1.3304,282225.87428556976
2016-09-19,1.3221,1.328,1.2772,1.28,114448.83882764998
2016-09-20,1.28,1.2801,1.2266,1.24,219921.42072596995
2016-09-21,1.2327,1.265,1.1899,1.2257,437231.84275623603
2016-09-22,1.22,1.3415,1.12,1.2569,495890.3027829297
2016-09-23,1.2501,1.3,1.2075,1.2379,109742.37311534004
2016-09-24,1.2379,1.2568,1.223,1.25,110120.1186292699
2016-09-25,1.2464,1.2547,1.21,1.21,50420.510991179974
2016-09-26,1.2123,1.2244,1.2,1.2022,111649.20760638968
2016-09-27,1.2022,1.2089,1.1618,1.2,55826.37855991996
2016-09-28,1.2,1.269,1.1912,1.2398,243298.33351656006
2016-09-29,1.2445,1.2873,1.2271,1.27,93616.22038185994
2016-09-30,1.27,1.2718,1.241,1.2648,55321.58243683995
2016-10-01,1.2551,1.2653,1.1628,1.1794,68712.8997491599
2016-10-02,1.1882,1.2199,1.17,1.19,112581.03706809998
2016-10-03,1.192,1.22,1.16,1.2,75686.90454210003
2016-10-04,1.2004,1.2042,1.1266,1.1638,138840.3597295599
2016-10-05,1.159,1.23,1.155,1.1881,117009.13957287009
2016-10-06,1.1881,1.193,1.1611,1.1758,17896.10667586
2016-10-07,1.1724,1.1885,1.1573,1.1687,15301.828700819999
2016-10-08,1.179,1.1989,1.163,1.184,12731.056736530001
2016-10-09,1.1839,1.1913,1.1659,1.1733,10847.596209460005
2016-10-10,1.17,1.1787,1.15,1.1557,44188.97868432997
2016-10-11,1.1563,1.181,1.1,1.1,283905.1624535502
2016-10-12,1.1,1.1126,1.0105,1.0326,234671.07471098015
2016-10-13,1.0325,1.0548,0.983,1.013,241496.6777361504
2016-10-14,1.0164,1.0164,0.99,0.99,63580.04029979998
2016-10-15,1.001,1.0088,0.9921,0.9942,6830.625201190001
2016-10-16,0.9922,1.2349,0.9922,1.2148,174528.27758238013
2016-10-17,1.2048,1.2048,1.0652,1.0771,145068.13423557
2016-10-18,1.0736,1.0742,1.0189,1.0582,103576.35779678
2016-10-19,1.057,1.0887,1.0231,1.0514,47295.054704110014
2016-10-20,1.058,1.064,1.0376,1.0438,12272.015047990015
2016-10-21,1.0475,1.07,1.0262,1.0337,32459.870401980017
2016-10-22,1.0329,1.0736,1.0282,1.0543,29947.935232860025
2016-10-23,1.0543,1.065,1.0367,1.0481,36944.52493783999
2016-10-24,1.0421,1.0616,1.0246,1.0329,68646.65884251999
2016-10-25,1.0327,1.0446,1.01,1.0204,49274.23464863004
2016-10-26,1.0205,1.045,1.0162,1.036,79747.20371944005
2016-10-27,1.0311,1.0428,0.99001,0.9973,186124.13705777004
2016-10-28,0.9973,0.9982,0.95,0.95001,183571.46913939028
2016-10-29,0.95001,0.9745,0.873,0.8901,352788.9172612896
2016-10-30,0.89689,0.9534,0.88361,0.9292,161640.04682272
2016-10-31,0.93278,0.93278,0.8959,0.9008,81316.21582336999
2016-11-01,0.9008,0.905,0.8706,0.88798,129553.84321981974
2016-11-02,0.8851,0.90717,0.88,0.8963,39871.93638799997
2016-11-03,0.89691,0.92239,0.8847,0.89559,78561.25328054995
2016-11-04,0.90231,1.0199,0.89719,0.98263,153604.02931377993
2016-11-05,0.9769,1.0703,0.96,1.0391,109844.61054040998
2016-11-06,1.047,1.047,0.97562,0.9858,57572.61527262997
2016-11-07,0.991,1.0001,0.9148,0.9301,65952.07872933998
2016-11-08,0.9381,0.955,0.92271,0.9504,34929.19643643001
2016-11-09,0.93912,0.94,0.901,0.9153,39978.938615759966
2016-11-10,0.9179,0.9624,0.9011,0.91892,47856.6560065
2016-11-11,0.9211,0.9349,0.89883,0.91671,27808.331295989992
2016-11-12,0.9299,0.945,0.904,0.9111,33631.66530997
2016-11-13,0.9111,0.923,0.8997,0.9043,13088.621203809998
2016-11-14,0.9011,0.91108,0.8887,0.89829,7945.1603037
2016-11-15,0.8965,0.9311,0.886,0.92648,27605.939538839968
2016-11-16,0.926,0.93549,0.905,0.90919,34660.03499827
2016-11-17,0.91023,0.9178,0.8878,0.8901,30755.293456170013
2016-11-18,0.8899,0.9,0.875,0.875,28879.006308219992
2016-11-19,0.873,0.873,0.8521,0.8627,42613.43070684999
2016-11-20,0.8627,0.88,0.852,0.8608,14651.669630819975
2016-11-21,0.855,0.866,0.8466,0.8496,38366.44125054005
2016-11-22,0.8457,0.86529,0.834,0.834,25556.810307069984
2016-11-23,0.8302,0.8472,0.81,0.8122,90497.30078865003
2016-11-24,0.8147,0.815,0.72,0.7642,180944.72839987025
2016-11-25,0.77,0.86,0.7613,0.845,179943.93848431992
2016-11-26,0.83209,0.84,0.776,0.7823,21534.35006548999
2016-11-27,0.7796,0.79955,0.77238,0.77248,51123.762760109996
2016-11-28,0.7726,0.7814,0.75045,0.7556,34874.70166727
2016-11-29,0.75253,0.786,0.72,0.7459,83529.01390240004
2016-11-30,0.7471,0.76379,0.734,0.7425,29259.99909526001
2016-12-01,0.73987,0.78896,0.73987,0.76485,38079.440593470026
2016-12-02,0.7633,0.814,0.731,0.79987,107786.14170642996
2016-12-03,0.79987,0.80548,0.76079,0.7686,39399.539603130026
2016-12-04,0.7696,0.78654,0.75001,0.7675,60152.13032103994
2016-12-05,0.76988,0.85,0.75001,0.83001,162092.12539721988
2016-12-06,0.8313,0.8394,0.738,0.78,155950.59159001012
2016-12-07,0.78,0.8379,0.76601,0.825,134234.5680964999
2016-12-08,0.825,0.8316,0.80131,0.81791,175255.50396823024
2016-12-09,0.81273,0.839,0.8,0.80989,68899.71721610009
2016-12-10,0.806,0.87,0.8015,0.86098,60788.29743682994
2016-12-11,0.86098,0.962,0.8541,0.92668,131194.87421645006
2016-12-12,0.93,0.95959,0.89174,0.9061,54284.538934079916
2016-12-13,0.9061,1.0056,0.9,0.98569,294677.73436185
2016-12-14,0.97793,0.995,0.95889,0.98999,164963.78029686993
2016-12-15,0.9844,1.1099,0.9749,1.0827,368145.9935690005
2016-12-16,1.0792,1.0921,1.0387,1.0719,145306.88755571045
2016-12-17,1.0719,1.0719,0.9901,1.0098,204956.00435138034
2016-12-18,1.0099,1.0599,1.0038,1.045,39465.155572209966
2016-12-19,1.059,1.198,1.059,1.1936,375796.2648361006
2016-12-20,1.1944,1.198,1.1301,1.1318,198335.40177768006
2016-12-21,1.1324,1.1698,1.1147,1.1299,139458.88728370008
2016-12-22,1.1299,1.1499,1.0701,1.0938,178302.46918651016
2016-12-23,1.0906,1.1054,1.0167,1.0419,166859.09601275998
2016-12-24,1.0405,1.125,1.0301,1.11,78036.03379807997
2016-12-25,1.11,1.123,1.0601,1.0693,37605.92811181002
2016-12-26,1.0765,1.085,1.031,1.0375,70312.98330234001
2016-12-27,1.0384,1.0729,1.035,1.048,61118.086294999965
2016-12-28,1.0599,1.1299,1.0402,1.1221,63701.61889704994
2016-12-29,1.1164,1.468,1.1114,1.4202,510352.26203199977
2016-12-30,1.4214,1.63,1.4171,1.5436,585412.1763974706
2016-12-31,1.5436,1.567,1.3332,1.41,199979.7065483299
2017-01-01,1.4105,1.5,1.3498,1.3978,142077.71146778992
2017-01-02,1.3775,1.46,1.37,1.4316,100109.80432477016
2017-01-03,1.4324,1.5721,1.4012,1.4768,231747.44410809045
2017-01-04,1.4758,1.76,1.4758,1.72,416758.34568943986
2017-01-05,1.7198,1.81,1.4,1.586,460426.51251303946
2017-01-06,1.5826,1.6199,1.4021,1.4777,207898.17870633016
2017-01-07,1.4836,1.4909,1.2703,1.433,259513.65407922043
2017-01-08,1.4322,1.4937,1.41,1.4601,93315.81062523005
2017-01-09,1.4523,1.4587,1.3851,1.4081,37474.96840647
2017-01-10,1.4145,1.4499,1.4051,1.4389,14490.941341370004
2017-01-11,1.4183,1.4447,1.16,1.185,371933.5834176914
2017-01-12,1.1741,1.27,1.128,1.2105,270312.80383082165
2017-01-13,1.2105,1.2568,1.1666,1.21,93856.9068443299
2017-01-14,1.2192,1.245,1.1852,1.1978,44023.606070870075
2017-01-15,1.197,1.2063,1.15,1.1896,99723.06133262994
2017-01-16,1.1798,1.2053,1.164,1.1825,16868.62288389
2017-01-17,1.1725,1.2349,1.1725,1.2064,88476.41178838004
2017-01-18,1.2064,1.22,1.1431,1.2061,91785.70117183003
2017-01-19,1.2049,1.2197,1.1603,1.173,56451.19596232998
2017-01-20,1.1738,1.3928,1.159,1.345,388401.33253912005
2017-01-21,1.342,1.5499,1.341,1.417,390548.3344215389
2017-01-22,1.419,1.48,1.3501,1.38,176770.25530130995
2017-01-23,1.3826,1.4,1.3664,1.4,106398.10987103995
2017-01-24,1.3858,1.396,1.351,1.351,108042.82005072002
2017-01-25,1.3633,1.3753,1.2732,1.2798,147917.01808817018
2017-01-26,1.2805,1.35,1.2759,1.3269,65641.13530374996
2017-01-27,1.3269,1.3441,1.275,1.278,85655.33004790994
2017-01-28,1.2815,1.3099,1.2806,1.3026,46870.4280198
2017-01-29,1.3079,1.3079,1.288,1.2904,15346.800571429996
2017-01-30,1.2894,1.34,1.2863,1.34,16527.467776460002
2017-01-31,1.34,1.38,1.3301,1.3543,88974.13893879009
2017-02-01,1.3445,1.3698,1.335,1.3451,67300.11214457001
2017-02-02,1.3441,1.3679,1.333,1.3596,36065.67470167997
2017-02-03,1.3487,1.3616,1.3187,1.345,63094.80907715006
2017-02-04,1.345,1.381,1.345,1.3726,107273.52180346016
2017-02-05,1.3723,1.3723,1.3365,1.3633,39157.40687297999
2017-02-06,1.364,1.48,1.364,1.4501,227277.36167448031
2017-02-07,1.454,1.508,1.4498,1.46,125849.33361862997
2017-02-08,1.4636,1.4839,1.3919,1.4321,109303.77512967998
2017-02-09,1.4466,1.458,1.1401,1.2528,800898.6128888336
2017-02-10,1.2528,1.2685,1.205,1.2597,165001.5971196101
2017-02-11,1.2536,1.2878,1.2203,1.2279,107458.8929966901
2017-02-12,1.2245,1.2336,1.2001,1.2168,77263.10121756999
2017-02-13,1.2181,1.2315,1.1672,1.192,196754.23210417037
2017-02-14,1.193,1.25,1.1887,1.2493,177282.3067042798
2017-02-15,1.2492,1.2787,1.24,1.265,109542.39193739003
2017-02-16,1.265,1.2699,1.235,1.235,189182.72449894008
2017-02-17,1.24,1.2529,1.23,1.2352,105444.28875777018
2017-02-18,1.2309,1.245,1.217,1.222,155899.65473284997
2017-02-19,1.2221,1.2385,1.218,1.2245,49065.81711336005
2017-02-20,1.2192,1.2499,1.215,1.23,56578.453062269975
2017-02-21,1.23,1.2633,1.22,1.2525,96419.04709043996
2017-02-22,1.257,1.257,1.216,1.227,52471.57901737003
2017-02-23,1.2181,1.244,1.209,1.2379,138019.82109183006
2017-02-24,1.2415,1.2499,1.2,1.2125,353320.51538025966
2017-02-25,1.2125,1.2209,1.1731,1.211,139653.4332448
2017-02-26,1.2108,1.2564,1.1901,1.2505,177146.73974937032
2017-02-27,1.25,1.26,1.23,1.235,236906.12320245997
2017-02-28,1.2355,1.2679,1.225,1.2311,224557.99529057002
2017-03-01,1.2373,1.43,1.2255,1.403,658583.1779693591
2017-03-02,1.4025,1.4076,1.34,1.3607,369329.69992182055
2017-03-03,1.3672,1.44,1.35,1.44,292688.35576055007
2017-03-04,1.44,1.4769,1.387,1.4292,285756.55951520975
2017-03-05,1.4287,1.4304,1.385,1.3939,156239.5789815701
2017-03-06,1.3939,1.4399,1.3939,1.4274,92634.48530344004
2017-03-07,1.4318,1.4327,1.345,1.37,314809.1019943202
2017-03-08,1.37,1.3746,1.2801,1.2801,373439.5113183798
2017-03-09,1.2806,1.3348,1.275,1.3205,160711.14134128013
2017-03-10,1.3244,1.4299,1.2202,1.291,810919.0298589587
2017-03-11,1.297,1.3833,1.2809,1.3727,227818.87492367002
2017-03-12,1.38,1.4298,1.36,1.4202,315976.5423022801
2017-03-13,1.416,1.65,1.4017,1.6474,895672.870783719
2017-03-14,1.64,1.7698,1.6094,1.6499,785605.0619225705
2017-03-15,1.6462,1.7999,1.64,1.798,675537.4566034696
2017-03-16,1.7999,2.1,1.73,2.0803,1782595.6022063107
2017-03-17,2.086,2.1748,1.73,1.8111,1556090.4662050388
2017-03-18,1.8084,1.8227,1.5614,1.6783,818048.4568036497
2017-03-19,1.683,1.9248,1.6553,1.8671,451156.4440139498
2017-03-20,1.8731,1.9715,1.8602,1.9111,507884.1323512399
2017-03-21,1.9065,2.38,1.869,2.3647,1384158.3114357213
2017-03-22,2.3647,2.46,2.203,2.337,788599.5798731882
2017-03-23,2.3239,2.35,2.1691,2.2689,418748.7257695892
2017-03-24,2.25,2.4709,2.24,2.4299,604234.307124186
2017-03-25,2.418,2.44,2.253,2.2574,377003.31618301006
2017-03-26,2.2705,2.3687,2.2524,2.3187,199079.67150657056
2017-03-27,2.3188,2.3499,2.1,2.1072,280751.2135734914
2017-03-28,2.112,2.339,2.1001,2.253,322325.3551852404
2017-03-29,2.245,2.38,2.2374,2.314,241248.1719332802
2017-03-30,2.3189,3.0,2.2508,2.82,1210676.0165021922
2017-03-31,2.82,2.994,2.6,2.8126,1160726.8845539177
2017-04-01,2.8125,2.8319,2.717,2.742,184932.10075979022
2017-04-02,2.733,2.8,2.5,2.6355,653624.4017843395
2017-04-03,2.6375,2.75,2.5009,2.582,484896.15066040837
2017-04-04,2.582,2.7081,2.548,2.6732,261310.46981210035
2017-04-05,2.6745,2.7999,2.6202,2.7672,268554.72212874016
2017-04-06,2.7575,2.8375,2.443,2.689,793855.2972370757
2017-04-07,2.689,2.7548,2.5626,2.7399,337700.48845481704
2017-04-08,2.74,2.8252,2.652,2.7342,295666.3731308801
2017-04-09,2.7342,2.7362,2.6001,2.67,200576.4462487597
2017-04-10,2.6699,2.6789,2.543,2.6456,139698.5878833199
2017-04-11,2.6457,2.6501,2.575,2.575,120573.40768337015
2017-04-12,2.5812,2.7015,2.5444,2.656,217268.49696208
2017-04-13,2.661,2.6885,2.588,2.6584,204568.03283711988
2017-04-14,2.6379,2.7794,2.5975,2.6969,357304.59804124234
2017-04-15,2.6956,2.73,2.6456,2.717,89443.1027010201
2017-04-16,2.7005,2.7187,2.6115,2.6694,141328.97143450988
2017-04-17,2.6591,2.6986,2.6373,2.6954,187325.70844064018
2017-04-18,2.6884,3.08,2.6722,2.9866,594961.7921712494
2017-04-19,2.9942,3.3999,2.9001,3.2203,751043.4416047037
2017-04-20,3.2451,3.5748,3.163,3.4136,876227.7039731899
2017-04-21,3.4122,3.513,3.2072,3.335,597154.012291687
2017-04-22,3.335,3.4499,3.33,3.4499,220368.7559458598
2017-04-23,3.4499,3.82,3.41,3.82,666677.3013441957
2017-04-24,3.82,4.3489,3.82,4.279,1221270.9250328473
2017-04-25,4.2885,4.4199,4.0101,4.2442,830012.7226101486
2017-04-26,4.244,5.0826,4.198,4.9932,1634392.740899782
2017-04-27,4.986,5.5994,4.9514,5.3851,1476515.658763134
2017-04-28,5.399,5.56,4.901,5.2159,656994.4490685246
2017-04-29,5.2086,5.87,5.1297,5.8688,545932.5035968468
2017-04-30,5.8496,7.0081,5.7001,6.77,1279104.3829489953
2017-05-01,6.7989,7.999,6.5501,7.2743,2201469.946405039
2017-05-02,7.2742,7.52,6.5822,6.9592,1031896.9081215757
2017-05-03,6.9284,7.2999,6.82,7.1799,566148.6965253653
2017-05-04,7.1793,7.7,7.01,7.682,1003519.4282292692
2017-05-05,7.682,7.825,6.81,7.1706,1159527.0063575895
2017-05-06,7.1702,7.269,6.7933,7.1381,453232.34838930285
2017-05-07,7.1369,7.5062,6.9,7.1124,637867.4447946349
2017-05-08,7.1015,7.1151,6.4,6.42,902025.7146101196
2017-05-09,6.42,6.449,5.231,6.1627,1267540.6916071265
2017-05-10,6.16,6.8879,6.0,6.4597,663680.5621129578
2017-05-11,6.4325,6.674,6.1458,6.3087,407921.33290930954
2017-05-12,6.3258,6.5272,6.1001,6.1184,261852.78159386033
2017-05-13,6.1132,6.1192,5.7602,6.0855,327832.10361717053
2017-05-14,6.0844,6.95,6.0453,6.7487,538225.4575166209
2017-05-15,6.7486,6.7661,6.1964,6.32,451775.5561525525
2017-05-16,6.3202,6.4103,5.8995,6.1205,320099.6119443886
2017-05-17,6.1145,6.1408,5.633,5.918,415078.0864605961
2017-05-18,5.8602,6.75,5.8448,6.6851,444391.95267848653
2017-05-19,6.6877,7.7,6.5,7.4449,625050.2265395042
2017-05-20,7.4941,7.7,7.006,7.01,340369.019546212
2017-05-21,7.0062,8.0699,6.8691,8.0674,656675.3789338117
2017-05-22,8.0672,9.3,7.7777,8.3975,1762702.0746093588
2017-05-23,8.401,10.807,7.9503,10.804,955547.3020338241
2017-05-24,10.8,18.49,10.705,18.348,2231670.5608977107
2017-05-25,18.49,22.793,14.0,15.501,1847505.3368860297
2017-05-26,15.503,17.599,12.551,13.902,833446.4728173951
2017-05-27,13.854,15.0,9.7001,14.792,1316829.4455127325
2017-05-28,14.798,16.431,12.797,15.08,908893.4250526107
2017-05-29,15.08,16.5,14.005,15.845,368037.4886413575
2017-05-30,15.881,17.489,15.201,17.393,652556.6638614457
2017-05-31,17.395,17.593,14.19,16.02,426492.66362915974
2017-06-01,16.034,16.714,15.25,15.541,259805.519700783
2017-06-02,15.541,16.39,15.502,16.18,135933.42051327036
2017-06-03,16.179,16.441,15.061,15.426,129300.62694913961
2017-06-04,15.427,17.1,15.2,17.061,275516.6475489913
2017-06-05,17.043,17.043,16.074,16.722,262269.42814748053
2017-06-06,16.715,17.5,16.2,17.086,568440.1754947978
2017-06-07,17.09,18.579,16.5,16.773,518206.247290649
2017-06-08,16.739,17.404,16.25,17.121,134937.33940306245
2017-06-09,17.134,17.699,16.9,17.204,116114.07203259857
2017-06-10,17.198,19.056,17.0,19.056,396065.5428774369
2017-06-11,19.045,23.0,17.621,21.51,926160.617551307
2017-06-12,21.6,22.089,15.6,18.986,971943.8815078604
2017-06-13,18.959,20.233,18.353,19.95,337378.0831716568
2017-06-14,19.971,20.5,16.302,17.25,462590.80949668743
2017-06-15,17.206,17.593,13.419,16.736,662980.514274262
2017-06-16,16.701,17.4,15.736,16.935,249985.33902498614
2017-06-17,16.984,22.459,16.5,21.628,427303.39972100675
2017-06-18,21.648,23.3,19.383,20.019,553024.355927078
2017-06-19,20.01,22.2,20.006,21.471,283728.8926266616
2017-06-20,21.471,21.75,19.7,20.551,224245.6273314804
2017-06-21,20.532,20.807,17.605,19.062,400107.81395796075
2017-06-22,19.042,19.636,18.058,19.307,190372.0255323309
2017-06-23,19.307,20.344,19.2,19.654,119801.8992670105
2017-06-24,19.679,19.734,17.502,18.056,176909.17955792064
2017-06-25,18.027,21.13,17.1,18.401,495630.5252847286
2017-06-26,18.401,19.535,15.073,17.481,657304.415626469
2017-06-27,17.482,18.179,14.25,17.998,639937.579682279
2017-06-28,17.984,18.681,16.66,18.45,351575.80183231994
2017-06-29,18.41,18.65,16.924,17.53,214139.98150254076
2017-06-30,17.534,18.298,16.899,17.21,122349.43773264099
2017-07-01,17.155,17.318,15.51,16.058,145370.40270396127
2017-07-02,16.245,17.148,15.653,17.065,130792.1830450505
2017-07-03,17.03,17.7,16.503,17.147,125363.71018835003
2017-07-04,17.109,18.098,17.002,17.314,132677.51606077942
2017-07-05,17.309,17.497,16.668,17.336,104921.77077744057
2017-07-06,17.337,17.624,16.75,17.444,105528.99764491037
2017-07-07,17.412,17.67,15.79,15.966,144142.73894651
2017-07-08,15.898,16.329,14.79,16.329,198733.77441373054
2017-07-09,16.299,16.79,15.4,15.431,139269.75521083
2017-07-10,15.505,16.71,13.277,14.1,358029.5071648106
2017-07-11,14.162,15.198,12.336,13.87,447411.1701713475
2017-07-12,13.87,19.25,13.119,18.842,988826.1835966946
2017-07-13,18.84,19.5,16.22,17.455,483189.91599821
2017-07-14,17.455,17.8,15.777,16.941,379171.54281186
2017-07-15,16.941,16.997,14.602,14.7,423574.50752708
2017-07-16,14.735,15.491,12.711,14.012,619400.30260138
2017-07-17,14.018,15.55,14.001,15.058,358872.23938701
2017-07-18,15.068,16.288,14.502,15.721,414590.07778794
2017-07-19,15.7,16.086,14.01,14.133,214645.21950902
2017-07-20,14.189,16.25,14.189,16.123,371374.77295227
2017-07-21,16.103,17.607,15.561,16.041,333577.14257811
2017-07-22,15.979,16.98,15.93,16.788,107261.06559866
2017-07-23,16.813,16.882,15.6,16.095,128135.31778692
2017-07-24,16.076,16.351,15.75,16.0,70274.38779647
2017-07-25,16.0,16.133,14.15,14.659,184845.23780239
2017-07-26,14.642,14.85,14.0,14.646,113052.6747615
2017-07-27,14.658,14.843,14.279,14.459,131168.05158717
2017-07-28,14.485,14.668,13.7,13.919,118282.55197326
2017-07-29,13.942,14.47,13.15,14.26,117017.11392278
2017-07-30,14.26,14.471,13.457,13.7,773941.97429901
2017-07-31,13.701,13.987,13.301,13.814,300498.60061565
2017-08-01,13.711,14.798,13.376,14.591,335068.17013959
2017-08-02,14.585,15.282,14.201,14.49,159595.16198116
2017-08-03,14.581,15.451,14.383,15.245,181667.37741418
2017-08-04,15.246,15.319,14.753,14.841,129370.70456938
2017-08-05,14.841,15.92,14.51,15.649,471139.62103608
2017-08-06,15.649,16.178,15.228,15.413,106172.68721127
2017-08-07,15.412,15.557,14.9,15.221,182922.08567946
2017-08-08,15.225,16.092,15.106,15.9,213878.53289325
2017-08-09,15.901,16.275,15.08,15.311,163584.60804918
2017-08-10,15.348,15.677,15.049,15.161,118881.55439963
2017-08-11,15.161,15.579,14.822,15.137,118887.82619688
2017-08-12,15.101,15.32,14.37,14.602,134211.58656581
2017-08-13,14.573,14.7,13.74,14.115,185635.54878169
2017-08-14,14.142,14.542,13.7,13.996,168545.86902753
2017-08-15,13.988,14.114,13.014,13.408,155478.40219642
2017-08-16,13.45,14.4,13.15,14.04,190683.00789462
2017-08-17,14.048,14.252,13.502,13.788,108491.94193474
2017-08-18,13.765,14.494,11.692,13.456,222309.60848299
2017-08-19,13.455,13.994,13.03,13.525,131822.21003583
2017-08-20,13.526,14.171,13.268,13.799,136046.84835056
2017-08-21,13.795,15.2,13.7,14.653,361882.89442629
2017-08-22,14.668,15.1,13.349,14.429,285298.43384824
2017-08-23,14.432,16.7,14.15,15.278,800826.70014557
2017-08-24,15.278,16.0,15.001,15.09,242189.35518409
2017-08-25,15.064,15.67,15.0,15.15,159079.63227313
2017-08-26,15.158,15.341,14.797,15.276,110595.65639358
2017-08-27,15.241,16.356,15.14,16.027,332991.34302006
2017-08-28,16.027,16.46,15.5,15.734,217099.29406076
2017-08-29,15.795,16.12,15.366,15.916,184706.84542067
2017-08-30,15.904,16.1,15.714,15.963,149885.08650448
2017-08-31,15.961,16.95,15.85,16.789,311186.2209366
2017-09-01,16.789,22.9,16.1,22.51,1689232.11205777
2017-09-02,22.55,24.45,18.0,19.88,1422888.79758266
2017-09-03,19.877,20.85,18.249,19.126,490308.88113487
2017-09-04,19.126,19.228,15.721,16.4,811197.32895182
2017-09-05,16.4,17.41,15.25,17.03,584677.35657897
2017-09-06,16.972,19.489,16.972,19.241,609698.16360738
2017-09-07,19.28,19.312,17.876,18.439,359768.12287819
2017-09-08,18.471,18.727,15.896,16.72,443121.28836597
2017-09-09,16.635,16.756,15.0,16.318,315502.17783215
2017-09-10,16.28,16.28,14.25,15.235,424105.35462453
2017-09-11,15.254,15.998,14.8,15.242,252363.56874283
2017-09-12,15.268,16.24,14.841,15.002,273219.48987729
2017-09-13,15.065,15.065,13.5,14.127,395283.52469879
2017-09-14,14.126,14.498,10.18,10.182,957609.51184661
2017-09-15,10.184,12.25,8.2997,11.42,2087577.64467908
2017-09-16,11.42,12.3,10.77,11.169,359468.88578018
2017-09-17,11.208,11.402,10.25,11.02,190836.78137705
2017-09-18,11.061,12.189,11.061,12.051,632027.21206189
2017-09-19,12.076,12.269,11.212,11.53,377457.11767224
2017-09-20,11.53,11.806,11.064,11.218,329650.75596634
2017-09-21,11.238,11.292,10.02,10.023,475374.09549502
2017-09-22,10.046,10.661,9.7571,10.12,302534.40239248
2017-09-23,10.135,10.87,10.02,10.591,352067.10983046
2017-09-24,10.576,10.71,10.25,10.399,216775.4364413
2017-09-25,10.399,11.149,10.369,11.003,285532.55144577
2017-09-26,11.02,12.189,10.772,11.483,450516.17058521
2017-09-27,11.483,13.3,11.41,12.96,725870.79130138
2017-09-28,12.937,13.95,12.65,13.222,690971.74645512
2017-09-29,13.228,13.743,12.11,12.715,527930.9309306
2017-09-30,12.693,13.6,12.675,13.241,241936.6160638
2017-10-01,13.241,13.253,12.62,12.914,172051.34942389
2017-10-02,12.916,12.997,12.331,12.409,166667.79777205
2017-10-03,12.484,12.537,11.776,12.333,147679.32221154
2017-10-04,12.283,12.396,11.745,11.794,159928.7333763
2017-10-05,11.8,12.109,11.507,11.962,115038.53716899
2017-10-06,11.959,12.417,11.893,12.327,103173.52746665
2017-10-07,12.301,12.586,12.032,12.394,151337.96886331
2017-10-08,12.394,12.581,12.08,12.115,117508.98408712
2017-10-09,12.127,12.19,10.833,11.472,200161.77648542
2017-10-10,11.448,11.69,11.25,11.4,182883.17133359
2017-10-11,11.4,11.539,11.252,11.449,115991.93864381
2017-10-12,11.464,11.99,11.337,11.735,287894.55398504
2017-10-13,11.735,12.399,11.303,12.065,389291.85836666
2017-10-14,12.065,12.515,11.84,12.197,160122.49409411
2017-10-15,12.197,12.5,11.522,11.953,185082.61429784
2017-10-16,11.971,12.21,11.781,11.946,162230.08111446
2017-10-17,11.921,12.478,11.527,11.848,270608.80006829
2017-10-18,11.826,11.832,10.61,11.441,279579.88309637
2017-10-19,11.465,11.502,11.1,11.293,130619.83018415
2017-10-20,11.272,11.498,11.08,11.08,179755.45607327
2017-10-21,11.08,11.266,10.641,10.844,132658.16962318
2017-10-22,10.884,11.199,10.5,10.664,149013.1721444
2017-10-23,10.663,10.664,9.632,10.057,572832.4316133499
2017-10-24,10.067,11.11,9.601,10.442,398054.10349586
2017-10-25,10.436,10.599,10.12,10.466,172795.31325042
2017-10-26,10.466,10.677,10.262,10.39,99034.43563242
2017-10-27,10.393,10.65,9.7131,10.289,417022.36536561
2017-10-28,10.295,10.498,9.9,10.369,163150.819483
2017-10-29,10.39,11.168,10.372,10.81,260327.6892543
2017-10-30,10.82,11.0,10.671,10.802,97351.10434495
2017-10-31,10.765,10.887,10.5,10.5,160849.96834818
2017-11-01,10.5,10.614,10.1,10.13,216344.46062707
2017-11-02,10.13,10.256,9.5,9.9888,338948.27708026
2017-11-03,9.9902,12.6,9.9402,12.277,885842.75952272
2017-11-04,12.36,12.52,11.251,11.782,693779.69905365
2017-11-05,11.77,14.24,11.515,13.108,1906498.40858454
2017-11-06,13.124,15.258,12.91,13.835,1665980.64442847
2017-11-07,13.86,14.723,13.137,13.542,661065.69514267
2017-11-08,13.555,14.3,13.5,13.921,539318.7492478
2017-11-09,13.915,14.526,13.753,14.109,451704.1839851
2017-11-10,14.085,15.406,13.492,14.392,1254244.21584054
2017-11-11,14.376,19.475,14.149,19.102,2664707.88834967
2017-11-12,19.159,21.4,13.75,14.538,2567883.05114458
2017-11-13,14.535,16.377,14.11,15.856,1025594.20747031
2017-11-14,15.85,18.4,15.785,17.405,1304312.05387881
2017-11-15,17.405,17.86,16.5,17.16,434780.935378
2017-11-16,17.16,17.18,16.1,16.815,632083.26759355
2017-11-17,16.815,17.866,16.481,17.092,736873.11624283
2017-11-18,17.091,18.342,16.671,17.634,569570.90020478
2017-11-19,17.62,18.2,17.455,17.964,359682.36178989
2017-11-20,17.966,18.89,17.906,18.505,594557.89608008
2017-11-21,18.505,18.7,16.983,17.615,647057.93699462
2017-11-22,17.614,18.178,17.56,17.961,264853.03607289
2017-11-23,17.986,18.85,17.608,17.929,611776.18316055
2017-11-24,17.923,21.388,17.594,20.93,1436884.63422306
2017-11-25,20.886,22.76,19.957,21.339,1234008.67396355
2017-11-26,21.337,22.0,20.711,21.801,569185.98748408
2017-11-27,21.801,25.84,20.823,24.678,2264258.66544574
2017-11-28,24.607,33.0,24.507,31.4,3415410.50638821
2017-11-29,31.399,31.714,20.6,24.324,2727794.93661798
2017-11-30,24.307,27.0,21.23,25.959,1732076.76720205
2017-12-01,25.958,30.5,24.085,29.765,1310999.71979121
2017-12-02,29.793,30.758,27.7,28.872,799265.99225783
2017-12-03,28.871,31.0,27.187,28.901,707251.6778926
2017-12-04,28.901,29.752,27.31,29.239,409151.69133851
2017-12-05,29.242,29.49,27.75,27.903,526147.486378
2017-12-06,27.903,28.146,23.703,24.874,856854.88497845
2017-12-07,24.85,27.4,23.133,23.335,779100.88234884
2017-12-08,23.331,27.846,22.077,27.758,1254656.98977797
2017-12-09,27.713,31.277,24.686,27.685,1630399.17353495
2017-12-10,27.62,27.777,23.134,25.239,897624.57582249
2017-12-11,25.419,28.54,25.306,27.252,926606.88720202
2017-12-12,27.173,32.596,26.623,29.781,1565493.64645861
2017-12-13,29.664,34.49,26.184,29.075,2063280.29223341
2017-12-14,29.091,34.18,28.7,31.325,1614185.57763748
2017-12-15,31.343,32.55,26.445,31.5,1408284.22018685
2017-12-16,31.51,37.78,30.211,33.7,2033112.08593672
2017-12-17,33.767,35.9,33.251,33.987,750907.9231133
2017-12-18,33.948,40.7,31.047,38.001,2091219.46817162
2017-12-19,38.005,42.94,35.968,37.418,2218043.61221966
2017-12-20,37.499,41.5,34.134,38.999,1914809.56055039
2017-12-21,38.999,43.0,35.458,37.182,1352263.98451581
2017-12-22,37.181,37.659,15.2,27.094,3545617.44820747
2017-12-23,27.102,31.26,26.58,28.358,989366.26616283
2017-12-24,28.357,28.68,23.404,27.416,1007253.87227697
2017-12-25,27.448,29.384,26.525,28.456,515855.00101071
2017-12-26,28.459,30.495,28.38,29.936,514497.69592006
2017-12-27,29.878,30.757,27.394,28.698,541153.88969435
2017-12-28,28.698,28.969,24.877,26.939,568267.80949326
2017-12-29,26.93,28.678,25.796,27.207,559650.57084961
2017-12-30,27.23,27.319,22.6,23.664,843070.10985895
2017-12-31,23.706,26.55,23.5,25.901,413502.60199173
2018-01-01,25.912,31.75,25.034,29.199,1302582.8304167
2018-01-02,29.199,34.39,29.12,31.8,1301413.46862757
2018-01-03,31.871,33.79,29.831,33.086,771400.04161932
2018-01-04,33.086,37.1,30.7,33.646,1449147.6022954
2018-01-05,33.633,35.287,30.333,31.1,1063740.23117751
2018-01-06,31.097,34.49,30.705,33.948,718475.90254533
2018-01-07,33.957,36.099,33.905,35.401,790707.06227193
2018-01-08,35.365,38.563,28.25,33.711,1611198.98848617
2018-01-09,33.706,38.48,31.029,37.419,1089907.65307701
2018-01-10,37.411,38.75,33.51,36.344,1442292.52230578
2018-01-11,36.343,37.7,29.627,32.4,1135467.71045077
2018-01-12,32.404,36.894,31.011,35.824,849291.39318555
2018-01-13,35.824,42.5,35.022,42.3,1422968.3825815
2018-01-14,42.36,46.98,39.101,42.416,2328625.3004541
2018-01-15,42.416,43.983,39.581,39.897,899720.29242665
2018-01-16,40.007,40.248,22.2,27.674,2716345.71026231
2018-01-17,27.674,30.198,22.001,28.912,1894240.79747351
2018-01-18,28.912,32.55,27.426,29.44,1339138.42219944
2018-01-19,29.426,34.0,28.152,31.65,957791.02002513
2018-01-20,31.65,35.5,31.463,34.899,712118.51544929
2018-01-21,34.93,36.0,28.685,30.284,873940.89793473
2018-01-22,30.285,32.695,26.443,29.086,852367.59090594
2018-01-23,29.011,30.481,25.964,28.142,732536.32994808
2018-01-24,28.201,30.362,27.642,29.641,428768.41624733
2018-01-25,29.692,30.299,28.562,29.0,302398.05618681
2018-01-26,28.932,29.604,26.464,28.681,473238.38122027
2018-01-27,28.639,30.25,28.012,29.6,315854.85783487
2018-01-28,29.662,33.97,29.454,32.43,578244.19555786
2018-01-29,32.467,33.247,30.269,31.211,399572.49190829
2018-01-30,31.173,31.301,26.602,27.116,773067.81086995
2018-01-31,27.115,28.83,25.976,28.828,522110.55128468
2018-02-01,28.767,28.89,23.81,25.022,604691.01719798
2018-02-02,25.013,25.107,18.601,23.138,1063112.8452718
2018-02-03,23.195,25.037,20.676,24.271,497483.27753811
2018-02-04,24.353,24.886,19.438,20.776,543856.79785215
2018-02-05,20.792,21.27,15.6,16.547,861119.74351445
2018-02-06,16.516,19.354,14.0,19.107,1310092.16350807
2018-02-07,19.104,20.388,17.244,18.11,599390.0810741599
2018-02-08,18.123,21.988,18.083,21.731,545504.95326569
2018-02-09,21.685,26.25,20.793,25.7,940293.48733519
2018-02-10,25.744,26.25,22.429,24.052,753235.00597573
2018-02-11,24.051,25.8,21.003,23.73,1088399.08776361
2018-02-12,23.791,29.99,23.732,29.468,1563531.88926628
2018-02-13,29.519,34.156,27.777,33.157,2581761.37317123
2018-02-14,33.157,35.9,32.6,34.645,2043288.86198291
2018-02-15,34.645,35.274,31.97,33.672,1087531.48764156
2018-02-16,33.672,34.94,32.133,34.622,669653.68082876
2018-02-17,34.62,34.999,33.771,34.655,496395.14885544
2018-02-18,34.664,34.723,30.611,34.268,903998.10192691
2018-02-19,34.27,39.8,33.0,38.376,2005771.71397746
2018-02-20,38.413,42.849,35.822,36.599,2125077.44587686
2018-02-21,36.577,38.44,32.877,34.403,1868476.03895111
2018-02-22,34.401,35.888,29.956,31.316,1828861.93753715
2018-02-23,31.268,36.65,30.18,36.126,1743202.04882559
2018-02-24,36.056,38.9,34.5,36.659,1832242.61629451
2018-02-25,36.652,36.967,33.298,35.067,905033.22535686
2018-02-26,35.067,36.371,33.39,35.196,799190.4102626
2018-02-27,35.272,37.199,34.65,35.591,814191.88033791
2018-02-28,35.555,36.272,32.714,33.277,808683.27219953
2018-03-01,33.255,34.798,31.412,33.467,807568.36656045
2018-03-02,33.467,33.908,30.0,30.42,1165575.35490825
2018-03-03,30.42,31.846,28.314,28.816,1445524.39713684
2018-03-04,28.782,31.096,28.38,29.504,1169126.34349786
2018-03-05,29.505,30.209,26.312,26.497,1584282.72495138
2018-03-06,26.483,27.264,24.537,24.774,1018332.19817402
2018-03-07,24.725,25.25,20.256,21.834,1842960.86797559
2018-03-08,21.874,24.88,20.828,22.2,2176094.03725322
2018-03-09,22.2,22.856,20.01,22.002,2390736.30431526
2018-03-10,22.013,22.749,20.391,20.651,909232.66592472
2018-03-11,20.668,21.778,19.6,21.371,948281.1314474
2018-03-12,21.402,21.724,19.801,20.32,457663.96021127
2018-03-13,20.301,20.819,19.44,19.821,525341.7201764
2018-03-14,19.835,20.526,15.885,17.027,1021775.29442823
2018-03-15,17.047,19.652,15.7,18.298,1788918.31638685
2018-03-16,18.288,18.5,17.105,17.594,856237.59206716
2018-03-17,17.598,17.942,15.979,16.068,610504.21878945
2018-03-18,16.052,17.199,14.34,16.698,1419380.72042593
2018-03-19,16.733,19.527,16.2,19.49,1321269.46186521
2018-03-20,19.489,20.979,17.764,20.027,1573582.80012244
2018-03-21,20.027,21.458,19.006,19.539,909312.65329175
2018-03-22,19.54,20.651,18.301,19.54,869650.30171591
2018-03-23,19.511,19.595,17.858,19.142,806124.30015313
2018-03-24,19.144,19.333,18.185,18.334,541205.0426706501
2018-03-25,18.299,18.524,17.806,17.997,322887.83131082
2018-03-26,18.016,18.064,15.325,16.303,1087595.15630157
2018-03-27,16.279,17.2,15.192,15.819,936058.62926707
2018-03-28,15.801,16.793,15.65,16.049,420525.49494827
2018-03-29,16.036,16.127,14.489,14.706,840399.47999152
2018-03-30,14.717,15.153,13.761,14.354,920123.00056579
2018-03-31,14.379,14.876,14.187,14.31,334230.56828679
2018-04-01,14.307,14.535,13.046,13.555,528271.68688571
2018-04-02,13.56,14.28,13.445,14.099,290243.71788718
2018-04-03,14.079,15.268,13.916,15.054,541922.58031059
2018-04-04,15.036,15.036,13.256,13.554,507226.73709678
2018-04-05,13.545,13.849,13.13,13.65,381160.35107737
2018-04-06,13.659,13.83,13.0,13.094,331175.00634919
2018-04-07,13.118,13.822,13.084,13.429,220083.37794885
2018-04-08,13.424,14.51,13.344,14.11,302176.405177
2018-04-09,14.11,14.56,13.164,13.596,329931.28567023
2018-04-10,13.615,13.828,13.248,13.69,201964.94265512
2018-04-11,13.702,14.739,13.59,14.583,373301.49247819
2018-04-12,14.583,16.452,13.7,16.151,1213263.56864013
2018-04-13,16.161,16.773,15.469,15.586,1008042.83646857
2018-04-14,15.61,16.5,15.452,16.097,450401.4456486
2018-04-15,16.057,16.961,16.049,16.851,380215.94777542
2018-04-16,16.851,16.984,15.558,16.171,478300.22801382
2018-04-17,16.152,16.941,15.947,16.04,516272.76324385
2018-04-18,16.048,17.886,16.02,17.654,697450.6463981
2018-04-19,17.659,18.474,17.413,18.39,515042.03110913
2018-04-20,18.39,19.947,17.875,19.646,1208643.12218935
2018-04-21,19.615,19.998,17.512,18.678,1095625.9400563
2018-04-22,18.676,19.474,18.25,18.717,391276.06363395
2018-04-23,18.719,20.9,18.657,20.448,1243215.11250834
2018-04-24,20.449,22.88,20.37,22.031,1264681.30666293
2018-04-25,22.051,22.121,17.873,18.609,2674339.54961305
2018-04-26,18.629,21.621,18.109,21.06,1256176.88865659
2018-04-27,21.061,21.98,20.023,20.639,1333689.09060071
2018-04-28,20.584,22.478,20.42,21.694,888249.78171262
2018-04-29,21.696,22.4,20.331,21.792,817413.48920349
2018-04-30,21.825,22.998,21.2,21.8,1254722.2766653
2018-05-01,21.8,21.8,20.382,21.49,836106.00673971
2018-05-02,21.539,21.919,21.0,21.621,369389.82872072
2018-05-03,21.623,23.5,21.428,22.741,1583069.13012328
2018-05-04,22.731,22.741,21.627,22.392,1023344.07611589
2018-05-05,22.393,23.242,22.311,22.782,606038.1767649
2018-05-06,22.774,25.74,22.764,25.324,1941540.30323479
2018-05-07,25.323,25.42,22.308,23.519,1166579.66001769
2018-05-08,23.519,23.776,21.789,22.282,574335.34793717
2018-05-09,22.294,22.34,20.151,21.415,1012329.56019273
2018-05-10,21.38,21.715,19.501,19.6,923748.26296249
2018-05-11,19.601,19.75,16.7,17.698,2043849.4390706
2018-05-12,17.709,18.555,16.327,18.065,854363.42704239
2018-05-13,18.083,19.099,17.61,18.706,554631.8514252
2018-05-14,18.705,19.2,17.325,18.7,698674.02855928
2018-05-15,18.698,19.899,18.046,18.096,698091.08188893
2018-05-16,18.053,18.257,16.779,17.637,692210.83458661
2018-05-17,17.637,18.327,16.55,16.854,456807.34487865
2018-05-18,16.842,18.192,16.52,18.012,398085.29927222
2018-05-19,18.002,18.1,17.411,17.686,224646.91173095
2018-05-20,17.686,18.327,17.47,18.184,248635.84628851
2018-05-21,18.191,18.264,17.34,17.568,195239.16575148
2018-05-22,17.574,17.671,16.219,16.292,390875.57984531
2018-05-23,16.304,16.532,14.424,14.792,689951.90739212
2018-05-24,14.787,15.761,14.227,15.733,574281.12355486
2018-05-25,15.706,15.742,14.717,15.136,325917.69271257997
2018-05-26,15.134,15.799,15.0,15.257,269801.82853907
2018-05-27,15.257,15.414,14.895,15.153,187422.867234
2018-05-28,15.16,15.6,14.11,14.273,452079.14132054
2018-05-29,14.297,15.486,14.057,15.183,394228.47493036
2018-05-30,15.208,15.563,14.692,15.153,315390.10053907
2018-05-31,15.152,15.631,15.0,15.305,286319.3552217
2018-06-01,15.292,15.526,15.08,15.485,234364.85456809
2018-06-02,15.485,16.15,15.299,15.846,352976.86221189
2018-06-03,15.828,16.454,15.789,16.205,397342.72214109
2018-06-04,16.225,16.379,15.062,15.196,440613.43510691
2018-06-05,15.16,15.615,14.73,15.512,283266.01385817
2018-06-06,15.527,15.638,14.887,15.186,213393.72508243
2018-06-07,15.186,15.499,15.055,15.248,211586.80260179
2018-06-08,15.231,15.645,15.05,15.382,265478.75287938
2018-06-09,15.361,15.548,14.906,15.016,170862.39201154
2018-06-10,15.016,15.016,12.0,12.542,1194877.80912824
2018-06-11,12.542,12.996,12.19,12.87,644428.61225414
2018-06-12,12.894,16.4,12.729,14.734,4686055.5354236
2018-06-13,14.751,14.908,12.89,13.81,2091620.87007258
2018-06-14,13.799,14.384,13.125,14.029,1551288.13058848
2018-06-15,14.054,14.092,13.569,13.831,570361.54979842
2018-06-16,13.834,14.835,13.772,14.444,791557.85480705
2018-06-17,14.404,14.63,14.091,14.212,300641.54739608
2018-06-18,14.212,15.626,13.981,15.121,1279086.58631571
2018-06-19,15.121,15.94,15.03,15.592,1516948.56405207
2018-06-20,15.585,17.421,14.807,17.282,1675547.62569976
2018-06-21,17.32,17.878,16.579,17.6,1984982.22469354
2018-06-22,17.593,17.622,14.15,14.475,3430618.29859555
2018-06-23,14.476,15.099,14.18,14.789,839545.45318431
2018-06-24,14.789,15.345,13.112,14.858,2087806.84303587
2018-06-25,14.879,16.06,14.65,15.869,1443242.68456509
2018-06-26,15.869,15.94,14.795,14.848,1024321.51330418
2018-06-27,14.819,15.607,14.151,15.481,1140966.79897595
2018-06-28,15.49,15.704,14.4,14.546,613606.16315639
2018-06-29,14.526,15.533,14.216,15.288,953996.83776084
2018-06-30,15.288,16.901,15.259,16.165,1394778.84953153
2018-07-01,16.165,16.45,15.501,16.007,725723.61844457
2018-07-02,16.008,17.1,15.631,16.683,766788.5589475
2018-07-03,16.683,17.17,16.065,16.15,638534.11793232
2018-07-04,16.168,17.53,15.77,16.825,645691.90276471
2018-07-05,16.842,17.47,16.66,17.376,698630.02422223
2018-07-06,17.38,18.502,16.86,18.317,1722388.66663427
2018-07-07,18.334,18.994,17.46,18.701,1091574.37826851
2018-07-08,18.701,18.999,18.22,18.271,575532.79865499
2018-07-09,18.28,18.753,18.127,18.194,616542.49171301
2018-07-10,18.194,18.194,15.938,16.068,1488159.86146488
2018-07-11,16.062,16.733,15.71,16.46,767422.30684245
2018-07-12,16.46,16.46,15.651,16.334,603870.14497079
2018-07-13,16.362,16.83,16.1,16.257,775205.18105853
2018-07-14,16.249,16.74,16.014,16.39,298383.67592401
2018-07-15,16.391,17.031,16.253,16.651,265547.51688015
2018-07-16,16.664,17.645,16.55,17.353,699244.47019624
2018-07-17,17.375,18.251,16.923,17.951,871300.66621593
2018-07-18,17.951,18.39,17.11,17.349,654380.91661087
2018-07-19,17.336,17.813,17.095,17.403,392230.12312217
2018-07-20,17.421,17.674,15.713,16.106,1012644.73853524
2018-07-21,16.104,16.573,15.85,16.308,262148.32821973
2018-07-22,16.308,16.56,16.042,16.148,234107.85352183
2018-07-23,16.147,16.771,15.85,16.054,373584.0731356
2018-07-24,16.055,16.85,15.734,16.63,597115.13615535
2018-07-25,16.624,16.85,16.119,16.511,318298.12729087
2018-07-26,16.511,17.44,16.3,16.659,528904.39615686
2018-07-27,16.651,17.205,16.331,17.057,384500.23657401
2018-07-28,17.074,17.118,16.612,17.043,148572.20743528
2018-07-29,17.043,17.082,16.675,16.887,141735.1913748
2018-07-30,16.9,17.4,16.593,17.113,384438.94648769
2018-07-31,17.113,17.152,15.784,16.173,500475.3258053
2018-08-01,16.178,16.295,14.955,15.472,534166.73904507
2018-08-02,15.481,15.569,14.551,14.924,421955.08995358
2018-08-03,14.915,16.972,14.125,16.556,1227584.47397418
2018-08-04,16.555,16.949,15.81,16.424,752087.16147246
2018-08-05,16.459,17.8,16.199,17.666,636689.34388313
2018-08-06,17.667,18.84,17.162,18.75,1709781.66114488
2018-08-07,18.751,21.25,16.808,17.271,3573736.91848878
2018-08-08,17.274,17.274,14.523,15.117,2242556.29358555
2018-08-09,15.147,15.422,14.305,15.023,973518.20125543
2018-08-10,15.02,15.371,14.089,14.215,1094563.90875978
2018-08-11,14.236,14.332,12.321,13.212,1236763.66111845
2018-08-12,13.198,13.607,12.794,13.177,583810.81573362
2018-08-13,13.178,13.442,11.815,11.918,821959.69400224
2018-08-14,11.917,11.966,10.135,11.799,1913341.37137769
2018-08-15,11.797,13.375,11.63,13.144,1816173.25041341
2018-08-16,13.152,14.922,12.835,13.874,3033320.9567935
2018-08-17,13.886,14.635,13.042,14.457,1915113.98924455
2018-08-18,14.457,14.5,12.584,13.174,1164837.13992963
2018-08-19,13.168,13.775,12.792,13.277,732922.23829598
2018-08-20,13.277,13.55,12.163,12.417,775519.15425388
2018-08-21,12.371,12.88,12.257,12.75,435156.31453553
2018-08-22,12.747,13.488,11.807,12.204,1165461.85215846
2018-08-23,12.197,12.665,12.058,12.47,422368.31552445
2018-08-24,12.471,12.598,12.251,12.552,288083.87586284
2018-08-25,12.553,12.85,12.384,12.507,224027.44429219
2018-08-26,12.506,12.69,12.049,12.461,718340.4447675
2018-08-27,12.447,12.735,12.25,12.723,1128791.72935276
2018-08-28,12.724,13.418,12.641,13.2,635846.16120026
2018-08-29,13.194,13.288,12.778,13.017,456867.95854778
2018-08-30,13.017,13.092,12.439,12.85,423739.10999815
2018-08-31,12.856,12.998,12.516,12.732,338549.19107232
2018-09-01,12.73,13.402,12.73,13.189,353737.43293072
2018-09-02,13.189,13.47,13.0,13.397,392413.01911333
2018-09-03,13.397,14.559,13.393,14.087,1315156.18401016
2018-09-04,14.075,14.274,13.756,14.0,438358.16528167
2018-09-05,14.0,14.081,11.717,11.759,1410484.31087421
2018-09-06,11.755,12.046,11.09,11.978,1013250.71507372
2018-09-07,11.981,12.258,11.402,11.567,395552.97098911
2018-09-08,11.557,11.895,10.7,10.965,616279.04017031
2018-09-09,10.965,11.637,10.848,11.191,504893.5057221
2018-09-10,11.207,11.498,10.95,11.323,339983.08419318
2018-09-11,11.314,11.493,10.836,11.267,381173.27298188
2018-09-12,11.241,11.288,9.84,10.701,1273642.72204293
2018-09-13,10.703,11.328,10.701,11.103,617862.73300225
2018-09-14,11.087,11.378,10.891,10.975,409980.77840423
2018-09-15,10.953,11.563,10.907,11.27,267039.97523967
2018-09-16,11.274,11.304,10.911,11.209,223307.30511262
2018-09-17,11.21,11.329,10.0,10.282,582453.58205812
2018-09-18,10.279,10.812,10.24,10.577,479935.0764952
2018-09-19,10.558,11.261,10.242,10.78,559118.06046463
2018-09-20,10.781,11.33,10.591,11.161,431816.99777605
2018-09-21,11.155,11.839,11.03,11.714,824264.55198127
2018-09-22,11.715,11.883,11.188,11.434,506883.11621245
2018-09-23,11.439,11.776,11.38,11.612,302994.65062112
2018-09-24,11.602,11.605,10.99,11.045,427569.77735452
2018-09-25,11.048,11.374,10.4,11.102,854616.29141676
2018-09-26,11.105,11.346,10.806,10.976,549744.88614082
2018-09-27,10.972,11.592,10.753,11.447,601508.60585156
2018-09-28,11.445,11.63,11.096,11.251,469425.9617941
2018-09-29,11.243,11.475,10.961,11.418,368006.63821912
2018-09-30,11.401,11.46,11.135,11.346,232202.38457091
2018-10-01,11.345,11.38,11.065,11.231,214738.59062817
2018-10-02,11.227,11.395,11.106,11.147,188313.25377459
2018-10-03,11.138,11.211,10.866,11.133,237946.00265635
2018-10-04,11.127,11.29,11.007,11.096,183893.01304586
2018-10-05,11.097,11.241,10.997,11.111,145585.65542079
2018-10-06,11.112,11.112,10.862,10.953,100476.44498011
2018-10-07,10.954,11.048,10.668,10.944,165152.61097508
2018-10-08,10.972,11.084,10.851,10.999,158653.44633108
2018-10-09,11.002,11.045,10.846,10.94,111678.75950078
2018-10-10,10.932,10.95,10.731,10.925,109622.96001865
2018-10-11,10.92,10.923,9.0315,9.2099,897736.22464809
2018-10-12,9.2099,9.785,9.15,9.5273,287523.68969059
2018-10-13,9.5217,9.6473,9.4672,9.5886,76295.15358296
2018-10-14,9.5908,9.7641,9.4646,9.4962,88976.28782217
2018-10-15,9.4962,11.124,9.353,10.024,1248849.88614508
2018-10-16,10.012,10.183,9.9,9.9811,98330.3174221
2018-10-17,9.9811,10.337,9.867,10.104,167596.779998
2018-10-18,10.101,10.149,9.732,9.7891,149565.12744659
2018-10-19,9.789,9.8483,9.6703,9.7391,132321.94228546
2018-10-20,9.7391,9.8751,9.7,9.8093,34896.62893632
2018-10-21,9.8141,9.992,9.7594,9.7596,74604.26766759
2018-10-22,9.7594,10.441,9.731,10.197,450928.33840593
2018-10-23,10.193,10.328,9.7992,9.9202,311349.89541332
2018-10-24,9.9185,10.067,9.8203,9.8303,248795.24131903
2018-10-25,9.828,9.8545,9.6854,9.765,130622.40947827
2018-10-26,9.7653,9.8613,9.6425,9.75,143010.83246721
2018-10-27,9.7502,9.7725,9.65,9.691,53588.48189495
2018-10-28,9.6862,9.7106,9.5942,9.6305,150311.47695361
2018-10-29,9.6272,9.7597,9.0,9.1063,517889.0431866
2018-10-30,9.1063,9.2201,8.94,9.0326,237410.03862805
2018-10-31,9.0199,9.1529,8.7656,9.0657,281135.76504148
2018-11-01,9.0657,9.1228,9.0058,9.1018,108555.351514
2018-11-02,9.1039,9.25,9.0646,9.2101,158565.37866301
2018-11-03,9.199,9.2207,9.0978,9.157,80594.85445239
2018-11-04,9.1596,9.67,9.1257,9.563,284623.04126625
2018-11-05,9.5631,9.5695,9.3425,9.4896,161597.07899733
2018-11-06,9.4954,10.04,9.431,10.017,359494.94145801
2018-11-07,10.015,10.018,9.6195,9.726,457945.87106889
2018-11-08,9.7319,9.7679,9.4461,9.5085,243434.69548799001
2018-11-09,9.5141,9.6816,9.4591,9.538,155916.57615351
2018-11-10,9.53,9.6247,9.53,9.53,57844.31762069
2018-11-11,9.53,9.53,8.9869,9.2999,226343.38040098
2018-11-12,9.2997,9.37,9.2141,9.2709,192655.28750098
2018-11-13,9.2637,9.2999,9.1066,9.19,189795.88976049
2018-11-14,9.1899,9.45,6.8625,8.1927,2027558.96144869
2018-11-15,8.1869,8.2003,7.2211,7.9023,1314170.95246085
2018-11-16,7.9007,7.9699,7.4947,7.5609,219226.08848472
2018-11-17,7.5576,7.5953,7.422,7.469,125915.92512823
2018-11-18,7.4701,7.7144,7.4296,7.5229,180599.69062835
2018-11-19,7.5165,7.5165,6.1873,6.2742,1826310.11329809
2018-11-20,6.2821,6.5587,5.1994,5.65,3378957.0867847
2018-11-21,5.6515,6.0215,5.4101,5.8426,742898.09260519
2018-11-22,5.8365,5.8859,5.2501,5.2745,469956.96427767
2018-11-23,5.3008,5.4286,5.03,5.2794,731182.03547101
2018-11-24,5.2739,5.4376,4.5012,4.8396,896493.11685308
2018-11-25,4.8395,4.98,4.3003,4.8452,1436319.25482875
2018-11-26,4.8499,4.9628,4.253,4.3942,1302195.86579667
2018-11-27,4.3962,4.7426,4.25,4.5952,961560.7170659
2018-11-28,4.5938,5.17,4.5907,5.0401,820621.7915925
2018-11-29,5.0448,5.1345,4.8028,4.9707,691310.28453253
2018-11-30,4.9758,5.0571,4.5045,4.6239,856047.01423947
2018-12-01,4.6218,5.0,4.4703,4.9003,1063230.8009349
2018-12-02,4.9003,5.39,4.8219,5.2197,1062560.07153887
2018-12-03,5.2184,5.2528,4.4825,4.525,1234460.2233678
2018-12-04,4.5219,4.8529,4.3646,4.4385,1050699.53914851
2018-12-05,4.4379,4.5128,4.0161,4.0354,1232700.73340137
2018-12-06,4.0367,4.247,3.4495,3.5341,1530262.43655575
2018-12-07,3.545,5.4119,3.3,3.8951,1811752.13257441
2018-12-08,3.8836,5.0,3.5636,3.9,1355268.91232009
2018-12-09,3.902,4.43,3.8772,4.0169,1108446.28334189
2018-12-10,4.0108,4.2178,3.7312,3.94,995922.7332644
2018-12-11,3.9401,4.229,3.6672,3.7516,1122204.79141393
2018-12-12,3.7509,4.06,3.68,3.9679,670465.61786364
2018-12-13,3.9648,4.0557,3.7958,3.9217,765534.49866933
2018-12-14,3.9264,3.9296,3.6474,3.7724,760885.37630058
2018-12-15,3.7736,3.7899,3.56,3.6779,526902.7741438
2018-12-16,3.6771,3.88,3.6579,3.6893,397252.7806024
2018-12-17,3.6916,4.2816,3.666,4.0864,1048518.77809989
2018-12-18,4.0864,4.326,3.935,4.2805,650125.65568265
2018-12-19,4.2946,4.895,4.2492,4.4686,901761.97891814
2018-12-20,4.4646,5.0899,4.4586,4.8968,745122.98824846
2018-12-21,4.898,4.9921,4.595,4.6294,567587.89864005
2018-12-22,4.6309,4.8695,4.4011,4.8336,469096.23394952
2018-12-23,4.8171,5.1999,4.7903,5.0161,680762.19752229
2018-12-24,5.018,5.6736,5.0137,5.2218,856825.19324602
2018-12-25,5.2278,5.2346,4.6129,4.8585,784742.90473921
2018-12-26,4.8586,5.7341,4.7807,5.6166,1014215.62848186
2018-12-27,5.631,5.8892,4.803,4.9085,1518733.20502485
2018-12-28,4.9069,5.67,4.8001,5.4379,973185.0334175
2018-12-29,5.4325,5.6413,5.2,5.303,521425.68382317
2018-12-30,5.2943,5.4868,5.1771,5.4427,334984.45833676
2018-12-31,5.4491,5.4935,5.0563,5.1556,289270.61695278
2019-01-01,5.1558,5.4911,5.1143,5.4676,271766.10842161
2019-01-02,5.4828,5.6416,5.35,5.5736,366689.22559065
2019-01-03,5.5846,5.6028,5.1431,5.209,323845.39384149
2019-01-04,5.21,5.4838,5.1598,5.4276,285989.53344161
2019-01-05,5.4183,5.4916,5.2253,5.2431,209924.70589044
2019-01-06,5.2437,5.75,5.2055,5.6227,469543.92545419
2019-01-07,5.6227,5.642,4.9,4.98,805075.7857975
2019-01-08,4.98,5.2236,4.9,5.0564,767570.51998728
2019-01-09,5.0556,5.1938,5.0,5.0443,330327.87675538
2019-01-10,5.0475,5.1598,4.2937,4.4787,825670.16541074
2019-01-11,4.4787,4.647,4.4227,4.5186,472975.98044034
2019-01-12,4.5137,4.8419,4.4814,4.6013,370745.73227648
2019-01-13,4.5995,4.6401,4.22,4.2768,367404.29605494
2019-01-14,4.2763,4.5764,4.2727,4.4336,366555.18235849
2019-01-15,4.4335,4.4889,4.1612,4.2511,452542.96810676
2019-01-16,4.2477,4.4506,4.2375,4.3532,370212.82083053
2019-01-17,4.3599,4.6282,4.2933,4.5529,384377.91127267
2019-01-18,4.544,4.5462,4.3392,4.4225,203742.30260287
2019-01-19,4.4226,4.6999,4.4226,4.4562,292159.75475939
2019-01-20,4.4562,4.5124,4.2226,4.2651,459852.03304323
2019-01-21,4.2682,4.4062,4.2478,4.2794,248787.75189807
2019-01-22,4.2803,4.4051,4.1755,4.3637,260173.47392493
2019-01-23,4.3581,4.4618,4.326,4.3429,409020.71128016
2019-01-24,4.3473,4.4099,4.27,4.3728,196098.27381689
2019-01-25,4.3669,4.452,4.3058,4.3877,226881.66079063
2019-01-26,4.3929,4.5153,4.3416,4.3422,143111.25103133
2019-01-27,4.343,4.3669,4.174,4.2532,228079.26342727
2019-01-28,4.2503,4.2752,3.8373,3.9774,440783.78287471
2019-01-29,3.9791,4.0486,3.8759,3.9483,228454.93265976
2019-01-30,3.9485,4.122,3.916,4.0525,214829.79595644
2019-01-31,4.0542,4.138,3.9581,4.0066,178338.30532691
2019-02-01,4.0066,4.0535,3.9113,3.9907,288347.72244301
2019-02-02,3.9894,4.0659,3.9523,4.0554,181539.21096733
2019-02-03,4.0539,4.0945,3.8926,3.9431,227453.92268496
2019-02-04,3.9432,3.9663,3.8996,3.9068,94241.33606665
2019-02-05,3.9003,3.9341,3.8948,3.907,48983.16242953
2019-02-06,3.907,3.921,3.688,3.8006,459282.91292375
2019-02-07,3.8007,3.9385,3.7496,3.892,305428.18592616
2019-02-08,3.8991,4.391,3.8772,4.2023,567747.40282099
2019-02-09,4.2077,4.2487,4.065,4.138,257396.37851268
2019-02-10,4.1396,4.2419,3.9841,4.2419,256331.45332154998
2019-02-11,4.2355,4.2402,4.02,4.1208,227970.91691098
2019-02-12,4.1275,4.2705,4.0688,4.1361,349983.86262843
2019-02-13,4.1362,4.2399,4.1009,4.1649,110494.35059931
2019-02-14,4.1647,4.2386,4.1108,4.1842,131994.90456935
2019-02-15,4.1842,4.302,4.105,4.1634,239003.75278454
2019-02-16,4.1634,4.2211,4.1353,4.1466,110250.41239219
2019-02-17,4.1372,4.29,4.1328,4.254,173959.73740572
2019-02-18,4.2552,4.548,4.2297,4.4729,452386.25702751
2019-02-19,4.4692,4.9453,4.4654,4.6318,528708.10864008
2019-02-20,4.6302,4.8529,4.511,4.7779,161807.0952132
2019-02-21,4.7779,4.7845,4.4815,4.5796,206238.52079798
2019-02-22,4.5943,4.8991,4.5408,4.8024,286649.95987949
2019-02-23,4.8011,5.0117,4.6874,4.9325,282986.30906093
2019-02-24,4.9291,5.0737,4.1617,4.1714,788512.6504525
2019-02-25,4.1752,4.4399,4.1674,4.3381,248153.99934208
2019-02-26,4.3406,4.4333,4.2819,4.3551,137386.62428501
2019-02-27,4.3551,4.4836,4.2131,4.3741,294703.46091167
2019-02-28,4.3786,4.4321,4.29,4.305,262299.17346543
2019-03-01,4.3055,4.3999,4.284,4.3328,117701.06360023
2019-03-02,4.3309,4.5136,4.2605,4.3362,271286.01226263
2019-03-03,4.3362,4.3775,4.2831,4.3308,114835.00890141
2019-03-04,4.3321,4.3561,4.0241,4.1736,364911.82104639
2019-03-05,4.1765,4.45,4.1614,4.3686,305634.74210004
2019-03-06,4.37,4.4868,4.2474,4.353,205031.94087838999
2019-03-07,4.3629,4.585,4.343,4.4509,158627.97732003
2019-03-08,4.451,4.4958,4.1729,4.2731,205592.78694674
2019-03-09,4.273,4.4123,4.2643,4.332,109379.06505289
2019-03-10,4.3283,4.4464,4.2473,4.4023,223924.43018722
2019-03-11,4.4024,4.4352,4.27,4.2814,132729.84651702
2019-03-12,4.2817,4.3992,4.211,4.3556,117309.43210755
2019-03-13,4.3556,4.3717,4.251,4.3144,86923.13125641
2019-03-14,4.3073,4.4458,4.2613,4.3707,226228.58233243
2019-03-15,4.3749,4.5293,4.3749,4.4838,167588.14735833
2019-03-16,4.4839,4.7129,4.4839,4.581,178789.07360737
2019-03-17,4.5804,4.585,4.4501,4.5155,116398.14986924
2019-03-18,4.5119,4.5922,4.3933,4.4852,134372.45053819
2019-03-19,4.4851,4.7427,4.4476,4.7011,217487.64987441
2019-03-20,4.7019,4.8111,4.59,4.7476,169631.2138464
2019-03-21,4.7538,4.974,4.56,4.8335,387681.76834327
2019-03-22,4.8318,5.0599,4.8227,4.9279,219533.00444335
2019-03-23,4.923,4.9706,4.8663,4.9392,92606.35637883
2019-03-24,4.94,4.9431,4.8033,4.887,79000.47717876
2019-03-25,4.887,4.8896,4.655,4.733,163143.82874712
2019-03-26,4.733,4.7534,4.6423,4.7154,99643.26195677
2019-03-27,4.7178,4.9071,4.7088,4.8667,127536.41325352
2019-03-28,4.8659,4.8659,4.7711,4.7875,50738.80240142
2019-03-29,4.7875,5.05,4.7875,4.9623,142461.120777
2019-03-30,4.9605,5.0129,4.7748,4.863,109830.14520658
2019-03-31,4.8629,4.9199,4.8251,4.9019,41781.06143679
2019-04-01,4.902,4.9198,4.8424,4.871,55464.84636916
2019-04-02,4.871,5.5278,4.86,5.5218,466580.05035751
2019-04-03,5.5203,6.1927,5.1357,5.428,1206472.05908645
2019-04-04,5.4309,5.6703,5.2163,5.3808,337789.8076489
2019-04-05,5.3785,5.9836,5.376,5.8082,164576.54745195
2019-04-06,5.8132,6.14,5.5552,6.0487,213691.31563493
2019-04-07,6.0518,8.0842,6.0518,7.7443,1969084.82826172
2019-04-08,7.7586,8.0433,6.8538,7.2395,1375467.00926882
2019-04-09,7.236,7.4777,6.7402,7.0337,545573.14208062
2019-04-10,7.0349,7.3025,6.8753,7.0415,363618.74837398
2019-04-11,7.037,7.0559,5.9862,6.3037,535803.73244917
2019-04-12,6.288,6.5353,5.9504,6.4,198475.24409286
2019-04-13,6.3836,6.4618,6.2201,6.367,69270.35155326
2019-04-14,6.3716,6.5152,6.2047,6.503,89267.33056147
2019-04-15,6.5031,6.58,5.96,6.1799,223478.56910213
2019-04-16,6.1734,6.357,6.0525,6.3176,97340.78525071
2019-04-17,6.3295,6.3823,6.18,6.2449,73374.36980089999
2019-04-18,6.2513,6.45,6.2183,6.371,115219.1274589
2019-04-19,6.3886,6.4001,6.2352,6.3289,68591.9861119
2019-04-20,6.3264,6.3746,6.21,6.2708,52034.04298754
2019-04-21,6.2652,6.274,5.7452,5.9641,231546.22925583
2019-04-22,5.9668,6.0164,5.8485,5.9654,95363.7465574
2019-04-23,5.9655,6.1576,5.9044,5.9455,100793.37876058
2019-04-24,5.9441,5.9441,5.262,5.6167,321943.28888034
2019-04-25,5.6181,5.7491,5.2504,5.4191,154285.95621447
2019-04-26,5.4263,5.6295,5.3408,5.5819,161223.3229292
2019-04-27,5.5972,5.73,5.5432,5.6364,47806.61921262
2019-04-28,5.6566,5.898,5.6157,5.8235,88176.28543247
2019-04-29,5.8138,5.95,5.6633,5.8402,106882.61373542
2019-04-30,5.8514,6.2115,5.8375,6.1952,110974.62076573
2019-05-01,6.2002,6.2568,6.0008,6.0931,85386.62544364
2019-05-02,6.0904,6.128,6.0089,6.0395,72848.65623901
2019-05-03,6.0251,6.4799,6.0104,6.3185,172763.4705647
2019-05-04,6.3238,6.44,5.91,6.1003,115143.23638997
2019-05-05,6.1011,6.1446,5.8688,6.0013,72018.40854899
2019-05-06,5.9968,6.0717,5.765,5.9714,217090.16388327
2019-05-07,5.975,6.2,5.8821,5.9246,164971.28870455
2019-05-08,5.912,5.9811,5.8306,5.9125,41632.37848139
2019-05-09,5.9182,5.9907,5.6142,5.6621,110093.05609831
2019-05-10,5.6711,5.7699,5.5532,5.6896,96372.24806503
2019-05-11,5.6911,6.3331,5.5734,6.011,452298.51512626
2019-05-12,6.0112,6.149,5.7494,5.8427,297105.41065207
2019-05-13,5.8377,6.2488,5.8018,6.0541,216623.76745705
2019-05-14,6.0372,6.65,6.0317,6.5619,286919.52621115
2019-05-15,6.5608,7.6423,6.4618,7.5772,458358.07071757
2019-05-16,7.5786,8.4867,6.953,7.6733,763447.57037666
2019-05-17,7.6586,7.7898,6.8618,7.33,461379.69353361
2019-05-18,7.333,7.4627,7.0737,7.181,115548.60991336
2019-05-19,7.1675,7.9139,7.1313,7.8007,171086.56690686
2019-05-20,7.7853,7.7853,7.1396,7.42,155471.70689895
2019-05-21,7.4256,7.6354,7.1985,7.3751,170769.9903766
2019-05-22,7.3844,7.5058,6.7574,6.9224,135859.00144542
2019-05-23,6.9003,7.1201,6.6612,7.0685,69839.71568615
2019-05-24,7.0688,7.4352,6.9932,7.2863,135238.42436949
2019-05-25,7.3052,7.3983,7.1828,7.2828,19736.81405819
2019-05-26,7.3093,7.8235,7.11,7.7065,219237.26612077
2019-05-27,7.7309,8.3679,7.6219,8.1956,148748.59385611
2019-05-28,8.2989,8.5,7.9569,8.2634,192250.13421697
2019-05-29,8.2487,8.4801,7.6907,8.2061,233159.6394188
2019-05-30,8.2209,8.9,7.76,8.0799,410236.9386425
2019-05-31,8.0694,8.6985,7.8992,8.6325,125980.77278688
2019-06-01,8.6355,8.8954,8.4041,8.5772,233302.92585541
2019-06-02,8.5609,9.648,8.5533,9.5341,316349.00643115997
2019-06-03,9.5443,9.8488,9.04,9.35,319974.78321635
2019-06-04,9.328,9.328,7.5365,8.2692,568094.29880315
2019-06-05,8.28,8.4,7.7827,8.1064,139465.34164502
2019-06-06,8.1,8.1837,7.3258,7.9618,134465.01035927
2019-06-07,7.9713,8.3811,7.804,8.2274,192660.30671542
2019-06-08,8.1814,8.798,8.058,8.433,141857.96544749
2019-06-09,8.4778,8.5264,7.8602,8.1301,86634.56929193
2019-06-10,8.1082,8.4237,7.9158,8.3033,76977.59915709
2019-06-11,8.3303,8.3699,8.0183,8.2712,57687.44842381
2019-06-12,8.2897,8.8279,8.1305,8.67,144144.66799715
2019-06-13,8.6555,8.75,8.4783,8.5455,77918.36942825
2019-06-14,8.5455,8.5971,8.1421,8.5456,67861.81513371
2019-06-15,8.5799,8.7354,8.4113,8.6075,59056.6309684
2019-06-16,8.6003,8.9671,8.5111,8.7177,220882.17814965
2019-06-17,8.7227,8.9068,8.6604,8.8142,70322.87763027
2019-06-18,8.8158,8.8273,8.3259,8.4418,100064.04171469
2019-06-19,8.4513,8.7058,8.4488,8.5737,54532.96160644
2019-06-20,8.5672,8.6097,8.3993,8.5328,56306.51334567
2019-06-21,8.5399,8.835,8.5001,8.7505,290560.01562134
2019-06-22,8.7589,9.3248,8.6999,9.2002,469964.57461174
2019-06-23,9.1842,9.7047,9.1025,9.3063,216695.32158399
2019-06-24,9.2912,9.42,8.8499,9.3,120776.21711028
2019-06-25,9.31,9.3502,9.0202,9.2,181264.22218683
2019-06-26,9.2,9.681,8.5774,8.9151,622170.8814870861
2019-06-27,8.9167,9.0586,7.1,7.6845,771633.8100377361
2019-06-28,7.6631,8.0832,7.5477,7.9771,320285.1640762669
2019-06-29,7.986,8.3264,7.5634,8.2725,220550.9509600804
2019-06-30,8.2997,8.6487,7.7,7.7251,277025.14297518606
2019-07-01,7.739,8.0184,7.3519,7.8044,171575.4077368197
2019-07-02,7.8171,7.9071,7.35,7.7263,103055.08988226707
2019-07-03,7.7291,7.9205,7.6243,7.8754,85241.9563293213
2019-07-04,7.88,8.2187,7.7095,7.7609,93947.13446709307
2019-07-05,7.75,7.934,7.6379,7.8489,48610.16067043853
2019-07-06,7.8818,8.0232,7.7728,7.8553,29776.242311706148
2019-07-07,7.8488,8.0127,7.7842,8.005,36964.85577461027
2019-07-08,8.01,8.0461,7.8735,8.0429,72734.36465999612
2019-07-09,8.0461,8.1293,7.772,7.8934,120021.58114430585
2019-07-10,7.9005,7.9464,6.977,7.2742,151650.10518531065
2019-07-11,7.2629,7.2629,6.1181,6.626,176435.06723146804
2019-07-12,6.5989,6.8448,6.5265,6.7727,64533.65512518
2019-07-13,6.7816,6.7816,6.3641,6.5949,72534.05401387
2019-07-14,6.5786,6.5995,5.5401,5.6402,279252.56237385
2019-07-15,5.6594,5.856,5.1222,5.7512,341578.03732074
2019-07-16,5.7652,6.0611,5.0247,5.315,412670.31940692
2019-07-17,5.3325,5.91,5.2322,5.6998,162743.496015
2019-07-18,5.7099,6.0775,5.4064,6.0207,166034.15752254
2019-07-19,6.0214,6.0214,5.6441,5.8728,95121.1198035
2019-07-20,5.8603,6.3219,5.8384,6.1434,104183.43920727
2019-07-21,6.1536,6.3021,6.0233,6.2601,101029.08166385
2019-07-22,6.2601,6.4872,6.197,6.3619,150592.38733858
2019-07-23,6.3434,6.3434,5.9373,6.0236,83915.12712735
2019-07-24,6.017,6.234,5.7673,6.1025,115291.06697666
2019-07-25,6.0858,6.2738,5.9796,6.0074,65061.77301076
2019-07-26,6.0118,6.2522,5.894,6.2108,39052.2855598
2019-07-27,6.2012,6.3401,5.76,5.9287,114909.03981484
2019-07-28,5.9339,6.0068,5.54,5.8962,82627.55282086
2019-07-29,5.9044,6.0863,5.8411,5.9275,39727.17401104
2019-07-30,5.9228,5.9932,5.8079,5.9365,39872.41831257
2019-07-31,5.9314,6.1,5.7861,6.0396,59598.11252723
2019-08-01,6.0615,6.0738,5.8217,5.9669,24820.08662467
2019-08-02,5.9845,6.0143,5.793,5.88,28666.05323162
2019-08-03,5.8713,5.9592,5.8313,5.8826,83249.0292404
2019-08-04,5.8858,6.1713,5.8362,6.1245,65739.76821126
2019-08-05,6.1244,6.3552,6.1138,6.1849,75153.3824043
2019-08-06,6.1826,6.2675,5.7936,5.8617,75657.38825427
2019-08-07,5.8664,6.0172,5.8339,5.9299,54688.77286308
2019-08-08,5.9202,6.1961,5.8919,6.0329,124923.49515978
2019-08-09,6.0275,6.0437,5.7462,5.8269,33000.55391335
2019-08-10,5.82,5.9013,5.5455,5.659,50550.85713629
2019-08-11,5.6579,5.88,5.6522,5.8492,20139.69545873
2019-08-12,5.8272,5.899,5.7259,5.7998,19381.61568673
2019-08-13,5.8051,5.9601,5.7453,5.9114,30744.48443991
2019-08-14,5.95,6.1645,5.4201,5.6083,152288.96380329
2019-08-15,5.615,5.7799,5.3001,5.6527,100855.21934695
2019-08-16,5.6396,5.6397,5.4497,5.5367,39100.33669348
2019-08-17,5.5465,5.5517,5.4097,5.4758,26356.13303053
2019-08-18,5.472,5.7038,5.4348,5.5853,34751.26337618
2019-08-19,5.5812,5.6708,5.45,5.571,26551.73264624
2019-08-20,5.5528,6.1799,5.4882,6.0468,166983.39769728
2019-08-21,6.0351,6.3912,5.8745,6.15,240963.50948452
2019-08-22,6.1834,7.69,6.0013,7.2476,853723.93917038
2019-08-23,7.239,7.5889,6.8869,7.1461,401971.28763704
2019-08-24,7.1673,7.2342,6.7771,6.8558,197428.78861771
2019-08-25,6.8676,7.436,6.8482,7.1241,248662.06566397
2019-08-26,7.1389,7.5347,7.1254,7.3498,180080.78120893
2019-08-27,7.3315,7.3315,7.1047,7.2044,81813.25422447
2019-08-28,7.2292,7.24,6.2258,6.4739,306867.05665302
2019-08-29,6.4685,6.4718,5.6858,5.9488,265041.28272238
2019-08-30,5.9587,6.499,5.7401,6.3333,211582.57972605
2019-08-31,6.316,6.453,6.1621,6.294,103168.18313879
2019-09-01,6.2948,6.3398,6.093,6.2642,71691.75520983
2019-09-02,6.2747,6.8941,6.2123,6.7112,284227.38325605
2019-09-03,6.7111,7.0525,6.6424,6.8174,168449.05874668
2019-09-04,6.8163,6.9061,6.6802,6.7868,143967.11284258
2019-09-05,6.7437,7.2167,6.72,7.0746,162526.58497636
2019-09-06,7.0501,7.0689,6.671,6.6807,84312.06430254
2019-09-07,6.6751,6.8246,6.2771,6.6761,178095.05298807
2019-09-08,6.6761,6.7998,6.56,6.6759,45659.73217755
2019-09-09,6.6689,6.8006,6.3672,6.63,111499.38947453
2019-09-10,6.6277,6.7621,6.448,6.5496,71019.04755154
2019-09-11,6.5458,6.6015,6.1101,6.3453,101840.67077694
2019-09-12,6.35,6.393,6.2162,6.225,60549.38675535
2019-09-13,6.2201,6.272,6.1141,6.2099,37263.60312548
2019-09-14,6.2099,6.3252,6.1194,6.2693,45158.83250588
2019-09-15,6.265,6.3758,6.2483,6.29,174363.89526901
2019-09-16,6.2898,6.3569,6.1611,6.2442,43497.43173562
2019-09-17,6.2394,6.4654,6.1803,6.3023,74662.45538396
2019-09-18,6.304,6.5401,6.3018,6.3853,70428.02236157
2019-09-19,6.3878,6.3878,5.7849,6.2537,181906.96594202
2019-09-20,6.248,6.2909,5.9608,6.1912,72590.67830138
2019-09-21,6.1966,6.2093,6.055,6.1402,11519.8538367
2019-09-22,6.1347,6.1433,5.9426,6.0153,52878.76175077
2019-09-23,6.0175,6.1,5.801,5.8169,69496.93873164
2019-09-24,5.81,5.8712,4.2,4.6817,848965.81586562
2019-09-25,4.6802,4.9814,4.5361,4.8416,729750.29561437
2019-09-26,4.8515,4.8713,4.5208,4.709,165344.42165506
2019-09-27,4.726,4.7636,4.5187,4.6894,97339.73643653
2019-09-28,4.6901,4.7882,4.6453,4.6926,52198.26052414
2019-09-29,4.6942,4.7046,4.4541,4.5684,38356.97623962
2019-09-30,4.5685,4.7873,4.4388,4.72,51387.58077771
2019-10-01,4.7466,4.8716,4.5817,4.6341,64713.82693188
2019-10-02,4.6405,4.6932,4.5809,4.6931,12732.74720582
2019-10-03,4.7135,4.7227,4.5325,4.6296,50050.05450763
2019-10-04,4.6346,4.6831,4.5109,4.62,30390.94317851
2019-10-05,4.6,4.6837,4.5526,4.6288,30545.10613558
2019-10-06,4.6369,4.6543,4.398,4.5061,61719.99516421
2019-10-07,4.5019,4.7493,4.4747,4.6875,64981.45164308
2019-10-08,4.6875,4.761,4.6012,4.6439,24819.5619932
2019-10-09,4.6446,5.2496,4.6129,5.0891,101977.13684112
2019-10-10,5.0921,5.1233,4.829,4.8441,380839.36548459
2019-10-11,4.8498,4.9664,4.6522,4.6522,114516.28355077
2019-10-12,4.653,4.76,4.653,4.714,25743.52160268
2019-10-13,4.7189,4.8228,4.7006,4.75,34796.15171156
2019-10-14,4.7381,4.8663,4.7356,4.7658,20693.11638009
2019-10-15,4.8178,4.818,4.4606,4.5562,129018.93753909
2019-10-16,4.5449,4.7171,4.1599,4.4291,127263.96680724
2019-10-17,4.4231,4.5836,4.3909,4.5086,47217.05645892
2019-10-18,4.5086,4.5246,4.3501,4.4308,46268.21336302
2019-10-19,4.437,4.4863,4.3981,4.4311,22602.17915541
2019-10-20,4.4391,4.561,4.3863,4.52,49631.40588804
2019-10-21,4.52,4.7074,4.4518,4.6187,49165.46773731
2019-10-22,4.6032,4.6689,4.431,4.471,36452.88008294
2019-10-23,4.4678,4.494,4.0223,4.2655,123569.89947108
2019-10-24,4.2623,4.3733,4.1929,4.2802,34091.33031705
2019-10-25,4.283,5.0138,4.2469,4.7531,312356.76036335
2019-10-26,4.7708,5.1537,4.4758,4.6097,314711.81632434
2019-10-27,4.5992,4.9552,4.5634,4.7962,119624.07717686999
2019-10-28,4.8049,5.0,4.7514,4.7534,100277.53040018
2019-10-29,4.7578,5.1776,4.7578,4.9339,144573.56817975
2019-10-30,4.9458,4.9815,4.7375,4.8069,23125.89323987
2019-10-31,4.8176,4.9815,4.6932,4.8341,51715.82719306
2019-11-01,4.8231,4.9678,4.8103,4.8923,22605.97864681
2019-11-02,4.9084,5.0777,4.8567,4.9405,138877.27413675
2019-11-03,4.9426,5.01,4.8303,4.8957,30918.58216804
2019-11-04,4.8838,5.0443,4.8614,4.978,29465.80438542
2019-11-05,4.9683,5.0842,4.8528,5.042,30423.17604441
2019-11-06,5.0328,5.2125,5.003,5.09,47540.18023891
2019-11-07,5.0898,5.375,5.02,5.2309,314429.64151035
2019-11-08,5.2363,5.2774,4.7725,4.9869,101772.37252975
2019-11-09,4.9769,5.056,4.9258,4.9576,23782.31860449
2019-11-10,4.9441,5.203,4.9152,5.052,96370.28416728
2019-11-11,5.0557,5.078,4.8332,4.8912,24577.80437388
2019-11-12,4.8957,4.9389,4.801,4.895,46355.73922149
2019-11-13,4.9115,4.9313,4.8455,4.8708,15894.54895156
2019-11-14,4.8557,4.8655,4.6751,4.7678,32817.48713061
2019-11-15,4.7599,4.8129,4.453,4.5698,66286.40557732
2019-11-16,4.5706,4.655,4.5404,4.641,11026.79996025
2019-11-17,4.6421,4.706,4.6011,4.6379,23987.78328218
2019-11-18,4.6326,4.6412,4.1901,4.3946,99366.39919845
2019-11-19,4.3804,4.5448,4.276,4.391,47160.76513692
2019-11-20,4.4008,4.4528,4.3196,4.3476,9536.65529732
2019-11-21,4.3464,4.4249,4.0461,4.1909,48436.19162317
2019-11-22,4.2034,4.2423,3.5561,3.8966,126666.55137143
2019-11-23,3.8929,4.09,3.8251,4.0186,41339.51209481
2019-11-24,4.01,4.012,3.7021,3.7316,39143.60889291
2019-11-25,3.7337,4.0,3.6,3.7987,303630.34513768
2019-11-26,3.8052,3.9338,3.785,3.8995,27413.367438960002
2019-11-27,3.8995,4.0759,3.709,3.9724,36926.7650265
2019-11-28,3.9745,4.0383,3.8904,3.9576,27384.1309032
2019-11-29,3.9571,4.1543,3.9571,4.1025,19511.45002278
2019-11-30,4.1171,4.1261,3.8913,3.9687,16636.28077721
2019-12-01,3.9678,4.0352,3.8054,3.9701,92785.97399773
2019-12-02,3.9693,3.9693,3.8026,3.877,25243.81453276
2019-12-03,3.8801,3.9621,3.8501,3.8579,23331.50428154
2019-12-04,3.8481,3.9416,3.7174,3.7774,46409.20742576
2019-12-05,3.7671,3.8345,3.7525,3.8125,15729.65179099
2019-12-06,3.8149,3.9458,3.7969,3.9168,27547.50127827
2019-12-07,3.9194,3.973,3.8782,3.8925,27324.86469166
2019-12-08,3.8916,3.975,3.8556,3.9233,12021.12820445
2019-12-09,3.9233,3.9391,3.792,3.8174,23698.70900524
2019-12-10,3.8173,3.8173,3.7466,3.8002,23349.58485944
2019-12-11,3.7962,3.8143,3.7721,3.7811,5976.4074724
2019-12-12,3.7858,3.86,3.7369,3.8196,14741.59251213
2019-12-13,3.8355,3.9,3.8355,3.8766,30389.65621634
2019-12-14,3.8846,3.8864,3.757,3.8211,19338.61708434
2019-12-15,3.8158,3.8679,3.7778,3.816,6949.1912067700005
2019-12-16,3.8129,3.862,3.6364,3.6972,47917.7079359
2019-12-17,3.6944,3.7284,3.4334,3.4893,74755.74789508
2019-12-18,3.4937,3.8393,3.4,3.7785,102794.59508257
2019-12-19,3.8069,3.8143,3.6794,3.7444,16736.62387587
2019-12-20,3.7481,4.2383,3.7088,4.0665,100729.3178101
2019-12-21,4.064,4.1853,4.0154,4.106,208393.23655792
2019-12-22,4.1009,4.2759,4.0677,4.2098,99802.64786517
2019-12-23,4.218,4.2496,3.9609,4.0071,74668.94717593
2019-12-24,4.0055,4.013,3.9001,3.9487,70843.89474894
2019-12-25,3.9489,4.1,3.9142,4.0418,32847.63412002
2019-12-26,4.0492,4.7662,4.0492,4.509,295822.31208986
2019-12-27,4.5087,4.6812,4.3844,4.5252,177624.65510626
2019-12-28,4.527,4.5739,4.4044,4.4358,46540.56313186
2019-12-29,4.4266,4.8724,4.399,4.6611,176523.91206674
2019-12-30,4.6572,4.8976,4.5454,4.6238,115112.56012647
2019-12-31,4.6258,4.7641,4.4382,4.5009,239877.60887924
2020-01-01,4.4954,4.5757,4.4828,4.5247,32491.17341271
2020-01-02,4.5071,4.5197,4.1897,4.2544,121066.74456822
2020-01-03,4.2478,4.6431,4.1999,4.5798,103893.87521409
2020-01-04,4.6013,4.79,4.5428,4.7591,82253.29647664
2020-01-05,4.775,5.0061,4.7422,4.88,158636.63093765
2020-01-06,4.88,5.1495,4.8545,5.0305,202459.5923401
2020-01-07,5.05,5.0702,4.7248,4.8185,112018.06362876
2020-01-08,4.8492,5.0496,4.71,4.9475,86626.49551615
2020-01-09,4.9431,5.2,4.88,5.19,261091.66460851
2020-01-10,5.1833,5.3979,4.9285,5.3438,105850.29759882
2020-01-11,5.3299,5.8193,5.318,5.5719,168493.75209243
2020-01-12,5.5629,5.6308,5.3551,5.5717,58273.001303259996
2020-01-13,5.5801,5.5927,5.32,5.4834,74686.14248198
2020-01-14,5.4736,6.9999,5.4736,6.7659,889997.37273125
2020-01-15,6.7322,8.1,6.5666,7.9969,489163.39843731
2020-01-16,7.9958,8.5926,7.31,8.4063,381762.69346267
2020-01-17,8.4038,12.0,8.1517,9.4137,1949615.08173405
2020-01-18,9.4514,9.7439,8.0621,8.29,830152.25237144
2020-01-19,8.26,9.41,7.77,8.5117,465950.21381713
2020-01-20,8.53,9.0853,8.0452,8.6269,264097.94942478
2020-01-21,8.6509,9.1237,8.5141,8.9326,132881.09616766
2020-01-22,8.93,9.5031,8.9202,9.3448,161410.80446796
2020-01-23,9.3403,9.35,8.1741,8.446,169804.46838683
2020-01-24,8.4504,8.8282,7.88,8.6248,179119.09764314
2020-01-25,8.6201,8.6488,8.0953,8.441,73290.15941497
2020-01-26,8.3902,9.3854,8.2401,9.1883,151827.95411542
2020-01-27,9.2106,11.129,9.1968,10.428,593109.16547358
2020-01-28,10.428,11.71,10.377,11.405,681648.72584084
2020-01-29,11.413,12.889,11.336,12.236,671801.09541817
2020-01-30,12.237,12.679,11.613,12.273,365658.46345012
2020-01-31,12.288,12.297,10.699,11.309,498542.85576272
2020-02-01,11.377,11.843,11.1,11.551,144861.8128243
2020-02-02,11.55,11.816,11.171,11.37,142855.73753392
2020-02-03,11.381,12.25,11.311,11.8,228122.00113448
2020-02-04,11.799,11.907,11.122,11.409,112298.94387848
2020-02-05,11.431,12.647,11.333,12.339,209867.81631455
2020-02-06,12.342,13.193,10.81,12.108,587150.51476238
2020-02-07,12.089,12.239,11.294,11.687,165514.4850898
2020-02-08,11.681,11.942,11.11,11.703,145993.79633748
2020-02-09,11.689,12.117,11.265,11.689,137992.69164177
2020-02-10,11.72,12.039,11.338,11.833,111884.00623948
2020-02-11,11.824,12.137,11.605,11.994,83334.06616508
2020-02-12,11.99,12.484,11.977,12.221,187166.72465784
2020-02-13,12.206,13.067,11.356,12.032,296184.88844084
2020-02-14,12.035,12.06,11.669,11.978,73698.0595658
2020-02-15,12.007,12.05,9.7211,10.38,478824.09434942
2020-02-16,10.381,10.678,8.9,9.5846,393041.98159738
2020-02-17,9.5717,9.9104,8.71,9.6816,295119.15618143
2020-02-18,9.69,10.027,9.1898,9.8677,136251.46852682
2020-02-19,9.8719,9.8928,8.7001,8.8421,190467.33322831
2020-02-20,8.8135,9.0327,8.3402,8.888,299101.63748115
2020-02-21,8.8873,9.87,8.7932,9.4421,220791.55826934
2020-02-22,9.4037,9.73,9.3025,9.5225,206895.16868124
2020-02-23,9.5206,10.01,9.4814,9.8179,134739.43183966
2020-02-24,9.7687,9.8235,9.0044,9.3672,104341.32939314
2020-02-25,9.3723,9.4743,8.9238,9.2,168506.63722517
2020-02-26,9.1845,9.3621,7.2476,7.68,330150.46587249
2020-02-27,7.6946,8.0822,7.3867,7.7088,200292.15932765
2020-02-28,7.7228,7.8462,7.1871,7.515,182896.04551162
2020-02-29,7.5089,7.7054,7.368,7.4,108765.02367459
2020-03-01,7.4,7.9495,7.4,7.7685,117860.14670262
2020-03-02,7.7569,8.68,7.7239,8.4447,194401.85689126
2020-03-03,8.4783,8.682,8.1635,8.485,106107.68482501
2020-03-04,8.5263,8.5576,7.6289,7.9564,235021.33681282
2020-03-05,7.9831,8.4811,7.9831,8.2027,94562.26192128
2020-03-06,8.1954,8.3322,7.9093,8.2564,93167.69823861
2020-03-07,8.2433,8.2433,7.8045,7.8232,88626.57039765
2020-03-08,7.8207,7.8239,6.2182,6.4695,459520.43612
2020-03-09,6.4694,7.0744,6.3926,6.9666,403108.45058482
2020-03-10,6.9869,7.0619,6.6483,6.84,141982.69984589
2020-03-11,6.8442,6.902,6.1294,6.6141,146352.81083556
2020-03-12,6.6412,6.6469,3.685,3.8133,1359428.27289007
2020-03-13,3.816,5.3706,3.3018,4.8662,861763.64906738
2020-03-14,4.8737,4.954,4.5025,4.6162,220410.37787652
2020-03-15,4.6282,5.3145,4.5862,5.0716,262206.43368996
2020-03-16,5.0521,5.0541,4.0501,4.5037,240981.4317925
2020-03-17,4.5609,5.0423,4.4077,4.6484,145975.39617591
2020-03-18,4.6374,4.6886,4.35,4.6117,89123.33698144
2020-03-19,4.631,5.3217,4.4873,5.05,234944.56076989
2020-03-20,5.043,5.5322,4.531,4.8986,189470.90223772
2020-03-21,4.9049,5.1672,4.6897,5.0086,66968.28154011
2020-03-22,5.0256,5.2413,4.5494,4.5949,126537.12511698
2020-03-23,4.5896,5.0961,4.5291,4.9821,121776.52086478
2020-03-24,5.002,5.21,4.8787,5.0718,72902.17971055
2020-03-25,5.0585,5.2755,4.9022,5.0186,65994.76414442
2020-03-26,5.0383,5.117,4.9213,5.0874,21485.71488208
2020-03-27,5.1169,5.2129,4.8489,4.9302,267131.47519737
2020-03-28,4.9209,4.9209,4.6357,4.8352,65807.85777064
2020-03-29,4.8284,5.0642,4.7863,4.8201,49697.66891425
2020-03-30,4.8201,5.0648,4.8145,4.96,27253.5000943
2020-03-31,4.9579,5.0171,4.8726,4.96,23119.71630783
2020-04-01,4.9529,5.0587,4.8,5.0353,69348.82723308
2020-04-02,5.0588,5.3999,4.9968,5.1006,111060.99367897
2020-04-03,5.1027,5.256,5.0071,5.1339,54957.34536897
2020-04-04,5.122,5.2583,5.0531,5.1586,48081.55596084
2020-04-05,5.1632,5.1932,4.9337,5.0335,47012.1333618
2020-04-06,5.0649,5.6285,5.0649,5.6271,159540.04720896
2020-04-07,5.629,5.8299,5.39,5.4832,112773.8421488
2020-04-08,5.4832,5.9099,5.4111,5.8356,79046.35385266
2020-04-09,5.8188,5.9833,5.5695,5.8959,110998.91752252
2020-04-10,5.8921,5.9121,5.0856,5.2492,102497.69350289
2020-04-11,5.2492,5.4118,5.1405,5.2874,41325.74939462
2020-04-12,5.2879,5.4979,5.1884,5.324,49421.87054433
2020-04-13,5.3277,5.3309,5.0282,5.1801,95541.27010397
2020-04-14,5.2083,5.3585,5.1018,5.2377,39371.71133166
2020-04-15,5.2292,5.359,5.0893,5.1082,88965.43851415
2020-04-16,5.0892,5.57,4.8701,5.4911,180325.98649954
2020-04-17,5.4777,5.5011,5.3449,5.3914,40022.4777884
2020-04-18,5.3906,5.6936,5.3906,5.665,44560.95499592
2020-04-19,5.674,5.72,5.4205,5.493,28716.01813293
2020-04-20,5.4835,5.6253,5.1546,5.2376,82247.69156435
2020-04-21,5.2163,5.3031,5.114,5.1965,41238.81642229
2020-04-22,5.1951,5.4543,5.164,5.3901,40216.58209005
2020-04-23,5.3932,5.79,5.3095,5.6022,92857.05148466
2020-04-24,5.611,5.7124,5.524,5.5883,40586.53091173
2020-04-25,5.5993,5.8588,5.5483,5.7602,62601.8497784
2020-04-26,5.7446,6.2526,5.7296,6.2318,110161.76764963
2020-04-27,6.2441,6.2845,5.9441,6.1104,41430.99292375
2020-04-28,6.0838,6.1695,5.9553,6.1652,33419.94664091
2020-04-29,6.1597,6.8899,6.136,6.7345,228429.43843709
2020-04-30,6.748,6.98,6.3025,6.4466,91937.182183
2020-05-01,6.4367,6.7101,6.4367,6.6371,29501.64701671
2020-05-02,6.6442,7.6143,6.5792,7.481,186400.96328583
2020-05-03,7.4702,7.62,7.03,7.2103,193994.60141173
2020-05-04,7.2103,7.3595,6.65,7.2166,101220.41299734
2020-05-05,7.2228,7.5245,7.042,7.1537,83379.9832612
2020-05-06,7.1525,7.3305,6.7974,6.8253,46627.60536682
2020-05-07,6.8216,7.2298,6.7948,7.1023,71394.40031486
2020-05-08,7.111,7.3208,6.9453,7.1586,52267.85715664
2020-05-09,7.1167,7.2595,7.0154,7.0619,50226.89343568
2020-05-10,7.0521,7.0521,5.5209,6.1956,267930.02508391
2020-05-11,6.2101,6.3225,5.6225,6.0111,113523.43253307
2020-05-12,6.0052,6.2174,5.8891,6.0799,37681.54343588
2020-05-13,6.083,6.2871,6.0142,6.22,42022.95947277
2020-05-14,6.2333,6.3633,6.0877,6.295,61929.9389927
2020-05-15,6.2696,6.6979,6.1103,6.5024,128545.91342601
2020-05-16,6.5024,6.84,6.4451,6.6784,81983.98501858
2020-05-17,6.685,6.793,6.5008,6.6651,42316.7142922
2020-05-18,6.6618,6.9223,6.5859,6.698,53152.16474374
2020-05-19,6.6656,6.725,6.5401,6.6617,34310.12629477
2020-05-20,6.6426,6.6834,6.2312,6.4566,51874.37223253
2020-05-21,6.4462,6.5225,5.932,6.1209,52520.46646081
2020-05-22,6.1197,6.6099,6.0794,6.4569,57587.11867685
2020-05-23,6.4694,6.6304,6.3792,6.5649,45691.76669863
2020-05-24,6.5526,6.7883,6.4933,6.5579,133668.44804042
2020-05-25,6.5567,6.9109,6.4771,6.804,123104.95230302
2020-05-26,6.8144,6.8298,6.5334,6.7052,64955.14779616
2020-05-27,6.7291,6.8347,6.6756,6.7931,33469.91295952
2020-05-28,6.7608,6.8893,6.6859,6.8652,26503.47506251
2020-05-29,6.8779,7.3,6.8739,7.2098,80094.89004733
2020-05-30,7.2245,7.57,7.1048,7.4952,66073.12125319
2020-05-31,7.4819,7.4962,6.6064,6.9459,83842.2959318
2020-06-01,6.9,7.2783,6.8574,7.22,64112.1506346
2020-06-02,7.23,7.3466,6.706,6.9827,142831.04602252
2020-06-03,6.9764,6.9986,6.7931,6.9346,114950.41532626
2020-06-04,6.9322,7.0306,6.7943,6.9182,20932.49959798
2020-06-05,6.9066,6.96,6.7802,6.8375,14677.28054157
2020-06-06,6.8143,6.91,6.7875,6.8776,12502.62414953
2020-06-07,6.8603,6.8794,6.6112,6.824,64261.69735315
2020-06-08,6.8404,6.9244,6.7343,6.9159,25930.35639612
2020-06-09,6.9184,6.9419,6.7249,6.7783,41253.8420398
2020-06-10,6.7865,6.8299,6.7008,6.825,35591.21691004
2020-06-11,6.8189,6.8413,6.0214,6.2495,84838.59827894
2020-06-12,6.23,6.4822,6.2136,6.3995,25407.56766081
2020-06-13,6.3998,6.5169,6.3354,6.4886,12984.39688889
2020-06-14,6.4972,6.4972,6.2568,6.3231,13458.48349752
2020-06-15,6.3146,6.3216,5.9905,6.2571,30474.60753139
2020-06-16,6.25,6.3115,6.1791,6.2594,20777.97425194
2020-06-17,6.2648,6.3691,6.1538,6.2917,21813.49850836
2020-06-18,6.2792,6.2941,6.1068,6.1966,11087.83849895
2020-06-19,6.1752,6.42,6.1562,6.3355,38173.49272583
2020-06-20,6.3335,6.3557,6.1668,6.2783,19282.21401891
2020-06-21,6.2813,6.2875,6.1793,6.2092,7665.38749479
2020-06-22,6.1993,6.4034,6.1993,6.388,22392.13836555
2020-06-23,6.3988,6.4337,6.2988,6.3888,19949.85274574
2020-06-24,6.3782,6.5399,6.1339,6.2209,55958.32931779
2020-06-25,6.2174,6.2476,6.05,6.146,56383.14551557
2020-06-26,6.1545,6.1747,6.0088,6.0448,16505.09736126
2020-06-27,6.0448,6.05,5.2838,5.5826,130502.02930499
2020-06-28,5.5902,5.835,5.5398,5.7612,26963.04862243
2020-06-29,5.7586,5.887,5.7304,5.8268,22625.68664371
2020-06-30,5.8508,5.8508,5.688,5.7379,9709.54730986
2020-07-01,5.707,5.7752,5.6365,5.7196,15451.52389463
2020-07-02,5.7224,5.7741,5.5527,5.6427,27701.43586208
2020-07-03,5.6366,5.7389,5.6051,5.6411,11216.59074944
2020-07-04,5.6618,5.751,5.6372,5.7036,10048.65110301
2020-07-05,5.7119,5.7197,5.522,5.6527,24607.21802111
2020-07-06,5.6713,6.19,5.6581,6.1205,47703.00300164
2020-07-07,6.1068,6.32,5.9731,6.2145,63600.46189456
2020-07-08,6.241,6.65,6.1333,6.6388,104221.53966635
2020-07-09,6.639,6.805,6.4199,6.6478,57431.6617616
2020-07-10,6.6469,6.6469,6.2655,6.3846,26141.3658599
2020-07-11,6.3971,6.5939,6.394,6.5056,15841.87255588
2020-07-12,6.5097,6.5627,6.354,6.4795,18133.83226459
2020-07-13,6.4764,6.5714,6.19,6.3059,33380.86656301
2020-07-14,6.3024,6.3388,6.184,6.3388,42972.3171807
2020-07-15,6.3388,6.3625,6.2,6.2261,10190.0030966
2020-07-16,6.2279,6.2593,5.9047,6.0468,53623.8017188
2020-07-17,6.0393,6.1244,5.9861,6.0322,32561.84088799
2020-07-18,6.0308,6.1239,5.9501,6.0586,17169.45798898
2020-07-19,6.055,6.14,5.9573,6.1148,27936.33505925
2020-07-20,6.1152,6.203,5.9996,6.0356,49865.91318247
2020-07-21,6.021,6.1999,6.021,6.1999,37216.65292169
2020-07-22,6.1988,6.4113,6.109,6.3712,38032.3846132
2020-07-23,6.3797,6.49,6.316,6.4445,54276.31953539
2020-07-24,6.4489,6.4499,6.2353,6.2614,29848.42432095
2020-07-25,6.2561,6.7301,6.2561,6.6898,126725.47785044
2020-07-26,6.7084,6.9118,6.48,6.6371,78699.14949516
2020-07-27,6.6489,7.3756,6.6489,7.1093,304575.92506744
2020-07-28,7.1148,7.42,6.8357,7.2398,127193.14781046
2020-07-29,7.2659,7.5562,7.1589,7.2715,94021.25865025
2020-07-30,7.2824,7.4847,7.0429,7.3596,76549.63970091
2020-07-31,7.3757,7.5792,7.2678,7.42,133143.4772134
2020-08-01,7.4142,7.9485,7.323,7.8399,172766.94117789
2020-08-02,7.832,8.2974,6.3934,7.1662,327551.92994357
2020-08-03,7.1913,7.3622,7.0382,7.151,63711.00421354
2020-08-04,7.1614,7.2652,7.0,7.1238,43116.63369712
2020-08-05,7.1496,7.3502,7.0445,7.2229,65544.76507979
2020-08-06,7.2016,7.2475,6.9969,7.1041,79192.25745126
2020-08-07,7.0934,7.2709,6.6,6.859,99611.67511468
2020-08-08,6.8479,6.9715,6.77,6.9416,23948.20196821
2020-08-09,6.9381,7.18,6.6926,6.8421,51478.40375523
2020-08-10,6.9057,7.11,6.698,7.0623,52573.51809241
2020-08-11,7.0671,7.1702,6.4441,6.7301,126529.84788481
2020-08-12,6.7325,6.7864,6.4961,6.6961,26981.82855837
2020-08-13,6.6968,6.952,6.5661,6.9234,62667.9637666
2020-08-14,6.9385,6.988,6.807,6.8648,70346.16060263
2020-08-15,6.881,7.2972,6.8701,7.1905,195009.44791686
2020-08-16,7.1863,7.3003,6.9357,7.2579,49206.41767298
2020-08-17,7.2606,7.5375,7.0922,7.3805,147183.38088265999
2020-08-18,7.3938,7.7675,7.1011,7.2624,159077.10017312
2020-08-19,7.276,7.3913,6.604,6.8103,102395.18264805
2020-08-20,6.8109,7.0514,6.7495,6.9683,35904.42642819
2020-08-21,6.9857,7.1,6.5904,6.6267,64756.2586995
2020-08-22,6.6301,6.8009,6.5268,6.777,47896.05628318
2020-08-23,6.7942,6.8266,6.6177,6.7734,34448.46241773
2020-08-24,6.7734,6.8974,6.7168,6.866,34946.69195996
2020-08-25,6.8622,6.8726,6.3638,6.4817,136818.8647075
2020-08-26,6.479,6.5497,6.4184,6.463,32057.2537995
2020-08-27,6.4713,6.7449,6.21,6.3598,109578.08465994
2020-08-28,6.3598,6.6215,6.2849,6.5481,44045.58747151
2020-08-29,6.5341,6.65,6.479,6.5134,24256.73956328
2020-08-30,6.52,6.7283,6.4445,6.7125,213896.2994307
2020-08-31,6.7161,6.7684,6.5654,6.6167,80103.20478024
2020-09-01,6.5974,6.8297,6.5145,6.7374,69181.39575201
2020-09-02,6.743,6.813,6.0298,6.3252,157489.18878568
2020-09-03,6.3297,6.5492,5.3386,5.8302,438479.99489897
2020-09-04,5.8301,5.8301,4.8698,5.5799,360627.03831163
2020-09-05,5.5911,6.0606,5.2428,5.7865,90229.27463142
2020-09-06,5.6006,6.5,5.1983,5.7574,83328.21479983
2020-09-07,5.757,5.96,5.4776,5.5853,91064.65717277
2020-09-08,5.5935,5.6498,5.0583,5.2842,747001.48577285
2020-09-09,5.2844,5.4142,5.0064,5.3203,317287.52502542
2020-09-10,5.3584,6.02,5.3297,5.5572,426917.98388035
2020-09-11,5.5825,5.8497,5.46,5.7095,252067.19913217
2020-09-12,5.7042,6.1345,5.64,5.9538,250473.58595245
2020-09-13,5.9536,6.2099,5.8,5.8265,91550.95576696
2020-09-14,5.8348,6.197,5.8026,5.9887,150719.264137
2020-09-15,6.0995,6.4694,5.9039,6.062,408413.46181548
2020-09-16,6.0621,6.36,6.0013,6.1307,180512.81182969
2020-09-17,6.17,6.2354,6.1,6.1001,83727.37431867
2020-09-18,6.1002,6.315,6.072,6.2721,195976.7566892
2020-09-19,6.214,6.2764,6.15,6.2419,101218.31897592
2020-09-20,6.1846,6.2692,6.011,6.0775,78460.08036185
2020-09-21,6.0776,7.4675,4.9973,5.877,1025282.24679718
2020-09-22,5.877,6.15,5.801,5.8982,133728.17275825
2020-09-23,5.9277,6.0264,5.811,5.89,105915.8581544
2020-09-24,5.8901,5.9432,5.7857,5.8675,74891.97983172
2020-09-25,5.8687,5.9433,5.7332,5.7986,31325.22357884
2020-09-26,5.8444,5.8996,5.6813,5.8584,119424.68087878
2020-09-27,5.8097,6.03,5.6802,5.7427,148059.91098164
2020-09-28,5.7427,5.869,5.7252,5.7285,106048.73587391
2020-09-29,5.7262,5.8301,5.712,5.7518,131786.34758671
2020-09-30,5.7414,5.8241,5.6296,5.7506,111069.06729432
2020-10-01,5.7502,5.9,5.609,5.8013,213958.27355454
2020-10-02,5.8009,5.858,5.5714,5.6606,70490.36610045
2020-10-03,5.6202,5.7199,5.6154,5.6993,79481.87770305
2020-10-04,5.6872,6.28,5.6872,5.9763,323648.07959019
2020-10-05,5.9727,6.0482,5.9,6.029,70699.11062316
2020-10-06,6.0109,6.285,5.9101,5.95,74238.9251202
2020-10-07,5.95,5.9749,5.7539,5.7974,53077.19550325
2020-10-08,5.793,6.18,5.7925,5.9627,81250.02967757
2020-10-09,5.9315,6.2,5.8129,6.1056,331791.0186289
2020-10-10,6.1052,6.35,6.0898,6.11,114337.52232485
2020-10-11,6.1101,6.2725,6.07,6.1999,53987.42086732
2020-10-12,6.1734,6.2,5.6202,5.9186,246004.56285876
2020-10-13,5.9186,5.9192,5.695,5.7751,93000.99764883
2020-10-14,5.8069,5.8387,5.6748,5.6886,146107.6492817
2020-10-15,5.686,5.7499,5.572,5.5828,115504.43850443
2020-10-16,5.5828,5.6627,5.4168,5.57,203149.54432543
2020-10-17,5.57,5.6942,5.5517,5.5895,124151.09245566
2020-10-18,5.5895,5.652,5.5654,5.5684,41272.14848814
2020-10-19,5.569,5.6191,5.4189,5.5426,108243.77960007
2020-10-20,5.5426,5.5991,5.3928,5.4964,107934.35209883
2020-10-21,5.4799,5.7515,5.4136,5.6537,128940.44925984
2020-10-22,5.6743,6.0,5.6527,5.8701,191046.6794156
2020-10-23,5.8889,5.9405,5.7382,5.815,117834.53570284
2020-10-24,5.8079,5.8429,5.701,5.7833,40258.69868149
2020-10-25,5.7833,5.8,5.6806,5.768,59142.0365667
2020-10-26,5.7212,5.783,5.5828,5.616,61591.27173249
2020-10-27,5.6165,5.684,5.5119,5.6505,54714.7716839
2020-10-28,5.6363,5.7283,5.4311,5.4817,76272.67809666
2020-10-29,5.4817,5.5844,5.3928,5.4139,268802.34528964
2020-10-30,5.3987,5.4699,5.2142,5.2668,230015.54830127
2020-10-31,5.2668,5.3484,5.2361,5.2901,153287.44511174
2020-11-01,5.2921,5.318,5.2237,5.2877,204922.64486854
2020-11-02,5.31,5.3193,4.9714,5.032,161360.44045973
2020-11-03,5.033,5.036,4.753,4.9153,212771.51028264
2020-11-04,4.9434,4.9797,4.71,4.8821,175749.56801162
2020-11-05,4.8915,5.1899,4.8151,5.1149,225504.72285261
2020-11-06,5.1134,5.4686,5.1037,5.3886,96310.04004215
2020-11-07,5.3886,5.7001,4.9501,5.1073,132601.28371974
2020-11-08,5.095,5.2786,5.0834,5.2045,81284.13271779999
2020-11-09,5.2046,5.2304,4.928,5.0539,101394.12944093
2020-11-10,5.0512,5.2168,5.0266,5.147,236738.22515897
2020-11-11,5.1494,5.2227,5.1013,5.1377,61846.84581423
2020-11-12,5.1023,5.1283,5.0,5.0545,163384.44656845
2020-11-13,5.0567,5.1589,5.0101,5.1275,36236.77449413
2020-11-14,5.1126,5.1653,5.0001,5.0241,31687.59889678
2020-11-15,5.023,5.0691,4.9583,5.0434,125223.51280121
2020-11-16,5.041,5.5146,5.0125,5.3756,135001.61458087
2020-11-17,5.3755,5.9266,5.3755,5.7694,300153.04018352
2020-11-18,5.7755,6.2856,5.2483,6.0288,725148.39217294
2020-11-19,6.0404,6.13,5.749,5.9133,177228.07438031
2020-11-20,5.9107,6.0855,5.8,6.085,75371.66675717
2020-11-21,6.0728,6.5416,5.7615,6.5085,464467.76374468
2020-11-22,6.508,6.6423,5.5863,6.0009,1256087.71064194
2020-11-23,6.0112,6.5717,5.926,6.5184,623241.36006391
2020-11-24,6.5326,7.3499,6.4321,7.2463,1415317.32635985
2020-11-25,7.2364,7.8639,6.6173,6.9348,1694559.84798816
2020-11-26,6.9251,7.1,5.6201,6.15,619206.24811779
2020-11-27,6.15,6.4648,5.9106,6.2156,79366.50291709
2020-11-28,6.224,6.47,6.0902,6.321,52837.41040955
2020-11-29,6.3049,6.44,6.1224,6.4055,50633.14319586
2020-11-30,6.3914,6.7794,6.2944,6.7191,303964.6320477
2020-12-01,6.7005,6.9578,6.008,6.207,286378.31671689
2020-12-02,6.1604,6.3692,6.0681,6.2297,102786.69161739
2020-12-03,6.2286,6.6,6.1668,6.56,219007.76757483
2020-12-04,6.5523,6.5706,5.867,5.9581,95713.80963476
2020-12-05,5.9535,6.1969,5.9,6.1969,20312.78949494
2020-12-06,6.197,6.2633,6.0208,6.1656,16580.98663506
2020-12-07,6.1683,6.2112,6.0532,6.1444,29648.25631218
2020-12-08,6.1459,6.1459,5.6765,5.7763,41387.34061018
2020-12-09,5.778,6.2209,5.626,6.0813,68306.73431991
2020-12-10,6.0809,6.1178,5.8103,5.9004,28232.08571508
2020-12-11,5.9288,5.9694,5.7102,5.7994,19025.66417426
2020-12-12,5.8139,6.0421,5.8014,5.9559,19404.65921035
2020-12-13,5.9782,6.2898,5.91,6.1195,52484.24345814
2020-12-14,6.1188,6.1489,5.9504,6.0468,13347.19181649
2020-12-15,6.0467,6.1373,5.95,6.0753,37621.51706146
2020-12-16,6.0722,6.4443,5.9663,6.4443,58010.52026605
2020-12-17,6.4443,6.8074,6.2727,6.4617,270256.53280125
2020-12-18,6.4629,6.6,6.286,6.3896,90193.99425359
2020-12-19,6.3932,6.535,6.352,6.4079,83463.8287806
2020-12-20,6.4025,6.8284,6.2277,6.472,85894.98911374
2020-12-21,6.4461,6.945,6.038,6.1313,333219.08341959
2020-12-22,6.12,6.1968,5.753,6.1331,117512.70797813
2020-12-23,6.1331,6.1629,4.7345,5.0993,283571.22435588
2020-12-24,5.0928,5.6308,5.0141,5.6072,104023.95803185
2020-12-25,5.6044,5.874,5.4928,5.7606,91880.60103035
2020-12-26,5.7637,5.86,5.574,5.8227,38793.76620673
2020-12-27,5.8242,6.0841,5.4504,5.7915,99006.84146399
2020-12-28,5.8211,6.1555,5.7597,5.9042,28852.28810895
2020-12-29,5.8811,5.9991,5.4553,5.702,71377.55061479
2020-12-30,5.7059,5.8,5.6162,5.6757,45767.33127308
2020-12-31,5.6793,5.8062,5.5492,5.6614,36024.82775659
2021-01-01,5.6635,5.8667,5.61,5.685,47927.5626122
2021-01-02,5.6793,5.9442,5.5687,5.7703,41967.94240092
2021-01-03,5.7731,6.6658,5.7684,6.5501,219906.65523741
2021-01-04,6.5501,7.566,6.225,7.0318,395914.47164076
2021-01-05,7.0312,7.379,6.6422,7.2424,123345.68285915
2021-01-06,7.2607,7.77,6.989,7.5883,137473.43154605
2021-01-07,7.6073,7.7476,6.9715,7.2327,134746.83960657
2021-01-08,7.2324,7.3296,6.6683,6.9645,110187.66179497
2021-01-09,6.9433,8.011,6.731,7.7711,261260.39266591
2021-01-10,7.7865,9.5,7.7641,8.8697,711064.73190207
2021-01-11,8.8645,8.8749,6.2695,7.23,437817.75038734
2021-01-12,7.218,7.6772,6.8105,7.073,72934.51430303
2021-01-13,7.073,7.666,6.8773,7.598,62510.95854281
2021-01-14,7.595,8.1394,7.3392,7.8016,69762.13189464
2021-01-15,7.8016,8.0327,7.1425,7.5704,64862.55870916
2021-01-16,7.5739,8.1869,7.4003,7.8108,55454.41194905
2021-01-17,7.7956,7.978,7.3514,7.6742,50190.46656633
2021-01-18,7.6811,7.9,7.4404,7.708,26403.45292592
2021-01-19,7.7377,8.48,7.6998,7.8175,64525.22102398
2021-01-20,7.8045,8.0513,7.3805,7.9034,45774.46511783
2021-01-21,7.9269,8.1992,7.0623,7.1349,56117.80565379
2021-01-22,7.1472,7.5339,6.66,7.4733,81353.88780932
2021-01-23,7.46,7.6114,7.255,7.4289,21936.85428515
2021-01-24,7.42,7.8241,7.4003,7.6694,27139.87853853
2021-01-25,7.6694,8.0,7.4,7.4834,38705.30514819
2021-01-26,7.4745,7.6149,7.1,7.4042,18478.32748093
2021-01-27,7.4621,7.4621,6.6783,6.894,19230.94837606
2021-01-28,6.9012,8.4393,6.7675,7.6739,133987.16903155
2021-01-29,7.6703,8.0651,7.3936,7.6212,55181.5618459
2021-01-30,7.6169,7.8212,7.3166,7.5847,32188.72258572
2021-01-31,7.599,7.7125,7.2,7.4141,26717.78260999
2021-02-01,7.3886,7.6524,7.2553,7.538,47070.92544335
2021-02-02,7.536,7.9258,7.4787,7.8005,20930.40103295
2021-02-03,7.8199,8.0146,7.6482,7.9264,26901.8535438
2021-02-04,7.949,8.099,7.5504,7.65,26720.17718276
2021-02-05,7.6534,8.9,7.6279,8.511,87390.36436428
2021-02-06,8.5686,9.12,8.2101,8.7901,80013.44314201
2021-02-07,8.7822,8.8989,7.8474,8.2864,73078.86084685
2021-02-08,8.2918,8.7618,8.1076,8.7242,78618.66664061
2021-02-09,8.7371,10.022,8.6572,9.6088,341427.86017004
2021-02-10,9.6806,11.435,9.5982,10.404,271016.91498174
2021-02-11,10.362,11.755,10.352,11.706,83584.39277424
2021-02-12,11.738,12.338,11.112,11.978,74862.02109222
2021-02-13,11.995,17.993,11.688,16.535,487272.76827383
2021-02-14,16.612,17.749,15.51,16.006,263267.16711663
2021-02-15,16.121,16.568,13.046,14.613,178625.97294707
2021-02-16,14.696,15.579,13.749,14.441,71247.76276651
2021-02-17,14.498,15.825,13.657,15.291,119763.76274493
2021-02-18,15.29,15.758,14.625,14.976,55376.18484791
2021-02-19,14.995,15.9,14.318,15.425,110733.13698047
2021-02-20,15.469,17.4,14.363,15.109,190761.55676045
2021-02-21,15.082,16.366,14.818,15.693,57388.604285299996
2021-02-22,15.636,15.668,11.4,13.962,252607.59833571
2021-02-23,13.986,14.017,9.0125,11.43,199424.73637365
2021-02-24,11.444,12.5,10.854,11.92,54307.39640701
2021-02-25,11.894,12.198,10.957,10.989,36068.00167987
2021-02-26,10.985,11.316,10.012,10.748,61628.52808225
2021-02-27,10.763,11.52,10.763,11.082,21010.60968219
2021-02-28,11.021,11.097,9.6866,10.396,37022.80692626
2021-03-01,10.43,11.186,10.212,11.075,33068.01511037
2021-03-02,11.092,11.499,10.574,10.897,24060.94314817
2021-03-03,10.89,11.738,10.828,11.279,23331.89827072
2021-03-04,11.243,11.743,10.724,11.008,20523.84905584
2021-03-05,10.993,11.104,10.378,10.964,24057.5038861
2021-03-06,10.985,11.268,10.617,11.113,15682.17670874
2021-03-07,11.113,11.793,11.103,11.555,20865.80282781
2021-03-08,11.578,11.972,11.052,11.684,21591.36802011
2021-03-09,11.712,12.67,11.564,12.422,47460.58044109
2021-03-10,12.417,12.747,11.68,11.992,28960.77008541
2021-03-11,12.068,12.628,11.701,12.286,23417.53455395
2021-03-12,12.31,12.578,11.482,11.97,35070.23356427
2021-03-13,11.906,14.3,11.56,13.769,96480.9150722
2021-03-14,13.777,14.132,12.722,12.742,42790.63135047
2021-03-15,12.775,13.094,11.739,12.179,96550.78638301
2021-03-16,12.163,12.56,11.528,12.418,73965.54928026
2021-03-17,12.422,12.55,11.729,12.546,39563.93603479
2021-03-18,12.563,12.654,12.119,12.169,62073.21808814
2021-03-19,12.151,12.434,11.922,12.246,27625.83789739
2021-03-20,12.253,12.88,12.21,12.306,40492.35101817
2021-03-21,12.282,12.434,11.94,11.972,30078.71854504
2021-03-22,11.992,12.395,11.54,11.679,30715.18286242
2021-03-23,11.676,12.647,11.603,12.232,51599.6771416
2021-03-24,12.214,12.607,11.059,11.311,39710.24193363
2021-03-25,11.3,11.493,10.76,11.119,30060.69486221
2021-03-26,11.091,11.752,11.091,11.735,14838.91447454
2021-03-27,11.755,12.019,11.459,11.798,15616.35597047
2021-03-28,11.798,12.079,11.733,11.868,9379.13553899
2021-03-29,11.874,12.784,11.721,12.631,28849.08534777
2021-03-30,12.648,13.067,12.367,13.003,44936.98470094
2021-03-31,13.023,14.339,12.64,14.091,99940.85748564
2021-04-01,14.15,14.45,13.539,14.317,97391.58094454
2021-04-02,14.393,15.6,14.07,15.26,127559.33925484
2021-04-03,15.254,15.323,13.417,13.484,62251.63261309
2021-04-04,13.472,14.549,13.331,14.536,55276.74298973
2021-04-05,14.542,16.097,14.3,16.034,123229.11791777
2021-04-06,16.046,18.478,15.967,17.752,288924.07284449
2021-04-07,17.787,20.69,17.024,19.1,674131.71709879
2021-04-08,19.109,19.804,18.042,19.536,92222.18653014
2021-04-09,19.619,20.075,18.573,18.769,39199.88978682
2021-04-10,18.766,21.092,18.368,20.449,122077.66433468
2021-04-11,20.466,21.46,19.926,20.4,86863.54237696
2021-04-12,20.414,20.567,19.012,19.556,47984.84732155
2021-04-13,19.581,21.92,19.407,21.206,100680.27281115
2021-04-14,21.194,22.567,20.163,21.892,177146.66911053
2021-04-15,21.922,29.728,21.499,28.606,766812.92805516
2021-04-16,28.647,40.896,28.647,37.838,2158401.77042885
2021-04-17,38.019,47.533,37.62,37.811,1020656.88012351
2021-04-18,37.82,39.254,31.506,37.189,531759.77824278
2021-04-19,37.255,38.458,32.162,33.448,175355.34160652
2021-04-20,33.597,35.329,30.185,33.638,162975.79553137
2021-04-21,33.768,35.367,31.533,31.945,46561.3738924
2021-04-22,32.065,39.444,31.608,33.516,159612.15696542
2021-04-23,33.584,34.494,24.74,32.649,183371.74228722
2021-04-24,32.722,32.875,29.448,29.728,58524.44198305
2021-04-25,29.756,31.994,27.885,29.3,94615.61024244
2021-04-26,29.312,32.954,28.978,32.909,60214.26372061
2021-04-27,32.818,34.308,31.948,33.756,57578.0716797
2021-04-28,33.755,36.161,32.344,35.024,121545.5360746
2021-04-29,35.087,35.423,33.609,34.543,29938.33822517
2021-04-30,34.613,36.589,33.818,36.304,38139.56561998
2021-05-01,36.286,45.663,36.207,44.638,364920.44966039
2021-05-02,44.654,46.285,42.01,44.885,102452.89664167
2021-05-03,44.817,52.225,44.294,52.093,429063.77733088
2021-05-04,52.056,71.455,49.258,69.438,791520.99910845
2021-05-05,69.672,99.0,68.162,94.149,651429.05484246
2021-05-06,94.226,158.76,87.298,133.42,852599.18401984
2021-05-07,134.19,144.24,109.2,120.05,462895.27936167
2021-05-08,120.0,133.99,110.4,127.51,174864.60114739
2021-05-09,127.59,130.0,113.76,118.04,95093.06914195
2021-05-10,117.87,129.64,91.544,104.57,260963.91030782
2021-05-11,104.74,117.15,101.94,111.29,94308.50066281
2021-05-12,111.32,114.27,82.78,85.73,163111.67436573
2021-05-13,85.752,95.045,78.256,88.31,183495.50431707
2021-05-14,88.361,109.45,86.744,103.27,237155.86918976
2021-05-15,103.25,114.28,94.92,95.075,79331.71490081
2021-05-16,95.506,103.39,87.188,94.129,70174.01153151
2021-05-17,94.039,94.589,80.75,89.59,118604.66879591
2021-05-18,89.95,95.435,86.234,88.69,40619.92108182
2021-05-19,89.1,90.0,40.0,59.687,511924.36767675
2021-05-20,59.615,79.5,54.75,73.784,172156.60974069
2021-05-21,73.694,78.217,55.0,64.475,122562.84912635
2021-05-22,64.441,65.349,54.203,58.685,68111.29649236
2021-05-23,58.495,62.999,40.203,51.917,241900.75247072
2021-05-24,51.929,75.5,48.93,73.895,147233.12941693
2021-05-25,73.895,83.913,70.493,78.649,175647.98959751
2021-05-26,78.211,84.089,74.282,79.927,61236.75214319
2021-05-27,80.027,80.124,71.533,74.486,45264.58129565
2021-05-28,74.933,79.557,63.746,68.665,65932.81729716
2021-05-29,69.055,71.04,61.063,64.558,72565.10634349
2021-05-30,64.262,68.614,60.176,66.035,69110.58076366
2021-05-31,66.197,70.717,62.047,70.076,58639.06455043
2021-06-01,70.076,71.844,65.339,67.759,52733.55176074
2021-06-02,67.758,70.182,65.679,68.332,28019.01505147
2021-06-03,68.249,72.456,67.008,69.714,22942.52814517
2021-06-04,69.72,69.72,61.772,64.877,71326.83042357
2021-06-05,64.941,67.403,62.0,63.34,26593.90163842
2021-06-06,63.315,65.98,62.898,64.211,10645.00666956
2021-06-07,64.054,65.339,57.735,58.445,54605.03810061
2021-06-08,58.198,59.557,49.5,56.638,174172.77416419
2021-06-09,56.651,62.555,53.503,62.084,69829.39572488
2021-06-10,62.169,63.401,56.867,57.867,20530.97335576
2021-06-11,57.896,60.775,56.004,56.7,28224.643657380002
2021-06-12,56.624,57.0,53.085,55.063,8045.52107984
2021-06-13,55.234,60.668,53.818,58.989,15140.5723205
2021-06-14,59.192,60.722,56.245,59.164,17151.53361012
2021-06-15,59.277,60.432,57.437,58.233,50325.47042153
2021-06-16,58.196,58.223,54.75,55.044,32749.01736051
2021-06-17,55.272,57.226,54.235,55.49,5962.93916719
2021-06-18,55.326,55.44,50.554,52.331,10335.87636591
2021-06-19,52.467,53.3,50.964,51.2,3189.70394566
2021-06-20,51.02,51.533,46.944,50.964,39243.65752195
2021-06-21,51.052,51.447,38.796,39.639,57565.04951318
2021-06-22,39.667,42.886,32.538,36.574,54089.96077185
2021-06-23,36.476,43.0,34.743,40.812,31688.53572231
2021-06-24,40.829,43.542,38.795,43.172,7768.16930432
2021-06-25,43.179,45.398,38.911,39.46,20355.51988608
2021-06-26,39.33,41.0,37.612,40.666,8935.95784002
2021-06-27,40.655,42.471,39.442,42.304,7552.87820854
2021-06-28,42.357,44.536,41.137,43.356,16918.8782335
2021-06-29,43.409,58.956,43.22,56.742,72127.64749816
2021-06-30,56.606,62.455,54.264,57.592,72490.57559272
2021-07-01,57.336,58.338,52.331,53.019,25461.74076886
2021-07-02,53.107,55.249,50.676,53.769,20099.76776966
2021-07-03,53.895,58.446,52.343,56.957,11883.74688822
2021-07-04,56.734,58.876,55.823,56.215,14369.9984397
2021-07-05,56.364,56.955,52.823,53.799,14414.90373484
2021-07-06,53.727,56.859,53.516,54.678,13944.35239459
2021-07-07,54.647,55.54,52.567,52.76,9190.1857961
2021-07-08,52.928,52.951,48.357,49.582,11194.1749828
2021-07-09,49.382,51.337,46.454,49.956,12201.82993107
2021-07-10,49.926,51.2,48.108,49.083,8117.90617305
2021-07-11,49.197,50.528,48.199,49.733,3026.16497748
2021-07-12,49.73,50.628,46.611,47.658,6679.95047257
2021-07-13,47.552,48.093,45.25,45.728,47190.35625486
2021-07-14,45.718,47.956,42.678,45.801,43085.90925995
2021-07-15,45.749,47.27,42.406,43.314,38431.5579351
2021-07-16,43.349,43.94,40.69,41.258,15788.68626701
2021-07-17,41.249,43.339,40.344,41.391,17291.28353904
2021-07-18,41.464,43.288,40.934,41.909,12158.55688309
2021-07-19,41.837,43.935,40.633,41.477,41704.92898307
2021-07-20,41.637,42.06,37.758,39.383,46876.33149358
2021-07-21,39.499,43.77,38.685,42.933,20165.88380492
2021-07-22,42.839,44.225,41.865,43.409,13084.69335827
2021-07-23,43.462,46.754,43.12,45.72,21217.73704637
2021-07-24,45.873,51.539,44.973,49.51,38455.02722964
2021-07-25,49.341,49.843,46.0,48.52,13880.03589653
2021-07-26,48.402,55.812,47.298,48.379,62211.95898749
2021-07-27,48.333,50.362,46.175,49.558,42566.652918
2021-07-28,49.56,51.168,47.928,49.214,51450.90078908
2021-07-29,49.281,49.995,48.272,49.304,5820.51011198
2021-07-30,49.35,51.696,47.692,50.87,73737.81710665
2021-07-31,51.0,52.334,49.597,51.104,12348.58051275
2021-08-01,51.333,54.104,49.252,50.581,29598.66024537
2021-08-02,50.328,52.294,49.331,51.391,12970.79630656
2021-08-03,51.275,52.167,48.59,49.719,38216.78786475
2021-08-04,49.797,52.275,48.718,51.722,13089.69186224
2021-08-05,51.707,53.676,48.827,52.51,61896.31835781
2021-08-06,52.444,53.848,51.289,53.167,23078.71896313
2021-08-07,53.02,61.251,52.761,60.486,53900.12662996
2021-08-08,60.626,63.346,55.918,57.257,40999.61136884
2021-08-09,57.216,60.317,54.944,59.017,63753.53257979
2021-08-10,58.859,60.38,56.849,58.825,12635.089883
2021-08-11,58.957,63.842,58.637,60.759,35486.81975438
2021-08-12,60.682,65.808,57.667,59.984,51927.86162072
2021-08-13,60.083,64.505,59.322,64.332,27739.04712453
2021-08-14,64.38,67.57,61.76,67.288,42567.28630973
2021-08-15,67.5,77.023,66.984,75.177,108152.8923331
2021-08-16,75.367,75.824,64.874,69.297,91259.45985711
2021-08-17,69.333,71.876,61.0,62.811,56230.44323476
2021-08-18,62.99,66.267,59.621,63.873,31437.136646
2021-08-19,64.209,67.083,60.688,67.075,19357.37573491
2021-08-20,67.083,70.555,66.15,70.081,40423.4065966
2021-08-21,70.349,70.349,66.713,67.57,11636.55992344
2021-08-22,67.886,68.695,64.558,67.385,12542.5689794
2021-08-23,67.623,69.45,66.816,68.215,34052.16051288
2021-08-24,68.259,68.621,61.091,62.762,25687.21953523
2021-08-25,62.87,64.701,60.9,63.77,12410.725707220001
2021-08-26,63.688,64.408,58.691,59.707,25243.33057224
2021-08-27,59.603,64.12,58.667,64.109,7716.50209767
2021-08-28,63.97,66.53,62.762,63.981,15231.58962597
2021-08-29,64.209,65.767,62.797,63.224,4972.18772103
2021-08-30,63.31,64.97,61.001,61.899,10041.076239170001
2021-08-31,61.825,64.994,60.479,64.09,10045.93267229
2021-09-01,63.793,69.031,62.112,68.775,28436.12553686
2021-09-02,68.95,70.237,66.39,67.94,33943.54878522
2021-09-03,67.862,72.55,66.15,69.961,32965.09207454
2021-09-04,69.983,71.299,68.042,68.813,16675.72247832
2021-09-05,68.822,74.0,68.11,73.757,23046.737268330002
2021-09-06,73.468,77.187,71.08,73.571,33603.61452263
2021-09-07,73.568,73.796,47.0,59.202,90762.92140998
2021-09-08,59.264,61.32,53.326,58.59,53177.40197752
2021-09-09,58.702,60.377,57.442,58.815,11171.52127756
2021-09-10,58.941,60.327,54.872,56.335,9332.83768094
2021-09-11,56.292,58.33,55.562,57.157,5813.82429226
2021-09-12,57.049,58.96,56.168,58.219,3396.31661213
2021-09-13,58.362,58.362,53.389,55.741,13848.31372094
2021-09-14,55.599,57.277,55.087,57.223,36979.28506699
2021-09-15,57.221,59.286,56.295,59.02,6102.85027149
2021-09-16,59.086,60.105,56.789,58.098,13162.4382541
2021-09-17,58.002,59.097,56.057,56.541,21402.51288699
2021-09-18,56.695,58.415,55.687,57.308,4047.21610737
2021-09-19,57.243,57.243,54.856,55.331,3499.57477999
2021-09-20,55.346,55.346,47.435,49.011,38841.98727569
2021-09-21,49.044,50.328,44.803,45.901,16974.38767516
2021-09-22,45.711,51.355,44.897,51.331,26473.07626939
2021-09-23,51.04,51.634,49.409,51.376,5218.97041919
2021-09-24,51.342,51.88,44.237,47.677,12684.45842948
2021-09-25,47.751,49.694,46.204,47.457,10317.02804339
2021-09-26,47.488,48.332,44.062,47.22,14911.13995911
2021-09-27,47.22,48.405,45.359,45.37,2907.43744487
2021-09-28,45.445,48.781,44.759,44.912,6653.17949035
2021-09-29,44.923,46.815,44.604,45.492,2569.94894112
2021-09-30,45.527,47.28,45.268,46.921,2509.78947995
2021-10-01,47.0,52.545,46.617,51.908,23594.62499397
2021-10-02,51.766,55.549,51.124,53.291,44917.09908575
2021-10-03,53.349,55.0,51.947,53.719,16763.37460912
2021-10-04,53.561,53.672,50.453,52.452,41751.7574508
2021-10-05,52.654,54.861,52.236,54.372,11091.72784663
2021-10-06,54.312,56.011,51.095,54.912,25860.2344407
2021-10-07,54.923,55.711,53.128,54.313,19118.07334335
2021-10-08,54.277,55.142,53.176,53.471,10016.02759689
2021-10-09,53.56,57.448,53.198,55.607,12534.43731466
2021-10-10,55.683,56.301,52.66,53.041,5782.93647415
2021-10-11,52.869,55.254,52.048,53.909,6593.72779636
2021-10-12,53.875,53.875,50.909,52.787,7912.65811484
2021-10-13,52.83,53.588,51.347,53.33,5848.90666689
2021-10-14,53.451,54.958,53.017,54.5,10966.89210181
2021-10-15,54.309,56.903,52.679,54.349,37574.84273644
2021-10-16,54.272,55.4,53.615,54.195,5009.80604434
2021-10-17,54.048,54.774,50.375,53.06,16688.45476007
2021-10-18,53.033,53.683,51.755,52.337,39963.52617553
2021-10-19,52.467,53.43,51.743,52.825,14996.10272373
2021-10-20,52.835,55.763,52.289,55.581,12807.57468611
2021-10-21,55.617,59.973,55.24,55.407,37030.28434703
2021-10-22,56.082,56.992,53.622,54.538,14434.73265585
2021-10-23,54.543,56.084,53.937,55.9,4903.88291451
2021-10-24,55.842,56.011,53.67,54.956,14686.75267051
2021-10-25,54.931,56.476,54.7,55.502,18591.25576561
2021-10-26,55.458,56.289,53.773,54.157,15073.25372266
2021-10-27,54.186,55.403,41.942,48.659,96697.24201519
2021-10-28,48.72,52.599,48.208,52.209,36261.30387633
2021-10-29,52.181,54.094,51.705,53.869,8541.83717826
2021-10-30,53.9,53.999,51.502,53.008,24532.90634205
2021-10-31,53.035,58.929,52.134,54.465,59323.49063515
2021-11-01,54.434,55.249,52.419,53.919,17758.33988211
2021-11-02,53.892,55.802,53.247,55.189,16243.639824670001
2021-11-03,55.286,57.249,53.344,55.48,16284.22583034
2021-11-04,55.502,56.188,52.621,53.66,10714.84012562
2021-11-05,53.662,54.066,52.589,53.206,10485.12011776
2021-11-06,53.086,53.517,50.683,52.788,20794.8139185
2021-11-07,52.786,54.422,52.542,54.105,10592.66705862
2021-11-08,54.045,56.792,53.865,56.688,13131.50552914
2021-11-09,56.545,65.091,55.899,60.941,78906.83162581
2021-11-10,60.935,64.323,52.303,56.658,46736.21792142
2021-11-11,56.635,57.954,55.379,56.812,24668.65343004
2021-11-12,56.755,57.714,53.759,55.712,15303.14790852
2021-11-13,55.602,56.629,54.87,56.282,8263.34201887
2021-11-14,56.39,56.839,54.755,56.134,7367.54105152
2021-11-15,56.206,56.7,54.232,54.881,7094.09217742
2021-11-16,54.406,54.406,47.34,50.743,35910.80874356
2021-11-17,50.951,51.411,49.2,51.185,3202.01620471
2021-11-18,51.21,51.756,46.867,48.088,19309.59295215
2021-11-19,48.817,50.847,47.769,50.761,6384.0205945
2021-11-20,50.72,51.311,49.186,51.159,3233.19793001
2021-11-21,51.074,51.953,49.96,50.562,15026.54321256
2021-11-22,50.616,50.616,47.806,48.666,8565.03950081
2021-11-23,48.608,49.829,47.874,49.638,5650.8403677
2021-11-24,49.69,49.75,47.244,48.244,4584.2256868800005
2021-11-25,48.266,53.523,47.942,50.505,50173.40174764
2021-11-26,50.739,50.739,44.932,46.515,27782.76225716
2021-11-27,46.654,47.743,46.419,46.854,5038.2602428
2021-11-28,46.683,47.63,44.584,47.63,6885.59563289
2021-11-29,47.651,49.019,47.049,48.189,9405.82279435
2021-11-30,48.235,50.06,46.91,48.348,10161.26163994
2021-12-01,48.176,49.658,47.031,47.805,13807.89566759
2021-12-02,47.722,47.811,46.323,46.969,2320.41050973
2021-12-03,47.117,47.686,43.211,44.877,8602.4283556
2021-12-04,44.83,45.001,27.206,39.423,66983.11438482
2021-12-05,39.344,40.666,36.948,38.901,27011.0648498
2021-12-06,38.919,39.887,35.181,39.492,50809.53057115
2021-12-07,39.344,40.468,38.669,39.683,18822.9900318
2021-12-08,39.654,41.846,38.841,40.951,21288.42729998
2021-12-09,40.996,41.404,37.399,37.608,7368.34622103
2021-12-10,37.548,38.945,36.253,36.437,12940.7738328
2021-12-11,36.368,38.364,35.691,38.025,17601.95820699
2021-12-12,38.113,38.42,36.835,37.982,3092.38211172
2021-12-13,37.994,38.175,33.69,34.26,12395.95693975
2021-12-14,34.217,36.5,33.745,35.385,11053.42534318
2021-12-15,35.338,36.664,33.33,36.146,17951.35676017
2021-12-16,36.168,36.818,35.057,35.117,7368.25002096
2021-12-17,35.117,35.537,33.281,34.292,7420.37869101
2021-12-18,34.418,35.554,33.78,35.046,4049.57255592
2021-12-19,35.066,36.728,34.78,34.908,39761.32380697
2021-12-20,34.897,35.581,33.589,34.601,20015.39244007
2021-12-21,34.651,35.559,32.316,35.337,59532.23749588
2021-12-22,35.33,36.52,35.198,35.652,10938.72993553
2021-12-23,35.666,37.694,35.113,37.555,17641.22354315
2021-12-24,37.603,38.423,37.003,37.309,26132.609573050002
2021-12-25,37.473,38.751,37.226,38.141,7534.73478744
2021-12-26,38.166,38.412,37.067,38.045,10057.61533898
2021-12-27,38.15,38.75,37.598,37.643,8536.158025140001
2021-12-28,37.633,37.633,34.543,34.932,15604.88119937
2021-12-29,35.008,35.401,33.778,34.129,5856.9695481300005
2021-12-30,34.159,35.076,33.5,34.581,9243.42338447
2021-12-31,34.59,35.74,33.422,34.026,12976.76055921
2022-01-01,34.178,34.918,34.096,34.918,2745.35763626
2022-01-02,34.964,35.871,34.329,35.378,7486.35432
2022-01-03,35.36,35.36,34.142,34.758,7535.05433833
2022-01-04,34.723,34.959,33.791,34.196,6231.89425326
2022-01-05,34.18,34.796,30.456,31.93,31075.92263641
2022-01-06,31.916,32.119,30.646,31.641,21521.04618414
2022-01-07,31.622,31.701,29.191,30.431,37724.84798428
2022-01-08,30.437,31.006,28.413,29.343,16866.07488523
2022-01-09,29.329,30.314,29.106,29.769,10910.91705124
2022-01-10,29.751,30.071,27.292,28.498,82913.06822074
2022-01-11,28.569,30.107,28.433,29.628,23868.82941734
2022-01-12,29.684,31.3,29.611,31.154,25948.72348319
2022-01-13,31.217,31.965,30.175,30.249,6504.16020415
2022-01-14,30.309,33.553,30.142,31.997,39916.72537646
2022-01-15,31.986,33.401,31.81,32.839,32079.59186267
2022-01-16,32.853,32.853,32.034,32.313,10488.58542379
2022-01-17,32.384,32.476,30.47,30.996,20598.72760471
2022-01-18,30.96,34.221,30.696,32.687,82112.34534996
2022-01-19,32.694,34.678,31.304,31.304,48169.83311933
2022-01-20,31.368,32.087,29.093,29.285,23439.99687643
2022-01-21,29.338,29.737,25.271,25.964,43212.94390232
2022-01-22,25.964,26.53,21.237,24.195,57323.54873246
2022-01-23,24.179,25.302,23.574,25.141,27818.20904571
2022-01-24,25.182,25.191,21.637,24.102,35951.35720565
2022-01-25,24.071,24.355,23.299,24.055,16249.60183962
2022-01-26,24.118,26.356,23.693,24.385,14664.90633523
2022-01-27,24.332,24.741,23.308,24.303,19647.61287888
2022-01-28,24.296,25.23,23.891,25.157,4923.39601174
2022-01-29,25.136,25.687,24.791,25.363,3088.03395121
2022-01-30,25.363,25.903,24.582,24.959,4655.37906676
2022-01-31,24.942,25.779,24.056,25.742,13485.12921039
2022-02-01,25.734,26.941,25.514,26.76,38166.28771617
2022-02-02,26.782,28.45,26.173,26.361,33316.27729843
2022-02-03,26.265,28.111,25.641,27.927,20104.20045472
2022-02-04,27.953,29.871,27.424,29.761,36882.29296454
2022-02-05,29.716,29.907,28.664,29.394,109718.20426755
2022-02-06,29.394,30.16,28.906,29.885,6093.0540117
2022-02-07,29.881,33.17,29.302,32.571,50482.82101807
2022-02-08,32.667,33.188,30.393,32.081,21110.67020575
2022-02-09,32.208,34.925,31.267,33.794,39916.53431047
2022-02-10,33.852,36.977,33.569,34.488,36070.2004987
2022-02-11,34.394,37.5,31.863,32.677,47060.25995795
2022-02-12,32.683,33.395,31.005,31.722,46954.61073931
2022-02-13,31.724,34.074,31.514,32.455,56527.49037846
2022-02-14,32.632,33.22,30.406,31.456,42268.30958167
2022-02-15,31.442,33.691,31.155,33.455,15780.33204371
2022-02-16,33.394,33.492,31.543,32.221,13019.21513888
2022-02-17,32.38,32.666,28.922,29.479,11009.36372865
2022-02-18,29.482,30.414,28.259,29.011,26607.60911593
2022-02-19,28.933,29.227,27.7,28.726,26464.3218023
2022-02-20,28.766,28.766,26.847,27.212,42151.80681534
2022-02-21,27.251,28.395,24.875,25.073,47248.01652175
2022-02-22,25.058,26.931,24.501,26.767,14113.40301533
2022-02-23,26.724,28.176,26.213,26.492,41785.18921946
2022-02-24,26.538,27.241,23.372,26.673,39568.3736426
2022-02-25,26.589,28.506,26.008,28.006,22194.73209404
2022-02-26,28.011,29.842,27.902,28.934,40420.14186914
2022-02-27,28.922,29.22,26.914,27.321,12645.61108975
2022-02-28,27.319,30.828,26.898,30.681,36613.70080932
2022-03-01,30.658,31.454,29.492,30.415,26651.95531592
2022-03-02,30.432,30.679,29.135,29.564,5633.47966128
2022-03-03,29.568,31.678,29.0,30.154,34013.15235403
2022-03-04,30.228,30.826,26.989,27.579,20950.45824195
2022-03-05,27.574,28.098,26.642,27.86,7831.74631908
2022-03-06,27.821,28.093,26.496,26.496,6968.7797943900005
2022-03-07,26.506,27.45,25.327,26.146,20319.40757711
2022-03-08,26.115,26.961,25.936,26.786,35934.45190857
2022-03-09,26.757,28.814,26.58,28.104,14295.61426627
2022-03-10,28.112,28.713,26.198,26.713,10552.91107497
2022-03-11,26.724,26.978,25.988,26.482,20170.87028568
2022-03-12,26.512,27.042,26.225,26.251,13477.02590305
2022-03-13,26.307,26.695,25.159,25.366,8515.51969368
2022-03-14,25.372,26.226,25.052,25.97,15476.72241272
2022-03-15,25.942,26.303,25.147,25.901,14689.93255261
2022-03-16,25.952,27.606,25.744,27.384,9208.75652614
2022-03-17,27.396,27.548,26.743,27.193,8154.60095176
2022-03-18,27.229,28.316,26.55,28.051,8561.24220267
2022-03-19,28.051,34.404,28.051,33.897,70120.49627347
2022-03-20,33.943,40.87,32.854,38.15,146589.8354503
2022-03-21,38.321,40.051,36.217,38.53,67478.72047791
2022-03-22,38.396,46.728,38.244,45.901,129569.93078525
2022-03-23,45.892,49.111,43.317,45.186,93142.73101128
2022-03-24,45.185,50.596,42.647,48.547,89869.96057344
2022-03-25,48.543,49.774,45.205,48.055,154798.18388139
2022-03-26,48.162,48.832,46.719,47.17,41492.15920186
2022-03-27,47.157,48.624,44.716,47.937,23158.44502426
2022-03-28,48.004,51.299,46.252,46.688,99429.09363964
2022-03-29,47.024,52.46,47.006,49.206,117997.54462363
2022-03-30,49.348,51.65,48.317,49.657,37541.22337204
2022-03-31,49.612,50.9,45.7,47.526,69617.76238307
2022-04-01,47.473,48.148,42.677,47.177,78843.32756173
2022-04-02,47.115,48.305,45.117,45.434,27875.69659757
2022-04-03,45.451,47.896,44.386,46.745,31617.41790889
2022-04-04,46.72,48.66,44.495,46.818,46488.65492957
2022-04-05,46.764,46.927,44.122,44.413,19212.0080772
2022-04-06,44.297,44.483,38.27,38.417,81368.50648335
2022-04-07,38.38,44.712,38.119,43.389,64054.18411419
2022-04-08,43.481,44.002,39.865,40.555,28254.25215685
2022-04-09,40.566,42.953,40.444,41.909,18429.9888062
2022-04-10,42.089,42.665,40.236,40.345,12482.64546587
2022-04-11,40.407,40.581,35.839,37.009,66944.253629
2022-04-12,37.031,39.12,36.589,38.109,14785.30904594
2022-04-13,38.194,38.746,36.81,38.541,19796.70940162
2022-04-14,38.645,39.184,36.492,37.085,15957.15574353
2022-04-15,37.046,37.637,36.608,37.331,3167.6163247599998
2022-04-16,37.408,38.734,37.054,38.195,7424.11585894
2022-04-17,38.225,38.444,36.465,36.629,8068.73138682
2022-04-18,36.561,36.996,34.5,36.82,24410.73115029
2022-04-19,36.844,37.967,36.21,37.872,14919.07092686
2022-04-20,37.844,38.162,36.001,36.549,13974.32806061
2022-04-21,36.531,37.818,34.137,34.915,18224.43910696
2022-04-22,34.876,35.945,34.541,35.574,9645.34233844
2022-04-23,35.566,35.709,34.404,34.562,5244.12711849
2022-04-24,34.568,34.913,33.425,33.66,15025.22208106
2022-04-25,33.637,34.121,31.428,33.658,22232.42318231
2022-04-26,33.67,33.955,29.95,30.687,17000.67385935
2022-04-27,30.676,31.71,30.296,31.285,9213.69366916
2022-04-28,31.308,31.831,30.432,31.193,9232.38366118
2022-04-29,31.146,31.415,28.695,29.185,21854.57024279
2022-04-30,29.207,29.634,24.539,25.929,17122.31999459
2022-05-01,25.89,28.0,25.773,27.643,43035.2860936
2022-05-02,27.644,28.355,26.564,27.429,22477.15999415
2022-05-03,27.423,28.047,26.526,26.854,8503.19733606
2022-05-04,26.885,30.792,26.856,30.792,11642.13973277
2022-05-05,30.738,32.916,27.364,28.328,50404.68985584
2022-05-06,28.33,28.636,27.008,27.963,15379.36140671
2022-05-07,27.944,28.0,26.207,26.879,10247.31141421
2022-05-08,26.886,27.259,26.119,26.444,7592.42958186
2022-05-09,26.567,27.218,22.63,22.759,42135.41110467
2022-05-10,22.829,25.573,22.008,23.942,42361.72441472
2022-05-11,23.871,24.44,18.634,20.01,58011.19274929
2022-05-12,19.97,20.818,15.1,18.976,236551.29656298
2022-05-13,18.877,21.905,18.718,20.472,37039.01235914
2022-05-14,20.487,21.389,19.541,21.099,20771.89342324
2022-05-15,21.077,22.188,20.404,22.089,12114.17696266
2022-05-16,22.084,22.749,20.293,20.891,18027.56790453
2022-05-17,20.883,21.888,20.737,21.805,18322.77051753
2022-05-18,21.753,21.935,19.742,19.742,6762.09778916
2022-05-19,19.812,21.0,19.43,20.909,7704.76890857
2022-05-20,20.889,21.228,19.694,20.158,17874.60305553
2022-05-21,20.139,20.547,19.844,20.334,6825.55667435
2022-05-22,20.388,21.256,20.127,21.084,13247.12418124
2022-05-23,21.065,24.219,20.615,21.832,43352.64729579
2022-05-24,21.86,24.399,21.099,24.186,34848.49329621
2022-05-25,24.205,25.599,23.508,23.721,94457.98711045
2022-05-26,23.754,23.911,20.608,21.934,23049.65290564
2022-05-27,21.973,23.367,21.48,22.431,25475.16410955
2022-05-28,22.508,23.066,22.331,22.76,19706.40576393
2022-05-29,22.732,23.815,22.218,23.7,17458.58501887
2022-05-30,23.686,24.999,23.45,24.828,25240.51859495
2022-05-31,24.828,25.169,22.957,23.754,23802.16397054
2022-06-01,23.75,24.193,21.491,22.005,23353.453314630002
2022-06-02,21.992,22.503,21.663,22.445,11124.44746388
2022-06-03,22.429,22.658,21.292,21.84,7164.44427287
2022-06-04,21.876,22.055,21.561,21.99,16402.21289764
2022-06-05,21.977,22.2,21.674,21.857,2559.13375193
2022-06-06,21.793,23.342,21.787,22.504,17740.58939263
2022-06-07,22.507,22.507,20.845,21.547,11363.5612007
2022-06-08,21.521,21.829,21.009,21.253,3975.39566969
2022-06-09,21.274,21.647,20.935,21.176,6779.37052996
2022-06-10,21.186,21.407,19.715,19.948,136742.70675439
2022-06-11,19.945,20.368,17.904,18.2,43454.30464669
2022-06-12,18.236,18.382,16.566,16.601,30985.59780171
2022-06-13,16.53,16.932,13.959,14.397,69500.86850569
2022-06-14,14.39,15.126,13.128,14.581,28174.32443271
2022-06-15,14.56,16.003,12.951,15.868,34886.82396741
2022-06-16,15.867,16.062,13.566,13.816,14062.54453529
2022-06-17,13.83,14.598,13.723,14.316,15935.74143395
2022-06-18,14.311,14.557,12.481,13.722,20732.4518358
2022-06-19,13.706,15.576,13.271,15.363,19788.30305423
2022-06-20,15.352,16.514,14.534,16.258,25341.12531482
2022-06-21,16.212,16.962,15.786,16.113,11095.91737675
2022-06-22,16.108,16.144,15.05,15.169,26138.06221429
2022-06-23,15.16,16.021,15.16,15.92,7913.45715195
2022-06-24,15.892,16.781,15.847,16.431,9945.12558948
2022-06-25,16.43,16.685,15.759,16.625,2848.68591185
2022-06-26,16.562,18.011,16.049,16.663,21507.10971837
2022-06-27,16.663,17.517,16.16,16.54,17769.92143944
2022-06-28,16.54,16.803,15.311,15.431,9847.26124686
2022-06-29,15.431,15.67,14.924,15.176,96228.55535282
2022-06-30,15.174,15.269,14.144,14.955,12357.76850833
2022-07-01,14.978,15.352,14.292,14.621,14729.54997835
2022-07-02,14.647,14.93,14.267,14.739,6591.16588533
2022-07-03,14.745,15.009,14.338,14.79,5080.69787673
2022-07-04,14.782,15.472,14.4,15.379,6558.0737911900005
2022-07-05,15.427,15.482,14.401,14.928,5444.80076561
2022-07-06,14.919,15.331,14.732,15.21,4635.14693059
2022-07-07,15.21,16.003,15.07,15.912,3490.32081756
2022-07-08,15.88,16.36,15.39,15.506,8420.48566405
2022-07-09,15.526,16.032,15.526,15.829,7344.97005009
2022-07-10,15.829,15.829,14.959,15.148,8294.79308063
2022-07-11,15.09,15.115,14.088,14.162,19648.96199909
2022-07-12,14.143,14.359,13.777,13.817,23960.63261951
2022-07-13,13.812,14.428,13.365,14.428,8963.63665131
2022-07-14,14.404,14.795,13.915,14.71,7913.644181
2022-07-15,14.732,15.342,14.541,15.051,10608.68120986
2022-07-16,15.051,17.5,14.64,17.242,59952.13506663
2022-07-17,17.287,20.549,16.848,19.231,92026.08967503
2022-07-18,19.25,25.589,19.227,25.326,133882.87379821
2022-07-19,25.309,27.897,24.261,25.37,214966.64444541
2022-07-20,25.37,25.877,23.145,23.368,103146.57548354
2022-07-21,23.368,26.538,22.171,26.294,81685.55120182
2022-07-22,26.34,26.912,23.476,24.854,118278.40061223
2022-07-23,24.869,28.212,24.584,25.561,109314.19549461
2022-07-24,25.505,26.753,25.249,25.503,39386.74552458
2022-07-25,25.541,25.784,23.123,23.221,70294.61689873
2022-07-26,23.221,25.241,22.8,25.165,51849.01218901
2022-07-27,25.165,33.433,24.992,32.896,118522.88266377
2022-07-28,32.896,42.416,31.956,40.709,114884.00064024
2022-07-29,40.803,45.315,37.64,40.471,158656.16382575
2022-07-30,40.471,41.841,38.135,39.343,48357.86137135
2022-07-31,39.343,41.456,35.7,36.366,138350.00082312
2022-08-01,36.341,37.787,33.704,34.982,168169.06500042
2022-08-02,34.982,38.758,32.184,36.577,65670.51589695
2022-08-03,36.551,38.585,34.73,36.039,50585.31823253
2022-08-04,35.967,37.141,31.099,34.767,38976.29421519
2022-08-05,34.786,38.532,34.728,38.362,25815.67916893
2022-08-06,38.26,39.429,37.143,37.786,27381.58201334
2022-08-07,37.786,38.6,36.605,37.75,19229.21436207
2022-08-08,37.75,39.769,36.767,38.023,28815.72637834
2022-08-09,38.023,38.363,35.507,36.36,245931.41272182
2022-08-10,36.324,39.462,36.129,38.799,105087.32195894
2022-08-11,38.799,44.566,38.272,42.146,65454.84221915
2022-08-12,42.146,43.871,41.064,43.311,22101.40473062
2022-08-13,43.373,45.755,42.823,43.51,10462.5092407
2022-08-14,43.522,44.289,40.548,41.514,9968.5572924
2022-08-15,41.514,43.581,40.182,41.89,9792.94052123
2022-08-16,41.89,42.258,39.437,39.944,13495.43741822
2022-08-17,39.898,42.497,38.703,40.329,15176.91067453
2022-08-18,40.329,41.829,39.1,39.543,17905.8910544
2022-08-19,39.543,39.623,30.322,33.009,273717.65653635
2022-08-20,32.926,34.597,31.233,32.771,35848.57907007
2022-08-21,32.792,34.196,32.178,33.645,9294.51214379
2022-08-22,33.756,34.137,31.288,34.097,19150.7536591
2022-08-23,34.033,34.734,32.206,34.313,59444.41974107
2022-08-24,34.29,36.806,32.924,35.29,27063.50096346
2022-08-25,35.29,38.08,35.269,37.297,85526.32074431
2022-08-26,37.299,38.37,33.547,33.941,95976.58007335
2022-08-27,33.941,34.495,32.076,33.034,29888.77701971
2022-08-28,33.034,33.512,30.58,30.82,22391.81261938
2022-08-29,30.947,33.775,30.385,33.604,16237.08715698
2022-08-30,33.531,34.349,31.372,32.329,21741.46647452
2022-08-31,32.389,33.839,31.957,32.412,31139.53159718
2022-09-01,32.389,32.998,31.032,32.947,8587.83664326
2022-09-02,32.879,33.928,31.933,32.468,10473.20976799
2022-09-03,32.514,32.688,31.959,32.191,106317.91703425
2022-09-04,32.171,32.489,31.523,32.44,170055.50405456
2022-09-05,32.484,40.027,31.539,39.675,40649.98827656
2022-09-06,39.679,42.274,34.234,34.415,67799.82792477
2022-09-07,34.409,38.0,33.133,37.25,40823.38114399
2022-09-08,37.257,37.77,35.461,37.038,37334.29074326
2022-09-09,37.11,40.019,36.578,39.208,24177.55794092
2022-09-10,39.144,40.382,38.021,39.192,14474.23249952
2022-09-11,39.242,39.446,37.405,38.445,10107.99773844
2022-09-12,38.445,40.553,37.16,38.425,26238.18495883
2022-09-13,38.444,38.957,34.718,35.319,32361.63371038
2022-09-14,35.251,39.749,35.096,39.284,21747.307618759998
2022-09-15,39.19,39.725,35.248,35.708,42001.12161165
2022-09-16,35.708,35.754,32.693,34.088,56880.89340825
2022-09-17,33.983,34.941,33.538,34.419,10421.23270006
2022-09-18,34.472,34.491,29.007,29.532,26227.45763813
2022-09-19,29.507,30.844,27.305,30.348,55450.38000156
2022-09-20,30.329,30.515,28.657,29.146,18290.50520064
2022-09-21,29.138,30.714,27.101,27.716,33353.96933408
2022-09-22,27.716,29.006,27.633,28.696,16469.21049837
2022-09-23,28.686,29.527,27.279,28.979,62159.50086545
2022-09-24,28.952,29.778,28.381,28.721,11993.34880176
2022-09-25,28.717,29.498,27.943,28.33,4085.68916703
2022-09-26,28.356,28.606,27.51,28.489,16230.89670817
2022-09-27,28.458,30.232,27.607,28.147,42578.99548052
2022-09-28,28.147,28.28,26.667,27.665,19783.86292338
2022-09-29,27.649,28.295,27.0,27.838,31276.44188488
2022-09-30,27.838,28.362,27.377,27.752,11445.03904184
2022-10-01,27.779,27.908,27.282,27.544,5660.35920584
2022-10-02,27.57,27.779,26.772,26.938,3846.77655611
2022-10-03,26.969,27.712,26.533,27.475,15328.94162125
2022-10-04,27.475,28.145,27.306,27.931,5171.22061372
2022-10-05,27.931,27.983,27.103,27.62,27457.83240856
2022-10-06,27.657,28.917,27.591,27.809,72468.10771883
2022-10-07,27.817,27.845,27.104,27.489,7270.65091046
2022-10-08,27.495,27.608,26.646,26.962,6699.06009419
2022-10-09,26.962,27.171,26.769,26.945,2766.96522568
2022-10-10,26.92,27.15,22.958,24.179,20541.28722805
2022-10-11,24.179,24.264,23.546,23.72,24748.41468491
2022-10-12,23.773,24.534,23.5,23.81,17297.86018677
2022-10-13,23.797,23.93,20.611,22.982,44451.48320479
2022-10-14,22.979,24.6,22.852,23.15,26984.28890508
2022-10-15,23.15,23.264,22.53,22.784,11182.46069846
2022-10-16,22.784,23.42,22.784,23.113,4314.71530125
2022-10-17,23.113,23.984,22.908,23.841,5227.6915408
2022-10-18,23.839,24.184,22.871,23.397,5353.5923146
2022-10-19,23.397,23.464,22.151,22.364,4783.98080481
2022-10-20,22.337,22.883,21.328,21.683,9658.37951433
2022-10-21,21.669,22.125,20.778,22.059,6547.63311037
2022-10-22,22.094,23.5,21.709,23.244,5795.61705517
2022-10-23,23.263,23.739,22.634,23.453,8449.62371716
2022-10-24,23.453,23.548,22.316,22.667,10109.42931571
2022-10-25,22.667,25.805,22.355,24.683,22441.48363414
2022-10-26,24.756,26.233,24.494,25.531,17291.45009517
2022-10-27,25.516,25.899,24.66,24.802,18705.62384686
2022-10-28,24.75,25.721,24.159,25.525,15350.55179063
2022-10-29,25.515,26.854,25.333,25.915,20606.1938313
2022-10-30,25.917,25.946,24.235,24.536,10672.6018526
2022-10-31,24.536,24.996,23.786,24.296,12530.96721225
2022-11-01,24.272,24.742,23.872,24.076,6070.41557885
2022-11-02,24.045,24.63,22.299,22.951,23466.02830316
2022-11-03,22.994,24.794,22.904,24.038,23399.97327268
2022-11-04,24.08,26.128,23.937,25.816,32219.95056889
2022-11-05,25.854,27.006,25.659,26.539,30689.99075463
2022-11-06,26.539,27.286,24.711,24.878,15227.53454756
2022-11-07,24.841,25.719,24.42,25.141,25624.52247608
2022-11-08,25.102,25.388,19.617,21.88,53418.8261669
2022-11-09,21.821,22.111,17.754,18.361,63428.73714195
2022-11-10,18.239,22.883,18.188,22.003,58342.66644522
2022-11-11,21.947,22.243,20.369,21.509,38326.16923768
2022-11-12,21.524,21.551,20.192,20.502,9238.05068249
2022-11-13,20.485,20.929,19.5,19.913,10692.1489794
2022-11-14,19.871,20.695,18.835,20.499,19576.1722174
2022-11-15,20.455,21.087,20.177,20.551,8775.87291671
2022-11-16,20.572,20.701,19.493,19.922,8802.06450842
2022-11-17,19.932,20.09,19.15,19.633,19950.17429337
2022-11-18,19.59,20.005,19.258,19.527,4665.15073379
2022-11-19,19.53,19.77,18.903,19.51,7854.06787572
2022-11-20,19.509,19.707,18.052,18.175,9899.100543
2022-11-21,18.153,18.428,17.164,18.015,18405.62409423
2022-11-22,18.01,18.686,17.449,18.458,37244.67354542
2022-11-23,18.489,20.422,18.242,20.383,34053.45342905
2022-11-24,20.38,20.817,19.866,20.223,23661.75211958
2022-11-25,20.202,20.64,19.635,20.086,28514.52181196
2022-11-26,20.114,20.934,19.719,19.915,11382.23107409
2022-11-27,19.906,20.42,19.738,19.845,34843.05363899
2022-11-28,19.825,19.912,18.451,19.341,20807.43739338
2022-11-29,19.333,19.863,19.106,19.559,10803.22634603
2022-11-30,19.531,20.6,19.5,20.321,12468.97996443
2022-12-01,20.308,20.308,19.631,19.746,2562.17720476
2022-12-02,19.749,19.918,19.329,19.853,4705.74944145
2022-12-03,19.831,19.917,19.094,19.225,2457.02972467
2022-12-04,19.217,19.634,19.217,19.522,2398.54184317
2022-12-05,19.492,20.225,19.155,19.46,5155.19605758
2022-12-06,19.483,19.585,19.232,19.559,2514.72946313
2022-12-07,19.581,19.655,18.524,18.733,5494.31429823
2022-12-08,18.718,19.287,18.546,19.203,2190.44901901
2022-12-09,19.22,19.493,18.986,19.198,2042.50094645
2022-12-10,19.178,19.364,19.011,19.136,1152.6208611
2022-12-11,19.168,19.508,18.718,18.914,4375.16130706
2022-12-12,18.888,18.943,17.922,18.566,4779.17147786
2022-12-13,18.588,19.763,17.905,19.266,12922.23196643
2022-12-14,19.285,19.495,18.731,18.78,7758.16415683
2022-12-15,18.805,18.86,17.949,18.192,3730.51801369
2022-12-16,18.179,18.349,15.587,15.938,17793.46208783
2022-12-17,15.961,16.321,15.767,16.201,6488.3292967
2022-12-18,16.231,16.265,15.758,15.94,4529.70425823
2022-12-19,15.965,16.171,14.726,15.211,15520.76527074
2022-12-20,15.199,16.095,15.113,15.96,5652.68602065
2022-12-21,15.981,16.752,15.529,16.657,5961.75627123
2022-12-22,16.669,16.734,15.881,16.515,4844.59788428
2022-12-23,16.499,16.54,16.297,16.428,3634.92269366
2022-12-24,16.448,16.527,16.364,16.496,1495.87177815
2022-12-25,16.482,16.513,15.883,16.238,3904.09328331
2022-12-26,16.216,16.331,16.042,16.269,2632.49747189
2022-12-27,16.319,16.357,15.626,15.864,3746.15134523
2022-12-28,15.888,15.91,14.972,15.13,10047.98977921
2022-12-29,15.133,16.048,14.87,15.75,11713.94514894
2022-12-30,15.731,15.901,15.3,15.562,5677.59353541
2022-12-31,15.576,15.969,15.523,15.721,2962.27069282
2023-01-01,15.734,15.874,15.603,15.819,4250.01637625
2023-01-02,15.823,16.267,15.483,16.127,4770.33771148
2023-01-03,16.143,16.236,15.648,15.902,6015.64718525
2023-01-04,15.884,19.807,15.857,19.197,54315.57221673
2023-01-05,19.181,19.512,18.07,18.234,20690.13112299
2023-01-06,18.261,20.993,17.801,20.464,54708.49442115
2023-01-07,20.444,20.566,19.821,20.022,14522.620733490001
2023-01-08,19.994,20.608,19.569,20.386,14131.79602674
2023-01-09,20.308,21.801,19.945,20.132,35184.05058753
2023-01-10,20.157,20.433,19.687,20.246,17229.01932985
2023-01-11,20.209,20.608,19.435,20.54,14561.5716311
2023-01-12,20.47,21.388,19.591,20.861,36170.21266453
2023-01-13,20.931,22.0,20.632,21.632,18318.37243364
2023-01-14,21.622,23.952,21.266,22.47,37892.38427203
2023-01-15,22.52,22.936,21.492,22.423,10571.48220287
2023-01-16,22.389,22.908,21.142,21.875,18044.38475434
2023-01-17,21.838,22.577,21.634,21.829,13361.76759939
2023-01-18,21.865,22.544,20.07,20.413,24365.3424521
2023-01-19,20.364,20.799,20.32,20.736,5487.59580078
2023-01-20,20.725,22.702,20.552,22.464,11844.71016164
2023-01-21,22.546,22.924,21.699,21.799,14602.32037448
2023-01-22,21.761,23.532,21.6,22.552,14957.80691082
2023-01-23,22.586,23.825,22.135,22.767,11686.22684813
2023-01-24,22.754,22.998,20.766,21.18,11460.84126171
2023-01-25,21.18,22.384,20.58,21.817,10260.98092408
2023-01-26,21.907,22.366,21.478,21.982,7587.8605876
2023-01-27,22.013,22.257,21.243,21.994,2195.9016898
2023-01-28,22.018,22.206,21.46,21.729,3024.85894757
2023-01-29,21.693,22.8,21.598,22.757,9003.70889125
2023-01-30,22.801,23.529,20.748,21.355,11538.56603441
2023-01-31,21.394,21.96,21.229,21.696,10152.31807406
2023-02-01,21.687,22.49,20.977,22.36,7583.09514728
2023-02-02,22.458,24.25,21.973,22.36,21589.302382589998
2023-02-03,22.43,23.859,22.299,23.179,9668.18722794
2023-02-04,23.15,24.983,23.043,23.804,12837.34685265
2023-02-05,23.819,23.986,22.406,22.868,6532.86330408
2023-02-06,22.86,23.066,21.901,22.126,4400.25461992
2023-02-07,22.108,23.298,22.068,23.193,10248.88938734
2023-02-08,23.212,23.353,22.083,22.623,6011.87208377
2023-02-09,22.624,22.892,20.323,20.888,22131.46077645
2023-02-10,20.837,21.372,20.722,20.993,6823.15033902
2023-02-11,21.005,21.511,20.94,21.485,2157.41485294
2023-02-12,21.51,21.633,20.694,21.054,9668.65003028
2023-02-13,21.031,21.196,19.976,20.635,11366.87469168
2023-02-14,20.601,21.264,20.196,21.217,5826.33209395
2023-02-15,21.245,22.488,20.895,22.47,15750.14447806
2023-02-16,22.495,22.811,21.285,21.373,9812.65785536
2023-02-17,21.355,22.599,21.246,22.429,5693.70389439
2023-02-18,22.441,23.21,22.122,22.635,5385.74336635
2023-02-19,22.606,23.407,22.269,22.565,9616.26050894
2023-02-20,22.565,23.71,21.76,23.172,5601.66077197
2023-02-21,23.183,24.219,22.394,22.819,43410.84664651
2023-02-22,22.863,22.915,21.78,22.495,29978.23364869
2023-02-23,22.48,22.701,21.849,22.116,6136.06120054
2023-02-24,22.1,22.274,20.704,21.116,7812.6204889499995
2023-02-25,21.099,21.232,20.29,21.011,2289.70881952
2023-02-26,20.981,21.545,20.845,21.404,1663.62027618
2023-02-27,21.432,21.614,20.817,21.301,2863.5706008
2023-02-28,21.326,21.469,20.56,20.754,1929.76851934
2023-03-01,20.742,21.46,20.641,21.306,2305.60080426
2023-03-02,21.29,21.363,20.533,21.114,1331.25767138
2023-03-03,21.086,21.086,18.852,20.365,15455.51254275
2023-03-04,20.432,20.446,19.442,19.93,1737.07169929
2023-03-05,19.95,20.42,19.618,19.751,2620.69553933
2023-03-06,19.779,19.803,19.074,19.649,2375.67515526
2023-03-07,19.656,19.857,18.785,19.219,5327.50289712
2023-03-08,19.245,19.295,17.976,18.246,4674.51293627
2023-03-09,18.266,18.595,16.621,17.09,5487.007489
2023-03-10,17.066,17.583,16.138,17.461,8190.98892633
2023-03-11,17.433,17.97,16.544,17.22,19849.36592114
2023-03-12,17.191,18.844,16.881,18.766,30644.5965097
2023-03-13,18.797,20.264,18.701,19.626,32271.78152102
2023-03-14,19.592,21.026,19.073,20.224,28834.51628191
2023-03-15,20.318,20.614,18.042,18.445,27175.64518578
2023-03-16,18.382,18.933,18.184,18.783,3513.65259853
2023-03-17,18.755,20.313,18.546,20.274,15663.315003919999
2023-03-18,20.309,22.588,20.147,20.759,43667.14446221
2023-03-19,20.781,21.725,20.664,21.051,9058.64492974
2023-03-20,21.087,21.272,19.332,19.535,8336.80113991
2023-03-21,19.552,21.152,19.156,20.914,8732.16707435
2023-03-22,20.847,20.981,19.323,20.025,6754.12425227
2023-03-23,20.056,21.312,19.973,20.803,4344.47510874
2023-03-24,20.802,20.892,19.671,20.194,4663.6031451
2023-03-25,20.225,20.619,19.545,20.013,2330.77583307
2023-03-26,20.016,20.471,19.945,20.333,1240.57985286
2023-03-27,20.362,20.362,18.993,19.661,7323.50427624
2023-03-28,19.655,20.281,19.505,20.139,3941.93427205
2023-03-29,20.179,21.059,20.059,20.652,4511.17478212
2023-03-30,20.671,20.95,19.964,20.276,2461.3624734
2023-03-31,20.296,20.854,19.947,20.718,6800.70390817
2023-04-01,20.774,21.607,20.455,21.225,6497.16078769
2023-04-02,21.263,21.279,20.122,20.417,3530.62183223
2023-04-03,20.389,20.902,19.815,20.678,3916.77241327
2023-04-04,20.745,21.493,20.362,21.127,3261.21013564
2023-04-05,21.115,21.566,20.58,21.18,1906.7023238900001
2023-04-06,21.126,21.126,20.446,20.665,697.46342296
2023-04-07,20.597,20.792,20.155,20.476,5488.9828286
2023-04-08,20.449,20.594,20.196,20.324,729.74859103
2023-04-09,20.381,20.714,20.111,20.546,1219.27318806
2023-04-10,20.587,21.048,20.251,20.907,1925.02484942
2023-04-11,21.01,22.168,20.809,21.481,16282.32569018
2023-04-12,21.5,22.596,20.635,22.071,8503.89177069
2023-04-13,21.991,22.743,21.543,22.433,12798.00434181
2023-04-14,22.376,23.107,21.792,22.389,11481.20705905
2023-04-15,22.393,22.483,21.911,22.069,1788.8629128100001
2023-04-16,22.132,22.483,21.807,22.212,3373.42946871
2023-04-17,22.28,22.28,21.474,21.667,5697.43999047
2023-04-18,21.718,22.256,21.337,21.864,2912.41639227
2023-04-19,21.885,21.885,19.867,20.279,25738.15538701
2023-04-20,20.293,20.694,19.756,20.07,11815.68127862
2023-04-21,20.073,20.204,19.1,19.306,8409.53312408
2023-04-22,19.349,20.486,19.349,20.216,4679.54265918
2023-04-23,20.192,20.301,19.364,19.683,3263.31788855
2023-04-24,19.723,20.05,19.106,19.417,2171.72040523
2023-04-25,19.432,20.014,19.105,19.804,3207.73264979
2023-04-26,19.762,20.397,18.483,19.323,8404.18045326
2023-04-27,19.29,19.993,19.29,19.794,3350.20069223
2023-04-28,19.838,19.88,19.409,19.779,1402.634151
2023-04-29,19.778,19.997,19.632,19.795,742.53536558
2023-04-30,19.83,20.015,19.315,19.379,3025.47239613
2023-05-01,19.425,19.539,18.881,19.216,1533.2378911
2023-05-02,19.206,19.361,18.918,19.269,424.97912115
2023-05-03,19.232,19.774,18.819,19.556,2447.60912782
2023-05-04,19.577,19.6,19.145,19.304,978.44316422
2023-05-05,19.308,19.735,19.024,19.637,2421.88569781
2023-05-06,19.627,19.792,18.647,18.978,5845.11737507
2023-05-07,18.994,19.117,18.693,18.782,1875.76163765
2023-05-08,18.674,18.829,17.395,18.31,3712.63875829
2023-05-09,18.289,19.247,18.079,18.756,4227.45761185
2023-05-10,18.76,19.292,17.855,18.892,3259.52399581
2023-05-11,18.839,18.943,17.739,18.155,3804.18928609
2023-05-12,18.094,18.315,17.59,18.211,1645.1827061
2023-05-13,18.167,18.292,18.026,18.114,505.94796512
2023-05-14,18.122,18.412,17.97,18.112,1488.23373892
2023-05-15,18.13,18.479,17.862,18.314,1216.86251596
2023-05-16,18.322,18.373,18.066,18.288,904.92287689
2023-05-17,18.265,18.7,18.219,18.583,1990.7082093
2023-05-18,18.549,18.756,17.919,18.362,1587.9479396
2023-05-19,18.364,18.466,18.247,18.347,355.37555392
2023-05-20,18.33,18.451,18.182,18.346,1042.38481794
2023-05-21,18.328,18.406,17.833,17.957,1690.44630068
2023-05-22,17.927,18.498,17.76,18.261,883.46937416
2023-05-23,18.265,18.591,18.191,18.369,301.49993285
2023-05-24,18.4,18.4,17.592,17.799,2290.89546985
2023-05-25,17.832,17.848,17.347,17.733,430.11911246
2023-05-26,17.707,18.3,17.653,18.035,1843.24915504
2023-05-27,18.021,18.223,17.863,18.192,408.89108845
2023-05-28,18.169,18.679,18.169,18.561,3174.78042954
2023-05-29,18.577,18.627,18.234,18.371,3193.69788909
2023-05-30,18.377,18.491,18.185,18.286,757.74766665
2023-05-31,18.264,18.343,17.834,18.002,765.98723028
2023-06-01,18.051,18.079,17.695,17.839,2108.66455889
2023-06-02,17.792,18.204,17.661,18.141,890.72315928
2023-06-03,18.162,18.324,18.026,18.149,874.13019747
2023-06-04,18.161,18.404,18.105,18.214,1035.87781792
2023-06-05,18.201,18.24,16.615,17.022,5108.58318286
2023-06-06,17.025,17.692,16.895,17.599,10633.3334936
2023-06-07,17.595,17.602,16.805,16.931,774.17368081
2023-06-08,16.906,17.1,16.786,17.01,1148.9272227
2023-06-09,16.995,17.198,16.781,16.971,668.57498835
2023-06-10,16.911,16.968,12.697,15.082,34430.34126661
2023-06-11,15.093,15.406,14.857,15.114,4445.22574005
2023-06-12,15.079,15.266,14.74,15.175,2704.25665139
2023-06-13,15.13,15.573,15.015,15.261,3054.41745727
2023-06-14,15.253,15.384,14.339,14.757,1641.59282444
2023-06-15,14.736,15.174,14.664,15.066,1141.19321438
2023-06-16,15.072,15.335,14.711,15.245,1458.70363503
2023-06-17,15.209,15.624,15.147,15.317,3700.49895773
2023-06-18,15.337,15.581,14.997,15.232,2867.4394119
2023-06-19,15.26,15.406,15.08,15.365,1423.24489331
2023-06-20,15.404,15.821,15.011,15.815,2596.56355408
2023-06-21,15.77,16.992,15.77,16.779,9206.80445093
2023-06-22,16.802,17.54,16.458,16.659,3880.51811549
2023-06-23,16.673,19.222,16.673,18.836,15558.47741911
2023-06-24,18.956,19.748,17.954,19.332,8712.5957848
2023-06-25,19.48,19.598,18.084,18.391,3446.41213456
2023-06-26,18.365,19.491,17.715,18.637,5093.73311765
2023-06-27,18.509,18.919,18.301,18.727,2010.16973417
2023-06-28,18.696,18.697,17.008,17.535,6772.32689375
2023-06-29,17.487,18.589,17.487,18.056,1388.43147669
2023-06-30,18.024,21.219,18.001,21.219,25962.47629612
2023-07-01,21.13,23.305,20.56,20.957,6040.44795659
2023-07-02,20.77,20.77,19.654,20.421,3490.60828734
2023-07-03,20.336,20.773,19.841,20.058,1574.49713769
2023-07-04,20.072,20.501,19.23,19.488,4576.08480021
2023-07-05,19.6,19.711,18.624,19.369,3204.71129165
2023-07-06,19.373,20.094,18.603,18.766,6076.58865817
2023-07-07,18.795,19.265,18.501,19.202,1021.61470801
2023-07-08,19.231,19.361,18.683,19.025,1957.00979165
2023-07-09,19.015,19.173,18.542,18.61,722.44674527
2023-07-10,18.667,19.325,18.009,18.986,4666.39154722
2023-07-11,18.986,19.061,18.62,18.905,18581.95536464
2023-07-12,18.944,19.301,18.5,18.866,2691.3774134200003
2023-07-13,18.788,20.261,18.604,20.203,7818.33943659
2023-07-14,20.203,20.361,18.377,19.066,10282.5575769
2023-07-15,19.028,19.727,18.957,19.273,1856.20246747
2023-07-16,19.323,19.424,18.688,18.792,3582.07563252
2023-07-17,18.803,19.218,18.596,19.096,1253.16505951
2023-07-18,19.115,19.202,18.51,18.781,772.57083098
2023-07-19,18.729,19.097,18.718,18.806,536.00930492
2023-07-20,18.804,19.194,18.518,18.686,1274.13159312
2023-07-21,18.703,18.936,18.607,18.752,437.16748862
2023-07-22,18.77,18.892,18.259,18.504,2075.37467909
2023-07-23,18.453,18.901,18.428,18.728,693.50210476
2023-07-24,18.687,18.785,17.713,18.127,9700.97780674
2023-07-25,18.188,18.198,17.947,18.1,414.32321368
2023-07-26,18.134,18.497,17.927,18.314,673.71966424
2023-07-27,18.299,18.424,18.021,18.392,775.09530383
2023-07-28,18.436,18.818,18.406,18.478,1380.74769876
2023-07-29,18.443,18.643,18.422,18.63,356.35858024
2023-07-30,18.59,19.135,18.217,18.876,4192.39484861
2023-07-31,18.859,19.037,18.354,18.538,1408.39752529
2023-08-01,18.486,18.568,17.791,18.565,2519.33182116
2023-08-02,18.568,18.581,17.757,18.074,760.19596775
2023-08-03,18.057,18.179,17.835,17.975,633.1418582599999
2023-08-04,17.925,18.117,17.7,17.97,439.02542258
2023-08-05,17.92,17.95,17.733,17.948,1002.75113148
2023-08-06,17.922,18.001,17.821,17.837,827.49982369
2023-08-07,17.872,18.008,17.195,17.717,2617.42707588
2023-08-08,17.717,18.155,17.599,17.97,2872.35853108
2023-08-09,17.935,18.077,17.678,17.876,337.20529571
2023-08-10,17.871,17.876,17.618,17.715,600.09200901
2023-08-11,17.738,17.743,17.511,17.633,493.150114
2023-08-12,17.66,17.757,17.6,17.755,190.96927358
2023-08-13,17.728,17.882,17.425,17.53,2396.88829456
2023-08-14,17.512,17.627,17.375,17.515,1507.47798398
2023-08-15,17.521,17.525,15.931,16.686,2899.05616853
2023-08-16,16.72,16.749,15.737,16.274,3233.25263682
2023-08-17,16.261,16.385,13.351,14.939,14322.53889616
2023-08-18,14.961,15.881,14.96,15.385,1265.59582153
2023-08-19,15.437,15.748,15.318,15.556,1174.56636845
2023-08-20,15.588,15.638,15.365,15.572,109.41235229
2023-08-21,15.593,15.927,15.345,15.809,2230.74249988
2023-08-22,15.783,15.842,14.886,15.481,6280.41808031
2023-08-23,15.52,16.258,15.52,16.196,6391.92241709
2023-08-24,16.21,16.259,15.827,16.12,228.50996363
2023-08-25,16.001,16.118,15.751,16.011,813.42474179
2023-08-26,15.991,16.103,15.763,15.888,976.61535385
2023-08-27,15.87,16.076,15.755,16.017,833.22178831
2023-08-28,16.02,16.02,15.611,15.919,1486.5265972
2023-08-29,15.934,17.189,15.584,16.887,9683.63570603
2023-08-30,16.904,16.91,16.008,16.045,1231.58106705
2023-08-31,15.996,16.205,15.243,15.521,2134.07882232
2023-09-01,15.546,15.654,15.222,15.392,1119.97790649
2023-09-02,15.406,15.527,15.303,15.46,377.37886076
2023-09-03,15.445,15.534,15.219,15.402,113.54238641
2023-09-04,15.392,15.51,15.13,15.37,1056.5754149
2023-09-05,15.358,15.445,15.113,15.395,1608.22129
2023-09-06,15.412,15.67,15.14,15.493,2643.70487769
2023-09-07,15.482,15.71,15.345,15.578,683.56457665
2023-09-08,15.546,15.646,15.189,15.434,1107.70242567
2023-09-09,15.424,15.499,15.369,15.403,133.8735585
2023-09-10,15.385,15.387,14.515,15.117,10385.28463837
2023-09-11,15.116,15.154,14.455,14.73,1055.09129907
2023-09-12,14.72,15.253,14.72,14.981,469.51049503
2023-09-13,14.93,15.224,14.884,15.15,493.86988538
2023-09-14,15.167,15.391,15.022,15.259,2232.57776063
2023-09-15,15.292,15.866,15.225,15.699,10512.59387164
2023-09-16,15.724,15.972,15.488,15.659,444.81846663
2023-09-17,15.657,15.678,15.243,15.407,857.80791575
2023-09-18,15.42,16.03,15.311,15.698,1477.72818134
2023-09-19,15.663,15.943,15.639,15.772,2133.96390433
2023-09-20,15.746,15.797,15.418,15.605,344.87159551
2023-09-21,15.564,15.63,15.073,15.22,1614.18497419
2023-09-22,15.238,15.342,15.102,15.195,676.78774763
2023-09-23,15.222,15.316,15.153,15.276,181.25434483
2023-09-24,15.254,15.413,14.954,15.095,871.43875743
2023-09-25,15.118,15.37,15.008,15.228,572.66922504
2023-09-26,15.219,15.294,14.911,15.122,2251.2374019
2023-09-27,15.11,15.765,15.066,15.371,3274.44389501
2023-09-28,15.356,15.957,15.356,15.821,530.34301637
2023-09-29,15.84,16.047,15.668,15.882,8686.18165766
2023-09-30,15.888,16.83,15.818,16.366,2812.30673005
2023-10-01,16.345,16.827,16.238,16.694,1347.66281855
2023-10-02,16.713,16.924,15.795,16.204,1997.26426786
2023-10-03,16.145,16.684,15.643,15.687,1336.88966492
2023-10-04,15.68,15.719,15.118,15.666,2224.57647178
2023-10-05,15.635,15.799,15.377,15.451,7642.09622898
2023-10-06,15.438,15.851,15.394,15.727,460.22907444
2023-10-07,15.743,15.769,15.535,15.659,272.17264112
2023-10-08,15.648,15.704,15.359,15.521,615.48289511
2023-10-09,15.486,15.504,14.436,15.048,16842.80343711
2023-10-10,15.056,15.159,14.817,14.964,817.93573955
2023-10-11,14.948,14.965,14.561,14.929,1014.6307894
2023-10-12,14.918,15.089,14.618,14.774,3307.835061
2023-10-13,14.792,14.991,14.712,14.868,181.44562009
2023-10-14,14.868,15.033,14.836,15.018,477.92684511
2023-10-15,14.997,15.085,14.88,14.939,682.34513931
2023-10-16,14.939,15.883,14.939,15.25,3694.01269518
2023-10-17,15.258,15.261,14.735,14.966,1166.32118062
2023-10-18,14.941,15.044,14.794,14.809,1558.49731637
2023-10-19,14.837,14.86,14.643,14.812,1354.91116857
2023-10-20,14.831,15.504,14.77,15.305,1128.68928535
2023-10-21,15.439,15.84,15.234,15.707,1326.12744963
2023-10-22,15.75,15.89,15.317,15.881,1911.86441104
2023-10-23,15.838,16.747,15.696,16.617,16139.3099434
2023-10-24,16.655,17.299,16.027,16.502,7842.26677454
2023-10-25,16.485,16.764,16.22,16.384,3348.63579733
2023-10-26,16.414,17.164,15.857,16.579,7471.88369356
2023-10-27,16.54,16.582,15.77,16.087,1474.77817913
2023-10-28,16.084,16.421,16.061,16.248,1605.66407995
2023-10-29,16.251,16.73,16.015,16.68,2840.34597825
2023-10-30,16.66,16.926,16.298,16.796,2636.87902588
2023-10-31,16.843,17.77,16.463,17.414,6185.93961698
2023-11-01,17.575,18.004,17.02,17.783,9349.36661253
2023-11-02,17.797,17.973,16.808,17.215,3102.81402651
2023-11-03,17.186,17.288,16.757,17.28,1126.66746817
2023-11-04,17.27,17.609,17.13,17.527,717.40992525
2023-11-05,17.395,18.358,17.395,18.009,3576.27296418
2023-11-06,18.017,18.921,17.658,18.55,1905.57969122
2023-11-07,18.47,18.504,17.589,18.124,2814.29940359
2023-11-08,18.145,18.469,18.045,18.361,398.87608506
2023-11-09,18.325,20.682,17.841,20.657,36384.29714577
2023-11-10,20.85,21.809,20.194,20.742,10126.78641533
2023-11-11,20.725,20.725,19.592,20.127,5680.58016375
2023-11-12,19.981,20.281,19.123,19.978,3213.71842454
2023-11-13,20.058,21.07,19.573,20.039,24277.02948618
2023-11-14,20.0,20.117,18.363,19.039,7023.08588467
2023-11-15,19.057,19.856,18.777,19.856,12414.874035929999
2023-11-16,20.047,20.581,18.939,19.264,3346.88676267
2023-11-17,19.328,19.594,18.444,19.378,873.92954415
2023-11-18,19.319,19.319,18.458,19.238,333.29301751
2023-11-19,19.215,19.539,18.965,19.539,653.4872539200001
2023-11-20,19.528,19.932,19.282,19.553,347.19404326
2023-11-21,19.471,19.598,17.633,18.255,13063.3479753
2023-11-22,18.306,19.286,18.254,19.041,6798.55133554
2023-11-23,19.011,19.144,18.775,18.919,199.79499753
2023-11-24,18.941,19.558,18.903,19.194,3953.0526492
2023-11-25,19.197,19.534,19.158,19.445,3212.76698779
2023-11-26,19.455,19.521,18.499,19.104,1364.5311517
2023-11-27,19.038,19.038,18.166,18.58,689.85480428
2023-11-28,18.528,18.997,18.259,18.854,3862.80819322
2023-11-29,18.893,19.038,18.596,18.749,4090.5795225399997
2023-11-30,18.734,18.781,18.516,18.627,147.08512203
2023-12-01,18.611,19.09,18.611,18.976,396.02351754
2023-12-02,19.003,19.702,19.003,19.611,3954.1709509
2023-12-03,19.6,19.992,19.054,19.809,8642.76790595
2023-12-04,19.811,20.334,19.447,19.941,8515.96105232
2023-12-05,19.91,20.45,19.303,20.285,3227.40571871
2023-12-06,20.291,20.87,19.905,20.215,11614.74262006
2023-12-07,20.31,22.326,20.31,21.955,7486.0144482
2023-12-08,22.082,22.6,21.807,22.279,2646.79435391
2023-12-09,22.323,23.408,21.703,22.16,14038.90749677
2023-12-10,22.049,22.506,21.46,21.972,5575.48715033
2023-12-11,22.011,22.011,18.181,20.184,15114.01079484
2023-12-12,20.224,20.56,19.891,20.36,1198.95153759
2023-12-13,20.313,20.884,19.459,20.735,1555.62549811
2023-12-14,20.782,20.985,20.033,20.892,5392.51780238
2023-12-15,20.873,20.898,19.844,19.94,1710.33659436
2023-12-16,19.986,20.868,19.751,20.766,879.38605868
2023-12-17,20.719,20.719,19.9,19.988,1318.72350022
2023-12-18,20.041,20.078,18.791,19.931,5979.52541587
2023-12-19,19.832,20.158,19.465,19.671,3137.65658845
2023-12-20,19.703,20.586,19.612,20.184,2404.12513429
2023-12-21,20.167,20.95,20.044,20.691,1453.60237052
2023-12-22,20.654,22.173,20.611,21.923,6148.20102778
2023-12-23,21.951,22.289,21.04,21.54,1933.19152498
2023-12-24,21.489,21.716,20.541,20.932,1901.99926057
2023-12-25,20.863,21.691,20.655,21.469,4106.26348231
2023-12-26,21.397,21.467,19.644,20.848,9016.39454876
2023-12-27,20.886,22.737,20.41,22.654,4157.76486215
2023-12-28,22.76,24.381,22.182,22.455,8529.43878728
2023-12-29,22.731,23.421,21.832,22.539,5005.77856455
2023-12-30,22.479,23.327,22.157,22.299,1205.59142285
2023-12-31,22.261,22.497,21.415,21.912,1788.80109454
2024-01-01,21.952,22.527,21.519,22.524,3216.95691515
2024-01-02,22.475,23.032,21.937,22.005,2192.80951805
2024-01-03,22.017,22.407,18.202,20.043,14300.66696365
2024-01-04,20.096,20.761,19.816,20.533,2487.90437224
2024-01-05,20.485,20.644,19.354,20.128,1811.08105402
2024-01-06,20.168,20.279,19.361,19.898,1675.14076169
2024-01-07,19.893,20.099,19.044,19.259,1329.29735829
2024-01-08,19.308,20.434,18.352,20.3,7658.0957069999995
2024-01-09,20.377,21.206,19.47,21.206,6122.06827012
2024-01-10,21.182,26.582,20.364,26.16,20421.1394426
2024-01-11,26.586,32.119,25.816,29.632,48150.72550227
2024-01-12,29.747,32.415,27.619,29.064,21430.6459617
2024-01-13,29.276,29.963,27.911,28.662,9973.67140348
2024-01-14,28.555,28.555,26.271,26.38,3867.79118785
2024-01-15,26.581,27.727,26.07,26.757,11651.77801675
2024-01-16,26.659,27.687,26.061,27.321,11397.90466721
2024-01-17,27.238,27.349,25.653,26.157,4570.4895902
2024-01-18,26.129,26.129,24.061,24.461,8051.68109209
2024-01-19,24.533,25.486,22.896,25.312,6233.04352902
2024-01-20,25.311,25.311,24.18,24.752,5550.53096949
2024-01-21,24.748,25.405,24.505,24.505,1143.30406613
2024-01-22,24.5,24.655,22.823,22.884,5965.09015092
2024-01-23,22.99,23.852,21.724,23.151,20803.95598366
2024-01-24,23.141,23.471,22.592,23.03,568.28372454
2024-01-25,22.919,23.51,22.205,23.293,3310.83297892
2024-01-26,23.236,24.11,22.874,23.878,3936.95608174
2024-01-27,24.074,24.595,23.834,23.996,2538.68813712
2024-01-28,23.943,24.472,23.365,23.49,5889.38854395
2024-01-29,23.46,24.841,23.06,24.736,3706.24434894
2024-01-30,24.7,26.213,24.528,25.352,4877.51431128
2024-01-31,25.456,25.818,24.131,24.372,1924.53041578
2024-02-01,24.349,24.907,23.512,24.4,8160.76591677
2024-02-02,24.37,25.395,24.37,25.114,1165.23343904
2024-02-03,25.198,25.696,24.527,24.85,3003.91686304
2024-02-04,24.85,25.611,24.648,25.028,4306.16869086
2024-02-05,24.988,25.169,24.067,24.306,4113.52853573
2024-02-06,24.259,24.953,24.175,24.737,6431.37547582
2024-02-07,24.736,25.331,24.304,25.173,1254.3994142
2024-02-08,25.216,25.822,25.052,25.637,1178.24426084
2024-02-09,25.716,26.7,25.576,26.187,6339.3176814
2024-02-10,26.245,26.393,25.429,25.893,2047.45413832
2024-02-11,25.896,26.367,25.58,25.903,29314.13659603
2024-02-12,25.873,27.19,25.499,26.987,32286.80464193
2024-02-13,26.983,27.285,25.801,26.225,6727.32935104
2024-02-14,26.145,27.144,25.79,26.886,3305.57419027
2024-02-15,26.875,27.474,26.337,26.779,1018.62768377
2024-02-16,26.72,27.4,26.285,26.831,2647.1872296
2024-02-17,26.715,26.782,25.435,26.013,1232.39094167
2024-02-18,26.012,26.708,25.743,26.536,3329.8897627300003
2024-02-19,26.502,27.883,26.248,27.415,10878.90965596
2024-02-20,27.632,27.632,25.869,27.007,1642.33073934
2024-02-21,27.25,27.25,25.148,26.073,5759.58789223
2024-02-22,26.029,26.363,25.456,25.813,2060.12619244
2024-02-23,25.863,25.936,24.991,25.469,2042.97813589
2024-02-24,25.399,26.187,25.111,26.144,4203.11099351
2024-02-25,26.121,27.406,25.999,27.206,4595.72168863
2024-02-26,27.107,27.957,26.491,27.716,7007.29481606
2024-02-27,28.014,28.682,27.483,28.081,5048.80061902
2024-02-28,28.113,31.0,23.212,29.573,14032.38464189
2024-02-29,29.5,31.4,28.2,28.873,7299.75376266
2024-03-01,29.007,30.283,29.007,30.24,1676.02435766
2024-03-02,30.252,34.778,30.251,34.317,11078.13168918
2024-03-03,33.895,35.81,30.885,33.644,12861.76764401
2024-03-04,33.613,36.672,33.091,35.899,20598.84242805
2024-03-05,35.882,39.458,29.374,34.594,20297.83255166
2024-03-06,34.139,38.27,32.98,37.2,5159.34228608
2024-03-07,37.576,38.361,35.904,37.96,1654.18048145
2024-03-08,38.285,39.371,36.786,38.021,2225.48560181
2024-03-09,38.298,39.48,36.974,37.218,4018.71038463
2024-03-10,37.035,37.624,35.208,35.991,1089.66783043
2024-03-11,36.106,39.5,34.148,37.92,21475.66423215
2024-03-12,37.92,38.227,34.519,36.774,14512.90082286
2024-03-13,36.856,37.557,35.764,36.556,9364.08847436
2024-03-14,36.52,36.693,33.418,35.098,5884.68534404
2024-03-15,35.13,35.49,30.794,33.268,11538.89450851
2024-03-16,33.336,33.63,30.151,30.565,1978.95812856
2024-03-17,30.83,32.339,29.406,31.929,4983.48273194
2024-03-18,31.858,32.005,30.271,31.383,18753.42931689
2024-03-19,31.502,31.62,27.246,27.789,14315.61656382
2024-03-20,27.949,30.72,26.912,30.611,3290.85514861
2024-03-21,30.462,30.851,29.556,30.38,2993.28446422
2024-03-22,30.292,30.712,28.424,29.367,4539.19027418
2024-03-23,29.281,31.373,29.006,30.252,1124.96584179
2024-03-24,30.229,31.745,30.229,31.632,9454.9474628
2024-03-25,31.527,32.615,31.03,32.46,20158.39713038
2024-03-26,32.365,33.186,31.785,32.165,5551.83974065
2024-03-27,32.176,32.555,30.897,31.856,11431.56927484
2024-03-28,31.737,32.85,31.495,32.494,9181.39221942
2024-03-29,32.446,34.962,31.698,34.222,12913.41456209
2024-03-30,34.197,34.508,32.855,32.945,2412.85349336
2024-03-31,32.896,34.494,32.855,34.308,3982.36351887
2024-04-01,34.272,34.877,31.817,32.781,1768.94415394
2024-04-02,32.653,32.653,29.853,29.945,26417.13292316
2024-04-03,30.12,30.9,29.059,30.63,2493.74783075
2024-04-04,30.575,33.192,30.073,32.688,1994.9532148800001
2024-04-05,32.936,33.953,31.719,33.172,4753.50283758
2024-04-06,33.032,33.641,32.784,33.641,421.07047755
2024-04-07,33.549,34.786,33.187,33.881,6309.21976976
2024-04-08,33.81,35.895,33.293,35.711,5058.6058410900005
2024-04-09,35.8,35.8,32.6,32.792,8435.658644590001
2024-04-10,32.961,33.603,31.565,33.458,891.32794724
2024-04-11,33.364,34.6,33.277,33.764,2659.03427326
2024-04-12,33.817,34.051,26.151,29.596,18088.39121142
2024-04-13,29.373,29.869,22.95,25.444,79060.30442762
2024-04-14,25.529,27.162,24.623,27.073,6790.29692709
2024-04-15,26.917,28.21,25.493,26.422,2741.38553906
2024-04-16,26.392,26.834,25.091,26.211,2233.9288610099998
2024-04-17,26.193,26.643,24.716,25.432,796.31375715
2024-04-18,25.381,26.399,25.01,26.152,375.38741536
2024-04-19,26.047,26.533,24.14,26.175,2084.95525659
2024-04-20,26.054,28.188,25.808,27.889,1974.52619773
2024-04-21,27.786,28.306,27.028,27.483,961.33880042
2024-04-22,27.516,28.606,27.427,28.386,2212.41881336
2024-04-23,28.347,28.524,27.818,28.189,474.1140092
2024-04-24,28.071,28.482,26.093,26.373,1122.65015512
2024-04-25,26.297,26.921,25.853,26.485,557.78622432
2024-04-26,26.453,27.994,26.052,27.106,1001.23932884
2024-04-27,27.189,28.302,26.143,27.852,2702.71789756
2024-04-28,27.918,30.0,27.796,28.031,4213.30230276
2024-04-29,28.031,28.529,26.903,27.662,798.27581212
2024-04-30,27.583,28.0,24.872,25.514,11770.48047586
2024-05-01,25.455,25.684,24.035,25.57,6530.58957486
2024-05-02,25.499,25.954,24.839,25.716,3277.67626744
2024-05-03,25.759,27.4,25.538,26.94,2933.49754491
2024-05-04,27.037,27.592,26.821,26.992,1069.16971268
2024-05-05,27.039,27.886,26.479,27.708,654.39381159
2024-05-06,27.786,29.0,26.993,27.035,1876.4783357
2024-05-07,27.116,27.89,26.83,27.21,1678.2887875
2024-05-08,27.183,29.466,26.663,27.197,1716.1117659
2024-05-09,27.215,27.872,26.956,27.712,1109.43253405
2024-05-10,27.663,27.848,26.166,26.425,742.64411754
2024-05-11,26.504,27.1,26.312,26.522,1624.26487529
2024-05-12,26.561,26.981,26.376,26.775,1442.09867169
2024-05-13,26.799,27.041,25.312,26.319,2193.21840903
2024-05-14,26.367,26.435,25.272,25.372,799.2050531900001
2024-05-15,25.474,27.182,25.42,27.182,937.91429649
2024-05-16,27.135,27.504,26.671,27.272,3219.99440433
2024-05-17,27.295,28.844,26.954,28.363,16434.48313863
2024-05-18,28.315,29.186,28.231,28.665,2388.98365785
2024-05-19,28.598,28.91,27.367,27.604,1349.96525885
2024-05-20,27.654,33.0,27.504,32.321,10680.84422363
2024-05-21,32.469,32.85,30.9,31.806,9467.84550054
2024-05-22,31.732,31.965,29.686,30.41,8097.6783939
2024-05-23,30.523,34.331,30.456,32.485,11071.7856379
2024-05-24,32.538,33.926,31.106,31.604,4692.93857566
2024-05-25,31.687,32.293,31.326,31.694,841.0113554
2024-05-26,31.664,32.729,31.51,31.731,6496.72673902
2024-05-27,31.758,32.7,31.554,31.986,4621.617389290001
2024-05-28,31.904,31.904,30.668,31.449,2468.22350223
2024-05-29,31.396,31.565,30.257,30.453,2063.0061982400002
2024-05-30,30.521,30.734,29.295,29.833,5597.19884018
2024-05-31,29.852,30.502,29.109,29.698,9193.18206757
2024-06-01,29.586,29.808,29.46,29.532,285.39732254
2024-06-02,29.621,29.818,28.533,28.955,377.76318201
2024-06-03,28.929,29.443,28.597,28.638,2194.02045307
2024-06-04,28.684,29.967,28.194,29.738,2080.85237604
2024-06-05,29.665,30.0,29.211,29.808,1604.4562125
2024-06-06,29.769,29.809,28.74,29.112,1865.54788194
2024-06-07,29.073,29.416,25.275,27.079,17717.35735387
2024-06-08,27.052,27.201,26.425,26.876,10532.86411728
2024-06-09,26.82,27.077,26.752,26.983,471.70917914
2024-06-10,26.923,27.07,26.416,26.617,2753.0624588
2024-06-11,26.599,26.599,25.066,25.69,2827.37271448
2024-06-12,25.777,26.748,25.325,26.129,1547.6973082
2024-06-13,26.093,26.136,25.126,25.326,1764.77749873
2024-06-14,25.376,25.65,24.139,25.134,7256.78438438
2024-06-15,25.166,25.683,25.035,25.654,669.30572319
2024-06-16,25.581,25.64,25.277,25.472,177.39427838
2024-06-17,25.48,25.55,23.511,24.111,2656.53662476
2024-06-18,24.08,24.08,21.224,23.074,7160.59507259
2024-06-19,23.016,24.197,22.982,24.006,1816.87491312
2024-06-20,23.964,24.853,23.845,24.101,2781.06286912
2024-06-21,24.111,24.124,23.256,23.571,1083.23695999
2024-06-22,23.562,23.68,23.349,23.436,150.99731946
2024-06-23,23.361,23.534,22.569,22.673,383.4618607
2024-06-24,22.636,23.068,21.563,23.013,4518.12479129
2024-06-25,22.997,23.766,22.942,23.505,3423.98428395
2024-06-26,23.482,24.01,23.271,23.717,2959.81485071
2024-06-27,23.616,24.382,23.174,24.096,1103.70474537
2024-06-28,24.065,24.416,23.401,23.411,1010.8974631
2024-06-29,23.475,23.787,23.118,23.151,924.64173073
2024-06-30,23.13,23.906,22.746,23.739,441.41598414
2024-07-01,23.714,24.062,23.177,23.205,1797.12366846
2024-07-02,23.187,23.437,22.984,23.306,474.32914648
2024-07-03,23.292,23.333,22.333,22.573,412.71301397
2024-07-04,22.62,22.652,20.696,20.861,4760.79311884
2024-07-05,20.852,20.852,18.222,20.306,13041.79906587
2024-07-06,20.261,21.315,20.087,21.234,2554.79623571
2024-07-07,21.196,21.225,19.702,19.702,2055.55311334
2024-07-08,19.841,21.08,19.0,20.447,4742.19400053
2024-07-09,20.378,21.024,20.325,20.675,1048.36462592
2024-07-10,20.63,21.216,20.526,21.065,1056.56866559
2024-07-11,21.009,21.7,20.621,20.717,5354.72727931
2024-07-12,20.723,21.759,20.574,21.535,729.3140544
2024-07-13,21.53,22.565,21.48,22.467,11569.21705846
2024-07-14,22.521,22.748,22.206,22.64,6834.97718157
2024-07-15,22.574,23.97,22.574,23.951,1357.81441202
2024-07-16,23.997,24.0,22.807,23.627,2617.61328107
2024-07-17,23.68,23.921,22.923,23.027,825.9255805
2024-07-18,23.11,23.45,22.548,23.029,3067.35904718
2024-07-19,23.022,23.691,22.594,23.647,537.71763243
2024-07-20,23.694,24.262,23.421,23.954,3745.24789628
2024-07-21,23.937,24.389,22.997,24.188,889.82531971
2024-07-22,24.221,24.31,23.147,23.469,1291.44400711
2024-07-23,23.605,25.14,23.491,24.14,4270.50634453
2024-07-24,24.11,24.142,22.629,22.911,2761.94797888
2024-07-25,22.845,22.921,21.348,22.133,8408.98501233
2024-07-26,22.088,23.005,22.088,22.954,1635.4164002
2024-07-27,22.914,23.305,22.736,22.94,481.96388799
2024-07-28,22.852,22.956,22.428,22.663,1085.09568221
2024-07-29,22.704,23.565,22.633,22.918,5691.86464876
2024-07-30,22.835,23.05,22.119,22.284,1467.2898431400001
2024-07-31,22.235,22.539,21.705,21.807,640.10120095
2024-08-01,21.895,22.097,20.499,21.552,3787.92239691
2024-08-02,21.61,21.61,20.1,20.202,1255.52732127
2024-08-03,20.305,20.604,19.175,19.719,1710.56944446
2024-08-04,19.653,19.886,18.38,18.933,38251.51767356
2024-08-05,18.976,19.023,15.697,17.701,16463.04499198
2024-08-06,17.814,18.626,17.814,18.137,5843.92011793
2024-08-07,18.2,18.547,17.754,18.136,2567.57862923
2024-08-08,18.203,20.0,17.934,19.823,20644.05105736
2024-08-09,19.851,19.894,18.98,19.387,3070.38021218
2024-08-10,19.424,19.58,19.299,19.378,156.11232912
2024-08-11,19.394,19.659,18.394,18.421,660.681961
2024-08-12,18.448,19.31,18.275,19.232,13026.2626389
2024-08-13,19.186,19.324,18.787,19.17,1263.7433202
2024-08-14,19.218,19.311,18.6,18.845,2626.95191784
2024-08-15,18.884,19.182,18.329,18.59,1034.27599199
2024-08-16,18.547,18.9,18.418,18.795,226.99247509
2024-08-17,18.764,18.961,18.627,18.807,349.03130913
2024-08-18,18.812,19.234,18.6,18.619,1280.53926375
2024-08-19,18.605,19.068,18.605,18.965,535.56763741
2024-08-20,18.969,19.42,18.691,18.936,1239.27931551
2024-08-21,18.902,19.647,18.825,19.514,3665.92683579
2024-08-22,19.541,19.623,19.337,19.517,2758.58211388
2024-08-23,19.565,20.873,19.538,20.637,8373.09360091
2024-08-24,20.635,21.0,20.406,20.667,2294.30770713
2024-08-25,20.644,20.66,19.887,20.138,2756.89627873
2024-08-26,20.232,20.275,19.456,19.503,3730.90374429
2024-08-27,19.535,19.631,17.846,18.338,10268.51910136
2024-08-28,18.326,19.113,18.138,18.627,2914.52426784
2024-08-29,18.661,18.965,18.348,18.504,1040.93065841
2024-08-30,18.473,18.662,17.97,18.63,534.645273
2024-08-31,18.63,18.664,18.291,18.437,62.07645829
2024-09-01,18.412,18.412,17.519,17.699,5027.20138389
2024-09-02,17.644,18.451,17.581,18.314,358.92529764
2024-09-03,18.288,18.423,17.681,17.684,1279.6017865000001
2024-09-04,17.738,18.281,16.976,18.089,1966.36431248
2024-09-05,18.116,18.177,17.49,17.64,4626.91589657
2024-09-06,17.661,17.875,16.895,17.347,1659.90088404
2024-09-07,17.393,17.776,17.317,17.676,1275.38080204
2024-09-08,17.636,18.038,17.605,17.996,155.63450562
2024-09-09,18.022,18.63,17.867,18.406,1761.84292253
2024-09-10,18.321,18.717,18.189,18.655,4149.45316895
2024-09-11,18.59,18.62,17.995,18.505,404.72801592999997
2024-09-12,18.51,18.667,18.372,18.616,592.8191445699999
2024-09-13,18.606,18.942,18.292,18.887,1141.32338224
2024-09-14,18.914,18.914,18.505,18.649,1727.80068112
2024-09-15,18.646,18.686,17.725,17.864,1730.72086964
2024-09-16,17.802,17.919,17.533,17.784,320.2305068
2024-09-17,17.759,18.235,17.678,17.996,5360.22639168
2024-09-18,18.043,18.335,17.541,18.335,998.43297595
2024-09-19,18.401,19.187,18.401,18.817,15750.7845051
2024-09-20,18.791,19.3,18.623,18.971,6572.43733475
2024-09-21,19.011,19.484,18.887,19.414,1922.05882171
2024-09-22,19.414,19.485,18.488,18.95,1638.52145078
2024-09-23,18.892,19.433,18.68,19.145,1791.16801145
2024-09-24,19.169,19.533,18.881,19.461,4664.23577969
2024-09-25,19.469,19.829,19.289,19.325,3064.04177928
2024-09-26,19.376,20.368,19.105,20.349,4057.79643622
2024-09-27,20.361,21.092,20.3,20.891,2752.9630737
2024-09-28,20.856,20.96,20.294,20.591,10050.72831731
2024-09-29,20.62,20.721,20.227,20.462,3050.2723635400002
2024-09-30,20.515,20.515,19.314,19.508,7873.13296542
2024-10-01,19.464,19.86,18.061,18.568,39124.259644750004
2024-10-02,18.518,18.747,17.791,17.979,18216.43045334
2024-10-03,17.945,18.65,17.945,18.552,5018.41136351
2024-10-04,18.611,18.968,18.386,18.846,2002.68345352
2024-10-05,18.86,18.894,18.388,18.575,338.82148659
2024-10-06,18.539,18.885,18.466,18.757,2610.27277
2024-10-07,18.788,19.186,18.562,18.562,6465.44341881
2024-10-08,18.646,18.846,18.217,18.372,3714.00811664
2024-10-09,18.404,18.523,17.934,18.149,1340.12231767
2024-10-10,18.131,18.377,17.888,18.208,793.16801516
2024-10-11,18.19,18.75,18.188,18.596,3237.47279584
2024-10-12,18.597,18.958,18.495,18.812,1550.02908508
2024-10-13,18.842,18.879,18.297,18.575,2209.59501211
2024-10-14,18.532,19.634,18.435,19.523,4812.09338722
2024-10-15,19.496,19.746,18.732,19.399,587.84199053
2024-10-16,19.343,19.733,19.214,19.37,1709.72317241
2024-10-17,19.413,19.582,18.773,19.039,1764.99428378
2024-10-18,19.074,19.373,19.006,19.334,310.7158879
2024-10-19,19.368,19.904,19.197,19.889,2088.73409646
2024-10-20,19.894,20.292,19.589,20.201,3092.87466462
2024-10-21,20.178,20.25,19.371,19.407,1537.87676715
2024-10-22,19.474,19.511,18.9,19.058,381.36614667000003
2024-10-23,19.0,19.0,18.225,18.644,721.735986
2024-10-24,18.629,19.03,18.396,18.865,681.98641895
2024-10-25,18.9,19.411,17.612,18.239,11588.17116808
2024-10-26,18.138,18.498,18.007,18.215,1940.13461507
2024-10-27,18.18,18.55,18.059,18.402,1523.08189258
2024-10-28,18.409,19.121,18.162,19.026,1497.88437067
2024-10-29,18.994,19.541,18.994,19.408,1206.77269738
2024-10-30,19.416,19.838,19.178,19.539,7693.54929611
2024-10-31,19.514,19.514,18.448,18.604,599.37687975
2024-11-01,18.63,18.893,18.181,18.491,1506.6978331
2024-11-02,18.485,18.62,17.986,18.115,4020.01831389
2024-11-03,18.144,18.144,17.408,17.809,5069.97667242
2024-11-04,17.788,17.973,17.286,17.597,658.500405
2024-11-05,17.637,18.325,17.609,18.245,2452.65357031
2024-11-06,18.25,19.734,18.25,19.682,9237.75907934
2024-11-07,19.59,20.69,19.53,20.255,8608.00365715
2024-11-08,20.358,20.532,19.83,20.459,5786.75378649
2024-11-09,20.462,22.163,20.16,21.753,11244.10027269
2024-11-10,21.603,24.092,21.274,23.1,26975.19211863
2024-11-11,23.017,24.439,22.257,24.279,28898.4625568
2024-11-12,23.735,24.563,21.884,22.741,13381.22921734
2024-11-13,22.958,22.983,21.149,22.095,8563.07949123
2024-11-14,22.065,22.736,21.389,21.818,2685.72818279
2024-11-15,21.871,23.5,21.579,22.996,5488.79508303
2024-11-16,22.952,28.674,22.855,26.746,87020.11939764999
2024-11-17,26.812,30.136,25.194,25.834,30675.05660826
2024-11-18,25.862,27.377,25.645,27.075,37001.0248903
2024-11-19,27.286,27.616,25.494,26.122,24442.04044783
2024-11-20,26.11,26.637,24.7,25.423,11780.19496259
2024-11-21,25.634,28.729,24.665,27.399,36851.58091111
2024-11-22,27.594,28.604,26.801,28.451,24972.3550641
2024-11-23,28.379,31.303,28.325,29.572,37605.58227198
2024-11-24,29.594,30.558,27.15,28.835,21500.88698603
2024-11-25,28.597,31.976,27.757,29.953,23959.319542330002
2024-11-26,29.911,30.356,27.469,28.328,6270.21027322
2024-11-27,28.273,33.3,28.012,32.952,12256.66736684
2024-11-28,32.833,33.536,31.428,31.993,4884.64596289
2024-11-29,31.795,32.379,31.149,31.998,6255.32021648
2024-11-30,31.899,34.039,31.673,32.771,36378.13053662
2024-12-01,32.735,33.674,31.708,33.248,18052.91218898
2024-12-02,33.6,34.6,31.225,33.913,39068.03956517
2024-12-03,33.807,35.381,30.987,34.572,122681.87031718
2024-12-04,34.761,38.999,34.578,37.734,38494.658950130004
2024-12-05,37.507,38.11,34.346,35.55,27855.9126793
2024-12-06,35.613,39.95,34.351,38.382,26961.75413548
2024-12-07,38.42,38.647,36.801,37.298,9153.90885418
2024-12-08,37.24,37.65,35.838,37.294,12107.13547701
2024-12-09,37.103,37.103,28.0,31.457,69985.84571562
2024-12-10,31.361,32.212,27.995,30.2,35797.38332042
2024-12-11,30.214,34.083,28.959,33.557,18317.40649011
2024-12-12,33.539,35.24,33.252,33.739,13334.12078745
2024-12-13,33.786,34.82,33.1,34.004,10568.70780784
2024-12-14,33.996,34.228,31.91,32.555,3509.8097503
2024-12-15,32.482,33.913,32.214,33.715,4014.5126144
2024-12-16,33.786,35.1,32.116,33.205,8206.27146603
2024-12-17,33.187,33.939,32.04,32.331,2584.77037592
2024-12-18,32.373,32.557,29.184,29.342,9405.49821451
2024-12-19,29.216,29.937,26.0,26.94,25838.38650206
2024-12-20,26.654,27.627,23.53,27.481,25121.18759201
2024-12-21,27.464,28.48,25.683,26.032,4637.63667171
2024-12-22,25.86,26.663,25.284,25.907,3162.86498949
2024-12-23,25.875,27.89,25.45,27.487,5525.58374163
2024-12-24,27.413,28.377,26.8,27.995,10112.63696277
2024-12-25,27.868,28.175,26.909,27.323,3162.81330919
2024-12-26,27.288,27.471,25.54,25.882,1775.53729436
2024-12-27,25.809,27.1,25.807,25.999,1239.97501071
2024-12-28,26.053,26.828,25.785,26.642,587.23500626
2024-12-29,26.525,26.701,25.308,25.581,430.95623588
2024-12-30,25.407,26.394,24.833,25.444,4453.91297543
2024-12-31,25.358,26.021,24.834,25.077,1786.58044006
2025-01-01,25.314,26.095,24.719,25.81,7931.20753636
2025-01-02,25.831,27.077,25.826,26.896,25472.94537739
2025-01-03,27.019,28.527,26.656,28.449,20951.40011764
2025-01-04,28.498,28.853,27.923,28.415,3762.06644762
2025-01-05,28.507,28.567,27.476,28.202,1096.47818275
2025-01-06,28.25,29.28,27.761,28.677,4589.16610637
2025-01-07,28.627,28.801,25.811,25.883,7476.52399955
2025-01-08,25.836,26.331,24.285,25.202,18395.82998593
2025-01-09,25.397,25.612,24.372,24.852,8311.99938374
2025-01-10,24.927,25.902,24.9,25.706,18675.52484508
2025-01-11,25.723,25.906,25.176,25.597,12770.60835274
2025-01-12,25.542,25.74,25.053,25.246,15251.99801903
2025-01-13,25.308,25.825,22.9,24.578,31790.43090095
2025-01-14,24.606,25.524,24.505,25.524,12360.53907592
2025-01-15,25.518,27.185,24.936,27.124,1823.70316949
2025-01-16,27.199,27.318,26.023,26.676,2582.28815184
2025-01-17,26.735,28.62,26.735,28.238,9683.77447268
2025-01-18,28.303,28.432,26.376,26.988,1884.45222054
2025-01-19,26.855,28.094,25.0,25.422,9520.0990149
2025-01-20,25.446,27.95,24.734,25.808,7701.64375962
2025-01-21,25.8,27.815,25.073,27.105,3508.94683395
2025-01-22,27.139,27.591,26.54,26.885,981.8011507
2025-01-23,26.83,29.171,26.602,29.05,8335.05478491
2025-01-24,29.116,29.211,27.27,27.342,2378.60248652
2025-01-25,27.383,27.513,26.652,26.988,1572.6318855
2025-01-26,26.882,27.077,26.097,26.263,1099.48489556
2025-01-27,26.075,26.619,24.616,25.976,15410.35428681
2025-01-28,25.897,26.244,24.736,24.787,2620.39793729
2025-01-29,25.156,26.016,24.863,25.532,3917.47515358
2025-01-30,25.506,26.651,25.401,26.275,2150.04470964
2025-01-31,26.176,27.744,25.933,26.804,3781.48243255
2025-02-01,26.761,27.394,24.819,24.989,1799.82607577
2025-02-02,24.952,25.349,21.474,22.439,28506.82305787
2025-02-03,22.42,22.448,17.102,21.987,64631.33335395
2025-02-04,22.036,22.212,20.072,20.678,12030.8332084
2025-02-05,20.663,21.418,20.445,20.695,8735.14726952
2025-02-06,20.665,21.222,19.571,19.627,6348.89681789
2025-02-07,19.713,20.795,19.274,19.805,6093.28924158
2025-02-08,19.789,20.254,19.608,20.178,4423.92284135
2025-02-09,20.151,20.523,19.378,20.184,3069.06434317
2025-02-10,20.38,20.878,19.734,20.696,4081.04372032
2025-02-11,20.765,21.416,19.859,20.291,4106.39601666
2025-02-12,20.183,21.719,19.869,21.381,12268.36054551
2025-02-13,21.345,21.586,20.852,21.164,8355.76468973
2025-02-14,21.19,21.905,21.107,21.405,2671.20135442
2025-02-15,21.372,21.494,20.631,20.812,7210.60546206
2025-02-16,20.763,20.873,20.271,20.428,5237.41946172
2025-02-17,20.55,21.623,20.139,20.883,8503.32939077
2025-02-18,20.911,20.963,19.601,20.214,4892.69493739
2025-02-19,20.213,21.309,20.009,21.188,6923.06550885
2025-02-20,21.207,21.626,20.696,21.022,3048.07115362
2025-02-21,20.963,21.614,19.895,20.223,2976.63667002
2025-02-22,20.18,20.806,20.123,20.471,2388.76531973
2025-02-23,20.476,21.068,20.476,20.735,2631.82821382
2025-02-24,20.931,20.931,18.29,18.696,5955.19492609
2025-02-25,18.764,19.151,17.448,18.949,29358.92564582
2025-02-26,18.939,19.228,18.152,18.831,16861.0715956
2025-02-27,18.831,19.213,18.302,18.757,3563.35061679
2025-02-28,18.73,19.694,17.695,19.628,12750.0457524
2025-03-01,19.614,19.811,18.921,19.157,4057.61275608
2025-03-02,19.1,21.323,18.918,21.007,11408.86492623
2025-03-03,21.113,21.113,18.512,18.777,10325.6441723
2025-03-04,18.71,19.237,17.751,18.976,7022.01338661
2025-03-05,18.959,20.9,18.928,20.636,7368.35736748
2025-03-06,20.56,21.441,19.954,20.064,7418.35514774
2025-03-07,20.011,21.252,19.288,20.43,12327.83024355
2025-03-08,20.402,20.663,19.582,20.285,4244.28372
2025-03-09,20.351,20.552,17.726,17.961,10690.05757052
2025-03-10,17.966,18.8,16.778,16.967,15481.08784697
2025-03-11,17.029,18.21,15.958,17.879,15530.41795316
2025-03-12,17.909,18.383,17.355,18.025,4898.42246665
2025-03-13,17.958,18.204,17.434,17.96,1808.74084447
2025-03-14,17.93,18.523,17.897,18.053,4793.27100547
2025-03-15,18.085,18.291,17.887,18.0,1002.58892351
2025-03-16,17.969,18.07,17.236,17.508,2307.50803902
2025-03-17,17.482,18.16,17.482,17.927,2599.29560442
2025-03-18,17.825,17.829,17.303,17.735,1397.87618715
2025-03-19,17.754,18.622,17.747,18.597,4418.09523366
2025-03-20,18.603,18.618,17.6,17.85,921.50626307
2025-03-21,17.912,17.992,17.582,17.738,1290.33436574
2025-03-22,17.813,18.004,17.642,17.642,2028.03643021
2025-03-23,17.649,17.823,17.565,17.628,641.74180521
2025-03-24,17.888,18.412,17.677,18.334,2796.53102342
2025-03-25,18.315,18.713,18.057,18.464,2448.26759632
2025-03-26,18.453,18.691,17.808,18.008,1150.15094482
2025-03-27,18.11,18.327,17.736,17.804,780.31069452
2025-03-28,17.817,17.879,16.889,17.177,2059.55582002
2025-03-29,17.238,17.299,16.402,16.502,14805.5723271
2025-03-30,16.607,16.855,16.293,16.465,14021.74927549
2025-03-31,16.508,16.96,16.277,16.806,21337.87864374
2025-04-01,16.785,17.275,16.697,16.876,1898.36805835
2025-04-02,16.695,17.367,15.786,16.069,54051.63000137
2025-04-03,16.081,16.912,15.572,16.231,8870.66513098
2025-04-04,16.274,16.461,15.851,16.245,4503.7202201
2025-04-05,16.212,16.365,15.708,15.886,1085.99980645
2025-04-06,15.883,15.987,13.897,14.125,25842.10964703
2025-04-07,14.134,14.829,12.722,14.549,33245.8658417
2025-04-08,14.465,14.952,14.005,14.071,5554.17334999
2025-04-09,14.126,15.523,13.591,15.293,7327.3003087
2025-04-10,15.286,15.287,14.24,14.79,4882.61399288
2025-04-11,14.815,15.231,14.743,15.182,5115.3791063
2025-04-12,15.041,15.786,15.041,15.528,3395.66580951
2025-04-13,15.523,15.729,15.008,15.232,1815.97994802
2025-04-14,15.383,15.804,15.182,15.217,2362.89388053
2025-04-15,15.235,15.335,14.815,14.906,3999.7681975
2025-04-16,14.922,15.082,14.567,14.93,3556.2838364100003
2025-04-17,14.839,15.162,14.719,15.036,2605.28859688
2025-04-18,15.008,15.514,14.984,15.185,622.73691453
2025-04-19,15.38,16.499,15.153,15.972,5023.58573895
2025-04-20,15.932,16.064,15.471,16.016,1113.86478136
2025-04-21,15.872,16.3,15.539,15.604,562.4348059499999
2025-04-22,15.406,16.751,15.348,16.671,2499.85251368
2025-04-23,16.45,17.046,16.45,16.788,5511.34006799
2025-04-24,16.723,16.814,16.163,16.741,559.0116328
2025-04-25,16.742,17.417,16.574,17.3,5153.4278197
2025-04-26,17.226,17.5,16.896,17.099,2023.73368656
2025-04-27,17.152,17.66,16.567,16.572,2666.16487416
2025-04-28,16.526,17.122,16.1,17.006,1451.89698621
2025-04-29,17.04,17.56,16.665,16.753,2387.32498784
2025-04-30,16.84,16.859,16.239,16.712,1807.56833157
2025-05-01,16.748,17.088,16.511,16.902,362.45191411
2025-05-02,16.911,17.242,16.911,17.196,1420.13944466
2025-05-03,17.22,17.22,16.444,16.616,381.61569189
2025-05-04,16.645,16.765,15.937,16.002,4788.16533359
2025-05-05,16.072,16.26,15.826,16.131,1622.39205765
2025-05-06,15.957,16.307,15.65,16.258,587.53366032
2025-05-07,16.257,16.445,15.864,16.184,710.25234854
2025-05-08,16.496,18.662,16.496,18.619,7143.75567064
2025-05-09,18.477,19.654,18.402,19.082,3987.49443061
2025-05-10,19.262,20.789,18.948,20.681,4385.08281716
2025-05-11,20.656,20.767,19.497,20.002,2268.14077487
2025-05-12,19.985,20.828,19.197,19.779,5616.7800535999995
2025-05-13,19.799,20.961,18.996,20.698,3926.49645841
2025-05-14,20.395,20.948,19.71,19.86,1365.84671345
2025-05-15,19.861,20.081,18.513,18.911,4382.17279207
2025-05-16,18.956,19.362,18.531,18.698,5005.19612278
2025-05-17,18.728,18.746,17.899,18.117,10214.40427389
2025-05-18,18.097,19.096,17.492,18.789,10568.36818186
2025-05-19,18.635,18.739,17.411,18.529,6517.34108832
2025-05-20,18.591,18.779,17.892,18.389,2482.1430262
2025-05-21,18.341,19.25,18.166,19.09,4279.40882691
2025-05-22,18.987,19.814,18.987,19.691,1443.7153232
2025-05-23,19.604,20.058,18.393,18.452,2302.70067023
2025-05-24,18.415,18.757,18.274,18.334,2178.89666868
2025-05-25,18.39,18.405,17.812,18.322,3295.23745517
2025-05-26,18.257,18.678,18.095,18.32,978.01229804
2025-05-27,18.247,18.947,17.957,18.651,1285.89142699
2025-05-28,18.618,18.785,17.997,18.432,307.55544369
2025-05-29,18.46,19.197,18.037,18.1,1357.3122998000001
2025-05-30,18.186,18.209,16.874,17.037,5831.46452109
2025-05-31,16.961,17.105,16.439,16.934,2036.05974447
2025-06-01,16.911,17.177,16.634,17.114,3199.4495756
2025-06-02,17.066,17.551,16.793,17.551,1726.17414339
2025-06-03,17.677,17.809,17.422,17.645,1043.40672649
2025-06-04,17.554,17.915,17.161,17.316,3944.69632543
2025-06-05,17.242,17.384,16.187,16.316,5138.30667712
2025-06-06,16.346,16.995,16.29,16.71,1521.8512842300001
2025-06-07,16.833,17.41,16.801,17.264,470.56441768
2025-06-08,17.176,17.187,16.828,16.917,4194.51923879
2025-06-09,16.95,17.888,16.638,17.882,400.42115713
2025-06-10,17.94,18.53,17.68,18.513,5285.50008098
2025-06-11,18.562,18.676,17.955,18.086,9019.89480908
2025-06-12,18.073,18.116,17.051,17.14,1837.91906445
2025-06-13,17.092,17.092,15.991,16.899,11696.47441933
2025-06-14,16.835,16.881,16.461,16.678,2918.16812352
2025-06-15,16.726,16.799,16.428,16.669,889.15670477
2025-06-16,16.63,17.555,16.531,17.066,8796.29012988
2025-06-17,16.748,17.17,16.202,16.573,469.20852225
2025-06-18,16.63,16.652,16.078,16.611,970.52175038
2025-06-19,16.661,16.78,16.421,16.737,3632.16652316
2025-06-20,16.708,16.862,15.794,16.108,811.39214983
2025-06-21,16.118,16.286,15.262,15.537,2311.35513199
2025-06-22,15.566,15.785,14.526,15.186,15212.45188272
2025-06-23,15.222,16.516,15.148,16.436,7407.33312717
2025-06-24,16.485,16.511,16.272,16.377,851.53590088
2025-06-25,16.528,16.543,16.129,16.129,271.47561478
2025-06-26,16.26,16.572,16.135,16.136,613.71887587
2025-06-27,16.1,16.278,15.912,16.155,480.34961616
2025-06-28,16.19,16.27,16.098,16.251,982.39645737
2025-06-29,16.243,17.168,16.243,16.982,3930.55443408
2025-06-30,17.019,17.019,16.438,16.773,11509.58582871
2025-07-01,16.649,16.649,15.904,15.939,407.67353575
2025-07-02,15.982,17.193,15.976,17.044,13675.76275044
2025-07-03,16.96,17.383,16.96,17.055,3157.14954838
2025-07-04,16.96,16.96,16.101,16.291,23395.82023792
2025-07-05,16.299,16.44,16.134,16.373,250.20386406
2025-07-06,16.355,16.852,16.274,16.723,513.07728173
2025-07-07,16.703,16.777,16.45,16.639,409.11885144
2025-07-08,16.726,17.282,16.388,16.954,38305.95456498
2025-07-09,16.956,17.755,16.788,17.68,15384.96583636
2025-07-10,17.677,18.518,17.498,18.5,7397.31163532
2025-07-11,18.483,18.87,17.99,18.247,4362.33255571
2025-07-12,18.128,18.5,17.735,18.107,4016.70034621
2025-07-13,18.152,18.585,18.106,18.43,329.76835765
2025-07-14,18.457,19.163,18.445,18.455,5367.59976173
2025-07-15,18.532,19.036,17.866,19.036,6802.47514815
2025-07-16,19.025,20.351,19.001,19.945,5791.72889508
2025-07-17,19.747,20.438,19.378,20.406,3540.93546516
2025-07-18,20.166,24.939,20.166,22.995,39847.89896393
2025-07-19,23.184,25.909,22.458,24.366,28229.9915357
2025-07-20,24.303,25.598,24.081,24.655,33056.85940958
2025-07-21,24.612,24.871,23.612,23.962,24175.21279581
2025-07-22,23.779,24.832,22.93,24.315,29411.26659966
2025-07-23,24.242,24.466,21.68,22.271,31165.33181975
2025-07-24,22.689,23.367,21.37,22.333,73446.86921766
2025-07-25,22.211,22.738,21.559,22.65,11461.01904234
2025-07-26,22.721,23.3,22.694,22.846,1511.92468889
2025-07-27,22.964,23.391,22.653,23.341,919.93061432
2025-07-28,23.384,23.708,21.801,21.87,10611.15766943
2025-07-29,22.051,22.421,21.477,21.914,8594.76011519
2025-07-30,21.611,21.871,20.44,21.497,37339.64772711
2025-07-31,21.501,21.886,20.581,20.597,8862.69745961
2025-08-01,20.555,20.653,19.387,19.55,63160.21487728
2025-08-02,19.789,20.041,19.055,19.212,10005.21337771
2025-08-03,19.205,20.126,18.979,19.955,7787.63384734
2025-08-04,20.19,21.0,19.931,21.0,5706.3090635
2025-08-05,20.975,21.029,19.838,20.148,6151.50996907
2025-08-06,19.948,20.452,19.8,20.36,2806.90752195
2025-08-07,20.294,21.59,20.118,21.59,34116.439183
2025-08-08,21.588,22.711,21.11,22.392,185427.44577707
2025-08-09,22.437,23.868,22.374,23.63,2575.06342276
2025-08-10,23.483,24.3,22.639,23.072,1412.28728142
2025-08-11,23.159,23.662,22.079,22.21,2854.4035609
2025-08-12,22.615,23.921,21.945,23.665,4434.70816282
2025-08-13,23.678,24.382,23.325,24.291,4432.84912041
2025-08-14,24.156,24.356,21.864,22.162,9487.6116602
2025-08-15,22.292,22.703,21.655,22.241,1723.6333119
2025-08-16,22.316,22.45,22.046,22.397,1619.68308707
2025-08-17,22.374,22.943,22.194,22.223,1179.19900447
2025-08-18,22.231,22.28,21.181,21.528,2808.22946204
2025-08-19,21.539,21.55,20.523,20.523,6746.87282579
2025-08-20,20.704,21.578,20.46,21.537,3169.27250044
2025-08-21,21.588,21.598,21.0,21.056,473.3640807
2025-08-22,20.92,25.5,20.626,24.522,22904.35850947
2025-08-23,24.612,25.0,23.844,24.271,2886.87489515
2025-08-24,24.232,24.4,23.1,23.324,10249.48580809
2025-08-25,23.281,23.281,20.95,21.094,4737.80712368
2025-08-26,21.157,21.843,21.064,21.843,3647.67977249
2025-08-27,21.529,22.052,21.415,21.51,6575.29819421
2025-08-28,21.523,21.968,21.368,21.723,705.93475831
2025-08-29,21.691,21.734,20.533,20.957,2630.46507354
2025-08-30,20.915,21.09,20.664,20.951,1317.24768383
2025-08-31,21.022,21.245,20.695,20.695,1198.87481775
2025-09-01,20.696,21.336,20.072,20.322,11314.52258262
2025-09-02,20.518,20.845,20.322,20.838,887.11300884
2025-09-03,20.773,21.175,20.662,20.88,1175.44427852
2025-09-04,20.902,20.936,20.021,20.244,1123.31825246
2025-09-05,20.245,20.912,20.232,20.354,6561.8666251
2025-09-06,20.387,20.387,20.103,20.182,229.80856258
2025-09-07,20.189,20.522,20.189,20.469,161.31101992
2025-09-08,20.547,21.044,20.514,20.724,924.2330353
2025-09-09,20.774,21.119,20.351,20.452,2652.50717709
2025-09-10,20.413,21.079,20.413,20.873,1975.60988264
2025-09-11,20.943,21.501,20.791,21.396,8357.12050147
2025-09-12,21.6,22.0,21.225,21.878,3515.77309282
2025-09-13,21.996,22.452,21.729,22.008,5760.2541041
2025-09-14,21.989,21.989,20.975,21.201,3434.7515735
2025-09-15,21.169,21.429,20.238,20.359,4337.19974089
2025-09-16,20.34,20.629,20.132,20.552,3003.34251047
2025-09-17,20.53,21.017,20.103,20.924,10622.80190222
2025-09-18,20.96,21.175,20.691,21.025,533.9951957
2025-09-19,21.025,21.209,20.064,20.066,1213.76727771
2025-09-20,20.249,20.467,20.144,20.175,1343.65680161
2025-09-21,20.239,20.323,19.809,19.889,6653.53772272
2025-09-22,19.861,19.861,17.777,18.706,32551.6641797
2025-09-23,18.762,19.111,18.451,18.828,1315.69458872
2025-09-24,18.825,19.136,18.443,18.594,2927.06917523
2025-09-25,18.675,18.675,17.612,17.832,3803.40871616
2025-09-26,18.198,18.571,17.758,18.45,304.02373309
2025-09-27,18.246,18.375,18.157,18.19,69.36703556
2025-09-28,18.204,18.571,17.925,18.571,547.04453595
2025-09-29,18.535,18.739,18.243,18.721,253.13654947999999
2025-09-30,18.664,18.675,18.088,18.541,481.36140905999997
2025-10-01,18.429,19.656,18.225,19.56,8309.13853701
2025-10-02,19.573,20.1,19.427,19.998,14479.74825456
2025-10-03,20.067,20.2,19.476,19.942,2443.00721752
2025-10-04,19.961,19.961,19.204,19.446,1036.09359169
2025-10-05,19.419,20.3,19.344,19.466,1209.97435519
2025-10-06,19.419,20.2,19.32,20.055,1625.7960632900001
2025-10-07,19.998,20.103,18.969,19.011,1636.20608299
2025-10-08,19.071,19.794,18.95,19.642,5075.71925297
2025-10-09,19.632,19.632,18.703,19.179,11289.4791229
2025-10-10,19.192,20.655,7.164,14.3,106787.09232511
2025-10-11,14.752,15.751,13.96,15.174,384091.97294229
2025-10-12,15.166,17.0,14.825,16.636,8750.404691990001
2025-10-13,16.719,17.8,16.566,17.536,10345.34048932
2025-10-14,17.53,17.617,16.07,16.936,30710.669751460002
2025-10-15,16.958,17.17,16.222,16.265,2017.86121299
2025-10-16,16.33,16.512,15.711,15.751,6118.18663372
2025-10-17,16.017,16.017,14.876,15.371,3451.57382517
2025-10-18,15.36,15.653,15.317,15.481,905.48738213
2025-10-19,15.491,15.969,15.232,15.764,4094.44789528
2025-10-20,15.726,16.251,15.56,16.052,1908.27665118
2025-10-21,16.024,16.633,15.576,15.725,5410.36966307
2025-10-22,15.722,15.825,15.059,15.363,1956.8413435700002
2025-10-23,15.48,15.929,15.458,15.659,172.91383841
2025-10-24,15.681,16.163,15.68,15.974,674.8107479500001
2025-10-25,16.008,16.069,15.858,16.024,9.30740085
2025-10-26,15.983,16.828,15.897,16.698,5349.50838884
2025-10-27,16.684,16.87,16.403,16.626,2333.3190618
2025-10-28,16.515,16.577,15.797,15.893,325.83481713000003
2025-10-29,15.936,16.483,15.864,16.287,8723.2682507
2025-10-30,16.175,16.175,14.816,15.413,1161.49402417
2025-10-31,15.401,16.098,15.377,15.991,1675.4402757
2025-11-01,15.85,16.518,15.85,16.306,3828.90933335
2025-11-02,16.3,16.736,15.979,16.396,933.31864836
2025-11-03,16.349,16.349,14.404,14.989,11307.35305548
2025-11-04,15.034,15.342,13.565,14.348,11284.43529123
2025-11-05,14.3,14.686,13.616,14.656,1173.75037778
2025-11-06,14.602,14.7,14.014,14.539,3203.84998587
2025-11-07,14.633,19.514,14.619,17.829,59150.892349890004
2025-11-08,18.037,18.382,16.147,16.44,33730.56752762
2025-11-09,16.465,16.465,15.802,16.16,9809.24875523
2025-11-10,16.093,16.729,15.976,16.519,3742.98759485
2025-11-11,16.534,16.733,15.618,15.727,1529.52176237
2025-11-12,15.716,16.022,15.111,15.293,3380.42620808
2025-11-13,15.336,15.793,14.797,15.155,8437.59153492
2025-11-14,15.031,15.138,14.432,14.684,6977.08965454
2025-11-15,15.123,15.797,15.09,15.285,2580.3230109
2025-11-16,15.172,15.365,14.3,14.892,1308.8343638000001
2025-11-17,14.817,15.15,14.115,14.325,4741.46659102
2025-11-18,14.32,14.872,14.141,14.7,2621.5939284
2025-11-19,14.636,14.636,13.7,14.178,1530.92614632
2025-11-20,14.144,14.533,13.453,13.606,4136.35974865
2025-11-21,13.516,13.663,12.444,13.569,18806.56706049
2025-11-22,13.675,13.741,13.293,13.578,524.06584259
2025-11-23,13.481,13.787,13.478,13.589,5839.50686377
2025-11-24,13.542,14.344,13.447,14.197,779.18669763
2025-11-25,14.191,14.219,13.711,14.167,634.21831168
2025-11-26,14.156,14.183,13.624,14.16,241.25780039
2025-11-27,14.104,14.162,13.838,13.913,570.05899067
2025-11-28,13.862,14.054,13.653,13.841,217.13722723
2025-11-29,13.911,13.911,13.569,13.763,261.02630763
2025-11-30,13.772,13.995,13.66,13.753,68.43333667
2025-12-01,13.658,13.658,12.699,12.986,2763.81369989
2025-12-02,12.976,13.844,12.892,13.653,1403.95397455
2025-12-03,13.733,14.334,13.685,14.202,1096.18661441
2025-12-04,14.233,14.301,13.606,13.776,2243.90431672
2025-12-05,13.877,13.89,13.0,13.15,741.18457421
2025-12-06,13.17,13.486,13.17,13.319,313.58466152
2025-12-07,13.334,13.443,12.839,13.105,1226.13995553
2025-12-08,13.118,13.585,13.118,13.437,2023.02245416
2025-12-09,13.396,14.235,13.343,13.921,1708.54377808
2025-12-10,13.79,14.242,13.671,13.682,852.86291196
2025-12-11,13.679,13.679,12.979,13.261,2226.56637591
2025-12-12,13.228,13.27,12.663,12.932,444.76507971
2025-12-13,12.976,13.205,12.947,13.189,304.95760921
2025-12-14,13.198,13.223,12.696,12.696,264.1456695
2025-12-15,12.879,13.213,12.115,12.346,3310.43355197
2025-12-16,12.305,12.95,12.067,12.631,571.63494163
2025-12-17,12.682,12.768,11.921,12.028,1552.76123577
2025-12-18,12.051,12.417,11.47,11.686,2644.39883398
2025-12-19,11.639,12.52,11.54,12.409,2363.57255878
2025-12-20,12.346,12.518,12.31,12.399,244.54442493
2025-12-21,12.223,12.306,12.011,12.216,498.35330486
2025-12-22,12.27,12.464,12.131,12.226,493.24019332
2025-12-23,12.252,12.318,11.906,12.025,1341.94951008
2025-12-24,12.055,12.096,11.79,12.054,736.58403312
2025-12-25,12.088,12.088,11.709,11.722,1442.5009295
2025-12-26,11.655,11.955,11.556,11.756,3362.27958205
2025-12-27,11.739,12.256,11.664,12.256,1319.28186848
2025-12-28,12.215,12.284,12.018,12.108,668.10774238
2025-12-29,12.336,12.447,11.873,11.955,455.71852294999997
2025-12-30,11.934,12.038,11.846,11.894,947.94316199
2025-12-31,11.858,11.949,11.33,11.498,1530.46723113
2026-01-01,11.499,12.134,11.446,12.063,2428.28825612
2026-01-02,12.055,12.586,11.884,12.509,7068.7460664
2026-01-03,12.55,12.619,12.345,12.543,2893.86643361
2026-01-04,12.554,12.918,12.554,12.792,5818.44247996
2026-01-05,12.809,13.373,12.799,13.331,4403.93038213
2026-01-06,13.272,13.521,12.8,13.338,3339.8042846099997
2026-01-07,13.114,13.261,12.685,12.911,3355.33338604
2026-01-08,12.785,12.953,12.427,12.619,2693.29105452
2026-01-09,12.56,12.907,12.489,12.619,2283.08365315
2026-01-10,12.593,12.693,12.503,12.527,55.21747585
2026-01-11,12.542,12.587,12.207,12.338,1195.99056274
2026-01-12,12.388,12.688,12.105,12.244,12337.68825364
2026-01-13,12.178,13.443,12.178,13.273,9777.51324393
2026-01-14,13.325,13.433,13.075,13.166,5511.4140955
2026-01-15,13.135,13.135,12.463,12.632,2415.52329403
2026-01-16,12.65,12.842,12.288,12.788,1424.46994818
2026-01-17,12.729,13.18,12.685,12.874,2155.48358837
2026-01-18,12.932,12.932,12.233,12.233,1072.65965776
2026-01-19,12.221,12.221,11.144,11.992,8536.8378314
2026-01-20,12.002,12.056,11.323,11.541,1448.83580902
2026-01-21,11.595,11.882,11.489,11.673,1205.01854951
2026-01-22,11.7,11.822,11.425,11.581,717.62265568
2026-01-23,11.586,11.84,11.504,11.651,977.5931211
2026-01-24,11.654,11.719,11.545,11.6,1011.96554286
2026-01-25,11.587,11.593,11.002,11.167,4405.78349188
2026-01-26,11.17,11.451,11.17,11.401,1244.69959364
2026-01-27,11.408,11.616,11.21,11.603,321.09535617
2026-01-28,11.559,11.616,11.404,11.606,913.81003409
2026-01-29,11.611,11.611,10.612,10.782,3496.68840031
2026-01-30,10.529,10.79,10.417,10.563,803.94137517
2026-01-31,10.624,10.632,9.1,9.7483,15036.51035274
2026-02-01,9.7591,9.8989,9.3033,9.5475,1834.56206206
2026-02-02,9.5984,9.8989,9.243,9.815,2144.91553797
2026-02-03,9.6446,9.9529,9.2171,9.5682,4596.74416525
2026-02-04,9.5789,9.7847,9.1811,9.3724,2351.54877258
2026-02-05,9.3868,9.4319,8.0,8.0381,4676.81311181
2026-02-06,7.8965,9.0236,7.1874,8.857,7049.7138715500005
2026-02-07,8.735,8.8857,8.5269,8.829,798.46978544
2026-02-08,8.7819,8.7819,8.4664,8.4742,450.91353093
2026-02-09,8.4742,8.6785,8.2145,8.6629,1783.74705894
2026-02-10,8.584,8.5896,8.2611,8.3407,2219.9402626300002
2026-02-11,8.2869,8.3986,7.9677,8.1151,3453.32676195
2026-02-12,8.1524,8.4219,8.0302,8.257,3358.86889802
2026-02-13,8.185,8.6117,8.1291,8.5536,10842.22762076
2026-02-14,8.538,9.0599,8.538,9.006,5050.91044781
2026-02-15,8.959,9.1477,8.6242,8.682,11907.93967925
2026-02-16,8.7399,8.9081,8.6589,8.831,2886.55540974
2026-02-17,8.774,8.804,8.5864,8.6969,1129.898512
2026-02-18,8.6714,8.708,8.5,8.5,1073.17214794
2026-02-19,8.4538,8.4619,8.182,8.2809,937.83914436
2026-02-20,8.2891,8.6798,8.237,8.6619,1100.19446504
2026-02-21,8.8003,9.7797,8.715,9.0291,15667.10900192
2026-02-22,9.006,9.0329,8.4441,8.4898,2057.38660957
2026-02-23,8.4841,8.5055,8.1212,8.3591,1920.91009254
2026-02-24,8.398,8.4517,8.1212,8.296,512.70414081
2026-02-25,8.3579,9.6461,8.3526,9.0799,7460.4175530600005
2026-02-26,9.1919,9.22,8.6957,8.8161,579.915646
2026-02-27,8.85,9.0441,8.477,8.6184,4327.01564396
2026-02-28,8.6503,8.7383,8.1578,8.6868,14710.1335039
2026-03-01,8.5545,8.8852,8.3808,8.4849,9352.86361046
2026-03-02,8.4859,8.9293,8.4641,8.6964,8690.5888685
2026-03-03,8.6619,8.6619,8.3589,8.5269,2004.9805500300001
2026-03-04,8.4791,9.0,8.3797,8.9171,9799.00214212
2026-03-05,8.8279,8.9179,8.547,8.6532,6014.21799592
2026-03-06,8.6608,8.7019,8.1141,8.245,12315.35631873
2026-03-07,8.2358,8.2781,8.0416,8.0703,1132.29587263
2026-03-08,8.1121,8.153,7.9966,8.0253,396.88381591
2026-03-09,8.139,8.3387,8.139,8.1809,1283.15795423
2026-03-10,8.0978,8.5453,8.0978,8.2383,1874.65345784
2026-03-11,8.2184,8.4112,8.1449,8.3009,7111.30122328
2026-03-12,8.2909,8.3123,8.1125,8.2603,3964.50192448
2026-03-13,8.3838,8.8269,8.3614,8.502,3312.59894272
2026-03-14,8.4288,8.5015,8.1932,8.2608,907.95787432
2026-03-15,8.2533,8.5189,8.1936,8.4857,877.8929813
2026-03-16,8.5179,9.2084,8.4742,9.0641,13810.09863151
2026-03-17,9.0285,9.0563,8.7653,8.8919,456.59398022
2026-03-18,8.842,8.9334,8.3033,8.496,1337.7886636
2026-03-19,8.4641,8.6443,8.2548,8.3308,962.19799579
2026-03-20,8.3984,8.5115,8.327,8.3723,571.38195584
2026-03-21,8.415,8.4389,8.0941,8.0941,2318.37371378
2026-03-22,8.0931,8.2481,7.9661,8.0818,6760.4129076300005
2026-03-23,8.1121,8.7147,7.9878,8.5794,3229.02077451
2026-03-24,8.5183,8.6907,8.3554,8.64,560.02584595
2026-03-25,8.6779,8.8251,8.6394,8.6394,1716.56361689
2026-03-26,8.6739,8.6847,8.1421,8.2486,4561.68414662
2026-03-27,8.1448,8.2276,7.9707,8.0636,6183.3189069
2026-03-28,8.0489,8.2384,8.0338,8.036,1842.19145084
2026-03-29,8.0,8.077,7.8155,7.912,1593.75230442
2026-03-30,7.9231,8.3888,7.9231,8.07,1837.02702436
2026-03-31,8.0616,8.2219,8.0,8.165,7040.7483995
2026-04-01,8.1543,8.3408,8.1307,8.1939,2619.28915134
2026-04-02,8.2049,8.2049,7.8139,7.8645,6865.63131503
2026-04-03,7.8753,8.1708,7.842,8.1708,2613.25096272
2026-04-04,8.1411,9.0,8.1401,8.6739,20890.08492744
2026-04-05,8.656,8.8029,8.4076,8.73,3985.20219765
2026-04-06,8.749,8.7966,8.4048,8.405,4303.0576731
2026-04-07,8.334,8.9338,8.1144,8.834,19032.41818982
2026-04-08,8.855,8.855,8.401,8.401,6852.60032952
2026-04-09,8.3818,8.5336,8.3139,8.4911,4605.61876425
2026-04-10,8.4337,8.6469,8.4048,8.499,3841.09583455
2026-04-11,8.452,8.5767,8.3003,8.4447,1325.62551255
2026-04-12,8.3989,8.44,8.1101,8.1271,1953.27521368
2026-04-13,8.0625,8.5969,8.0625,8.5969,1392.6059493100001
2026-04-14,8.5995,8.5995,8.2732,8.314,4153.03925424
2026-04-15,8.3385,8.5161,8.2714,8.467,979.9121169800001
2026-04-16,8.4161,8.8981,8.3938,8.7615,1939.03223029
2026-04-17,8.6638,8.9219,8.5438,8.8641,2805.3262351
2026-04-18,8.754,8.816,8.4404,8.4919,825.33225383
2026-04-19,8.4461,8.5282,8.195,8.2077,1965.18346416
2026-04-20,8.3223,8.4848,8.2953,8.4029,2368.5859236
2026-04-21,8.372,8.5353,8.3,8.4038,516.04685937
2026-04-22,8.4409,8.7087,8.4409,8.4475,880.81549326
2026-04-23,8.4475,8.5609,8.341,8.5018,591.00679689
2026-04-24,8.525,8.6159,8.419,8.4934,823.9055227
2026-04-25,8.5162,8.5889,8.3961,8.409,485.52831575
2026-04-26,8.4379,8.538,8.3965,8.538,693.6521711299999
2026-04-27,8.5504,8.612,8.2431,8.3828,812.72655126
2026-04-28,8.4018,8.484,8.3203,8.3828,361.58908451
2026-04-29,8.4122,8.6041,8.1542,8.3644,1896.034599
2026-04-30,8.3627,8.4664,8.2754,8.3335,519.93670374
2026-05-01,8.3469,8.5102,8.3469,8.392,1151.306111
2026-05-02,8.4214,8.5835,8.4181,8.5201,451.2111448
2026-05-03,8.5102,8.54,8.4214,8.5102,532.89891646
2026-05-04,8.4805,8.8209,8.4509,8.729,3396.02660213
2026-05-05,8.6878,9.0613,8.6878,9.0269,3602.66197005
2026-05-06,9.0229,9.5,9.01,9.2569,5323.56652848
2026-05-07,9.2969,9.3522,9.0712,9.2157,5469.93601884
2026-05-08,9.2059,9.8815,9.1842,9.765,29016.57500912
2026-05-09,9.7467,9.9021,9.4122,9.597,5079.53750587
2026-05-10,9.5934,10.065,9.5631,9.9533,4019.19979661
2026-05-11,10.027,10.027,9.6217,9.7666,5132.1393224700005
2026-05-12,9.6805,9.7979,9.2101,9.409,1658.68388929
2026-05-13,9.4086,9.5793,9.1286,9.2708,1865.82742665
2026-05-14,9.2564,9.6935,9.131,9.4769,2321.58137019
2026-05-15,9.5106,9.524,8.8919,9.255,6573.01615089
2026-05-16,9.2482,9.2938,8.7786,9.043,3658.26361787
2026-05-17,9.0631,9.1821,8.726,8.865,2221.67352185
2026-05-18,8.83,9.0118,8.6312,8.9369,3395.52502369
2026-05-19,8.978,9.1569,8.8131,8.9694,3279.75841525
2026-05-20,8.9756,9.1441,8.8596,9.0028,4964.75411713
2026-05-21,8.9964,9.0861,8.8661,8.9825,1965.42886152
2026-05-22,8.9825,9.4879,8.7476,8.7783,9483.68591467
2026-05-23,8.766,9.1768,8.6287,9.0379,6298.53849457
2026-05-24,9.0379,9.1552,8.8162,8.9559,3307.28668187
2026-05-25,8.9251,9.1355,8.8828,8.9376,731.17125063
2026-05-26,8.9376,9.0208,8.5701,8.6485,4864.68540858
2026-05-27,8.6389,8.6999,8.41,8.4216,1994.90058099
2026-05-28,8.4216,8.4216,8.1001,8.248,5624.3997164600005
2026-05-29,8.255,8.2942,8.02,8.1849,1584.54302502
2026-05-30,8.3083,8.3643,8.2093,8.2767,759.61054154
2026-05-31,8.272,8.2783,8.0793,8.191,604.4394851
2026-06-01,8.2133,8.2199,7.9541,8.0858,4153.9709971
2026-06-02,8.0769,8.0769,7.4521,7.5959,7348.09693198
2026-06-03,7.6372,7.941,7.6372,7.718,4020.18897957
2026-06-04,7.7404,7.762,7.2,7.2231,12671.63922015
2026-06-05,7.2286,7.2895,6.5418,6.7967,30171.5774327
2026-06-06,6.8363,6.8776,6.4429,6.7659,10000.52215898
2026-06-07,6.82,7.2227,6.8108,7.1099,2660.46604073
2026-06-08,7.0959,7.2243,6.98,7.099,1191.66915514
2026-06-09,7.08,7.1,6.84,7.0004,14154.31947047
2026-06-10,7.0311,7.08,6.8014,6.9625,3411.4933325
2026-06-11,6.98,7.3709,6.98,7.2909,3049.19103404
2026-06-12,7.2587,7.32,7.1031,7.1506,290.88618807
2026-06-13,7.2,7.22,7.1023,7.1661,1034.77892674
2026-06-14,7.1609,7.2,6.94,7.1837,4451.38952236
2026-06-15,7.2189,7.6373,7.1456,7.3735,22671.480912349998
2026-06-16,7.4025,7.48,7.24,7.4022,2124.86921473
2026-06-17,7.4256,7.52,7.2,7.3,1665.88468052
2026-06-18,7.32,7.38,6.9321,7.1928,4428.27766975
2026-06-19,7.22,7.7492,7.0949,7.598,13753.82701534
2026-06-20,7.6084,7.68,7.366,7.4561,10073.65061255
2026-06-21,7.4471,7.4562,7.24,7.3173,1625.31669829
2026-06-22,7.2986,7.44,7.1207,7.1608,1139.92649712
2026-06-23,7.1662,7.2057,6.86,7.0663,2016.99003255
2026-06-24,7.08,7.16,6.6913,7.0098,2522.11532878
2026-06-25,7.04,7.18,6.72,7.0294,6678.7092725
2026-06-26,7.0392,7.3866,6.8295,7.24,6429.0787584400005
2026-06-27,7.22,7.32,7.1,7.1,468.41014735
2026-06-28,7.08,7.1097,6.9796,7.0159,948.47214219
2026-06-29,7.0461,7.1509,6.94,7.1437,2474.90231903
2026-06-30,7.04,7.0528,6.88,6.8943,1073.95835522
2026-07-01,6.8889,7.1,6.78,6.9857,6246.96658839
2026-07-02,7.0098,7.24,6.9819,7.0943,5692.92021454
2026-07-03,7.1157,7.32,7.0481,7.2474,4157.8453464
2026-07-04,7.2477,7.3942,7.14,7.2637,4059.49949297
2026-07-05,7.2355,7.2707,7.04,7.2317,2791.08168024
2026-07-06,7.1689,7.2051,6.98,7.1431,5739.61545429
2026-07-07,7.163,7.1757,6.9,6.9981,1682.13140478
2026-07-08,6.9462,6.96,6.84,6.9045,315.72417523
2026-07-09,6.9278,7.0427,6.906,7.0403,337.354483
2026-07-10,7.0403,7.1459,7.0332,7.0705,12662.17783035
2026-07-11,7.0695,7.1254,6.9285,6.9285,6337.2267003
2026-07-12,6.9261,6.9685,6.8073,6.8412,12963.01859346
2026-07-13,6.8206,7.0688,6.8192,6.8789,4255.92868329
2026-07-14,6.8908,7.1399,6.8558,7.1157,2011.1490840000001
2026-07-15,7.1151,7.2227,7.0,7.0418,2215.42146529
2026-07-16,7.0418,7.1334,6.9218,6.9218,731.16151245
2026-07-17,6.9395,7.1,6.88,7.0597,1417.01036661
2026-07-18,7.0553,7.1066,6.9721,7.0424,815.70131371
2026-07-19,7.0215,7.0533,6.8303,6.9651,1442.33382647
2026-07-20,6.9799,7.0415,6.7319,6.9221,22629.05912866
2026-07-21,6.9232,7.1,6.9022,6.9906,12023.64043623
2026-07-22,7.0022,7.0431,6.9134,6.9287,7996.94997852
2026-07-23,6.9365,6.994,6.8132,6.8432,24119.08094495
2026-07-24,6.8318,6.844,6.5095,6.5616,22320.69226021
2026-07-25,6.5627,6.7308,6.5497,6.7204,12571.16538427
2026-07-26,6.7131,7.2,6.7131,7.1011,26437.35560407
2026-07-27,7.0914,7.113,6.76,6.7967,5363.2854331
2026-07-28,6.7983,6.8,6.66,6.7621,5641.0803352
2026-07-29,6.7033,6.76,6.5937,6.6668,1872.97680326
2026-07-30,6.73,6.84,6.7071,6.8032,2574.4843665099997
2026-07-31,6.7932,6.7932,6.56,6.5777,690.22736118
2026-08-01,6.5573,6.7395,6.4043,6.5167,15047.67622886
2026-08-02,6.5306,6.6642,6.5268,6.6642,3277.22850101
