time,open,high,low,close,volume
2016-08-01,108.8,108.94,108.775,108.81,133463.0
2016-08-02,109.25,109.481,109.24,109.38,401351.0
2016-08-03,108.92,109.0,108.58,108.64,748395.0
2016-08-04,108.56,108.63,108.4211,108.46,302880.0
2016-08-05,107.79,108.2,107.65,108.03,346638.0
2016-08-08,107.97,108.02,107.892,107.98,114738.0
2016-08-09,108.11,108.36,108.11,108.28,136531.0
2016-08-10,108.91,108.97,108.73,108.9,719374.0
2016-08-11,108.69,108.92,108.51,108.53,211783.0
2016-08-12,109.11,109.16,108.72,108.72,498316.0
2016-08-15,108.92,109.13,108.92,108.98,250381.0
2016-08-16,109.62,109.93,109.57,109.89,411521.0
2016-08-17,109.81,110.23,109.53,109.92,452364.0
2016-08-18,110.19,110.725,110.15,110.72,347815.0
2016-08-19,110.24,110.37,110.19,110.32,302116.0
2016-08-22,110.19,110.36,110.121,110.28,140666.0
2016-08-23,110.34,110.38,110.11,110.11,89805.0
2016-08-24,109.72,109.77,109.54,109.68,238729.0
2016-08-25,110.01,110.02,109.8,109.88,86452.0
2016-08-26,109.99,110.46,108.94,109.01,639701.0
2016-08-29,108.72,109.01,108.72,108.98,123575.0
2016-08-30,108.69,108.69,108.44,108.52,216738.0
2016-08-31,108.39,108.75,108.38,108.65,220141.0
2016-09-01,108.47,109.12,108.43,109.1,213788.0
2016-09-02,109.17,109.26,108.61,108.66,442923.0
2016-09-06,108.75,109.69,108.67,109.47,1391474.0
2016-09-07,109.52,109.75,109.37,109.46,732424.0
2016-09-08,110.18,110.25,109.46,109.61,447620.0
2016-09-09,109.24,109.34,109.03,109.29,212953.0
2016-09-12,109.25,109.7,109.19,109.38,196818.0
2016-09-13,109.28,109.61,109.09,109.16,186266.0
2016-09-14,109.3,109.75,109.27,109.54,300499.0
2016-09-15,109.52,109.56,109.32,109.5,342518.0
2016-09-16,108.75,108.869,108.54,108.58,737803.0
2016-09-19,108.83,109.02,108.75,108.84,320187.0
2016-09-20,108.81,108.87,108.605,108.62,291078.0
2016-09-21,108.48,108.99,108.39,108.93,522064.0
2016-09-22,109.46,109.57,109.03,109.08,426132.0
2016-09-23,109.08,109.41,109.08,109.31,341564.0
2016-09-26,109.6,109.8,109.49,109.55,206880.0
2016-09-27,109.11,109.26,108.94,109.2,284984.0
2016-09-28,109.1,109.22,108.89,109.17,257583.0
2016-09-29,109.13,109.5,109.06,109.18,248284.0
2016-09-30,109.32,109.49,109.045,109.35,361931.0
2016-10-03,109.28,109.28,109.08,109.12,252279.0
2016-10-04,108.61,109.361,108.39,109.03,1553692.0
2016-10-05,109.07,109.18,108.89,109.02,635320.0
2016-10-06,108.8,108.84,108.4,108.48,497183.0
2016-10-07,108.9,108.99,108.48,108.97,228365.0
2016-10-10,108.53,108.62,108.32,108.37,113876.0
2016-10-11,107.93,107.97,107.52,107.6,406445.0
2016-10-12,107.21,107.45,107.09,107.16,284740.0
2016-10-13,107.367,107.56,107.25,107.53,207562.0
2016-10-14,107.03,107.3,106.73,106.73,382272.0
2016-10-17,107.0,107.09,106.94,107.08,520061.0
2016-10-18,106.9,106.99,106.74,106.82,282309.0
2016-10-19,106.67,106.75,106.6,106.73,192274.0
2016-10-20,106.5,106.61,106.22,106.29,249500.0
2016-10-21,105.82,105.87,105.65,105.85,1045331.0
2016-10-24,105.97,105.97,105.75,105.76,352092.0
2016-10-25,105.67,106.06,105.56,105.94,250329.0
2016-10-26,106.39,106.46,106.02,106.05,192546.0
2016-10-27,106.21,106.43,105.88,106.0,377702.0
2016-10-28,106.26,106.9,106.24,106.85,1122210.0
2016-10-31,106.49,106.785,106.38,106.75,365171.0
2016-11-01,107.25,107.65,107.21,107.52,721784.0
2016-11-02,107.85,108.19,107.67,107.89,1049962.0
2016-11-03,107.63,108.15,107.565,108.0,535026.0
2016-11-04,107.9,108.35,107.84,108.35,574096.0
2016-11-07,107.63,107.63,107.26,107.36,969201.0
2016-11-08,107.42,107.5,107.06,107.1,479947.0
2016-11-09,106.68,106.77,106.07,106.07,1183909.0
2016-11-10,105.89,106.05,105.68,105.87,755325.0
2016-11-11,105.88,105.9,105.33,105.47,789675.0
2016-11-14,104.44,104.62,104.135,104.35,1267625.0
2016-11-15,104.34,104.55,104.18,104.3,1187241.0
2016-11-16,104.1,104.18,103.71,103.85,506480.0
2016-11-17,104.13,104.1588,103.26,103.29,1028891.0
2016-11-18,103.17,103.29,102.77,102.94,1429378.0
2016-11-21,103.27,103.39,102.955,103.3,688784.0
2016-11-22,103.22,103.4,102.89,103.26,374699.0
2016-11-23,102.6,102.7,102.335,102.56,723285.0
2016-11-25,103.2,103.27,102.94,102.97,309119.0
2016-11-28,102.79,103.11,102.75,103.11,299399.0
2016-11-29,102.9,103.5,102.88,103.5,443038.0
2016-11-30,103.13,103.17,102.57,102.98,729125.0
2016-12-01,103.07,103.63,102.87,103.63,1124061.0
2016-12-02,103.54,103.78,103.43,103.62,440675.0
2016-12-05,104.17,104.911,104.14,104.61,966374.0
2016-12-06,104.3,104.44,103.97,104.16,564140.0
2016-12-07,104.37,104.63,104.35,104.6,400060.0
2016-12-08,103.47,103.75,102.9701,103.12,2036240.0
2016-12-09,102.66,102.74,102.34,102.58,606038.0
2016-12-12,103.19,103.43,102.91,103.34,469184.0
2016-12-13,103.17,103.64,103.14,103.18,186101.0
2016-12-14,103.36,103.73,101.99,102.32,1228329.0
2016-12-15,101.47,101.5,100.73,101.16,1417693.0
2016-12-16,101.2,101.74,101.06,101.47,867867.0
2016-12-19,101.32,101.5359,101.01,101.02,639074.0
2016-12-20,100.71,101.11,100.6899,100.93,380491.0
2016-12-21,101.44,101.53,101.26,101.35,357756.0
2016-12-22,101.6,101.9999,101.35,101.36,408303.0
2016-12-23,101.41,101.7,101.355,101.52,279054.0
2016-12-27,101.53,101.63,101.497,101.57,186685.0
2016-12-28,100.98,101.2,100.78,101.1,819690.0
2016-12-29,101.5,101.9111,101.49,101.87,680926.0
2016-12-30,102.34,102.73,102.22,102.26,543981.0
2017-01-03,100.98,101.32,100.46,100.93,533494.0
2017-01-04,101.45,101.98,101.4101,101.87,533794.0
2017-01-05,102.34,103.09,102.34,102.98,900409.0
2017-01-06,102.35,102.78,102.21,102.29,938873.0
2017-01-09,102.32,102.76,102.2,102.66,352564.0
2017-01-10,102.7,102.98,102.48,102.55,231525.0
2017-01-11,101.9,103.14,101.53,102.69,1288853.0
2017-01-12,103.34,103.65,103.04,103.17,519677.0
2017-01-13,103.32,103.44,102.9,103.31,666897.0
2017-01-17,103.94,104.05,103.8,103.95,871151.0
2017-01-18,103.66,103.91,103.23,103.27,842244.0
2017-01-19,103.03,103.59,102.82,103.52,1312478.0
2017-01-20,103.52,103.97,103.44,103.86,851351.0
2017-01-23,104.12,104.38,103.95,104.32,931569.0
2017-01-24,104.33,104.59,104.08,104.17,404992.0
2017-01-25,104.1,104.39,104.08,104.39,429596.0
2017-01-26,103.72,103.89,103.46,103.62,981059.0
2017-01-27,103.93,104.01,103.67,103.82,1015402.0
2017-01-30,103.3,103.95,103.3,103.81,565861.0
2017-01-31,104.59,104.93,104.51,104.81,1002008.0
2017-02-01,104.36,104.7,104.1601,104.51,743270.0
2017-02-02,104.94,105.04,104.41,104.44,368268.0
2017-02-03,104.4,104.78,104.4,104.64,542089.0
2017-02-06,104.04,104.37,103.98,104.32,375376.0
2017-02-07,103.62,103.89,103.48,103.71,463989.0
2017-02-08,103.73,103.95,103.64,103.71,359131.0
2017-02-09,103.73,103.77,103.37,103.46,746104.0
2017-02-10,102.99,103.37,102.97,103.22,461962.0
2017-02-13,103.03,103.04,102.79,102.81,331980.0
2017-02-14,102.92,103.0,102.49,102.63,545277.0
2017-02-15,102.3,102.94,102.24,102.88,467364.0
2017-02-16,103.34,103.61,103.2944,103.58,587457.0
2017-02-17,103.46,103.48,102.91,102.93,829390.0
2017-02-21,102.24,102.37,102.1299,102.29,382543.0
2017-02-22,102.04,102.59,101.85,102.5,1610219.0
2017-02-23,102.55,102.78,102.5,102.67,400196.0
2017-02-24,102.64,102.8,102.4284,102.44,323048.0
2017-02-27,102.85,103.11,102.64,102.74,778932.0
2017-02-28,102.83,103.1,102.69,102.78,521567.0
2017-03-01,102.08,102.54,102.08,102.28,588506.0
2017-03-02,101.85,102.1,101.8,101.89,365614.0
2017-03-03,102.43,102.99,102.2501,102.99,1078733.0
2017-03-06,102.83,102.88,102.58,102.63,1198336.0
2017-03-07,102.5,102.68,102.45,102.5,198957.0
2017-03-08,102.38,102.42,102.18,102.24,515804.0
2017-03-09,102.75,102.79,102.49,102.65,577475.0
2017-03-10,103.1,103.75,103.02,103.67,1628647.0
2017-03-13,103.42,103.55,103.3,103.3,805698.0
2017-03-14,103.04,103.2301,102.81,102.83,622679.0
2017-03-15,102.93,103.91,102.9,103.87,1623960.0
2017-03-16,104.07,104.4231,103.83,104.42,1171425.0
2017-03-17,104.1,104.2899,104.06,104.15,549731.0
2017-03-20,104.23,104.31,103.99,104.1832,817071.0
2017-03-21,104.76,104.89,104.68,104.83,857296.0
2017-03-22,104.73,104.95,104.62,104.67,471694.0
2017-03-23,104.54,104.61,104.4674,104.54,298181.0
2017-03-24,104.71,104.875,104.62,104.65,473559.0
2017-03-27,105.64,105.64,105.31,105.34,526956.0
2017-03-28,105.34,105.39,104.69,104.8,548236.0
2017-03-29,104.23,104.43,104.17,104.41,586842.0
2017-03-30,104.16,104.22,103.52,103.52,695690.0
2017-03-31,103.65,103.73,103.38,103.41,492580.0
2017-04-03,103.37,103.51,103.1586,103.43,284692.0
2017-04-04,103.32,103.445,103.2,103.38,242970.0
2017-04-05,103.35,103.58,103.1,103.58,1520922.0
2017-04-06,103.33,103.34,103.11,103.13,569808.0
2017-04-07,102.93,103.04,102.55,102.66,542790.0
2017-04-10,102.59,102.79,102.59,102.64,238617.0
2017-04-11,102.8,103.01,102.74,102.8,399513.0
2017-04-12,102.75,103.42,102.64,103.32,860307.0
2017-04-13,103.03,103.0436,102.83,102.89,529684.0
2017-04-17,103.16,103.38,103.06,103.12,556046.0
2017-04-18,103.62,104.04,103.53,104.02,910330.0
2017-04-19,103.87,103.9,103.69,103.84,645727.0
2017-04-20,104.29,104.4,103.82,103.84,258583.0
2017-04-21,103.68,103.76,103.5,103.71,704688.0
2017-04-24,105.3,105.35,104.99,105.32,1164744.0
2017-04-25,105.46,106.085,105.46,105.98,823246.0
2017-04-26,105.39,105.72,105.181,105.66,630950.0
2017-04-27,105.42,105.47,105.14,105.35,826642.0
2017-04-28,105.7,105.79,105.44,105.52,440753.0
2017-05-01,105.69,105.83,105.57,105.57,523767.0
2017-05-02,105.67,105.87,105.48,105.85,193758.0
2017-05-03,105.74,105.84,105.46,105.51,1090577.0
2017-05-04,105.84,106.42,105.83,106.42,804994.0
2017-05-05,106.31,106.53,106.25,106.53,898420.0
2017-05-08,105.98,106.03,105.74,105.85,824148.0
2017-05-09,105.43,105.62,105.2201,105.3,598947.0
2017-05-10,105.35,105.36,105.13,105.25,398855.0
2017-05-11,105.18,105.32,105.1653,105.2,377099.0
2017-05-12,105.72,105.87,105.6801,105.83,435974.0
2017-05-15,106.36,106.42,106.1962,106.31,371758.0
2017-05-16,107.24,107.45,107.14,107.36,761073.0
2017-05-17,107.56,108.0439,107.52,108.01,606732.0
2017-05-18,107.64,107.84,107.26,107.58,543631.0
2017-05-19,108.32,108.55,108.29,108.52,1324826.0
2017-05-22,108.88,109.06,108.725,108.82,881329.0
2017-05-23,108.79,108.92,108.21,108.26,1367107.0
2017-05-24,108.28,108.61,108.15,108.6,642731.0
2017-05-25,108.52,108.68,108.43,108.53,260012.0
2017-05-26,108.13,108.31,108.08,108.12,390638.0
2017-05-30,108.15,108.47,108.15,108.32,437506.0
2017-05-31,108.63,108.92,108.595,108.77,1150945.0
2017-06-01,108.55,108.74,108.481,108.54,436833.0
2017-06-02,109.06,109.235,108.97,109.22,946380.0
2017-06-05,108.94,109.02,108.84,108.93,354855.0
2017-06-06,109.09,109.22,109.02,109.19,195739.0
2017-06-07,108.73,109.2,108.64,109.04,675925.0
2017-06-08,108.65,108.66,108.3871,108.55,1004056.0
2017-06-09,108.13,108.425,108.13,108.34,247214.0
2017-06-12,108.57,108.57,108.33,108.45,346975.0
2017-06-13,108.44,108.58,108.31,108.45,1007714.0
2017-06-14,109.06,109.31,108.33,108.57,913735.0
2017-06-15,107.9,107.98,107.7313,107.84,956614.0
2017-06-16,108.05,108.41,108.04,108.41,1225815.0
2017-06-19,108.1,108.19,107.84,107.87,1177278.0
2017-06-20,107.85,107.92,107.6,107.67,279592.0
2017-06-21,107.75,108.08,107.75,108.04,260301.0
2017-06-22,107.96,108.0,107.79,107.9,271833.0
2017-06-23,108.191,108.45,108.18,108.36,871444.0
2017-06-26,108.45,108.52,108.12,108.15,741988.0
2017-06-27,109.19,109.82,109.08,109.82,912094.0
2017-06-28,109.66,110.2,109.64,110.14,1118375.0
2017-06-29,110.36,110.72,110.27,110.69,338920.0
2017-06-30,110.43,110.54,110.25,110.48,406736.0
2017-07-03,109.9,110.02,109.84,109.85,607258.0
2017-07-05,109.52,109.84,109.5,109.7,402445.0
2017-07-06,110.15,110.5,110.12,110.48,308192.0
2017-07-07,110.25,110.37,110.09,110.3,675345.0
2017-07-10,110.15,110.34,110.12,110.25,263800.0
2017-07-11,110.27,111.03,110.22,110.89,351257.0
2017-07-12,110.52,110.52,110.2,110.44,574508.0
2017-07-13,110.37,110.4,110.1,110.3,410412.0
2017-07-14,110.84,110.94,110.61,110.94,625648.0
2017-07-17,110.87,111.0773,110.84,111.05,387436.0
2017-07-18,111.92,112.01,111.71,111.78,639967.0
2017-07-19,111.55,111.55,111.32,111.37,492404.0
2017-07-20,111.79,112.72,111.76,112.47,1507482.0
2017-07-21,112.59,112.96,112.54,112.85,849422.0
2017-07-24,112.57,112.64,112.42,112.56,1023252.0
2017-07-25,112.95,113.13,112.58,112.62,377323.0
2017-07-26,112.57,113.52,112.39,113.35,1145193.0
2017-07-27,113.08,113.18,112.65,112.87,688553.0
2017-07-28,113.37,113.72,113.33,113.69,739991.0
2017-07-31,113.54,114.501,113.48,114.45,767629.0
2017-08-01,114.16,114.44,113.9401,114.07,762471.0
2017-08-02,114.33,115.13,114.33,114.61,818580.0
2017-08-03,114.56,114.94,114.4792,114.8,628316.0
2017-08-04,114.46,114.4928,113.38,113.85,1318578.0
2017-08-07,113.9,114.03,113.871,114.0,274120.0
2017-08-08,114.18,114.19,113.25,113.54,640113.0
2017-08-09,113.2,113.69,113.09,113.64,773977.0
2017-08-10,113.49,113.9,113.25,113.82,552225.0
2017-08-11,114.11,114.48,113.83,114.3,715171.0
2017-08-14,113.96,114.0,113.77,113.85,362683.0
2017-08-15,113.19,113.49,113.091,113.43,655865.0
2017-08-16,113.0,113.83,113.0,113.77,734798.0
2017-08-17,113.23,113.58,113.189,113.31,675641.0
2017-08-18,113.54,113.71,113.3599,113.7,773181.0
2017-08-21,113.87,114.31,113.82,114.16,933353.0
2017-08-22,113.72,113.76,113.535,113.58,709785.0
2017-08-23,114.0,114.24,113.91,114.23,564136.0
2017-08-24,113.96,114.15,113.9001,114.02,277872.0
2017-08-25,114.14,115.3899,113.89,115.26,2063941.0
2017-08-28,115.27,115.8,115.25,115.71,791529.0
2017-08-29,116.25,116.28,115.63,115.64,824215.0
2017-08-30,115.2,115.34,114.831,114.85,1107319.0
2017-08-31,114.53,115.05,114.49,115.03,641804.0
2017-09-01,114.97,115.01,114.47,114.59,488232.0
2017-09-05,114.87,115.31,114.84,115.14,428555.0
2017-09-06,115.25,115.419,115.05,115.13,944258.0
2017-09-07,116.12,116.2,115.71,116.12,1222680.0
2017-09-08,116.36,116.39,116.065,116.17,247485.0
2017-09-11,115.67,115.82,115.42,115.46,503383.0
2017-09-12,115.29,115.6272,115.29,115.58,141956.0
2017-09-13,115.45,115.46,114.68,114.75,498091.0
2017-09-14,114.68,115.1275,114.6502,114.99,260200.0
2017-09-15,115.71,115.71,115.22,115.39,850143.0
2017-09-18,115.39,115.57,115.15,115.42,305294.0
2017-09-19,115.74,115.94,115.53,115.87,335488.0
2017-09-20,115.83,116.1,114.54,114.8,997667.0
2017-09-21,115.0,115.42,115.0,115.23,297721.0
2017-09-22,115.51,115.7,115.28,115.33,250984.0
2017-09-25,114.67,114.8,114.24,114.4,348418.0
2017-09-26,113.87,114.03,113.54,113.85,1138573.0
2017-09-27,113.19,113.7,113.17,113.43,818710.0
2017-09-28,113.79,113.96,113.68,113.73,281088.0
2017-09-29,114.13,114.161,113.88,114.1,454388.0
2017-10-02,113.48,113.54,113.26,113.27,688755.0
2017-10-03,113.47,113.66,113.33,113.43,170591.0
2017-10-04,113.52,113.59,113.41,113.57,655411.0
2017-10-05,113.14,113.29,112.94,112.99,628486.0
2017-10-06,112.88,113.32,112.82,113.29,279294.0
2017-10-09,113.26,113.475,113.2,113.44,290930.0
2017-10-10,113.81,114.15,113.81,114.07,584508.0
2017-10-11,114.34,114.58,114.28,114.56,333871.0
2017-10-12,114.36,114.39,114.199,114.22,126445.0
2017-10-13,114.6,114.6133,114.001,114.07,127031.0
2017-10-16,113.91,114.06,113.77,113.79,422854.0
2017-10-17,113.37,113.62,113.27,113.56,257501.0
2017-10-18,113.55,113.91,113.5,113.82,441037.0
2017-10-19,114.21,114.42,114.13,114.27,1024037.0
2017-10-20,113.84,113.85,113.54,113.62,864301.0
2017-10-23,113.26,113.52,113.16,113.36,1059703.0
2017-10-24,113.45,113.7905,113.42,113.49,391203.0
2017-10-25,113.79,114.03,113.73,113.89,257047.0
2017-10-26,113.46,113.46,112.32,112.36,1694499.0
2017-10-27,111.9,112.14,111.69,111.92,832001.0
2017-10-30,112.0,112.47,111.97,112.47,488166.0
2017-10-31,112.28,112.46,112.18,112.38,78412.0
2017-11-01,112.03,112.32,111.98,112.09,531789.0
2017-11-02,112.27,112.73,112.27,112.5,336156.0
2017-11-03,112.39,112.4375,111.89,111.96,678960.0
2017-11-06,111.76,112.05,111.72,111.98,227308.0
2017-11-07,111.66,111.82,111.54,111.79,101460.0
2017-11-08,111.85,111.92,111.72,111.87,181291.0
2017-11-09,111.95,112.4,111.95,112.32,483505.0
2017-11-10,112.43,112.61,112.39,112.52,236383.0
2017-11-13,112.51,112.57,112.42,112.55,113399.0
2017-11-14,113.38,113.84,113.28,113.75,808928.0
2017-11-15,113.94,114.07,113.7,113.74,293846.0
2017-11-16,113.56,113.63,113.41,113.5,314938.0
2017-11-17,113.78,113.84,113.58,113.75,276888.0
2017-11-20,113.47,113.55,113.1,113.12,326185.0
2017-11-21,113.07,113.32,113.06,113.19,248300.0
2017-11-22,113.47,114.04,113.47,113.98,277554.0
2017-11-24,114.83,115.1644,114.81,114.99,406666.0
2017-11-27,115.22,115.28,114.69,114.73,222477.0
2017-11-28,114.59,114.605,114.03,114.16,250397.0
2017-11-29,114.11,114.39,114.05,114.25,131886.0
2017-11-30,114.51,115.0299,114.51,114.73,330522.0
2017-12-01,114.41,115.04,114.255,114.64,235187.0
2017-12-04,114.17,114.32,114.04,114.29,168422.0
2017-12-05,113.96,114.12,113.76,113.96,383651.0
2017-12-06,113.76,113.81,113.58,113.69,188557.0
2017-12-07,113.63,113.89,113.49,113.51,172857.0
2017-12-08,113.39,113.48,113.25,113.41,289600.0
2017-12-11,113.6,113.85,113.46,113.47,232082.0
2017-12-12,113.15,113.23,112.95,113.23,288719.0
2017-12-13,113.36,113.99,113.24,113.98,812618.0
2017-12-14,113.74,113.85,113.45,113.6,1279760.0
2017-12-15,113.56,113.59,113.27,113.28,551909.0
2017-12-18,113.75,114.04,113.48,113.55,475512.0
2017-12-19,113.88,114.175,113.76,114.11,254302.0
2017-12-20,114.19,114.66,114.14,114.48,199241.0
2017-12-21,114.31,114.46,114.239,114.43,93154.0
2017-12-22,114.21,114.27,113.97,114.24,304101.0
2017-12-26,114.35,114.45,114.28,114.31,131122.0
2017-12-27,114.66,114.74,114.54,114.59,101236.0
2017-12-28,115.07,115.23,115.0,115.07,253589.0
2017-12-29,115.49,115.85,115.49,115.61,220360.0
2018-01-02,116.09,116.2,115.865,116.2,415231.0
2018-01-03,115.85,115.91,115.625,115.71,388062.0
2018-01-04,116.2,116.44,116.19,116.29,530051.0
2018-01-05,115.87,116.09,115.8,115.97,329729.0
2018-01-08,115.34,115.42,115.2,115.27,1238775.0
2018-01-09,114.93,115.02,114.82,114.99,649910.0
2018-01-10,115.58,115.58,115.04,115.2,330009.0
2018-01-11,115.95,116.139,115.82,115.9,1441699.0
2018-01-12,116.95,117.4,116.76,117.4,1323966.0
2018-01-16,117.56,118.275,117.5,118.16,1258873.0
2018-01-17,117.72,118.34,117.6,117.65,388202.0
2018-01-18,117.94,118.1199,117.75,117.87,163372.0
2018-01-19,117.92,118.04,117.69,117.71,659699.0
2018-01-22,117.96,118.07,117.72,118.03,213997.0
2018-01-23,118.08,118.4805,118.08,118.4,465175.0
2018-01-24,119.23,119.5599,119.2,119.42,488852.0
2018-01-25,120.19,120.65,119.07,119.46,1372949.0
2018-01-26,119.6,119.87,119.47,119.59,721983.0
2018-01-29,119.0,119.3,118.8,119.22,526997.0
2018-01-30,119.84,119.87,119.23,119.35,174419.0
2018-01-31,119.91,120.09,119.2868,119.58,415049.0
2018-02-01,119.83,120.57,119.77,120.47,404602.0
2018-02-02,119.96,120.2563,119.48,120.0,272388.0
2018-02-05,119.57,119.66,119.27,119.29,530838.0
2018-02-06,118.75,119.388,118.56,119.11,215047.0
2018-02-07,118.77,118.85,117.92,118.06,315730.0
2018-02-08,118.32,118.32,117.79,117.89,225186.0
2018-02-09,117.89,118.009,117.51,117.79,119315.0
2018-02-12,117.96,118.38,117.94,118.29,300602.0
2018-02-13,118.85,119.08,118.84,118.92,200041.0
2018-02-14,118.57,119.98,118.54,119.96,515955.0
2018-02-15,120.15,120.38,119.9,120.33,178870.0
2018-02-16,119.69,119.9,119.271,119.4,330741.0
2018-02-20,118.91,118.94,118.62,118.73,387491.0
2018-02-21,118.67,118.9,118.21,118.3,467150.0
2018-02-22,118.61,118.87,118.53,118.61,218378.0
2018-02-23,118.35,118.5,118.25,118.33,145677.0
2018-02-26,118.4,118.52,118.2,118.48,190956.0
2018-02-27,118.29,118.29,117.61,117.72,270301.0
2018-02-28,117.61,117.66,117.3,117.41,157659.0
2018-03-01,117.16,118.06,116.85,117.97,560313.0
2018-03-02,118.6,118.67,118.33,118.61,216273.0
2018-03-05,118.5,118.78,118.3993,118.67,253195.0
2018-03-06,119.2,119.46,119.16,119.29,245088.0
2018-03-07,119.43,119.45,119.16,119.39,185953.0
2018-03-08,119.09,119.09,118.3039,118.46,325784.0
2018-03-09,118.3,118.63,118.28,118.39,114986.0
2018-03-12,118.3,118.73,118.2701,118.68,165446.0
2018-03-13,118.91,119.33,118.71,119.11,206633.0
2018-03-14,118.94,119.06,118.77,118.99,254786.0
2018-03-15,118.7,118.741,118.3,118.32,254601.0
2018-03-16,118.26,118.27,117.91,118.17,221193.0
2018-03-19,118.4,118.83,118.38,118.65,191800.0
2018-03-20,118.08,118.15,117.76,117.78,360115.0
2018-03-21,118.15,118.74,117.82,118.73,221458.0
2018-03-22,118.38,118.52,118.16,118.45,279931.0
2018-03-23,118.63,118.98,118.51,118.91,149695.0
2018-03-26,119.44,119.81,119.44,119.72,554980.0
2018-03-27,119.07,119.39,119.065,119.22,323500.0
2018-03-28,118.8,118.85,118.275,118.31,642382.0
2018-03-29,118.5,118.61,118.13,118.33,111892.0
2018-04-02,118.71,118.71,118.098,118.33,230581.0
2018-04-03,117.88,118.03,117.85,117.93,152747.0
2018-04-04,118.204,118.34,118.02,118.08,217961.0
2018-04-05,117.79,117.89,117.49,117.65,868675.0
2018-04-06,118.022,118.17,117.87,118.1,245575.0
2018-04-09,118.42,118.55,118.34,118.45,148895.0
2018-04-10,118.81,118.89,118.51,118.75,287934.0
2018-04-11,118.94,119.13,118.73,118.86,509371.0
2018-04-12,118.32,118.63,118.25,118.51,174579.0
2018-04-13,118.45,118.65,118.43,118.59,66228.0
2018-04-16,119.1,119.1183,118.84,118.94,169463.0
2018-04-17,118.69,118.92,118.58,118.92,66175.0
2018-04-18,119.01,119.1489,118.9,118.92,133812.0
2018-04-19,119.0,119.0,118.49,118.69,111722.0
2018-04-20,118.05,118.21,117.73,118.05,479543.0
2018-04-23,117.57,117.61,117.24,117.34,179173.0
2018-04-24,117.41,117.68,117.3401,117.56,195764.0
2018-04-25,117.09,117.21,116.95,116.98,272716.0
2018-04-26,117.28,117.28,116.26,116.34,234764.0
2018-04-27,116.13,116.59,116.02,116.56,120097.0
2018-04-30,116.0,116.3017,115.93,116.04,222856.0
2018-05-01,115.5,115.51,115.15,115.27,315198.0
2018-05-02,115.28,115.53,114.7215,114.75,524790.0
2018-05-03,115.08,115.34,114.84,115.16,324231.0
2018-05-04,114.52,114.96,114.47,114.89,289723.0
2018-05-07,114.5,114.67,114.37,114.56,299023.0
2018-05-08,113.91,114.19,113.72,113.98,396140.0
2018-05-09,114.09,114.1824,113.78,113.84,261857.0
2018-05-10,114.62,114.75,114.11,114.57,372668.0
2018-05-11,114.86,114.95,114.64,114.73,148224.0
2018-05-14,115.2,115.21,114.62,114.66,1496176.0
2018-05-15,113.72,114.05,113.53,113.73,364026.0
2018-05-16,113.33,113.52,113.14,113.37,328466.0
2018-05-17,113.34,113.4,113.2,113.3,68803.0
2018-05-18,112.94,113.21,112.85,113.03,125182.0
2018-05-21,113.07,113.22,112.79,113.2,188242.0
2018-05-22,113.21,113.27,113.0499,113.15,155643.0
2018-05-23,112.47,112.54,112.16,112.41,595965.0
2018-05-24,112.56,112.84,112.5,112.58,189415.0
2018-05-25,111.91,112.13,111.85,111.99,441753.0
2018-05-29,111.03,111.29,110.63,110.77,523900.0
2018-05-30,111.61,112.09,111.35,111.97,546837.0
2018-05-31,111.94,112.31,111.78,112.24,495797.0
2018-06-01,112.17,112.17,111.55,111.89,515563.0
2018-06-04,112.43,112.57,112.11,112.3,211252.0
2018-06-05,112.06,112.625,111.88,112.46,381567.0
2018-06-06,113.02,113.25,112.925,113.01,541802.0
2018-06-07,113.53,113.57,113.26,113.26,333427.0
2018-06-08,112.98,113.06,112.83,112.96,245012.0
2018-06-11,113.28,113.4,113.09,113.12,158202.0
2018-06-12,113.18,113.23,112.63,112.81,147865.0
2018-06-13,113.06,113.27,112.58,113.17,303933.0
2018-06-14,112.12,112.165,111.19,111.19,949377.0
2018-06-15,111.54,111.59,111.305,111.47,639794.0
2018-06-18,111.32,111.54,111.32,111.5,92137.0
2018-06-19,111.02,111.185,110.9,111.14,143810.0
2018-06-20,111.17,111.2699,111.02,111.15,156813.0
2018-06-21,111.24,111.6,111.1,111.44,296679.0
2018-06-22,111.93,111.96,111.52,111.9,95709.0
2018-06-25,112.15,112.4,112.02,112.28,242418.0
2018-06-26,111.96,112.05,111.67,111.74,150945.0
2018-06-27,111.4,111.42,110.76,110.88,165823.0
2018-06-28,110.97,111.26,110.87,110.97,182333.0
2018-06-29,111.71,112.1,111.58,112.06,273180.0
2018-07-02,111.43,111.53,111.23,111.47,87724.0
2018-07-03,111.77,111.92,111.7308,111.8,31149.0
2018-07-05,112.23,112.32,112.0,112.18,109612.0
2018-07-06,112.82,112.91,112.59,112.68,200319.0
2018-07-09,112.97,112.97,112.57,112.68,180905.0
2018-07-10,112.39,112.69,112.285,112.69,74239.0
2018-07-11,112.71,112.75,111.913,111.96,122555.0
2018-07-12,112.03,112.1638,111.93,111.99,92337.0
2018-07-13,111.67,112.07,111.66,112.05,99202.0
2018-07-16,112.18,112.41,112.18,112.32,90640.0
2018-07-17,112.2,112.25,111.7215,111.87,57250.0
2018-07-18,111.57,111.85,111.5,111.66,106966.0
2018-07-19,111.2,111.99,111.2,111.6,271751.0
2018-07-20,112.35,112.57,112.221,112.47,236492.0
2018-07-23,112.34,112.34,112.06,112.15,237893.0
2018-07-24,112.14,112.3724,111.97,112.08,69048.0
2018-07-25,112.27,112.57,111.87,112.5,85132.0
2018-07-26,112.01,112.07,111.64,111.67,143739.0
2018-07-27,111.74,111.86,111.7,111.8,78905.0
2018-07-30,112.14,112.36,112.12,112.21,155191.0
2018-07-31,112.32,112.4,112.08,112.1,79127.0
2018-08-01,112.03,112.06,111.78,111.83,42229.0
2018-08-02,111.48,111.51,111.065,111.13,143751.0
2018-08-03,110.94,111.25,110.84,110.95,106338.0
2018-08-06,110.72,110.9,110.65,110.78,160664.0
2018-08-07,111.18,111.27,111.07,111.18,60136.0
2018-08-08,111.159,111.39,111.09,111.34,96432.0
2018-08-09,111.13,111.16,110.49,110.54,111555.0
2018-08-10,109.45,109.74,109.18,109.3,338756.0
2018-08-13,109.57,109.5799,109.15,109.24,237577.0
2018-08-14,109.2,109.22,108.61,108.76,325175.0
2018-08-15,108.45,108.83,108.32,108.75,139746.0
2018-08-16,109.06,109.36,108.81,109.01,88066.0
2018-08-17,109.33,109.7,109.28,109.68,202295.0
2018-08-20,109.61,110.01,109.52,109.97,476001.0
2018-08-21,110.39,111.17,110.32,110.87,306469.0
2018-08-22,111.18,111.35,110.97,111.24,94024.0
2018-08-23,110.84,111.06,110.51,110.59,202451.0
2018-08-24,111.15,111.54,111.04,111.42,159260.0
2018-08-27,111.58,112.045,111.58,111.95,137156.0
2018-08-28,112.34,112.42,112.03,112.03,150069.0
2018-08-29,111.86,112.17,111.83,112.14,62929.0
2018-08-30,111.74,111.9,111.55,111.88,162597.0
2018-08-31,111.42,111.63,111.02,111.21,184903.0
2018-09-04,110.63,111.01,110.48,110.99,350199.0
2018-09-05,111.42,111.46,111.22,111.45,95930.0
2018-09-06,111.4,111.54,111.2,111.37,80200.0
2018-09-07,110.83,111.06,110.67,110.73,125400.0
2018-09-10,111.13,111.25,111.08,111.1,65578.0
2018-09-11,110.95,111.12,110.9,111.05,69392.0
2018-09-12,111.09,111.6,111.04,111.39,205222.0
2018-09-13,111.99,112.09,111.79,111.98,155777.0
2018-09-14,111.8,111.8,111.32,111.37,225332.0
2018-09-17,111.92,112.05,111.91,111.93,113664.0
2018-09-18,112.14,112.23,111.64,111.79,80155.0
2018-09-19,111.808,111.98,111.6,111.83,51395.0
2018-09-20,112.69,112.88,112.44,112.81,539849.0
2018-09-21,112.45,112.71,112.38,112.54,454040.0
2018-09-24,113.14,113.14,112.49,112.49,194417.0
2018-09-25,112.85,112.94,112.64,112.7,111730.0
2018-09-26,112.37,112.98,112.3,112.49,89179.0
2018-09-27,111.81,112.005,111.49,111.58,297341.0
2018-09-28,110.84,111.36,110.84,111.16,145324.0
2018-10-01,111.02,111.179,110.74,110.88,77225.0
2018-10-02,110.5,110.77,110.41,110.62,126091.0
2018-10-03,110.43,110.57,110.21,110.26,262153.0
2018-10-04,110.37,110.52,110.07,110.25,140850.0
2018-10-05,110.4,110.58,110.13,110.34,231788.0
2018-10-08,109.81,110.1,109.75,110.09,127744.0
2018-10-09,109.68,110.14,109.59,110.09,191904.0
2018-10-10,110.26,110.54,110.2,110.27,97589.0
2018-10-11,110.78,111.03,110.55,110.99,270802.0
2018-10-12,110.59,110.74,110.43,110.66,139961.0
2018-10-15,110.88,111.0181,110.82,110.84,101298.0
2018-10-16,111.12,111.155,110.81,110.88,49665.0
2018-10-17,110.47,110.55,110.11,110.17,113233.0
2018-10-18,110.04,110.26,109.62,109.67,440336.0
2018-10-19,109.75,110.41,109.74,110.15,352504.0
2018-10-22,109.87,109.9102,109.67,109.74,48057.0
2018-10-23,109.79,109.99,109.605,109.79,133189.0
2018-10-24,109.11,109.19,108.94,109.1,168944.0
2018-10-25,109.03,109.03,108.7,108.85,256226.0
2018-10-26,108.64,109.26,108.64,109.17,302138.0
2018-10-29,108.91,109.08,108.8,108.97,132858.0
2018-10-30,108.84,108.92,108.549,108.59,241986.0
2018-10-31,108.27,108.5729,108.18,108.41,435360.0
2018-11-01,108.99,109.31,108.95,109.2,288133.0
2018-11-02,109.17,109.38,108.83,109.03,459615.0
2018-11-05,108.98,109.3,108.98,109.18,296213.0
2018-11-06,109.34,109.34,109.15,109.25,141443.0
2018-11-07,109.82,109.9,109.42,109.47,169137.0
2018-11-08,109.42,109.51,108.62,108.69,207065.0
2018-11-09,108.61,108.68,108.28,108.47,204393.0
2018-11-12,107.79,107.83,107.47,107.47,213635.0
2018-11-13,107.83,108.04,107.67,107.96,473677.0
2018-11-14,108.05,108.55,107.9,108.32,891734.0
2018-11-15,108.12,108.67,108.06,108.42,494365.0
2018-11-16,109.15,109.24,108.97,109.2,306337.0
2018-11-19,109.37,109.6601,109.3,109.55,291263.0
2018-11-20,109.04,109.17,108.66,108.75,346631.0
2018-11-21,109.07,109.2,108.88,108.89,244318.0
2018-11-23,108.58,108.65,108.39,108.42,215002.0
2018-11-26,108.59,108.63,108.32,108.38,157551.0
2018-11-27,108.33,108.34,107.86,108.04,224414.0
2018-11-28,107.89,108.9,107.76,108.72,771331.0
2018-11-29,108.77,108.98,108.66,108.91,346099.0
2018-11-30,108.59,108.6,108.11,108.27,280426.0
2018-12-03,108.47,108.66,108.39,108.48,240024.0
2018-12-04,108.99,108.99,108.24,108.41,300521.0
2018-12-06,108.81,109.115,108.61,108.87,426738.0
2018-12-07,108.86,109.22,108.8,109.11,292041.0
2018-12-10,109.01,109.13,108.52,108.56,310338.0
2018-12-11,108.39,108.48,108.11,108.29,195613.0
2018-12-12,108.5,108.87,108.48,108.71,226665.0
2018-12-13,108.5,108.71,108.34,108.65,343243.0
2018-12-14,107.76,108.11,107.76,108.02,177840.0
2018-12-17,108.41,108.61,108.32,108.48,223336.0
2018-12-18,108.74,108.74,108.52,108.64,130109.0
2018-12-19,109.11,109.37,108.65,108.73,662017.0
2018-12-20,109.44,109.78,109.01,109.54,417670.0
2018-12-21,109.16,109.17,108.55,108.58,761052.0
2018-12-24,109.16,109.33,108.97,109.07,375823.0
2018-12-26,108.77,109.11,108.43,108.52,222995.0
2018-12-27,108.89,109.49,108.89,109.36,263535.0
2018-12-28,109.49,109.6,109.26,109.37,181728.0
2018-12-31,109.29,109.53,109.2,109.48,174774.0
2019-01-02,108.75,108.75,108.24,108.44,244266.0
2019-01-03,108.65,109.04,108.59,108.91,402540.0
2019-01-04,108.41,109.09,108.41,108.93,386529.0
2019-01-07,109.46,109.71,109.44,109.65,282021.0
2019-01-08,109.27,109.48,109.18,109.31,170032.0
2019-01-09,109.55,110.42,109.55,110.41,300470.0
2019-01-10,110.0,110.15,109.74,109.89,272870.0
2019-01-11,109.68,109.76,109.47,109.52,159326.0
2019-01-14,109.38,109.68,109.38,109.56,103259.0
2019-01-15,109.21,109.41,108.74,109.05,397921.0
2019-01-16,108.9,109.0,108.81,108.82,119281.0
2019-01-17,108.85,108.89,108.62,108.81,187757.0
2019-01-18,108.91,108.91,108.46,108.58,151768.0
2019-01-22,108.29,108.63,108.29,108.44,119072.0
2019-01-23,108.39,108.823,108.39,108.71,88857.0
2019-01-24,108.66,108.69,107.83,108.02,269721.0
2019-01-25,108.52,109.05,108.52,109.02,219187.0
2019-01-28,108.88,109.28,108.88,109.16,138494.0
2019-01-29,109.06,109.26,109.0,109.2,108448.0
2019-01-30,109.08,109.83,108.97,109.63,510484.0
2019-01-31,109.67,109.7215,109.21,109.31,189938.0
2019-02-01,109.47,109.7,109.32,109.42,140473.0
2019-02-04,109.34,109.34,109.11,109.18,83717.0
2019-02-05,109.19,109.19,108.88,109.02,315232.0
2019-02-06,108.84,108.84,108.52,108.56,213286.0
2019-02-07,108.4,108.49,108.29,108.29,71917.0
2019-02-08,108.42,108.42,108.0899,108.09,82980.0
2019-02-11,107.86,107.9,107.5763,107.67,128064.0
2019-02-12,107.89,108.26,107.76,108.19,125332.0
2019-02-13,107.74,107.91,107.54,107.55,75197.0
2019-02-14,107.88,107.92,107.55,107.8,109194.0
2019-02-15,107.79,107.95,107.49,107.88,149428.0
2019-02-19,107.99,108.42,107.99,108.29,240596.0
2019-02-20,108.31,108.55,108.17,108.27,154236.0
2019-02-21,108.24,108.35,108.1,108.23,45595.0
2019-02-22,108.23,108.38,108.13,108.18,372816.0
2019-02-25,108.49,108.5,108.22,108.44,125868.0
2019-02-26,108.51,108.81,108.3,108.71,124379.0
2019-02-27,108.63,108.75,108.44,108.52,106670.0
2019-02-28,108.67,108.75,108.44,108.56,95283.0
2019-03-01,108.62,108.87,108.36,108.46,485345.0
2019-03-04,108.25,108.25,107.95,108.23,149549.0
2019-03-05,108.12,108.5,107.73,108.13,399811.0
2019-03-06,107.96,108.06,107.88,107.94,286070.0
2019-03-07,107.37,107.37,106.67,106.7,421642.0
2019-03-08,107.14,107.32,107.11,107.17,112615.0
2019-03-11,107.26,107.36,107.09,107.34,86937.0
2019-03-12,107.53,107.87,107.53,107.78,142995.0
2019-03-13,107.81,108.18,107.8022,108.15,126273.0
2019-03-14,107.86,107.89,107.75,107.86,346882.0
2019-03-15,107.88,108.23,107.88,108.04,121040.0
2019-03-18,108.16,108.29,108.06,108.21,369033.0
2019-03-19,108.29,108.37,108.19,108.36,67019.0
2019-03-20,108.29,109.21,108.24,109.08,586956.0
2019-03-21,108.63,108.7,108.21,108.45,212288.0
2019-03-22,107.81,107.94,107.54,107.77,586222.0
2019-03-25,107.92,108.08,107.88,107.93,392160.0
2019-03-26,107.7,107.77,107.46,107.5,87324.0
2019-03-27,107.39,107.45,107.24,107.3,108722.0
2019-03-28,107.05,107.2,106.97,107.05,359598.0
2019-03-29,107.15,107.22,106.97,107.02,218419.0
2019-04-01,107.19,107.25,106.88,106.92,310192.0
2019-04-02,106.87,106.98,106.68,106.85,142071.0
2019-04-03,107.13,107.29,107.07,107.21,237926.0
2019-04-04,106.91,107.07,106.89,107.07,94043.0
2019-04-05,107.04,107.14,106.92,107.0,148078.0
2019-04-08,107.47,107.52,107.36,107.43,204893.0
2019-04-09,107.56,107.6,107.395,107.42,97843.0
2019-04-10,107.15,107.54,107.14,107.5,123376.0
2019-04-11,107.38,107.52,107.28,107.38,73004.0
2019-04-12,107.89,107.95,107.68,107.72,151044.0
2019-04-15,107.74,107.83,107.72,107.78,72867.0
2019-04-16,107.71,107.78,107.56,107.58,51775.0
2019-04-17,107.72,107.8,107.65,107.71,81975.0
2019-04-18,107.25,107.27,107.02,107.06,191521.0
2019-04-22,107.27,107.37,107.24,107.33,80685.0
2019-04-23,106.86,107.01,106.71,107.0,128683.0
2019-04-24,106.67,106.85,106.19,106.33,261100.0
2019-04-25,106.17,106.31,106.08,106.14,351789.0
2019-04-26,106.29,106.52,106.24,106.25,203987.0
2019-04-29,106.43,106.62,106.28,106.59,117225.0
2019-04-30,106.95,107.03,106.73,106.89,232077.0
2019-05-01,107.0,107.3694,106.63,106.69,266631.0
2019-05-02,106.7,106.7099,106.48,106.48,245165.0
2019-05-03,106.38,106.77,106.34,106.74,257743.0
2019-05-06,106.6,106.84,106.6,106.74,61193.0
2019-05-07,106.57,106.67,106.45,106.6,101552.0
2019-05-08,106.77,106.86,106.58,106.66,66419.0
2019-05-09,106.67,107.22,106.66,106.91,118222.0
2019-05-10,107.1,107.23,106.99,107.01,134994.0
2019-05-13,107.31,107.31,106.98,107.02,132324.0
2019-05-14,106.86,106.87,106.75,106.77,90698.0
2019-05-15,106.62,106.94,106.55,106.77,521449.0
2019-05-16,106.62,106.63,106.42,106.51,152771.0
2019-05-17,106.46,106.5,106.3099,106.35,143048.0
2019-05-20,106.38,106.47,106.35,106.39,106384.0
2019-05-21,106.23,106.59,106.23,106.34,162868.0
2019-05-22,106.38,106.4,106.24,106.27,87898.0
2019-05-23,105.89,106.57,105.81,106.49,190032.0
2019-05-24,106.62,106.82,106.58,106.78,142226.0
2019-05-28,106.61,106.63,106.32,106.35,150031.0
2019-05-29,106.17,106.23,105.96,106.05,102144.0
2019-05-30,105.97,106.11,105.9,106.06,74899.0
2019-05-31,106.26,106.48,106.11,106.44,207700.0
2019-06-03,106.62,107.27,106.62,107.12,490853.0
2019-06-04,107.02,107.31,106.96,107.21,240869.0
2019-06-05,107.39,107.42,106.88,106.92,198937.0
2019-06-06,107.34,107.62,107.11,107.37,173439.0
2019-06-07,107.79,108.05,107.69,107.91,217902.0
2019-06-10,107.74,107.83,107.5252,107.79,109556.0
2019-06-11,107.83,107.95,107.71,107.86,91369.0
2019-06-12,107.71,107.84,107.44,107.49,91383.0
2019-06-13,107.41,107.44,107.32,107.35,52247.0
2019-06-14,107.06,107.06,106.65,106.69,427758.0
2019-06-17,107.01,107.03,106.7601,106.77,154483.0
2019-06-18,106.64,106.73,106.46,106.56,378398.0
2019-06-19,106.67,107.13,106.65,106.9,441984.0
2019-06-20,107.5,107.64,107.3,107.49,207703.0
2019-06-21,107.79,108.31,107.7,108.26,641258.0
2019-06-24,108.38,108.55,108.33,108.47,190155.0
2019-06-25,108.46,108.5,107.99,108.22,246371.0
2019-06-26,108.16,108.43,108.03,108.19,87874.0
2019-06-27,108.18,108.2785,108.11,108.21,86040.0
2019-06-28,108.36,108.43,108.07,108.27,214785.0
2019-07-01,107.98,107.99,107.39,107.45,161614.0
2019-07-02,107.57,107.67,107.39,107.41,142898.0
2019-07-03,107.54,107.66,107.31,107.38,223121.0
2019-07-05,106.88,106.88,106.68,106.84,307094.0
2019-07-08,106.75,106.8,106.672,106.68,89154.0
2019-07-09,106.66,106.73,106.61,106.67,117820.0
2019-07-10,107.01,107.2,106.95,107.08,129129.0
2019-07-11,107.11,107.17,107.02,107.12,127608.0
2019-07-12,106.99,107.29,106.99,107.27,157533.0
2019-07-15,107.22,107.25,107.1,107.13,93452.0
2019-07-16,106.77,106.79,106.605,106.68,115320.0
2019-07-17,106.69,106.89,106.69,106.82,72383.0
2019-07-18,106.71,107.32,106.7,107.29,189603.0
2019-07-19,106.77,106.93,106.57,106.73,223077.0
2019-07-22,106.74,106.79,106.61,106.65,194083.0
2019-07-23,106.2,106.23,106.03,106.05,203920.0
2019-07-24,106.05,106.0833,105.9,105.95,134119.0
2019-07-25,106.2,106.41,105.86,106.04,497696.0
2019-07-26,105.95,105.97,105.71,105.81,102788.0
2019-07-29,105.79,106.05,105.79,106.02,109436.0
2019-07-30,106.02,106.13,105.97,106.12,59810.0
2019-07-31,106.02,106.02,105.23,105.27,377993.0
2019-08-01,105.0,105.53,104.98,105.53,245012.0
2019-08-02,105.46,105.73,105.46,105.66,162074.0
2019-08-05,106.23,106.63,106.23,106.46,409925.0
2019-08-06,106.25,106.5545,106.21,106.49,180550.0
2019-08-07,106.75,106.89,106.53,106.54,98616.0
2019-08-08,106.44,106.8,106.35,106.39,544773.0
2019-08-09,106.52,106.7,106.41,106.52,82078.0
2019-08-12,106.62,106.765,106.61,106.62,65050.0
2019-08-13,106.65,106.66,106.24,106.26,103430.0
2019-08-14,106.28,106.31,105.84,105.88,206029.0
2019-08-15,105.96,105.96,105.48,105.7,544583.0
2019-08-16,105.28,105.59,105.26,105.47,189545.0
2019-08-19,105.51,105.56,105.32,105.33,117982.0
2019-08-20,105.31,105.61,105.222,105.54,154295.0
2019-08-21,105.56,105.61,105.36,105.41,98455.0
2019-08-22,105.4,105.51,105.26,105.36,65831.0
2019-08-23,105.3,106.035,105.0018,105.91,526967.0
2019-08-26,105.75,105.75,105.48,105.49,61268.0
2019-08-27,105.51,105.57,105.39,105.43,45423.0
2019-08-28,105.37,105.37,105.27,105.3,58082.0
2019-08-29,105.16,105.44,104.97,105.11,533580.0
2019-08-30,104.94,105.025,104.22,104.5,196977.0
2019-09-03,104.02,104.32,103.86,104.27,524389.0
2019-09-04,104.67,104.91,104.67,104.87,186368.0
2019-09-05,105.26,105.37,104.86,104.91,177205.0
2019-09-06,104.96,105.07,104.79,104.8,87013.0
2019-09-09,104.99,105.17,104.98,105.02,74460.0
2019-09-10,104.91,105.03,104.85,104.93,74711.0
2019-09-11,104.49,104.65,104.41,104.65,86780.0
2019-09-12,104.41,105.35,104.29,105.16,236753.0
2019-09-13,105.22,105.34,105.14,105.23,90770.0
2019-09-16,104.7,104.7358,104.46,104.58,84519.0
2019-09-17,104.81,105.21,104.716,105.18,120709.0
2019-09-18,105.02,105.15,104.65,104.83,86685.0
2019-09-19,105.11,105.15,104.89,104.94,88379.0
2019-09-20,104.68,104.73,104.5,104.7,222244.0
2019-09-23,104.38,104.5,104.35,104.47,129046.0
2019-09-24,104.49,104.71,104.45,104.67,103702.0
2019-09-25,104.35,104.37,103.91,103.99,150397.0
2019-09-26,104.09,104.1771,103.65,103.74,145500.0
2019-09-27,103.8,104.1,103.8,103.95,117727.0
2019-09-30,103.5,103.67,103.48,103.56,148039.0
2019-10-01,103.48,103.93,103.41,103.91,910590.0
2019-10-02,103.92,104.15,103.91,104.13,391984.0
2019-10-03,104.1,104.5,104.0502,104.24,406358.0
2019-10-04,104.11,104.37,104.11,104.32,77257.0
2019-10-07,104.42,104.48,104.2,104.23,65128.0
2019-10-08,104.26,104.28,103.94,104.05,341409.0
2019-10-09,104.28,104.32,104.2,104.24,52644.0
2019-10-10,104.65,104.7,104.52,104.55,97197.0
2019-10-11,104.99,105.06,104.73,104.88,205072.0
2019-10-14,104.71,104.7767,104.64,104.72,29959.0
2019-10-15,104.45,104.89,104.39,104.78,271168.0
2019-10-16,104.887,105.27,104.88,105.19,104171.0
2019-10-17,105.62,105.71,105.51,105.65,247986.0
2019-10-18,105.82,106.035,105.7341,105.99,251169.0
2019-10-21,105.95,105.97,105.77,105.86,96127.0
2019-10-22,105.78,105.89,105.6,105.71,169646.0
2019-10-23,105.59,105.765,105.53,105.7,59124.0
2019-10-24,105.7,105.7,105.34,105.4,138955.0
2019-10-25,105.36,105.36,105.14,105.2,86382.0
2019-10-28,105.23,105.42,105.23,105.42,27084.0
2019-10-29,105.36,105.53,105.32,105.5,49660.0
2019-10-30,105.47,105.86,105.23,105.82,97423.0
2019-10-31,105.8527,105.93,105.7034,105.87,142950.0
2019-11-01,105.85,106.05,105.79,106.03,190078.0
2019-11-04,105.94,105.97,105.6,105.64,88826.0
2019-11-05,105.29,105.31,104.4195,105.05,677539.0
2019-11-06,105.2,105.2,104.83,105.04,91082.0
2019-11-07,105.0,105.01,104.75,104.86,169949.0
2019-11-08,104.63,104.71,104.58,104.61,103479.0
2019-11-11,104.71,104.78,104.69,104.72,104762.0
2019-11-12,104.57,104.6,104.42,104.51,88600.0
2019-11-13,104.43,104.5311,104.37,104.48,114971.0
2019-11-14,104.4,104.66,104.33,104.6,47145.0
2019-11-15,104.71,104.91,104.71,104.91,93242.0
2019-11-18,104.95,105.22,104.95,105.1,94159.0
2019-11-19,105.08,105.17,105.07,105.09,53523.0
2019-11-20,104.97,105.13,104.92,105.08,115192.0
2019-11-21,105.07,105.14,104.86,104.92,75577.0
2019-11-22,104.92,104.92,104.5,104.58,54989.0
2019-11-25,104.43,104.595,104.41,104.47,95015.0
2019-11-26,104.46,104.6,104.42,104.59,85966.0
2019-11-27,104.37,104.42,104.291,104.36,152163.0
2019-11-29,104.28,104.6,104.26,104.51,70902.0
2019-12-02,104.71,105.18,104.71,105.14,161902.0
2019-12-03,105.09,105.22,105.07,105.08,112582.0
2019-12-04,105.34,105.43,104.98,105.06,219862.0
2019-12-05,105.26,105.33,105.18,105.3,116222.0
2019-12-06,105.04,105.04,104.707,104.9,76195.0
2019-12-09,105.01,105.02,104.85,104.91,133001.0
2019-12-10,105.07,105.225,105.0201,105.2,93830.0
2019-12-11,105.21,105.68,105.12,105.61,195185.0
2019-12-12,105.67,105.685,105.3,105.55,107834.0
2019-12-13,105.85,105.86,105.36,105.42,129866.0
2019-12-16,105.72,105.79,105.58,105.65,111917.0
2019-12-17,105.73,105.7825,105.66,105.69,30794.0
2019-12-18,105.47,105.56,105.3514,105.41,35874.0
2019-12-19,105.45,105.51,105.305,105.48,68471.0
2019-12-20,105.11,105.11,104.92,105.01,93190.0
2019-12-23,105.07,105.18,105.06,105.14,51124.0
2019-12-24,105.01,105.1323,105.01,105.09,78144.0
2019-12-26,105.21,105.3122,105.17,105.25,43200.0
2019-12-27,105.76,106.05,105.7522,105.93,267282.0
2019-12-30,106.13,106.34,106.1,106.16,219341.0
2019-12-31,106.47,106.47,106.285,106.3,62795.0
2020-01-02,105.95,106.16,105.8,105.85,124310.0
2020-01-03,105.66,105.96,105.66,105.79,54332.0
2020-01-06,106.1,106.1,105.98,106.06,47004.0
2020-01-07,105.75,105.75,105.518,105.6,67695.0
2020-01-08,105.44,105.46,105.27,105.29,50173.0
2020-01-09,105.25,105.29,105.145,105.27,57195.0
2020-01-10,105.13,105.4005,105.12,105.36,20658.0
2020-01-13,105.37,105.58,105.37,105.54,25315.0
2020-01-14,105.27,105.49,105.27,105.42,26344.0
2020-01-15,105.72,105.77,105.58,105.65,54663.0
2020-01-16,105.67,105.67,105.43,105.54,52015.0
2020-01-17,105.16,105.19,105.05,105.11,79412.0
2020-01-21,105.24,105.274,105.03,105.05,87544.0
2020-01-22,105.06,105.09,104.8826,105.07,34078.0
2020-01-23,104.88,104.8926,104.565,104.75,126313.0
2020-01-24,104.56,104.56,104.4,104.45,41690.0
2020-01-27,104.42,104.42,104.3,104.37,37193.0
2020-01-28,104.21,104.3999,104.19,104.39,83383.0
2020-01-29,104.11,104.37,104.11,104.26,42837.0
2020-01-30,104.42,104.53,104.33,104.5,56683.0
2020-01-31,104.68,105.04,104.68,105.04,106607.0
2020-02-03,104.79,104.79,104.52,104.7,57069.0
2020-02-04,104.6,104.6,104.49,104.56,38820.0
2020-02-05,104.22,104.23,104.11,104.16,121249.0
2020-02-06,104.15,104.15,103.87,103.95,33997.0
2020-02-07,103.76,103.91,103.62,103.65,103557.0
2020-02-10,103.49,103.56,103.3,103.32,59099.0
2020-02-11,103.33,103.4218,103.32,103.4,23595.0
2020-02-12,103.29,103.29,102.8821,102.98,41236.0
2020-02-13,102.78,102.834,102.61,102.66,36351.0
2020-02-14,102.77,102.8212,102.58,102.61,42382.0
2020-02-18,102.15,102.459,102.14,102.21,49269.0
2020-02-19,102.16,102.35,102.066,102.33,126366.0
2020-02-20,102.36,102.43,102.08,102.16,139813.0
2020-02-21,102.34,102.83,102.32,102.71,254810.0
2020-02-24,102.53,102.8883,102.5,102.71,104658.0
2020-02-25,102.64,103.0536,102.569,102.98,145047.0
2020-02-26,102.84,103.15,102.7403,103.0,70692.0
2020-02-27,103.88,104.15,103.76,104.03,313273.0
2020-02-28,103.84,104.52,103.6599,104.5,157397.0
2020-03-02,105.25,105.81,105.18,105.36,289728.0
2020-03-03,105.25,106.06,105.22,105.81,271117.0
2020-03-04,105.1,105.43,105.0,105.41,262360.0
2020-03-05,105.95,106.27,105.7,106.27,78239.0
2020-03-06,107.36,107.42,106.83,106.99,252394.0
2020-03-09,108.42,108.57,107.81,108.36,447617.0
2020-03-10,107.6,107.69,106.71,106.92,155626.0
2020-03-11,107.26,107.37,106.491,106.63,77170.0
2020-03-12,106.27,106.38,104.62,105.81,298475.0
2020-03-13,105.02,105.31,104.62,105.16,162112.0
2020-03-16,105.12,107.3,105.03,105.71,206007.0
2020-03-17,103.84,104.27,103.65,104.09,313295.0
2020-03-18,103.24,103.35,102.11,103.13,413888.0
2020-03-19,102.39,102.39,100.81,101.01,221501.0
2020-03-20,101.11,101.68,100.64,100.9,222800.0
2020-03-23,101.72,102.39,101.43,101.43,169750.0
2020-03-24,102.62,102.62,101.64,101.92,87396.0
2020-03-25,102.38,102.99,102.02,102.96,276433.0
2020-03-26,103.68,104.56,103.6,104.56,367943.0
2020-03-27,103.66,105.21,103.6,105.16,211337.0
2020-03-30,104.31,104.51,104.13,104.5,105866.0
2020-03-31,103.66,104.32,103.49,104.3,120119.0
2020-04-01,103.37,103.59,103.12,103.53,62757.0
2020-04-02,102.75,102.98,102.35,102.61,100658.0
2020-04-03,102.02,102.35,101.92,102.29,331776.0
2020-04-06,101.91,102.27,101.88,102.1,83716.0
2020-04-07,103.18,103.33,102.93,103.12,29214.0
2020-04-08,102.95,102.95,102.6114,102.63,81638.0
2020-04-09,103.41,103.5,103.24,103.38,38907.0
2020-04-13,103.12,103.26,103.01,103.21,101714.0
2020-04-14,103.55,103.86,103.55,103.86,49051.0
2020-04-15,102.78,103.37,102.74,103.14,45090.0
2020-04-16,102.8,102.87,102.245,102.54,56232.0
2020-04-17,102.69,102.9497,102.69,102.76,47783.0
2020-04-20,102.66,102.89,102.61,102.61,61669.0
2020-04-21,102.37,102.82,102.37,102.65,35125.0
2020-04-22,102.7,102.71,102.17,102.26,58158.0
2020-04-23,101.93,102.47,101.73,101.9,274198.0
2020-04-24,102.01,102.22,101.93,102.18,64695.0
2020-04-27,102.56,102.59,102.2301,102.34,31057.0
2020-04-28,102.69,102.69,102.31,102.37,119134.0
2020-04-29,102.68,102.81,102.49,102.74,83621.0
2020-04-30,102.5,103.66,102.46,103.54,179982.0
2020-05-01,103.72,104.0899,103.68,103.72,104844.0
2020-05-04,103.23,103.29,102.94,102.94,71770.0
2020-05-05,102.68,102.864,102.37,102.5,205713.0
2020-05-06,102.22,102.2927,101.97,101.97,75409.0
2020-05-07,101.94,102.36,101.7373,102.31,223012.0
2020-05-08,102.31,102.75,102.22,102.38,41731.0
2020-05-11,102.31,102.37,102.07,102.18,31184.0
2020-05-12,102.722,102.7532,102.49,102.49,25419.0
2020-05-13,102.67,102.675,102.14,102.17,84882.0
2020-05-14,101.93,102.16,101.84,102.03,32497.0
2020-05-15,102.39,102.48,102.08,102.19,31596.0
2020-05-18,102.44,103.1676,102.42,103.15,89223.0
2020-05-19,103.25,103.46,103.19,103.21,103473.0
2020-05-20,103.66,103.88,103.5892,103.7,153677.0
2020-05-21,103.73,103.8,103.31,103.42,46099.0
2020-05-22,102.958,103.0,102.826,102.99,106694.0
2020-05-26,103.58,103.84,103.58,103.69,55139.0
2020-05-27,103.86,104.01,103.48,103.86,66521.0
2020-05-28,104.23,104.75,104.1727,104.54,104426.0
2020-05-29,104.95,105.11,104.66,104.78,149443.0
2020-06-01,104.99,105.1588,104.94,105.14,75658.0
2020-06-02,105.5,105.7,105.39,105.43,68345.0
2020-06-03,105.73,106.28,105.72,106.17,199705.0
2020-06-04,106.25,107.26,106.25,106.96,128811.0
2020-06-05,106.86,106.8713,106.49,106.59,108549.0
2020-06-08,106.74,106.84,106.54,106.66,73784.0
2020-06-09,106.71,107.265,106.7,107.01,111709.0
2020-06-10,107.38,107.82,106.9,107.53,141324.0
2020-06-11,107.33,107.6176,106.61,106.67,108786.0
2020-06-12,106.7,106.8699,105.8644,106.23,87666.0
2020-06-15,106.2,106.9473,106.18,106.81,192875.0
2020-06-16,106.51,106.51,105.99,106.28,151986.0
2020-06-17,106.14,106.14,105.785,106.08,134799.0
2020-06-18,105.93,106.0,105.6199,105.72,66994.0
2020-06-19,106.0,106.012,105.4201,105.58,168244.0
2020-06-22,105.96,106.33,105.93,106.2,174323.0
2020-06-23,106.88,107.09,106.67,106.67,83883.0
2020-06-24,106.35,106.4428,106.17,106.19,54124.0
2020-06-25,105.86,105.969,105.75,105.9,81397.0
2020-06-26,105.89,106.01,105.67,105.93,62759.0
2020-06-29,106.4,106.4,105.9,106.01,52503.0
2020-06-30,105.92,106.21,105.75,105.99,74112.0
2020-07-01,105.9,106.32,105.9,106.15,97811.0
2020-07-02,106.29,106.408,105.9084,106.04,107950.0
2020-07-06,106.93,107.03,106.665,106.71,58219.0
2020-07-07,106.66,106.66,106.33,106.33,33411.0
2020-07-08,106.65,107.0522,106.65,106.92,50168.0
2020-07-09,107.02,107.02,106.4563,106.47,32298.0
2020-07-10,106.69,106.7789,106.56,106.6,51367.0
2020-07-13,106.99,107.284,106.99,107.04,68813.0
2020-07-14,107.23,107.62,107.18,107.44,78947.0
2020-07-15,107.96,108.02,107.5601,107.63,88232.0
2020-07-16,107.66,107.9,107.25,107.37,68990.0
2020-07-17,107.74,107.9282,107.739,107.89,76605.0
2020-07-20,107.77,107.98,107.5701,107.98,101284.0
2020-07-21,107.9,108.84,107.87,108.69,184977.0
2020-07-22,109.28,109.41,109.06,109.18,130269.0
2020-07-23,109.0,109.63,108.971,109.34,130802.0
2020-07-24,109.55,109.85,109.39,109.78,261774.0
2020-07-27,110.66,111.08,110.65,110.75,594321.0
2020-07-28,110.62,110.72,110.43,110.46,469091.0
2020-07-29,110.8,111.31,110.77,111.03,220951.0
2020-07-30,111.17,111.69,111.0101,111.69,248359.0
2020-07-31,111.49,111.71,110.9,111.06,264783.0
2020-08-03,110.41,110.9,110.307,110.88,320653.0
2020-08-04,110.56,111.28,110.5199,111.26,318716.0
2020-08-05,111.96,112.23,111.78,111.81,320000.0
2020-08-06,111.68,112.105,111.45,111.94,143636.0
2020-08-07,110.97,111.2049,110.81,111.1,280006.0
2020-08-10,110.91,111.11,110.63,110.67,133969.0
2020-08-11,110.92,111.11,110.53,110.62,120913.0
2020-08-12,111.16,111.335,110.95,111.11,64567.0
2020-08-13,111.54,111.828,111.17,111.3,82341.0
2020-08-14,111.46,111.68,111.33,111.56,82375.0
2020-08-17,111.78,111.96,111.74,111.87,95337.0
2020-08-18,112.67,112.76,112.34,112.48,200526.0
2020-08-19,112.55,112.59,111.49,111.64,146930.0
2020-08-20,111.32,111.81,111.29,111.79,68487.0
2020-08-21,111.0,111.13,110.765,111.13,198488.0
2020-08-24,111.53,111.53,111.04,111.11,207194.0
2020-08-25,111.51,111.58,111.27,111.47,326894.0
2020-08-26,111.14,111.56,111.14,111.44,137415.0
2020-08-27,111.87,111.98,110.8699,111.36,300074.0
2020-08-28,112.03,112.19,111.84,112.1,117394.0
2020-08-31,112.48,112.73,112.32,112.42,112456.0
2020-09-01,113.0,113.039,112.1473,112.22,227622.0
2020-09-02,111.53,111.63,111.3858,111.62,147850.0
2020-09-03,111.63,111.76,111.325,111.67,256999.0
2020-09-04,111.18,111.6401,110.975,111.55,240529.0
2020-09-08,110.99,111.15,110.8399,110.95,87137.0
2020-09-09,111.31,111.41,111.13,111.19,87057.0
2020-09-10,112.08,112.22,111.23,111.31,75910.0
2020-09-11,111.59,111.59,111.38,111.53,40389.0
2020-09-14,111.87,111.93,111.69,111.73,36290.0
2020-09-15,111.83,111.85,111.5,111.57,34014.0
2020-09-16,111.68,111.68,111.01,111.13,68597.0
2020-09-17,111.16,111.59,111.07,111.57,31970.0
2020-09-18,111.51,111.75,111.36,111.57,100234.0
2020-09-21,110.84,110.86,110.47,110.78,105280.0
2020-09-22,110.68,110.72,110.09,110.26,132254.0
2020-09-23,110.05,110.18,109.7,109.82,134293.0
2020-09-24,109.63,110.0,109.5,109.87,135309.0
2020-09-25,109.51,109.56,109.32,109.44,131608.0
2020-09-28,109.87,109.95,109.63,109.85,75904.0
2020-09-29,110.19,110.565,110.19,110.51,124716.0
2020-09-30,110.24,110.59,110.0,110.37,100625.0
2020-10-01,110.48,110.66,110.37,110.59,67605.0
2020-10-02,110.23,110.37,110.16,110.22,57860.0
2020-10-05,110.77,111.03,110.77,110.93,199695.0
2020-10-06,111.03,111.05,110.47,110.58,159443.0
2020-10-07,110.81,110.84,110.62,110.68,310478.0
2020-10-08,110.55,110.6731,110.42,110.65,309446.0
2020-10-09,111.16,111.31,111.05,111.28,231288.0
2020-10-12,111.11,111.19,111.06,111.15,173659.0
2020-10-13,110.74,110.74,110.38,110.57,261465.0
2020-10-14,110.68,110.74,110.49,110.59,285997.0
2020-10-15,110.05,110.15,109.98,110.15,362863.0
2020-10-16,110.43,110.43,110.22,110.27,331823.0
2020-10-19,110.85,110.96,110.72,110.74,153862.0
2020-10-20,111.19,111.41,111.16,111.25,314359.0
2020-10-21,111.47,111.79,111.46,111.58,352702.0
2020-10-22,111.37,111.37,111.19,111.22,251959.0
2020-10-23,111.52,111.62,111.27,111.59,92252.0
2020-10-26,111.22,111.25,111.08,111.09,45909.0
2020-10-27,111.28,111.37,111.1,111.11,110388.0
2020-10-28,110.4,110.62,110.2699,110.5,345666.0
2020-10-29,110.12,110.18,109.619,109.85,281937.0
2020-10-30,109.95,109.98,109.5,109.54,257419.0
2020-11-02,109.44,109.49,109.32,109.47,219662.0
2020-11-03,110.22,110.41,110.04,110.08,45830.0
2020-11-04,109.99,110.33,109.87,110.1,183322.0
2020-11-05,111.23,111.37,110.89,111.21,93200.0
2020-11-06,111.67,111.8,111.45,111.69,85828.0
2020-11-09,112.04,112.04,110.92,111.05,172326.0
2020-11-10,111.18,111.27,110.99,111.03,48650.0
2020-11-11,110.53,110.77,110.45,110.75,44647.0
2020-11-12,110.83,111.1,110.83,111.0,34549.0
2020-11-13,111.11,111.27,111.09,111.24,47367.0
2020-11-16,111.22,111.44,111.16,111.42,25766.0
2020-11-17,111.68,111.69,111.5,111.53,37352.0
2020-11-18,111.57,111.62,111.42,111.42,27079.0
2020-11-19,111.11,111.68,111.11,111.6725,31606.0
2020-11-20,111.61,111.6201,111.4,111.46,17128.0
2020-11-23,111.79,111.839,110.9315,111.26,366785.0
2020-11-24,111.38,111.81,111.34,111.81,181695.0
2020-11-25,111.83,112.12,111.82,112.1,50811.0
2020-11-27,112.17,112.44,112.17,112.41,65618.0
2020-11-30,112.76,112.8,112.12,112.13,54179.0
2020-12-01,112.62,113.5,112.5945,113.48,86791.0
2020-12-02,113.45,113.8,113.45,113.75,44907.0
2020-12-03,114.27,114.42,114.06,114.17,111700.0
2020-12-04,114.26,114.401,113.8501,114.0,69796.0
2020-12-07,114.06,114.34,113.8,113.8,67444.0
2020-12-08,113.98,114.01,113.726,113.8,110233.0
2020-12-09,113.85,113.87,113.36,113.51,48288.0
2020-12-10,113.76,114.22,113.76,114.13,42547.0
2020-12-11,113.94,113.95,113.8,113.85,29720.0
2020-12-14,114.22,114.33,113.9201,114.16,54568.0
2020-12-15,114.21,114.34,114.14,114.25,85555.0
2020-12-16,114.53,114.69,113.94,114.5,83030.0
2020-12-17,115.07,115.31,114.9901,115.23,91238.0
2020-12-18,115.08,115.1,114.88,115.05,50846.0
2020-12-21,114.74,115.11,114.68,114.91,80189.0
2020-12-22,114.84,114.86,114.14,114.19,84416.0
2020-12-23,114.61,114.75,114.4,114.56,58533.0
2020-12-24,114.44,114.58,114.435,114.47,25762.0
2020-12-28,114.79,114.97,114.62,114.73,36355.0
2020-12-29,115.14,115.25,114.94,115.04,52380.0
2020-12-30,115.29,115.56,115.29,115.47,52675.0
2020-12-31,115.36,115.36,114.71,114.74,94795.0
2021-01-04,115.59,115.59,114.97,115.06,100858.0
2021-01-05,115.29,115.58,115.11,115.44,55094.0
2021-01-06,115.52,115.86,115.22,115.74,114193.0
2021-01-07,115.23,115.28,115.02,115.18,59296.0
2021-01-08,115.3,115.32,114.51,114.8,76687.0
2021-01-11,114.08,114.29,113.93,114.09,185212.0
2021-01-12,114.02,114.63,114.02,114.59,77300.0
2021-01-13,114.15,114.35,113.99,114.1,74972.0
2021-01-14,113.81,114.33,113.73,114.19,220384.0
2021-01-15,113.68,113.75,113.38,113.38,113806.0
2021-01-19,113.99,113.99,113.77,113.86,94603.0
2021-01-20,113.6,113.7201,113.4,113.65,61336.0
2021-01-21,114.0,114.25,113.93,114.25,87713.0
2021-01-22,114.13,114.36,114.12,114.2,87551.0
2021-01-25,113.99,114.0085,113.72,113.94,123001.0
2021-01-26,114.1,114.26,113.95,114.21,147618.0
2021-01-27,113.62,113.77,113.18,113.62,153826.0
2021-01-28,113.81,113.96,113.76,113.8,27610.0
2021-01-29,114.01,114.04,113.813,113.87,110000.0
2021-02-01,113.55,113.55,113.13,113.13,79223.0
2021-02-02,113.05,113.05,112.73,112.98,168875.0
2021-02-03,112.83,112.96,112.7015,112.91,93704.0
2021-02-04,112.47,112.49,112.21,112.28,167127.0
2021-02-05,112.74,113.06,112.72,113.05,112888.0
2021-02-08,113.04,113.2069,112.91,113.09,57631.0
2021-02-09,113.5,113.72,113.43,113.68,59898.0
2021-02-10,113.87,113.89,113.69,113.72,73631.0
2021-02-11,113.85,113.93,113.744,113.82,76971.0
2021-02-12,113.4,113.7763,113.334,113.68,70309.0
2021-02-16,113.56,113.71,113.47,113.63,128465.0
2021-02-17,112.95,113.01,112.82,112.95,169842.0
2021-02-18,113.26,113.4301,113.17,113.41,89322.0
2021-02-19,113.66,113.86,113.58,113.65,73417.0
2021-02-22,113.89,114.13,113.78,113.97,58358.0
2021-02-23,113.97,114.096,113.85,113.95,23922.0
2021-02-24,113.77,114.13,113.58,114.09,64151.0
2021-02-25,114.65,114.81,114.069,114.09,186795.0
2021-02-26,113.75,113.83,113.14,113.14,209658.0
2021-03-01,113.03,113.09,112.81,112.97,149658.0
2021-03-02,112.94,113.4,112.87,113.38,64701.0
2021-03-03,113.05,113.28,112.98,113.1,76125.0
2021-03-04,112.86,112.99,112.17,112.23,142027.0
2021-03-05,111.98,111.98,111.64,111.72,161005.0
2021-03-08,111.31,111.43,111.06,111.08,112208.0
2021-03-09,111.57,111.641,111.41,111.6,102792.0
2021-03-10,111.79,111.84,111.47,111.82,96755.0
2021-03-11,112.07,112.43,111.887,112.43,65801.0
2021-03-12,111.81,112.135,111.7,112.12,60607.0
2021-03-15,111.78,111.9,111.67,111.83,40938.0
2021-03-16,111.73,111.73,111.39,111.59,84770.0
2021-03-17,111.62,112.33,111.52,112.29,174776.0
2021-03-18,111.66,111.89,111.6,111.63,97625.0
2021-03-19,111.36,111.65,111.31,111.58,79490.0
2021-03-22,111.72,111.96,111.6799,111.86,37860.0
2021-03-23,111.28,111.37,111.03,111.03,65025.0
2021-03-24,110.78,110.94,110.7,110.7,72785.0
2021-03-25,110.69,110.7285,110.23,110.27,76245.0
2021-03-26,110.42,110.6,110.4,110.55,37361.0
2021-03-29,110.4,110.42,110.22,110.27,43396.0
2021-03-30,109.87,109.93,109.74,109.82,43779.0
2021-03-31,109.89,110.15,109.83,109.87,76278.0
2021-04-01,110.18,110.37,110.01,110.36,44403.0
2021-04-05,110.38,110.73,110.38,110.71,75874.0
2021-04-06,110.86,111.2599,110.86,111.23,236124.0
2021-04-07,111.43,111.5893,111.13,111.23,100124.0
2021-04-08,111.41,111.73,111.34,111.61,54962.0
2021-04-09,111.3,111.57,111.27,111.49,41746.0
2021-04-12,111.56,111.62,111.46,111.53,42443.0
2021-04-13,111.78,111.99,111.71,111.99,53858.0
2021-04-14,112.06,112.27,111.971,112.22,48821.0
2021-04-15,112.12,112.23,112.01,112.18,82375.0
2021-04-16,112.23,112.3288,111.39,112.2,289597.0
2021-04-19,112.62,112.75,112.52,112.75,338945.0
2021-04-20,112.77,112.8815,112.59,112.7,44232.0
2021-04-21,112.42,112.7387,112.39,112.69,29412.0
2021-04-22,112.67,112.67,112.33,112.49,212573.0
2021-04-23,112.96,113.32,112.82,113.31,116667.0
2021-04-26,113.1,113.24,112.97,113.2,210359.0
2021-04-27,113.12,113.21,113.04,113.21,43457.0
2021-04-28,113.02,113.62,112.91,113.57,73358.0
2021-04-29,113.52,113.58,113.34,113.56,50487.0
2021-04-30,113.18,113.18,112.529,112.58,155186.0
2021-05-03,112.87,113.06,112.799,112.95,65224.0
2021-05-04,112.54,112.65,112.37,112.48,71388.0
2021-05-05,112.36,112.43,111.87,112.36,8251.0
2021-05-06,112.83,113.0,112.78,112.93,45759.0
2021-05-07,113.3,113.95,113.3,113.93,152699.0
2021-05-10,113.95,114.0,113.63,113.66,39169.0
2021-05-11,113.77,113.94,113.7,113.73,36609.0
2021-05-12,113.2,113.33,112.93,113.01,61876.0
2021-05-13,113.08,113.23,112.9,113.13,23047.0
2021-05-14,113.58,113.7111,113.56,113.63,72703.0
2021-05-17,113.68,113.797,113.6162,113.79,29357.0
2021-05-18,114.3,114.45,114.16,114.43,66847.0
2021-05-19,114.32,114.52,113.8,113.92,118822.0
2021-05-20,114.26,114.44,114.2397,114.44,41485.0
2021-05-21,114.12,114.12,113.79,114.02,42225.0
2021-05-24,114.31,114.42,114.23,114.31,25424.0
2021-05-25,114.58,114.6599,114.41,114.6,72063.0
2021-05-26,114.38,114.5,113.99,114.08,40460.0
2021-05-27,114.02,114.23,113.97,114.15,35855.0
2021-05-28,113.63,114.17,113.61,114.05,41540.0
2021-06-01,114.4,114.63,114.313,114.34,48263.0
2021-06-02,114.03,114.285,114.0,114.22,41127.0
2021-06-03,113.72,113.72,113.3706,113.49,43588.0
2021-06-04,113.87,113.98,113.76,113.83,52963.0
2021-06-07,113.81,114.0972,113.81,114.04,27776.0
2021-06-08,113.87,114.02,113.85,113.86,15546.0
2021-06-09,114.2,114.24,113.86,113.89,15224.0
2021-06-10,113.61,113.99,113.61,113.83,35023.0
2021-06-11,113.42,113.42,113.0943,113.24,65248.0
2021-06-14,113.38,113.411,113.3004,113.33,30627.0
2021-06-15,113.4,113.41,113.297,113.38,13721.0
2021-06-16,113.24,113.38,112.166,112.26,100831.0
2021-06-17,111.73,111.73,111.2,111.28,121941.0
2021-06-18,111.03,111.09,110.77,110.94,159772.0
2021-06-21,111.26,111.46,111.24,111.43,71386.0
2021-06-22,111.32,111.7499,111.24,111.65,31406.0
2021-06-23,111.75,111.89,111.45,111.47,22730.0
2021-06-24,111.62,111.71,111.47,111.57,14416.0
2021-06-25,111.83,111.91,111.49,111.59,49662.0
2021-06-28,111.4,111.56,111.33,111.46,35055.0
2021-06-29,111.11,111.3294,111.06,111.23,52892.0
2021-06-30,110.96,110.96,110.71,110.81,32002.0
2021-07-01,110.95,110.95,110.67,110.74,40722.0
2021-07-02,110.62,110.97,110.55,110.86,91305.0
2021-07-06,110.57,110.63,110.33,110.48,31004.0
2021-07-07,110.34,110.4,110.12,110.2,30623.0
2021-07-08,110.78,110.88,110.59,110.69,56005.0
2021-07-09,110.89,110.99,110.8,110.97,51824.0
2021-07-12,110.81,110.88,110.72,110.79,20740.0
2021-07-13,110.26,110.51,109.98,109.98,46227.0
2021-07-14,110.41,110.6,110.35,110.55,30254.0
2021-07-15,110.39,110.41,110.21,110.34,12772.0
2021-07-16,110.3,110.35,110.21,110.24,21739.0
2021-07-19,110.34,110.4346,110.18,110.18,28964.0
2021-07-20,109.84,110.08,109.81,110.05,24266.0
2021-07-21,109.9,110.25,109.88,110.23,21123.0
2021-07-22,110.47,110.47,109.84,109.95,18140.0
2021-07-23,109.92,109.98,109.8,109.94,55547.0
2021-07-26,110.08,110.35,110.08,110.26,31746.0
2021-07-27,110.409,110.57,110.28,110.39,24100.0
2021-07-28,110.14,110.66,110.0,110.65,37379.0
2021-07-29,110.91,111.06,110.91,111.03,67211.0
2021-07-30,110.93,110.99,110.69,110.78,74318.0
2021-08-02,110.91,111.0,110.81,110.86,24622.0
2021-08-03,110.88,110.89,110.7088,110.8099,24927.0
2021-08-04,111.09,111.1,110.5085,110.52,35381.0
2021-08-05,110.55,110.57,110.47,110.49,16259.0
2021-08-06,110.0,110.0,109.73,109.76,23935.0
2021-08-09,109.78,109.8235,109.53,109.53,22657.0
2021-08-10,109.34,109.43,109.31,109.4,35163.0
2021-08-11,109.58,109.68,109.52,109.6087,21101.0
2021-08-12,109.5,109.58,109.45,109.55,21693.0
2021-08-13,109.86,110.16,109.81,110.13,27551.0
2021-08-16,109.96,110.04,109.87,109.93,8557.0
2021-08-17,109.52,109.5884,109.291,109.32,30457.0
2021-08-18,109.33,109.57,109.16,109.32,38064.0
2021-08-19,109.14,109.2,108.96,108.99,57574.0
2021-08-20,108.99,109.23,108.94,109.2,41549.0
2021-08-23,109.55,109.64,109.425,109.6,31852.0
2021-08-24,109.56,109.78,109.55,109.72,45613.0
2021-08-25,109.54,109.92,109.5,109.92,36399.0
2021-08-26,109.69,109.762,109.64,109.67,11443.0
2021-08-27,109.56,110.1,109.56,110.09,53282.0
2021-08-30,110.05,110.14,109.97,110.11,28046.0
2021-08-31,110.29,110.44,110.08,110.18,72986.0
2021-09-01,110.5,110.62,109.83,110.47,32981.0
2021-09-02,110.58,110.81,110.57,110.8,40479.0
2021-09-03,111.0,111.019,110.76,110.85,70122.0
2021-09-07,110.53,110.6431,110.435,110.435,32958.0
2021-09-08,110.22,110.31,110.1074,110.21,84224.0
2021-09-09,110.33,110.4,110.1012,110.28,71367.0
2021-09-10,110.3,110.38,110.14,110.14,64012.0
2021-09-13,109.96,110.18,109.96,110.12,39239.0
2021-09-14,110.38,110.39,110.02,110.06,35918.0
2021-09-15,110.2,110.22,110.065,110.18,22863.0
2021-09-16,109.6,109.7488,109.5703,109.73,52405.0
2021-09-17,109.61,109.65,109.35,109.41,256912.0
2021-09-20,109.25,109.445,109.22,109.38,163064.0
2021-09-21,109.38,109.41,109.25,109.39,35999.0
2021-09-22,109.346,109.56,108.952,109.022,48300.0
2021-09-23,109.35,109.54,109.35,109.505,64718.0
2021-09-24,109.21,109.3,109.13,109.23,52996.0
2021-09-27,109.06,109.1301,109.02,109.03,66195.0
2021-09-28,108.93,109.03,108.77,108.97,95039.0
2021-09-29,108.52,108.52,108.05,108.06,272362.0
2021-09-30,108.02,108.11,107.78,107.97,67735.0
2021-10-01,108.18,108.18,108.0,108.08,68362.0
2021-10-04,108.41,108.47,108.26,108.29,125925.0
2021-10-05,108.04,108.22,107.93,108.1,57503.0
2021-10-06,107.59,107.74,107.47,107.74,258986.0
2021-10-07,107.65,107.81,107.65,107.68,67179.0
2021-10-08,107.74,107.89,107.69,107.78,82056.0
2021-10-11,107.83,107.93,107.64,107.64,77957.0
2021-10-12,107.56,107.61,107.38,107.46,66359.0
2021-10-13,107.72,108.08,107.72,108.05,62553.0
2021-10-14,108.07,108.12,107.96,108.05,284678.0
2021-10-15,108.1,108.16,107.97,108.08,202496.0
2021-10-18,108.15,108.27,108.02,108.14,182504.0
2021-10-19,108.45,108.5875,108.35,108.41,125735.0
2021-10-20,108.46,108.59,108.43,108.53,34217.0
2021-10-21,108.44,108.52,108.234,108.234,68332.0
2021-10-22,108.37,108.54,108.27,108.47,62210.0
2021-10-25,108.17,108.2,108.1001,108.15,22130.0
2021-10-26,108.1399,108.1399,107.891,108.01,57770.0
2021-10-27,108.21,108.21,107.96,108.04,32411.0
2021-10-28,108.38,108.9,108.31,108.82,149698.0
2021-10-29,108.33,108.36,107.44,107.64,111572.0
2021-11-01,107.9,108.08,107.67,108.06,25155.0
2021-11-02,107.97,108.0,107.8,107.83,51108.0
2021-11-03,107.7,108.15,107.67,107.99,58880.0
2021-11-04,107.55,107.6783,107.36,107.6,48988.0
2021-11-05,107.47,107.72,107.24,107.69,21968.0
2021-11-08,107.61,107.94,107.61,107.89,24203.0
2021-11-09,107.92,108.05,107.755,107.95,32130.0
2021-11-10,107.74,107.74,106.84,106.86,119794.0
2021-11-11,106.74,106.84,106.54,106.58,34260.0
2021-11-12,106.48,106.6,106.45,106.58,67512.0
2021-11-15,106.51,106.51,105.71,105.72,70111.0
2021-11-16,105.57,105.67,105.28,105.31,49741.0
2021-11-17,105.29,105.42,105.16,105.38,111436.0
2021-11-18,105.54,105.85,105.5204,105.82,83833.0
2021-11-19,105.29,105.36,105.02,105.04,74930.0
2021-11-22,104.62,104.83,104.52,104.57,54842.0
2021-11-23,104.57,104.85,104.57,104.7,20091.0
2021-11-24,104.14,104.3298,104.135,104.29,51646.0
2021-11-26,105.01,105.3,105.0007,105.2,46179.0
2021-11-29,104.88,104.97,104.76,104.93,31160.0
2021-11-30,105.74,105.889,104.68,105.5,50868.0
2021-12-01,105.56,105.62,105.1351,105.22,29205.0
2021-12-02,105.4,105.555,105.08,105.13,49815.0
2021-12-03,105.1,105.37,104.85,105.22,40920.0
2021-12-06,105.18,105.18,104.84,104.91,17215.0
2021-12-07,104.53,104.7975,104.53,104.78,23190.0
2021-12-08,105.18,105.6199,105.16,105.53,38201.0
2021-12-09,105.22,105.22,104.92,105.05,12746.0
2021-12-10,104.92,105.2917,104.88,105.25,28827.0
2021-12-13,104.92,105.13,104.8423,104.9,22620.0
2021-12-14,105.03,105.1158,104.63,104.64,52924.0
2021-12-15,104.69,105.02,104.4,104.97,33568.0
2021-12-16,105.33,105.48,105.092,105.4,29369.0
2021-12-17,105.16,105.16,104.46,104.5,85902.0
2021-12-20,104.89,105.1,104.8101,104.88,41693.0
2021-12-21,104.82,104.93,104.7181,104.93,45411.0
2021-12-22,105.23,105.46,104.97,105.44,49630.0
2021-12-23,105.05,105.4,105.02,105.39,44698.0
2021-12-27,105.21,105.3401,105.21,105.31,27926.0
2021-12-28,105.15,105.23,104.96,105.18,21430.0
2021-12-29,105.31,105.6062,105.31,105.5,38653.0
2021-12-30,105.2,105.34,105.13,105.2156,42329.0
2021-12-31,105.45,105.83,105.401,105.76,32079.0
2022-01-03,105.22,105.29,104.84,104.99,45668.0
2022-01-04,104.875,105.22,104.85,104.877,11643.0
2022-01-05,105.33,105.45,105.07,105.13,18046.0
2022-01-06,105.08,105.2989,104.89,104.93,78455.0
2022-01-07,105.2,105.62,105.2,105.61,51821.0
2022-01-10,104.98,105.349,104.94,105.3,24136.0
2022-01-11,105.23,105.715,105.17,105.65,16818.0
2022-01-12,106.01,106.43,106.01,106.43,50912.0
2022-01-13,106.63,106.69,106.41,106.42,35369.0
2022-01-14,106.33,106.33,105.95,106.09,113715.0
2022-01-18,105.55,105.6273,105.12,105.14,121477.0
2022-01-19,105.45,105.52,105.36,105.47,73597.0
2022-01-20,105.42,105.4789,105.03,105.03,34109.0
2022-01-21,105.46,105.5,105.36,105.41,48532.0
2022-01-24,105.0,105.29,104.91,105.1808,89384.0
2022-01-25,104.68,105.03,104.57,105.0204,86080.0
2022-01-26,104.92,104.92,104.36,104.38,114832.0
2022-01-27,103.62,103.67,103.395,103.5,104367.0
2022-01-28,103.54,103.72,103.43,103.594,392740.0
2022-01-31,103.92,104.45,103.84,104.39,206787.0
2022-02-01,104.55,104.73,104.38,104.67,28463.0
2022-02-02,105.08,105.17,104.87,105.03,120373.0
2022-02-03,105.68,106.3884,105.68,106.16,226939.0
2022-02-04,106.25,106.4576,106.02,106.42,191121.0
2022-02-07,106.14,106.33,106.054,106.26,29741.0
2022-02-08,106.05,106.09,105.92,106.08,38822.0
2022-02-09,106.12,106.27,106.05,106.11,30088.0
2022-02-10,105.74,106.7488,105.735,106.18,43646.0
2022-02-11,105.73,105.91,105.22,105.3,124017.0
2022-02-14,105.04,105.0901,104.77,104.85,97863.0
2022-02-15,105.39,105.57,105.15,105.49,23728.0
2022-02-16,105.49,105.79,105.49,105.72,36293.0
2022-02-17,105.541,105.63,105.43,105.43,35070.0
2022-02-18,105.39,105.4,105.07,105.15,93277.0
2022-02-22,105.21,105.35,105.12,105.17,23678.0
2022-02-23,105.32,105.32,104.87,104.89,23695.0
2022-02-24,103.44,104.12,103.12,103.98,211487.0
2022-02-25,104.11,104.62,103.98,104.58,78870.0
2022-02-28,104.04,104.37,103.93,104.06,165742.0
2022-03-01,103.54,103.56,102.94,103.39,166919.0
2022-03-02,103.0,103.39,102.67,103.25,61969.0
2022-03-03,102.94,102.94,102.43,102.69,89828.0
2022-03-04,101.3,101.48,101.13,101.45,177050.0
2022-03-07,101.38,101.38,100.67,100.85,132429.0
2022-03-08,101.23,101.65,100.88,101.22,147999.0
2022-03-09,102.53,102.93,102.24,102.72,94776.0
2022-03-10,102.24,102.26,101.75,101.8,63938.0
2022-03-11,101.93,101.94,101.14,101.2,76835.0
2022-03-14,101.58,101.97,101.46,101.54,72139.0
2022-03-15,101.96,102.1342,101.37,101.64,26719.0
2022-03-16,101.91,102.6,101.61,102.58,156822.0
2022-03-17,102.62,103.3,102.6,102.96,63736.0
2022-03-18,102.14,102.7,102.09,102.55,122222.0
2022-03-21,102.46,102.61,102.151,102.16,34190.0
2022-03-22,102.27,102.38,102.16,102.37,13597.0
2022-03-23,101.83,102.1398,101.705,102.07,98863.0
2022-03-24,101.82,102.14,101.73,102.0,41601.0
2022-03-25,102.11,102.21,101.86,101.8779,37769.0
2022-03-28,101.62,101.99,101.62,101.875,32918.0
2022-03-29,103.18,103.2796,102.67,102.88,147785.0
2022-03-30,103.28,103.57,103.23,103.4331,111763.0
2022-03-31,102.83,103.093,102.58,102.5888,56094.0
2022-04-01,102.36,102.49,102.27,102.49,67898.0
2022-04-04,101.91,102.009,101.65,101.74,117194.0
2022-04-05,101.58,101.7574,101.03,101.03,98891.0
2022-04-06,101.27,101.3101,100.86,101.04,69145.0
2022-04-07,101.21,101.3668,100.75,100.7682,23641.0
2022-04-08,100.51,100.86,100.441,100.835,92628.0
2022-04-11,100.89,101.0099,100.78,100.86,41285.0
2022-04-12,100.83,100.91,100.27,100.35,122329.0
2022-04-13,100.27,100.9,100.19,100.9,49533.0
2022-04-14,100.35,100.41,99.7,100.29,299258.0
2022-04-18,100.05,100.13,99.8,99.91,37256.0
2022-04-19,100.01,100.14,99.92,99.97,110160.0
2022-04-20,100.41,100.6714,100.37,100.58,56253.0
2022-04-21,100.92,100.94,100.36,100.41,43476.0
2022-04-22,100.32,100.32,99.82,100.01,149266.0
2022-04-25,99.37,99.39,99.14,99.29,537847.0
2022-04-26,98.97,99.02,98.58,98.65,117181.0
2022-04-27,97.67,97.97,97.45,97.85,174360.0
2022-04-28,97.34,97.57,97.14,97.39,133279.0
2022-04-29,97.53,98.03,97.47,97.75,97477.0
2022-05-02,97.3,97.66,97.2,97.32,50025.0
2022-05-03,97.83,97.87,97.4,97.5174,35848.0
2022-05-04,97.74,98.41,97.39,98.3,211339.0
2022-05-05,97.84,97.84,97.22,97.73,90217.0
2022-05-06,98.04,98.13,97.63,97.69,85958.0
2022-05-09,97.66,98.18,97.41,97.81,310331.0
2022-05-10,97.82,97.83,97.51,97.59,71426.0
2022-05-11,97.75,97.9,97.3933,97.4015,142908.0
2022-05-12,96.51,96.55,95.92,96.07,176412.0
2022-05-13,95.95,96.47,95.94,96.35,71833.0
2022-05-16,96.51,96.72,96.25,96.6277,40835.0
2022-05-17,97.55,97.71,97.44,97.63,219757.0
2022-05-18,97.4,97.56,96.8701,96.88,67364.0
2022-05-19,97.64,98.21,97.62,98.08,159782.0
2022-05-20,97.77,97.81,97.52,97.75,116997.0
2022-05-23,98.59,99.0262,98.55,98.95,188162.0
2022-05-24,99.14,99.5,99.12,99.36,128275.0
2022-05-25,98.75,98.99,98.63,98.86,67778.0
2022-05-26,99.06,99.325,99.04,99.27,81778.0
2022-05-27,99.26,99.51,99.07,99.46,75234.0
2022-05-31,99.15,99.46,98.97,99.35,33409.0
2022-06-01,99.28,99.29,98.4,98.6,66316.0
2022-06-02,99.1,99.5,98.99,99.47,32665.0
2022-06-03,99.31,99.5,99.182,99.23,29737.0
2022-06-06,99.14,99.1993,98.928,99.0,24348.0
2022-06-07,98.72,99.12,98.72,99.11,98981.0
2022-06-08,99.35,99.4385,99.14,99.14,22889.0
2022-06-09,98.971,99.06,98.2,98.22,162387.0
2022-06-10,97.55,97.55,97.22,97.34,279078.0
2022-06-13,96.77,96.84,96.3008,96.34,229625.0
2022-06-14,96.652,96.735,96.27,96.37,98363.0
2022-06-15,96.42,96.7488,95.87,96.71,294952.0
2022-06-16,96.79,98.07,96.6,97.68,361291.0
2022-06-17,97.05,97.165,96.67,97.09,136105.0
2022-06-21,97.55,97.71,97.29,97.4,100062.0
2022-06-22,97.53,98.05,97.481,97.74,182295.0
2022-06-23,97.34,97.478,97.1,97.4,26794.0
2022-06-24,97.5,97.84,97.44,97.63,374902.0
2022-06-27,97.88,98.18,97.76,97.86,164401.0
2022-06-28,97.42,97.475,97.2317,97.36,89677.0
2022-06-29,97.12,97.12,96.55,96.59,102156.0
2022-06-30,96.35,97.0,96.29,96.91,184770.0
2022-07-01,96.2,96.49,95.92,96.46,303686.0
2022-07-05,94.91,95.0237,94.6867,94.96,673789.0
2022-07-06,94.27,94.3017,94.0,94.22,127377.0
2022-07-07,94.08,94.23,93.82,94.02,106248.0
2022-07-08,94.01,94.21,93.73,94.11,94008.0
2022-07-11,93.03,93.3,92.78,92.87,141971.0
2022-07-12,92.91,93.143,92.76,92.78,179639.0
2022-07-13,92.69,93.57,92.5616,93.0,199249.0
2022-07-14,92.21,92.91,92.0325,92.6,267015.0
2022-07-15,93.03,93.3399,92.84,93.21,133610.0
2022-07-18,93.77,94.288,93.75,93.77,191893.0
2022-07-19,94.66,94.865,94.48,94.5,232370.0
2022-07-20,94.55,94.5755,93.87,94.04,115466.0
2022-07-21,94.01,94.4,93.93,94.36,209405.0
2022-07-22,94.13,94.74,94.11,94.39,167154.0
2022-07-25,94.74,94.74,94.3301,94.495,100420.0
2022-07-26,93.78,93.85,93.4399,93.48,200207.0
2022-07-27,93.73,94.46,93.35,94.35,133285.0
2022-07-28,93.99,94.15,93.6,94.1298,80163.0
2022-07-29,93.89,94.48,93.7899,94.44,77431.0
2022-08-01,94.72,94.95,94.63,94.8,172716.0
2022-08-02,94.5,94.58,93.96,93.96,103729.0
2022-08-03,94.02,94.02,93.57,93.97,143852.0
2022-08-04,94.11,94.72,94.05,94.67,38027.0
2022-08-05,93.85,94.17,93.8,94.06,97544.0
2022-08-08,94.21,94.44,94.1301,94.16,66093.0
2022-08-09,94.64,94.65,94.285,94.29,54676.0
2022-08-10,95.34,95.779,95.1,95.18,239417.0
2022-08-11,95.57,95.71,95.236,95.31,56298.0
2022-08-12,94.93,94.99,94.6,94.81,201359.0
2022-08-15,94.45,94.45,93.82,93.89,72132.0
2022-08-16,93.83,94.16,93.83,93.94,115715.0
2022-08-17,93.9,94.2,93.83,94.06,61881.0
2022-08-18,93.83,93.83,93.13,93.23,132972.0
2022-08-19,92.86,92.89,92.68,92.73,92973.0
2022-08-22,92.42,92.42,91.6998,91.835,625048.0
2022-08-23,91.83,92.53,91.81,92.07,552357.0
2022-08-24,91.65,92.33,91.53,92.08,73657.0
2022-08-25,92.06,92.32,91.92,92.13,114914.0
2022-08-26,92.95,93.11,91.9565,92.01,233015.0
2022-08-29,92.35,92.58,92.18,92.31,80346.0
2022-08-30,92.6,92.7014,92.215,92.5187,70321.0
2022-08-31,92.36,93.05,92.33,92.78,205470.0
2022-09-01,92.21,92.21,91.54,91.84,412663.0
2022-09-02,92.43,92.63,91.8318,91.9,73078.0
2022-09-06,91.36,91.63,91.08,91.44,249752.0
2022-09-07,91.51,92.45,91.44,92.44,318599.0
2022-09-08,92.01,92.35,91.84,92.3362,136044.0
2022-09-09,92.77,92.9,92.635,92.74,169363.0
2022-09-12,93.43,93.65,93.31,93.4,154162.0
2022-09-13,92.54,92.7,92.03,92.06,132861.0
2022-09-14,92.23,92.34,92.02,92.11,191843.0
2022-09-15,92.19,92.45,92.16,92.25,227322.0
2022-09-16,92.04,92.63,91.9869,92.43,368557.0
2022-09-19,92.12,92.55,92.1,92.52,172184.0
2022-09-20,92.0,92.29,91.963,92.09,69322.0
2022-09-21,91.52,91.52,90.63,90.96,224767.0
2022-09-22,91.02,91.08,90.61,90.85,345811.0
2022-09-23,90.2,90.2,89.27,89.48,375240.0
2022-09-26,89.14,89.33,88.6401,88.7,249172.0
2022-09-27,88.8,89.01,88.37,88.59,278217.0
2022-09-28,88.49,90.02,88.45,89.82,417987.0
2022-09-29,89.83,90.5143,89.7,90.44,254837.0
2022-09-30,89.95,90.59,89.92,90.44,102094.0
2022-10-03,90.21,90.83,90.09,90.73,156261.0
2022-10-04,91.49,92.29,91.49,92.22,678337.0
2022-10-05,91.23,91.3299,90.76,91.23,149560.0
2022-10-06,90.81,90.85,90.34,90.43,384958.0
2022-10-07,90.16,90.39,89.85,89.9,330510.0
2022-10-10,89.52,89.95,89.4,89.64,100883.0
2022-10-11,89.75,90.24,89.45,89.67,366451.0
2022-10-12,89.62,89.64,89.23,89.5,87906.0
2022-10-13,89.11,90.48,89.11,90.18,294030.0
2022-10-14,89.91,90.09,89.62,89.85,78951.0
2022-10-17,90.33,90.95,90.28,90.73,466182.0
2022-10-18,91.03,91.11,90.6316,90.97,68350.0
2022-10-19,90.33,90.45,90.1,90.2363,486193.0
2022-10-20,90.34,90.8577,90.19,90.29,48313.0
2022-10-21,90.14,91.04,90.14,90.98,213359.0
2022-10-24,90.84,91.28,90.74,91.09,146769.0
2022-10-25,91.66,92.02,91.59,91.951,103950.0
2022-10-26,92.39,93.089,92.33,93.0,370160.0
2022-10-27,92.19,92.67,91.9,92.01,751755.0
2022-10-28,92.0,92.12,91.62,91.95,104762.0
2022-10-31,91.41,91.4268,91.13,91.24,116287.0
2022-11-01,91.59,91.78,90.97,91.19,41157.0
2022-11-02,91.45,92.0495,90.68,90.75,50555.0
2022-11-03,90.02,90.39,89.92,89.97,105935.0
2022-11-04,91.06,91.96,90.84,91.88,165404.0
2022-11-07,92.24,92.5686,92.07,92.43,108698.0
2022-11-08,92.35,93.13,92.26,92.89,550880.0
2022-11-09,92.49,93.03,92.2,92.37,133637.0
2022-11-10,93.56,94.09,93.48,94.05,243782.0
2022-11-11,94.97,95.6099,94.75,95.57,656632.0
2022-11-14,95.13,95.54,95.04,95.28,176036.0
2022-11-15,96.08,96.17,94.9,95.51,224393.0
2022-11-16,95.98,96.06,95.53,95.92,228938.0
2022-11-17,95.27,95.68,95.22,95.68,127365.0
2022-11-18,95.61,95.68,95.222,95.3,82977.0
2022-11-21,94.58,94.66,94.35,94.48,471352.0
2022-11-22,94.68,95.0701,94.67,95.03,138467.0
2022-11-23,95.29,96.0199,95.29,95.99,534175.0
2022-11-25,95.59,96.06,95.59,96.02,164960.0
2022-11-28,96.26,96.4,95.32,95.35,156542.0
2022-11-29,95.2701,95.65,95.2499,95.29,26834.0
2022-11-30,95.72,96.212,94.96,96.02,68108.0
2022-12-01,96.88,97.17,96.6,97.1,275058.0
2022-12-02,96.72,97.245,96.4301,97.2,319931.0
2022-12-05,97.41,97.49,96.71,96.73,159286.0
2022-12-06,96.95,97.13,96.5101,96.59,131277.0
2022-12-07,97.11,97.171,96.8,96.97,319299.0
2022-12-08,97.13,97.47,97.075,97.4,63422.0
2022-12-09,97.26,97.41,97.07,97.15,55062.0
2022-12-12,97.42,97.64,97.02,97.19,58429.0
2022-12-13,98.33,98.35,97.9,98.06,235914.0
2022-12-14,98.19,98.65,97.96,98.54,435595.0
2022-12-15,98.73,98.8,97.73,98.06,321270.0
2022-12-16,98.04,98.2,97.73,97.73,195049.0
2022-12-19,97.87,98.08,97.631,97.88,60414.0
2022-12-20,98.01,98.43,97.82,97.93,68542.0
2022-12-21,97.92,98.084,97.75,97.95,119442.0
2022-12-22,97.82,97.885,97.56,97.81,83332.0
2022-12-23,97.85,98.05,97.78,97.97,34670.0
2022-12-27,97.98,98.39,97.97,98.19,103026.0
2022-12-28,98.3,98.52,97.89,97.91,76118.0
2022-12-29,98.34,98.64,98.19,98.46,99526.0
2022-12-30,98.49,98.86,98.4,98.8,120153.0
2023-01-03,97.56,97.76,97.26,97.39,232759.0
2023-01-04,97.92,98.04,97.655,97.81,124678.0
2023-01-05,97.38,97.45,97.06,97.105,144750.0
2023-01-06,97.12,98.275,96.92,98.25,114736.0
2023-01-09,98.93,99.3,98.88,99.06,94470.0
2023-01-10,99.18,99.2632,98.97,99.09,86674.0
2023-01-11,99.35,99.44,99.07,99.26,97236.0
2023-01-12,99.79,100.25,99.23,100.13,187751.0
2023-01-13,99.7,100.01,99.65,99.96,86644.0
2023-01-17,100.26,100.295,99.43,99.58,135826.0
2023-01-18,100.36,100.41,99.51,99.53,198420.0
2023-01-19,99.87,100.018,99.545,99.94,65486.0
2023-01-20,99.81,100.21,99.73,100.2,181296.0
2023-01-23,100.16,100.37,100.12,100.33,228180.0
2023-01-24,100.3,100.51,100.03,100.46,126065.0
2023-01-25,100.42,100.79,100.39,100.74,99422.0
2023-01-26,100.67,100.67,100.21,100.54,70440.0
2023-01-27,100.19,100.41,100.06,100.28,44331.0
2023-01-30,100.47,100.61,100.08,100.11,101397.0
2023-01-31,100.24,100.3825,100.1,100.34,51457.0
2023-02-01,100.62,101.52,100.49,101.4,279766.0
2023-02-02,101.01,101.05,100.46,100.69,79737.0
2023-02-03,100.08,100.35,99.58,99.58,128339.0
2023-02-06,99.21,99.35,98.812,98.99,160787.0
2023-02-07,98.67,99.32,98.45,98.99,166606.0
2023-02-08,99.01,99.1084,98.85,98.88,89452.0
2023-02-09,99.53,99.56,99.02,99.07,34969.0
2023-02-10,98.74,98.8,98.45,98.54,64370.0
2023-02-13,98.58,99.02,98.58,98.94,51491.0
2023-02-14,98.97,99.36,98.86,99.08,51122.0
2023-02-15,98.52,98.66,98.39,98.63,144248.0
2023-02-16,98.47,98.71,98.32,98.52,100349.0
2023-02-17,98.3,98.745,98.185,98.7,154624.0
2023-02-21,98.3,98.65,98.21,98.22,46996.0
2023-02-22,98.26,98.37,97.84,97.85,113700.0
2023-02-23,97.92,97.97,97.65,97.87,89163.0
2023-02-24,97.31,97.48,97.28,97.36,148823.0
2023-02-27,97.74,98.02,97.69,97.94,79846.0
2023-02-28,98.04,98.21,97.64,97.64,57480.0
2023-03-01,98.45,98.52,98.22,98.38,135513.0
2023-03-02,97.79,97.9089,97.57,97.79,69303.0
2023-03-03,97.92,98.15,97.71,98.1,58439.0
2023-03-06,98.37,98.68,98.3419,98.5,77296.0
2023-03-07,98.25,98.28,97.32,97.37,106368.0
2023-03-08,97.33,97.51,97.17,97.32,83522.0
2023-03-09,97.52,97.7293,97.5,97.62,24349.0
2023-03-10,98.28,98.72,98.15,98.16,107747.0
2023-03-13,98.8,99.19,98.73,99.04,148002.0
2023-03-14,99.05,99.17,98.79,99.13,34848.0
2023-03-15,97.15,97.7825,97.09,97.65,233057.0
2023-03-16,97.6,98.05,97.55,97.98,109089.0
2023-03-17,98.1,98.62,98.02,98.41,112856.0
2023-03-20,98.99,99.03,98.85,98.99,57111.0
2023-03-21,99.52,99.56,99.34,99.42,57504.0
2023-03-22,99.55,100.7213,99.498,100.31,114881.0
2023-03-23,100.51,100.69,99.95,100.08,80872.0
2023-03-24,99.36,99.41,99.19,99.35,101685.0
2023-03-27,99.66,99.72,99.52,99.71,27072.0
2023-03-28,100.0,100.19,99.95,100.19,55243.0
2023-03-29,100.1,100.23,99.9699,100.11,21034.0
2023-03-30,100.86,100.86,100.63,100.75,51672.0
2023-03-31,100.522,100.68,100.14,100.19,46719.0
2023-04-03,100.35,100.73,100.32,100.64,165165.0
2023-04-04,100.58,101.23,100.56,101.12,102267.0
2023-04-05,100.98,101.19,100.52,100.62,38050.0
2023-04-06,100.52,100.94,100.5,100.83,77348.0
2023-04-10,100.15,100.28,99.99,100.28,30907.0
2023-04-11,100.81,100.86,100.57,100.73,90248.0
2023-04-12,101.32,101.53,101.22,101.41,84437.0
2023-04-13,102.02,102.16,101.96,101.98,83601.0
2023-04-14,101.8,101.83,101.35,101.55,119619.0
2023-04-17,101.04,101.11,100.74,100.92,73368.0
2023-04-18,101.12,101.33,101.11,101.31,28658.0
2023-04-19,101.18,101.34,101.1101,101.21,49166.0
2023-04-20,101.27,101.45,101.18,101.24,24610.0
2023-04-21,101.45,101.5,101.17,101.47,27123.0
2023-04-24,101.73,102.045,101.719,102.008,49634.0
2023-04-25,101.71,101.71,101.27,101.31,45065.0
2023-04-26,102.39,102.44,101.88,101.9,131678.0
2023-04-27,101.6,101.85,101.53,101.84,33558.0
2023-04-28,101.63,102.01,101.58,101.81,100889.0
2023-05-01,101.79,101.79,101.19,101.24,39590.0
2023-05-02,101.06,101.59,101.03,101.55,132424.0
2023-05-03,101.84,102.35,101.81,102.01,156669.0
2023-05-04,101.84,101.91,101.4,101.7,115033.0
2023-05-05,101.37,101.85,101.36,101.71,41652.0
2023-05-08,101.87,101.94,101.54,101.57,41679.0
2023-05-09,101.03,101.28,101.03,101.19,79371.0
2023-05-10,101.4,101.58,101.23,101.38,156804.0
2023-05-11,100.76,100.88,100.62,100.78,68956.0
2023-05-12,100.54,100.59,100.15,100.17,43711.0
2023-05-15,100.41,100.44,100.31,100.35,23401.0
2023-05-16,100.41,100.48,100.24,100.27,27050.0
2023-05-17,100.08,100.159,99.8101,100.07,59291.0
2023-05-18,99.61,99.61,99.3681,99.47,51012.0
2023-05-19,99.66,99.94,99.59,99.81,46530.0
2023-05-22,99.84,99.92,99.72,99.86,39674.0
2023-05-23,99.53,99.65,99.3671,99.45,28534.0
2023-05-24,99.59,99.59,99.275,99.275,39650.0
2023-05-25,99.01,99.0963,98.9,98.99,47271.0
2023-05-26,99.11,99.17,98.86,99.1,23839.0
2023-05-30,99.16,99.2,98.96,99.11,66780.0
2023-05-31,98.71,98.8671,98.25,98.71,199238.0
2023-06-01,98.82,99.35,98.82,99.29,120820.0
2023-06-02,99.36,99.37,98.78,98.79,293584.0
2023-06-05,98.58,98.92,98.558,98.83,51466.0
2023-06-06,98.53,98.7,98.46,98.66,33700.0
2023-06-07,98.8,99.08,98.67,98.68,104825.0
2023-06-08,99.12,99.55,99.12,99.47,89659.0
2023-06-09,99.39,99.435,99.1549,99.16,50037.0
2023-06-12,99.41,99.41,99.18,99.326,34865.0
2023-06-13,99.74,99.77,99.52,99.56,42473.0
2023-06-14,100.02,100.27,99.73,99.94,155097.0
2023-06-15,100.47,101.1,100.42,101.07,125824.0
2023-06-16,101.1,101.25,100.83,100.98,184515.0
2023-06-20,100.77,100.8593,100.59,100.74,207358.0
2023-06-21,100.74,101.5,100.74,101.5,107947.0
2023-06-22,101.39,101.48,101.12,101.26,160322.0
2023-06-23,100.68,100.68,100.515,100.6,55203.0
2023-06-26,100.81,100.84,100.7,100.75,17198.0
2023-06-27,101.36,101.4,101.13,101.27,67872.0
2023-06-28,101.04,101.1,100.7,100.8217,24936.0
2023-06-29,100.44,100.6273,100.3543,100.42,31264.0
2023-06-30,100.78,100.98,100.78,100.81,58363.0
2023-07-03,100.67,100.8,100.61,100.7449,20801.0
2023-07-05,100.56,100.56,100.15,100.1626,32436.0
2023-07-06,100.44,100.4648,99.98,100.4648,19506.0
2023-07-07,100.68,101.25,100.66,101.21,13737.0
2023-07-10,101.14,101.52,101.135,101.51,34889.0
2023-07-11,101.45,101.6,101.34,101.585,47218.0
2023-07-12,102.27,102.83,102.27,102.82,98486.0
2023-07-13,103.21,103.64,103.1943,103.64,102292.0
2023-07-14,103.65,103.8,103.5899,103.62,34719.0
2023-07-17,103.51,103.84,103.5,103.78,79455.0
2023-07-18,103.71,103.83,103.5,103.68,31273.0
2023-07-19,103.5468,103.6201,103.2,103.45,38055.0
2023-07-20,103.19,103.38,102.69,102.78,92944.0
2023-07-21,102.71,102.79,102.6201,102.76,74936.0
2023-07-24,102.25,102.52,102.15,102.17,66240.0
2023-07-25,101.84,102.11,101.81,102.1,70290.0
2023-07-26,102.258,102.52,102.15,102.52,87367.0
2023-07-27,101.82,101.82,101.29,101.29,70804.0
2023-07-28,101.59,102.05,101.58,101.85,32634.0
2023-07-31,101.83,102.03,101.57,101.6,38584.0
2023-08-01,101.25,101.38,101.1599,101.3,45023.0
2023-08-02,101.15,101.168,100.76,100.92,26167.0
2023-08-03,100.82,101.13,100.735,100.99,33725.0
2023-08-04,101.67,101.892,101.55,101.57,40069.0
2023-08-07,101.52,101.612,101.43,101.56,19576.0
2023-08-08,101.05,101.16,100.93,101.13,23502.0
2023-08-09,101.37,101.45,101.29,101.31,24042.0
2023-08-10,101.68,101.9,101.3401,101.36,27064.0
2023-08-11,101.259,101.46,101.0,101.0,34193.0
2023-08-14,100.5,100.96,100.42,100.66,34424.0
2023-08-15,101.02,101.07,100.65,100.69,35647.0
2023-08-16,100.71,100.86,100.4,100.44,27779.0
2023-08-17,100.72,100.78,100.26,100.39,48331.0
2023-08-18,100.31,100.49,100.2801,100.43,28763.0
2023-08-21,100.6,100.71,100.48,100.65,36414.0
2023-08-22,100.32,100.32,100.06,100.19,66431.0
2023-08-23,100.04,100.41,100.018,100.37,156571.0
2023-08-24,99.95,100.19,99.84,99.85,59754.0
2023-08-25,99.9,100.145,99.4807,99.84,60616.0
2023-08-28,99.855,99.985,99.79,99.9743,59054.0
2023-08-29,99.67,100.655,99.67,100.62,295485.0
2023-08-30,100.91,101.24,100.91,100.9501,64743.0
2023-08-31,100.45,100.45,100.16,100.25,36013.0
2023-09-01,100.26,100.42,99.41,99.45,385672.0
2023-09-05,99.1,99.17,98.79,98.91,137352.0
2023-09-06,98.99,99.09,98.78,98.9817,50529.0
2023-09-07,98.81,98.83,98.66,98.7,26591.0
2023-09-08,98.81,99.15,98.731,98.78,55591.0
2023-09-11,99.11,99.3076,98.99,99.23,88780.0
2023-09-12,98.92,99.12,98.89,99.05,68752.0
2023-09-13,99.22,99.29,99.05,99.09,43419.0
2023-09-14,98.57,98.61,98.16,98.25,104362.0
2023-09-15,98.49,98.65,98.41,98.42,38627.0
2023-09-18,98.55,98.7901,98.4601,98.73,34887.0
2023-09-19,98.73,98.84,98.6,98.6,50119.0
2023-09-20,98.86,99.16,98.44,98.44,32420.0
2023-09-21,98.38,98.56,98.27,98.48,140647.0
2023-09-22,98.37,98.57,98.29,98.29,26207.0
2023-09-25,98.09,98.09,97.73,97.88,38874.0
2023-09-26,97.85,97.87,97.58,97.67,48390.0
2023-09-27,97.34,97.34,96.945,97.0707,31553.0
2023-09-28,97.43,97.75,97.38,97.6141,35060.0
2023-09-29,97.87,98.04,97.64,97.7,103503.0
2023-10-02,97.03,97.1,96.71,96.74,43816.0
2023-10-03,96.6,96.7299,96.42,96.62,70298.0
2023-10-04,97.03,97.09,96.775,97.09,16611.0
2023-10-05,97.1,97.36,97.03,97.355,22467.0
2023-10-06,96.96,97.8372,96.95,97.7504,324673.0
2023-10-09,97.3573,97.58,97.28,97.57,43180.0
2023-10-10,97.8,98.03,97.77,97.88,52680.0
2023-10-11,98.01,98.1592,97.73,97.97,36866.0
2023-10-12,97.66,97.66,97.1914,97.2,36998.0
2023-10-13,97.14,97.1934,96.94,97.05,295509.0
2023-10-16,97.31,97.5337,97.26,97.525,24637.0
2023-10-17,97.45,97.85,97.45,97.75,54090.0
2023-10-18,97.46,97.5,97.21,97.3,13472.0
2023-10-19,97.6,98.05,97.56,97.82,117240.0
2023-10-20,97.82,97.908,97.71,97.855,10528.0
2023-10-23,97.92,98.64,97.86,98.56,73798.0
2023-10-24,98.13,98.15,97.8,97.91,52546.0
2023-10-25,97.7,97.87,97.64,97.64,16227.0
2023-10-26,97.49,97.58,97.29,97.58,154207.0
2023-10-27,97.76,97.94,97.63,97.68,27482.0
2023-10-30,97.95,98.2,97.91,98.1205,22028.0
2023-10-31,98.06,98.06,97.6,97.8072,11357.0
2023-11-01,97.16,97.61,97.04,97.48,133918.0
2023-11-02,98.33,98.36,97.92,97.9815,51679.0
2023-11-03,98.9,99.14,98.74,98.99,31882.0
2023-11-06,99.12,99.185,98.91,98.93,46546.0
2023-11-07,98.51,98.795,98.45,98.7009,34219.0
2023-11-08,98.55,98.8901,98.55,98.84,25778.0
2023-11-09,98.8,98.99,98.41,98.44,67593.0
2023-11-10,98.59,98.645,98.43,98.61,26361.0
2023-11-13,98.54,98.82,98.48,98.77,44933.0
2023-11-14,99.81,100.515,99.81,100.47,92687.0
2023-11-15,100.19,100.3101,100.03,100.13,32378.0
2023-11-16,100.28,100.56,100.17,100.18,18131.0
2023-11-17,100.37,100.76,100.32,100.76,20720.0
2023-11-20,100.85,101.16,100.85,101.09,32486.0
2023-11-21,101.23,101.23,100.65,100.78,44315.0
2023-11-22,100.5,100.59,100.2632,100.58,18736.0
2023-11-24,100.93,101.12,100.9113,101.0706,6467.0
2023-11-27,100.99,101.29,100.99,101.29,13323.0
2023-11-28,101.45,101.72,101.43,101.56,33995.0
2023-11-29,101.47,101.605,101.31,101.42,16918.0
2023-11-30,100.84,100.88,100.5589,100.62,57877.0
2023-12-01,100.23,100.479,99.91,100.36,145704.0
2023-12-04,99.85,100.02,99.69,99.98,31799.0
2023-12-05,99.811,99.94,99.5,99.6,41193.0
2023-12-06,99.66,99.66,99.3,99.34,17695.0
2023-12-07,99.47,99.83,99.47,99.6499,18176.0
2023-12-08,99.15,99.52,99.14,99.34,42745.0
2023-12-11,99.2,99.41,99.17,99.39,19607.0
2023-12-12,99.51,99.69,99.41,99.69,15251.0
2023-12-13,99.68,100.58,99.55,100.52,36111.0
2023-12-14,101.2,101.629,101.2,101.52,91248.0
2023-12-15,100.82,100.83,100.57,100.5926,44562.0
2023-12-18,100.87,100.94,100.79,100.86,53781.0
2023-12-19,101.28,101.47,101.26,101.39,34070.0
2023-12-20,101.26,101.38,100.975,100.99,18144.0
2023-12-21,101.53,101.66,101.43,101.66,21886.0
2023-12-22,101.86,101.9863,101.65,101.7488,41079.0
2023-12-26,101.81,102.06,101.81,102.0346,22076.0
2023-12-27,102.38,102.7699,102.355,102.65,55325.0
2023-12-28,102.51,102.73,102.19,102.27,94405.0
2023-12-29,102.18,102.35,102.04,102.04,15582.0
2024-01-02,101.03,101.17,100.97,100.97,58647.0
2024-01-03,100.72,100.91,100.59,100.77,44959.0
2024-01-04,100.97,101.17,100.95,101.06,21831.0
2024-01-05,101.01,101.42,100.92,100.96,55007.0
2024-01-08,101.06,101.33,101.06,101.13,17436.0
2024-01-09,100.99,101.03,100.72,100.865,7215.0
2024-01-10,100.96,101.29,100.96,101.24,11904.0
2024-01-11,101.2622,101.36,101.0113,101.2804,16132.0
2024-01-12,101.3015,101.4,101.112,101.1127,9905.0
2024-01-16,100.45,100.601,100.33,100.41,45341.0
2024-01-17,100.32,100.485,100.181,100.48,43988.0
2024-01-18,100.35,100.38,100.19,100.37,12556.0
2024-01-19,100.46,100.65,100.38,100.65,46867.0
2024-01-22,100.6,100.7,100.54,100.61,60538.0
2024-01-23,100.41,100.41,100.03,100.2306,30249.0
2024-01-24,101.0,101.03,100.52,100.53,33628.0
2024-01-25,100.41,100.48,100.04,100.17,50055.0
2024-01-26,100.39,100.48,100.3,100.3,108562.0
2024-01-29,99.85,100.13,99.81,100.1048,80250.0
2024-01-30,100.3,100.34,100.11,100.2209,12334.0
2024-01-31,100.42,100.63,99.8,99.88,23349.0
2024-02-01,99.87,100.32,99.59,100.288,20450.0
2024-02-02,99.68,99.768,99.48,99.58,24258.0
2024-02-05,99.12,99.19,98.97,99.16,62815.0
2024-02-06,99.09,99.2875,99.09,99.2875,11882.0
2024-02-07,99.4,99.46,99.35,99.44,36998.0
2024-02-08,99.3,99.5,99.27,99.49,9736.0
2024-02-09,99.45,99.599,99.45,99.5734,6693.0
2024-02-12,99.39,99.6,99.34,99.49,11427.0
2024-02-13,99.05,99.05,98.83,98.88,13208.0
2024-02-14,98.91,99.0999,98.91,99.0731,11863.0
2024-02-15,99.48,99.57,99.36,99.4605,16680.0
2024-02-16,99.24,99.6051,99.24,99.5298,13486.0
2024-02-20,100.06,100.12,99.82,99.85,30875.0
2024-02-21,99.85,99.97,99.79,99.9412,17412.0
2024-02-22,99.88,100.01,99.86,99.9902,20512.0
2024-02-23,100.11,100.11,99.93,99.99,25016.0
2024-02-26,100.25,100.31,100.18,100.2703,14811.0
2024-02-27,100.2184,100.34,100.14,100.2305,35455.0
2024-02-28,100.08,100.24,100.08,100.18,9388.0
2024-02-29,100.23,100.33,99.79,99.86,70941.0
2024-03-01,99.8,100.12,99.695,100.005,97520.0
2024-03-04,100.18,100.26,100.16,100.21,18637.0
2024-03-05,100.14,100.38,100.1,100.23,25805.0
2024-03-06,100.48,100.74,100.46,100.62,15944.0
2024-03-07,100.62,101.08,100.62,101.08,24098.0
2024-03-08,101.14,101.19,100.94,100.99,18463.0
2024-03-11,100.88,100.97,100.8,100.885,13640.0
2024-03-12,100.73,100.8892,100.69,100.8872,11369.0
2024-03-13,101.0,101.22,100.975,101.09,11161.0
2024-03-14,100.83,100.85,100.51,100.6,52516.0
2024-03-15,100.51,100.6299,100.51,100.57,30133.0
2024-03-18,100.58,100.6129,100.3801,100.41,32052.0
2024-03-19,100.26,100.3796,100.24,100.36,19214.0
2024-03-20,100.14,100.91,100.14,100.91,43527.0
2024-03-21,100.69,100.7,100.3,100.31,41084.0
2024-03-22,100.04,100.0601,99.81,99.86,21205.0
2024-03-25,100.06,100.18,100.06,100.1735,13921.0
2024-03-26,100.2861,100.3,100.07,100.07,9503.0
2024-03-27,99.93,100.06,99.91,100.05,21110.0
2024-03-28,99.83,99.901,99.6795,99.71,15746.0
2024-04-01,99.44,99.465,99.01,99.11,69383.0
2024-04-02,99.27,99.44,99.24,99.37,10908.0
2024-04-03,99.53,100.02,99.53,100.02,201610.0
2024-04-04,100.29,100.37,100.02,100.03,66012.0
2024-04-05,99.68,100.09,99.65,100.02,12657.0
2024-04-08,100.06,100.25,100.06,100.24,11985.0
2024-04-09,100.46,100.46,100.17,100.24,11451.0
2024-04-10,99.46,99.49,99.07,99.21,31195.0
2024-04-11,99.3,99.3,98.83,99.04,405780.0
2024-04-12,98.2,98.31,98.08,98.23,73585.0
2024-04-15,98.31,98.33,98.0901,98.14,28157.0
2024-04-16,98.19,98.29,97.89,98.1,37399.0
2024-04-17,98.315,98.64,98.25,98.58,37962.0
2024-04-18,98.48,98.49,98.33,98.34,19028.0
2024-04-19,98.57,98.6,98.3,98.4197,24180.0
2024-04-22,98.18,98.49,98.18,98.415,24846.0
2024-04-23,98.57,98.9402,98.57,98.89,18757.0
2024-04-24,98.79,98.94,98.72,98.88,42908.0
2024-04-25,98.75,99.23,98.75,99.145,40275.0
2024-04-26,99.02,99.02,98.67,98.895,18983.0
2024-04-29,98.91,99.15,98.84,99.1099,21045.0
2024-04-30,98.95,99.05,98.64,98.64,43351.0
2024-05-01,98.52,99.0,98.46,98.6377,38642.0
2024-05-02,98.5573,99.0,98.5287,98.9771,7052.0
2024-05-03,99.54,99.54,99.2531,99.3309,21332.0
2024-05-06,99.5,99.56,99.37,99.3711,23079.0
2024-05-07,99.49,99.5643,99.21,99.26,6499.0
2024-05-08,99.25,99.26,99.16,99.19,30809.0
2024-05-09,99.3,99.5401,99.3,99.53,49596.0
2024-05-10,99.48,99.6,99.3801,99.46,21075.0
2024-05-13,99.73,99.77,99.59,99.63,15919.0
2024-05-14,99.885,99.9601,99.84,99.87,15659.0
2024-05-15,100.24,100.49,100.08,100.49,26467.0
2024-05-16,100.33,100.439,100.26,100.3613,36274.0
2024-05-17,100.23,100.4491,100.19,100.429,11528.0
2024-05-20,100.4,100.41,100.3,100.3,33526.0
2024-05-21,100.3012,100.33,100.2301,100.2889,10062.0
2024-05-22,100.13,100.1795,99.9301,99.95,14303.0
2024-05-23,100.35,100.35,99.84,99.8751,12305.0
2024-05-24,100.25,100.3,100.22,100.26,11261.0
2024-05-28,100.53,100.5373,100.311,100.3746,9139.0
2024-05-29,100.1873,100.1873,99.82,99.8204,17011.0
2024-05-30,100.07,100.21,100.06,100.0905,11432.0
2024-05-31,100.46,100.51,100.21,100.29,21845.0
2024-06-03,100.3373,100.57,100.3373,100.56,10240.0
2024-06-04,100.29,100.45,100.2602,100.4,40549.0
2024-06-05,100.47,100.47,100.22,100.31,34570.0
2024-06-06,100.47,100.52,100.3304,100.46,15006.0
2024-06-07,99.89,99.98,99.675,99.69,47211.0
2024-06-10,99.11,99.37,99.1,99.36,22494.0
2024-06-11,99.0,99.2101,98.98,99.1566,25458.0
2024-06-12,100.01,100.1495,99.7598,99.7598,34168.0
2024-06-13,99.7,99.7,99.1,99.165,58601.0
2024-06-14,98.6,98.86,98.51,98.86,20640.0
2024-06-17,98.95,99.16,98.95,99.111,29608.0
2024-06-18,99.11,99.39,99.11,99.183,12489.0
2024-06-20,99.03,99.1,98.87,98.8823,23802.0
2024-06-21,98.8,98.815,98.67,98.77,53200.0
2024-06-24,99.17,99.273,99.06,99.1889,72507.0
2024-06-25,98.88,99.0372,98.78,99.0124,18260.0
2024-06-26,98.61,98.77,98.59,98.67,21813.0
2024-06-27,99.1,99.1,98.88,98.8824,9265.0
2024-06-28,98.87,99.04,98.851,98.96,10044.0
2024-07-01,99.19,99.265,98.93,99.07,37075.0
2024-07-02,99.04,99.135,99.01,99.1304,8275.0
2024-07-03,99.47,99.805,99.47,99.6109,45259.0
2024-07-05,99.91,100.08,99.77,100.05,23396.0
2024-07-08,100.1,100.1,99.88,99.8999,58581.0
2024-07-09,99.85,99.9,99.76,99.83,37017.0
2024-07-10,99.9,99.97,99.88,99.9694,16277.0
2024-07-11,100.43,100.51,100.26,100.28,31785.0
2024-07-12,100.58,100.725,100.575,100.67,15501.0
2024-07-15,100.82,100.825,100.6118,100.66,40720.0
2024-07-16,100.49,100.6804,100.45,100.6804,14389.0
2024-07-17,101.06,101.08,100.89,101.02,20246.0
2024-07-18,100.84,100.84,100.61,100.63,7741.0
2024-07-19,100.53,100.585,100.48,100.5,14317.0
2024-07-22,100.5306,100.6,100.4759,100.5743,13183.0
2024-07-23,100.28,100.32,100.195,100.28,84414.0
2024-07-24,100.31,100.37,100.1382,100.1545,51834.0
2024-07-25,100.12,100.375,100.12,100.29,9164.0
2024-07-26,100.38,100.42,100.3014,100.3211,26540.0
2024-07-29,100.04,100.0482,99.8522,100.03,31303.0
2024-07-30,99.92,99.97,99.82,99.9046,64526.0
2024-07-31,100.22,100.26,99.8856,100.02,31196.0
2024-08-01,99.56,99.79,99.48,99.535,20645.0
2024-08-02,100.62,100.775,100.46,100.6997,45985.0
2024-08-05,101.43,101.53,101.06,101.13,44991.0
2024-08-06,100.66,100.91,100.66,100.87,15997.0
2024-08-07,100.86,100.9102,100.74,100.84,38847.0
2024-08-08,100.58,100.77,100.45,100.765,11965.0
2024-08-09,100.83,100.91,100.79,100.79,8373.0
2024-08-12,100.905,100.98,100.801,100.93,30668.0
2024-08-13,101.14,101.55,101.1211,101.55,10698.0
2024-08-14,101.74,102.0,101.7003,101.73,10929.0
2024-08-15,101.19,101.48,101.19,101.33,39317.0
2024-08-16,101.51,101.83,101.48,101.83,19369.0
2024-08-19,101.86,102.4,101.86,102.4,16055.0
2024-08-20,102.51,102.79,102.495,102.74,113642.0
2024-08-21,102.66,103.21,102.6,103.01,49433.0
2024-08-22,102.89,102.89,102.51,102.59,26750.0
2024-08-23,102.6,103.4562,102.6,103.41,55370.0
2024-08-26,103.14,103.29,103.07,103.11,79782.0
2024-08-27,103.09,103.399,103.09,103.37,11187.0
2024-08-28,102.77,102.86,102.654,102.7,14860.0
2024-08-29,102.46,102.46,102.1987,102.3541,15578.0
2024-08-30,102.17,102.37,102.09,102.19,46383.0
2024-09-03,102.02,102.1,101.78,101.92,69931.0
2024-09-04,101.98,102.37,101.98,102.27,30329.0
2024-09-05,102.46,102.56,102.2401,102.49,23856.0
2024-09-06,102.37,102.74,102.18,102.36,21213.0
2024-09-09,102.05,102.05,101.88,101.92,41968.0
2024-09-10,101.83,101.86,101.71,101.81,63077.0
2024-09-11,101.76,101.78,101.62,101.75,28807.0
2024-09-12,101.93,102.21,101.87,102.21,35704.0
2024-09-13,102.41,102.45,102.28,102.28,29453.0
2024-09-16,102.74,102.85,102.68,102.84,42865.0
2024-09-17,102.71,102.76,102.6207,102.64,18726.0
2024-09-18,102.83,103.27,102.53,102.569,48855.0
2024-09-19,102.8,103.14,102.67,103.11,16230.0
2024-09-20,103.11,103.23,102.8758,103.1091,44772.0
2024-09-23,102.78,102.9,102.6728,102.6728,18358.0
2024-09-24,102.87,103.28,102.86,103.28,56112.0
2024-09-25,103.47,103.54,102.77,102.81,23006.0
2024-09-26,102.91,103.36,102.81,103.27,18792.0
2024-09-27,103.42,103.42,103.04,103.15,8191.0
2024-09-30,103.21,103.2779,102.73,102.865,30230.0
2024-10-01,102.22,102.23,101.912,102.06,79802.0
2024-10-02,102.0,102.005,101.8,101.9699,23623.0
2024-10-03,101.84,101.855,101.5907,101.7307,38643.0
2024-10-04,101.13,101.3001,101.0599,101.29,29577.0
2024-10-07,101.24,101.35,101.2102,101.23,20095.0
2024-10-08,101.29,101.325,101.19,101.3007,6436.0
2024-10-09,101.09,101.14,100.93,100.94,9088.0
2024-10-10,100.98,100.98,100.6,100.91,39803.0
2024-10-11,100.96,101.09,100.93,100.93,12057.0
2024-10-14,100.76,100.83,100.53,100.68,49790.0
2024-10-15,100.71,100.7317,100.48,100.5,12336.0
2024-10-16,100.53,100.57,100.22,100.255,29951.0
2024-10-17,99.81,100.07,99.81,99.98,34454.0
2024-10-18,100.24,100.33,100.2,100.32,46943.0
2024-10-21,100.18,100.2412,99.8499,99.88,32204.0
2024-10-22,99.87,99.87,99.68,99.68,11413.0
2024-10-23,99.56,99.6282,99.45,99.62,29801.0
2024-10-24,99.86,100.005,99.71,100.0,45116.0
2024-10-25,100.01,100.11,99.7,99.72,7434.0
2024-10-28,99.97,100.005,99.88,99.9,29280.0
2024-10-29,99.6,99.92,99.57,99.92,23600.0
2024-10-30,100.03,100.4399,99.97,100.3399,18830.0
2024-10-31,100.54,100.58,100.25,100.505,18649.0
2024-11-01,100.25,100.29,99.956,99.98,15614.0
2024-11-04,100.63,100.64,100.36,100.36,14956.0
2024-11-05,100.65,100.92,100.45,100.84,40429.0
2024-11-06,98.87,99.28,98.74,99.07,61641.0
2024-11-07,99.6,99.8399,99.41,99.68,22870.0
2024-11-08,99.31,99.3401,98.7001,98.88,69069.0
2024-11-11,98.4,98.4,98.15,98.32,81557.0
2024-11-12,98.05,98.05,97.8,98.03,35977.0
2024-11-13,98.01,98.0499,97.465,97.49,29895.0
2024-11-14,97.38,97.65,97.05,97.1,41863.0
2024-11-15,97.31,97.45,97.1,97.18,35535.0
2024-11-18,97.49,97.935,97.49,97.819,60648.0
2024-11-19,97.76,97.8484,97.59,97.81,14424.0
2024-11-20,97.35,97.3797,97.05,97.325,24563.0
2024-11-21,97.21,97.31,96.6599,96.76,32446.0
2024-11-22,96.2,96.2758,96.0,96.18,70746.0
2024-11-25,97.2,97.2,96.68,96.93,34798.0
2024-11-26,97.0,97.04,96.5909,96.8,15009.0
2024-11-27,97.57,97.78,97.37,97.59,17515.0
2024-11-29,97.51,97.62,97.3801,97.61,7739.0
2024-12-02,96.86,96.98,96.53,96.88,32085.0
2024-12-03,97.11,97.195,96.84,96.96,33183.0
2024-12-04,96.7547,97.2693,96.7547,96.995,35281.0
2024-12-05,97.59,97.7,97.36,97.6392,26377.0
2024-12-06,97.65,97.65,97.27,97.49,18515.0
2024-12-09,97.69,97.7197,97.338,97.36,8878.0
2024-12-10,97.16,97.16,96.9195,97.14,10065.0
2024-12-11,96.921,96.99,96.74,96.86,13754.0
2024-12-12,96.73,96.94,96.57,96.57,18046.0
2024-12-13,96.86,96.9225,96.75,96.87,9267.0
2024-12-16,96.8,97.14,96.7911,97.0,37269.0
2024-12-17,97.01,97.0101,96.81,96.84,10109.0
2024-12-18,96.74,96.8999,95.53,95.67,54824.0
2024-12-19,95.98,96.0547,95.66,95.71,25676.0
2024-12-20,95.92,96.44,95.92,96.31,32422.0
2024-12-23,96.18,96.18,95.9,96.08,38700.0
2024-12-24,96.14,96.14,95.91,95.932,12700.0
2024-12-26,96.01,96.2667,96.01,96.24,15916.0
2024-12-27,96.47,96.47,96.21,96.285,17201.0
2024-12-30,96.05,96.125,95.83,96.0411,26407.0
2024-12-31,96.01,96.01,95.56,95.66,30123.0
2025-01-02,95.25,95.25,94.33,94.67,260071.0
2025-01-03,94.93,95.09,94.8,95.08,19386.0
2025-01-06,95.74,95.95,95.7,95.87,57629.0
2025-01-07,95.97,95.97,95.455,95.46,101258.0
2025-01-08,95.11,95.26,94.9787,95.22,78081.0
2025-01-10,94.82,94.87,94.41,94.54,107183.0
2025-01-13,94.36,94.36,94.08,94.315,106809.0
2025-01-14,94.65,95.15,94.65,95.11,79533.0
2025-01-15,95.45,95.45,94.73,95.03,69297.0
2025-01-16,94.82,95.21,94.79,95.06,56466.0
2025-01-17,94.92,95.33,94.84,94.88,100146.0
2025-01-21,95.93,96.345,95.86,96.22,103220.0
2025-01-22,96.26,96.28,96.13,96.13,24968.0
2025-01-23,96.15,96.3682,95.78,96.2,41154.0
2025-01-24,96.71,97.15,96.71,96.93,77502.0
2025-01-27,97.24,97.24,96.81,96.88,90870.0
2025-01-28,96.39,96.42,96.25,96.36,75687.0
2025-01-29,96.05,96.32,95.99,96.18,40652.0
2025-01-30,96.44,96.44,95.96,96.15,29163.0
2025-01-31,95.85,96.37,95.74,95.83,47455.0
2025-02-03,94.78,95.3653,94.525,95.01,131419.0
2025-02-04,95.5,95.84,95.47,95.8351,28571.0
2025-02-05,96.17,96.38,95.99,96.0,130093.0
2025-02-06,95.69,95.9249,95.62,95.88,64807.0
2025-02-07,95.79,95.86,95.12,95.315,71775.0
2025-02-10,95.1,95.25,95.1,95.1401,31565.0
2025-02-11,95.34,95.7,95.34,95.66,30041.0
2025-02-12,95.505,96.2592,95.4523,95.9311,75431.0
2025-02-13,95.86,96.6,95.75,96.58,100202.0
2025-02-14,96.95,97.05,96.8668,96.8668,36307.0
2025-02-18,96.54,96.6435,96.39,96.48,25909.0
2025-02-19,96.31,96.4,96.06,96.27,60757.0
2025-02-20,96.55,96.98,96.47,96.96,82186.0
2025-02-21,96.86,96.875,96.49,96.58,51420.0
2025-02-24,96.67,96.82,96.58,96.66,70189.0
2025-02-25,97.04,97.13,96.86,97.13,52330.0
2025-02-26,96.9,97.13,96.8005,96.86,39842.0
2025-02-27,96.37,96.3834,96.0601,96.1,77711.0
2025-02-28,96.1599,96.213,95.7194,95.84,66995.0
2025-03-03,96.65,96.92,96.62,96.73,66222.0
2025-03-04,97.16,98.045,96.89,97.93,141179.0
2025-03-05,99.2,99.65,99.19,99.59,174664.0
2025-03-06,99.92,100.16,99.44,99.56,158153.0
2025-03-07,100.26,100.47,99.94,100.1,130921.0
2025-03-10,100.17,100.17,99.86,100.01,291296.0
2025-03-11,100.89,101.06,100.61,100.83,284919.0
2025-03-12,100.58,100.88,100.42,100.55,118932.0
2025-03-13,100.02,100.39,100.02,100.15,85059.0
2025-03-14,100.55,100.59,100.35,100.49,52210.0
2025-03-17,100.67,100.91,100.6351,100.85,86904.0
2025-03-18,100.82,101.11,100.65,101.09,119876.0
2025-03-19,100.64,100.7669,100.26,100.63,75357.0
2025-03-20,99.95,100.22,99.82,100.22,117919.0
2025-03-21,99.99,100.05,99.755,99.9,114201.0
2025-03-24,99.96,100.0,99.58,99.78,163386.0
2025-03-25,99.94,99.97,99.675,99.72,52515.0
2025-03-26,99.49,99.7,99.25,99.32,56320.0
2025-03-27,99.53,99.92,99.5254,99.7,60206.0
2025-03-28,99.9,100.15,99.75,99.97,71390.0
2025-03-31,99.99,100.0099,99.63,99.9,123239.0
2025-04-01,99.72,99.765,99.53,99.56,56353.0
2025-04-02,99.88,100.3299,99.81,100.13,72212.0
2025-04-03,102.25,102.666,101.49,101.49,889168.0
2025-04-04,101.76,101.89,100.807,100.97,284641.0
2025-04-07,101.21,101.27,100.58,100.69,171013.0
2025-04-08,101.06,101.315,100.5,101.11,302773.0
2025-04-09,102.31,102.31,100.75,100.96,500308.0
2025-04-10,102.65,103.775,102.55,103.47,506627.0
2025-04-11,105.28,105.3,104.15,104.73,871551.0
2025-04-14,104.49,105.08,104.392,104.84,607615.0
2025-04-15,104.57,104.58,104.01,104.18,468222.0
2025-04-16,104.99,105.36,104.84,105.14,454494.0
2025-04-17,105.0,105.12,104.71,105.02,399811.0
2025-04-21,106.4,106.46,106.06,106.36,964828.0
2025-04-22,106.04,106.1499,105.458,105.49,726378.0
2025-04-23,105.18,105.33,104.48,104.62,430881.0
2025-04-24,105.03,105.23,104.797,105.13,211209.0
2025-04-25,104.68,105.17,104.66,104.91,145087.0
2025-04-28,104.87,105.53,104.87,105.51,248096.0
2025-04-29,105.39,105.457,105.06,105.12,124889.0
2025-04-30,104.95,105.06,104.57,104.63,160478.0
2025-05-01,104.45,104.48,103.9417,104.17,221106.0
2025-05-02,104.7,105.02,104.22,104.31,150938.0
2025-05-05,104.86,104.88,104.27,104.43,153231.0
2025-05-06,104.68,105.035,104.58,104.97,177919.0
2025-05-07,104.88,104.95,104.35,104.38,226945.0
2025-05-08,104.31,104.41,103.49,103.63,302167.0
2025-05-09,103.93,104.21,103.831,103.91,109236.0
2025-05-12,102.64,102.76,102.12,102.35,474122.0
2025-05-13,102.83,103.27,102.72,103.25,154711.0
2025-05-14,103.51,103.6632,103.03,103.04,229318.0
2025-05-15,103.4,103.42,103.07,103.18,191133.0
2025-05-16,103.3,103.39,102.735,102.87,177603.0
2025-05-19,103.89,103.9,103.6008,103.76,134997.0
2025-05-20,103.71,104.14,103.67,104.13,116993.0
2025-05-21,104.57,104.85,104.48,104.49,184650.0
2025-05-22,104.31,104.31,103.89,104.08,111156.0
2025-05-23,104.55,104.945,104.44,104.89,141194.0
2025-05-27,104.94,105.03,104.56,104.64,128159.0
2025-05-28,104.27,104.55,104.18,104.24,107482.0
2025-05-29,104.81,105.0984,104.7,104.95,132455.0
2025-05-30,104.67,104.965,104.4601,104.87,174151.0
2025-06-02,105.26,105.64,105.24,105.59,272281.0
2025-06-03,105.07,105.14,104.86,104.92,130060.0
2025-06-04,105.2,105.5086,105.15,105.3,116271.0
2025-06-05,106.01,106.06,105.4995,105.55,104269.0
2025-06-06,105.0,105.34,104.985,105.18,100851.0
2025-06-09,105.16,105.5,105.16,105.43,82009.0
2025-06-10,105.62,105.63,105.365,105.49,153717.0
2025-06-11,105.78,106.13,105.74,105.96,197375.0
2025-06-12,106.95,107.09,106.72,106.83,192047.0
2025-06-13,106.2,106.76,106.1709,106.62,161085.0
2025-06-16,107.02,107.2,106.66,106.68,157104.0
2025-06-17,106.74,106.7495,105.9264,106.02,133228.0
2025-06-18,106.16,106.43,105.805,105.9,201638.0
2025-06-20,106.35,106.56,106.12,106.3,171001.0
2025-06-23,105.89,106.89,105.8606,106.89,218765.0
2025-06-24,106.93,107.44,106.92,107.21,226196.0
2025-06-25,107.11,107.6803,107.09,107.64,96708.0
2025-06-26,108.18,108.36,107.95,108.07,238889.0
2025-06-27,108.26,108.3422,107.915,108.1,120355.0
2025-06-30,108.17,108.79,108.145,108.79,195632.0
2025-07-01,108.88,108.97,108.54,108.8,262826.0
2025-07-02,108.58,108.91,108.42,108.91,207785.0
2025-07-03,108.59,108.725,108.35,108.49,158629.0
2025-07-07,108.35,108.39,107.8754,108.15,240508.0
2025-07-08,108.0,108.2465,107.83,108.21,121486.0
2025-07-09,108.1,108.2,108.0,108.17,171774.0
2025-07-10,107.98,108.0,107.6525,107.91,228310.0
2025-07-11,107.93,108.1,107.75,107.85,143541.0
2025-07-14,107.79,107.93,107.61,107.69,151485.0
2025-07-15,107.67,107.67,106.99,107.05,161232.0
2025-07-16,106.9,108.18,106.71,107.39,1012381.0
2025-07-17,106.94,107.035,106.8341,107.02,329684.0
2025-07-18,107.59,107.67,107.19,107.22,141348.0
2025-07-21,107.61,108.1,107.57,107.89,357459.0
2025-07-22,107.86,108.515,107.855,108.48,220514.0
2025-07-23,108.18,108.68,108.11,108.66,127769.0
2025-07-24,108.64,108.77,108.505,108.53,85191.0
2025-07-25,108.22,108.44,108.0606,108.42,91072.0
2025-07-28,107.46,107.53,106.95,106.99,215166.0
2025-07-29,106.41,106.71,106.343,106.59,297466.0
2025-07-30,105.81,106.13,105.37,105.43,315937.0
2025-07-31,105.29,105.66,105.28,105.31,258042.0
2025-08-01,106.71,106.89,106.26,106.69,786834.0
2025-08-04,106.87,106.8821,106.615,106.73,105599.0
2025-08-05,106.6,106.88,106.405,106.75,201209.0
2025-08-06,107.27,107.64,107.19,107.54,142757.0
2025-08-07,107.52,107.52,107.13,107.5,97719.0
2025-08-08,107.5,107.635,107.37,107.42,86480.0
2025-08-11,107.28,107.28,106.94,107.06,75960.0
2025-08-12,107.25,107.8999,107.19,107.73,224448.0
2025-08-13,107.99,108.16,107.91,107.951,81601.0
2025-08-14,107.52,107.63,107.31,107.47,58536.0
2025-08-15,107.86,108.1,107.85,107.96,80739.0
2025-08-18,107.72,107.8,107.578,107.65,62068.0
2025-08-19,107.71,107.755,107.44,107.46,99627.0
2025-08-20,107.61,107.68,107.495,107.52,46660.0
2025-08-21,107.49,107.49,107.045,107.06,79735.0
2025-08-22,107.12,108.36,107.02,108.19,250887.0
2025-08-25,107.96,108.085,107.12,107.16,102764.0
2025-08-26,107.48,107.6638,107.4043,107.47,71951.0
2025-08-27,107.06,107.46,106.93,107.395,55170.0
2025-08-28,107.61,107.94,107.61,107.8,46162.0
2025-08-29,107.68,108.0795,107.63,107.995,47161.0
2025-09-02,107.39,107.77,107.305,107.42,136335.0
2025-09-03,107.45,107.78,107.409,107.59,104940.0
2025-09-04,107.51,107.5108,107.32,107.48,67408.0
2025-09-05,108.12,108.4947,108.085,108.14,128146.0
2025-09-08,108.41,108.57,108.2915,108.53,85479.0
2025-09-09,108.42,108.45,108.0,108.02,72601.0
2025-09-10,108.09,108.231,107.92,107.96,89251.0
2025-09-11,108.18,108.37,108.18,108.29,127292.0
2025-09-12,108.11,108.36,108.02,108.32,65786.0
2025-09-15,108.52,108.66,108.46,108.6,92252.0
2025-09-16,109.09,109.64,109.05,109.49,195805.0
2025-09-17,109.39,110.01,109.0829,109.12,261830.0
2025-09-18,108.8,108.8265,108.44,108.73,101161.0
2025-09-19,108.37,108.59,108.32,108.4,175780.0
2025-09-22,108.72,108.905,108.56,108.89,150729.0
2025-09-23,108.87,109.07,108.77,109.05,120485.0
2025-09-24,108.34,108.4,108.26,108.33,92494.0
2025-09-25,107.98,107.99,107.4665,107.59,99809.0
2025-09-26,107.78,108.03,107.7773,108.02,59979.0
2025-09-29,108.36,108.47,108.165,108.22,130131.0
2025-09-30,108.2,108.51,108.175,108.37,47941.0
2025-10-01,108.41,108.49,108.07,108.205,150301.0
2025-10-02,108.31,108.31,107.775,108.07,126622.0
2025-10-03,108.3,108.37,108.18,108.28,93902.0
2025-10-06,107.8,108.105,107.7941,108.0,117669.0
2025-10-07,107.61,107.735,107.4501,107.46,98138.0
2025-10-08,107.33,107.3701,107.0,107.25,150170.0
2025-10-09,107.11,107.115,106.47,106.62,188786.0
2025-10-10,106.71,107.3,106.69,107.16,126294.0
2025-10-13,106.78,106.835,106.65,106.72,106734.0
2025-10-14,106.84,107.1712,106.755,107.071,141422.0
2025-10-15,107.2,107.45,107.2,107.43,86059.0
2025-10-16,107.52,107.88,107.5,107.86,69325.0
2025-10-17,107.77,107.77,107.59,107.7,65674.0
2025-10-20,107.59,107.64,107.41,107.42,67007.0
2025-10-21,107.17,107.26,107.03,107.04,86858.0
2025-10-22,106.98,107.27,106.975,107.115,151983.0
2025-10-23,107.1,107.22,107.1,107.205,55308.0
2025-10-24,107.39,107.41,107.25,107.36,47518.0
2025-10-27,107.41,107.545,107.375,107.52,65333.0
2025-10-28,107.33,107.69,107.33,107.54,76277.0
2025-10-29,107.45,107.675,106.865,107.05,149439.0
2025-10-30,106.72,106.91,106.68,106.72,99711.0
2025-10-31,106.6,106.6,106.34,106.37,64665.0
2025-11-03,106.16,106.4201,106.13,106.25,208568.0
2025-11-04,105.91,106.04,105.85,105.9,90311.0
2025-11-05,105.91,106.0,105.82,105.96,105558.0
2025-11-06,106.28,106.54,106.28,106.5,63558.0
2025-11-07,106.75,106.89,106.595,106.665,82541.0
2025-11-10,106.72,106.73,106.49,106.685,52021.0
2025-11-11,106.94,107.06,106.865,106.869,45615.0
2025-11-12,106.68,107.0,106.68,106.92,45780.0
2025-11-13,107.22,107.525,107.19,107.34,86392.0
2025-11-14,107.35,107.3857,107.105,107.2,70080.0
2025-11-17,106.95,107.042,106.88,106.925,52958.0
2025-11-18,106.99,107.11,106.78,106.855,40498.0
2025-11-19,106.69,106.7,106.29,106.355,95223.0
2025-11-20,106.5,106.57,106.31,106.33,80228.0
2025-11-21,106.09,106.31,106.05,106.275,81851.0
2025-11-24,106.4,106.4523,106.24,106.36,84574.0
2025-11-25,106.62,106.91,106.6,106.7,220427.0
2025-11-26,106.7,107.06,106.7,106.99,66168.0
2025-11-28,106.82,107.1,106.795,107.09,48740.0
2025-12-01,107.46,107.46,107.0601,107.07,99721.0
2025-12-02,107.2,107.25,106.95,107.25,107276.0
2025-12-03,107.54,107.73,107.52,107.615,97702.0
2025-12-04,107.68,107.7,107.3901,107.45,282006.0
2025-12-05,107.53,107.58,107.33,107.42,142641.0
2025-12-08,107.5,107.5,107.19,107.385,43754.0
2025-12-09,107.34,107.405,107.2,107.265,177555.0
2025-12-10,107.37,107.93,107.35,107.87,139398.0
2025-12-11,108.34,108.51,108.24,108.319,91027.0
2025-12-12,108.23,108.41,108.22,108.3,68718.0
2025-12-15,108.4,108.59,108.3145,108.44,48510.0
2025-12-16,108.73,108.89,108.3,108.39,88554.0
2025-12-17,108.25,108.475,108.25,108.325,36404.0
2025-12-18,108.33,108.38,108.11,108.15,85551.0
2025-12-19,108.25,108.29,108.03,108.05,48943.0
2025-12-22,108.51,108.594,108.425,108.46,177434.0
2025-12-23,108.62,108.8,108.56,108.765,59674.0
2025-12-24,108.75,108.75,108.635,108.67,55852.0
2025-12-26,108.9,108.9,108.564,108.69,45576.0
2025-12-29,108.69,108.79,108.45,108.65,98123.0
2025-12-30,108.56,108.58,108.37,108.4,64321.0
2025-12-31,108.32,108.46,108.17,108.455,52664.0
2026-01-02,108.19,108.41,108.0702,108.085,50225.0
2026-01-05,107.76,108.18,107.7,108.155,76110.0
2026-01-06,107.96,108.04,107.79,107.83,74856.0
2026-01-07,107.83,107.92,107.735,107.76,58351.0
2026-01-08,107.57,107.68,107.395,107.475,79455.0
2026-01-09,107.38,107.425,107.22,107.36,90578.0
2026-01-12,107.71,107.82,107.615,107.62,147883.0
2026-01-13,107.7,107.7,107.375,107.47,132075.0
2026-01-14,107.53,107.605,107.37,107.43,74594.0
2026-01-15,107.13,107.17,106.97,107.01,108640.0
2026-01-16,107.16,107.26,106.92,107.04,129984.0
2026-01-20,108.16,108.365,108.09,108.18,318368.0
2026-01-21,108.23,108.265,107.78,107.89,200480.0
2026-01-22,108.11,108.49,108.11,108.44,167439.0
2026-01-23,108.44,109.1743,108.395,109.14,164761.0
2026-01-26,109.59,109.91,109.555,109.73,306388.0
2026-01-27,110.19,111.535,110.14,111.09,471146.0
2026-01-28,110.51,110.59,109.9,110.3,373907.0
2026-01-29,110.49,110.52,109.95,110.47,179550.0
2026-01-30,109.98,110.018,109.44,109.47,251379.0
2026-02-02,108.99,109.16,108.665,108.8,153179.0
2026-02-03,108.77,109.14,108.755,109.07,127244.0
2026-02-04,108.97,109.08,108.81,108.94,93197.0
2026-02-05,108.96,109.0,108.66,108.66,147458.0
2026-02-06,109.02,109.12,108.95,109.1,95486.0
2026-02-09,109.97,110.03,109.7614,109.97,99413.0
2026-02-10,110.05,110.09,109.72,109.8,132004.0
2026-02-11,109.52,109.755,109.377,109.57,89076.0
2026-02-12,109.64,109.72,109.41,109.51,125583.0
2026-02-13,109.5,109.655,109.34,109.58,140724.0
2026-02-17,109.11,109.37,108.95,109.37,220053.0
2026-02-18,109.04,109.12,108.72,108.73,224283.0
2026-02-19,108.43,108.65,108.38,108.6,72098.0
2026-02-20,108.56,108.94,108.49,108.78,177082.0
2026-02-23,108.84,109.0,108.815,108.82,349251.0
2026-02-24,108.73,108.83,108.63,108.69,65430.0
2026-02-25,108.75,109.05,108.75,108.975,103215.0
2026-02-26,109.0,109.035,108.65,108.905,346175.0
2026-02-27,108.92,109.165,108.875,109.08,239974.0
2026-03-02,108.01,108.1599,107.695,107.86,229715.0
2026-03-03,106.81,107.26,106.405,107.2,401738.0
2026-03-04,107.33,107.44,107.1966,107.4,114505.0
2026-03-05,107.01,107.11,106.64,107.07,230377.0
2026-03-06,106.61,107.22,106.61,107.07,267592.0
2026-03-09,106.82,107.32,106.56,107.11,385755.0
2026-03-10,107.43,107.66,107.115,107.18,252281.0
2026-03-11,106.92,107.16,106.69,106.79,260149.0
2026-03-12,106.44,106.47,106.21,106.24,353556.0
2026-03-13,105.9,106.03,105.3727,105.39,279037.0
2026-03-16,105.93,106.35,105.93,106.18,201782.0
2026-03-17,106.5,106.55,106.28,106.43,227485.0
2026-03-18,106.16,106.39,105.82,105.83,222254.0
2026-03-19,105.93,107.16,105.86,106.87,234132.0
2026-03-20,106.64,106.78,106.34,106.66,360800.0
2026-03-23,106.93,107.4,106.85,107.17,171129.0
2026-03-24,106.83,107.11,106.7,106.96,375805.0
2026-03-25,106.89,106.97,106.67,106.72,195459.0
2026-03-26,106.51,106.63,106.3,106.3,553494.0
2026-03-27,106.36,106.575,106.25,106.31,482703.0
2026-03-30,105.96,105.98,105.64,105.79,241192.0
2026-03-31,106.25,106.7,106.2499,106.69,243957.0
2026-04-01,107.01,107.22,106.77,106.81,232136.0
2026-04-02,106.35,106.635,106.2762,106.38,210155.0
2026-04-06,106.6,106.74,106.44,106.56,642220.0
2026-04-07,106.71,107.06,106.68,107.01,117334.0
2026-04-08,108.03,108.03,107.5,107.69,265282.0
2026-04-09,107.84,108.15,107.75,107.96,343962.0
2026-04-10,108.24,108.35,108.12,108.26,247260.0
2026-04-13,108.0,108.5799,107.98,108.54,304036.0
2026-04-14,108.9,109.0199,108.815,108.82,68138.0
2026-04-15,108.92,108.99,108.7701,108.93,91559.0
2026-04-16,108.71,108.7799,108.64,108.73,45870.0
2026-04-17,109.22,109.3,108.62,108.65,118192.0
2026-04-20,108.65,108.65,108.65,108.65,
2026-04-21,108.57,108.64,108.13,108.22,581982.0
2026-04-22,108.2,108.35,108.0,108.0,49663.0
2026-04-23,107.85,108.14,107.755,107.83,452459.0
2026-04-24,107.98,108.17,107.9689,108.17,207517.0
2026-04-27,108.42,108.47,108.05,108.08,312547.0
2026-04-28,107.92,108.13,107.9,108.05,340186.0
2026-04-29,107.94,108.025,107.65,107.74,307810.0
2026-04-30,107.92,108.36,107.855,108.28,67904.0
2026-05-01,108.43,108.715,108.1,108.11,64783.0
2026-05-04,108.0,108.115,107.77,107.9,99070.0
2026-05-05,107.98,108.07,107.88,107.88,39264.0
2026-05-06,108.39,108.49,108.37,108.4,59104.0
2026-05-07,108.65,108.65,108.25,108.27,100255.0
2026-05-08,108.65,108.75,108.56,108.71,53337.0
2026-05-11,108.75,108.7724,108.64,108.68,49667.0
2026-05-12,108.22,108.37,108.17,108.34,115472.0
2026-05-13,108.0,108.12,107.99,108.04,47485.0
2026-05-14,107.9,107.92,107.66,107.7,31722.0
2026-05-15,107.32,107.39,107.21,107.25,34686.0
2026-05-18,107.49,107.56,107.31,107.51,68547.0
2026-05-19,107.06,107.18,106.98,107.08,47967.0
2026-05-20,106.98,107.39,106.955,107.31,58224.0
2026-05-21,106.93,107.3,106.83,107.23,459773.0
2026-05-22,107.11,107.23,106.95,107.1,114296.0
2026-05-26,107.27,107.365,107.22,107.35,416510.0
2026-05-27,107.445,107.53,107.27,107.31,42858.0
2026-05-28,107.42,107.6,107.31,107.5,63070.0
2026-05-29,107.55,107.865,107.49,107.7,306173.0
2026-06-01,107.28,107.36,107.14,107.33,356869.0
2026-06-02,107.44,107.46,107.125,107.26,334595.0
2026-06-03,107.08,107.09,106.91,106.95,640714.0
2026-06-04,107.35,107.4,107.06,107.15,549744.0
2026-06-05,106.91,106.91,106.26,106.29,546058.0
2026-06-08,106.51,106.555,106.3725,106.42,210610.0
2026-06-09,106.77,106.8,106.39,106.53,766235.0
2026-06-10,106.65,106.84,106.54,106.55,741886.0
2026-06-11,106.4,106.95,106.17,106.88,85611.0
2026-06-12,106.83,106.91,106.74,106.83,107428.0
2026-06-15,107.18,107.25,106.89,106.89,73257.0
2026-06-16,107.04,107.24,106.95,107.12,76532.0
2026-06-17,107.05,107.05,105.92,106.05,102126.0
2026-06-18,105.83,106.03,105.7,105.77,55505.0
2026-06-22,105.55,105.671,105.39,105.43,108819.0
2026-06-23,105.19,105.2,104.98,105.03,65440.0
2026-06-24,104.63,104.905,104.6,104.77,150208.0
2026-06-25,104.93,105.1,104.86,104.94,57339.0
2026-06-26,105.4,105.45,105.0401,105.09,38570.0
2026-06-29,105.24,105.51,105.24,105.45,50983.0
2026-06-30,105.26,105.55,105.18,105.44,113639.0
2026-07-01,105.06,105.18,104.9299,104.95,30915.0
2026-07-02,105.55,105.68,105.4,105.47,120544.0
2026-07-06,105.35,105.59,105.27,105.57,351770.0
2026-07-07,105.53,105.53,105.24,105.307,58800.0
2026-07-08,105.18,105.4599,105.14,105.45,64456.0
2026-07-09,105.48,105.6101,105.41,105.42,116597.0
2026-07-10,105.34,105.56,105.29,105.3,56794.0
2026-07-13,105.44,105.44,105.01,105.01,51490.0
2026-07-14,105.63,105.72,105.35,105.39,115937.0
2026-07-15,105.41,105.96,105.41,105.81,53767.0
2026-07-16,105.75,105.75,105.485,105.57,69769.0
2026-07-17,105.495,105.62,105.495,105.61,59179.0
2026-07-20,105.4,105.4,105.26,105.37,65971.0
2026-07-21,105.31,105.39,105.21,105.23,50680.0
2026-07-22,105.39,105.39,105.295,105.33,15912.0
2026-07-23,105.01,105.05,104.91,105.03,23631.0
2026-07-24,104.94,105.13,104.93,104.947,35857.0
2026-07-27,105.02,105.09,104.93,104.95,54951.0
2026-07-28,104.92,105.27,104.92,105.11,35964.0
2026-07-29,105.09,105.848,105.04,105.7,91898.0
2026-07-30,105.99,106.49,105.99,106.47,84640.0
2026-07-31,106.17,106.52,105.811,106.49,62304.0
