time,open,high,low,close,volume
2016-08-01,94.33,94.605,94.3101,94.42,135567.0
2016-08-02,95.39,95.97,95.36,95.81,413926.0
2016-08-03,95.49,95.58,95.15,95.49,144735.0
2016-08-04,95.52,95.67,95.4703,95.53,150773.0
2016-08-05,94.99,95.06,94.7199,94.95,115383.0
2016-08-08,94.22,94.36,94.14,94.32,188182.0
2016-08-09,94.65,94.92,94.65,94.78,221372.0
2016-08-10,95.47,95.5497,95.32,95.42,191035.0
2016-08-11,95.45,95.4917,94.68,94.86,244376.0
2016-08-12,95.62,95.8,95.39,95.45,196298.0
2016-08-15,95.52,95.64,95.4,95.42,40254.0
2016-08-16,96.25,96.45,96.1101,96.36,188759.0
2016-08-17,95.94,96.55,95.94,96.4,118175.0
2016-08-18,96.23,96.75,96.22,96.69,125569.0
2016-08-19,96.34,96.56,96.33,96.5,150001.0
2016-08-22,96.34,96.37,96.13,96.31,83198.0
2016-08-23,96.52,96.55,96.35,96.4,91441.0
2016-08-24,96.32,96.32,96.03,96.15,85997.0
2016-08-25,96.13,96.16,96.03,96.065,64759.0
2016-08-26,96.32,96.503,94.78,94.88,380249.0
2016-08-29,94.42,94.82,94.42,94.82,262438.0
2016-08-30,94.1,94.174,93.66,93.77,302091.0
2016-08-31,93.37,93.54,93.35,93.35,104875.0
2016-09-01,92.92,93.65,92.89,93.61,262325.0
2016-09-02,93.25,93.33,92.63,92.86,226210.0
2016-09-06,93.49,94.7228,93.45,94.7,832302.0
2016-09-07,95.23,95.27,94.83,94.95,127543.0
2016-09-08,94.98,95.15,94.17,94.21,185422.0
2016-09-09,93.81,94.18,93.77,94.05,139554.0
2016-09-12,94.78,95.08,94.6324,94.88,241527.0
2016-09-13,94.36,94.5982,94.02,94.07,340354.0
2016-09-14,93.89,94.47,93.8686,94.3,120076.0
2016-09-15,94.26,94.68,94.02,94.55,166616.0
2016-09-16,94.64,94.65,94.27,94.42,136985.0
2016-09-19,95.0,95.06,94.82,94.85,185450.0
2016-09-20,94.87,95.03,94.8,94.9,245810.0
2016-09-21,95.801,96.23,95.6,96.13,564235.0
2016-09-22,95.97,96.03,95.69,95.79,66475.0
2016-09-23,95.59,95.71,95.46,95.54,184510.0
2016-09-26,96.12,96.34,96.11,96.34,271193.0
2016-09-27,96.36,96.36,96.1,96.21,71910.0
2016-09-28,95.92,96.08,95.82,95.93,102071.0
2016-09-29,94.99,95.755,94.96,95.56,84298.0
2016-09-30,95.27,95.43,95.2,95.21,43777.0
2016-10-03,95.27,95.28,95.0,95.02,84923.0
2016-10-04,94.18,94.22,93.77,93.86,188320.0
2016-10-05,93.67,93.7,93.15,93.24,538215.0
2016-10-06,92.92,92.97,92.69,92.76,198842.0
2016-10-07,93.72,93.86,93.32,93.79,96242.0
2016-10-10,93.25,93.26,93.05,93.12,63035.0
2016-10-11,93.187,93.56,92.9903,93.34,55155.0
2016-10-12,92.91,92.99,92.41,92.58,138862.0
2016-10-13,93.11,93.41,93.11,93.2,58983.0
2016-10-14,92.49,93.0,92.49,92.6,137371.0
2016-10-17,92.76,92.99,92.74,92.92,41002.0
2016-10-18,92.67,93.02,92.67,92.94,48269.0
2016-10-19,93.39,93.56,93.28,93.36,104273.0
2016-10-20,93.17,93.2,92.75,92.88,195506.0
2016-10-21,93.16,93.23,92.84,92.96,261660.0
2016-10-24,92.85,92.85,92.54,92.64,260675.0
2016-10-25,92.07,92.71,92.06,92.63,308103.0
2016-10-26,92.67,92.74,92.29,92.36,135258.0
2016-10-27,92.06,92.07,91.66,91.7,178117.0
2016-10-28,91.68,92.39,91.48,92.2,194905.0
2016-10-31,91.9,92.08,91.75,92.03,68139.0
2016-11-01,92.07,92.95,92.06,92.78,124771.0
2016-11-02,93.44,93.668,93.28,93.39,190880.0
2016-11-03,93.49,93.8,93.44,93.73,501373.0
2016-11-04,93.75,93.83,93.53,93.7,87845.0
2016-11-07,92.41,92.42,92.26,92.37,64743.0
2016-11-08,92.08,92.28,91.75,91.79,156263.0
2016-11-09,92.63,92.64,91.13,91.13,290368.0
2016-11-10,90.3,90.8,90.24,90.27,163288.0
2016-11-11,90.72,90.75,90.37,90.37,373858.0
2016-11-14,89.3,89.4,88.92,89.01,394293.0
2016-11-15,88.62,88.76,88.28,88.38,134162.0
2016-11-16,88.31,88.47,88.112,88.45,164173.0
2016-11-17,88.25,88.34,87.74,87.75,120369.0
2016-11-18,87.56,87.6,87.02,87.08,359240.0
2016-11-21,87.03,87.15,86.6782,86.88,220454.0
2016-11-22,86.96,86.982,86.7,86.86,64716.0
2016-11-23,85.96,85.96,85.42,85.72,297422.0
2016-11-25,85.53,85.5699,85.17,85.21,128993.0
2016-11-28,85.65,86.09,85.61,86.09,194253.0
2016-11-29,85.42,85.92,85.36,85.8,218582.0
2016-11-30,85.07,85.1,84.26,84.26,434532.0
2016-12-01,84.19,84.67,84.1,84.62,306171.0
2016-12-02,84.89,85.1,84.75,84.97,90714.0
2016-12-05,84.43,85.25,84.08,84.79,419988.0
2016-12-06,84.64,84.83,84.55,84.61,69793.0
2016-12-07,84.64,85.03,84.5804,84.83,102770.0
2016-12-08,84.62,84.74,84.45,84.66,46239.0
2016-12-09,83.92,84.0,83.64,83.7,98586.0
2016-12-12,83.63,83.9652,83.48,83.87,145559.0
2016-12-13,83.82,83.89,83.65,83.76,114182.0
2016-12-14,83.97,83.98,82.22,82.35,153375.0
2016-12-15,81.83,81.89,81.34,81.68,335092.0
2016-12-16,81.57,82.09,81.47,81.82,445512.0
2016-12-19,82.41,82.74,82.17,82.38,175932.0
2016-12-20,81.73,81.99,81.65,81.82,510107.0
2016-12-21,82.22,82.31,81.88,82.08,240656.0
2016-12-22,81.97,82.22,81.94,82.02,104179.0
2016-12-23,82.2,82.33,82.17,82.22,48335.0
2016-12-27,82.18,82.18,82.0,82.1,44759.0
2016-12-28,81.96,82.42,81.92,82.36,233241.0
2016-12-29,82.68,82.97,82.54,82.76,109514.0
2016-12-30,82.54,82.75,82.52,82.52,36849.0
2017-01-03,81.7,82.26,81.33,81.87,139258.0
2017-01-04,82.21,82.3569,81.9626,82.2,173301.0
2017-01-05,83.08,83.69,83.07,83.5,312684.0
2017-01-06,82.69,82.95,82.32,82.39,195702.0
2017-01-09,82.9,83.15,82.7999,83.14,95489.0
2017-01-10,83.15,83.59,83.125,83.43,87831.0
2017-01-11,82.97,84.39,82.53,83.59,300398.0
2017-01-12,84.35,84.72,84.06,84.21,177586.0
2017-01-13,83.9,84.31,83.55,84.17,72087.0
2017-01-17,85.36,85.61,85.1502,85.61,348165.0
2017-01-18,85.07,85.1839,84.31,84.34,144673.0
2017-01-19,83.79,84.0818,83.39,83.98,132640.0
2017-01-20,83.82,84.34,83.67,84.21,314531.0
2017-01-23,84.9,85.5,84.56,85.23,520379.0
2017-01-24,85.08,85.38,84.66,84.74,249252.0
2017-01-25,84.69,85.18,84.63,85.18,156439.0
2017-01-26,84.38,84.43,83.9701,84.2,224999.0
2017-01-27,83.78,83.87,83.66,83.72,73038.0
2017-01-30,84.27,84.96,84.27,84.79,248129.0
2017-01-31,85.44,86.0,85.09,85.41,348607.0
2017-02-01,84.76,85.4,84.58,85.18,356671.0
2017-02-02,85.76,85.9,85.4659,85.49,207165.0
2017-02-03,85.4,85.81,85.29,85.55,242575.0
2017-02-06,85.88,86.32,85.63,86.29,422606.0
2017-02-07,85.79,86.19,85.7099,85.77,157880.0
2017-02-08,86.17,86.291,85.92,86.01,109262.0
2017-02-09,85.8,85.87,85.04,85.11,248532.0
2017-02-10,84.77,85.4,84.77,85.05,242908.0
2017-02-13,84.65,84.87,84.51,84.8,78816.0
2017-02-14,85.05,85.05,84.18,84.33,373523.0
2017-02-15,83.99,84.63,83.93,84.5,298439.0
2017-02-16,84.83,85.24,84.72,85.13,289919.0
2017-02-17,85.45,85.464,85.31,85.36,231029.0
2017-02-21,84.79,84.96,84.72,84.81,138963.0
2017-02-22,85.19,85.26,84.83,85.25,223251.0
2017-02-23,85.44,85.62,85.42,85.5,145595.0
2017-02-24,85.82,86.09,85.69,85.99,116322.0
2017-02-27,85.88,86.02,85.42,85.47,272318.0
2017-02-28,86.03,86.21,85.74,85.81,153431.0
2017-03-01,84.61,84.91,84.51,84.77,408049.0
2017-03-02,84.18,84.34,84.09,84.25,80609.0
2017-03-03,84.18,84.62,83.97,84.61,532304.0
2017-03-06,84.76,84.76,84.49,84.64,161732.0
2017-03-07,84.45,84.599,84.43,84.52,71288.0
2017-03-08,84.04,84.31,84.0047,84.25,195446.0
2017-03-09,83.88,84.02,83.8054,83.83,64448.0
2017-03-10,83.62,84.02,83.539,83.96,35308.0
2017-03-13,83.95,84.11,83.9,83.91,46620.0
2017-03-14,83.85,84.1107,83.85,83.99,28013.0
2017-03-15,83.99,85.12,83.94,85.11,336857.0
2017-03-16,85.1,85.28,84.94,85.09,94163.0
2017-03-17,85.17,85.56,85.17,85.52,128681.0
2017-03-20,85.49,85.628,85.41,85.6198,278521.0
2017-03-21,85.65,86.34,85.65,86.25,155387.0
2017-03-22,86.65,86.97,86.64,86.69,363102.0
2017-03-23,86.99,87.07,86.569,86.81,263064.0
2017-03-24,86.67,87.08,86.58,86.65,159856.0
2017-03-27,87.47,87.47,87.06,87.11,185198.0
2017-03-28,87.53,87.53,86.65,86.68,175940.0
2017-03-29,86.8,86.94,86.66,86.81,43254.0
2017-03-30,86.72,86.75,86.12,86.16,113711.0
2017-03-31,86.29,86.58,86.2,86.52,79822.0
2017-04-03,86.46,86.9,86.42,86.9,201549.0
2017-04-04,87.09,87.2,86.96,87.0,116641.0
2017-04-05,86.49,87.07,86.44,87.07,280799.0
2017-04-06,86.93,87.04,86.69,86.94,98651.0
2017-04-07,87.15,87.15,86.5,86.59,63710.0
2017-04-10,86.55,86.91,86.512,86.82,46095.0
2017-04-11,87.25,87.85,87.25,87.81,131046.0
2017-04-12,87.83,88.28,87.7,88.25,204405.0
2017-04-13,88.23,88.3877,88.06,88.28,131060.0
2017-04-17,88.7,88.9,88.33,88.4,166502.0
2017-04-18,88.61,88.84,88.39,88.8,265829.0
2017-04-19,88.33,88.55,88.2172,88.46,67085.0
2017-04-20,88.18,88.3,87.97,88.07,96134.0
2017-04-21,88.26,88.43,88.16,88.3,184151.0
2017-04-24,87.36,87.79,87.36,87.77,300910.0
2017-04-25,86.95,87.0626,86.64,86.66,93409.0
2017-04-26,86.41,86.76,86.18,86.73,87959.0
2017-04-27,86.43,86.7,86.2955,86.62,77442.0
2017-04-28,86.26,86.47,86.26,86.39,27753.0
2017-05-01,86.19,86.37,86.0454,86.14,100737.0
2017-05-02,85.82,85.98,85.82,85.93,54745.0
2017-05-03,85.75,85.76,85.42,85.47,87123.0
2017-05-04,85.28,85.71,85.25,85.71,109915.0
2017-05-05,85.53,85.63,85.39,85.61,37856.0
2017-05-08,85.43,85.43,85.04,85.05,279950.0
2017-05-09,84.42,84.62,84.23,84.5,174588.0
2017-05-10,84.53,84.56,84.21,84.25,162178.0
2017-05-11,84.51,84.831,84.48,84.58,154374.0
2017-05-12,84.88,85.04,84.87,84.96,69350.0
2017-05-15,84.8,84.8099,84.57,84.63,27470.0
2017-05-16,84.76,85.24,84.76,85.17,127966.0
2017-05-17,86.21,86.82,86.0999,86.82,382623.0
2017-05-18,86.93,86.93,86.265,86.44,437581.0
2017-05-19,86.52,86.66,86.2,86.56,504319.0
2017-05-22,86.49,86.76,86.47,86.56,99644.0
2017-05-23,86.59,86.67,86.07,86.1,55253.0
2017-05-24,86.03,86.26,85.85,86.22,418560.0
2017-05-25,86.1,86.2,85.98,86.08,98064.0
2017-05-26,86.54,86.63,86.4,86.52,122790.0
2017-05-30,86.68,86.94,86.65,86.93,190051.0
2017-05-31,86.87,87.11,86.84,86.9,114897.0
2017-06-01,86.41,86.57,86.35,86.4,226422.0
2017-06-02,86.96,87.1994,86.93,87.18,142880.0
2017-06-05,87.0492,87.1801,87.0392,87.12,72551.0
2017-06-06,87.98,88.08,87.79,87.97,206829.0
2017-06-07,87.87,88.1,87.609,87.62,123040.0
2017-06-08,87.46,87.57,87.23,87.45,58362.0
2017-06-09,86.87,87.35,86.87,87.27,57571.0
2017-06-12,87.56,87.7056,87.5,87.6,68965.0
2017-06-13,87.35,87.52,87.33,87.46,45937.0
2017-06-14,88.01,88.35,87.615,87.77,384748.0
2017-06-15,87.21,87.22,86.7,86.75,1779123.0
2017-06-16,86.61,86.96,86.61,86.8,174714.0
2017-06-19,86.41,86.5,86.22,86.24,126340.0
2017-06-20,86.29,86.38,86.14,86.34,22741.0
2017-06-21,86.21,86.5,86.16,86.43,47941.0
2017-06-22,86.55,86.6,86.35,86.51,36604.0
2017-06-23,86.48,86.53,86.43,86.49,52065.0
2017-06-26,86.31,86.38,85.95,86.0,107996.0
2017-06-27,85.99,86.0199,85.57,85.78,84491.0
2017-06-28,85.81,85.87,85.648,85.73,108199.0
2017-06-29,85.2,86.04,85.2,85.86,442716.0
2017-06-30,85.82,85.85,85.45,85.53,93174.0
2017-07-03,85.09,85.1075,84.81,84.82,122688.0
2017-07-05,84.69,85.12,84.689,84.97,45030.0
2017-07-06,85.0,85.08,84.8609,84.99,129180.0
2017-07-07,84.5,84.56,84.28,84.47,41202.0
2017-07-10,84.25,84.38,84.2,84.33,93799.0
2017-07-11,84.17,84.56,84.04,84.485,29116.0
2017-07-12,85.06,85.08,84.85,84.9932,111594.0
2017-07-13,84.89,84.9898,84.7799,84.96,125820.0
2017-07-14,85.57,85.62,85.34,85.46,172114.0
2017-07-17,85.52,85.62,85.25,85.44,36884.0
2017-07-18,85.94,86.11,85.8199,85.87,79327.0
2017-07-19,86.14,86.19,85.99,86.0,107508.0
2017-07-20,85.76,86.23,85.73,85.95,70032.0
2017-07-21,86.41,86.61,86.383,86.58,35927.0
2017-07-24,86.68,86.75,86.44,86.55,104130.0
2017-07-25,86.22,86.29,85.9201,85.94,40679.0
2017-07-26,86.01,86.58,85.73,86.47,124230.0
2017-07-27,86.28,86.64,86.14,86.49,95975.0
2017-07-28,86.59,86.98,86.59,86.97,144291.0
2017-07-31,86.98,87.24,86.96,87.24,65982.0
2017-08-01,87.15,87.44,87.13,87.15,38573.0
2017-08-02,86.83,87.1388,86.82,86.88,51797.0
2017-08-03,87.07,87.51,87.05,87.48,428009.0
2017-08-04,86.94,86.95,86.61,86.88,67378.0
2017-08-07,86.71,86.86,86.71,86.82,26684.0
2017-08-08,87.12,87.1598,86.78,87.14,54965.0
2017-08-09,87.59,87.61,87.32,87.42,69504.0
2017-08-10,87.66,88.11,87.66,88.1,90511.0
2017-08-11,88.08,88.27,87.98,88.16,83454.0
2017-08-14,87.71,87.88,87.62,87.7,28183.0
2017-08-15,86.85,87.09,86.8036,86.98,201445.0
2017-08-16,86.74,87.34,86.74,87.25,124176.0
2017-08-17,87.37,87.83,87.32,87.83,149455.0
2017-08-18,88.34,88.52,87.7685,88.09,147194.0
2017-08-21,88.3,88.44,88.24,88.3,52974.0
2017-08-22,88.04,88.04,87.71,87.76,49910.0
2017-08-23,88.13,88.24,88.03,88.22,26789.0
2017-08-24,87.89,88.07,87.74,87.74,73663.0
2017-08-25,87.7,88.07,87.55,87.96,118832.0
2017-08-28,87.93,88.15,87.92,88.0,85558.0
2017-08-29,88.61,88.67,87.49,87.59,76889.0
2017-08-30,87.24,87.28,87.04,87.14,115993.0
2017-08-31,87.08,87.47,87.06,87.43,57008.0
2017-09-01,87.46,87.49,87.09,87.19,127831.0
2017-09-05,88.0,88.47,87.99,88.38,35210.0
2017-09-06,88.28,88.39,87.89,87.91,218187.0
2017-09-07,88.29,88.9099,88.25,88.59,263739.0
2017-09-08,89.18,89.29,88.95,89.17,199215.0
2017-09-11,88.32,88.38,87.77,87.78,92701.0
2017-09-12,87.43,87.4899,87.16,87.19,87734.0
2017-09-13,87.26,87.29,86.8289,86.86,124139.0
2017-09-14,86.76,86.99,86.76,86.95,52976.0
2017-09-15,86.71,86.789,86.5,86.69,88517.0
2017-09-18,86.19,86.2792,86.05,86.21,51575.0
2017-09-19,86.3,86.33,85.94,86.17,88906.0
2017-09-20,86.26,86.54,85.4,85.55,275363.0
2017-09-21,85.53,85.67,85.34,85.35,77125.0
2017-09-22,85.76,85.8675,85.68,85.75,48052.0
2017-09-25,85.59,86.18,85.57,86.04,44256.0
2017-09-26,85.66,85.77,85.42,85.59,45197.0
2017-09-27,84.89,85.45,84.89,85.2,90697.0
2017-09-28,85.34,85.49,85.23,85.45,46835.0
2017-09-29,85.52,85.54,85.26,85.37,103373.0
2017-10-02,85.32,85.367,85.12,85.2,38519.0
2017-10-03,85.03,85.2425,85.03,85.12,82566.0
2017-10-04,85.29,85.3,85.08,85.2,61280.0
2017-10-05,85.35,85.35,85.12,85.13,59779.0
2017-10-06,84.8,85.28,84.7099,85.26,49679.0
2017-10-09,85.24,85.38,85.22,85.33,26986.0
2017-10-10,85.48,85.7793,85.45,85.47,46414.0
2017-10-11,85.63,85.66,85.35,85.47,195557.0
2017-10-12,85.53,85.659,85.45,85.58,59640.0
2017-10-13,85.97,85.99,85.77,85.85,72705.0
2017-10-16,85.87,86.0118,85.5568,85.63,34556.0
2017-10-17,85.46,85.65,85.39,85.61,33416.0
2017-10-18,85.11,85.18,84.99,85.08,33235.0
2017-10-19,85.34,85.49,85.24,85.37,64600.0
2017-10-20,84.71,84.78,84.57,84.61,95669.0
2017-10-23,84.35,84.75,84.35,84.75,179395.0
2017-10-24,84.31,84.54,84.23,84.36,81917.0
2017-10-25,84.295,84.5922,84.2395,84.43,61314.0
2017-10-26,84.43,84.43,84.22,84.26,46482.0
2017-10-27,84.18,84.48,84.16,84.47,92821.0
2017-10-30,84.65,84.9499,84.61,84.88,63628.0
2017-10-31,84.66,84.7,84.45,84.48,45908.0
2017-11-01,84.09,84.39,84.03,84.14,85656.0
2017-11-02,84.16,84.55,84.12,84.2,131582.0
2017-11-03,84.25,84.26,83.92,84.14,70078.0
2017-11-06,84.13,84.42,84.11,84.39,51732.0
2017-11-07,84.1,84.36,84.0301,84.27,12249.0
2017-11-08,84.58,84.61,84.33,84.36,38181.0
2017-11-09,84.65,84.9,84.48,84.71,58586.0
2017-11-10,84.67,84.77,84.54,84.58,30510.0
2017-11-13,84.75,84.75,84.5033,84.53,35966.0
2017-11-14,84.57,84.73,84.55,84.65,65992.0
2017-11-15,85.08,85.25,84.8351,85.1,31558.0
2017-11-16,84.99,85.1498,84.92,84.92,26324.0
2017-11-17,85.42,85.76,85.36,85.67,283213.0
2017-11-20,85.49,85.5144,85.17,85.23,82887.0
2017-11-21,85.56,85.5853,85.34,85.38,83927.0
2017-11-22,85.83,86.38,85.83,86.35,194094.0
2017-11-24,86.17,86.21,86.02,86.03,91643.0
2017-11-27,86.54,86.6,86.33,86.44,293240.0
2017-11-28,86.33,86.45,86.0001,86.13,206322.0
2017-11-29,85.75,85.93,85.63,85.8,113285.0
2017-11-30,85.61,85.8601,84.88,84.88,139711.0
2017-12-01,85.18,86.117,85.0501,85.66,576442.0
2017-12-04,84.96,85.33,84.92,85.29,280801.0
2017-12-05,85.16,85.31,85.06,85.3,30139.0
2017-12-06,85.51,85.58,85.45,85.57,144869.0
2017-12-07,85.2,85.25,84.85,84.86,157716.0
2017-12-08,84.77,84.8299,84.51,84.59,34490.0
2017-12-11,84.64,84.73,84.53,84.55,123885.0
2017-12-12,84.479,84.65,84.39,84.55,165698.0
2017-12-13,84.89,85.44,84.76,85.34,268366.0
2017-12-14,85.21,85.6239,85.1,85.49,105092.0
2017-12-15,85.42,85.45,85.13,85.27,133556.0
2017-12-18,85.39,85.45,85.23,85.26,64441.0
2017-12-19,85.05,85.11,84.89,85.05,65540.0
2017-12-20,84.73,84.83,84.585,84.62,104110.0
2017-12-21,84.6,84.7195,84.55,84.71,57720.0
2017-12-22,84.66,84.73,84.62,84.72,32764.0
2017-12-26,84.71,84.83,84.71,84.8,67586.0
2017-12-27,84.731,84.75,84.66,84.7,37037.0
2017-12-28,85.03,85.08,84.93,85.0,52640.0
2017-12-29,85.25,85.31,85.13,85.14,52140.0
2018-01-02,85.62,85.62,85.4037,85.47,99432.0
2018-01-03,85.48,85.525,85.22,85.3,79788.0
2018-01-04,85.08,85.13,85.03,85.13,87045.0
2018-01-05,84.74,84.84,84.72,84.84,74522.0
2018-01-08,84.95,84.96,84.8162,84.8533,176289.0
2018-01-09,85.17,85.39,85.08,85.2101,147357.0
2018-01-10,86.01,86.2,85.94,86.17,110166.0
2018-01-11,86.09,86.3999,86.0338,86.28,87789.0
2018-01-12,86.14,86.5,86.03,86.42,62098.0
2018-01-16,86.68,87.02,86.529,86.94,199444.0
2018-01-17,86.64,86.75,86.2899,86.3,139429.0
2018-01-18,86.36,86.65,86.3,86.41,87814.0
2018-01-19,86.73,86.82,86.63,86.64,147410.0
2018-01-22,86.65,86.65,86.27,86.48,87186.0
2018-01-23,86.86,87.0,86.8399,86.98,60180.0
2018-01-24,87.66,88.05,87.66,87.94,222653.0
2018-01-25,88.01,88.4199,87.4784,87.81,179747.0
2018-01-26,87.98,88.6,87.95,88.26,106784.0
2018-01-29,88.25,88.25,87.86,88.07,130648.0
2018-01-30,88.43,88.44,88.08,88.14,226445.0
2018-01-31,88.05,88.12,87.36,87.88,173386.0
2018-02-01,87.72,87.81,87.53,87.78,184836.0
2018-02-02,86.96,87.15,86.85,87.13,133442.0
2018-02-05,87.31,87.86,87.0,87.8,290171.0
2018-02-06,87.64,87.92,87.5,87.57,146345.0
2018-02-07,87.8,87.88,87.45,87.52,174293.0
2018-02-08,87.59,88.3199,87.59,88.21,108034.0
2018-02-09,88.08,88.75,88.005,88.21,121447.0
2018-02-12,88.34,88.455,88.16,88.3,84297.0
2018-02-13,89.06,89.27,88.97,88.99,155318.0
2018-02-14,89.5,89.86,89.3,89.68,216013.0
2018-02-15,90.05,90.449,89.78,90.41,172593.0
2018-02-16,90.27,90.52,90.15,90.22,519937.0
2018-02-20,89.55,89.56,89.36,89.39,364450.0
2018-02-21,89.31,89.3286,88.9064,89.04,373783.0
2018-02-22,89.73,89.96,89.61,89.91,333601.0
2018-02-23,89.75,90.0,89.72,89.72,106170.0
2018-02-26,89.66,89.75,89.58,89.63,169954.0
2018-02-27,89.56,89.6132,89.07,89.28,146667.0
2018-02-28,89.58,89.941,89.52,89.94,232964.0
2018-03-01,89.65,90.33,89.46,90.31,191195.0
2018-03-02,91.03,91.07,90.71,90.74,406130.0
2018-03-05,90.71,90.71,90.27,90.31,238271.0
2018-03-06,90.32,90.54,90.26,90.29,112168.0
2018-03-07,90.61,90.61,90.3,90.41,130298.0
2018-03-08,90.34,90.4101,90.22,90.23,53414.0
2018-03-09,89.68,89.87,89.5994,89.74,198024.0
2018-03-12,89.97,90.18,89.94,90.17,375844.0
2018-03-13,89.67,90.06,89.54,89.99,168078.0
2018-03-14,89.96,90.38,89.96,90.25,237654.0
2018-03-15,90.42,90.56,90.21,90.24,286892.0
2018-03-16,90.57,90.57,90.27,90.4,198516.0
2018-03-19,90.29,90.62,90.26,90.32,202480.0
2018-03-20,90.09,90.13,89.96,89.97,679250.0
2018-03-21,90.28,90.52,89.88,90.52,489721.0
2018-03-22,90.91,91.02,90.5999,90.98,346694.0
2018-03-23,91.14,91.62,91.05,91.52,639404.0
2018-03-26,91.11,91.37,90.89,90.91,254533.0
2018-03-27,90.64,90.99,90.62,90.87,268623.0
2018-03-28,90.32,90.37,89.58,89.59,781217.0
2018-03-29,90.05,90.19,89.9538,90.11,184915.0
2018-04-02,90.14,90.7,90.06,90.52,378789.0
2018-04-03,89.97,90.1,89.85,89.85,345538.0
2018-04-04,90.22,90.22,89.72,89.73,230283.0
2018-04-05,89.48,89.57,89.13,89.17,910626.0
2018-04-06,89.49,89.72,89.32,89.68,327937.0
2018-04-09,89.62,89.87,89.47,89.83,81106.0
2018-04-10,89.56,89.59,89.24,89.39,297554.0
2018-04-11,89.62,89.83,89.56,89.7,219796.0
2018-04-12,89.23,89.42,89.2,89.35,220963.0
2018-04-13,88.95,89.32,88.93,89.21,187625.0
2018-04-16,89.32,89.5,89.31,89.44,151961.0
2018-04-17,89.42,89.61,89.371,89.51,64021.0
2018-04-18,89.4,89.4427,89.28,89.34,232878.0
2018-04-19,89.24,89.33,89.13,89.23,198822.0
2018-04-20,88.92,89.1,88.84,89.01,112188.0
2018-04-23,88.33,88.52,88.1,88.1,219865.0
2018-04-24,87.81,88.25,87.745,88.1,77473.0
2018-04-25,87.71,87.84,87.59,87.63,212583.0
2018-04-26,87.84,87.85,87.59,87.63,103110.0
2018-04-27,87.67,87.96,87.67,87.84,145611.0
2018-04-30,87.57,87.81,87.56,87.65,115803.0
2018-05-01,87.35,87.47,87.17,87.17,112885.0
2018-05-02,87.22,87.4,87.06,87.14,73202.0
2018-05-03,87.62,87.91,87.59,87.74,132795.0
2018-05-04,87.9,87.91,87.68,87.8,57866.0
2018-05-07,87.63,87.88,87.5814,87.85,34390.0
2018-05-08,87.71,88.0,87.6156,87.79,45120.0
2018-05-09,87.27,87.39,87.211,87.29,47159.0
2018-05-10,87.47,87.6,87.4,87.57,32400.0
2018-05-11,87.74,87.75,87.56,87.65,29338.0
2018-05-14,87.45,87.52,87.33,87.33,117626.0
2018-05-15,86.9,86.91,86.73,86.77,112016.0
2018-05-16,86.95,87.0,86.79,86.79,143971.0
2018-05-17,86.48,86.56,86.39,86.46,111131.0
2018-05-18,86.34,86.59,86.32,86.5,148420.0
2018-05-21,86.14,86.27,86.09,86.26,137313.0
2018-05-22,86.38,86.3801,86.22,86.36,81758.0
2018-05-23,86.97,87.14,86.81,86.96,234013.0
2018-05-24,87.48,87.87,87.46,87.6499,129433.0
2018-05-25,87.66,87.72,87.47,87.49,80201.0
2018-05-29,87.98,88.565,87.78,88.13,117994.0
2018-05-30,87.95,87.99,87.81,87.89,154090.0
2018-05-31,88.11,88.32,87.94,88.03,115389.0
2018-06-01,87.35,87.49,87.26,87.37,102984.0
2018-06-04,87.39,87.44,87.16,87.16,48723.0
2018-06-05,87.27,87.44,87.14,87.29,118061.0
2018-06-06,87.03,87.13,86.845,86.89,99299.0
2018-06-07,87.04,87.46,87.02,87.29,87979.0
2018-06-08,87.41,87.57,87.41,87.49,31918.0
2018-06-11,87.12,87.16,86.955,87.01,73329.0
2018-06-12,86.84,86.91,86.67,86.77,71815.0
2018-06-13,86.67,86.82,86.38,86.81,140023.0
2018-06-14,86.79,86.84,86.5,86.56,151121.0
2018-06-15,86.66,86.67,86.54,86.58,133766.0
2018-06-18,86.64,86.75,86.58,86.61,65067.0
2018-06-19,87.11,87.28,86.98,87.01,73129.0
2018-06-20,87.02,87.02,86.7,86.74,35764.0
2018-06-21,86.85,87.16,86.85,87.05,33561.0
2018-06-22,86.99,87.19,86.96,87.07,70272.0
2018-06-25,87.34,87.54,87.04,87.18,82916.0
2018-06-26,87.23,87.28,86.91,86.96,36788.0
2018-06-27,86.76,86.92,86.67,86.83,77294.0
2018-06-28,86.84,86.86,86.531,86.62,58740.0
2018-06-29,86.47,86.54,86.32,86.47,43663.0
2018-07-02,86.31,86.49,86.31,86.35,52387.0
2018-07-03,86.4768,86.63,86.4768,86.62,19236.0
2018-07-05,86.56,86.6,86.48,86.55,29909.0
2018-07-06,86.64,86.73,86.6,86.7,16193.0
2018-07-09,86.59,86.59,86.32,86.37,121155.0
2018-07-10,86.08,86.08,85.99,86.03,87662.0
2018-07-11,86.055,86.055,85.32,85.39,262262.0
2018-07-12,85.08,85.15,85.03,85.06,70299.0
2018-07-13,85.05,85.21,85.03,85.19,46806.0
2018-07-16,85.08,85.24,85.08,85.22,12877.0
2018-07-17,84.93,84.93,84.73,84.79,227983.0
2018-07-18,84.8,84.86,84.75,84.77,29393.0
2018-07-19,84.63,85.38,84.63,85.05,183049.0
2018-07-20,85.53,85.91,85.5,85.8,542527.0
2018-07-23,86.0,86.0,85.8,85.89,148931.0
2018-07-24,86.1,86.2,85.97,86.06,15422.0
2018-07-25,86.19,86.44,86.13,86.23,320633.0
2018-07-26,86.18,86.25,86.01,86.01,207200.0
2018-07-27,86.25,86.35,86.17,86.2,20891.0
2018-07-30,86.16,86.26,86.13,86.17,72892.0
2018-07-31,85.56,85.64,85.48,85.58,264222.0
2018-08-01,85.42,85.87,85.42,85.72,69047.0
2018-08-02,85.9,85.92,85.63,85.68,137671.0
2018-08-03,85.88,86.11,85.87,86.04,255521.0
2018-08-06,85.85,85.9225,85.82,85.86,106913.0
2018-08-07,86.1,86.11,85.8,85.87,48756.0
2018-08-08,86.11,86.245,86.11,86.18,24283.0
2018-08-09,86.18,86.29,86.1,86.12,94513.0
2018-08-10,86.32,86.54,86.23,86.32,71132.0
2018-08-13,86.35,86.485,86.24,86.46,49682.0
2018-08-14,86.32,86.37,85.95,86.02,198271.0
2018-08-15,86.27,86.6,86.25,86.45,102289.0
2018-08-16,86.51,86.51,86.1,86.26,51463.0
2018-08-17,86.61,86.7,86.46,86.49,54615.0
2018-08-20,86.64,86.88,86.57,86.88,313938.0
2018-08-21,86.69,86.71,86.56,86.66,47528.0
2018-08-22,86.66,86.68,86.49,86.62,20181.0
2018-08-23,86.24,86.24,85.95,85.96,42356.0
2018-08-24,85.91,86.08,85.85,86.0699,53196.0
2018-08-27,86.16,86.21,86.09,86.12,28032.0
2018-08-28,86.08,86.21,85.99,86.03,43019.0
2018-08-29,85.9,85.9,85.55,85.63,119613.0
2018-08-30,85.85,86.1733,85.85,86.17,185731.0
2018-08-31,86.3,86.3399,86.04,86.09,75063.0
2018-09-04,85.8,86.03,85.75,85.79,52269.0
2018-09-05,85.62,85.81,85.55,85.74,47269.0
2018-09-06,86.03,86.3755,85.74,86.24,29205.0
2018-09-07,86.18,86.33,85.96,86.14,101859.0
2018-09-10,86.05,86.07,85.96,86.01,22797.0
2018-09-11,85.85,85.85,85.65,85.69,27728.0
2018-09-12,85.86,86.05,85.8,85.94,103941.0
2018-09-13,85.78,85.78,85.38,85.4,135950.0
2018-09-14,85.38,85.48,85.26,85.35,123581.0
2018-09-17,85.36,85.53,85.35,85.5,21643.0
2018-09-18,85.21,85.211,85.09,85.1,38259.0
2018-09-19,85.17,85.25,85.12,85.17,14334.0
2018-09-20,85.26,85.26,84.92,85.04,35301.0
2018-09-21,84.81,84.98,84.8,84.93,153405.0
2018-09-24,84.93,85.03,84.78,84.79,108439.0
2018-09-25,84.76,84.76,84.64,84.65,23377.0
2018-09-26,84.6,84.84,84.54,84.83,69686.0
2018-09-27,84.58,84.61,84.28,84.33,69538.0
2018-09-28,84.27,84.2804,84.13,84.15,53406.0
2018-10-01,83.9,83.94,83.83,83.87,32072.0
2018-10-02,84.04,84.19,84.02,84.18,92760.0
2018-10-03,83.94,83.98,83.54,83.6,149337.0
2018-10-04,83.74,84.1,83.74,83.97,257590.0
2018-10-05,83.96,84.17,83.92,84.1,102511.0
2018-10-08,84.5,84.73,84.43,84.53,56268.0
2018-10-09,84.36,84.68,84.36,84.67,13639.0
2018-10-10,84.44,85.06,84.43,85.05,68933.0
2018-10-11,85.09,85.4,84.99,85.33,147552.0
2018-10-12,85.16,85.44,85.14,85.18,45451.0
2018-10-15,85.52,85.62,85.41,85.52,41510.0
2018-10-16,85.25,85.26,85.15,85.17,11854.0
2018-10-17,85.16,85.34,84.92,84.95,38530.0
2018-10-18,84.96,85.39,84.94,85.19,149710.0
2018-10-19,85.02,85.05,84.8868,84.91,18734.0
2018-10-22,84.72,84.86,84.6915,84.7,56749.0
2018-10-23,85.22,85.34,84.98,85.05,60079.0
2018-10-24,84.88,85.26,84.84,85.23,34313.0
2018-10-25,85.08,85.11,84.82,84.9,34903.0
2018-10-26,85.29,85.79,85.2799,85.5,217034.0
2018-10-29,85.03,85.18,84.91,85.01,216854.0
2018-10-30,84.67,84.79,84.55,84.57,51844.0
2018-10-31,84.33,84.71,84.3,84.71,51774.0
2018-11-01,84.7,84.85,84.57,84.8,42449.0
2018-11-02,84.59,84.69,84.34,84.43,114764.0
2018-11-05,84.43,84.49,84.38,84.45,146592.0
2018-11-06,84.38,84.39,84.2,84.225,216219.0
2018-11-07,84.34,84.42,84.18,84.19,76084.0
2018-11-08,84.09,84.1,83.83,83.84,53760.0
2018-11-09,83.87,84.09,83.87,83.99,111115.0
2018-11-12,83.95,84.0599,83.92,83.99,84708.0
2018-11-13,83.91,84.02,83.81,83.99,87586.0
2018-11-14,83.84,84.34,83.84,84.18,200606.0
2018-11-15,84.48,84.49,84.05,84.14,339569.0
2018-11-16,84.75,84.84,84.62,84.73,389120.0
2018-11-19,84.66,84.99,84.66,84.9,110477.0
2018-11-20,84.96,85.04,84.67,84.8,87031.0
2018-11-21,84.61,84.63,84.48,84.51,123118.0
2018-11-23,84.78,84.78,84.66,84.68,64330.0
2018-11-26,84.26,84.26,84.07,84.11,97034.0
2018-11-27,84.09,84.2,83.9334,83.98,460615.0
2018-11-28,83.9,84.22,83.785,84.08,129805.0
2018-11-29,84.29,84.36,84.13,84.27,198513.0
2018-11-30,84.17,84.22,84.01,84.22,301268.0
2018-12-03,84.15,84.21,84.02,84.05,197765.0
2018-12-04,84.65,84.86,84.54,84.68,129486.0
2018-12-06,84.99,85.11,84.73,84.74,277936.0
2018-12-07,84.7,84.85,84.66,84.8,91573.0
2018-12-10,84.56,84.64,84.32,84.32,207808.0
2018-12-11,84.314,84.37,84.18,84.25,99814.0
2018-12-12,84.25,84.43,84.25,84.41,53598.0
2018-12-13,84.12,84.14,84.02,84.11,143969.0
2018-12-14,84.04,84.38,84.04,84.26,90204.0
2018-12-17,84.49,84.77,84.49,84.73,63656.0
2018-12-18,84.87,84.9262,84.82,84.85,44364.0
2018-12-19,85.1,85.22,84.8,84.83,174619.0
2018-12-20,85.6,86.19,85.49,85.87,304390.0
2018-12-21,85.99,86.08,85.72,85.87,217185.0
2018-12-24,86.44,86.6155,86.32,86.55,118551.0
2018-12-26,86.38,86.6,85.73,85.78,208071.0
2018-12-27,86.2,86.44,85.939,86.0,319811.0
2018-12-28,86.56,86.67,86.38,86.63,85476.0
2018-12-31,86.8,87.15,86.78,87.11,196504.0
2019-01-02,87.42,87.65,87.23,87.65,248843.0
2019-01-03,88.55,89.13,88.18,88.82,553696.0
2019-01-04,88.08,88.35,87.94,88.05,485217.0
2019-01-07,88.14,88.2354,87.81,87.85,179237.0
2019-01-08,87.63,88.05,87.63,87.7999,120082.0
2019-01-09,87.86,88.44,87.86,88.41,423071.0
2019-01-10,88.37,88.46,88.03,88.07,217839.0
2019-01-11,87.94,88.165,87.94,87.97,150352.0
2019-01-14,88.23,88.35,88.1285,88.24,79367.0
2019-01-15,88.1,88.1,87.78,87.85,220182.0
2019-01-16,87.77,87.8367,87.44,87.61,167549.0
2019-01-17,87.76,87.76,87.29,87.42,315535.0
2019-01-18,87.21,87.28,86.94,87.01,443770.0
2019-01-22,87.2,87.57,87.2,87.24,332132.0
2019-01-23,86.89,87.269,86.8,87.11,75478.0
2019-01-24,87.16,87.25,87.02,87.1,56739.0
2019-01-25,86.92,87.21,86.89,87.19,90052.0
2019-01-28,87.36,87.4699,87.28,87.28,69479.0
2019-01-29,87.24,87.405,87.2155,87.32,4638068.0
2019-01-30,87.04,87.73,87.01,87.66,357645.0
2019-01-31,87.98,87.98,87.63,87.65,238416.0
2019-02-01,87.49,87.5599,87.14,87.21,145823.0
2019-02-04,86.73,86.919,86.68,86.845,131771.0
2019-02-05,86.88,86.93,86.8001,86.81,133727.0
2019-02-06,86.95,87.03,86.7751,86.81,148991.0
2019-02-07,86.93,87.045,86.87,86.87,81425.0
2019-02-08,86.97,87.02,86.9,86.91,60038.0
2019-02-11,86.44,86.51,86.4,86.44,141858.0
2019-02-12,86.49,86.49,86.33,86.38,87334.0
2019-02-13,86.06,86.15,85.94,85.95,135074.0
2019-02-14,86.35,86.38,86.09,86.37,379945.0
2019-02-15,86.47,86.49,86.32,86.37,279132.0
2019-02-19,86.26,86.33,86.18,86.24,91485.0
2019-02-20,86.07,86.22,86.03,86.07,167209.0
2019-02-21,86.2,86.28,86.1,86.19,63879.0
2019-02-22,86.177,86.29,86.13,86.24,115928.0
2019-02-25,86.16,86.16,85.785,85.9,139980.0
2019-02-26,86.12,86.37,86.04,86.28,72191.0
2019-02-27,86.17,86.17,85.9,85.94,50514.0
2019-02-28,85.86,85.86,85.54,85.55,82702.0
2019-03-01,85.27,85.42,85.11,85.19,393920.0
2019-03-04,85.21,85.43,85.18,85.37,162073.0
2019-03-05,85.18,85.314,85.0481,85.2,162981.0
2019-03-06,85.33,85.43,85.26,85.34,2182005.0
2019-03-07,85.43,85.59,85.4,85.43,177021.0
2019-03-08,86.05,86.05,85.8,85.8,56809.0
2019-03-11,85.86,85.88,85.7,85.72,88370.0
2019-03-12,85.87,85.87,85.67,85.75,102084.0
2019-03-13,85.64,85.9,85.64,85.86,32687.0
2019-03-14,85.44,85.5212,85.32,85.34,85835.0
2019-03-15,85.44,85.58,85.44,85.55,19651.0
2019-03-18,85.48,85.68,85.4501,85.65,35227.0
2019-03-19,85.55,85.7,85.55,85.61,20781.0
2019-03-20,85.51,86.27,85.5,86.26,111984.0
2019-03-21,86.26,86.26,85.96,86.09,34184.0
2019-03-22,86.54,86.9,86.48,86.79,204246.0
2019-03-25,86.7,86.8994,86.6,86.71,53103.0
2019-03-26,86.34,86.38,86.19,86.25,28808.0
2019-03-27,86.32,86.47,86.3,86.34,85316.0
2019-03-28,86.22,86.28,86.07,86.24,32631.0
2019-03-29,86.09,86.19,85.96,86.11,65879.0
2019-04-01,85.98,85.99,85.57,85.63,188388.0
2019-04-02,85.65,85.71,85.58,85.6,43760.0
2019-04-03,85.58,85.64,85.52,85.56,121429.0
2019-04-04,85.51,85.53,85.42,85.48,29060.0
2019-04-05,85.37,85.4103,85.32,85.38,64522.0
2019-04-08,85.64,85.67,85.5,85.54,15339.0
2019-04-09,85.87,85.92,85.7902,85.82,33203.0
2019-04-10,85.81,86.02,85.81,85.91,76784.0
2019-04-11,85.69,85.69,85.4,85.4,26087.0
2019-04-12,85.18,85.2299,85.07,85.14,31584.0
2019-04-15,85.13,85.15,85.09,85.13,35931.0
2019-04-16,85.14,85.18,85.12,85.13,23801.0
2019-04-17,85.13,85.17,85.03,85.05,99227.0
2019-04-18,85.13,85.23,85.12,85.15,112146.0
2019-04-22,85.14,85.1815,85.14,85.16,117787.0
2019-04-23,85.12,85.28,85.12,85.245,22891.0
2019-04-24,85.24,85.35,84.81,84.95,213482.0
2019-04-25,85.28,85.61,85.28,85.39,184839.0
2019-04-26,85.3882,85.55,85.3743,85.39,44159.0
2019-04-29,85.25,85.37,85.2,85.35,37030.0
2019-04-30,85.51,85.68,85.51,85.52,49772.0
2019-05-01,85.6,85.86,85.41,85.52,116985.0
2019-05-02,85.48,85.58,85.43,85.46,17087.0
2019-05-03,85.57,85.81,85.57,85.79,226114.0
2019-05-06,85.97,86.03,85.9,85.92,251951.0
2019-05-07,86.18,86.49,86.17,86.44,119408.0
2019-05-08,86.52,86.66,86.47,86.59,225411.0
2019-05-09,86.79,87.0523,86.73,86.84,182104.0
2019-05-10,86.91,87.04,86.61,86.7,112199.0
2019-05-13,87.39,87.4096,87.13,87.16,177692.0
2019-05-14,86.99,87.02,86.86,87.02,217474.0
2019-05-15,87.22,87.22,86.93,86.98,90047.0
2019-05-16,86.84,86.86,86.6859,86.79,88081.0
2019-05-17,86.93,86.94,86.5,86.6575,72261.0
2019-05-20,86.71,86.795,86.61,86.65,189243.0
2019-05-21,86.22,86.23,86.13,86.2,167811.0
2019-05-22,86.35,86.455,86.31,86.39,101320.0
2019-05-23,86.61,87.0347,86.6,86.91,203204.0
2019-05-24,86.95,87.19,86.9,87.19,59114.0
2019-05-28,87.13,87.13,86.93,87.12,45187.0
2019-05-29,87.14,87.23,86.851,86.86,149694.0
2019-05-30,86.86,87.02,86.68,86.98,66252.0
2019-05-31,87.58,87.95,87.52,87.95,308397.0
2019-06-03,87.92,88.3047,87.8654,88.24,233248.0
2019-06-04,88.06,88.21,87.92,88.135,172819.0
2019-06-05,88.09,88.26,87.8601,87.92,667491.0
2019-06-06,88.11,88.1758,87.8,87.8,68474.0
2019-06-07,88.16,88.28,88.03,88.07,137298.0
2019-06-10,87.86,87.97,87.73,87.86,35687.0
2019-06-11,87.66,87.86,87.66,87.82,18530.0
2019-06-12,87.82,87.93,87.78,87.79,29985.0
2019-06-13,87.87,88.0003,87.8,87.9,76636.0
2019-06-14,87.88,87.975,87.73,87.82,194795.0
2019-06-17,87.8,87.8,87.66,87.74,37917.0
2019-06-18,88.0,88.15,87.66,87.87,255464.0
2019-06-19,87.81,88.26,87.81,88.09,113031.0
2019-06-20,88.45,88.85,88.405,88.72,130286.0
2019-06-21,88.56,88.74,88.4,88.69,53592.0
2019-06-24,88.64,88.76,88.58,88.71,45539.0
2019-06-25,88.99,89.14,88.68,88.84,30989.0
2019-06-26,88.47,88.5,88.31,88.31,35098.0
2019-06-27,88.3,88.435,88.27,88.36,32140.0
2019-06-28,88.41,88.43,88.28,88.34,79704.0
2019-07-01,87.92,87.98,87.78,87.81,82812.0
2019-07-02,88.03,88.34,87.98,88.24,93508.0
2019-07-03,88.4,88.46,88.28,88.3,125853.0
2019-07-05,87.88,87.88,87.67,87.77,61436.0
2019-07-08,87.63,87.67,87.53,87.54,48071.0
2019-07-09,87.57,87.58,87.44,87.48,149436.0
2019-07-10,87.76,87.9045,87.59,87.83,83717.0
2019-07-11,87.94,87.96,87.75,87.79,95687.0
2019-07-12,88.02,88.32,88.02,88.3,73934.0
2019-07-15,88.21,88.2883,88.18,88.22,117373.0
2019-07-16,87.99,88.06,87.88,87.92,28706.0
2019-07-17,87.9,88.1565,87.9,88.1,30414.0
2019-07-18,88.16,88.8,88.16,88.74,273573.0
2019-07-19,88.35,88.46,88.21,88.34,73829.0
2019-07-22,88.23,88.31,88.18,88.24,44908.0
2019-07-23,87.98,88.1,87.91,87.92,23175.0
2019-07-24,88.109,88.18,87.94,87.95,27528.0
2019-07-25,87.83,87.83,87.5435,87.56,26284.0
2019-07-26,87.66,87.66,87.48,87.56,18411.0
2019-07-29,87.56,87.619,87.42,87.51,130771.0
2019-07-30,87.7,87.7,87.5865,87.66,23053.0
2019-07-31,87.6,87.74,87.33,87.48,192743.0
2019-08-01,87.73,88.75,87.69,88.71,190966.0
2019-08-02,89.05,89.3659,89.05,89.27,152589.0
2019-08-05,89.7,89.85,89.62,89.62,142139.0
2019-08-06,89.35,89.58,89.2968,89.34,60831.0
2019-08-07,90.07,90.2,89.5827,89.62,207245.0
2019-08-08,89.65,89.875,89.59,89.78,252876.0
2019-08-09,90.04,90.4112,89.9444,90.14,121867.0
2019-08-12,90.53,90.53,90.3,90.41,123905.0
2019-08-13,90.47,90.47,89.0,89.2,253504.0
2019-08-14,89.87,90.0436,89.73,89.82,168556.0
2019-08-15,89.74,89.96,89.587,89.7,132364.0
2019-08-16,89.53,89.61,89.47,89.56,54558.0
2019-08-19,89.32,89.39,89.24,89.29,28842.0
2019-08-20,89.53,89.63,89.435,89.62,39725.0
2019-08-21,89.46,89.4831,89.26,89.28,34728.0
2019-08-22,89.33,89.49,89.33,89.47,76467.0
2019-08-23,89.43,90.42,89.28,90.37,143038.0
2019-08-26,89.78,89.85,89.57,89.69,66787.0
2019-08-27,89.8432,90.0776,89.74,90.02,72464.0
2019-08-28,89.98,90.07,89.63,89.64,50867.0
2019-08-29,89.52,89.55,89.23,89.36,57360.0
2019-08-30,89.59,89.6966,89.43,89.55,17226.0
2019-09-03,89.65,89.99,89.55,89.75,72753.0
2019-09-04,89.56,89.67,89.41,89.49,29442.0
2019-09-05,89.08,89.1,88.74,88.86,399630.0
2019-09-06,89.11,89.23,88.96,88.97,80884.0
2019-09-09,88.94,88.96,88.74,88.75,41436.0
2019-09-10,88.66,88.77,88.5,88.51,44085.0
2019-09-11,88.28,88.4028,88.24,88.24,74165.0
2019-09-12,88.3,88.37,87.95,88.0,70308.0
2019-09-13,88.09,88.0951,87.95,87.99,62069.0
2019-09-16,88.21,88.21,88.02,88.04,24348.0
2019-09-17,87.96,88.0178,87.83,87.96,43245.0
2019-09-18,87.96,88.015,87.7095,87.75,168488.0
2019-09-19,88.05,88.22,88.03,88.08,25679.0
2019-09-20,88.09,88.46,88.08,88.42,209228.0
2019-09-23,88.44,88.6065,88.44,88.53,139891.0
2019-09-24,88.32,88.94,88.32,88.89,206494.0
2019-09-25,88.52,88.53,88.2031,88.25,20456.0
2019-09-26,88.47,88.5345,88.11,88.14,20189.0
2019-09-27,87.96,88.22,87.935,88.09,62122.0
2019-09-30,87.97,88.0903,87.93,87.95,63498.0
2019-10-01,87.8,88.36,87.7039,88.29,54748.0
2019-10-02,88.5,88.83,88.5,88.71,158424.0
2019-10-03,88.86,89.3011,88.8,88.96,120818.0
2019-10-04,88.99,89.03,88.79,89.0,30177.0
2019-10-07,88.94,88.94,88.52,88.63,42773.0
2019-10-08,88.93,88.988,88.65,88.77,141607.0
2019-10-09,88.55,88.58,88.39,88.48,51683.0
2019-10-10,88.34,88.34,88.07,88.1,49049.0
2019-10-11,87.75,87.81,87.55,87.77,188127.0
2019-10-14,87.75,87.82,87.675,87.69,13932.0
2019-10-15,87.67,87.7144,87.31,87.35,57330.0
2019-10-16,87.46,87.51,87.37,87.43,17868.0
2019-10-17,87.47,87.63,87.47,87.55,14412.0
2019-10-18,87.63,87.72,87.575,87.69,42950.0
2019-10-21,87.63,87.65,87.49,87.53,39024.0
2019-10-22,87.57,87.67,87.5685,87.63,43841.0
2019-10-23,87.566,87.58,87.46,87.46,49991.0
2019-10-24,87.52,87.62,87.47,87.5,63661.0
2019-10-25,87.54,87.57,87.41,87.47,55408.0
2019-10-28,87.33,87.33,87.21,87.24,36120.0
2019-10-29,87.253,87.41,87.22,87.34,45432.0
2019-10-30,87.2937,87.4204,87.02,87.33,63573.0
2019-10-31,87.8,88.08,87.76,88.02,85290.0
2019-11-01,87.94,88.09,87.79,87.89,46241.0
2019-11-04,87.46,87.67,87.46,87.53,79200.0
2019-11-05,87.27,87.37,87.01,87.02,350524.0
2019-11-06,87.239,87.365,87.11,87.24,71478.0
2019-11-07,87.06,87.11,86.82,87.0,82947.0
2019-11-08,86.94,87.14,86.92,87.02,44498.0
2019-11-11,87.25,87.25,87.12,87.14,29476.0
2019-11-12,87.1,87.26,87.02,87.22,31814.0
2019-11-13,87.4,87.47,87.33,87.41,162654.0
2019-11-14,87.5,87.87,87.46,87.68,119360.0
2019-11-15,87.39,87.4454,87.31,87.35,41555.0
2019-11-18,87.44,87.59,87.44,87.48,74378.0
2019-11-19,87.42,87.62,87.42,87.54,60049.0
2019-11-20,87.5,87.66,87.4,87.53,105981.0
2019-11-21,87.55,87.57,87.46,87.48,25531.0
2019-11-22,87.51,87.51,87.42,87.51,31939.0
2019-11-25,87.26,87.33,87.2,87.23,85774.0
2019-11-26,87.14,87.19,87.082,87.15,70850.0
2019-11-27,86.95,87.01,86.71,86.79,85541.0
2019-11-29,86.72,86.86,86.7,86.85,21154.0
2019-12-02,86.74,87.25,86.73,87.25,67962.0
2019-12-03,87.45,87.5832,87.42,87.48,64292.0
2019-12-04,87.44,87.44,87.2237,87.26,40812.0
2019-12-05,87.23,87.47,87.23,87.35,55787.0
2019-12-06,87.3,87.54,87.3,87.51,30386.0
2019-12-09,87.56,87.59,87.455,87.49,77844.0
2019-12-10,87.47,87.49,87.3504,87.37,17198.0
2019-12-11,87.4,87.56,87.39,87.53,64848.0
2019-12-12,87.46,87.46,86.81,86.93,240730.0
2019-12-13,86.92,87.01,86.71,86.91,46665.0
2019-12-16,86.81,86.83,86.645,86.76,57104.0
2019-12-17,86.68,86.8178,86.68,86.78,34545.0
2019-12-18,86.76,86.78,86.6933,86.73,63860.0
2019-12-19,86.88,87.03,86.88,86.95,32474.0
2019-12-20,86.9,86.9,86.755,86.78,30508.0
2019-12-23,86.85,86.9,86.84,86.88,28133.0
2019-12-24,86.9,86.9029,86.82,86.85,59854.0
2019-12-26,86.67,86.7,86.63,86.68,47645.0
2019-12-27,86.64,86.89,86.64,86.89,84028.0
2019-12-30,87.21,87.32,87.12,87.31,104533.0
2019-12-31,87.53,87.5997,87.34,87.43,37446.0
2020-01-02,87.35,87.804,87.35,87.51,92391.0
2020-01-03,87.85,88.08,87.78,87.92,118572.0
2020-01-06,87.93,87.93,87.56,87.65,126432.0
2020-01-07,87.58,87.69,87.4654,87.51,71201.0
2020-01-08,87.4,87.46,86.99,87.1,258128.0
2020-01-09,86.73,86.81,86.6937,86.8,37494.0
2020-01-10,86.64,86.79,86.64,86.74,91137.0
2020-01-13,86.46,86.5,86.4037,86.42,27586.0
2020-01-14,86.34,86.43,86.28,86.41,63682.0
2020-01-15,86.455,86.47,86.37,86.42,52748.0
2020-01-16,86.31,86.33,86.22,86.26,40218.0
2020-01-17,86.18,86.3,86.18,86.24,42940.0
2020-01-21,86.24,86.51,86.24,86.51,120913.0
2020-01-22,86.48,86.48,86.391,86.45,25291.0
2020-01-23,86.71,86.92,86.71,86.74,65009.0
2020-01-24,86.69,86.9853,86.69,86.9,73206.0
2020-01-27,87.17,87.2,87.04,87.19,63099.0
2020-01-28,87.17,87.17,86.95,87.03,66370.0
2020-01-29,86.99,87.11,86.47,87.05,48418.0
2020-01-30,87.14,87.44,87.13,87.17,112386.0
2020-01-31,87.26,87.65,87.26,87.64,90598.0
2020-02-03,87.54,87.54,87.21,87.35,119536.0
2020-02-04,86.99,86.99,86.6703,86.73,74712.0
2020-02-05,86.49,86.57,86.44,86.48,51855.0
2020-02-06,86.38,86.44,86.33,86.33,62781.0
2020-02-07,86.52,86.68,86.4632,86.52,84056.0
2020-02-10,86.55,86.6,86.5,86.53,48912.0
2020-02-11,86.45,86.53,86.37,86.5,20203.0
2020-02-12,86.34,86.34,86.24,86.27,12991.0
2020-02-13,86.49,86.58,86.4306,86.5,39815.0
2020-02-14,86.46,86.55,86.46,86.49,63144.0
2020-02-18,86.45,86.46,86.355,86.42,73276.0
2020-02-19,85.76,85.76,85.08,85.34,321553.0
2020-02-20,84.66,84.96,84.62,84.7,175729.0
2020-02-21,84.77,85.13,84.77,85.01,213884.0
2020-02-24,85.6,85.9862,85.51,85.67,154247.0
2020-02-25,85.78,86.3068,85.78,86.15,102911.0
2020-02-26,85.84,86.09,85.73,85.89,55081.0
2020-02-27,86.31,86.48,86.037,86.37,146327.0
2020-02-28,87.47,88.27,87.3,87.93,455653.0
2020-03-02,88.0,88.3,87.49,87.5,166508.0
2020-03-03,87.96,88.72,87.95,88.51,246169.0
2020-03-04,88.33,88.55,88.26,88.29,847010.0
2020-03-05,88.8,89.5,88.75,89.48,151093.0
2020-03-06,90.19,90.3,89.79,89.95,238247.0
2020-03-09,93.07,93.2299,92.495,92.73,392792.0
2020-03-10,91.0,91.86,89.66,89.97,370464.0
2020-03-11,90.65,91.04,90.31,90.68,268037.0
2020-03-12,91.19,91.19,89.5,90.11,273160.0
2020-03-13,88.55,88.93,87.47,87.71,229844.0
2020-03-16,89.93,90.105,89.2,89.66,150751.0
2020-03-17,88.74,88.84,87.97,88.14,148284.0
2020-03-18,88.09,88.09,87.37,87.79,144033.0
2020-03-19,86.48,86.57,85.51,85.68,605068.0
2020-03-20,85.64,85.77,85.06,85.31,589091.0
2020-03-23,85.59,85.7895,84.98,85.18,335586.0
2020-03-24,85.58,85.58,84.7702,85.01,141815.0
2020-03-25,85.11,85.24,84.83,85.18,189978.0
2020-03-26,86.42,86.78,86.12,86.67,481421.0
2020-03-27,87.17,88.0,87.09,87.93,310390.0
2020-03-30,87.83,88.05,87.66,87.95,95572.0
2020-03-31,87.52,88.19,87.52,88.19,64679.0
2020-04-01,88.5,88.67,87.99,88.53,81572.0
2020-04-02,88.4,88.4,87.73,87.8,74719.0
2020-04-03,87.45,87.52,86.9548,87.48,224127.0
2020-04-06,86.95,87.03,86.8,86.85,43211.0
2020-04-07,87.01,87.26,86.94,87.1791,836019.0
2020-04-08,87.14,87.5,87.1355,87.1355,110728.0
2020-04-09,87.22,87.65,87.16,87.6,64148.0
2020-04-13,87.89,88.2,87.84,88.1,69489.0
2020-04-14,88.33,88.64,88.305,88.4996,91082.0
2020-04-15,87.97,88.4,87.89,88.11,106179.0
2020-04-16,88.13,88.48,87.99,88.02,73985.0
2020-04-17,88.29,88.335,88.08,88.29,74370.0
2020-04-20,87.97,88.08,87.94,87.95,179069.0
2020-04-21,88.01,88.17,87.87,87.98,120446.0
2020-04-22,87.97,88.05,87.88,88.02,40494.0
2020-04-23,88.24,88.26,87.891,88.1,126039.0
2020-04-24,88.17,88.295,88.15,88.26,19093.0
2020-04-27,88.61,88.61,88.35,88.35,40010.0
2020-04-28,88.93,88.93,88.6258,88.73,50419.0
2020-04-29,88.86,88.979,88.81,88.94,38512.0
2020-04-30,88.91,89.02,88.2343,88.31,65539.0
2020-05-01,88.86,88.86,88.55,88.71,45821.0
2020-05-04,88.67,88.87,88.52,88.82,24885.0
2020-05-05,88.91,89.04,88.87,88.99,31794.0
2020-05-06,89.3,89.44,89.25,89.33,50208.0
2020-05-07,89.05,89.21,88.87,89.17,34124.0
2020-05-08,88.88,89.08,88.81,88.81,41892.0
2020-05-11,88.25,88.29,88.0,88.08,283219.0
2020-05-12,88.28,88.45,88.28,88.37,1172071.0
2020-05-13,88.53,88.64,88.44,88.52,190920.0
2020-05-14,88.53,88.6499,88.25,88.26,27277.0
2020-05-15,88.58,88.6,88.24,88.35,44949.0
2020-05-18,88.23,88.3921,88.14,88.28,37771.0
2020-05-19,87.75,87.96,87.7304,87.941,51269.0
2020-05-20,88.1,88.26,88.0761,88.1,29286.0
2020-05-21,88.0,88.0899,87.87,88.08,34886.0
2020-05-22,88.03,88.15,88.0,88.03,29150.0
2020-05-26,88.06,88.13,87.98,88.13,26401.0
2020-05-27,87.89,87.985,87.82,87.9,112146.0
2020-05-28,87.92,88.05,87.88,88.0,48014.0
2020-05-29,88.218,88.22,87.8,87.83,58526.0
2020-06-01,87.95,88.09,87.91,88.06,59747.0
2020-06-02,87.4,87.49,87.09,87.14,46090.0
2020-06-03,87.13,87.19,86.91,86.97,78377.0
2020-06-04,87.14,87.15,86.7765,86.7765,284719.0
2020-06-05,86.42,86.45,86.245,86.4,83587.0
2020-06-08,86.8,87.51,86.79,87.39,98743.0
2020-06-09,87.75,88.0091,87.73,87.92,53649.0
2020-06-10,88.26,88.52,88.221,88.41,135963.0
2020-06-11,88.6,88.86,88.5598,88.6,87620.0
2020-06-12,88.24,88.305,88.08,88.21,99312.0
2020-06-15,88.17,88.3,88.1003,88.25,27760.0
2020-06-16,88.12,88.29,87.99,88.25,42780.0
2020-06-17,88.28,88.52,88.25,88.51,68360.0
2020-06-18,88.71,88.76,88.46,88.47,150456.0
2020-06-19,88.56,88.68,88.47,88.68,113349.0
2020-06-22,88.61,88.66,88.53,88.54,38559.0
2020-06-23,89.06,89.24,88.88,88.89,46081.0
2020-06-24,88.7,88.74,88.48,88.49,51322.0
2020-06-25,88.28,88.38,88.25,88.37,35629.0
2020-06-26,88.39,88.42,88.21,88.35,54151.0
2020-06-29,88.14,88.14,87.78,87.99,221659.0
2020-06-30,87.98,88.0709,87.7,87.71,56930.0
2020-07-01,88.05,88.15,88.0,88.1,196674.0
2020-07-02,88.0,88.105,87.97,88.08,42942.0
2020-07-06,88.09,88.26,88.03,88.17,31361.0
2020-07-07,87.97,88.07,87.95,88.03,170120.0
2020-07-08,88.08,88.35,88.06,88.31,75409.0
2020-07-09,88.29,88.42,88.259,88.3411,32762.0
2020-07-10,88.73,88.79,88.54,88.55,67741.0
2020-07-13,88.32,88.37,88.24,88.3,27095.0
2020-07-14,88.19,88.35,88.19,88.27,18574.0
2020-07-15,88.72,88.77,88.5299,88.56,29225.0
2020-07-16,88.36,88.45,88.17,88.21,38436.0
2020-07-17,88.34,88.55,88.31,88.55,46012.0
2020-07-20,88.42,88.4673,88.21,88.23,23398.0
2020-07-21,88.38,88.73,88.38,88.65,40429.0
2020-07-22,88.4,88.4,88.2539,88.37,27846.0
2020-07-23,88.38,88.74,88.37,88.63,34095.0
2020-07-24,89.27,89.58,89.27,89.35,130501.0
2020-07-27,89.81,90.06,89.8,89.82,99756.0
2020-07-28,90.05,90.21,90.01,90.11,74105.0
2020-07-29,90.14,90.32,90.05,90.15,60074.0
2020-07-30,90.14,90.4,90.05,90.4,63093.0
2020-07-31,89.78,89.79,89.29,89.43,127283.0
2020-08-03,89.01,89.37,88.93,89.36,83497.0
2020-08-04,89.22,89.64,89.21,89.63,199819.0
2020-08-05,89.72,89.8815,89.61,89.63,141626.0
2020-08-06,89.78,89.881,89.58,89.73,123592.0
2020-08-07,89.52,89.52,89.3,89.34,44296.0
2020-08-10,89.34,89.5,89.3,89.3,54102.0
2020-08-11,89.13,89.13,88.711,88.85,68558.0
2020-08-12,88.66,88.695,88.4829,88.59,210239.0
2020-08-13,88.52,88.6601,88.43,88.53,39209.0
2020-08-14,88.79,88.94,88.78,88.82,96954.0
2020-08-17,89.11,89.3212,89.11,89.28,153034.0
2020-08-18,89.79,89.875,89.71,89.78,68143.0
2020-08-19,89.75,89.8284,89.18,89.23,161880.0
2020-08-20,89.31,89.46,89.265,89.44,98090.0
2020-08-21,89.4853,89.4853,89.2367,89.41,135145.0
2020-08-24,89.39,89.4993,89.25,89.25,23325.0
2020-08-25,88.98,88.9999,88.785,88.92,28051.0
2020-08-26,89.0,89.278,89.0,89.25,17631.0
2020-08-27,89.45,89.45,88.67,88.73,49916.0
2020-08-28,89.73,89.87,89.665,89.74,82813.0
2020-08-31,89.24,89.41,89.175,89.31,26504.0
2020-09-01,89.37,89.37,89.11,89.31,34849.0
2020-09-02,89.07,89.15,88.971,89.07,27182.0
2020-09-03,88.99,89.23,88.8967,89.13,43127.0
2020-09-04,88.9,89.099,88.82,89.05,68194.0
2020-09-08,89.26,89.33,89.15,89.16,18862.0
2020-09-09,89.11,89.12,89.011,89.08,38958.0
2020-09-10,89.19,89.19,89.059,89.15,20555.0
2020-09-11,89.09,89.188,89.05,89.17,45927.0
2020-09-14,89.37,89.61,89.37,89.49,24518.0
2020-09-15,89.77,89.8179,89.6234,89.7,25295.0
2020-09-16,90.1,90.23,90.0101,90.04,66270.0
2020-09-17,90.4,90.4057,90.21,90.37,41973.0
2020-09-18,90.49,90.6796,90.37,90.42,74932.0
2020-09-21,90.57,90.57,90.18,90.29,54950.0
2020-09-22,90.37,90.37,89.99,90.13,70995.0
2020-09-23,89.88,89.92,89.62,89.74,21327.0
2020-09-24,89.74,89.75,89.6287,89.7,36057.0
2020-09-25,89.64,89.64,89.4899,89.5313,11302.0
2020-09-28,89.64,89.67,89.5,89.67,23336.0
2020-09-29,89.57,89.57,89.456,89.5,20309.0
2020-09-30,89.48,89.6679,89.42,89.62,24263.0
2020-10-01,89.45,89.6104,89.45,89.59,19330.0
2020-10-02,89.78,89.83,89.7,89.7,32124.0
2020-10-05,89.58,89.58,89.37,89.4,22316.0
2020-10-06,89.498,89.595,89.47,89.57,27935.0
2020-10-07,89.27,89.27,89.11,89.15,36646.0
2020-10-08,89.21,89.2384,89.16,89.2,35205.0
2020-10-09,89.35,89.56,89.33,89.56,24761.0
2020-10-12,89.77,89.83,89.71,89.758,25735.0
2020-10-13,89.55,89.67,89.52,89.63,28252.0
2020-10-14,89.87,89.99,89.845,89.9791,14493.0
2020-10-15,89.82,89.839,89.625,89.68,17693.0
2020-10-16,89.77,89.77,89.64,89.66,50441.0
2020-10-19,89.71,89.72,89.63,89.68,19051.0
2020-10-20,89.43,89.677,89.43,89.63,23548.0
2020-10-21,90.34,90.57,90.34,90.4,37970.0
2020-10-22,90.38,90.38,90.1138,90.12,28467.0
2020-10-23,90.25,90.3,90.18,90.3,24371.0
2020-10-26,90.02,90.18,90.02,90.13,52751.0
2020-10-27,90.36,90.55,90.34,90.4519,44044.0
2020-10-28,90.61,90.69,90.57,90.5716,22053.0
2020-10-29,90.62,90.64,90.2537,90.37,43554.0
2020-10-30,90.39,90.5022,90.27,90.29,78188.0
2020-11-02,90.24,90.25,90.13,90.21,25951.0
2020-11-03,90.35,90.48,90.2868,90.3637,22327.0
2020-11-04,90.38,90.6368,90.37,90.43,17121.0
2020-11-05,91.04,91.37,91.04,91.27,315878.0
2020-11-06,91.35,91.54,91.13,91.47,72961.0
2020-11-09,90.15,90.15,89.44,89.6914,70968.0
2020-11-10,89.74,89.82,89.65,89.72,91261.0
2020-11-11,89.55,89.67,89.441,89.6699,66689.0
2020-11-12,89.81,89.95,89.785,89.87,40350.0
2020-11-13,90.21,90.36,90.1771,90.31,138519.0
2020-11-16,90.2,90.42,90.2,90.39,40557.0
2020-11-17,90.66,90.76,90.63,90.66,60883.0
2020-11-18,90.92,91.13,90.92,90.98,35156.0
2020-11-19,90.83,91.09,90.8135,91.07,14325.0
2020-11-20,91.0,91.11,90.98,91.02,22235.0
2020-11-23,91.04,91.07,90.35,90.37,43669.0
2020-11-24,90.31,90.5,90.2157,90.49,84714.0
2020-11-25,90.45,90.588,90.45,90.5,27417.0
2020-11-27,90.68,90.87,90.68,90.836,19578.0
2020-11-30,90.68,90.79,90.48,90.5,54072.0
2020-12-01,90.48,90.59,90.33,90.575,32675.0
2020-12-02,90.41,90.46,90.33,90.42,21570.0
2020-12-03,90.92,91.13,90.852,90.96,50041.0
2020-12-04,90.9,90.915,90.65,90.68,264328.0
2020-12-07,90.8,90.8687,90.7499,90.76,52839.0
2020-12-08,90.79,90.79,90.63,90.65,18039.0
2020-12-09,90.68,90.68,90.47,90.63,27537.0
2020-12-10,90.614,90.669,90.47,90.62,13174.0
2020-12-11,90.74,90.939,90.74,90.77,14636.0
2020-12-14,91.11,91.1898,90.74,90.81,19342.0
2020-12-15,90.94,91.12,90.94,91.12,21163.0
2020-12-16,91.13,91.31,90.91,91.24,25357.0
2020-12-17,91.68,91.78,91.57,91.58,53951.0
2020-12-18,91.42,91.44,91.28,91.4,19093.0
2020-12-21,91.26,91.4,91.1,91.3695,57406.0
2020-12-22,91.22,91.22,91.04,91.097,23830.0
2020-12-23,91.24,91.34,91.11,91.25,18679.0
2020-12-24,91.1,91.13,91.05,91.0904,23065.0
2020-12-28,91.12,91.12,90.89,90.9248,26785.0
2020-12-29,91.07,91.235,91.07,91.19,40489.0
2020-12-30,91.55,91.66,91.37,91.45,44868.0
2020-12-31,91.65,91.65,91.41,91.46,25418.0
2021-01-04,91.67,91.67,91.47,91.54,139386.0
2021-01-05,91.82,92.01,91.75,91.92,43456.0
2021-01-06,91.5,91.7,91.2506,91.65,55805.0
2021-01-07,91.02,91.02,90.821,90.94,48091.0
2021-01-08,90.99,91.05,90.735,90.82,65473.0
2021-01-11,90.55,90.68,90.43,90.62,36290.0
2021-01-12,90.57,91.01,90.55,91.0082,51355.0
2021-01-13,90.86,90.987,90.82,90.87,84006.0
2021-01-14,90.77,91.14,90.67,91.02,30683.0
2021-01-15,90.98,91.0,90.8613,90.9,46460.0
2021-01-19,90.86,90.9,90.72,90.88,47009.0
2021-01-20,90.99,91.21,90.964,91.17,23533.0
2021-01-21,91.15,91.23,91.08,91.22,19281.0
2021-01-22,90.92,90.99,90.88,90.89,47070.0
2021-01-25,90.95,90.965,90.81,90.95,28962.0
2021-01-26,91.05,91.13,91.0413,91.12,23166.0
2021-01-27,90.74,90.75,90.58,90.58,28224.0
2021-01-28,90.46,90.6,90.45,90.52,102039.0
2021-01-29,90.1,90.19,90.03,90.08,59143.0
2021-02-01,89.98,89.98,89.87,89.9,27923.0
2021-02-02,89.87,89.87,89.76,89.84,16378.0
2021-02-03,89.81,89.881,89.81,89.84,37832.0
2021-02-04,89.55,89.57,89.38,89.4,25191.0
2021-02-05,89.4,89.58,89.39,89.53,73367.0
2021-02-08,89.55,89.72,89.54,89.6853,38441.0
2021-02-09,90.13,90.2602,90.13,90.24,14065.0
2021-02-10,90.2,90.22,90.1278,90.19,13217.0
2021-02-11,90.09,90.14,90.04,90.1,23017.0
2021-02-12,89.76,89.9242,89.76,89.91,95017.0
2021-02-16,89.2,89.28,89.03,89.08,54765.0
2021-02-17,89.02,89.16,89.02,89.09,56562.0
2021-02-18,89.19,89.31,89.1,89.29,15890.0
2021-02-19,89.39,89.48,89.28,89.47,72183.0
2021-02-22,89.51,89.86,89.49,89.77,54371.0
2021-02-23,89.54,89.77,89.51,89.61,32044.0
2021-02-24,89.0,89.115,88.91,89.11,72524.0
2021-02-25,88.85,88.96,88.67,88.75,62968.0
2021-02-26,88.64,88.67,88.41,88.5,57706.0
2021-03-01,88.45,88.57,88.24,88.35,54689.0
2021-03-02,88.29,88.39,88.2699,88.37,24294.0
2021-03-03,88.16,88.24,88.025,88.15,32624.0
2021-03-04,87.75,87.8287,87.37,87.41,60439.0
2021-03-05,87.1,87.22,87.0,87.06,88530.0
2021-03-08,86.76,86.76,86.57,86.6,141702.0
2021-03-09,86.76,86.97,86.64,86.94,434115.0
2021-03-10,87.0,87.02,86.8,87.02,86224.0
2021-03-11,86.77,87.02,86.753,86.96,41317.0
2021-03-12,86.48,86.65,86.42,86.53,77706.0
2021-03-15,86.33,86.47,86.32,86.43,12346.0
2021-03-16,86.63,86.67,86.4687,86.54,42049.0
2021-03-17,86.37,86.69,86.28,86.63,35330.0
2021-03-18,86.32,86.6499,86.32,86.62,20326.0
2021-03-19,86.49,86.65,86.48,86.58,23605.0
2021-03-22,86.66,86.76,86.65,86.68,33084.0
2021-03-23,86.79,86.85,86.71,86.85,32130.0
2021-03-24,86.6,86.77,86.54,86.76,19474.0
2021-03-25,86.47,86.47,86.31,86.41,38362.0
2021-03-26,85.92,86.04,85.87,86.0,23948.0
2021-03-29,85.95,85.96,85.84,85.8698,28252.0
2021-03-30,85.44,85.56,85.4,85.45,52094.0
2021-03-31,85.1,85.377,85.085,85.16,71820.0
2021-04-01,85.25,85.2793,85.135,85.22,62724.0
2021-04-05,85.36,85.71,85.36,85.57,77396.0
2021-04-06,85.85,85.9302,85.76,85.83,44181.0
2021-04-07,85.88,85.9707,85.76,85.88,65704.0
2021-04-08,86.37,86.45,86.22,86.26,65234.0
2021-04-09,85.85,86.0099,85.8,85.97,612451.0
2021-04-12,86.18,86.18,86.09,86.11,49442.0
2021-04-13,86.25,86.46,86.2,86.43,42501.0
2021-04-14,86.45,86.52,86.4,86.52,32484.0
2021-04-15,86.66,86.75,86.63,86.7,19862.0
2021-04-16,86.55,86.64,86.55,86.6,59898.0
2021-04-19,87.03,87.23,87.02,87.09,30784.0
2021-04-20,86.92,87.2299,86.92,87.19,31551.0
2021-04-21,87.22,87.22,87.1199,87.1963,6665.0
2021-04-22,87.16,87.29,87.08,87.23,20797.0
2021-04-23,87.53,87.58,87.14,87.32,20443.0
2021-04-26,87.24,87.29,87.1,87.12,29541.0
2021-04-27,86.91,86.96,86.63,86.64,28138.0
2021-04-28,86.53,86.78,86.5042,86.76,18938.0
2021-04-29,86.34,86.57,86.27,86.54,33839.0
2021-04-30,86.48,86.489,86.17,86.2,46333.0
2021-05-03,86.3,86.5,86.285,86.35,29913.0
2021-05-04,86.26,86.31,86.13,86.17,41859.0
2021-05-05,86.24,86.27,86.19,86.26,10143.0
2021-05-06,86.18,86.41,86.18,86.38,31974.0
2021-05-07,86.65,86.83,86.59,86.76,54989.0
2021-05-10,86.64,86.6699,86.52,86.5993,77479.0
2021-05-11,86.82,86.86,86.68,86.7,35086.0
2021-05-12,86.32,86.32,85.94,85.96,35435.0
2021-05-13,85.92,86.1,85.92,86.1,17605.0
2021-05-14,86.15,86.209,86.07,86.2,124700.0
2021-05-17,86.26,86.34,86.23,86.29,19005.0
2021-05-18,86.49,86.53,86.41,86.48,22383.0
2021-05-19,86.47,86.7387,86.2,86.26,31175.0
2021-05-20,86.47,86.6,86.47,86.58,19754.0
2021-05-21,86.62,86.62,86.41,86.49,23494.0
2021-05-24,86.5711,86.6,86.5507,86.56,18780.0
2021-05-25,86.36,86.635,86.36,86.63,13408.0
2021-05-26,86.49,86.49,86.27,86.31,35708.0
2021-05-27,86.03,86.04,85.71,85.77,24051.0
2021-05-28,85.53,85.8,85.52,85.76,59658.0
2021-06-01,85.98,86.095,85.94,86.02,19901.0
2021-06-02,85.82,85.965,85.82,85.96,8912.0
2021-06-03,85.61,85.61,85.37,85.4,46382.0
2021-06-04,85.92,86.1,85.895,86.0,82628.0
2021-06-07,86.12,86.23,86.12,86.18,26951.0
2021-06-08,86.06,86.09,85.98,86.03,13398.0
2021-06-09,86.19,86.19,85.8799,85.91,24516.0
2021-06-10,85.84,86.13,85.84,86.12,25989.0
2021-06-11,85.86,85.87,85.7299,85.87,47247.0
2021-06-14,85.76,85.76,85.52,85.56,17556.0
2021-06-15,85.57,85.57,85.48,85.55,4497.0
2021-06-16,85.667,85.695,85.09,85.09,33407.0
2021-06-17,85.26,85.43,85.24,85.41,27427.0
2021-06-18,85.25,85.5,85.25,85.45,24831.0
2021-06-21,85.41,85.4499,85.32,85.35,15723.0
2021-06-22,85.02,85.12,84.971,85.12,11803.0
2021-06-23,84.89,85.017,84.79,84.81,18171.0
2021-06-24,84.97,85.03,84.89,84.91,9806.0
2021-06-25,85.15,85.19,84.9,85.01,27195.0
2021-06-28,84.94,85.19,84.89,85.13,296292.0
2021-06-29,85.2,85.24,85.14,85.2,32475.0
2021-06-30,85.1,85.1,84.71,84.73,65256.0
2021-07-01,84.51,84.52,84.311,84.37,21384.0
2021-07-02,84.52,84.84,84.52,84.76,11393.0
2021-07-06,84.93,85.129,84.93,85.1,15052.0
2021-07-07,85.04,85.14,84.96,85.12,27253.0
2021-07-08,85.79,85.92,85.6701,85.77,30876.0
2021-07-09,85.61,85.61,85.4108,85.5,12339.0
2021-07-12,85.43,85.435,85.289,85.32,97235.0
2021-07-13,85.24,85.325,85.07,85.12,10938.0
2021-07-14,85.5,85.64,85.5,85.63,25689.0
2021-07-15,85.61,85.74,85.5301,85.71,25915.0
2021-07-16,85.37,85.56,85.37,85.55,80567.0
2021-07-19,86.1,86.3,85.92,85.99,32694.0
2021-07-20,85.94,85.9507,85.58,85.73,53104.0
2021-07-21,85.35,85.3722,85.29,85.36,37431.0
2021-07-22,85.44,85.47,85.39,85.45,18844.0
2021-07-23,85.15,85.17,85.1,85.11,53783.0
2021-07-26,85.2,85.32,85.2,85.2526,5763.0
2021-07-27,85.64,85.84,85.605,85.8,10536.0
2021-07-28,85.44,85.68,85.36,85.68,23774.0
2021-07-29,85.7401,85.99,85.7401,85.95,12895.0
2021-07-30,85.76,85.8,85.67,85.79,57295.0
2021-08-02,85.985,86.167,85.93,86.11,19299.0
2021-08-03,86.35,86.4064,86.2022,86.3,12427.0
2021-08-04,86.5182,86.52,85.8061,85.98,14247.0
2021-08-05,85.77,85.779,85.7,85.75,14674.0
2021-08-06,85.4,85.4,85.25,85.38,29917.0
2021-08-09,85.39,85.39,85.28,85.3,6598.0
2021-08-10,85.12,85.1207,85.06,85.07,13493.0
2021-08-11,85.2,85.258,85.122,85.19,22580.0
2021-08-12,85.1613,85.2501,85.12,85.21,6178.0
2021-08-13,85.4149,85.89,85.4149,85.85,60343.0
2021-08-16,86.16,86.21,86.099,86.14,21095.0
2021-08-17,85.95,85.98,85.7901,85.88,19010.0
2021-08-18,85.634,85.71,85.5,85.71,23514.0
2021-08-19,85.67,85.75,85.65,85.66,19510.0
2021-08-20,85.69,85.71,85.62,85.71,48284.0
2021-08-23,85.67,85.79,85.6205,85.76,12510.0
2021-08-24,85.84,85.87,85.749,85.76,17983.0
2021-08-25,85.56,85.56,85.4119,85.5004,14275.0
2021-08-26,85.41,85.55,85.37,85.52,18306.0
2021-08-27,85.35,85.688,85.31,85.68,19541.0
2021-08-30,85.59,85.64,85.57,85.61,23719.0
2021-08-31,85.75,85.8,85.4718,85.5029,9122.0
2021-09-01,85.5791,85.5791,85.465,85.52,9686.0
2021-09-02,85.505,85.56,85.49,85.53,15751.0
2021-09-03,85.73,85.79,85.715,85.76,77429.0
2021-09-07,85.4,85.42,85.26,85.26,15492.0
2021-09-08,85.31,85.36,85.22,85.32,16280.0
2021-09-09,85.65,85.78,85.57,85.74,30867.0
2021-09-10,85.55,85.6,85.51,85.56,42068.0
2021-09-13,85.45,85.52,85.41,85.44,15262.0
2021-09-14,85.6,85.8,85.5617,85.78,68852.0
2021-09-15,86.07,86.095,85.92,85.99,55789.0
2021-09-16,85.631,85.75,85.61,85.68,32200.0
2021-09-17,85.41,85.55,85.41,85.45,52849.0
2021-09-20,85.78,85.97,85.73,85.97,46380.0
2021-09-21,86.04,86.09,85.966,86.06,155016.0
2021-09-22,85.769,85.82,85.511,85.64,17294.0
2021-09-23,85.4,85.4,85.21,85.22,25086.0
2021-09-24,84.95,84.9635,84.82,84.84,87269.0
2021-09-27,84.76,84.82,84.62,84.64,19060.0
2021-09-28,84.37,84.43,84.202,84.28,31844.0
2021-09-29,84.23,84.23,83.88,83.92,22141.0
2021-09-30,84.02,84.46,84.02,84.46,12763.0
2021-10-01,84.61,84.7103,84.57,84.61,36450.0
2021-10-04,84.5179,84.7546,84.47,84.7117,29806.0
2021-10-05,84.34,84.3827,84.2403,84.28,52265.0
2021-10-06,84.33,84.5,84.28,84.3462,28767.0
2021-10-07,84.28,84.31,84.16,84.1907,6928.0
2021-10-08,84.07,84.07,83.7,83.71,63067.0
2021-10-11,83.11,83.12,82.85,82.89,28794.0
2021-10-12,82.637,82.82,82.61,82.69,56176.0
2021-10-13,82.882,82.96,82.775,82.95,46055.0
2021-10-14,82.74,82.8,82.63,82.7,34250.0
2021-10-15,82.16,82.409,82.11,82.31,77235.0
2021-10-18,82.26,82.2799,82.17,82.17,8557.0
2021-10-19,82.245,82.28,82.15,82.15,60243.0
2021-10-20,82.15,82.32,82.15,82.24,23228.0
2021-10-21,82.53,82.62,82.38,82.38,20873.0
2021-10-22,82.54,82.84,82.51,82.84,25848.0
2021-10-25,82.63,82.67,82.6,82.64,22448.0
2021-10-26,82.32,82.33,82.2,82.33,37799.0
2021-10-27,82.67,82.83,82.54,82.56,70262.0
2021-10-28,82.77,82.95,82.72,82.75,21787.0
2021-10-29,82.46,82.6,82.35,82.46,54443.0
2021-11-01,82.27,82.45,82.25,82.38,17731.0
2021-11-02,82.57,82.64,82.44,82.44,32803.0
2021-11-03,82.48,82.51,82.31,82.38,32716.0
2021-11-04,82.5,82.72,82.45,82.63,56184.0
2021-11-05,82.63,82.9,82.63,82.9,23740.0
2021-11-08,83.04,83.07,82.92,82.97,17965.0
2021-11-09,83.238,83.26,83.15,83.25,18309.0
2021-11-10,82.89,82.89,82.4,82.45,27293.0
2021-11-11,82.5,82.5,82.3399,82.3405,14687.0
2021-11-12,82.44,82.525,82.4,82.4,93947.0
2021-11-15,82.43,82.43,82.24,82.28,17322.0
2021-11-16,82.01,82.03,81.7704,81.78,63611.0
2021-11-17,81.91,82.42,81.91,82.28,16945.0
2021-11-18,82.09,82.24,82.09,82.21,11753.0
2021-11-19,82.4,82.55,82.35,82.42,52203.0
2021-11-22,81.9,81.9899,81.71,81.8,58853.0
2021-11-23,81.65,81.7,81.58,81.58,14754.0
2021-11-24,81.42,81.465,81.33,81.38,26195.0
2021-11-26,82.55,83.07,82.55,83.07,39176.0
2021-11-29,82.52,82.63,82.43,82.6,28167.0
2021-11-30,83.27,83.44,82.695,83.1,24311.0
2021-12-01,83.04,83.3,83.04,83.26,22904.0
2021-12-02,83.16,83.1997,82.94,83.0047,4056.0
2021-12-03,82.67,83.38,82.67,83.29,38444.0
2021-12-06,82.99,82.99,82.68,82.71,34834.0
2021-12-07,82.5812,82.73,82.5812,82.7114,6523.0
2021-12-08,82.44,82.64,82.4,82.605,27066.0
2021-12-09,82.8,82.83,82.64,82.79,148922.0
2021-12-10,82.73,82.91,82.73,82.75,42609.0
2021-12-13,82.66,82.8,82.61,82.61,24133.0
2021-12-14,82.66,82.66,82.51,82.54,30212.0
2021-12-15,82.48,82.51,82.19,82.32,8995.0
2021-12-16,82.37,82.65,82.37,82.59,17330.0
2021-12-17,82.87,82.87,82.5,82.54,17911.0
2021-12-20,82.66,82.82,82.5,82.54,227666.0
2021-12-21,82.41,82.43,82.18,82.23,35928.0
2021-12-22,82.15,82.25,82.08,82.23,27553.0
2021-12-23,82.04,82.04,81.51,82.01,16774.0
2021-12-27,81.8,81.8,81.64,81.65,13515.0
2021-12-28,81.72,81.755,81.68,81.7,44641.0
2021-12-29,81.71,81.75,81.5704,81.58,20789.0
2021-12-30,81.58,81.58,81.433,81.52,92584.0
2021-12-31,81.49,81.56,81.48,81.49,14774.0
2022-01-03,81.46,81.46,81.3,81.3,21354.0
2022-01-04,80.71,80.8468,80.675,80.83,71455.0
2022-01-05,81.07,81.1,80.8,80.83,24277.0
2022-01-06,81.01,81.1145,80.94,80.97,24108.0
2022-01-07,81.08,81.27,81.06,81.22,356532.0
2022-01-10,81.35,81.57,81.35,81.44,56012.0
2022-01-11,81.17,81.44,81.17,81.44,36052.0
2022-01-12,81.5,82.04,81.5,81.91,20741.0
2022-01-13,82.13,82.3,82.055,82.2,71929.0
2022-01-14,82.58,82.58,82.15,82.15,105774.0
2022-01-18,81.92,81.95,81.86,81.89,19966.0
2022-01-19,81.96,82.1782,81.96,82.09,35353.0
2022-01-20,82.19,82.31,82.12,82.15,78931.0
2022-01-21,82.52,82.5799,82.422,82.57,58916.0
2022-01-24,82.51,82.55,82.3,82.34,46824.0
2022-01-25,82.355,82.43,82.35,82.4,36067.0
2022-01-26,82.06,82.12,81.85,81.85,55574.0
2022-01-27,81.29,81.45,81.24,81.3,48322.0
2022-01-28,81.37,81.48,81.29,81.37,118015.0
2022-01-31,81.3,81.5799,81.26,81.44,191962.0
2022-02-01,81.758,81.7899,81.6301,81.75,42501.0
2022-02-02,82.0,82.1222,81.95,81.9581,10615.0
2022-02-03,81.68,81.74,81.565,81.58,32165.0
2022-02-04,81.39,81.43,81.27,81.42,21759.0
2022-02-07,81.51,81.5665,81.4554,81.49,7216.0
2022-02-08,81.23,81.23,81.125,81.21,24982.0
2022-02-09,81.23,81.28,81.16,81.21,5272.0
2022-02-10,80.69,80.975,80.62,80.78,49643.0
2022-02-11,80.91,81.48,80.87,81.31,17777.0
2022-02-14,81.15,81.26,81.07,81.07,11340.0
2022-02-15,81.039,81.11,81.01,81.098,10360.0
2022-02-16,81.21,81.25,81.13,81.2,23122.0
2022-02-17,81.6,81.61,81.48,81.61,23743.0
2022-02-18,81.51,81.53,81.41,81.43,57562.0
2022-02-22,81.4,81.6099,81.3501,81.45,34838.0
2022-02-23,81.42,81.5679,81.388,81.53,22791.0
2022-02-24,81.59,81.59,81.0596,81.14,78020.0
2022-02-25,81.16,81.17,81.02,81.1487,5470.0
2022-02-28,81.27,81.62,81.27,81.565,162698.0
2022-03-01,81.62,81.75,81.5902,81.68,37704.0
2022-03-02,81.235,81.235,81.0502,81.18,35453.0
2022-03-03,81.1,81.26,81.05,81.2,73669.0
2022-03-04,81.21,81.76,81.21,81.68,26758.0
2022-03-07,81.41,81.41,81.2,81.35,25283.0
2022-03-08,81.02,81.22,81.02,81.04,24404.0
2022-03-09,81.0,81.035,80.91,80.975,14755.0
2022-03-10,80.78,80.84,80.6928,80.78,17477.0
2022-03-11,80.18,80.22,79.8901,79.9993,40751.0
2022-03-14,79.44,79.54,79.3299,79.34,62971.0
2022-03-15,79.35,79.4865,79.19,79.28,14742.0
2022-03-16,79.3,79.3,78.71,79.04,46048.0
2022-03-17,78.94,79.1799,78.89,78.99,19186.0
2022-03-18,78.57,78.74,78.54,78.72,30451.0
2022-03-21,78.69,78.7,78.48,78.48,81168.0
2022-03-22,77.78,77.81,77.6,77.6,59919.0
2022-03-23,77.72,77.72,77.3899,77.42,32470.0
2022-03-24,76.95,76.95,76.5905,76.645,42974.0
2022-03-25,76.78,76.93,76.69,76.72,39887.0
2022-03-28,75.74,76.03,75.63,75.6881,77969.0
2022-03-29,76.34,76.7402,76.22,76.255,46676.0
2022-03-30,76.8201,77.0171,76.8032,76.94,79485.0
2022-03-31,77.0,77.2,76.92,76.94,60027.0
2022-04-01,76.21,76.5032,76.1402,76.435,39432.0
2022-04-04,76.38,76.38,76.2299,76.3,32697.0
2022-04-05,76.25,76.32,75.7401,75.78,48363.0
2022-04-06,75.64,75.72,75.6,75.71,25888.0
2022-04-07,75.66,75.69,75.5508,75.62,20081.0
2022-04-08,75.23,75.3899,75.1807,75.34,45193.0
2022-04-11,74.64,74.74,74.54,74.74,39615.0
2022-04-12,74.94,74.94,74.75,74.78,38014.0
2022-04-13,74.44,74.6836,74.43,74.57,26124.0
2022-04-14,74.63,74.63,74.3651,74.42,44403.0
2022-04-18,74.4,74.4,73.79,73.8,133023.0
2022-04-19,72.86,72.9,72.6499,72.69,159298.0
2022-04-20,73.27,73.47,73.2,73.37,90295.0
2022-04-21,73.07,73.13,72.79,73.01,102987.0
2022-04-22,72.93,73.1081,72.6,72.87,51644.0
2022-04-25,73.15,73.45,73.14,73.18,54002.0
2022-04-26,73.64,73.74,73.39,73.55,44266.0
2022-04-27,73.12,73.2,72.87,73.04,21795.0
2022-04-28,71.59,71.71,71.38,71.55,93371.0
2022-04-29,71.87,72.39,71.87,72.17,38780.0
2022-05-02,72.02,72.02,71.8403,71.915,19601.0
2022-05-03,72.18,72.18,71.93,71.965,13029.0
2022-05-04,72.09,72.7554,71.85,72.54,30277.0
2022-05-05,72.01,72.05,71.75,72.01,62875.0
2022-05-06,71.77,71.86,71.6725,71.75,24799.0
2022-05-09,71.64,71.9341,71.5494,71.925,48250.0
2022-05-10,72.0,72.02,71.79,71.82,34824.0
2022-05-11,71.85,72.31,71.85,72.08,79379.0
2022-05-12,73.06,73.43,72.9201,72.93,148029.0
2022-05-13,72.52,72.522,72.36,72.4101,83956.0
2022-05-16,72.53,72.59,72.39,72.52,25275.0
2022-05-17,72.2,72.54,72.18,72.36,27475.0
2022-05-18,72.71,73.15,72.71,73.03,68303.0
2022-05-19,73.67,73.6999,73.298,73.31,101086.0
2022-05-20,73.17,73.39,73.03,73.25,56334.0
2022-05-23,73.33,73.42,73.175,73.24,152894.0
2022-05-24,73.58,74.108,73.58,73.81,86182.0
2022-05-25,73.69,73.69,73.4501,73.59,63584.0
2022-05-26,73.69,73.74,73.54,73.72,19400.0
2022-05-27,73.76,73.8391,73.6001,73.69,40086.0
2022-05-31,72.87,72.88,72.66,72.72,38970.0
2022-06-01,72.37,72.45,71.93,71.94,39196.0
2022-06-02,72.22,72.22,72.04,72.12,15064.0
2022-06-03,71.75,71.795,71.52,71.52,20204.0
2022-06-06,71.54,71.56,70.91,70.98,442502.0
2022-06-07,70.52,70.74,70.49,70.56,40621.0
2022-06-08,69.75,70.019,69.7,69.7,92837.0
2022-06-09,69.88,70.03,69.63,69.64,82248.0
2022-06-10,69.82,69.82,69.6535,69.69,51721.0
2022-06-13,69.9,70.04,69.55,69.68,98885.0
2022-06-14,69.54,69.685,69.1799,69.26,74230.0
2022-06-15,69.49,70.09,69.39,70.025,161695.0
2022-06-16,70.52,71.2,70.47,70.92,197456.0
2022-06-17,69.52,69.52,69.15,69.34,196245.0
2022-06-21,68.74,68.7733,68.48,68.5,135761.0
2022-06-22,68.8,68.94,68.66,68.74,58501.0
2022-06-23,69.45,69.7,69.342,69.3709,102998.0
2022-06-24,69.27,69.36,69.15,69.2157,18368.0
2022-06-27,69.18,69.3208,69.08,69.12,33357.0
2022-06-28,68.75,68.78,68.64,68.7446,74864.0
2022-06-29,68.35,68.555,68.321,68.53,28540.0
2022-06-30,68.86,69.04,68.8131,68.975,37163.0
2022-07-01,69.05,69.39,69.05,69.2,76379.0
2022-07-05,68.86,69.01,68.75,68.95,43255.0
2022-07-06,69.25,69.32,68.8143,68.9,41792.0
2022-07-07,68.9,68.95,68.75,68.7946,26810.0
2022-07-08,68.59,68.83,68.59,68.7587,25315.0
2022-07-11,68.02,68.177,67.9566,68.11,37014.0
2022-07-12,68.42,68.5225,68.35,68.41,21219.0
2022-07-13,68.04,68.25,67.88,68.14,18482.0
2022-07-14,67.19,67.44,67.14,67.38,95834.0
2022-07-15,67.43,67.5945,67.4,67.56,32552.0
2022-07-18,67.68,67.81,67.68,67.78,51876.0
2022-07-19,68.02,68.05,67.67,67.72,40333.0
2022-07-20,67.79,67.79,67.655,67.68,24095.0
2022-07-21,67.57,68.06,67.57,68.06,31280.0
2022-07-22,68.53,68.95,68.51,68.84,51375.0
2022-07-25,68.5,68.5696,68.4237,68.48,18291.0
2022-07-26,68.54,68.629,68.35,68.35,18894.0
2022-07-27,68.34,68.58,68.08,68.55,255375.0
2022-07-28,69.52,69.7,69.44,69.65,57327.0
2022-07-29,69.69,70.22,69.5342,70.17,51876.0
2022-08-01,70.92,71.08,70.6966,71.08,53842.0
2022-08-02,71.29,71.345,70.28,70.28,108937.0
2022-08-03,69.98,70.01,69.5169,69.8458,24557.0
2022-08-04,69.94,70.44,69.93,70.41,44970.0
2022-08-05,69.37,69.43,69.04,69.27,58790.0
2022-08-08,69.41,69.58,69.24,69.24,22290.0
2022-08-09,69.25,69.34,69.17,69.18,39553.0
2022-08-10,70.25,70.7533,70.2445,70.38,60222.0
2022-08-11,70.79,70.865,70.27,70.27,23662.0
2022-08-12,70.0,70.11,69.9,70.09,38380.0
2022-08-15,70.49,70.5299,70.15,70.17,11406.0
2022-08-16,69.5,69.7,69.43,69.67,28715.0
2022-08-17,69.22,69.3532,69.02,69.27,87197.0
2022-08-18,69.29,69.29,68.81,68.84,45901.0
2022-08-19,68.27,68.38,68.175,68.34,60963.0
2022-08-22,68.2,68.2,67.95,68.01,91997.0
2022-08-23,68.0,68.79,67.98,68.36,52113.0
2022-08-24,68.24,68.39,68.19,68.21,15486.0
2022-08-25,68.369,68.53,68.295,68.51,50981.0
2022-08-26,68.41,68.61,68.01,68.02,28551.0
2022-08-29,67.54,67.5784,67.34,67.42,65610.0
2022-08-30,67.53,67.63,67.27,67.41,26352.0
2022-08-31,67.4,67.47,67.28,67.3,82698.0
2022-09-01,67.01,67.17,66.66,66.66,83803.0
2022-09-02,66.66,66.78,66.637,66.66,51614.0
2022-09-06,65.71,65.71,65.35,65.49,339469.0
2022-09-07,64.55,65.05,64.54,65.03,311998.0
2022-09-08,64.82,65.0,64.798,64.94,164915.0
2022-09-09,65.59,65.67,65.485,65.52,304537.0
2022-09-12,65.49,65.69,65.42,65.46,235224.0
2022-09-13,64.77,65.0,64.69,64.71,93596.0
2022-09-14,65.45,65.55,65.27,65.3,53145.0
2022-09-15,65.149,65.26,65.09,65.17,50669.0
2022-09-16,65.3,65.45,65.27,65.42,58699.0
2022-09-19,65.15,65.282,65.101,65.26,48229.0
2022-09-20,65.0,65.09,64.95,65.06,13804.0
2022-09-21,64.91,65.15,64.62,64.955,119001.0
2022-09-22,66.1,66.19,65.6,65.67,180488.0
2022-09-23,65.42,65.42,65.17,65.2,48907.0
2022-09-26,64.85,64.8853,64.55,64.61,80211.0
2022-09-27,64.61,64.63,64.5,64.55,59722.0
2022-09-28,64.76,64.92,64.6213,64.86,45875.0
2022-09-29,64.65,64.74,64.59,64.69,79227.0
2022-09-30,64.64,64.66,64.53,64.61,65947.0
2022-10-03,64.52,64.7941,64.48,64.6,92945.0
2022-10-04,64.58,64.92,64.5,64.91,203859.0
2022-10-05,64.68,64.71,64.5133,64.67,30999.0
2022-10-06,64.59,64.63,64.32,64.36,133238.0
2022-10-07,64.35,64.415,64.22,64.22,39904.0
2022-10-10,64.2,64.2,64.05,64.11,47796.0
2022-10-11,64.06,64.22,64.01,64.01,30623.0
2022-10-12,63.69,63.69,63.55,63.6188,43061.0
2022-10-13,63.43,63.6,63.315,63.44,98464.0
2022-10-14,63.21,63.21,62.74,62.82,145040.0
2022-10-17,62.72,62.872,62.655,62.66,56366.0
2022-10-18,62.67,62.72,62.5501,62.61,55865.0
2022-10-19,62.4,62.42,62.3,62.36,91228.0
2022-10-20,62.3,62.47,62.18,62.18,174080.0
2022-10-21,61.68,63.86,61.6047,63.31,912266.0
2022-10-24,62.68,62.82,62.6,62.67,143537.0
2022-10-25,62.99,63.3065,62.99,63.155,64698.0
2022-10-26,63.41,63.88,63.41,63.8,81038.0
2022-10-27,63.87,64.12,63.81,63.9,65472.0
2022-10-28,63.28,63.406,63.21,63.33,68442.0
2022-10-31,62.82,62.87,62.72,62.81,67744.0
2022-11-01,63.35,63.4,62.96,63.04,43048.0
2022-11-02,63.55,64.02,63.07,63.156,146174.0
2022-11-03,63.05,63.235,62.9,63.01,142759.0
2022-11-04,63.47,63.6999,63.325,63.61,40343.0
2022-11-07,63.83,63.8601,63.6066,63.65,30837.0
2022-11-08,63.9,64.22,63.8421,64.11,105003.0
2022-11-09,63.83,64.0099,63.64,63.69,28184.0
2022-11-10,65.13,66.13,65.13,66.1,123353.0
2022-11-11,66.89,67.42,66.8,67.31,151146.0
2022-11-14,66.48,66.84,66.3301,66.84,77050.0
2022-11-15,67.2,67.26,66.85,67.05,85976.0
2022-11-16,67.11,67.11,66.83,66.93,39233.0
2022-11-17,66.51,66.64,66.33,66.56,56695.0
2022-11-18,66.76,66.8,66.48,66.5,16155.0
2022-11-21,66.04,66.04,65.62,65.7,55280.0
2022-11-22,66.0,66.12,65.98,66.08,23482.0
2022-11-23,66.28,67.07,66.27,66.95,27426.0
2022-11-25,66.93,67.16,66.93,67.1,11158.0
2022-11-28,67.33,67.448,67.14,67.15,72552.0
2022-11-29,67.24,67.5361,67.205,67.2128,30147.0
2022-11-30,67.04,67.73,66.72,67.55,59582.0
2022-12-01,68.5,69.03,68.48,68.99,198338.0
2022-12-02,68.98,69.51,68.8577,69.46,62688.0
2022-12-05,68.75,68.7823,68.19,68.19,43654.0
2022-12-06,68.3,68.435,68.081,68.16,32863.0
2022-12-07,68.29,68.4984,68.265,68.41,46296.0
2022-12-08,68.3,68.45,68.25,68.25,42868.0
2022-12-09,68.49,68.5499,68.2,68.27,27441.0
2022-12-12,68.12,68.12,67.6801,67.73,42057.0
2022-12-13,69.22,69.24,68.78,68.82,91819.0
2022-12-14,69.11,69.23,68.63,69.0,50044.0
2022-12-15,68.34,68.36,67.551,67.76,47680.0
2022-12-16,68.02,68.45,67.9699,68.23,42035.0
2022-12-19,68.34,68.34,68.02,68.12,38465.0
2022-12-20,70.46,71.41,70.4,70.88,256947.0
2022-12-21,70.54,70.78,70.43,70.5,153772.0
2022-12-22,70.54,70.5699,70.3018,70.48,38250.0
2022-12-23,70.21,70.29,70.08,70.18,36226.0
2022-12-27,69.92,70.0,69.78,69.8484,57067.0
2022-12-28,69.73,69.73,69.37,69.3899,267633.0
2022-12-29,70.05,70.2095,69.98,70.15,22350.0
2022-12-30,70.77,71.35,70.52,71.1,183621.0
2023-01-03,71.5,71.73,71.1801,71.27,118816.0
2023-01-04,71.33,71.33,70.33,70.36,258811.0
2023-01-05,69.85,70.15,69.61,69.97,152640.0
2023-01-06,69.73,70.68,69.58,70.65,100469.0
2023-01-09,70.7,70.9301,70.65,70.84,57440.0
2023-01-10,70.74,70.81,70.51,70.62,50913.0
2023-01-11,70.41,70.52,70.32,70.41,43796.0
2023-01-12,71.6,72.35,71.3439,72.23,303207.0
2023-01-13,72.84,73.19,72.79,72.97,115466.0
2023-01-17,72.65,72.845,72.5,72.76,127031.0
2023-01-18,73.0,73.08,72.355,72.42,138054.0
2023-01-19,72.64,72.73,72.5184,72.66,60830.0
2023-01-20,71.6,72.025,71.5,72.0,58366.0
2023-01-23,71.33,71.4965,71.28,71.37,95346.0
2023-01-24,71.56,71.8,71.1886,71.68,120140.0
2023-01-25,71.86,72.14,71.81,71.96,60119.0
2023-01-26,71.74,71.74,71.44,71.56,100524.0
2023-01-27,71.73,71.81,71.73,71.76,31173.0
2023-01-30,71.55,71.61,71.37,71.43,72066.0
2023-01-31,71.85,71.85,71.53,71.66,35990.0
2023-02-01,72.02,72.52,71.82,72.39,144335.0
2023-02-02,72.71,72.7707,72.31,72.38,33722.0
2023-02-03,71.54,71.66,71.0529,71.08,232406.0
2023-02-06,70.36,70.4134,70.15,70.27,239589.0
2023-02-07,70.62,71.4,70.59,71.1,51447.0
2023-02-08,70.97,71.1,70.89,70.9,14469.0
2023-02-09,71.44,71.44,70.782,70.83,21322.0
2023-02-10,71.24,71.25,70.83,70.9,27216.0
2023-02-13,70.18,70.47,70.14,70.47,33660.0
2023-02-14,70.1,70.44,69.9299,70.04,54078.0
2023-02-15,69.51,69.591,69.371,69.51,69357.0
2023-02-16,69.35,69.6943,69.312,69.61,61246.0
2023-02-17,69.29,69.53,69.22,69.45,56371.0
2023-02-21,69.04,69.19,68.92,69.08,51526.0
2023-02-22,69.22,69.31,69.03,69.05,25603.0
2023-02-23,68.99,69.27,68.9499,69.19,14077.0
2023-02-24,68.37,68.4425,68.2685,68.3,77223.0
2023-02-27,68.5,68.525,68.36,68.36,23956.0
2023-02-28,68.1,68.58,68.051,68.46,42197.0
2023-03-01,68.53,68.65,68.36,68.41,31010.0
2023-03-02,68.1,68.22,68.01,68.17,78681.0
2023-03-03,68.52,68.6244,68.33,68.6015,35317.0
2023-03-06,68.61,68.69,68.505,68.5105,10740.0
2023-03-07,68.4,68.43,67.92,67.93,31094.0
2023-03-08,68.07,68.1281,67.86,67.88,41877.0
2023-03-09,68.38,68.5101,68.29,68.46,111566.0
2023-03-10,68.79,69.46,68.79,69.1,144154.0
2023-03-13,70.24,70.3,69.7555,69.89,130553.0
2023-03-14,69.32,69.54,69.09,69.42,91517.0
2023-03-15,70.21,70.35,69.7,69.98,67378.0
2023-03-16,70.59,70.74,69.67,69.83,90853.0
2023-03-17,70.4,70.82,70.35,70.64,92732.0
2023-03-20,70.9,70.97,70.69,70.88,42226.0
2023-03-21,70.49,70.7,70.3,70.34,52270.0
2023-03-22,70.24,71.08,70.18,71.04,114984.0
2023-03-23,71.01,71.5,70.97,71.35,122066.0
2023-03-24,71.5,71.54,71.19,71.24,45905.0
2023-03-27,70.81,70.93,70.73,70.78,35739.0
2023-03-28,71.12,71.34,71.03,71.21,55386.0
2023-03-29,70.33,70.45,70.12,70.13,69181.0
2023-03-30,70.19,70.37,70.12,70.23,53851.0
2023-03-31,70.01,70.21,69.88,70.1344,46251.0
2023-04-03,70.03,70.43,70.0,70.35,67821.0
2023-04-04,70.18,70.84,70.18,70.84,274165.0
2023-04-05,71.1,71.33,70.94,70.99,85215.0
2023-04-06,70.76,70.8186,70.65,70.68,20786.0
2023-04-10,69.9,69.9,69.599,69.7488,60549.0
2023-04-11,69.99,69.99,69.61,69.66,52930.0
2023-04-12,70.08,70.08,69.8639,69.97,39154.0
2023-04-13,70.39,70.529,70.16,70.2,50915.0
2023-04-14,70.04,70.04,69.61,69.66,66503.0
2023-04-17,69.41,69.41,69.24,69.32,73081.0
2023-04-18,69.34,69.5262,69.34,69.47,18405.0
2023-04-19,69.3,69.3285,69.06,69.09,49643.0
2023-04-20,69.34,69.45,69.28,69.35,37885.0
2023-04-21,69.63,69.72,69.2499,69.44,57215.0
2023-04-24,69.16,69.34,69.14,69.33,14044.0
2023-04-25,69.52,69.8048,69.48,69.78,55930.0
2023-04-26,69.97,69.975,69.56,69.67,91930.0
2023-04-27,69.42,69.559,69.4,69.55,18523.0
2023-04-28,68.5,68.5,68.175,68.35,105891.0
2023-05-01,68.04,68.07,67.66,67.7,77630.0
2023-05-02,67.65,68.23,67.65,68.14,36639.0
2023-05-03,68.72,68.97,68.6051,68.94,45146.0
2023-05-04,69.11,69.7,69.11,69.41,47952.0
2023-05-05,69.07,69.17,68.94,69.11,750352.0
2023-05-08,68.99,69.15,68.9,68.94,242735.0
2023-05-09,68.84,69.0,68.84,68.88,60964.0
2023-05-10,69.16,69.38,69.15,69.33,54648.0
2023-05-11,69.45,69.56,69.2,69.22,177259.0
2023-05-12,69.13,69.13,68.58,68.62,94189.0
2023-05-15,68.36,68.45,68.36,68.45,49495.0
2023-05-16,68.372,68.375,68.13,68.31,36670.0
2023-05-17,67.93,67.93,67.615,67.64,161189.0
2023-05-18,67.31,67.35,67.08,67.09,261837.0
2023-05-19,67.18,67.725,67.12,67.5,341957.0
2023-05-22,67.27,67.28,67.16,67.2,31365.0
2023-05-23,67.19,67.299,67.06,67.19,24977.0
2023-05-24,67.07,67.0824,66.8,66.8,38903.0
2023-05-25,66.7,66.77,66.38,66.42,150411.0
2023-05-26,66.44,66.44,66.15,66.215,65999.0
2023-05-30,66.52,66.675,66.41,66.61,43275.0
2023-05-31,66.56,67.05,66.3,66.81,44235.0
2023-06-01,66.88,67.17,66.88,67.02,50779.0
2023-06-02,66.95,66.95,66.43,66.48,62717.0
2023-06-05,66.39,66.8,66.36,66.67,89488.0
2023-06-06,66.5863,66.6199,66.46,66.5707,48750.0
2023-06-07,66.66,66.85,66.29,66.31,64339.0
2023-06-08,66.69,66.988,66.69,66.98,99544.0
2023-06-09,66.79,66.8,66.65,66.69,34744.0
2023-06-12,66.73,66.76,66.575,66.63,34502.0
2023-06-13,66.77,66.83,66.312,66.33,115556.0
2023-06-14,66.69,66.7899,66.4,66.51,123491.0
2023-06-15,66.17,66.385,66.12,66.35,38186.0
2023-06-16,65.87,66.02,65.58,65.6,58919.0
2023-06-20,65.77,65.87,65.63,65.74,819408.0
2023-06-21,65.48,65.645,65.33,65.61,51206.0
2023-06-22,65.4,65.44,64.964,65.01,87324.0
2023-06-23,65.1,65.15,64.6712,64.72,136522.0
2023-06-26,64.92,64.925,64.77,64.89,70817.0
2023-06-27,64.94,64.94,64.57,64.62,76552.0
2023-06-28,64.45,64.5863,64.39,64.45,30925.0
2023-06-29,64.34,64.3988,64.2401,64.29,81874.0
2023-06-30,64.45,64.54,64.36,64.54,50697.0
2023-07-03,64.3,64.62,64.3,64.33,66698.0
2023-07-05,64.45,64.57,64.3,64.33,66988.0
2023-07-06,64.59,64.69,64.34,64.58,31036.0
2023-07-07,65.1,65.51,65.1,65.51,134630.0
2023-07-10,65.61,65.9,65.54,65.9,167614.0
2023-07-11,66.1,66.29,65.98,66.29,61774.0
2023-07-12,66.89,67.3,66.83,67.1976,114711.0
2023-07-13,67.27,67.41,67.1701,67.39,57388.0
2023-07-14,66.97,67.16,66.82,66.91,38541.0
2023-07-17,66.89,67.11,66.72,67.11,60289.0
2023-07-18,67.27,67.47,66.85,66.96,34407.0
2023-07-19,66.64,66.65,66.4666,66.54,22228.0
2023-07-20,66.5,66.5,66.17,66.35,27481.0
2023-07-21,65.77,65.7731,65.53,65.54,312943.0
2023-07-24,65.83,65.92,65.65,65.65,45710.0
2023-07-25,65.63,65.98,65.63,65.9048,32846.0
2023-07-26,66.19,66.43,66.06,66.32,283342.0
2023-07-27,66.09,66.9693,65.795,66.78,627143.0
2023-07-28,66.31,66.31,65.8501,65.87,286679.0
2023-07-31,65.26,65.4399,65.18,65.29,88598.0
2023-08-01,64.95,65.04,64.75,64.84,81051.0
2023-08-02,64.93,64.96,64.781,64.81,60402.0
2023-08-03,65.07,65.35,65.07,65.18,23033.0
2023-08-04,65.46,65.64,65.46,65.51,43552.0
2023-08-07,65.44,65.49,65.2,65.2,16853.0
2023-08-08,64.96,64.96,64.78,64.8,46063.0
2023-08-09,64.85,64.85,64.63,64.64,48063.0
2023-08-10,64.49,64.5,64.17,64.17,77634.0
2023-08-11,64.14,64.31,64.11,64.15,54111.0
2023-08-14,63.95,64.07,63.86,63.91,246716.0
2023-08-15,63.91,64.065,63.845,63.92,73816.0
2023-08-16,63.79,63.905,63.48,63.49,82432.0
2023-08-17,63.75,63.799,63.53,63.76,37010.0
2023-08-18,63.95,64.12,63.87,63.98,69744.0
2023-08-21,63.65,63.65,63.51,63.5597,48283.0
2023-08-22,63.68,63.81,63.635,63.7,41264.0
2023-08-23,63.99,64.29,63.99,64.19,69745.0
2023-08-24,63.78,63.9142,63.69,63.75,51958.0
2023-08-25,63.66,63.78,63.405,63.54,65094.0
2023-08-28,63.4,63.4992,63.36,63.43,21000.0
2023-08-29,63.11,63.8,63.11,63.73,85834.0
2023-08-30,63.76,63.83,63.53,63.56,43893.0
2023-08-31,63.67,63.95,63.5755,63.92,35770.0
2023-09-01,64.14,64.16,63.55,63.62,35648.0
2023-09-05,63.12,63.12,62.8899,62.93,80086.0
2023-09-06,63.08,63.34,62.9,62.93,81419.0
2023-09-07,63.2,63.49,63.0401,63.1,80826.0
2023-09-08,63.06,63.12,62.9,62.91,49043.0
2023-09-11,63.46,63.56,63.3825,63.42,294376.0
2023-09-12,63.2,63.2,63.11,63.18,78638.0
2023-09-13,63.07,63.1101,62.97,63.02,30385.0
2023-09-14,63.04,63.17,62.97,62.9984,91912.0
2023-09-15,62.88,63.04,62.8,62.83,53997.0
2023-09-18,62.86,62.94,62.82,62.88,204601.0
2023-09-19,62.88,62.8899,62.78,62.83,16541.0
2023-09-20,62.86,62.96,62.67,62.69,51201.0
2023-09-21,62.8,63.04,62.77,62.95,61046.0
2023-09-22,62.65,62.74,62.56,62.6,55548.0
2023-09-25,62.43,62.4301,62.34,62.41,35518.0
2023-09-26,62.33,62.41,62.3,62.33,32095.0
2023-09-27,62.27,62.27,62.05,62.11,63632.0
2023-09-28,62.25,62.2751,62.16,62.25,32833.0
2023-09-29,62.28,62.28,62.15,62.19,32797.0
2023-10-02,62.1,62.205,62.01,62.03,174504.0
2023-10-03,61.97,63.23,61.875,62.46,356887.0
2023-10-04,62.39,62.4299,62.28,62.31,50341.0
2023-10-05,62.49,62.6476,62.45,62.57,52728.0
2023-10-06,62.18,62.32,62.1462,62.23,43850.0
2023-10-09,62.34,62.58,62.34,62.5656,29520.0
2023-10-10,62.35,62.535,62.32,62.4682,26575.0
2023-10-11,62.35,62.37,62.21,62.27,19592.0
2023-10-12,62.19,62.19,61.98,62.02,41710.0
2023-10-13,62.12,62.16,62.04,62.06,137585.0
2023-10-16,62.14,62.14,62.02,62.12,27890.0
2023-10-17,61.98,62.11,61.98,61.99,70508.0
2023-10-18,62.05,62.0584,61.95,61.97,13721.0
2023-10-19,62.0,62.05,61.94,62.02,58015.0
2023-10-20,61.96,61.995,61.92,61.99,52186.0
2023-10-23,61.98,62.09,61.931,62.08,61658.0
2023-10-24,61.96,62.02,61.93,61.963,36600.0
2023-10-25,61.97,61.97,61.88,61.89,42819.0
2023-10-26,61.85,61.89,61.71,61.74,191049.0
2023-10-27,61.97,62.1264,61.97,62.1,115766.0
2023-10-30,62.02,62.42,62.0003,62.33,316321.0
2023-10-31,61.54,61.545,61.2301,61.28,288130.0
2023-11-01,61.37,61.6,61.3501,61.57,108645.0
2023-11-02,61.87,61.87,61.68,61.75,87909.0
2023-11-03,62.11,62.24,62.012,62.15,115112.0
2023-11-06,62.0,62.0487,61.9,61.92,47109.0
2023-11-07,61.65,61.75,61.63,61.73,76580.0
2023-11-08,61.52,61.5963,61.45,61.46,77001.0
2023-11-09,61.54,61.56,61.32,61.35,69955.0
2023-11-10,61.3,61.315,61.2,61.23,81208.0
2023-11-13,61.16,61.32,61.091,61.23,35660.0
2023-11-14,61.51,61.81,61.495,61.81,59626.0
2023-11-15,61.53,61.53,61.27,61.27,97297.0
2023-11-16,61.48,61.7454,61.48,61.58,69085.0
2023-11-17,62.02,62.0436,61.93,62.01,79675.0
2023-11-20,62.47,62.64,62.43,62.59,567882.0
2023-11-21,62.9,62.94,62.49,62.57,224047.0
2023-11-22,62.15,62.83,61.98,62.06,141994.0
2023-11-24,62.09,62.11,62.03,62.11,53273.0
2023-11-27,62.39,62.49,62.31,62.49,58802.0
2023-11-28,62.56,63.0,62.55,62.99,121721.0
2023-11-29,62.99,63.15,62.9,62.99,154468.0
2023-11-30,62.68,62.81,62.5,62.62,213792.0
2023-12-01,62.62,63.26,62.62,63.21,175820.0
2023-12-04,63.11,63.35,62.94,63.02,76037.0
2023-12-05,63.16,63.3,62.96,63.05,82013.0
2023-12-06,63.0,63.0899,62.94,62.99,64060.0
2023-12-07,64.1,65.4659,64.04,64.62,498191.0
2023-12-08,64.25,64.53,63.98,63.98,188158.0
2023-12-11,63.5,63.525,63.32,63.47,231200.0
2023-12-12,63.74,63.89,63.63,63.8,221566.0
2023-12-13,63.97,65.02,63.84,64.99,145921.0
2023-12-14,65.36,65.67,65.29,65.48,319766.0
2023-12-15,65.45,65.63,65.21,65.23,208666.0
2023-12-18,64.97,64.97,64.84,64.91,171005.0
2023-12-19,64.32,64.6399,64.25,64.46,157028.0
2023-12-20,64.73,64.73,64.4467,64.52,164649.0
2023-12-21,65.23,65.27,65.0301,65.23,117538.0
2023-12-22,65.35,65.36,65.0488,65.09,83885.0
2023-12-26,65.16,65.16,65.01,65.09,54939.0
2023-12-27,65.11,65.49,65.045,65.43,126387.0
2023-12-28,65.75,66.1174,65.51,65.64,210381.0
2023-12-29,65.45,65.87,65.432,65.81,152862.0
2024-01-02,65.42,65.5372,65.3,65.31,139043.0
2024-01-03,64.75,64.81,64.52,64.71,106791.0
2024-01-04,64.06,64.17,63.99,64.04,287423.0
2024-01-05,63.87,64.38,63.805,64.05,91865.0
2024-01-08,64.2,64.51,64.1594,64.3,96654.0
2024-01-09,64.51,64.52,64.09,64.11,61618.0
2024-01-10,63.79,63.79,63.55,63.55,130127.0
2024-01-11,63.49,63.76,63.38,63.72,117854.0
2024-01-12,64.09,64.1999,63.9343,63.98,282182.0
2024-01-16,63.31,63.31,62.93,62.93,163578.0
2024-01-17,62.7,62.7,62.42,62.54,161312.0
2024-01-18,62.65,62.69,62.53,62.55,29422.0
2024-01-19,62.51,62.61,62.435,62.57,195265.0
2024-01-22,62.71,62.7597,62.59,62.62,139059.0
2024-01-23,62.58,62.58,62.37,62.53,121288.0
2024-01-24,63.2,63.34,62.82,62.87,152786.0
2024-01-25,63.05,63.05,62.71,62.8,90683.0
2024-01-26,62.76,62.76,62.6,62.67,104567.0
2024-01-29,62.69,62.9697,62.65,62.88,46097.0
2024-01-30,63.03,63.03,62.703,62.84,94450.0
2024-01-31,62.94,63.48,62.9,63.03,95228.0
2024-02-01,63.29,63.53,63.1801,63.41,84873.0
2024-02-02,62.73,62.79,62.39,62.51,606581.0
2024-02-05,62.39,62.4368,62.24,62.32,119134.0
2024-02-06,62.34,62.68,62.34,62.65,55335.0
2024-02-07,62.55,62.72,62.5,62.54,59631.0
2024-02-08,62.05,62.09,61.971,62.02,92460.0
2024-02-09,62.01,62.07,61.9999,62.07,44193.0
2024-02-12,62.05,62.0787,61.98,62.05,31694.0
2024-02-13,61.64,61.64,61.4,61.45,242048.0
2024-02-14,61.5,61.6,61.45,61.51,149395.0
2024-02-15,61.76,61.84,61.65,61.8,88583.0
2024-02-16,61.55,61.72,61.51,61.66,96617.0
2024-02-20,61.82,61.8767,61.7432,61.75,59068.0
2024-02-21,61.7,61.7099,61.57,61.67,241885.0
2024-02-22,61.55,61.59,61.4799,61.54,84598.0
2024-02-23,61.56,61.6396,61.53,61.55,95202.0
2024-02-26,61.48,61.5,61.4299,61.5,42542.0
2024-02-27,61.59,61.64,61.5308,61.56,70129.0
2024-02-28,61.52,61.52,61.44,61.5,36648.0
2024-02-29,61.89,62.1,61.765,61.78,201186.0
2024-03-01,61.59,61.74,61.4901,61.7,93218.0
2024-03-04,61.58,61.6157,61.53,61.56,153418.0
2024-03-05,61.77,61.87,61.67,61.81,56232.0
2024-03-06,62.04,62.12,61.93,62.04,96447.0
2024-03-07,62.66,62.675,62.5,62.57,191175.0
2024-03-08,63.09,63.15,62.92,63.0,205213.0
2024-03-11,63.09,63.14,62.97,63.06,219243.0
2024-03-12,62.64,62.75,62.62,62.72,155039.0
2024-03-13,62.62,62.83,62.61,62.69,129800.0
2024-03-14,62.72,62.72,62.45,62.47,98058.0
2024-03-15,62.25,62.33,62.12,62.16,515962.0
2024-03-18,62.11,62.19,62.05,62.13,228799.0
2024-03-19,61.5,61.5253,61.36,61.37,298194.0
2024-03-20,61.05,61.43,61.01,61.26,240570.0
2024-03-21,61.24,61.26,61.0597,61.09,93961.0
2024-03-22,61.3,61.3283,61.17,61.2,507068.0
2024-03-25,61.27,61.285,61.13,61.19,71908.0
2024-03-26,61.15,61.2099,61.115,61.14,78294.0
2024-03-27,61.27,61.3,61.21,61.25,177476.0
2024-03-28,61.25,61.31,61.2,61.23,167391.0
2024-04-01,61.24,61.24,61.06,61.1,159721.0
2024-04-02,61.13,61.145,61.08,61.13,149497.0
2024-04-03,61.01,61.14,60.94,61.09,308340.0
2024-04-04,61.13,61.29,61.055,61.26,118370.0
2024-04-05,61.08,61.1599,61.051,61.1,51667.0
2024-04-08,61.0,61.05,61.0,61.01,98163.0
2024-04-09,61.06,61.105,61.0201,61.05,125791.0
2024-04-10,60.78,60.78,60.53,60.56,277132.0
2024-04-11,60.59,60.59,60.4,60.47,109746.0
2024-04-12,60.59,60.63,60.43,60.44,65899.0
2024-04-15,60.0,60.17,59.96,60.06,207948.0
2024-04-16,59.85,60.15,59.83,59.88,175726.0
2024-04-17,59.88,60.0502,59.85,60.0,188286.0
2024-04-18,59.98,59.99,59.8501,59.89,53296.0
2024-04-19,59.93,59.9601,59.89,59.91,327494.0
2024-04-22,59.82,59.85,59.79,59.82,96374.0
2024-04-23,59.78,59.9,59.78,59.83,133946.0
2024-04-24,59.79,59.79,59.62,59.65,132507.0
2024-04-25,59.54,59.562,59.47,59.51,320456.0
2024-04-26,59.01,59.05,58.65,58.65,396642.0
2024-04-29,59.19,59.68,59.038,59.36,448523.0
2024-04-30,58.78,58.94,58.6914,58.7,202889.0
2024-05-01,58.7,58.9299,58.6897,58.76,328759.0
2024-05-02,59.79,60.4201,59.78,60.39,397569.0
2024-05-03,60.7,60.74,60.465,60.49,197967.0
2024-05-06,60.22,60.22,60.0822,60.11,120147.0
2024-05-07,60.0,60.0,59.7916,59.86,89480.0
2024-05-08,59.49,59.55,59.44,59.47,130751.0
2024-05-09,59.4,59.54,59.39,59.53,66268.0
2024-05-10,59.44,59.45,59.35,59.38,128039.0
2024-05-13,59.43,59.43,59.225,59.25,107083.0
2024-05-14,59.14,59.2,59.1,59.14,78540.0
2024-05-15,59.59,59.83,59.405,59.75,299652.0
2024-05-16,59.61,59.635,59.5198,59.55,58834.0
2024-05-17,59.47,59.61,59.41,59.48,76660.0
2024-05-20,59.3,59.31,59.215,59.24,81950.0
2024-05-21,59.29,59.38,59.2401,59.28,43319.0
2024-05-22,59.15,59.1801,59.05,59.06,49806.0
2024-05-23,59.06,59.09,58.875,58.98,196137.0
2024-05-24,58.92,58.9976,58.8861,58.98,69503.0
2024-05-28,59.09,59.09,58.86,58.89,81487.0
2024-05-29,58.83,58.83,58.66,58.67,83215.0
2024-05-30,59.02,59.07,58.9679,58.99,166931.0
2024-05-31,59.01,59.1001,58.82,58.84,78694.0
2024-06-03,59.07,59.315,59.0405,59.24,76378.0
2024-06-04,59.72,59.8697,59.615,59.79,109072.0
2024-06-05,59.37,59.47,59.16,59.29,79793.0
2024-06-06,59.25,59.48,59.18,59.45,90044.0
2024-06-07,59.06,59.135,58.9,59.0,69115.0
2024-06-10,59.0,59.0,58.8899,58.9,31755.0
2024-06-11,58.89,58.95,58.77,58.91,79597.0
2024-06-12,59.33,59.3984,58.99,59.0,149157.0
2024-06-13,58.85,59.045,58.8303,58.92,81858.0
2024-06-14,58.81,58.88,58.7601,58.8,89223.0
2024-06-17,58.62,58.65,58.55,58.635,81661.0
2024-06-18,58.63,58.68,58.555,58.61,68413.0
2024-06-20,58.33,58.33,58.19,58.21,116353.0
2024-06-21,58.19,58.2098,57.96,57.99,104341.0
2024-06-24,58.04,58.0594,57.9221,57.955,87376.0
2024-06-25,57.92,58.025,57.92,57.96,50946.0
2024-06-26,57.64,57.6725,57.53,57.5449,166096.0
2024-06-27,57.67,57.67,57.5217,57.545,172223.0
2024-06-28,57.69,57.73,57.49,57.525,70431.0
2024-07-01,57.36,57.41,57.22,57.28,101990.0
2024-07-02,57.29,57.355,57.25,57.3,62518.0
2024-07-03,57.28,57.5,57.2372,57.3,99865.0
2024-07-05,57.48,57.6,57.3504,57.55,92896.0
2024-07-08,57.59,57.6499,57.531,57.55,82423.0
2024-07-09,57.44,57.465,57.28,57.37,148941.0
2024-07-10,57.29,57.29,57.17,57.2,83315.0
2024-07-11,58.3,58.51,58.16,58.23,281442.0
2024-07-12,58.51,58.74,58.38,58.62,187055.0
2024-07-15,58.52,58.83,58.52,58.59,101532.0
2024-07-16,58.31,58.44,58.27,58.395,128774.0
2024-07-17,59.12,59.28,59.065,59.25,195128.0
2024-07-18,59.12,59.12,58.755,58.77,101983.0
2024-07-19,58.74,58.8089,58.7,58.71,135866.0
2024-07-22,58.99,58.99,58.8541,58.9,68410.0
2024-07-23,59.27,59.45,59.22,59.45,170038.0
2024-07-24,60.08,60.4,60.035,60.07,230430.0
2024-07-25,60.02,60.34,59.9383,60.08,256259.0
2024-07-26,60.09,60.39,60.045,60.145,88001.0
2024-07-29,60.07,60.105,59.97,60.04,131245.0
2024-07-30,59.9,60.4299,59.79,60.31,288579.0
2024-07-31,61.53,61.78,61.16,61.68,553548.0
2024-08-01,61.44,61.825,61.35,61.73,241939.0
2024-08-02,62.59,63.135,62.59,63.1,617230.0
2024-08-05,64.92,65.05,63.79,64.33,1070950.0
2024-08-06,64.08,64.18,63.57,63.9,551752.0
2024-08-07,62.85,63.0506,62.62,62.95,642040.0
2024-08-08,62.78,62.8986,62.66,62.79,161930.0
2024-08-09,63.08,63.18,62.99,63.03,137449.0
2024-08-12,62.47,62.87,62.38,62.82,140142.0
2024-08-13,62.89,63.06,62.7999,62.96,135801.0
2024-08-14,62.78,63.048,62.72,62.73,75023.0
2024-08-15,62.06,62.13,61.97,62.04,171025.0
2024-08-16,62.52,62.6199,62.3619,62.58,93108.0
2024-08-19,63.12,63.2499,63.04,63.04,89838.0
2024-08-20,63.3,63.64,63.211,63.64,215883.0
2024-08-21,63.52,64.0,62.97,63.79,221476.0
2024-08-22,63.37,63.37,63.11,63.2,125200.0
2024-08-23,63.21,64.16,63.14,64.13,153057.0
2024-08-26,64.2,64.2,63.935,63.96,136984.0
2024-08-27,63.99,64.24,63.99,64.23,63763.0
2024-08-28,63.84,64.03,63.75,63.87,119540.0
2024-08-29,63.54,63.82,63.5,63.75,103900.0
2024-08-30,63.55,63.62,63.22,63.28,152917.0
2024-09-03,63.45,63.6589,63.35,63.49,318816.0
2024-09-04,63.83,64.32,63.8,64.32,377691.0
2024-09-05,64.59,64.59,64.09,64.44,300102.0
2024-09-06,64.56,65.1701,64.2516,64.89,282560.0
2024-09-09,64.71,64.79,64.58,64.67,101341.0
2024-09-10,64.63,65.0,64.59,64.97,191201.0
2024-09-11,64.97,65.45,64.93,64.93,245004.0
2024-09-12,64.98,65.18,64.8,65.15,327834.0
2024-09-13,65.83,65.86,65.56,65.6,136530.0
2024-09-16,65.88,65.88,65.615,65.72,200158.0
2024-09-17,65.49,65.5001,64.9735,64.98,366230.0
2024-09-18,65.21,65.8,64.77,64.86,334978.0
2024-09-19,64.43,64.81,64.37,64.79,211239.0
2024-09-20,64.26,64.33,63.97,64.19,257975.0
2024-09-23,64.26,64.5,64.045,64.39,125179.0
2024-09-24,64.16,64.51,64.08,64.48,245511.0
2024-09-25,64.16,64.1951,63.84,63.86,311732.0
2024-09-26,63.98,64.02,63.69,63.91,478696.0
2024-09-27,64.62,65.0462,64.59,65.02,353111.0
2024-09-30,64.74,64.74,64.2349,64.3,134786.0
2024-10-01,64.22,64.63,64.22,64.37,107606.0
2024-10-02,63.51,63.55,63.04,63.09,508745.0
2024-10-03,63.0,63.03,62.75,62.89,236585.0
2024-10-04,62.13,62.27,61.99,62.09,174630.0
2024-10-07,62.35,62.46,62.31,62.38,92403.0
2024-10-08,62.38,62.41,62.25,62.3,48865.0
2024-10-09,62.0,62.02,61.83,61.84,98876.0
2024-10-10,62.07,62.22,61.97,62.13,84999.0
2024-10-11,61.94,61.99,61.8701,61.92,55938.0
2024-10-14,61.61,61.69,61.59,61.66,76379.0
2024-10-15,61.88,61.99,61.77,61.86,87787.0
2024-10-16,61.85,61.8901,61.65,61.68,111135.0
2024-10-17,61.67,61.7001,61.43,61.46,142571.0
2024-10-18,61.66,61.85,61.65,61.8,153318.0
2024-10-21,61.57,61.6101,61.25,61.25,73747.0
2024-10-22,61.34,61.34,61.125,61.15,95435.0
2024-10-23,60.44,60.59,60.36,60.53,196460.0
2024-10-24,60.73,60.92,60.6503,60.83,74975.0
2024-10-25,60.79,60.81,60.6203,60.66,59730.0
2024-10-28,60.49,60.53,60.24,60.3,115137.0
2024-10-29,60.11,60.27,60.08,60.21,67516.0
2024-10-30,60.25,60.4062,60.225,60.25,116864.0
2024-10-31,60.49,60.82,60.34,60.79,236390.0
2024-11-01,60.686,60.72,60.34,60.36,132450.0
2024-11-04,60.8,60.8857,60.69,60.7,75034.0
2024-11-05,60.86,61.05,60.71,61.0,137510.0
2024-11-06,59.85,59.99,59.75,59.76,256239.0
2024-11-07,60.2,60.48,60.17,60.45,179654.0
2024-11-08,60.49,60.6,60.442,60.55,98648.0
2024-11-11,60.07,60.11,59.99,60.07,130068.0
2024-11-12,59.75,59.83,59.59,59.71,92077.0
2024-11-13,59.77,59.77,59.31,59.34,205950.0
2024-11-14,59.26,59.348,59.01,59.03,120069.0
2024-11-15,59.45,59.99,59.29,59.83,122771.0
2024-11-18,59.63,59.7399,59.53,59.73,117563.0
2024-11-19,59.92,59.98,59.65,59.68,66754.0
2024-11-20,59.3,59.525,59.29,59.4,97641.0
2024-11-21,59.8,59.9682,59.675,59.73,69986.0
2024-11-22,59.68,59.71,59.58,59.62,66351.0
2024-11-25,60.04,60.098,59.77,59.92,104193.0
2024-11-26,60.1,60.32,60.05,60.32,160790.0
2024-11-27,61.07,61.34,60.8357,61.12,220684.0
2024-11-29,61.47,61.7,61.33,61.7,119422.0
2024-12-02,61.57,61.9,61.45,61.75,113647.0
2024-12-03,62.0,62.09,61.72,61.74,162151.0
2024-12-04,61.17,61.515,61.14,61.3,82319.0
2024-12-05,61.3,61.54,61.2799,61.48,60124.0
2024-12-06,61.72,61.79,61.48,61.53,585536.0
2024-12-09,61.2,61.23,60.99,61.05,85881.0
2024-12-10,60.81,60.88,60.665,60.77,102229.0
2024-12-11,60.68,60.76,60.47,60.48,78279.0
2024-12-12,60.6,60.7,60.4501,60.47,63693.0
2024-12-13,60.16,60.18,60.03,60.05,130461.0
2024-12-16,59.9,59.9294,59.755,59.89,117435.0
2024-12-17,60.11,60.2559,60.053,60.13,87134.0
2024-12-18,59.95,60.05,59.665,59.68,384834.0
2024-12-19,58.75,58.77,58.5199,58.66,425317.0
2024-12-20,59.01,59.2,58.91,59.04,192686.0
2024-12-23,58.77,58.8,58.71,58.75,113888.0
2024-12-24,58.7,58.73,58.6615,58.67,59963.0
2024-12-26,58.49,58.49,58.39,58.4,158881.0
2024-12-27,58.44,58.61,58.42,58.46,131854.0
2024-12-30,58.59,58.875,58.5607,58.81,280735.0
2024-12-31,58.75,58.87,58.58,58.62,110405.0
2025-01-02,58.9,58.9,58.455,58.55,80153.0
2025-01-03,58.7,58.83,58.6254,58.69,107445.0
2025-01-06,58.7,58.758,58.55,58.55,95628.0
2025-01-07,58.54,58.56,58.3,58.49,121950.0
2025-01-08,58.29,58.34,58.2456,58.31,80049.0
2025-01-10,58.31,58.665,58.31,58.48,108653.0
2025-01-13,58.69,58.735,58.4901,58.54,79837.0
2025-01-14,58.52,58.55,58.36,58.44,59009.0
2025-01-15,59.15,59.19,58.9,58.98,135024.0
2025-01-16,59.15,59.5,59.08,59.47,387124.0
2025-01-17,59.23,59.27,59.06,59.14,134403.0
2025-01-21,59.42,59.455,59.2806,59.38,258348.0
2025-01-22,59.21,59.21,58.9155,58.99,164694.0
2025-01-23,59.06,59.257,58.995,59.2,185489.0
2025-01-24,59.0,59.355,58.9801,59.2,160812.0
2025-01-27,59.89,59.918,59.66,59.69,258315.0
2025-01-28,59.38,59.52,59.26,59.36,80225.0
2025-01-29,59.4,59.5581,59.31,59.405,77561.0
2025-01-30,59.86,59.98,59.73,59.79,95568.0
2025-01-31,59.62,59.71,59.45,59.47,310825.0
2025-02-03,59.7,59.9,59.5201,59.62,118760.0
2025-02-04,59.48,59.835,59.46,59.79,161927.0
2025-02-05,60.28,60.64,60.28,60.43,273862.0
2025-02-06,60.69,60.98,60.65,60.89,213407.0
2025-02-07,60.81,61.12,60.77,60.99,170864.0
2025-02-10,60.82,60.87,60.68,60.73,108488.0
2025-02-11,60.53,60.6149,60.47,60.49,108176.0
2025-02-12,59.84,59.8751,59.63,59.76,295096.0
2025-02-13,60.08,60.43,60.02,60.39,158034.0
2025-02-14,60.65,60.71,60.578,60.58,256689.0
2025-02-18,60.85,60.91,60.705,60.73,180394.0
2025-02-19,60.85,61.025,60.8,60.94,122142.0
2025-02-20,61.49,61.74,61.49,61.66,398245.0
2025-02-21,61.45,61.9606,61.415,61.9,543897.0
2025-02-24,61.69,61.87,61.615,61.65,429842.0
2025-02-25,61.84,62.11,61.735,61.97,396335.0
2025-02-26,61.75,62.01,61.58,61.93,224841.0
2025-02-27,61.57,61.672,61.44,61.62,376947.0
2025-02-28,61.3,61.4,61.15,61.32,211271.0
2025-03-03,61.13,61.86,61.12,61.73,227596.0
2025-03-04,62.14,62.26,61.73,61.9,585370.0
2025-03-05,62.02,62.1836,61.87,61.97,306548.0
2025-03-06,62.45,62.575,62.185,62.42,348730.0
2025-03-07,62.72,62.78,62.2799,62.37,305261.0
2025-03-10,62.85,62.9299,62.58,62.66,479004.0
2025-03-11,62.44,62.7599,62.28,62.435,311398.0
2025-03-12,61.98,62.29,61.9,62.19,376638.0
2025-03-13,62.27,62.58,62.2349,62.47,344067.0
2025-03-14,62.11,62.23,61.97,62.06,269461.0
2025-03-17,61.97,62.16,61.82,61.86,469197.0
2025-03-18,61.58,61.875,61.5501,61.82,233506.0
2025-03-19,61.56,62.03,61.425,61.96,258788.0
2025-03-20,62.08,62.0826,61.9,61.97,257240.0
2025-03-21,61.98,62.02,61.76,61.77,438492.0
2025-03-24,61.6,61.6,61.18,61.22,178352.0
2025-03-25,61.55,61.66,61.505,61.52,130027.0
2025-03-26,61.32,61.33,61.1686,61.24,111044.0
2025-03-27,61.19,61.24,60.98,61.04,446625.0
2025-03-28,61.19,61.585,61.19,61.57,419812.0
2025-03-31,61.72,61.725,61.37,61.5,336576.0
2025-04-01,61.65,61.885,61.6,61.62,200814.0
2025-04-02,61.78,61.78,61.3717,61.48,212198.0
2025-04-03,63.23,63.5,62.945,63.07,2557174.0
2025-04-04,63.44,63.58,62.57,62.84,824672.0
2025-04-07,62.9,62.928,62.22,62.31,744759.0
2025-04-08,62.67,63.21,62.4201,63.07,938652.0
2025-04-09,63.88,63.88,62.22,62.36,1396145.0
2025-04-10,63.55,64.029,63.51,63.79,1077077.0
2025-04-11,64.75,64.808,63.96,64.27,1155221.0
2025-04-14,64.04,64.6057,64.04,64.53,1195089.0
2025-04-15,64.54,64.64,64.39,64.43,750745.0
2025-04-16,64.78,65.14,64.59,64.94,633049.0
2025-04-17,64.84,65.0,64.66,64.8,440570.0
2025-04-21,65.47,65.64,65.41,65.52,1880919.0
2025-04-22,65.61,65.61,65.13,65.14,827908.0
2025-04-23,64.95,65.011,64.23,64.25,1000093.0
2025-04-24,64.72,64.77,64.5301,64.62,412804.0
2025-04-25,64.18,64.25,64.01,64.17,558909.0
2025-04-28,64.27,64.88,64.27,64.88,380057.0
2025-04-29,64.83,64.9,64.7141,64.74,727996.0
2025-04-30,64.54,64.66,64.4403,64.54,617153.0
2025-05-01,63.74,63.8,63.2113,63.29,855912.0
2025-05-02,63.87,64.1,63.505,63.56,498503.0
2025-05-05,64.17,64.2,63.89,64.12,386679.0
2025-05-06,64.62,64.76,64.45,64.76,408894.0
2025-05-07,64.31,64.48,64.0203,64.11,303117.0
2025-05-08,63.79,63.8,63.03,63.15,381356.0
2025-05-09,63.51,63.635,63.41,63.45,237635.0
2025-05-12,62.31,62.35,62.005,62.09,1631391.0
2025-05-13,62.33,62.52,62.245,62.49,311819.0
2025-05-14,63.07,63.22,62.63,62.79,597462.0
2025-05-15,63.18,63.36,63.0998,63.3,249196.0
2025-05-16,63.32,63.353,63.0786,63.12,210005.0
2025-05-19,63.63,63.6474,63.48,63.64,188158.0
2025-05-20,63.63,63.8,63.58,63.74,170696.0
2025-05-21,64.08,64.32,64.04,64.17,455386.0
2025-05-22,64.16,64.2,63.85,63.97,175762.0
2025-05-23,64.53,64.72,64.5,64.68,429036.0
2025-05-27,64.01,64.0351,63.8,63.84,375053.0
2025-05-28,63.65,63.75,63.535,63.62,255188.0
2025-05-29,63.84,63.9886,63.765,63.9,266421.0
2025-05-30,63.96,64.08,63.8,64.03,227586.0
2025-06-02,64.41,64.64,64.4,64.58,241384.0
2025-06-03,64.26,64.27,63.95,63.99,189650.0
2025-06-04,64.17,64.6,64.0827,64.45,254889.0
2025-06-05,64.41,64.462,63.99,64.1,223673.0
2025-06-06,63.61,63.695,63.51,63.65,337184.0
2025-06-09,63.65,63.84,63.65,63.76,399631.0
2025-06-10,63.82,63.82,63.515,63.55,230153.0
2025-06-11,63.57,63.83,63.46,63.68,162211.0
2025-06-12,64.21,64.31,64.02,64.15,219622.0
2025-06-13,63.81,64.04,63.78,64.02,138674.0
2025-06-16,64.03,64.1265,63.57,63.58,173523.0
2025-06-17,63.63,63.63,63.36,63.45,128895.0
2025-06-18,63.6,63.81,63.43,63.44,218674.0
2025-06-20,63.25,63.25,63.0,63.02,378023.0
2025-06-23,62.51,63.09,62.4598,63.03,344702.0
2025-06-24,63.46,63.73,63.45,63.61,157753.0
2025-06-25,63.15,63.47,63.13,63.41,139317.0
2025-06-26,63.81,63.9135,63.725,63.78,252526.0
2025-06-27,63.61,63.705,63.545,63.59,148346.0
2025-06-30,63.75,63.94,63.74,63.94,200454.0
2025-07-01,64.3,64.405,64.04,64.04,196726.0
2025-07-02,63.94,64.1399,63.88,64.13,107517.0
2025-07-03,63.66,63.69,63.4401,63.52,145027.0
2025-07-07,63.24,63.25,63.015,63.1,325732.0
2025-07-08,62.76,62.825,62.685,62.82,269721.0
2025-07-09,62.86,62.9699,62.8445,62.93,186783.0
2025-07-10,62.91,62.99,62.7473,62.95,208630.0
2025-07-11,62.63,62.6853,62.42,62.46,321140.0
2025-07-14,62.44,62.51,62.31,62.32,186546.0
2025-07-15,62.09,62.12,61.795,61.85,243763.0
2025-07-16,61.88,62.665,61.83,62.29,524343.0
2025-07-17,61.96,62.04,61.8814,61.95,2978673.0
2025-07-18,62.08,62.13,61.88,61.91,235503.0
2025-07-21,62.37,62.5973,62.3401,62.48,377864.0
2025-07-22,62.72,62.92,62.7127,62.81,231174.0
2025-07-23,62.78,62.95,62.76,62.85,124540.0
2025-07-24,62.76,62.89,62.635,62.645,113709.0
2025-07-25,62.29,62.4,62.28,62.4,210507.0
2025-07-28,62.15,62.1707,61.965,61.97,164123.0
2025-07-29,61.91,62.0563,61.88,61.99,127511.0
2025-07-30,61.78,61.9517,61.6,61.6,327426.0
2025-07-31,61.25,61.25,61.03,61.08,639350.0
2025-08-01,62.11,62.505,62.09,62.43,641524.0
2025-08-04,62.61,62.68,62.4932,62.64,191849.0
2025-08-05,62.37,62.485,62.2833,62.35,103223.0
2025-08-06,62.48,62.6392,62.35,62.57,237123.0
2025-08-07,62.52,62.63,62.375,62.59,418568.0
2025-08-08,62.31,62.34,62.2403,62.32,87416.0
2025-08-11,62.27,62.27,62.09,62.09,111731.0
2025-08-12,62.06,62.37,62.025,62.29,269072.0
2025-08-13,62.45,62.57,62.4015,62.44,99960.0
2025-08-14,62.51,62.515,62.21,62.3,101660.0
2025-08-15,62.63,62.69,62.485,62.54,184118.0
2025-08-18,62.27,62.33,62.2,62.27,118346.0
2025-08-19,62.28,62.435,62.27,62.39,121588.0
2025-08-20,62.42,62.6698,62.42,62.48,180793.0
2025-08-21,62.31,62.37,62.0,62.01,252840.0
2025-08-22,61.91,62.785,61.91,62.64,504378.0
2025-08-25,62.41,62.49,62.25,62.3,133503.0
2025-08-26,62.39,62.575,62.32,62.43,69976.0
2025-08-27,62.17,62.49,62.15,62.42,76213.0
2025-08-28,62.55,62.7378,62.515,62.65,100878.0
2025-08-29,62.515,62.71,62.515,62.63,72428.0
2025-09-02,61.96,62.225,61.9562,62.07,275660.0
2025-09-03,61.9,62.245,61.882,62.16,149370.0
2025-09-04,62.0,62.02,61.86,61.98,66685.0
2025-09-05,62.46,62.68,62.395,62.4,141963.0
2025-09-08,62.34,62.45,62.24,62.42,166779.0
2025-09-09,62.68,62.79,62.42,62.42,307944.0
2025-09-10,62.46,62.5193,62.43,62.43,122514.0
2025-09-11,62.39,62.6,62.38,62.57,255144.0
2025-09-12,62.28,62.415,62.245,62.35,135661.0
2025-09-15,62.49,62.52,62.42,62.44,176678.0
2025-09-16,62.64,62.9301,62.64,62.82,216065.0
2025-09-17,62.95,63.2603,62.66,62.71,393092.0
2025-09-18,62.17,62.2445,62.06,62.19,143514.0
2025-09-19,62.15,62.24,62.15,62.19,169010.0
2025-09-22,62.25,62.3203,62.17,62.29,169553.0
2025-09-23,62.27,62.41,62.2099,62.32,142199.0
2025-09-24,61.92,61.9399,61.815,61.84,238858.0
2025-09-25,61.68,61.7,61.3753,61.45,218562.0
2025-09-26,61.46,61.585,61.44,61.58,205724.0
2025-09-29,61.88,61.97,61.88,61.9,182988.0
2025-09-30,62.16,62.3051,62.15,62.21,175164.0
2025-10-01,62.69,62.74,62.49,62.52,228071.0
2025-10-02,62.535,62.56,62.39,62.47,162003.0
2025-10-03,62.52,62.52,62.36,62.42,123969.0
2025-10-06,61.34,61.42,61.1999,61.23,433983.0
2025-10-07,61.0,61.03,60.5405,60.58,425233.0
2025-10-08,60.3,60.36,60.1601,60.26,249879.0
2025-10-09,60.25,60.27,60.025,60.09,280638.0
2025-10-10,60.29,60.71,60.255,60.68,159217.0
2025-10-13,60.44,60.48,60.3356,60.4,172239.0
2025-10-14,60.55,60.665,60.505,60.64,91546.0
2025-10-15,60.69,60.89,60.64,60.8,86122.0
2025-10-16,60.83,61.21,60.82,61.13,189987.0
2025-10-17,61.25,61.26,61.0723,61.15,146461.0
2025-10-20,61.04,61.12,60.975,61.03,157768.0
2025-10-21,60.6,60.7256,60.525,60.57,111384.0
2025-10-22,60.5,60.69,60.5,60.51,136192.0
2025-10-23,60.3,60.3099,60.19,60.3,117934.0
2025-10-24,60.19,60.2725,60.14,60.2,91284.0
2025-10-27,60.12,60.185,60.05,60.17,188413.0
2025-10-28,60.36,60.55,60.36,60.45,198064.0
2025-10-29,60.51,60.555,60.1,60.2,129336.0
2025-10-30,59.61,59.71,59.57,59.69,244762.0
2025-10-31,59.66,59.7499,59.64,59.66,108384.0
2025-11-03,59.65,59.74,59.61,59.64,284826.0
2025-11-04,59.9,59.9701,59.835,59.85,122276.0
2025-11-05,59.71,59.755,59.59,59.65,132231.0
2025-11-06,59.91,60.175,59.88,60.11,165101.0
2025-11-07,59.92,60.1,59.89,59.94,81394.0
2025-11-10,59.71,59.76,59.675,59.73,92210.0
2025-11-11,59.77,59.8,59.665,59.68,68375.0
2025-11-12,59.34,59.51,59.32,59.41,179464.0
2025-11-13,59.45,59.6494,59.45,59.5,79289.0
2025-11-14,59.66,59.675,59.42,59.53,83862.0
2025-11-17,59.35,59.37,59.21,59.24,160274.0
2025-11-18,59.2,59.3059,59.06,59.15,114603.0
2025-11-19,58.83,58.835,58.555,58.61,184401.0
2025-11-20,58.35,58.4625,58.2333,58.33,150111.0
2025-11-21,58.65,58.85,58.6,58.78,174735.0
2025-11-24,58.56,58.67,58.515,58.66,104727.0
2025-11-25,58.86,59.0,58.82,58.91,95652.0
2025-11-26,58.69,58.83,58.69,58.8,137252.0
2025-11-28,58.86,58.97,58.815,58.92,193413.0
2025-12-01,59.35,59.4,59.16,59.2,228575.0
2025-12-02,58.99,59.05,58.9,59.02,100894.0
2025-12-03,59.18,59.345,59.13,59.29,208357.0
2025-12-04,59.5,59.5,59.3,59.3,139360.0
2025-12-05,59.32,59.32,59.17,59.245,115056.0
2025-12-08,59.19,59.19,58.965,58.99,214121.0
2025-12-09,58.84,58.84,58.602,58.62,186189.0
2025-12-10,58.71,59.04,58.71,59.02,300012.0
2025-12-11,59.35,59.35,59.065,59.1,273609.0
2025-12-12,58.97,59.06,58.93,58.98,105160.0
2025-12-15,59.29,59.39,59.19,59.25,302084.0
2025-12-16,59.4,59.5335,59.375,59.44,267459.0
2025-12-17,59.14,59.2,59.05,59.06,226496.0
2025-12-18,59.18,59.225,59.0701,59.1,130330.0
2025-12-19,58.55,58.55,58.3,58.3,396590.0
2025-12-22,58.61,58.6899,58.53,58.57,252841.0
2025-12-23,58.77,58.8755,58.7566,58.83,141887.0
2025-12-24,58.99,59.065,58.9544,58.98,70861.0
2025-12-26,58.91,58.91,58.6701,58.74,164107.0
2025-12-29,58.86,58.88,58.45,58.49,384138.0
2025-12-30,58.78,58.8,58.675,58.7,264560.0
2025-12-31,58.54,58.67,58.5224,58.67,152007.0
2026-01-02,58.62,58.69,58.55,58.59,123857.0
2026-01-05,58.61,58.8681,58.595,58.78,112538.0
2026-01-06,58.78,58.795,58.63,58.65,174008.0
2026-01-07,58.7,58.7559,58.6,58.6,65261.0
2026-01-08,58.51,58.59,58.5,58.52,77660.0
2026-01-09,58.21,58.23,58.105,58.23,156654.0
2026-01-12,58.19,58.22,58.1001,58.11,98764.0
2026-01-13,57.88,57.88,57.735,57.76,188263.0
2026-01-14,58.09,58.1401,57.97,57.98,355854.0
2026-01-15,57.93,58.025,57.86,57.96,94840.0
2026-01-16,58.15,58.25,58.11,58.18,168130.0
2026-01-20,58.28,58.28,58.09,58.14,244782.0
2026-01-21,58.15,58.19,58.0,58.07,148845.0
2026-01-22,57.94,58.09,57.94,58.01,128941.0
2026-01-23,58.08,59.0423,58.07,59.02,522681.0
2026-01-26,59.75,59.84,59.615,59.69,474940.0
2026-01-27,60.03,60.4508,59.95,60.36,409971.0
2026-01-28,60.195,60.21,59.73,59.95,852865.0
2026-01-29,59.97,60.185,59.8814,60.03,227287.0
2026-01-30,59.56,59.625,59.41,59.42,477789.0
2026-02-02,59.18,59.21,59.02,59.08,246240.0
2026-02-03,58.93,59.1,58.92,59.06,143982.0
2026-02-04,58.69,58.79,58.56,58.59,192763.0
2026-02-05,58.59,58.72,58.49,58.49,428531.0
2026-02-06,58.59,58.615,58.49,58.5,109395.0
2026-02-09,59.05,59.07,58.86,58.96,217907.0
2026-02-10,59.54,59.66,59.485,59.57,481123.0
2026-02-11,59.73,60.235,59.73,60.01,265895.0
2026-02-12,60.03,60.29,60.02,60.21,355593.0
2026-02-13,60.14,60.2165,60.0,60.19,229428.0
2026-02-17,59.93,59.98,59.73,59.98,158258.0
2026-02-18,59.58,59.6,59.3501,59.38,186065.0
2026-02-19,59.15,59.3424,59.15,59.24,222539.0
2026-02-20,59.13,59.38,59.09,59.28,215863.0
2026-02-23,59.38,59.59,59.36,59.41,102701.0
2026-02-24,58.88,59.05,58.87,58.98,116068.0
2026-02-25,58.66,58.805,58.66,58.76,157880.0
2026-02-26,58.84,58.95,58.7435,58.86,97765.0
2026-02-27,58.86,58.95,58.83,58.83,86658.0
2026-03-02,58.32,58.485,58.2477,58.4,145675.0
2026-03-03,58.17,58.33,58.17,58.27,215560.0
2026-03-04,58.39,58.56,58.38,58.49,121686.0
2026-03-05,58.24,58.35,58.19,58.3,154514.0
2026-03-06,58.17,58.335,58.16,58.19,157916.0
2026-03-09,58.0,58.265,57.9499,58.19,193102.0
2026-03-10,58.27,58.375,58.105,58.15,125425.0
2026-03-11,57.97,58.02,57.78,57.78,138070.0
2026-03-12,57.76,57.8001,57.615,57.63,162894.0
2026-03-13,57.68,57.765,57.52,57.54,213429.0
2026-03-16,57.71,57.82,57.6536,57.74,87196.0
2026-03-17,57.8,57.86,57.74,57.74,89056.0
2026-03-18,57.6,57.64,57.45,57.46,164289.0
2026-03-19,57.83,58.29,57.83,58.26,253913.0
2026-03-20,57.85,57.85,57.6229,57.66,165152.0
2026-03-23,57.89,58.1,57.8,57.96,204595.0
2026-03-24,57.78,57.89,57.69,57.78,98750.0
2026-03-25,57.74,57.76,57.565,57.61,408043.0
2026-03-26,57.57,57.58,57.43,57.43,210797.0
2026-03-27,57.41,57.49,57.25,57.36,175321.0
2026-03-30,57.61,57.63,57.4984,57.51,88783.0
2026-03-31,57.66,57.88,57.64,57.88,101595.0
2026-04-01,57.94,57.96,57.78,57.8,88669.0
2026-04-02,57.55,57.67,57.52,57.54,129153.0
2026-04-06,57.58,57.616,57.47,57.53,72885.0
2026-04-07,57.45,57.565,57.385,57.55,140452.0
2026-04-08,58.08,58.108,57.835,57.9,133013.0
2026-04-09,57.76,57.88,57.65,57.7,73661.0
2026-04-10,57.7,57.73,57.62,57.64,64784.0
2026-04-13,57.45,57.625,57.45,57.59,189385.0
2026-04-14,57.78,57.89,57.77,57.79,361553.0
2026-04-15,57.76,57.83,57.69,57.73,245239.0
2026-04-16,57.75,57.75,57.61,57.68,153652.0
2026-04-17,57.9,58.24,57.87,57.89,498453.0
2026-04-20,57.89,57.89,57.89,57.89,
2026-04-21,57.73,57.73,57.49,57.5,112078.0
2026-04-22,57.65,57.685,57.535,57.55,139486.0
2026-04-23,57.51,57.61,57.43,57.48,88626.0
2026-04-24,57.5,57.605,57.5,57.57,171297.0
2026-04-27,57.67,57.695,57.57,57.58,96823.0
2026-04-28,57.55,57.56,57.47,57.5,159175.0
2026-04-29,57.36,57.365,57.225,57.26,353161.0
2026-04-30,58.6,58.75,58.48,58.63,831966.0
2026-05-01,58.66,58.72,58.44,58.44,210644.0
2026-05-04,58.43,58.61,58.355,58.44,480685.0
2026-05-05,58.23,58.235,58.125,58.19,310807.0
2026-05-06,58.79,58.83,58.68,58.69,431045.0
2026-05-07,58.71,58.79,58.5399,58.56,176391.0
2026-05-08,58.66,58.71,58.6,58.6,142893.0
2026-05-11,58.5,58.505,58.4,58.42,131696.0
2026-05-12,58.27,58.3,58.2,58.27,153449.0
2026-05-13,58.16,58.22,58.13,58.17,168303.0
2026-05-14,58.14,58.33,57.98,58.0,307756.0
2026-05-15,57.89,57.93,57.85,57.85,317931.0
2026-05-18,57.84,57.885,57.73,57.8,187824.0
2026-05-19,57.7,57.83,57.665,57.72,210240.0
2026-05-20,57.71,57.895,57.68,57.78,88256.0
2026-05-21,57.63,57.795,57.58,57.77,91556.0
2026-05-22,57.74,57.74,57.665,57.7,66528.0
2026-05-26,57.63,57.66,57.605,57.63,70051.0
2026-05-27,57.58,57.615,57.53,57.54,107131.0
2026-05-28,57.57,57.68,57.555,57.65,109908.0
2026-05-29,57.62,57.7,57.61,57.62,129834.0
2026-06-01,57.5,57.53,57.46,57.51,241787.0
2026-06-02,57.43,57.46,57.39,57.43,180969.0
2026-06-03,57.39,57.41,57.335,57.335,184614.0
2026-06-04,57.4,57.415,57.34,57.35,74105.0
2026-06-05,57.32,57.38,57.25,57.31,136138.0
2026-06-08,57.38,57.39,57.2665,57.28,197477.0
2026-06-09,57.28,57.31,57.21,57.23,110779.0
2026-06-10,57.2,57.24,57.17,57.17,114946.0
2026-06-11,57.14,57.49,57.13,57.43,237078.0
2026-06-12,57.29,57.29,57.205,57.26,157610.0
2026-06-15,57.3,57.33,57.215,57.24,130426.0
2026-06-16,57.21,57.22,57.18,57.19,127447.0
2026-06-17,57.24,57.27,57.045,57.09,181003.0
2026-06-18,57.03,57.06,56.7,56.85,605162.0
2026-06-22,56.71,56.9401,56.66,56.79,244411.0
2026-06-23,56.8,56.82,56.765,56.8,168158.0
2026-06-24,56.74,56.74,56.685,56.7,108653.0
2026-06-25,56.71,56.7599,56.675,56.69,78133.0
2026-06-26,56.76,56.775,56.7,56.71,94617.0
2026-06-29,56.67,56.68,56.64,56.66,124799.0
2026-06-30,56.52,56.53,56.4014,56.44,175735.0
2026-07-01,56.41,56.53,56.41,56.43,178194.0
2026-07-02,56.94,57.061,56.92,56.95,222446.0
2026-07-06,56.5,56.6099,56.4813,56.59,154440.0
2026-07-07,56.64,56.68,56.58,56.63,93716.0
2026-07-08,56.45,56.475,56.385,56.46,82303.0
2026-07-09,56.47,56.53,56.47,56.48,53258.0
2026-07-10,56.7,56.8664,56.675,56.74,197321.0
2026-07-13,56.59,56.59,56.45,56.46,141829.0
2026-07-14,56.65,56.68,56.525,56.57,206393.0
2026-07-15,56.51,56.661,56.51,56.53,154327.0
2026-07-16,56.51,56.5238,56.41,56.45,111184.0
2026-07-17,56.47,56.51,56.44,56.51,262076.0
2026-07-20,56.47,56.4864,56.41,56.46,166343.0
2026-07-21,56.35,56.35,56.2129,56.22,218885.0
2026-07-22,56.28,56.2899,56.2217,56.23,194449.0
2026-07-23,56.04,56.065,55.9601,56.01,588242.0
2026-07-24,56.0,56.0801,56.0,56.04,104062.0
2026-07-27,56.04,56.085,56.01,56.01,361134.0
2026-07-28,55.98,56.055,55.97,56.0,211979.0
2026-07-29,56.02,56.205,55.97,56.13,173368.0
2026-07-30,56.37,58.03,56.3501,57.58,1838921.0
2026-07-31,57.52,58.005,57.38,57.66,682588.0
