time,open,high,low,close,volume
2017-06-12,0.25,0.53,0.25,0.53,43877.7219
2017-06-13,0.53,1.3,0.41,0.587,9574036.993188852
2017-06-14,0.58999,0.6101,0.47948,0.52021,7802434.191845088
2017-06-15,0.51217,0.5447,0.29123,0.3467,7005679.010761603
2017-06-16,0.3426,0.599,0.3053,0.4082,4627428.874867299
2017-06-17,0.41794,0.45116,0.4,0.434,1423006.935828849
2017-06-18,0.43756,0.4502,0.385,0.40555,1754965.0969120243
2017-06-19,0.40553,0.435,0.395,0.42535,1893051.3870266224
2017-06-20,0.42513,0.44719,0.41073,0.44054,3264322.2034196313
2017-06-21,0.44499,0.46244,0.415,0.425,3453598.4784072884
2017-06-22,0.4257,0.4499,0.41142,0.43732,1080249.4242409398
2017-06-23,0.43734,0.48278,0.433,0.48276,2033076.8771986016
2017-06-24,0.48072,0.62894,0.47667,0.50529,8861238.335416526
2017-06-25,0.50505,0.52142,0.4401,0.46528,3530339.791983619
2017-06-26,0.4648,0.4659,0.3401,0.40799,7093937.120261009
2017-06-27,0.40799,0.42,0.3483,0.39401,3242682.413185943
2017-06-28,0.39401,0.4,0.35112,0.373,3373903.3136433335
2017-06-29,0.373,0.4599,0.36194,0.411,3895424.9724416644
2017-06-30,0.41249,0.449,0.393,0.39801,2533794.685912
2017-07-01,0.39801,0.41288,0.3701,0.3811,1734200.0923947417
2017-07-02,0.3849,0.39,0.36,0.3769,2264625.998318978
2017-07-03,0.3774,0.385,0.35,0.37605,3703826.472801092
2017-07-04,0.37664,0.4098,0.37022,0.3938,2880617.3515995885
2017-07-05,0.39467,0.39869,0.36811,0.381,2314207.7286206856
2017-07-06,0.37887,0.3851,0.3033,0.35286,11066020.00556374
2017-07-07,0.3551,0.35651,0.27,0.2822,11934566.562495336
2017-07-08,0.283,0.3202,0.2751,0.30029,5148617.635389572
2017-07-09,0.3,0.3125,0.2829,0.30002,3020981.1567368302
2017-07-10,0.30408,0.30408,0.18367,0.21,22325572.91414867
2017-07-11,0.21,0.2342,0.18368,0.1869,14923522.852678843
2017-07-12,0.18898,0.2395,0.1806,0.22877,11056368.362909386
2017-07-13,0.22877,0.23896,0.1875,0.21285,8121462.94620586
2017-07-14,0.2129,0.21307,0.1602,0.1751,7668769.3940022
2017-07-15,0.1735,0.17626,0.1427,0.15824,14452709.12680351
2017-07-16,0.158,0.188,0.155,0.17801,10919602.68342686
2017-07-17,0.18012,0.28,0.1767,0.264,31564995.85355911
2017-07-18,0.263,0.31234,0.24601,0.268,23229431.27248523
2017-07-19,0.268,0.2849,0.23,0.2314,14740871.56619909
2017-07-20,0.23499,0.3043,0.2302,0.29369,19157594.83407966
2017-07-21,0.29369,0.3078,0.24524,0.2595,12986670.617465
2017-07-22,0.2596,0.27851,0.2536,0.27158,7320650.15872642
2017-07-23,0.27272,0.28,0.2551,0.2649,5935647.18013683
2017-07-24,0.265,0.273,0.2361,0.26744,8643963.72265406
2017-07-25,0.26528,0.2688,0.2365,0.24999,5824158.5476619
2017-07-26,0.24999,0.2845,0.2409,0.2744,7715032.03647888
2017-07-27,0.2755,0.285,0.2711,0.27301,5919454.86640306
2017-07-28,0.27401,0.2765,0.26202,0.2651,2983708.43178724
2017-07-29,0.26571,0.278,0.24301,0.27666,4400896.516503
2017-07-30,0.27275,0.278,0.2502,0.25471,5724594.02654812
2017-07-31,0.255,0.26,0.244,0.254,3067150.20699299
2017-08-01,0.25434,0.294,0.2493,0.29098,8522179.18341509
2017-08-02,0.2909,0.2939,0.2715,0.28599,5963225.12091107
2017-08-03,0.28599,0.3392,0.285,0.3319,15214266.89007824
2017-08-04,0.332,0.4217,0.3315,0.39375,28080638.68076338
2017-08-05,0.39376,0.43157,0.3601,0.408,13622791.44889989
2017-08-06,0.408,0.44,0.395,0.42989,7330774.89905436
2017-08-07,0.42989,0.49,0.411,0.47399,16392437.84035286
2017-08-08,0.47399,0.55174,0.45549,0.54805,24613032.50995156
2017-08-09,0.54795,0.557,0.5091,0.53,13791890.231410401
2017-08-10,0.53999,0.5892,0.50692,0.56239,16611427.95837265
2017-08-11,0.5623,0.71772,0.5561,0.65469,33871215.32479205
2017-08-12,0.65464,0.73,0.6128,0.72,14567175.40470497
2017-08-13,0.72,0.83,0.69,0.8043,27751627.70147261
2017-08-14,0.8044,0.97967,0.79136,0.97199,29605376.07952706
2017-08-15,0.97199,0.995,0.75,0.917,58940450.8720404
2017-08-16,0.9161,1.05,0.8633,1.0436,29055309.78945443
2017-08-17,1.0428,1.1,0.99,1.0121,30730520.95688996
2017-08-18,1.0136,1.04,0.7611,0.867,43867336.9845481
2017-08-19,0.867,0.98593,0.77,0.97908,25843690.34550859
2017-08-20,0.97909,1.03,0.91,0.9101,18528665.55875473
2017-08-21,0.91,0.94081,0.84,0.9001,19488841.19853812
2017-08-22,0.90464,0.90464,0.77777,0.838,19501338.46824089
2017-08-23,0.83995,0.94081,0.8303,0.851,17508291.10156926
2017-08-24,0.849,0.89488,0.79593,0.89101,10118000.50018902
2017-08-25,0.89101,0.9349,0.83501,0.91637,12954313.54073304
2017-08-26,0.91656,0.97491,0.87504,0.96,10174956.61272896
2017-08-27,0.96,0.9801,0.88,0.91935,9445876.64708913
2017-08-28,0.91891,0.92899,0.78,0.8744,13710745.22267965
2017-08-29,0.8744,0.875,0.7053,0.8125,18659492.79565374
2017-08-30,0.8125,0.87648,0.7838,0.8675,11780144.26525761
2017-08-31,0.86597,0.9,0.82,0.8415,10587658.30479496
2017-09-01,0.8415,0.87999,0.771,0.79271,19701140.3785523
2017-09-02,0.79281,0.7999,0.64,0.69211,35257364.94807838
2017-09-03,0.69211,0.77699,0.666,0.74165,27444350.2302367
2017-09-04,0.74421,0.74421,0.3633,0.54842,97679313.40474884
2017-09-05,0.54841,0.6499,0.455,0.6132,52162111.65395682
2017-09-06,0.61189,0.7488,0.592,0.73944,29659857.54057116
2017-09-07,0.73944,0.73999,0.61415,0.64789,31279330.14600062
2017-09-08,0.64788,0.66,0.47857,0.53729,61676727.12482506
2017-09-09,0.53858,0.584,0.5183,0.55939,19066073.48520686
2017-09-10,0.5572,0.56902,0.4588,0.49889,49777130.30585336
2017-09-11,0.498,0.569,0.479,0.56281,27123305.41469195
2017-09-12,0.56281,0.64949,0.5408,0.5918,58580904.81533864
2017-09-13,0.5918,0.59788,0.4714,0.56126,44475640.36801803
2017-09-14,0.5656,0.576,0.441,0.4494,48908667.76292099
2017-09-15,0.4494,0.5127,0.37,0.4797,73019008.53508475
2017-09-16,0.4797,0.5128,0.452,0.48477,22427333.6571026
2017-09-17,0.48392,0.5048,0.461,0.49579,11028690.18499361
2017-09-18,0.49579,0.6171,0.49343,0.60745,38427511.65277128
2017-09-19,0.60745,0.61449,0.5521,0.556,18428847.17057263
2017-09-20,0.5567,0.5911,0.541,0.56742,11714721.20136323
2017-09-21,0.56629,0.5728,0.4653,0.49852,26564916.10758537
2017-09-22,0.49912,0.51779,0.471,0.505,14024218.90172189
2017-09-23,0.50717,0.555,0.4935,0.54,11398100.10404167
2017-09-24,0.54112,0.5424,0.50418,0.52126,11572880.95849277
2017-09-25,0.52103,0.56899,0.52081,0.556,13732174.73853909
2017-09-26,0.556,0.55999,0.5051,0.51463,14968119.44493327
2017-09-27,0.51397,0.5544,0.505,0.55088,16158150.2132201
2017-09-28,0.55017,0.6147,0.52606,0.59514,26910756.16241521
2017-09-29,0.596,0.6103,0.541,0.5836,21693503.49065079
2017-09-30,0.5836,0.64933,0.576,0.62228,25797984.42491569
2017-10-01,0.62212,0.63177,0.591,0.61241,9745500.19398419
2017-10-02,0.612,0.6225,0.5638,0.578,15466008.02283732
2017-10-03,0.5781,0.58199,0.51198,0.5606,15967130.59697759
2017-10-04,0.55922,0.5697,0.515,0.5447,9856363.57914744
2017-10-05,0.54633,0.5681,0.5161,0.54242,7995739.63757446
2017-10-06,0.5416,0.5632,0.48736,0.504,12938375.87334064
2017-10-07,0.50355,0.551,0.486,0.53688,10249579.60420266
2017-10-08,0.53688,0.53998,0.493,0.5,10345156.34406918
2017-10-09,0.5001,0.505,0.433,0.469,22684254.39819292
2017-10-10,0.469,0.48958,0.451,0.47597,7145072.52159782
2017-10-11,0.476,0.48886,0.462,0.48159,6358799.43621467
2017-10-12,0.48159,0.4867,0.38,0.414,20092378.15237466
2017-10-13,0.414,0.4476,0.4,0.44,15133869.69292042
2017-10-14,0.44,0.4845,0.4293,0.45905,14469966.71453674
2017-10-15,0.45904,0.46097,0.41,0.43701,10432058.85823925
2017-10-16,0.43749,0.4597,0.42,0.44887,8194251.42478157
2017-10-17,0.44886,0.509,0.4311,0.4686,12597365.939912
2017-10-18,0.46878,0.479,0.425,0.4543,13409169.62723227
2017-10-19,0.4553,0.4677,0.41,0.4327,11233135.75412947
2017-10-20,0.43271,0.4345,0.3857,0.3999,20189718.63443629
2017-10-21,0.40153,0.40651,0.3193,0.38821,27474382.55175463
2017-10-22,0.38824,0.408,0.3761,0.3822,12138255.94542206
2017-10-23,0.38229,0.394,0.34,0.38801,16733525.68925454
2017-10-24,0.38802,0.5059,0.3701,0.455,65150410.43102617
2017-10-25,0.45499,0.4769,0.4271,0.4434,16662564.07553688
2017-10-26,0.4436,0.457,0.4115,0.41548,11967798.74110269
2017-10-27,0.41542,0.44,0.39,0.4249,11930170.2443733
2017-10-28,0.4249,0.43085,0.391,0.39611,9190714.8261525
2017-10-29,0.39601,0.415,0.367,0.40325,20576953.65793045
2017-10-30,0.40299,0.415,0.3851,0.40726,10580800.44037828
2017-10-31,0.40724,0.40869,0.38908,0.39117,9738832.93216465
2017-11-01,0.39185,0.39231,0.3517,0.36373,14804306.63330098
2017-11-02,0.36483,0.3847,0.32,0.36417,29504848.41054633
2017-11-03,0.36417,0.3967,0.35879,0.3937,16267243.23839855
2017-11-04,0.3935,0.3936,0.3649,0.3695,9714907.78927429
2017-11-05,0.3685,0.37097,0.33502,0.3506,15751145.69531691
2017-11-06,0.34999,0.3795,0.3387,0.374,14983359.25241239
2017-11-07,0.37233,0.398,0.3621,0.38236,20444816.03267566
2017-11-08,0.3825,0.4905,0.38,0.47456,58419932.41725362
2017-11-09,0.47305,0.5999,0.464,0.5338,90551424.29838437
2017-11-10,0.5338,0.564,0.455,0.5011,67575714.7330993
2017-11-11,0.5011,0.6249,0.49387,0.6237,44498673.81224132
2017-11-12,0.6237,0.635,0.505,0.5861,45483251.43221428
2017-11-13,0.58652,0.63939,0.5663,0.58349,35544042.56624184
2017-11-14,0.5826,0.6189,0.525,0.60591,34777774.84528948
2017-11-15,0.60899,0.788,0.60001,0.78605,76621897.85842936
2017-11-16,0.78606,0.8967,0.706,0.825,106574490.02459519
2017-11-17,0.825,0.8777,0.72633,0.7912,83472158.34638257
2017-11-18,0.7912,0.849,0.7499,0.8163,37651470.9116733
2017-11-19,0.81794,0.884,0.8047,0.851,33557370.15493099
2017-11-20,0.851,0.984,0.85,0.9584,46816866.02859166
2017-11-21,0.95661,0.982,0.732,0.88439,89116114.53591755
2017-11-22,0.88439,0.95506,0.8502,0.8991,39273609.08414795
2017-11-23,0.89924,0.915,0.778,0.77912,43108557.4552448
2017-11-24,0.778,0.79421,0.666,0.78369,87404541.56715202
2017-11-25,0.7854,0.856,0.7051,0.80554,45592326.2811026
2017-11-26,0.80502,0.8379,0.75521,0.83344,22912277.13137908
2017-11-27,0.8339,1.099,0.78735,1.0399,105005206.51737866
2017-11-28,1.0399,1.472,1.0186,1.4499,163979737.89737365
2017-11-29,1.4475,1.5411,1.0501,1.2527,133665145.25301565
2017-11-30,1.2512,1.3767,1.08,1.3107,75566187.27328816
2017-12-01,1.3108,1.5,1.216,1.425,49460758.82875437
2017-12-02,1.425,1.4488,1.3312,1.445,39610232.4819469
2017-12-03,1.4452,1.9799,1.4225,1.835,105366899.96317415
2017-12-04,1.8349,2.929,1.826,2.645,191074810.79641598
2017-12-05,2.6447,3.97,2.095,3.74,218693959.33807135
2017-12-06,3.7313,5.59,3.5111,4.3549,219818971.15350464
2017-12-07,4.346,4.5773,3.032,4.0145,139859815.4501044
2017-12-08,4.01,4.95,3.43,4.95,82014461.25279789
2017-12-09,4.9499,5.2,4.0102,4.5171,68815623.54955095
2017-12-10,4.5172,4.5296,3.5603,4.0343,78782816.38593586
2017-12-11,4.0344,4.55,4.0,4.2211,41371078.41443998
2017-12-12,4.2211,5.0566,4.1279,4.7264,57558246.28050292
2017-12-13,4.722,4.7845,3.63,4.05,54212694.7211438
2017-12-14,4.048,4.3262,3.2522,3.6975,70808414.76340373
2017-12-15,3.6711,4.188,3.321,3.8977,46105021.79243582
2017-12-16,3.8977,4.0438,3.4,3.593,31351917.65052387
2017-12-17,3.5931,3.98,3.407,3.7587,33275529.67662603
2017-12-18,3.7554,4.3798,3.52,4.1564,43217335.15856732
2017-12-19,4.15,5.8,3.7,5.317,109276315.6823164
2017-12-20,5.3154,5.546,4.4968,4.8731,53583318.44381791
2017-12-21,4.876,5.33,4.5111,4.7446,38731769.19293314
2017-12-22,4.744,4.83,1.1,3.3835,161743939.33455208
2017-12-23,3.3611,4.09,3.25,3.56,39175646.46311253
2017-12-24,3.564,3.5999,2.7224,3.4245,48991348.41307955
2017-12-25,3.4231,3.79,3.21,3.4521,23747534.57956955
2017-12-26,3.4516,3.79,3.43,3.7689,19188010.08420913
2017-12-27,3.7689,4.34,3.576,3.705,42263080.68546835
2017-12-28,3.7043,3.765,3.21,3.6475,28272958.27201491
2017-12-29,3.6476,3.9099,3.425,3.65,21477165.44544085
2017-12-30,3.6599,3.738,2.9,3.2411,32559114.05138577
2017-12-31,3.2397,3.6899,3.0,3.5117,17511532.51720778
2018-01-01,3.5117,4.1985,3.3902,3.904,22607148.96328359
2018-01-02,3.9039,4.253,3.788,3.9783,21292054.71636322
2018-01-03,3.9783,4.1767,3.902,4.1305,14262706.94243323
2018-01-04,4.1304,4.5,3.71,4.1,31263563.25280429
2018-01-05,4.0997,4.189,3.6195,3.76,13918907.86234368
2018-01-06,3.7596,4.141,3.75,3.9851,9588176.77782865
2018-01-07,3.986,4.44,3.95,4.0832,19980941.10990362
2018-01-08,4.0832,4.2009,3.155,3.7929,23908274.94823806
2018-01-09,3.7929,3.9199,3.405,3.5292,15176973.09186023
2018-01-10,3.5336,3.766,3.1,3.743,18719787.20781621
2018-01-11,3.743,3.799,2.9501,3.3503,23318782.01574543
2018-01-12,3.35,3.695,3.2205,3.6389,8993773.14503098
2018-01-13,3.6357,4.08,3.6357,3.8964,13109801.73107964
2018-01-14,3.8999,4.0331,3.57,3.7162,10484134.31636267
2018-01-15,3.7145,3.7744,3.41,3.4734,7068463.80488917
2018-01-16,3.4734,3.4779,1.9232,2.5574,47063246.04695618
2018-01-17,2.5574,2.93,1.93,2.7,39912208.67788945
2018-01-18,2.69990578,3.0255,2.5501,2.71,17803901.46454222
2018-01-19,2.71,2.913,2.4,2.6638,15518461.61255403
2018-01-20,2.6638,3.145,2.6618,2.9899,13929886.0995822
2018-01-21,2.99,2.99,2.6026,2.766,12237580.07714123
2018-01-22,2.7689,2.9111,2.12,2.4546,19028242.84356326
2018-01-23,2.4546,2.64193326,2.2022,2.5129,13137503.8439752
2018-01-24,2.5147,2.5805,2.3412,2.4553,9911500.55108665
2018-01-25,2.4553,2.5955,2.33,2.3491,7838843.77907335
2018-01-26,2.3488,2.4628,2.19,2.3599,10036941.8672432
2018-01-27,2.36,2.502,2.3355,2.461,6155337.27703157
2018-01-28,2.461,2.5596,2.4412,2.5012,4661636.46224341
2018-01-29,2.5,2.585,2.3787,2.55278135,6707779.11600255
2018-01-30,2.5586,2.62,2.1512,2.22,16158881.34519775
2018-01-31,2.2204,2.35,2.1725,2.296,6437700.76652708
2018-02-01,2.295,2.31411102,1.72,1.8919,24295540.70618409
2018-02-02,1.892,1.9464,1.43,1.8043,32259197.00228731
2018-02-03,1.8061,2.04882497,1.6202,2.0062,13152751.25851422
2018-02-04,2.0,2.0792,1.6001,1.7364,15360574.1787316
2018-02-05,1.7332,1.7766,1.3311,1.44,24238075.67868713
2018-02-06,1.4362,1.719,1.2,1.5948,30468918.50041149
2018-02-07,1.596,1.8849,1.5104,1.5928,19883585.83776869
2018-02-08,1.5979,1.8785,1.5895,1.76,11099196.88168693
2018-02-09,1.76,1.9921,1.6632,1.9313,10932977.4055269
2018-02-10,1.931,2.1061,1.732,1.8333,12093858.3023136
2018-02-11,1.836,1.836,1.5849,1.671,8670979.73566924
2018-02-12,1.6712,1.9091,1.6712,1.8757,6880189.91601653
2018-02-13,1.8758,1.878,1.72,1.8201,4866290.65244461
2018-02-14,1.8206,2.0445,1.77,2.02777366,8499751.1941381
2018-02-15,2.0326,2.185,1.9685,2.1,12006836.24808312
2018-02-16,2.1,2.1765,1.9556,2.0956,7873945.38150382
2018-02-17,2.0955,2.2117,2.0713,2.19678571,6375060.2551623
2018-02-18,2.197,2.2087,1.9098,1.962,7619963.59307041
2018-02-19,1.962,2.1599,1.9398,2.0747,4933010.15982698
2018-02-20,2.0747,2.12,1.8189,1.88,8333454.68648432
2018-02-21,1.8826,1.9189,1.6873,1.7122,10882403.49363268
2018-02-22,1.7138,1.8482,1.5418,1.6013,11745932.51125228
2018-02-23,1.6006,1.7999,1.555,1.71,7061860.48417279
2018-02-24,1.71,1.7926,1.62,1.7371,6643136.49745911
2018-02-25,1.7399,1.9596,1.714,1.7945,13200046.65387872
2018-02-26,1.7946,1.9087,1.7412,1.851,6587093.9664268
2018-02-27,1.8529,2.0879,1.79,1.9601,10496017.81048753
2018-02-28,1.9619,2.021,1.8232,1.8492,6957717.25784245
2018-03-01,1.8525,2.0246,1.82,1.965,6310054.81064283
2018-03-02,1.9674,2.0236,1.85,1.9162,4056462.8689217
2018-03-03,1.9162,1.9718907,1.835,1.8601,3820335.52727814
2018-03-04,1.8621,1.92,1.806,1.8922,3986909.11352619
2018-03-05,1.8931,1.9,1.8396,1.8551,3056962.01221183
2018-03-06,1.8557,1.8989,1.61,1.6845,13145656.45151246
2018-03-07,1.6851,1.722,1.35,1.5297,20290497.03042089
2018-03-08,1.5272,1.5389,1.349,1.372,9228631.69645279
2018-03-09,1.3757,1.399,1.1357,1.382,19859508.51355487
2018-03-10,1.3821,1.4833,1.2655,1.2941,9787104.66870779
2018-03-11,1.2943,1.4406,1.2268,1.372,9470911.61770292
2018-03-12,1.372,1.4189,1.2633,1.33,7501858.86913389
2018-03-13,1.33,1.3455,1.2701,1.3021,3597901.80565076
2018-03-14,1.3029,1.3804,1.0911,1.1125,14219722.89311383
2018-03-15,1.1119,1.1499,1.0303,1.085,13539653.88267758
2018-03-16,1.0852,1.1454,1.0181,1.0868,7490364.78765493
2018-03-17,1.0892,1.1497,1.061,1.13062088,9948699.50424647
2018-03-18,1.1292,1.3131,1.05,1.22984267,29178293.96245655
2018-03-19,1.2284,1.341,1.18,1.3233,14183831.75193049
2018-03-20,1.3233,1.5258,1.281,1.44,15580895.11928665
2018-03-21,1.444,1.5046,1.3354,1.3663,11259150.89054794
2018-03-22,1.365,1.4212,1.26,1.315,6918145.65928399
2018-03-23,1.317,1.3634,1.242,1.357,6093950.98946298
2018-03-24,1.3569,1.42,1.31,1.3188,5327203.82974427
2018-03-25,1.3234,1.3672,1.2606,1.3202,4683867.85268251
2018-03-26,1.3219,1.3299,1.1825,1.2298,7435741.59909365
2018-03-27,1.2316,1.242,1.1428,1.1716,6300457.65420022
2018-03-28,1.1753,1.246,1.158,1.1777,3479273.03853067
2018-03-29,1.1792,1.1906,1.0584,1.0851,11828483.25844051
2018-03-30,1.086,1.1401,1.045,1.1065,9801637.11048348
2018-03-31,1.1065,1.159,1.0638,1.0719,6639733.76695354
2018-04-01,1.072,1.0929,0.94,0.98713,11743616.04582466
2018-04-02,0.98741,1.0621,0.9812,1.0268,5623350.14987045
2018-04-03,1.0286,1.118,1.0283,1.1052,5708820.59543044
2018-04-04,1.1079,1.109,0.955,0.98144,7175436.48087229
2018-04-05,0.982,0.9942,0.925,0.972,5585155.91459604
2018-04-06,0.97529,0.995,0.91502,0.9323,3604645.87233579
2018-04-07,0.93161,1.0251,0.9264,0.9799,4076265.75578394
2018-04-08,0.97989,1.052,0.96812,1.0257,4527041.33904154
2018-04-09,1.0248,1.0694,0.96222,0.9905,5647881.17612054
2018-04-10,0.99152,1.018,0.96,1.01,3465649.69517785
2018-04-11,1.01,1.0744,1.001,1.0655,3667281.87464497
2018-04-12,1.0657,1.3988,1.0269,1.3443,24054930.82436359
2018-04-13,1.3462,1.5134,1.2822,1.322,27191441.71097641
2018-04-14,1.322,1.4739,1.2915,1.4412,10341926.13300129
2018-04-15,1.4397,1.7,1.4359,1.6717,28348478.44155713
2018-04-16,1.6705,1.7,1.5151,1.6273,19535070.30015308
2018-04-17,1.6273,1.672,1.5374,1.5572,10630621.01212198
2018-04-18,1.5537,1.7169,1.5382,1.686,10461962.01834913
2018-04-19,1.6897,1.7882,1.6325,1.77,10676395.89268511
2018-04-20,1.77,2.0229,1.74,1.9763,17511338.58362841
2018-04-21,1.9769,2.0052,1.805,1.9268,12542163.54284921
2018-04-22,1.9254,2.1155,1.8714,1.9984,16765120.56051352
2018-04-23,1.9986,2.2,1.977,2.128,13798747.75585839
2018-04-24,2.128,2.24,2.113,2.1311,13979897.60358586
2018-04-25,2.1311,2.135,1.63,1.7897,34855994.97847465
2018-04-26,1.7902,2.07,1.701,2.038,13492988.0550865
2018-04-27,2.038,2.099,1.8733,1.8894,11212336.16749029
2018-04-28,1.895,2.09,1.8686,2.028,10535510.88470366
2018-04-29,2.0323,2.1391,1.9141,2.031,13663899.32545001
2018-04-30,2.0383,2.0489,1.9194,1.957,8648697.5058997
2018-05-01,1.961,1.9939,1.8133,1.988,10957240.85615559
2018-05-02,1.988,2.352,1.94,2.2666,22735334.06608599
2018-05-03,2.2665,2.6977,2.1968,2.5823,38090102.01188031
2018-05-04,2.5815,2.592,2.333,2.45,16898177.69071229
2018-05-05,2.4544,2.4725,2.3007,2.388,8849709.56573744
2018-05-06,2.3906,2.52,2.195,2.3009,14924962.985987449
2018-05-07,2.3,2.3102,2.069,2.2539,15038615.00317611
2018-05-08,2.2534,2.55,2.2307,2.4442,25511424.18065768
2018-05-09,2.4442,2.4443,2.2553,2.292,8683629.83665188
2018-05-10,2.292,2.319,2.1259,2.138,7312543.46845086
2018-05-11,2.1379,2.1428,1.771,1.8369,25818371.97591881
2018-05-12,1.8384,1.95,1.6911,1.8994,14423046.29180664
2018-05-13,1.8999,2.0286,1.8058,2.0004,9211535.8381726
2018-05-14,2.0007,2.023,1.801,1.9257,12005942.31824083
2018-05-15,1.9279,2.1,1.9021,1.9853,15327387.57226789
2018-05-16,1.9906,1.9909,1.7926,1.8931,13570776.53626988
2018-05-17,1.8944,1.96,1.664,1.6985,13996194.06844542
2018-05-18,1.699,1.7767,1.6425,1.759,8481363.87633192
2018-05-19,1.758,1.8268,1.7004,1.748,5554654.81286593
2018-05-20,1.7487,1.8487,1.7333,1.8252,4333684.16237933
2018-05-21,1.8265,1.8481,1.7016,1.7278,4886213.9634977
2018-05-22,1.7297,1.7502,1.611,1.6222,7158185.2007457
2018-05-23,1.6229,1.6499,1.389,1.4636,22086346.4933355
2018-05-24,1.4601,1.55,1.3779,1.5384,13135184.64985742
2018-05-25,1.5383,1.585,1.4383,1.4861,8486818.86756552
2018-05-26,1.4882,1.55,1.4554,1.4676,4652836.53021242
2018-05-27,1.4678,1.4822,1.41156597,1.4591,5990556.57432794
2018-05-28,1.4592,1.4777,1.34,1.3489,7916109.64377022
2018-05-29,1.349,1.662,1.33,1.59,22970915.31871954
2018-05-30,1.59,1.65,1.5102,1.572,14674337.87648125
2018-05-31,1.5718,1.825,1.5541,1.7554,22672073.22881897
2018-06-01,1.7575,1.9495,1.7129,1.919,21551907.79113908
2018-06-02,1.92,1.955,1.8503,1.8928,13224785.89969591
2018-06-03,1.8928,2.0302,1.7353,1.8075,25423687.1236256
2018-06-04,1.8134,1.8501,1.6862,1.717,15006079.1975738
2018-06-05,1.7198,1.7841,1.6617,1.7503,9642399.29286424
2018-06-06,1.7523,1.765,1.62,1.6989,8412669.79130976
2018-06-07,1.6993,1.7723,1.6711,1.6966,6425115.16928327
2018-06-08,1.6964,1.7362,1.665,1.7071,4233406.65180947
2018-06-09,1.7071,1.755,1.6334,1.6438,6210076.46982214
2018-06-10,1.6498,1.6498,1.3009,1.3744,30637125.07649261
2018-06-11,1.3744,1.4664,1.3135,1.4497,12602216.51373454
2018-06-12,1.4497,1.45,1.208,1.2525,18240925.91221162
2018-06-13,1.2553,1.291,1.122,1.2017,25542331.88014
2018-06-14,1.2041,1.327,1.1665,1.2717,22630437.55615028
2018-06-15,1.2723,1.3,1.1537,1.1801,14106939.13790183
2018-06-16,1.181,1.2297,1.1543,1.1965,8073779.69823203
2018-06-17,1.1957,1.2137,1.157,1.1683,7407752.9437577
2018-06-18,1.1688,1.2099,1.0795,1.18,19367632.93249145
2018-06-19,1.18,1.255,1.16,1.1779,14156311.37016721
2018-06-20,1.178,1.189,1.11,1.1644,11322095.94211269
2018-06-21,1.1644,1.185,1.137,1.1614,4624069.26985816
2018-06-22,1.1619,1.1763,0.9311,0.97712,30380543.68470672
2018-06-23,0.97673,1.0715,0.95601,1.0373,14431002.64346784
2018-06-24,1.0373,1.0445,0.88512,0.97759,24557476.42877956
2018-06-25,0.97759,1.0609,0.95773,1.0181,14133972.30653404
2018-06-26,1.0183,1.0266,0.9301,0.93918,11537857.36822066
2018-06-27,0.93777,1.0216,0.91799,0.98744,10380656.44744878
2018-06-28,0.98746,1.0,0.90127,0.9178,8659037.32407733
2018-06-29,0.9179,0.98104,0.8877,0.96271,13550476.96769674
2018-06-30,0.96271,1.0359,0.9625,1.0102,10982259.86210926
2018-07-01,1.01,1.09,0.99031,1.0695,12719396.35678923
2018-07-02,1.069,1.193,1.0328,1.1721,16579575.01232112
2018-07-03,1.172,1.2367,1.1272,1.1453,18980456.27071185
2018-07-04,1.1453,1.2579,1.1007,1.2207,14620035.31365674
2018-07-05,1.2181,1.2226,1.1066,1.1542,15590561.59863368
2018-07-06,1.1554,1.164,1.0236,1.054,19095834.77902919
2018-07-07,1.0552,1.1044,1.0278,1.1017,9099528.36566012
2018-07-08,1.1017,1.149,1.0632,1.0796,9181326.08521325
2018-07-09,1.0796,1.101,1.0318,1.0395,7843496.09529682
2018-07-10,1.0399,1.0418,0.9433,0.95682,13751066.73679976
2018-07-11,0.95743,1.0074,0.9346,1.0,7511254.71225312
2018-07-12,1.0,1.0026,0.93,0.9666,8764289.68920157
2018-07-13,0.96648,1.0032,0.955,0.96227,6803963.04071507
2018-07-14,0.95996,0.99528,0.95727,0.971,3139247.19239656
2018-07-15,0.9714,1.0195,0.96768,1.0005,5377732.32695866
2018-07-16,1.0004,1.105,0.98605,1.0878,14532402.03359446
2018-07-17,1.0897,1.1693,1.0538,1.1359,15716754.00999511
2018-07-18,1.1364,1.1848,1.068,1.0915,14721809.35327032
2018-07-19,1.0909,1.0941,1.0299,1.0403,10106234.35856062
2018-07-20,1.0403,1.042,0.94121,0.96084,15213440.69305944
2018-07-21,0.96118,1.02,0.94202,0.99899,6703780.72824238
2018-07-22,0.99921,1.0134,0.962,0.9791,5529833.13571943
2018-07-23,0.97887,1.012,0.92,0.93171,10079462.26553623
2018-07-24,0.93395,1.0,0.90661,0.97998,12382458.20696916
2018-07-25,0.98201,1.0172,0.961,0.98611,8725352.34860486
2018-07-26,0.98611,1.064,0.98545,1.0163,12053075.12105259
2018-07-27,1.0172,1.0394,0.973,1.0131,10343454.92562574
2018-07-28,1.0143,1.0331,0.99751,1.0301,4494545.02406498
2018-07-29,1.0297,1.0373,1.0034,1.0115,2740538.1903214
2018-07-30,1.0123,1.0176,0.9508,0.97507,5839721.90293904
2018-07-31,0.97711,0.98674,0.93062,0.94789,6518045.44209952
2018-08-01,0.94738,0.95034,0.901,0.92622,5906280.91514406
2018-08-02,0.92761,0.93731,0.87348,0.885,6939078.52723369
2018-08-03,0.88418,0.96762,0.77347,0.96,37748740.65700437
2018-08-04,0.96006,0.97895,0.8334,0.84899,18011398.07843658
2018-08-05,0.84967,1.0269,0.8456,0.9108,22759615.09627491
2018-08-06,0.9109,0.92903,0.75,0.78092,31714891.70323216
2018-08-07,0.78178,0.803,0.67703,0.71996,58132363.73928628
2018-08-08,0.71975,0.72124,0.59471447,0.615,40504599.97396968
2018-08-09,0.61428,0.6739,0.59584,0.6383,21458591.37330198
2018-08-10,0.6383,0.64681,0.5431,0.57238,28535535.09677451
2018-08-11,0.57238,0.57425,0.5011,0.51935,23371923.81004915
2018-08-12,0.51987,0.5523,0.51452,0.5401,11665734.37081973
2018-08-13,0.54074,0.55,0.4531,0.45618,20465850.2745805
2018-08-14,0.45616,0.4609,0.40366,0.4482,34083660.80174114
2018-08-15,0.4491,0.49422,0.43628,0.443,29107249.88046956
2018-08-16,0.443,0.47902,0.43155,0.46491,19291482.7458653
2018-08-17,0.46491,0.5747,0.46281,0.56367956,31276450.27883362
2018-08-18,0.56373,0.57499,0.465,0.49712,23128824.21185181
2018-08-19,0.49719,0.569,0.481,0.5377,24956960.09508512
2018-08-20,0.53804,0.54561,0.48622,0.4945,19430658.83688583
2018-08-21,0.49494,0.53937,0.4945,0.519,14295553.00020828
2018-08-22,0.51959,0.565,0.457,0.47749,27647297.50976192
2018-08-23,0.47749,0.51486,0.47535,0.50715,14096747.01446238
2018-08-24,0.50702,0.529,0.4924,0.52375,9087265.05225569
2018-08-25,0.52401,0.5472,0.51932,0.5385,9924124.46476444
2018-08-26,0.53892,0.58,0.51711,0.56383,11701152.63144553
2018-08-27,0.56383,0.697,0.55819,0.6727,40513776.60558415
2018-08-28,0.6732,0.799,0.654,0.769,65756112.88772882
2018-08-29,0.769,0.81519,0.70834,0.72759,42714206.65741563
2018-08-30,0.72759,0.7298,0.656,0.71751,35670485.2386934
2018-08-31,0.7176,0.73821,0.69333,0.70992,17157386.67803793
2018-09-01,0.70957,0.76034,0.70619,0.74067,16783722.86607578
2018-09-02,0.74139,0.74387,0.69928,0.71855,13283362.37966352
2018-09-03,0.7183,0.73109,0.67601,0.69926,12340810.76153107
2018-09-04,0.69891,0.7448,0.68815,0.7012,13501140.94642688
2018-09-05,0.7012,0.71683,0.565,0.57945,33617530.9726299
2018-09-06,0.5794,0.60691,0.53,0.60108,27818370.80376229
2018-09-07,0.6022,0.617,0.5512,0.563,16388354.47747228
2018-09-08,0.56511,0.591,0.51601,0.53003,14414365.72429419
2018-09-09,0.53003,0.585,0.51174,0.5564,15612421.55408282
2018-09-10,0.55801,0.5999,0.553,0.57458,13224469.21751006
2018-09-11,0.57411,0.58298,0.523,0.54529,15145289.53708533
2018-09-12,0.545,0.5572,0.5,0.54868697,18944112.43125308
2018-09-13,0.54923,0.60672,0.54845,0.5754,18681914.3196101
2018-09-14,0.5759,0.61747,0.55159,0.57101,17147337.65802376
2018-09-15,0.56932,0.59195,0.55653,0.5691,8046567.78130517
2018-09-16,0.56843,0.5849,0.55122,0.57851,7763680.54233031
2018-09-17,0.57745,0.589,0.52578078,0.53307,14872779.31485788
2018-09-18,0.5328,0.54801,0.49641,0.53342,26021556.66083857
2018-09-19,0.53306,0.54397,0.50459,0.53041,14889780.19859703
2018-09-20,0.53043,0.58227,0.52349,0.56594,11190805.4782198
2018-09-21,0.56594,0.63468,0.55663,0.629,23586983.25109946
2018-09-22,0.62834,0.6499,0.57331,0.6081,16404312.17609427
2018-09-23,0.60867,0.634,0.59607,0.6104,8551517.62928831
2018-09-24,0.60999,0.61449,0.53122,0.56082255,33481487.52872894
2018-09-25,0.56036,0.57443,0.5255,0.56987,18127287.42191116
2018-09-26,0.56988,0.57818,0.5451,0.54646,8156465.28770858
2018-09-27,0.54799,0.59997,0.53246,0.5853,15463426.57290593
2018-09-28,0.5867,0.597,0.55681,0.57326,10812157.45138239
2018-09-29,0.57161,0.57474,0.551,0.56307,4914065.67213615
2018-09-30,0.56306,0.5774,0.55656903,0.568,6267298.8408465
2018-10-01,0.5686,0.5847,0.5409,0.56035,9662993.60706031
2018-10-02,0.56047,0.57117,0.55003,0.56033,5197102.68403593
2018-10-03,0.56002,0.56057,0.54196,0.554,5653464.22800625
2018-10-04,0.55456,0.5781,0.55176,0.55718,6728409.79410427
2018-10-05,0.55741,0.59,0.55285,0.5765,5483492.13588633
2018-10-06,0.5771,0.5813,0.55997,0.56597,3409523.46672733
2018-10-07,0.56596,0.5788,0.55801,0.57567,2869915.3466361198
2018-10-08,0.5765,0.61,0.57251,0.6035,9738791.08660021
2018-10-09,0.60299,0.60884,0.585,0.59288,7001750.1649983805
2018-10-10,0.59288,0.5968,0.57,0.58826,6720518.0765946
2018-10-11,0.58827,0.5883,0.47076,0.4812,32856968.58376691
2018-10-12,0.4811,0.512,0.47464,0.49053,6504226.25197003
2018-10-13,0.49038,0.51,0.4892,0.49507,3484253.07571927
2018-10-14,0.49508,0.50992,0.4859,0.49,3761925.54546533
2018-10-15,0.4891,0.56,0.48168,0.51343,21548507.71241813
2018-10-16,0.51344,0.51968,0.50511,0.5144,3054489.30518823
2018-10-17,0.5141,0.532,0.50941,0.52391,4382634.17599236
2018-10-18,0.52391,0.53676,0.49754,0.50208,6817024.75913815
2018-10-19,0.50289,0.5065,0.4904,0.49475,3670887.41135745
2018-10-20,0.49471,0.5137,0.4947,0.50459,3969397.96454254
2018-10-21,0.50454,0.514,0.5005,0.50051,2523025.55174018
2018-10-22,0.50051,0.50808,0.49153,0.49764,2797904.83458261
2018-10-23,0.49764,0.50699,0.49145,0.49981,3506505.3066472
2018-10-24,0.49989,0.50628,0.49651,0.497,2222701.78733331
2018-10-25,0.4971,0.50477,0.49225,0.4988,3516601.49604703
2018-10-26,0.49864,0.5033,0.49268,0.4952,3235713.50286036
2018-10-27,0.49449,0.4966,0.4755,0.48069,3281179.13596062
2018-10-28,0.4809,0.48307,0.47511,0.48203,2464614.87704645
2018-10-29,0.48241,0.48307,0.44501,0.44958,7025350.79642954
2018-10-30,0.44958,0.4625,0.44917,0.45252,2943234.63781078
2018-10-31,0.45252,0.4738,0.43807,0.46849,5832032.42551144
2018-11-01,0.46904,0.4815,0.4625,0.47632,3995468.53681066
2018-11-02,0.47632,0.4934,0.4715,0.48706,6666296.23195601
2018-11-03,0.48704,0.48766,0.4734,0.48071065,2384369.69312742
2018-11-04,0.48086,0.51584,0.47,0.5022,9323862.49783069
2018-11-05,0.50339,0.51071,0.49389,0.5075,3144597.75922293
2018-11-06,0.50759124,0.5223,0.4991,0.5187,6440725.2252975
2018-11-07,0.5187,0.52584,0.49539,0.50649,7604640.1710726
2018-11-08,0.50649,0.51120106,0.477,0.48516,9500677.17817117
2018-11-09,0.48471,0.504,0.4725,0.47902,6660918.02379165
2018-11-10,0.47902,0.5,0.47448,0.4852,4146434.05077818
2018-11-11,0.48582,0.48831,0.4782,0.48579,1849619.15993611
2018-11-12,0.48571,0.50879,0.48468,0.49938,5532966.41659378
2018-11-13,0.49938,0.51,0.49369,0.5002,5755481.35461114
2018-11-14,0.50025,0.50955,0.3501,0.4404,34859396.20263894
2018-11-15,0.44039,0.44601,0.38984,0.4274,19998110.80491717
2018-11-16,0.42676,0.42989,0.40721,0.415,4939515.55962653
2018-11-17,0.41412,0.42499,0.4,0.412,3916986.88172927
2018-11-18,0.41201,0.4232,0.41002,0.4121,3534487.14656778
2018-11-19,0.41105,0.4111,0.342,0.35522,20752147.60986064
2018-11-20,0.355,0.36822,0.28,0.30458216,39043501.20267932
2018-11-21,0.30401,0.33738,0.297,0.3323,14504180.47501047
2018-11-22,0.33234,0.34,0.30137,0.30396,9827859.35362864
2018-11-23,0.30423,0.3249,0.29007024,0.32062,13620794.34569351
2018-11-24,0.32055,0.33259,0.262,0.28204,16972547.84268499
2018-11-25,0.2824,0.29756,0.2511,0.29013,26581035.22331874
2018-11-26,0.29013,0.30054,0.257,0.27557,20667805.17609213
2018-11-27,0.27533,0.27984,0.258,0.2732,11074989.84668041
2018-11-28,0.2727,0.31499,0.2727,0.30189,18097189.88963828
2018-11-29,0.3017,0.31625,0.29,0.30866,12865115.13324034
2018-11-30,0.30911,0.31034,0.2771,0.28782,12160606.23660671
2018-12-01,0.28699,0.3049,0.2814,0.3,6734351.0908889
2018-12-02,0.30001,0.3164,0.28881,0.29378326,8109832.18266109
2018-12-03,0.29378326,0.29723,0.265,0.27197,10764628.27400227
2018-12-04,0.27189,0.2906839,0.261,0.2779,7974496.75339392
2018-12-05,0.27752,0.2793,0.25212,0.2565,8335076.30646261
2018-12-06,0.2563,0.26635,0.225,0.23049579,13441005.16958865
2018-12-07,0.23061,0.25562442,0.20506231,0.2353,23213256.12933498
2018-12-08,0.2355,0.2438,0.21593,0.22774,9548660.69068203
2018-12-09,0.22772,0.25071,0.2249,0.2385,9073552.90927303
2018-12-10,0.23889,0.24259,0.22778,0.2338,5552704.93210357
2018-12-11,0.2339,0.2351,0.22,0.2248,5679693.28020569
2018-12-12,0.2248,0.239,0.22399,0.2345,4865803.81632963
2018-12-13,0.2345,0.23489,0.21399,0.2212,6912992.36798197
2018-12-14,0.22121104,0.224,0.2091258,0.2147,6958736.57191345
2018-12-15,0.2152,0.226,0.2075,0.22301,9244531.12601548
2018-12-16,0.22272,0.2376,0.22209,0.225,6605116.78569118
2018-12-17,0.22535,0.26787,0.22463,0.26,15194536.6767655
2018-12-18,0.2598,0.297,0.25244,0.2955,14994424.94104578
2018-12-19,0.29524,0.3164,0.2839,0.28438,22557279.66874266
2018-12-20,0.28431,0.3629,0.2828,0.35359,28728770.91341973
2018-12-21,0.35308,0.36188,0.323,0.33046,20669917.60815763
2018-12-22,0.33046,0.3549,0.33007,0.35185,9977657.66115925
2018-12-23,0.3517,0.39379,0.34808,0.369,19337474.31458812
2018-12-24,0.36855,0.39918,0.35501,0.3617,16171397.7191648
2018-12-25,0.3624,0.36295,0.3201,0.3384,15323421.7182196
2018-12-26,0.3387,0.35463,0.32324,0.33759,9476801.42753587
2018-12-27,0.338,0.34737912,0.31679,0.32178,8642243.88144402
2018-12-28,0.3221,0.37598,0.3181,0.3727,15210620.14917146
2018-12-29,0.37222,0.38211,0.35355,0.3595,8684402.46712244
2018-12-30,0.36132892,0.3695,0.35112,0.36689,5591244.30364215
2018-12-31,0.36689,0.3779,0.35133,0.36059,7207124.76230566
2019-01-01,0.36088,0.37693772,0.3555,0.37586,4833427.30847811
2019-01-02,0.3752,0.40814,0.37099,0.40133,10621128.67363194
2019-01-03,0.40199,0.40543,0.38315,0.38662,6365148.68018675
2019-01-04,0.38766,0.39765,0.37,0.3831,7153748.68286105
2019-01-05,0.38329,0.39223,0.37378,0.37389,4180459.94413542
2019-01-06,0.37449,0.39511814,0.3601,0.388,9255187.83104182
2019-01-07,0.388,0.39122,0.37035,0.376,3342560.96873966
2019-01-08,0.37586,0.38394,0.3626,0.36818,5315899.43634796
2019-01-09,0.36823,0.38097,0.36737,0.37361,3106851.38901625
2019-01-10,0.37361,0.3791,0.294,0.31381076,17881358.14122354
2019-01-11,0.3135,0.32467,0.30984,0.316,5083473.072506
2019-01-12,0.31565,0.31898,0.30251,0.31426,3760347.61849891
2019-01-13,0.3139,0.3162,0.285,0.288,6297602.54503853
2019-01-14,0.288,0.31534,0.27201,0.30979,9929854.61439234
2019-01-15,0.30942,0.31397,0.28532,0.301,7653920.65164132
2019-01-16,0.30054,0.3139,0.29251,0.29937,7258518.31109129
2019-01-17,0.29913261,0.32877,0.2942,0.3136,7573061.98363653
2019-01-18,0.31417,0.31805,0.30662,0.3094,4112077.65883094
2019-01-19,0.30958,0.33438,0.30735,0.3169,6202590.16491355
2019-01-20,0.31687,0.32094,0.29127,0.29744,6336539.28310987
2019-01-21,0.29744,0.32064,0.29744,0.30414,3849002.36765042
2019-01-22,0.30418,0.3148,0.289,0.30869,6580942.8144496
2019-01-23,0.3087,0.31048,0.29309,0.29873,4072356.37672663
2019-01-24,0.2987,0.30384,0.29136,0.2976,3651636.07767151
2019-01-25,0.29759,0.29845964,0.286,0.28915,3699082.91553521
2019-01-26,0.2892,0.29528,0.28474,0.28474,3544919.03654772
2019-01-27,0.28469,0.28739,0.26688556,0.27278,6903763.19821471
2019-01-28,0.27279,0.27417,0.24757,0.25831836,12015813.92439864
2019-01-29,0.25849,0.26308,0.25019,0.25634185,5144674.54262507
2019-01-30,0.25628,0.26989,0.25495,0.2664,5156308.46696703
2019-01-31,0.26602,0.2785,0.25592,0.26036,6393956.26543627
2019-02-01,0.26035,0.263,0.24594618,0.2615,5765054.89989194
2019-02-02,0.2615,0.27032,0.25103,0.26741,4962541.15860185
2019-02-03,0.2674,0.26916,0.2514,0.2551,3452636.72566717
2019-02-04,0.25497,0.2623,0.25281,0.25722,3946471.96125495
2019-02-05,0.25757,0.26057,0.2546,0.257,1908469.38637776
2019-02-06,0.257,0.25921,0.24026,0.24538052,6838644.84923565
2019-02-07,0.24533,0.26203,0.24523,0.2574,6520153.5725793
2019-02-08,0.25727,0.2901,0.2538,0.28314,13471763.50199931
2019-02-09,0.2831,0.28721,0.2751,0.28124,4499162.84054965
2019-02-10,0.28124,0.29428,0.2761,0.28722,6895554.88625003
2019-02-11,0.28722,0.2873,0.27072,0.2709,5692046.22204324
2019-02-12,0.27085,0.28133,0.26627,0.27801,4374868.59315983
2019-02-13,0.27791,0.2819,0.26956,0.2752,2524765.39225978
2019-02-14,0.27419,0.2755,0.26767,0.2704,2896720.81428233
2019-02-15,0.27039,0.28421533,0.2687,0.27563,4343703.01566742
2019-02-16,0.27563,0.2825,0.27373,0.27798,2264515.71658685
2019-02-17,0.27819,0.29298,0.27472,0.28203608,5283761.69480935
2019-02-18,0.28221,0.3144,0.27838,0.3105,12923300.7371035
2019-02-19,0.31035,0.32351,0.3002,0.31011717,13045854.04614884
2019-02-20,0.31013,0.3195,0.3055,0.31875,4225531.59495189
2019-02-21,0.31882003,0.319,0.2988,0.30271,4776906.30679855
2019-02-22,0.30271,0.31093,0.29963,0.30406,4353221.87426743
2019-02-23,0.30405,0.32741,0.30200826,0.32441,7962458.00482513
2019-02-24,0.325,0.3325,0.25846,0.2855,16698401.11855236
2019-02-25,0.2854,0.29699,0.2801,0.29184,5163164.2053913
2019-02-26,0.29164,0.29371,0.286,0.28859,3025830.59893929
2019-02-27,0.28859,0.2953,0.282,0.29061,3536553.56595919
2019-02-28,0.29098,0.2943,0.28704,0.28859,2948810.3070928
2019-03-01,0.28849,0.31,0.28849,0.3,5835748.2344086
2019-03-02,0.30052,0.3014,0.28888,0.2979,3185834.37933607
2019-03-03,0.29792,0.30089,0.27,0.28833,4242351.1573136
2019-03-04,0.28839,0.28999,0.2715,0.27803,5159363.9685331
2019-03-05,0.27804,0.292,0.27562,0.28736,5003111.31760678
2019-03-06,0.28766,0.28821,0.27315,0.28653,4069826.7153884
2019-03-07,0.28616,0.28977,0.27699,0.2845,3292987.9005561
2019-03-08,0.2847,0.28889,0.265,0.2806,6227420.43493524
2019-03-09,0.28055,0.29594,0.2783,0.28645,7542882.53662793
2019-03-10,0.28640299,0.28909,0.283,0.28745,1826586.54937718
2019-03-11,0.28662,0.29188,0.27626,0.28392,4603173.26736182
2019-03-12,0.28391,0.29,0.27786,0.28868,3399827.15966041
2019-03-13,0.28867,0.29895,0.28685,0.29205,4640635.45012001
2019-03-14,0.29205,0.30763,0.28961,0.3029,5754962.92978932
2019-03-15,0.3029,0.30702,0.3005,0.30472441,3013912.0161506
2019-03-16,0.30481,0.3168,0.30472,0.31009,3986019.59373492
2019-03-17,0.31012,0.31029456,0.299,0.30144,3329080.71687737
2019-03-18,0.30146,0.30588,0.29379,0.30046,3017990.79241417
2019-03-19,0.30046,0.30394,0.29899,0.30304,1850716.43445147
2019-03-20,0.30287,0.3086,0.29791,0.3045,4025138.30203573
2019-03-21,0.30449,0.319,0.2863,0.31845,10242887.18155584
2019-03-22,0.31846,0.32573,0.31023,0.31404,7063102.91783457
2019-03-23,0.3141,0.32549,0.31254,0.3161,4201430.62990852
2019-03-24,0.31611,0.31611,0.30806,0.31099,3148209.49669382
2019-03-25,0.31098,0.31098,0.29602,0.30058,4228847.28354929
2019-03-26,0.30052,0.30052,0.2911,0.29823,3235113.81729905
2019-03-27,0.29815,0.31158,0.29753,0.311,3945746.91256785
2019-03-28,0.311,0.31606,0.30412,0.30893,3639717.04929336
2019-03-29,0.30891,0.3151,0.30796,0.31428,2830655.94036016
2019-03-30,0.31428,0.3184,0.3051,0.31228,3316569.44172927
2019-03-31,0.31228,0.31528,0.3081,0.31266,1567150.59699959
2019-04-01,0.31263,0.33304,0.30913,0.32511,8592711.23337914
2019-04-02,0.32512,0.35892,0.32512,0.356,18079905.20584676
2019-04-03,0.35564359,0.385,0.3273,0.33906,25592082.18977326
2019-04-04,0.3377,0.3549,0.3278,0.33497,10090295.65457693
2019-04-05,0.3352,0.3577,0.33244,0.35741,5393524.4204554
2019-04-06,0.35571,0.362,0.3407,0.34847,3793328.85617308
2019-04-07,0.34796,0.3703,0.34675,0.3634,5732608.33987251
2019-04-08,0.3634,0.36585,0.343,0.35921,5223273.42293616
2019-04-09,0.35884,0.35949,0.3451,0.35022,2507930.07766954
2019-04-10,0.34970187,0.36942,0.326,0.34611,7064587.49665214
2019-04-11,0.34738,0.34758,0.3103,0.323,9614460.4545314
2019-04-12,0.323,0.32795,0.31114,0.32404378,2293429.1932126
2019-04-13,0.32416,0.32745,0.31931,0.32192,1328941.28481969
2019-04-14,0.32192,0.3232,0.2955,0.31905,6516929.08044202
2019-04-15,0.31888,0.31942,0.2986,0.30294,4210736.77037793
2019-04-16,0.30171,0.31609,0.30146,0.31246,2286407.33627562
2019-04-17,0.31247,0.3146,0.301,0.30955,4866699.00006191
2019-04-18,0.30995,0.31853,0.30813,0.31066,3663689.70300633
2019-04-19,0.31051567,0.31278,0.30522,0.30997,2428742.59589974
2019-04-20,0.30986,0.31529,0.30832622,0.31209,2323124.84779267
2019-04-21,0.31196,0.316,0.297,0.30554,5673758.12028793
2019-04-22,0.30555,0.3126,0.30064,0.30824,3176642.81689016
2019-04-23,0.3083,0.31117,0.29153,0.29523,7479135.89592569
2019-04-24,0.29523,0.29691,0.2741,0.2827,8135805.62105581
2019-04-25,0.28241,0.28583856,0.25333712,0.26207,8547346.8409806
2019-04-26,0.26174,0.27579,0.23514,0.27435,11931412.57661277
2019-04-27,0.2738,0.27459,0.2629,0.26883,2957635.07755405
2019-04-28,0.26882,0.28466,0.258,0.27848,5057290.79273658
2019-04-29,0.2791,0.329,0.2791,0.31959,32047596.54394185
2019-04-30,0.31958,0.32381,0.30034,0.3175,9782006.36247617
2019-05-01,0.3171,0.31899,0.30212,0.30897,4734807.63913339
2019-05-02,0.3088,0.31139,0.29334,0.29951,4963913.18058593
2019-05-03,0.299,0.30815,0.29436,0.30101,7015197.60229958
2019-05-04,0.30103,0.30576,0.2861,0.29641,4767940.76662998
2019-05-05,0.29685,0.29865,0.29011,0.29636,2227924.93763397
2019-05-06,0.296,0.30099,0.27621,0.29455,7312097.87867399
2019-05-07,0.29453,0.30131,0.28,0.28005,4134124.99609499
2019-05-08,0.28003,0.29857,0.27414274,0.29129,4149992.09395001
2019-05-09,0.29129,0.29277,0.2763,0.27778411,2698194.2106033
2019-05-10,0.27766,0.288,0.27438,0.281,2565768.25880668
2019-05-11,0.281,0.31972,0.27628,0.315,10946158.17026793
2019-05-12,0.31501,0.31816,0.295,0.30299,7160589.28233731
2019-05-13,0.30293,0.35248,0.30035095,0.33694,15444715.20464694
2019-05-14,0.33694,0.3788,0.33477,0.3739771,17836066.47844679
2019-05-15,0.37302,0.4394,0.37297,0.437,22489644.20879212
2019-05-16,0.4371,0.4647,0.4008,0.41374,22857521.52357167
2019-05-17,0.4148,0.42571,0.3577,0.39655,16465611.70523789
2019-05-18,0.39641,0.40227,0.3751,0.38085,4605437.02896567
2019-05-19,0.38004,0.4288,0.38004,0.42294,10849197.28995132
2019-05-20,0.4229,0.42429,0.38617,0.4085,8344334.2159201
2019-05-21,0.40848,0.42732,0.39968,0.41352,6194982.38647951
2019-05-22,0.41371,0.42516,0.38159,0.38438,7939277.20785698
2019-05-23,0.3842,0.3919,0.36111,0.3876,9752477.4528685
2019-05-24,0.3876,0.40349,0.37807,0.383,5283175.82992504
2019-05-25,0.383,0.39497,0.37643,0.38272,3854245.63964272
2019-05-26,0.38259,0.424,0.37277,0.41,7731773.57444351
2019-05-27,0.41001,0.45387,0.4,0.43948,13654719.3888626
2019-05-28,0.43795,0.51,0.416,0.48355,28320623.13483669
2019-05-29,0.48352,0.55432,0.4607,0.51594,31807317.57922593
2019-05-30,0.5158,0.55459,0.463,0.47589,22219592.99726363
2019-05-31,0.47511,0.51,0.45974,0.50818,9519325.07175576
2019-06-01,0.508,0.5142,0.46,0.4805,9259161.25334431
2019-06-02,0.4805,0.50219,0.4758,0.49099,5777365.31573633
2019-06-03,0.49045,0.4948,0.43561,0.44145,9580180.26845922
2019-06-04,0.44171656,0.44775,0.413,0.42665,9378447.03362548
2019-06-05,0.427,0.43742,0.41757,0.4297,3929381.96225645
2019-06-06,0.4298,0.43735,0.4,0.42314,5701128.93428815
2019-06-07,0.424,0.45878,0.4204,0.4438,6088594.01037842
2019-06-08,0.44379,0.45009,0.4087,0.43111,4364101.26978107
2019-06-09,0.43188,0.43497,0.394,0.40727,4842909.63553801
2019-06-10,0.40720007,0.435,0.4,0.42999,5341322.45041224
2019-06-11,0.42999,0.4331,0.40654,0.42359,3328480.28823994
2019-06-12,0.42299,0.44287,0.41857,0.43649,4023111.64082277
2019-06-13,0.43692,0.45253,0.429,0.4402,4268349.15510327
2019-06-14,0.44019,0.44289,0.4134459,0.43101,5192363.88024816
2019-06-15,0.43102,0.44699,0.4271,0.43751,3847515.41544463
2019-06-16,0.4378,0.47184,0.43195,0.44735,7924416.49849538
2019-06-17,0.44778,0.45552707,0.42695,0.44593,4830650.13588019
2019-06-18,0.44577,0.44619,0.4281,0.432,3037670.82429584
2019-06-19,0.43199,0.44353,0.4296,0.438,2740596.76321292
2019-06-20,0.43844,0.44139,0.40773,0.41837,6147675.50922131
2019-06-21,0.41872,0.43879,0.41814,0.42793,4568019.78774654
2019-06-22,0.42752,0.47633428,0.42176,0.46476,17995056.45439036
2019-06-23,0.46476,0.47933,0.435,0.4509,7572029.07819197
2019-06-24,0.45,0.4617,0.43336,0.4584,4672863.76705942
2019-06-25,0.45917,0.4617,0.435,0.44668,5382967.73630395
2019-06-26,0.44669,0.48562,0.4106,0.43889,17534243.73417844
2019-06-27,0.43901,0.44703,0.3748,0.39663,13562671.482252683
2019-06-28,0.39607,0.42311,0.381,0.41279,7564198.809906371
2019-06-29,0.41177,0.42685,0.3965,0.42052,5050926.925962383
2019-06-30,0.42129,0.425,0.388,0.38945365,4349211.884391087
2019-07-01,0.38945365,0.40926,0.38433,0.40623,3993160.511459953
2019-07-02,0.40623,0.4074,0.3817,0.3996,4434222.314390796
2019-07-03,0.39979,0.408,0.39208,0.40575,3621243.258476757
2019-07-04,0.40575,0.40689,0.3845,0.3888,2623412.300355021
2019-07-05,0.3878,0.39589,0.37978,0.38253,2010251.0964466897
2019-07-06,0.38449,0.40151,0.382,0.39055,2253738.037730234
2019-07-07,0.39022856,0.39856,0.38756,0.39782,1512801.807416363
2019-07-08,0.39808,0.4149,0.39621,0.405,2745927.4565800773
2019-07-09,0.4052,0.40999,0.39091447,0.39609,2514998.206726334
2019-07-10,0.39584,0.40035,0.353,0.36717,6606549.243556252
2019-07-11,0.36662,0.36662,0.33,0.34428,5856582.286123979
2019-07-12,0.34428,0.36094,0.33533,0.35388,2209337.57447621
2019-07-13,0.35398,0.35399,0.33401,0.34378,2457089.85692827
2019-07-14,0.34388,0.34505041,0.3,0.30587,5270200.87817455
2019-07-15,0.30577,0.30987,0.285,0.3092,7490022.35621326
2019-07-16,0.308,0.30999,0.25383,0.26744,12571213.21318781
2019-07-17,0.268,0.2951,0.26113,0.28426,6972090.69345287
2019-07-18,0.28489,0.31055055,0.274,0.30536,6059934.58207795
2019-07-19,0.30537,0.30944,0.29293,0.30339,2424143.06998731
2019-07-20,0.3034,0.33532,0.29837,0.31795,7088689.33461847
2019-07-21,0.31805,0.32599,0.30732,0.31569,2865075.07783725
2019-07-22,0.31589682,0.31636,0.2942,0.29994,2842030.8945655
2019-07-23,0.30021,0.30327,0.28494,0.29205,3047552.6984771
2019-07-24,0.29239524,0.31199,0.28503,0.31083,4877292.75381684
2019-07-25,0.31,0.31623,0.30077,0.30489,2346353.17070213
2019-07-26,0.3048,0.30564,0.29614,0.30111,2131116.43841427
2019-07-27,0.30111,0.30915,0.2812,0.2873,3619550.53530825
2019-07-28,0.28749,0.29241,0.2666,0.28467,2400220.09820244
2019-07-29,0.28488,0.28943895,0.27684,0.2836,1591973.59940421
2019-07-30,0.28282,0.288,0.27602,0.28426,1610974.31687439
2019-07-31,0.28391,0.298,0.28391,0.29129,2524505.91962608
2019-08-01,0.29128,0.29301,0.282,0.28863,2024082.57779187
2019-08-02,0.28899,0.29531,0.28365,0.28742,2260248.23603987
2019-08-03,0.28787,0.29256,0.282,0.28262,1793255.03639261
2019-08-04,0.2827,0.28787,0.27736,0.28519,2043057.03770735
2019-08-05,0.2861,0.3,0.28411,0.29155,3761347.95498058
2019-08-06,0.2913,0.297,0.27,0.27838,3847813.38624543
2019-08-07,0.27837,0.28702,0.2726,0.27682,2374470.81659761
2019-08-08,0.27610243,0.27936,0.26702,0.27655053,1979558.85652677
2019-08-09,0.27658696,0.27686,0.25,0.255,3981741.84599008
2019-08-10,0.2554,0.26489,0.2501,0.26134121,2038150.90582205
2019-08-11,0.261,0.27188,0.26028,0.27025,2803377.04264474
2019-08-12,0.27,0.27,0.2586,0.25922,1508929.76324255
2019-08-13,0.25948,0.26038,0.25165,0.2589,1976584.72750046
2019-08-14,0.2587,0.25946,0.2266,0.23316,6182769.75090641
2019-08-15,0.23341,0.24624,0.22,0.2425,4176330.10149318
2019-08-16,0.24343,0.2455,0.2309,0.24214789,3246890.14470562
2019-08-17,0.24177987,0.248,0.23885,0.24202585,2030654.36972533
2019-08-18,0.24248072,0.25335,0.2402,0.24716,2163786.74860858
2019-08-19,0.24748819,0.258,0.24482,0.25181,1808932.31815914
2019-08-20,0.25335,0.25364,0.2397,0.25006,2454227.18893272
2019-08-21,0.25006,0.25178,0.233,0.23958,1860563.79768744
2019-08-22,0.23958,0.2699,0.23397,0.26164,5465340.93214882
2019-08-23,0.2616,0.26612,0.25651,0.26042,3819577.11056694
2019-08-24,0.26004,0.266,0.25269772,0.25854,3307232.65466842
2019-08-25,0.25989,0.2848,0.2586,0.26619,5620415.15405508
2019-08-26,0.26619,0.27741,0.26414,0.26979,3135879.97692598
2019-08-27,0.26992612,0.27069,0.25692,0.25996036,2679644.13467883
2019-08-28,0.25976302,0.26266156,0.23750152,0.2425,2995053.01691417
2019-08-29,0.24251,0.2595,0.23302,0.2499,2928373.22449649
2019-08-30,0.25088,0.25444,0.24513,0.25352,1303688.33778464
2019-08-31,0.25353,0.2543,0.24302,0.2475,2388940.92057784
2019-09-01,0.2475,0.2503,0.23902,0.242,1829379.98021522
2019-09-02,0.24156692,0.256,0.24082,0.25,1978424.70405374
2019-09-03,0.24996,0.253,0.24648,0.25044,1629858.8244654401
2019-09-04,0.25058,0.2509,0.2416,0.24792,1081122.20345503
2019-09-05,0.24791464,0.2492,0.23905,0.2432,1182851.34726729
2019-09-06,0.2432,0.24532,0.22699,0.23032,4279720.02194405
2019-09-07,0.23018691,0.24272,0.22921,0.24116,1664977.70684552
2019-09-08,0.24185379,0.25,0.23925,0.24461,2498673.24209667
2019-09-09,0.2449,0.24641,0.23543,0.23888,2844539.41351546
2019-09-10,0.23948074,0.24305,0.23729,0.23909889,1005586.59168626
2019-09-11,0.23915277,0.24187,0.23473,0.23851714,913947.41812921
2019-09-12,0.23851582,0.23893431,0.23399,0.23729,970514.40799133
2019-09-13,0.2376,0.24252,0.2371,0.24209563,1188101.57784841
2019-09-14,0.24207332,0.2496,0.23996,0.2477,1283889.44510713
2019-09-15,0.2485,0.25067,0.24341,0.24929,1621185.41825513
2019-09-16,0.24930174,0.254,0.24383,0.2503,1793925.16160802
2019-09-17,0.25010453,0.266,0.2482,0.26124,3254984.4669685
2019-09-18,0.26154,0.31587,0.26154,0.29778,7450044.13294598
2019-09-19,0.29767,0.30399,0.27586,0.29867,6371335.46635009
2019-09-20,0.29822,0.31478,0.28661,0.3146,6268173.54642504
2019-09-21,0.31464,0.3154,0.29062,0.29295,4936370.95675437
2019-09-22,0.29296,0.29361,0.275,0.27831,2965477.38189773
2019-09-23,0.27826,0.2944,0.2771,0.27711,3648102.03567063
2019-09-24,0.27717,0.28478,0.24,0.2533,10924844.81768192
2019-09-25,0.25341,0.27,0.24141,0.26207,5751438.62045384
2019-09-26,0.26207,0.26949,0.245,0.266,6515264.20469839
2019-09-27,0.26668,0.26979,0.25426,0.26347,2818365.74727398
2019-09-28,0.26347,0.2659,0.25967,0.26446,1230324.07561198
2019-09-29,0.2645,0.26491,0.25069,0.25998,1476072.01280026
2019-09-30,0.25951,0.26765,0.25124,0.26551,3452570.41259663
2019-10-01,0.26574,0.27935,0.26259073,0.27,4851110.1437959
2019-10-02,0.27000754,0.282,0.2681,0.282,2313299.6275149
2019-10-03,0.28136,0.2821,0.26821,0.27276,1227520.78460168
2019-10-04,0.272852,0.27474,0.267,0.27147,1385125.67692693
2019-10-05,0.2714,0.2799,0.26871,0.27692,1689111.45830679
2019-10-06,0.27661,0.27693,0.26451,0.26895,1935896.30007039
2019-10-07,0.26913,0.28555,0.26711,0.28341,1972180.25892618
2019-10-08,0.28336,0.28756,0.27126,0.2771394,1789527.49940498
2019-10-09,0.27723,0.28588,0.27046,0.28122,1614293.0335972
2019-10-10,0.28134,0.28235,0.27145,0.27799,816820.15427548
2019-10-11,0.27851,0.2821,0.26659,0.27097,1393877.10306037
2019-10-12,0.27089,0.27428521,0.26715,0.26941,476126.81889176
2019-10-13,0.26941,0.285,0.26901,0.27958,1553332.3710317
2019-10-14,0.27814,0.28524,0.2774,0.2851,1523847.10334458
2019-10-15,0.28509,0.2864,0.27499,0.28062,1373078.60292479
2019-10-16,0.28062,0.282,0.26508,0.27219,2981586.77916631
2019-10-17,0.27151,0.28072,0.26904,0.2774,1226216.42675525
2019-10-18,0.2774,0.27881,0.25926,0.27194,2342442.15233773
2019-10-19,0.2731,0.27494,0.26801,0.27036,713756.05223169
2019-10-20,0.27,0.2754,0.26820565,0.27106,873410.92345026
2019-10-21,0.27118,0.27289,0.2651,0.27067745,1306067.413478
2019-10-22,0.27073018,0.2772,0.269,0.27138,1324212.79494658
2019-10-23,0.27132,0.27396,0.24381,0.25311,3720816.40159198
2019-10-24,0.25361,0.25649,0.252,0.25473,754465.2982578
2019-10-25,0.25454,0.27665,0.25331,0.27221,3518918.67294791
2019-10-26,0.27295,0.28318,0.2606,0.26935,5722978.91326756
2019-10-27,0.26939,0.277,0.25901,0.27339,3885326.27890863
2019-10-28,0.2735,0.30051,0.271,0.28648,9713034.42577896
2019-10-29,0.28555,0.29081,0.278,0.28199,3449248.92611188
2019-10-30,0.28199,0.293,0.276,0.28374,2716489.65377862
2019-10-31,0.28369,0.28371081,0.268,0.27151,2947429.34739984
2019-11-01,0.27281,0.27785,0.26864,0.275,1157522.28189312
2019-11-02,0.27502,0.27863,0.273,0.27306,742747.23174487
2019-11-03,0.27313,0.2756,0.26796002,0.26981,968746.51122422
2019-11-04,0.26929,0.27657,0.2686,0.27477,1805781.29959646
2019-11-05,0.27479662,0.279,0.27086,0.2766,1446611.58506488
2019-11-06,0.27601,0.28514,0.2758,0.28142,2141948.71034713
2019-11-07,0.281,0.28400633,0.26068,0.27079,4360869.52776485
2019-11-08,0.27079,0.27126,0.26,0.264,1826210.58460236
2019-11-09,0.26387,0.26629,0.26196,0.26597,476642.05239426
2019-11-10,0.26561,0.27055,0.26414,0.26726,1219915.96004656
2019-11-11,0.26771,0.26853,0.2569,0.2595,1787837.74418467
2019-11-12,0.25952,0.2649,0.25735,0.2603,1013176.80814943
2019-11-13,0.26116,0.26225,0.25755,0.25845,675198.52606264
2019-11-14,0.25845,0.26836343,0.258,0.26313,1719604.80393592
2019-11-15,0.26311149,0.26521,0.25033,0.25844,3314668.04362301
2019-11-16,0.2588,0.2588,0.25438,0.25621,382048.35371552
2019-11-17,0.2563,0.26116,0.255,0.25822,767935.56841542
2019-11-18,0.25757,0.26273,0.24583,0.25221734,2353100.06718806
2019-11-19,0.25181,0.25259,0.24111,0.24688,1548980.60655576
2019-11-20,0.24641,0.24779,0.2402,0.24133,817394.56220117
2019-11-21,0.24151,0.24357,0.21871,0.2283,4192551.44778554
2019-11-22,0.22841,0.22999,0.1877,0.2106,10807172.15670544
2019-11-23,0.21064,0.21615,0.20401,0.21592,1631843.8001496
2019-11-24,0.2159,0.2165,0.20115,0.20285,1763077.19316519
2019-11-25,0.20323,0.2156,0.19137,0.21,5318686.30650765
2019-11-26,0.21001,0.21422,0.20409,0.21289,1365034.10077958
2019-11-27,0.2135,0.217,0.2022,0.2119,5059695.38467811
2019-11-28,0.21258,0.21598,0.20841,0.2113284,1358508.69994164
2019-11-29,0.2111,0.21988,0.2111,0.21969,2192275.22543279
2019-11-30,0.21989,0.22009,0.20437,0.21108,2030507.39616879
2019-12-01,0.21108581,0.21109,0.1987,0.206,1387001.42899381
2019-12-02,0.20621,0.21333,0.19732,0.20801,1765848.60217702
2019-12-03,0.20852,0.20977,0.20192,0.20439,1071929.59465883
2019-12-04,0.20440731,0.21236,0.19535,0.1974,2635408.71556187
2019-12-05,0.1969,0.20664,0.19655,0.20499,1309485.76032882
2019-12-06,0.205,0.2081,0.20165,0.20653447,1588963.91796605
2019-12-07,0.20659,0.20969589,0.20477,0.2051,778460.83650761
2019-12-08,0.20508,0.20796,0.20168,0.20764,685240.21875992
2019-12-09,0.20741,0.212,0.20172,0.20362642,1559218.84996734
2019-12-10,0.20337,0.20424,0.1922,0.19826,4370680.94870251
2019-12-11,0.19835,0.20031,0.196,0.19837,538239.27706366
2019-12-12,0.19837,0.20039,0.19397,0.19411,736356.56879969
2019-12-13,0.19424,0.19518545,0.1907,0.19465,983709.56351205
2019-12-14,0.19465551,0.19466,0.18588,0.1896,1076931.88407479
2019-12-15,0.18959,0.19204,0.187,0.18754,884660.62101136
2019-12-16,0.18762515,0.18989226,0.17233,0.17445,2563501.45904198
2019-12-17,0.17436,0.17603,0.15232,0.154,7692884.10464908
2019-12-18,0.15452,0.16196,0.1485,0.15978,8861771.08039429
2019-12-19,0.16,0.16589,0.15221,0.16386,3806936.39524515
2019-12-20,0.16398,0.1643652,0.15829,0.1643652,1253868.27990879
2019-12-21,0.1644,0.16636621,0.16015,0.16228,2821042.40840354
2019-12-22,0.16174585,0.1685,0.15929,0.16703,2696336.32158202
2019-12-23,0.16703,0.16795,0.15931,0.16192563,1745144.90678529
2019-12-24,0.16151,0.16275414,0.15501,0.15609,1904269.09626459
2019-12-25,0.15593,0.15708,0.15179,0.15645,1214477.15049172
2019-12-26,0.15659,0.1664,0.15412,0.15908,3435515.77531916
2019-12-27,0.15911,0.16339,0.15659756,0.16314,1348820.36290283
2019-12-28,0.16328,0.16472,0.16087,0.16452,1011330.42724036
2019-12-29,0.16384,0.17125,0.16149,0.16796,2557870.78130077
2019-12-30,0.1678,0.1678,0.15713,0.16037,3017792.9530691
2019-12-31,0.16001,0.16326,0.1571,0.16094,1674685.43517245
2020-01-01,0.1601,0.16411,0.1591,0.16137,1142448.70885836
2020-01-02,0.16075,0.16167,0.15638,0.15845,1736463.837822
2020-01-03,0.15825,0.16789,0.156,0.1671,3060516.97263555
2020-01-04,0.1671,0.174,0.16514,0.17347,1650392.58222055
2020-01-05,0.17301,0.1746,0.16739,0.17199,3400668.47840443
2020-01-06,0.1718,0.185,0.17157,0.18275,4793041.07584026
2020-01-07,0.18275,0.19665,0.18248,0.18675,5569486.86210826
2020-01-08,0.1867,0.19075,0.17778,0.18015,4650156.75903082
2020-01-09,0.18015,0.18235,0.175,0.17724,2814583.08543767
2020-01-10,0.1772,0.18999,0.17119,0.18935,4911799.69891464
2020-01-11,0.18996,0.19455,0.184,0.1913,5622990.15816892
2020-01-12,0.19127,0.19235,0.1874,0.19148,1479303.14472709
2020-01-13,0.19182925,0.19182925,0.18577,0.18798,1052527.54785663
2020-01-14,0.18781,0.2172,0.18779,0.20987,12306970.96624271
2020-01-15,0.20942059,0.23191,0.20591,0.23139,7627242.96451992
2020-01-16,0.23136,0.232,0.21507,0.2271,3718854.1842659
2020-01-17,0.22788,0.2579,0.2202,0.2368,11562073.79263375
2020-01-18,0.23662,0.25404,0.22915,0.24487,6016732.45400512
2020-01-19,0.24468529,0.24979,0.227,0.2463,5853763.72423311
2020-01-20,0.24716,0.2561,0.23583,0.25147,4277865.00296259
2020-01-21,0.2511,0.2539,0.24,0.25,2689879.37843497
2020-01-22,0.24962,0.2539,0.24309,0.2487,2226497.78737934
2020-01-23,0.24919,0.2492,0.2305,0.23414,3725301.249522
2020-01-24,0.23499,0.2395,0.2258,0.23644,2572912.24643059
2020-01-25,0.23643,0.23643,0.22803,0.23326,1258937.55137078
2020-01-26,0.23255,0.24464,0.23085,0.24403,2503650.0762393
2020-01-27,0.24464,0.25266,0.24301,0.25266,3830702.06846563
2020-01-28,0.25128485,0.2883,0.249,0.2883,10158586.52501925
2020-01-29,0.28615,0.30614,0.2787,0.29749,10860515.7385716
2020-01-30,0.2975,0.3,0.27856,0.29244,9280894.04740788
2020-01-31,0.29244,0.295,0.28226,0.29348,3105753.58070935
2020-02-01,0.2927,0.30391,0.28991,0.30348,2214913.4836126
2020-02-02,0.30354,0.31569,0.29015,0.30608,4545819.31258007
2020-02-03,0.30603,0.36971,0.305,0.32999,20418196.69623794
2020-02-04,0.32999756,0.34021,0.31139,0.329,7360884.65450231
2020-02-05,0.33007,0.34277,0.31631,0.3246,11483181.58233546
2020-02-06,0.32465,0.34499,0.323,0.33021,4515461.08920106
2020-02-07,0.33002,0.33222,0.31788,0.32093468,3970876.58959026
2020-02-08,0.32093,0.3211,0.30109,0.30778796,4124991.10854864
2020-02-09,0.30785,0.32291,0.30785,0.32114,4098976.80398576
2020-02-10,0.32062,0.3275,0.30104,0.31659,8080063.55655218
2020-02-11,0.31766,0.336,0.25,0.333,8534181.35019476
2020-02-12,0.333,0.3526,0.3266,0.33382,6623072.68314664
2020-02-13,0.33313,0.3477,0.31111,0.32109,8301490.52334276
2020-02-14,0.3206,0.325,0.31001,0.32181,5434036.6361083
2020-02-15,0.32204,0.32515,0.2822,0.29071071,7265252.28003813
2020-02-16,0.29069988,0.29737,0.2655,0.2802,5268586.22210606
2020-02-17,0.27975,0.287,0.2602,0.28689,6378441.42673366
2020-02-18,0.28543,0.2948,0.26857,0.2912,3776429.93871457
2020-02-19,0.2912,0.29357,0.259,0.26652,3616883.75573368
2020-02-20,0.26542,0.27072,0.257,0.2653,2481751.1937989
2020-02-21,0.26531,0.27412,0.26252,0.2684,1897539.19517731
2020-02-22,0.26859455,0.27333,0.26376761,0.27048193,1209663.02726541
2020-02-23,0.27048,0.28351,0.27048,0.2795,1989203.06641541
2020-02-24,0.27926,0.28177,0.25567,0.2617646,2561657.88310044
2020-02-25,0.26154848,0.26215,0.246,0.24804,3371613.90989721
2020-02-26,0.24803,0.25013,0.21,0.21989,6980629.83786925
2020-02-27,0.21989,0.23,0.20366,0.2142,6495913.23969982
2020-02-28,0.216,0.22091,0.2031,0.21596,2494577.52919031
2020-02-29,0.21761,0.22118,0.21135,0.21351,1098505.01958293
2020-03-01,0.21337,0.22208,0.20689,0.21131,1698202.62943771
2020-03-02,0.2111,0.22737,0.20927,0.22358,2175168.5190217
2020-03-03,0.22456,0.2289,0.2185,0.22481,1082858.47364067
2020-03-04,0.22479,0.2262,0.21836,0.22219,897242.03777191
2020-03-05,0.22168,0.23749,0.22153,0.22821917,2132709.86239106
2020-03-06,0.228,0.2341,0.22521,0.23384,1266887.50395117
2020-03-07,0.2334,0.23794,0.22268,0.2236082,1220707.64693999
2020-03-08,0.22360821,0.22360821,0.18997,0.19167786,6163954.23321865
2020-03-09,0.19166648,0.19924,0.18011,0.19281159,6473773.1258144
2020-03-10,0.19299395,0.20067,0.1871,0.1977,2035629.10169634
2020-03-11,0.19789,0.2015,0.18422,0.19575,2355175.78538781
2020-03-12,0.19662,0.19662,0.10764,0.1098,27703287.10096535
2020-03-13,0.1098645,0.143,0.075506,0.13057,25264240.32728528
2020-03-14,0.12996,0.13223,0.11845,0.12474,5125521.8421625
2020-03-15,0.12537,0.13382,0.11884,0.12187484,5040380.77134867
2020-03-16,0.12181779,0.12181779,0.092081,0.11034,9847658.19764951
2020-03-17,0.11035,0.12639438,0.10838,0.12219,4243134.26191901
2020-03-18,0.12177475,0.129,0.1131,0.12629,3958244.20043744
2020-03-19,0.12599,0.1575,0.12364,0.15006,8604990.18045778
2020-03-20,0.14882348,0.16399,0.12585,0.1416,10183818.95162209
2020-03-21,0.14119,0.14788,0.1305,0.13895,3283339.14675525
2020-03-22,0.13799,0.14263,0.12463,0.12598,3483704.17858056
2020-03-23,0.12601,0.14521,0.12368,0.14350684,5272344.66758951
2020-03-24,0.14337,0.14616,0.13797,0.14468536,2792082.41535667
2020-03-25,0.14465266,0.1467,0.13644,0.14070538,1737324.58790769
2020-03-26,0.141,0.14563,0.13805,0.14508258,2390494.53845448
2020-03-27,0.14499094,0.1506,0.13363,0.13608,4438778.11628301
2020-03-28,0.13591,0.1416,0.13065268,0.13923,4485668.64547612
2020-03-29,0.13903,0.13997487,0.13108,0.13217664,3212844.40650314
2020-03-30,0.13235,0.14665,0.13196,0.14123,3084735.18362208
2020-03-31,0.14192,0.14634,0.14048,0.14426732,1513186.39575349
2020-04-01,0.14401,0.14855,0.13754,0.14731,2634658.92813906
2020-04-02,0.14845,0.15549327,0.14452,0.14819,3551674.34833854
2020-04-03,0.14818,0.15523,0.14677,0.14913,2190021.43880329
2020-04-04,0.14918,0.1536,0.146,0.14979,1601857.58282342
2020-04-05,0.15010297,0.15032,0.14516,0.14867,1273860.10052413
2020-04-06,0.14842311,0.16678,0.14811,0.16678,3555876.09035432
2020-04-07,0.16678,0.17614,0.15972,0.16384492,5230648.45805107
2020-04-08,0.16379761,0.17278,0.16253,0.17131,2079987.10691257
2020-04-09,0.17163009,0.17342,0.16626,0.17281,1783805.50252707
2020-04-10,0.17296,0.17296,0.1526,0.16087,4868232.79226526
2020-04-11,0.1613,0.16439,0.15536,0.15962042,1269857.02318753
2020-04-12,0.15978,0.16741,0.15692441,0.16087,1754646.0166905
2020-04-13,0.16081,0.16103,0.15483,0.15922,1680120.37824427
2020-04-14,0.16,0.16328,0.15562,0.15825,1080956.62554757
2020-04-15,0.15786236,0.15967,0.147,0.14795,2493295.93168699
2020-04-16,0.14765623,0.16049,0.14258,0.15712,4051305.65815222
2020-04-17,0.15787,0.15997,0.15477,0.15623,1552523.08179118
2020-04-18,0.1562,0.165,0.15559,0.16315,2342198.86782845
2020-04-19,0.16309,0.16309,0.154,0.15634,2107366.84776362
2020-04-20,0.15602113,0.1608,0.14623,0.1489,6286211.30153941
2020-04-21,0.1489,0.15336,0.14755,0.15129,1436449.19099642
2020-04-22,0.15196,0.15766,0.15075,0.15673,1222503.2683576
2020-04-23,0.1564,0.1645,0.15288,0.159,3341542.31829497
2020-04-24,0.15992,0.16839,0.15992,0.16819,2836506.96943557
2020-04-25,0.16786,0.173,0.16601,0.16967,1632694.83005967
2020-04-26,0.16948419,0.17809,0.16932,0.176,2471266.43635931
2020-04-27,0.1765,0.1765,0.16646,0.17438,1628798.54766627
2020-04-28,0.17448,0.17454,0.16807,0.17441,2015483.4701166
2020-04-29,0.17453,0.1888,0.17422,0.18561,5336814.03644475
2020-04-30,0.18575,0.19158,0.17174,0.1772,6476359.98187177
2020-05-01,0.17709,0.18794,0.17665,0.18223,1864210.88969601
2020-05-02,0.18177,0.19225,0.18157837,0.19109,2739354.55550048
2020-05-03,0.19109,0.1943,0.1791,0.18281,1915888.93024002
2020-05-04,0.18324,0.18771,0.172,0.18197,2871030.7261355
2020-05-05,0.18156,0.18796,0.18021,0.1875,2394937.43130753
2020-05-06,0.18783,0.18952,0.17762,0.17824,2234317.71184746
2020-05-07,0.17806,0.18882,0.17684,0.18445,2797506.77826087
2020-05-08,0.18517,0.20691,0.1811,0.20167,6608365.09359451
2020-05-09,0.20167,0.21684,0.1967,0.19758,4686750.95445872
2020-05-10,0.19757,0.19757,0.16622,0.18346,13076582.34503277
2020-05-11,0.18382,0.18579,0.1708,0.17731,2896420.85865899
2020-05-12,0.17791,0.18988,0.17618,0.18548,3473115.53348195
2020-05-13,0.1859,0.19695,0.1845314,0.1928,4567192.8574249
2020-05-14,0.1939,0.21266,0.18774,0.20811,5732907.1405334
2020-05-15,0.20802,0.21074353,0.197,0.19719,8387703.16695678
2020-05-16,0.1973,0.20206,0.1949,0.19695,705471.65091745
2020-05-17,0.19611,0.20602,0.19599,0.19922,1171379.63554135
2020-05-18,0.19902564,0.20643,0.1986,0.20395,1238742.92794678
2020-05-19,0.20421,0.20421,0.19904,0.20219,1053535.52244009
2020-05-20,0.20264372,0.20558,0.19550082,0.1994,1728078.09879223
2020-05-21,0.19916552,0.20071,0.18101,0.18841543,3433684.09610194
2020-05-22,0.18741808,0.20484,0.18506,0.20147,3888096.74276751
2020-05-23,0.20147,0.20924,0.19855,0.19947,2393598.41633411
2020-05-24,0.19916882,0.20275,0.1898,0.1911,2250286.01148902
2020-05-25,0.18971,0.19741,0.18870909,0.19693,1109729.54629786
2020-05-26,0.19737237,0.19744,0.18902,0.19443,1004495.9983115
2020-05-27,0.19444,0.2001,0.19291,0.19646,1855704.72303594
2020-05-28,0.19654,0.20469,0.1944,0.20366,1335023.4642069
2020-05-29,0.20382,0.2048,0.19568,0.20153,1379034.30578705
2020-05-30,0.20153,0.21934,0.19961,0.21888577,5009919.96571592
2020-05-31,0.21888577,0.24165,0.21399,0.22068,5757011.77744219
2020-06-01,0.2208,0.2384,0.22,0.23462,2262888.2932444
2020-06-02,0.23477459,0.2477,0.21763,0.23466,4036958.60727425
2020-06-03,0.23461,0.25069,0.23045,0.25018,2772368.4578119
2020-06-04,0.25018,0.257,0.23607,0.24902871,3204368.00412916
2020-06-05,0.24935,0.25438,0.23901,0.23996694,2417498.47663025
2020-06-06,0.23995,0.248,0.23559,0.24367,916349.55238826
2020-06-07,0.24192,0.24693,0.23179,0.23994,1556632.57818091
2020-06-08,0.24011,0.24268,0.23549,0.24085,1302091.23038575
2020-06-09,0.24081,0.25093595,0.23579,0.247,2960811.49543232
2020-06-10,0.2469,0.25121,0.24036938,0.25091,1275646.88509981
2020-06-11,0.251,0.25121,0.21825,0.22256,4198103.81040794
2020-06-12,0.22278,0.23039,0.21826,0.22517,2209272.04517598
2020-06-13,0.22441136,0.22991,0.22228,0.22968,919274.16839695
2020-06-14,0.22958,0.23018,0.22084,0.22291,984738.2352192301
2020-06-15,0.222,0.22261,0.20317,0.21865,2592060.94414839
2020-06-16,0.21866,0.22188,0.21547,0.21978,1500796.32112644
2020-06-17,0.21829,0.23036,0.21829,0.2247,1857292.83497296
2020-06-18,0.22462,0.22731,0.222,0.22362,438915.00290296
2020-06-19,0.22313,0.22349,0.21829,0.21872,646488.13034921
2020-06-20,0.21926,0.22116,0.21211,0.21663,1024228.42363004
2020-06-21,0.21727,0.22147,0.21652,0.21734,412449.4715914
2020-06-22,0.21724,0.23532,0.21724,0.23164,2318328.47503995
2020-06-23,0.23213,0.23273,0.22714,0.22934,511701.64399548003
2020-06-24,0.22961,0.2344,0.21401,0.22094,2175852.04542321
2020-06-25,0.21925,0.22353,0.21035,0.22068,1582408.01383186
2020-06-26,0.2205,0.22091,0.21134,0.21552,722873.84254917
2020-06-27,0.21543,0.21727,0.19602,0.20354,2123790.37703441
2020-06-28,0.20354,0.21291,0.20111,0.20896,634497.61615045
2020-06-29,0.20944,0.21576,0.20445,0.2154,688549.57625303
2020-06-30,0.21534,0.22728,0.21099,0.22728,2351862.41607397
2020-07-01,0.22663,0.23385,0.22247,0.2295,1862361.22098289
2020-07-02,0.2299,0.23993,0.21965,0.23146,3789679.96227569
2020-07-03,0.22922,0.23297,0.22329,0.22385,875472.28288899
2020-07-04,0.22651,0.24155,0.22597,0.2372,1229711.48996629
2020-07-05,0.23934,0.24097,0.228,0.23568,1080240.81374093
2020-07-06,0.23635,0.2469,0.23507,0.24606,2528742.40495005
2020-07-07,0.24606,0.24699,0.23856,0.24382,1266554.10056514
2020-07-08,0.24417,0.26,0.24266,0.2545,5844924.48532833
2020-07-09,0.25446,0.2677,0.24801,0.2546,2982208.10641714
2020-07-10,0.25406214,0.25406214,0.24016,0.25169,1610012.04605071
2020-07-11,0.25168,0.2531,0.24548,0.24916,1198617.71085928
2020-07-12,0.24917,0.25237,0.2453,0.25075,690529.20470928
2020-07-13,0.25075,0.26149,0.24385,0.24884,2203260.58967844
2020-07-14,0.24877,0.25339,0.24375,0.2491,1196705.08564431
2020-07-15,0.24958,0.2505,0.24418,0.24545,506472.63684427
2020-07-16,0.2444,0.24619,0.22893,0.241,2461229.22198026
2020-07-17,0.24101,0.24179,0.23821,0.24067,338432.42972216
2020-07-18,0.24083,0.24189,0.23869,0.23903654,220668.23928938
2020-07-19,0.24022,0.25,0.23818,0.24889,601778.84026516
2020-07-20,0.24848,0.255,0.24628,0.25068,1402118.06648936
2020-07-21,0.25056,0.27079,0.25011,0.26464,3343779.86791415
2020-07-22,0.26569,0.2805,0.26367,0.2786,3418805.51007376
2020-07-23,0.27881,0.28358,0.27395,0.2786,1653121.5834464
2020-07-24,0.27721,0.27721,0.26524,0.26783,2019361.1250767
2020-07-25,0.26784,0.2784,0.26784,0.2761,1209099.18669648
2020-07-26,0.27585,0.28299,0.26786,0.26923,2459952.76166682
2020-07-27,0.26905,0.2767,0.2547,0.27270642,3538467.27086819
2020-07-28,0.27216,0.28142,0.26632073,0.27199,3445000.20180093
2020-07-29,0.27341,0.29212,0.27191,0.28583,2173855.96034734
2020-07-30,0.28532,0.30525,0.28278,0.30153,3923085.08712733
2020-07-31,0.30122,0.30284,0.29401,0.30023,1114952.38375292
2020-08-01,0.3009,0.31418,0.29464,0.31299,4601362.4523812
2020-08-02,0.31295,0.32079,0.2757,0.28912,8632690.28705782
2020-08-03,0.28748,0.30472,0.28578,0.29967,1185098.19218146
2020-08-04,0.2997,0.30971,0.29779,0.30608,1433315.36436843
2020-08-05,0.3063,0.31074821,0.3014,0.30586,1498246.4572013
2020-08-06,0.30468309,0.32,0.29906,0.31412,3067155.62367049
2020-08-07,0.31481,0.32835,0.30821,0.31686,2816830.7694026898
2020-08-08,0.31614,0.33213,0.31338,0.32892,3122763.17256896
2020-08-09,0.3298,0.34536,0.32943947,0.34536,4356138.62621886
2020-08-10,0.34536,0.3773,0.34085,0.3773,6115007.79974583
2020-08-11,0.3772998,0.40494,0.35412,0.36544,15843406.04628868
2020-08-12,0.36449097,0.38081,0.34501,0.37344,2367552.67049623
2020-08-13,0.37487,0.39853,0.36557791,0.37716,2259235.29322653
2020-08-14,0.37702,0.41235,0.375,0.40568,3114934.24086265
2020-08-15,0.40717,0.4268,0.39256,0.41981506,3991622.07595934
2020-08-16,0.41861,0.4284,0.402,0.42443,2217205.66366187
2020-08-17,0.42443,0.4262,0.407,0.41171,1506593.01750901
2020-08-18,0.41298,0.41849,0.381,0.39358,2821451.48226293
2020-08-19,0.39433,0.40009,0.35934,0.3727,3058259.25043273
2020-08-20,0.37584,0.399,0.36801,0.399,1904904.53546259
2020-08-21,0.39791,0.44,0.37157,0.37194,8256579.90728196
2020-08-22,0.37201,0.40438,0.36309,0.4038,2385460.93770897
2020-08-23,0.404,0.40585,0.37718,0.38632,932462.94753865
2020-08-24,0.38529,0.4002,0.37623,0.39302,1021534.98075589
2020-08-25,0.39302,0.3937,0.35,0.36388,3035555.91592628
2020-08-26,0.36137,0.36411,0.34633,0.35538,3069593.28410897
2020-08-27,0.35487,0.3589,0.32023,0.33831,2869331.38910167
2020-08-28,0.33831,0.35455,0.33284,0.35022,1187588.00943016
2020-08-29,0.34998,0.37399,0.3455,0.36818,1945146.44682528
2020-08-30,0.3683,0.37599,0.35655,0.36514,922919.84811279
2020-08-31,0.36498,0.37148,0.35498,0.362,1891876.87766871
2020-09-01,0.36280375,0.38263,0.35736,0.36516,2958947.09896785
2020-09-02,0.36592,0.36792,0.3203,0.3381,3133220.87422827
2020-09-03,0.3369,0.34117,0.26137,0.27626,6614148.90614339
2020-09-04,0.27481,0.2988,0.26677,0.28982,3927059.2588257
2020-09-05,0.29051,0.29826,0.25002,0.26497,4192057.81327571
2020-09-06,0.26497,0.2948,0.25458,0.28681,2073857.51251591
2020-09-07,0.28764,0.28981,0.26342,0.28351,2347328.626889
2020-09-08,0.28351,0.29725,0.2669,0.27601,1511738.25919442
2020-09-09,0.2761442,0.29502,0.27237,0.28678,1492286.11898081
2020-09-10,0.28696,0.30367,0.28683,0.29949,1761099.25281288
2020-09-11,0.29938,0.3001,0.28051,0.29114,1693287.87583325
2020-09-12,0.29158,0.2997,0.28153,0.29856,1333956.32930577
2020-09-13,0.29692,0.301,0.27302,0.28029,2878994.48337421
2020-09-14,0.28012,0.29244,0.27307,0.28296,1788922.12470068
2020-09-15,0.28283,0.28932,0.27282821,0.27421,1901706.07022095
2020-09-16,0.27317,0.28078,0.269,0.272,781520.74593974
2020-09-17,0.27147132,0.28505,0.26901,0.27974,1633004.1609316801
2020-09-18,0.28226318,0.28226318,0.27,0.27076,1228614.95632729
2020-09-19,0.27339,0.28038,0.27116,0.272,919832.88293609
2020-09-20,0.272,0.272,0.2563,0.26398,1928944.27350596
2020-09-21,0.2634,0.26822,0.234,0.24011,2813285.83603291
2020-09-22,0.24027,0.24717767,0.23156,0.24299,1245689.48110703
2020-09-23,0.24497,0.25329,0.23028,0.23415,1186756.01946397
2020-09-24,0.233,0.2523,0.2307,0.24713,795486.26021768
2020-09-25,0.24688,0.26275,0.24,0.25619,1067895.94821063
2020-09-26,0.25608,0.26528,0.25099,0.26425,468787.22771222
2020-09-27,0.26457,0.26736,0.25155,0.26062,936852.09481419
2020-09-28,0.261,0.28315,0.261,0.2699,1489002.41318273
2020-09-29,0.26871197,0.27876,0.26291,0.27372,560411.233393
2020-09-30,0.27376,0.28769,0.26442023,0.28281,1560500.48602169
2020-10-01,0.2844,0.28879,0.26372,0.2717,2920259.57681285
2020-10-02,0.27225,0.27881095,0.25404,0.26978,2091103.70295823
2020-10-03,0.26888,0.28051,0.26604206,0.26604206,1878908.4226696899
2020-10-04,0.26604206,0.27671,0.2645,0.27524,691865.21111545
2020-10-05,0.27648,0.27798,0.26802,0.27245,1559575.18621311
2020-10-06,0.27148,0.27244,0.25144,0.25445,1722849.21602211
2020-10-07,0.25302,0.25919,0.24472,0.25771,938488.92073165
2020-10-08,0.25768044,0.26303,0.2475,0.26303,766819.59313172
2020-10-09,0.26302,0.27159,0.26034,0.27088,1292377.75889896
2020-10-10,0.27105,0.27737,0.268,0.27292092,1408925.66492422
2020-10-11,0.27273,0.286,0.27074,0.28249,1459964.35063133
2020-10-12,0.28247,0.29558,0.27367,0.28967,1863897.06655075
2020-10-13,0.29021,0.29440077,0.28001,0.28459,915462.98218582
2020-10-14,0.28446,0.28829913,0.26965584,0.27392,1725923.23229696
2020-10-15,0.27381,0.27822,0.26518,0.27674,860197.06024824
2020-10-16,0.27651,0.28287,0.26196,0.26428,1479876.48661442
2020-10-17,0.26462,0.27236,0.262,0.26923,404669.10614204
2020-10-18,0.26923,0.27483,0.26919,0.27217,334338.9160995
2020-10-19,0.2727,0.2809,0.26677,0.27663,1635960.11740461
2020-10-20,0.27658,0.27658,0.26307,0.26479,1645315.38451549
2020-10-21,0.26468,0.28528,0.26338,0.281,2097510.40467852
2020-10-22,0.28103,0.29198116,0.28069,0.2828,1506980.10118851
2020-10-23,0.28315,0.28315,0.27126,0.27676,2464827.88049798
2020-10-24,0.27696,0.28883,0.27468,0.28818,859456.52730249
2020-10-25,0.28812,0.29007,0.2766,0.27901,1553863.8510889
2020-10-26,0.27901,0.28612,0.26801,0.27472,2165192.42393752
2020-10-27,0.2744,0.28541,0.27257,0.27701,1801401.94245976
2020-10-28,0.27753,0.27922,0.2639,0.26863,1731953.7844735
2020-10-29,0.26928,0.27315,0.25432,0.26013,1562737.98208007
2020-10-30,0.2598,0.26169,0.24888,0.25748,1236576.96370058
2020-10-31,0.25748,0.26325,0.25343,0.25391,406296.33362877
2020-11-01,0.25395,0.25602,0.24823,0.252,505147.62622756
2020-11-02,0.252,0.25952,0.245,0.24747,745190.78697848
2020-11-03,0.24733,0.24907257,0.23606843,0.24783921,1889543.17774717
2020-11-04,0.24663,0.25046,0.22653,0.23581,2041671.42221844
2020-11-05,0.23603,0.2525,0.23,0.249,1841456.14082565
2020-11-06,0.24941,0.26955,0.24861,0.2669,2355049.41398995
2020-11-07,0.26691792,0.2777,0.25101,0.25708,1804998.20774194
2020-11-08,0.25680668,0.26873,0.25401,0.26699,1013094.34513588
2020-11-09,0.26641,0.26775,0.246,0.25271,1530620.39495138
2020-11-10,0.25186,0.258,0.25,0.25456277,914269.17762566
2020-11-11,0.25466,0.264,0.25122,0.25272,1990723.48594756
2020-11-12,0.25268,0.25939,0.24726,0.24899,1492634.28745876
2020-11-13,0.24826,0.2586,0.24755,0.25674,657277.5451005
2020-11-14,0.25773,0.25923,0.24615,0.25143,847640.14272828
2020-11-15,0.25188094,0.258,0.24614,0.25011,389834.84730758
2020-11-16,0.24934,0.26,0.24836,0.25476,1048215.87601747
2020-11-17,0.25463,0.27,0.25463,0.26658,2405996.53941919
2020-11-18,0.26637,0.27,0.24951,0.2554,2450182.85693594
2020-11-19,0.2554,0.2554,0.25,0.25339546,739241.96696097
2020-11-20,0.2535228,0.26573,0.25215,0.26573,2528126.2382777
2020-11-21,0.26573,0.3264,0.26573,0.32406,11107760.46943554
2020-11-22,0.32452676,0.337,0.2901,0.31801,9700329.99448713
2020-11-23,0.31729514,0.36362,0.31031,0.36043,9995339.58871429
2020-11-24,0.3609,0.4297,0.34731,0.38254,12457622.315309219
2020-11-25,0.38382,0.40375,0.3371,0.35649,7361131.0664094
2020-11-26,0.35514,0.35987,0.275,0.30461,16328780.6624804
2020-11-27,0.30443,0.3244,0.29085,0.3122,3057730.80261228
2020-11-28,0.31162,0.35,0.30299,0.33927,3893559.65273418
2020-11-29,0.33943,0.35378,0.32746,0.3421,3274756.64417621
2020-11-30,0.34258975,0.365,0.33239,0.35355,5181560.13367931
2020-12-01,0.35341,0.36614,0.31655,0.32738,6496844.94103614
2020-12-02,0.32442,0.3467,0.321,0.34368,1755289.35730004
2020-12-03,0.3436,0.35651,0.33897,0.34955,1535849.04532364
2020-12-04,0.34955,0.35075,0.319,0.32247,2598518.03069014
2020-12-05,0.32247,0.34738,0.31775,0.34091,1329347.64882138
2020-12-06,0.34204,0.34763,0.32599,0.34061,1619727.50822701
2020-12-07,0.34064,0.34171,0.30757,0.31884,4127566.40676714
2020-12-08,0.31896,0.32447,0.29606,0.29906,2552760.89276754
2020-12-09,0.2994,0.31735,0.2856,0.30953,5403838.43974408
2020-12-10,0.30964,0.31011,0.2804767,0.28348,8533867.0326943
2020-12-11,0.28321,0.28329,0.26667,0.27439,3333672.61455043
2020-12-12,0.27435,0.2959,0.27431435,0.28933,3737197.21488941
2020-12-13,0.28924,0.30491,0.28548,0.30014,1714866.10270186
2020-12-14,0.29919,0.30496,0.29125,0.30151,1091090.35320395
2020-12-15,0.30151,0.30872,0.293,0.30489,2354033.36061405
2020-12-16,0.3043,0.3334,0.29556,0.32837,2762268.1077102
2020-12-17,0.32871,0.34416,0.31253,0.3206,5898594.81321104
2020-12-18,0.32024,0.33089,0.31454,0.32398,1619649.15458266
2020-12-19,0.32393,0.35,0.322,0.34236,3465401.46403607
2020-12-20,0.3422,0.34295,0.31689,0.3227,6191377.59357341
2020-12-21,0.32239,0.33093,0.29827,0.305,2593640.99066125
2020-12-22,0.3035,0.31124,0.286,0.30612,1956970.95747053
2020-12-23,0.30609,0.3291,0.24112,0.26363,9641410.87506862
2020-12-24,0.26318,0.29676,0.25750769,0.29407,3183024.52082032
2020-12-25,0.294,0.30938,0.2859,0.29172,2156307.32600529
2020-12-26,0.29233937,0.30242,0.28,0.28400216,1555409.7912969
2020-12-27,0.28521,0.31879,0.27082,0.29953,10718071.43327336
2020-12-28,0.2991,0.318,0.29629,0.30526,2704529.09637596
2020-12-29,0.30555,0.31036,0.28357,0.30199,2188488.73347815
2020-12-30,0.30225,0.30636,0.28904,0.29509,1090164.19705473
2020-12-31,0.29531,0.30551,0.28,0.29661,2428100.83766792
2021-01-01,0.29661,0.30276,0.28815,0.29026,2319616.92411731
2021-01-02,0.29041,0.29638,0.27954,0.28639,2074319.54055244
2021-01-03,0.28651,0.31326997,0.27567,0.30951,7218267.26655052
2021-01-04,0.31023,0.34875,0.28112,0.34226,10497030.66129044
2021-01-05,0.3435,0.38107,0.31308,0.35089,15678354.7613141
2021-01-06,0.35221,0.39162,0.33756,0.37799,14157422.81940617
2021-01-07,0.37784,0.39907,0.3542,0.382,12249881.49467049
2021-01-08,0.38209,0.3839,0.34371,0.37002,7411281.37392675
2021-01-09,0.37012,0.47177,0.37012,0.43601,23989539.88489801
2021-01-10,0.4364,0.47,0.38241,0.42953,12296138.55964575
2021-01-11,0.42929,0.4295,0.3267,0.37,10965153.54980557
2021-01-12,0.36991,0.38566,0.34623,0.35946,3014986.2927003102
2021-01-13,0.36034,0.41579,0.3476,0.41579,4097821.11434659
2021-01-14,0.41402,0.45,0.4002,0.42346751,8774625.15080859
2021-01-15,0.42349,0.45235,0.387,0.42935,11988767.96240308
2021-01-16,0.42935,0.45099,0.415,0.42645,3985929.85640387
2021-01-17,0.42601,0.44559,0.40067,0.43608,6277085.81119072
2021-01-18,0.4368,0.48563,0.41819,0.47496,11468680.94005088
2021-01-19,0.47691,0.50251,0.46119,0.46846,9386283.90213698
2021-01-20,0.46874,0.48599,0.4314,0.46847,6238303.25704974
2021-01-21,0.46965,0.49427,0.41563,0.42051,6948875.4788257
2021-01-22,0.421,0.4723,0.39258,0.45629,5165350.98514167
2021-01-23,0.45437,0.47543,0.43983,0.44809,4612258.67543098
2021-01-24,0.44786,0.4796,0.44262,0.45423,3176658.42582984
2021-01-25,0.45454,0.471,0.42746,0.43072,3258958.94992375
2021-01-26,0.43015,0.43799,0.41384,0.43381126,1411048.26798699
2021-01-27,0.43297312,0.43297312,0.3785,0.39256,3665996.54273845
2021-01-28,0.39248,0.41509,0.38865,0.40248,2464436.22187072
2021-01-29,0.40317,0.42763,0.39312,0.41194,5768876.80110007
2021-01-30,0.41243,0.44413,0.39914,0.42804,2714000.13919022
2021-01-31,0.4293,0.4401,0.39676,0.4068,2981236.63287881
2021-02-01,0.40681,0.42538,0.395,0.41386,3587578.54333623
2021-02-02,0.41435,0.43575,0.40906,0.43014,2523655.80035349
2021-02-03,0.43047,0.455,0.42393,0.45267,2864199.35357245
2021-02-04,0.45284,0.45442,0.42125,0.4384,3010353.58531953
2021-02-05,0.4384,0.52931,0.43673,0.51701,12578230.34028707
2021-02-06,0.51702,0.60999,0.49925,0.56136,14804925.54303329
2021-02-07,0.56301,0.59701,0.52802,0.55799,5870544.09069369
2021-02-08,0.55702,0.73839,0.5441,0.72298,18308454.17659481
2021-02-09,0.72594,0.8092,0.71106,0.75533,16933877.05007572
2021-02-10,0.7562,0.92283,0.71801,0.88781,18749349.12454615
2021-02-11,0.88908,1.297,0.87,1.1759,35472503.48863345
2021-02-12,1.17610417,1.2789,1.087,1.2388,10269961.60252397
2021-02-13,1.23968944,1.41,1.1819,1.311,19821874.39339896
2021-02-14,1.3137,1.3289,1.1321,1.1843,11088486.93851055
2021-02-15,1.1941,1.38,0.95149,1.268,25228686.91029049
2021-02-16,1.2749,1.38,1.2082,1.2616,10953770.01577189
2021-02-17,1.2601,1.34,1.188,1.3029,6513813.57960146
2021-02-18,1.3055,1.5699,1.2811,1.4894,14299424.68539258
2021-02-19,1.4928,1.5872,1.405,1.4918,10088182.72620637
2021-02-20,1.4907,1.555,1.3094,1.3801,9979871.68033045
2021-02-21,1.3819,1.4627,1.331,1.4098,4493061.5541907605
2021-02-22,1.4098,1.4098,1.016,1.3056,22262149.26937528
2021-02-23,1.3086,1.3207,0.88,1.09019414,21598405.59235898
2021-02-24,1.0895,1.3099,1.0281,1.1951,14619024.41017559
2021-02-25,1.1951,1.2475,1.0904,1.1021,6088638.65104751
2021-02-26,1.101,1.1777,1.0215,1.1157,5389768.85532145
2021-02-27,1.1172,1.2298,1.117,1.1501,4660233.40005086
2021-02-28,1.1473,1.1575,1.0258,1.125,4004738.98540636
2021-03-01,1.1275,1.2463,1.1218,1.2076,4398672.54610751
2021-03-02,1.2096,1.2275,1.1197,1.1816,3679427.8772625
2021-03-03,1.1815,1.25826572,1.1748,1.2098,6479231.63927538
2021-03-04,1.2058,1.2969,1.17,1.2671,9847972.50920143
2021-03-05,1.2668,1.4422,1.1973,1.329,15703433.73649489
2021-03-06,1.3309,1.3509,1.2793,1.2826,2233333.10598633
2021-03-07,1.2824,1.3461,1.266,1.3149,1949424.41476743
2021-03-08,1.3163,1.34,1.2889,1.3004,1252254.99856288
2021-03-09,1.3037,1.42,1.296,1.4187,5122654.33570226
2021-03-10,1.42,1.425,1.293,1.3055,4237367.09616841
2021-03-11,1.3089,1.531,1.2674,1.3939,8214981.27084167
2021-03-12,1.3953,1.441,1.287,1.3245,4581787.55731677
2021-03-13,1.3242,1.40809211,1.2865,1.3783,2335238.92734643
2021-03-14,1.376,1.3966,1.311,1.311,999466.8871837
2021-03-15,1.3115,1.3589467,1.22020146,1.2836,3972028.60195379
2021-03-16,1.2833,1.3902,1.273,1.3345,2620071.30553805
2021-03-17,1.333,1.362,1.295,1.3511,1820058.19665558
2021-03-18,1.3492,1.3661,1.3111,1.3232,1973561.13596163
2021-03-19,1.3231,1.3579,1.3062,1.332,983622.77869709
2021-03-20,1.3337,1.4873,1.3255,1.4063,5735209.3768006
2021-03-21,1.4101,1.4451,1.3469,1.4088,2582221.42481406
2021-03-22,1.41,1.5616,1.3693,1.4723,5863436.94372005
2021-03-23,1.4719,1.765,1.4599,1.6514,14771667.37750205
2021-03-24,1.6514,1.74,1.35,1.407,7380799.43418851
2021-03-25,1.4076,1.4245,1.2882,1.3409,3771293.54556017
2021-03-26,1.3429,1.4929,1.3429,1.4431,2627907.85352674
2021-03-27,1.4443,1.4713,1.358,1.3984,2376558.30421677
2021-03-28,1.4009,1.4467,1.3678,1.389,1697369.61008917
2021-03-29,1.3874,1.5086,1.3703,1.5086,3224870.72274391
2021-03-30,1.509,1.5782,1.478,1.532,2527134.50448095
2021-03-31,1.5255,1.5578,1.4241,1.5352,3292837.7915844102
2021-04-01,1.5368,1.6443,1.528,1.582,2443879.78383746
2021-04-02,1.5794,1.639,1.55,1.62460965,5073006.18168546
2021-04-03,1.6254,1.6371,1.4746,1.4752,2201299.88807259
2021-04-04,1.4755,1.5631,1.4548,1.554,1155319.76304441
2021-04-05,1.5542,1.7641,1.5156,1.7236,5246049.74497294
2021-04-06,1.7244,1.85,1.6601,1.7992,4367191.52701483
2021-04-07,1.7983,1.8138,1.5718,1.6589,3920186.29694886
2021-04-08,1.6592,1.9331,1.647,1.886,12168112.65954702
2021-04-09,1.8872,1.9951,1.861,1.8673,4930830.72288728
2021-04-10,1.8668,2.0997,1.8308,2.086,11868518.21909648
2021-04-11,2.0836,2.1419,1.9965,2.0934,5882760.3282970805
2021-04-12,2.0989,2.1011,1.9651,1.9955,3405334.2458178
2021-04-13,1.9994,2.2,1.9511,2.1759,5684547.02409445
2021-04-14,2.1783,2.24234017,1.9761,2.1065,5104842.46287735
2021-04-15,2.12204516,2.2195,2.0567,2.1928,2791493.32915964
2021-04-16,2.1932,2.6317,2.1668,2.5206,12719841.0269421
2021-04-17,2.509,2.6,2.3345,2.3368,5379696.74918108
2021-04-18,2.3369,2.425,1.55,2.374,25520195.582602
2021-04-19,2.3749,2.49,2.06,2.0866,13015489.85600343
2021-04-20,2.0927,2.301,1.8355,2.1951,10832654.6938473
2021-04-21,2.2002,2.2821,2.038,2.0627,4825986.46127246
2021-04-22,2.0639,2.1624,1.7602,1.831,8086115.60419024
2021-04-23,1.8283,1.9294,1.5327,1.8789,12920296.973243611
2021-04-24,1.8807,1.8863,1.6446,1.6687,2661071.16823239
2021-04-25,1.6720334,1.814,1.555,1.63908731,3861681.24082569
2021-04-26,1.6404,2.0382,1.6189,1.9882,7077818.51780083
2021-04-27,1.9822,2.212,1.9439,2.1996,4094404.28465136
2021-04-28,2.2,2.29,2.0272,2.1852,4424963.62163118
2021-04-29,2.1854,2.1866,1.9729,2.1,2575428.01953833
2021-04-30,2.1,2.159,2.045,2.1351,2958913.34614622
2021-05-01,2.1363,2.144,2.06,2.1077,1264627.21583954
2021-05-02,2.1112,2.1112,1.9979,2.0459,1686575.63123793
2021-05-03,2.0404,2.1774,2.03760911,2.0799,2261451.39175318
2021-05-04,2.0799,2.0873,1.81176356,1.832,6006884.29850555
2021-05-05,1.83131743,2.041,1.815698,2.0286,3321855.27200008
2021-05-06,2.0232,2.3,1.992,2.2154,6889454.85584054
2021-05-07,2.2154,2.36962505,2.09328571,2.1784,6183525.01123548
2021-05-08,2.1784,2.2431,2.0969,2.1548,1687131.86934145
2021-05-09,2.1494,2.2569,2.0501,2.2569,2235747.6360674
2021-05-10,2.2551,2.29,1.8796,2.005,4725737.08190036
2021-05-11,2.0123,2.1107,1.9447,2.1093,2540754.97964715
2021-05-12,2.107,2.1616,1.737,1.7885,4197338.42334225
2021-05-13,1.78933823,1.9871,1.6706,1.9558,9178918.96860916
2021-05-14,1.9572,2.0158,1.8742,1.9532,1472880.24836126
2021-05-15,1.9504,1.9744,1.8118,1.8542,2016786.83822698
2021-05-16,1.857,2.1706,1.8506,1.9915,6534032.33691685
2021-05-17,1.9915,1.9943,1.7429,1.84457442,6461607.75294866
2021-05-18,1.8496,2.0052,1.81,1.8774,4106506.93554
2021-05-19,1.8777,1.8978,0.565,1.1223,35605398.90380605
2021-05-20,1.1224,1.3916,1.0082,1.3142,22848796.8768274
2021-05-21,1.3117,1.3866,0.91,1.1,13348702.67831856
2021-05-22,1.0994,1.1268,0.94491,1.0177,7376056.49389185
2021-05-23,1.0184,1.0586,0.67398,0.90097,15352821.43598959
2021-05-24,0.90027,1.0898,0.87033,1.0518,9989448.60807202
2021-05-25,1.0508,1.1098,0.965,1.0623,4431294.81633035
2021-05-26,1.0698,1.2704,1.0511,1.2704,6564177.55427581
2021-05-27,1.2704,1.271,1.12,1.1612,5189537.27943828
2021-05-28,1.1631,1.2026,0.9858,1.0339,4836814.71732899
2021-05-29,1.0299,1.1011,0.915,0.96811,4991327.89461057
2021-05-30,0.96764,1.08,0.9114,1.02300546,2669549.86495965
2021-05-31,1.0286,1.1179,0.9774,1.1112,3463059.75305601
2021-06-01,1.1106,1.1617,1.0707,1.1124,2729169.69878162
2021-06-02,1.1158,1.3,1.0951,1.2688,4670547.86038811
2021-06-03,1.2566,1.4148,1.2499,1.3538,4561987.37291233
2021-06-04,1.3644,1.3666,1.1617,1.2496,5810123.23274847
2021-06-05,1.2411,1.3523,1.1694,1.2079,3020392.78449499
2021-06-06,1.20170186,1.2562,1.1911048,1.2416,1151314.26327459
2021-06-07,1.2416,1.32,1.0821,1.0914,2969739.11342759
2021-06-08,1.0892,1.1451,1.0133,1.1372,4078344.55967199
2021-06-09,1.14028648,1.2033,1.0633,1.1754,3085215.02290939
2021-06-10,1.1755,1.1809,1.0764,1.1036,1566123.22841295
2021-06-11,1.10519453,1.1558805,1.0197,1.0358,2255013.69971318
2021-06-12,1.0366,1.0607,0.97429,1.0123,1807985.77679232
2021-06-13,1.01,1.1052,1.0,1.0883,1368411.4998239
2021-06-14,1.0885,1.13432014,1.06,1.1239,1437727.29814825
2021-06-15,1.12380366,1.1693,1.0906,1.1168,1134797.27182789
2021-06-16,1.1136,1.1277,1.0459,1.0584,1070865.89629832
2021-06-17,1.06,1.1123,1.0599,1.0932,1158909.97607216
2021-06-18,1.0878,1.0922,0.9857,1.0093,2193086.58396901
2021-06-19,1.0088,1.0181,0.96,0.96369,885246.07959931
2021-06-20,0.96001017,0.97602,0.87402,0.95955,2413729.56896738
2021-06-21,0.95827,0.96042,0.74343,0.75121,5773075.1412236
2021-06-22,0.75252,0.80172,0.61947,0.71227,11282435.89806667
2021-06-23,0.71281705,0.83149,0.68397,0.7901,6912506.41273366
2021-06-24,0.78989,0.8408,0.74471,0.83486,3656176.10839918
2021-06-25,0.83512089,0.8529,0.7521,0.76676,3199123.3996102302
2021-06-26,0.76584,0.79172,0.72787,0.78098,2266623.48330587
2021-06-27,0.78057,0.79729,0.74141,0.79128,1678755.86937777
2021-06-28,0.79265,0.83075,0.78443,0.8125,2063907.97637785
2021-06-29,0.81489,0.88674,0.81145,0.83793,1869134.58313958
2021-06-30,0.84053,0.86948693,0.80485,0.86135333,1175854.64708879
2021-07-01,0.86156,0.86156,0.77188,0.79607,3034393.04918599
2021-07-02,0.79556,0.8286,0.75861,0.82392,2012940.67561135
2021-07-03,0.82392,0.84067186,0.79678,0.827,1020706.91721163
2021-07-04,0.827,0.86895,0.79604,0.84135,1572549.39329831
2021-07-05,0.83575133,0.86337643,0.8038,0.81713,3631421.52845376
2021-07-06,0.81727,0.87888,0.81727,0.84776,4554496.70083917
2021-07-07,0.84735,0.9284,0.83645,0.88439,2704766.80849979
2021-07-08,0.88,0.8849,0.79916,0.81198,3739661.8048896
2021-07-09,0.81197,0.83559,0.76823,0.81661,4893453.80814594
2021-07-10,0.81607,0.82861,0.77139,0.78579,2054942.89785027
2021-07-11,0.78623,0.84065,0.77328,0.83053,3006527.82123182
2021-07-12,0.83053,0.8358,0.77218,0.78852,3842533.53177994
2021-07-13,0.78747,0.805,0.72863,0.74825,5194276.92480434
2021-07-14,0.74765,0.74979,0.69463,0.73055,5221517.30783758
2021-07-15,0.73141,0.74042,0.67772,0.689,4545589.7932337
2021-07-16,0.68953,0.70978,0.64641,0.64972,7000551.37512659
2021-07-17,0.65109,0.70677,0.64435,0.6832,5764634.53182824
2021-07-18,0.68407,0.70669,0.66108,0.67552,4812157.11060624
2021-07-19,0.67675,0.67824624,0.61816,0.61989,5049283.34204343
2021-07-20,0.61956,0.63166,0.57,0.58667,7296243.79866498
2021-07-21,0.58438,0.64688,0.56933,0.63848,6812782.04639516
2021-07-22,0.63968,0.65292,0.62192,0.64513,3228515.21677699
2021-07-23,0.6454,0.68082,0.63557,0.67271,4415781.63755415
2021-07-24,0.67422,0.7343,0.67152,0.7227,2115771.21694231
2021-07-25,0.7227,0.75252,0.70054,0.73323,1594986.74378845
2021-07-26,0.73331,0.8196,0.72548884,0.75054,5192038.45034787
2021-07-27,0.74842,0.88,0.7245,0.86643,3853897.94067253
2021-07-28,0.86511,0.87,0.81706,0.83039761,2169907.10671496
2021-07-29,0.83041,0.86597,0.81086876,0.83662493,1371252.75297547
2021-07-30,0.84032,0.8511,0.77564,0.82067,2865688.24323885
2021-07-31,0.82067,0.91978,0.81041,0.91633,3297678.9185456
2021-08-01,0.91532,0.94441,0.855,0.87192707,3554256.77422988
2021-08-02,0.87060275,0.91325,0.85413,0.88349,1670243.90815527
2021-08-03,0.88303,0.89366,0.83748,0.83999,1342924.56268397
2021-08-04,0.84,0.8759,0.8254,0.86348,1467874.33506021
2021-08-05,0.86517312,0.87814,0.81732,0.87265,2247312.91451227
2021-08-06,0.87239363,0.932,0.84175,0.90722,1563791.23444031
2021-08-07,0.90498,0.94738,0.8917,0.92566,1349743.98210199
2021-08-08,0.925,0.93424,0.84827,0.86928,3841982.26026182
2021-08-09,0.8705,0.9205,0.84227,0.91240664,1655370.7925509799
2021-08-10,0.91098,0.98462,0.89412,0.96842,2307195.84103858
2021-08-11,0.96778,1.0694,0.9566,1.0418,5513381.31158219
2021-08-12,1.0418,1.0995,0.9633,1.038,5000452.2217508
2021-08-13,1.03782366,1.1123,1.02,1.1027,5058419.94515838
2021-08-14,1.104,1.1633,1.0761,1.1547,4632332.2963019
2021-08-15,1.1528,1.174,1.0897,1.1624,1686945.71797353
2021-08-16,1.1627,1.2152,1.09800407,1.10310954,3642453.5956257
2021-08-17,1.1076,1.1429,0.9992,1.0191,4968027.43634618
2021-08-18,1.0179,1.0561,0.96165,0.99708,3670316.16513728
2021-08-19,0.99965,1.0573,0.95379,1.05629724,2751880.36952727
2021-08-20,1.0572,1.1174,1.0357,1.1057,2585883.83013354
2021-08-21,1.1042,1.1187,1.05788021,1.0697,3075822.22722422
2021-08-22,1.0694,1.16770418,1.0644,1.1666,2910410.54440925
2021-08-23,1.1635,1.1885,1.1242,1.1521,1989354.56134923
2021-08-24,1.1521,1.1727,1.0511,1.0574,3290276.79996301
2021-08-25,1.0566,1.0879,1.005,1.0795,2003808.11720769
2021-08-26,1.0804,1.0906,0.96171752,0.96926,2674426.67289746
2021-08-27,0.97055,1.0459,0.93965,1.0434,1759926.507112
2021-08-28,1.0428,1.0463,1.0031,1.0125,760541.33877189
2021-08-29,1.0144,1.0345,0.98164,1.0056,700561.34607691
2021-08-30,1.0042,1.0218,0.9567,0.96698,1972017.85476962
2021-08-31,0.96618,1.0264,0.95279,0.99142,1786197.27135895
2021-09-01,0.99177,1.16,0.96252,1.1414,20076885.6116845
2021-09-02,1.1425,1.6524,1.1334,1.5531,27997087.2244108
2021-09-03,1.5529,1.6571,1.4964,1.5687,6757382.73834636
2021-09-04,1.5674,2.0838,1.55,1.9862,21840572.47902326
2021-09-05,1.9889,1.9889,1.7298,1.8059,10399185.44141164
2021-09-06,1.8024,1.98,1.7663,1.8015,9970173.48549687
2021-09-07,1.80001522,1.8758,1.2811,1.5142,15392214.52864516
2021-09-08,1.52,1.7263,1.43,1.5179,7931178.53711726
2021-09-09,1.5231,1.6219,1.4819,1.5661,3443246.31423576
2021-09-10,1.5671,1.7644,1.4951,1.5368,5392904.42591618
2021-09-11,1.5373,1.5675,1.4757,1.5051,1033590.8743703
2021-09-12,1.5045,1.5489,1.4551,1.5132,1215862.66374274
2021-09-13,1.5132,1.5231,1.3096,1.403,3545692.1460932
2021-09-14,1.3991,1.56939231,1.3826,1.5638,4572182.29844674
2021-09-15,1.5666,1.6572,1.5171,1.6083,2234228.06628219
2021-09-16,1.61254963,1.6356,1.4753,1.5253,2176018.518975
2021-09-17,1.52098023,1.753,1.487,1.738,6151697.21664647
2021-09-18,1.7401,1.7412,1.607,1.6582,1631029.4292547
2021-09-19,1.6609,1.661,1.4997,1.5292,2825421.55606769
2021-09-20,1.5293,1.5334,1.2918,1.2994,13835894.50197085
2021-09-21,1.299,1.3463,1.1961,1.2136,14152902.91936302
2021-09-22,1.216,1.3677,1.2135,1.3565,12448340.04161065
2021-09-23,1.3564,1.4,1.3301,1.387,5554895.59897779
2021-09-24,1.3868,1.3904,1.2021,1.2615,11365860.39868791
2021-09-25,1.2627,1.2715,1.2157,1.2236,5127007.93694484
2021-09-26,1.2236,1.2297,1.1178,1.1746,8524603.1808263
2021-09-27,1.1757,1.2184,1.14,1.14,7486750.65355367
2021-09-28,1.1401,1.1564,1.0448,1.0469,9614638.32444101
2021-09-29,1.0469,1.1149,1.02,1.0401,18631444.79355701
2021-09-30,1.039,1.1547,1.01,1.1465,8494457.24959714
2021-10-01,1.1459,1.3482,1.1366,1.3189,6716709.77302075
2021-10-02,1.3185,1.3382,1.194,1.2681,9411098.96590718
2021-10-03,1.26888173,1.3322,1.1881,1.212,22351339.12942803
2021-10-04,1.2122,1.22849651,1.1624,1.1957,5240677.33967113
2021-10-05,1.1952,1.2374,1.1802,1.22826813,3616801.22811589
2021-10-06,1.2299,1.3304,1.1935,1.2844,8089057.56983686
2021-10-07,1.2832,1.2969,1.2447917,1.2763,3963437.55879075
2021-10-08,1.2767,1.3342,1.2652,1.3247,2988908.99744303
2021-10-09,1.3247,1.38,1.2963,1.3789,2829123.58883567
2021-10-10,1.3776,1.4997,1.3615,1.3952,6941870.0941185
2021-10-11,1.3976,1.5699,1.39622898,1.4396,8004780.62131214
2021-10-12,1.4384,1.4384,1.2767,1.33629016,4004526.27244379
2021-10-13,1.3349,1.358,1.3001,1.3567,1411253.6843974
2021-10-14,1.3567,1.3882,1.3378,1.3555,1637805.446946
2021-10-15,1.3554,1.3593,1.26,1.2924,3693832.64106786
2021-10-16,1.2933,1.3388,1.2763,1.2932,2250964.6457847
2021-10-17,1.2946,1.31046256,1.2066,1.2485,3279528.54342797
2021-10-18,1.2486,1.2562,1.2066,1.2417,2281782.60065027
2021-10-19,1.2417,1.2543,1.209,1.2415,1881117.61482529
2021-10-20,1.241,1.3127,1.2218,1.2959,2746589.80047036
2021-10-21,1.2942,1.3168,1.2534,1.2755,2929882.18266193
2021-10-22,1.2781,1.3661,1.2749,1.34357632,3048660.00488085
2021-10-23,1.34497393,1.34765027,1.3022,1.3259,1581290.81447454
2021-10-24,1.3273,1.3551,1.2672,1.3033,1669644.82705303
2021-10-25,1.3028,1.3479,1.2926,1.343,904153.08633521
2021-10-26,1.3434,1.4213,1.3362,1.3691,2572947.72742132
2021-10-27,1.3691,1.3884,1.135,1.1925,6074136.69044859
2021-10-28,1.1945,1.26430429,1.1787,1.2459,1997260.05932493
2021-10-29,1.2441,1.2989,1.2413,1.2966,1384159.88367011
2021-10-30,1.298,1.4371,1.24,1.3921,4850350.5402201405
2021-10-31,1.3902,1.49,1.3257,1.465,5259771.661541
2021-11-01,1.4598,1.4766,1.3629,1.403,2029870.76620936
2021-11-02,1.4018,1.4047,1.3684,1.3934,920391.17602742
2021-11-03,1.3912,1.4012,1.2923,1.3634,3072009.44823983
2021-11-04,1.36496531,1.3849,1.3237,1.3475,1500022.47818282
2021-11-05,1.3477,1.3889,1.3317,1.3744,1733763.81389717
2021-11-06,1.3729,1.3744,1.2875,1.344,1831576.99897706
2021-11-07,1.3422,1.3506,1.3263,1.3437,949508.63843122
2021-11-08,1.3437,1.391,1.3216,1.3847,2841830.07707489
2021-11-09,1.3854,1.45,1.371,1.4089,4006346.1139436
2021-11-10,1.4111,1.4351,1.2129,1.2935,8806017.71652618
2021-11-11,1.2927,1.3466,1.28,1.32928798,2642110.06858522
2021-11-12,1.32656978,1.3356,1.2451,1.2842,1760056.3160515
2021-11-13,1.2823,1.3332,1.2682,1.3162,1920985.14151311
2021-11-14,1.3163,1.3271,1.2806,1.3023,719900.78464979
2021-11-15,1.30358089,1.3371,1.2826,1.3234,1575513.32989798
2021-11-16,1.323,1.4381,1.1237,1.3506,13942545.88800939
2021-11-17,1.3506,1.477,1.2885,1.4437,13214511.96074535
2021-11-18,1.4424,1.4671,1.2285,1.2454,5693952.68395711
2021-11-19,1.2458,1.3155236,1.2138,1.302,3385940.91821471
2021-11-20,1.29912341,1.327,1.2541,1.3089,3195458.37951058
2021-11-21,1.309,1.3798,1.2838,1.3511,2142274.87443522
2021-11-22,1.3482,1.5601,1.2957,1.4257,14782138.76801881
2021-11-23,1.4262,1.466,1.352,1.4586,6305109.38361198
2021-11-24,1.4586,1.5333,1.3801,1.4969,7213034.5839766
2021-11-25,1.4927,1.6573,1.4782,1.5819,6688597.6224852
2021-11-26,1.58542463,1.5906,1.3384,1.3691,8108764.48727535
2021-11-27,1.36694344,1.4203,1.3512,1.37114581,1923981.96368437
2021-11-28,1.3677056,1.3704,1.2401,1.3455,2710492.92407092
2021-11-29,1.3461,1.4236,1.3186,1.4103,3532231.35483699
2021-11-30,1.4161,1.4532,1.355,1.4506,3499507.80801446
2021-12-01,1.45098588,1.4686,1.3666,1.3882,3185262.16084494
2021-12-02,1.3862,1.5454,1.3376,1.5082,6047319.21776977
2021-12-03,1.5112,1.5116,1.356,1.4105,4523152.71305226
2021-12-04,1.4076899,1.4076899,1.0,1.1911,8875625.45676168
2021-12-05,1.1914,1.2229,1.0928,1.1519,3604345.77993081
2021-12-06,1.15312443,1.1754,1.027,1.1706,5056349.40021598
2021-12-07,1.1696,1.2159,1.1493,1.1733,3506144.6596893
2021-12-08,1.1726,1.2198,1.146,1.1953,1759731.3424154
2021-12-09,1.1986,1.234,1.1286,1.1392112,2227034.69463157
2021-12-10,1.1417,1.1922,1.10570142,1.10771252,1771875.80494138
2021-12-11,1.11110231,1.16,1.0892,1.1436,961700.8501127
2021-12-12,1.1434,1.1538,1.111,1.1383,465578.98165804
2021-12-13,1.13925411,1.1461,1.0046,1.03053115,1671066.79282536
2021-12-14,1.0292,1.0702,1.0118,1.0621,1039832.41061802
2021-12-15,1.0612,1.129,1.0,1.10802064,1407923.80106745
2021-12-16,1.1107,1.1889,1.1014,1.1365,1342292.83416726
2021-12-17,1.1385,1.2,1.0829,1.1137,1963586.83285973
2021-12-18,1.115,1.1345,1.09,1.1286,513917.02805259
2021-12-19,1.1282,1.133,1.062,1.0655,1172814.69138705
2021-12-20,1.0665,1.0856,1.0221,1.0812,1466671.58298407
2021-12-21,1.082,1.3245,1.07182244,1.3183,7541208.88263618
2021-12-22,1.3159,1.345,1.257,1.2758,6108086.13993203
2021-12-23,1.2767,1.3188,1.2303,1.2974,2639433.81978585
2021-12-24,1.3001,1.323,1.2545,1.2844,2074795.58836208
2021-12-25,1.2845,1.379,1.2726,1.3245,3671001.59485721
2021-12-26,1.3243,1.461,1.2825,1.3994,3223851.26976008
2021-12-27,1.4023,1.4648,1.383,1.4225,2546831.42899814
2021-12-28,1.4196,1.526,1.3386,1.4293,9435964.49889936
2021-12-29,1.4298,1.55,1.4297,1.48321854,5753553.55262651
2021-12-30,1.48571688,1.5518,1.4201,1.4278192,4096615.11192674
2021-12-31,1.4266,1.4673,1.3445,1.3652,2747842.13142915
2022-01-01,1.3653,1.4295,1.3456,1.4121,1228423.48713019
2022-01-02,1.4123,1.41632187,1.365,1.3748,1039128.51721937
2022-01-03,1.3739,1.405,1.3425,1.3862,1405315.44947381
2022-01-04,1.3862,1.3969,1.2746,1.2777,4417245.47926766
2022-01-05,1.2776,1.297,1.09713948,1.1718,3690439.09957838
2022-01-06,1.171,1.2102,1.1277,1.1859,2689210.29526226
2022-01-07,1.1863,1.1892,1.0868,1.1165,3706729.1780789
2022-01-08,1.117,1.1397,1.03,1.0746,3509112.16431271
2022-01-09,1.0754,1.102,1.034,1.0718,2394627.27565577
2022-01-10,1.0708,1.1217,1.005,1.11214479,4009157.24931587
2022-01-11,1.11390116,1.1528,1.075,1.1418,3204392.09481684
2022-01-12,1.1421,1.1983,1.1347,1.1857,1866113.14356124
2022-01-13,1.1842,1.1995,1.1031,1.1077,2174288.80860347
2022-01-14,1.1093,1.1288,1.0798,1.1218,1683721.53879941
2022-01-15,1.1226,1.1561,1.1176,1.1269,1303314.50267599
2022-01-16,1.1254,1.159,1.1171,1.1369,1908363.68322132
2022-01-17,1.1374,1.19,1.1169,1.1631,1586782.53827906
2022-01-18,1.16207428,1.1942,1.0765,1.1041,1943199.53204384
2022-01-19,1.1038,1.1058,1.04,1.05077203,1216496.80982614
2022-01-20,1.05075866,1.112,1.0115,1.0177,1981955.55649005
2022-01-21,1.01717098,1.0353,0.83711,0.85838202,4514873.75216721
2022-01-22,0.85605948,0.87764,0.69720281,0.7816,6872577.94511666
2022-01-23,0.7812,0.841,0.76888,0.81654,3146188.37643632
2022-01-24,0.81549,0.8155,0.69436,0.79095,4161605.79216838
2022-01-25,0.79167,0.82514,0.7718,0.81111,1300730.68234535
2022-01-26,0.81201547,0.86656,0.79328,0.80336,1964969.08254999
2022-01-27,0.80371,0.83229167,0.77,0.80226,1102872.85099629
2022-01-28,0.80242,0.82215,0.77707,0.81755,683798.26775964
2022-01-29,0.81699,0.8468,0.81505,0.83122,699733.50768506
2022-01-30,0.83064,0.85211,0.8031,0.81604,929515.32833528
2022-01-31,0.81463067,0.83961,0.78510827,0.83532,988844.37565185
2022-02-01,0.83389,0.86493,0.83111,0.84078,967955.10155081
2022-02-02,0.84127,0.91131,0.83387,0.83998,1670754.1456321
2022-02-03,0.84056,0.93152,0.8236,0.92794474,1705012.99492784
2022-02-04,0.9283797,0.96275,0.90398,0.95463,1407592.94498534
2022-02-05,0.95691,0.98115,0.92004,0.95046,777177.027264
2022-02-06,0.94944,0.96147,0.92,0.95954,587167.04855315
2022-02-07,0.9596,1.016,0.93565,1.0,1462543.80967403
2022-02-08,1.0007,1.0106,0.9429131,0.98939,1885244.30107834
2022-02-09,0.98846,1.0554,0.98779,1.02244304,1618025.34949017
2022-02-10,1.02353949,1.024,0.946,0.95025878,1587209.05676109
2022-02-11,0.95039573,0.97755,0.85723,0.87583,1717346.53137272
2022-02-12,0.87475485,0.89736,0.84811782,0.87503,947955.25412652
2022-02-13,0.87453,0.8979,0.84961,0.84968,1635348.18428376
2022-02-14,0.85023,0.86294,0.81565,0.84635,1804613.31323434
2022-02-15,0.8468073,0.90179,0.84613615,0.89941,1562923.60954299
2022-02-16,0.89817102,0.91721,0.87087,0.89419,1165090.1866391
2022-02-17,0.89513,0.91642,0.81034,0.82331716,1950403.44793873
2022-02-18,0.82389,0.84899,0.7955,0.80292349,1171566.49619023
2022-02-19,0.80245392,0.83996,0.78346237,0.82808034,1083004.91710073
2022-02-20,0.82783,0.82783,0.7777,0.78678124,586675.15994364
2022-02-21,0.78746002,0.82559958,0.70829,0.71242277,1641014.94139083
2022-02-22,0.71284,0.75464857,0.69597,0.75207468,1064492.03518668
2022-02-23,0.75309318,0.78203,0.71245,0.71336,1181935.35870028
2022-02-24,0.71351514,0.71765017,0.62111,0.69544,4062851.91737848
2022-02-25,0.69605,0.74735,0.6908,0.74007,1365617.25082613
2022-02-26,0.74004489,0.76663,0.73327,0.74497,1066577.96331348
2022-02-27,0.74558,0.74589,0.69998,0.7111,680019.71042099
2022-02-28,0.71005,0.79802,0.70476,0.79729,938907.7350854
2022-03-01,0.79822,0.81688,0.77537,0.80025,884522.31233245
2022-03-02,0.80086,0.81029,0.76927,0.78879924,496275.11094485
2022-03-03,0.78953771,0.79657,0.7505,0.76034,787609.6198556
2022-03-04,0.76046,0.76391,0.71,0.71038,749682.68933021
2022-03-05,0.71,0.74226,0.69489,0.73702,601717.37114363
2022-03-06,0.73762,0.74697531,0.69281,0.69318,1011613.91446805
2022-03-07,0.69355,0.7308,0.67741,0.69516,811828.74158932
2022-03-08,0.69394,0.72003,0.69143261,0.70581,431936.07627318
2022-03-09,0.70533541,0.745,0.70298504,0.74098,625996.52781124
2022-03-10,0.74093275,0.78798376,0.71118,0.73328,1636612.31419228
2022-03-11,0.73274,0.73363,0.7028,0.71221,579985.38560911
2022-03-12,0.71211,0.72665,0.7005,0.7009,602318.14216252
2022-03-13,0.70097,0.71439,0.67602,0.68237,636015.21691028
2022-03-14,0.68148,0.71439,0.6707,0.71387,1160362.21133309
2022-03-15,0.71349,0.72061,0.68629,0.70432,400361.11557828
2022-03-16,0.70382974,0.72483784,0.68827,0.72365768,532324.93657701
2022-03-17,0.72442,0.72839,0.7098,0.71721,401970.62459474
2022-03-18,0.71655,0.73578,0.6993,0.72912,279332.32649712
2022-03-19,0.72881,0.7574,0.72697,0.75135,474316.76662373
2022-03-20,0.75034,0.78672,0.74227,0.75323,953598.93149123
2022-03-21,0.75278,0.75677,0.72998,0.74527,441010.23063899
2022-03-22,0.74454,0.79562,0.74163,0.77482313,1020497.43254445
2022-03-23,0.77492,0.78971,0.75972,0.78298,1182445.05451319
2022-03-24,0.78339,0.82955,0.76858,0.80501,2000612.28247791
2022-03-25,0.80617,0.81834,0.77299,0.78322,1022269.16470396
2022-03-26,0.78214,0.83249,0.77671269,0.83111,833130.62894676
2022-03-27,0.83097,0.879,0.81847,0.875,1832598.45583662
2022-03-28,0.875,0.90574,0.84116,0.84772,1615557.61695189
2022-03-29,0.84772,0.89894489,0.84287,0.8651,2730218.27047801
2022-03-30,0.86418,0.8978,0.8368,0.89164255,827889.55058107
2022-03-31,0.89188103,0.94748,0.84227276,0.85233921,2869163.83510856
2022-04-01,0.85244,0.89163,0.82331,0.89163,1241580.53765907
2022-04-02,0.89103,0.92787127,0.87926,0.89073,1530359.02016674
2022-04-03,0.89113246,0.91131,0.88012,0.89974,983658.69366469
2022-04-04,0.90031,0.90031,0.83216,0.86398,1538019.04870676
2022-04-05,0.86395,0.86505,0.81753,0.8223,1484642.09621181
2022-04-06,0.82217,0.82217,0.73255,0.73549756,3200329.42493586
2022-04-07,0.73556219,0.77068,0.71864,0.76572,1144856.05514198
2022-04-08,0.76527,0.77169,0.71522347,0.72147429,1645364.72902726
2022-04-09,0.72192,0.74679,0.71927,0.74609,622599.60851162
2022-04-10,0.74527,0.74849,0.71263,0.71263,581318.62050705
2022-04-11,0.71236,0.71683,0.63875,0.64963596,1789514.07161304
2022-04-12,0.65036129,0.67282,0.6382,0.66536186,1165546.7162481
2022-04-13,0.66551,0.68552179,0.64698965,0.68125,1365883.72289406
2022-04-14,0.68032,0.684,0.64918,0.66324,1299338.45130141
2022-04-15,0.66339064,0.67726,0.65577,0.67492,1346513.93401701
2022-04-16,0.67543,0.67969,0.65988,0.67533,376938.88531787
2022-04-17,0.67555,0.67869,0.6425,0.64501338,918504.18830028
2022-04-18,0.64439978,0.6726,0.61377,0.66577,1096524.49793001
2022-04-19,0.66599,0.687,0.65789,0.68637,622670.67624588
2022-04-20,0.68638,0.69268,0.66121,0.6775,1194491.06430558
2022-04-21,0.6775,0.70264,0.64612801,0.66323,1490442.27299378
2022-04-22,0.663,0.69209,0.65784339,0.67341247,1264447.94369857
2022-04-23,0.6742,0.69509,0.66831,0.68089571,977489.52958518
2022-04-24,0.68003993,0.68404285,0.65089405,0.66069,876882.57839128
2022-04-25,0.6607,0.66121,0.60938993,0.65045,1707405.98769436
2022-04-26,0.64993,0.65579,0.59363,0.60054,1663033.57338345
2022-04-27,0.60037685,0.62455,0.5903,0.61711,1222330.96772935
2022-04-28,0.61711,0.62779,0.60589,0.61611,1167483.8409329
2022-04-29,0.61587,0.61734,0.56389519,0.5735,1922860.81595478
2022-04-30,0.57393,0.58639,0.5136,0.52990982,2340195.16340889
2022-05-01,0.52992,0.54998,0.51685836,0.5453832,1724565.78601926
2022-05-02,0.54532809,0.55296264,0.51127,0.53276,1682878.03955102
2022-05-03,0.5330981,0.54742757,0.4871,0.50227,2123952.71795189
2022-05-04,0.50193,0.55748604,0.49871,0.55380625,2350584.07742026
2022-05-05,0.55418562,0.56049,0.4842,0.49855,3632316.35308184
2022-05-06,0.49816,0.50476826,0.47677,0.49404,1954865.18993072
2022-05-07,0.49376,0.49915,0.4645,0.47666,1321518.60300385
2022-05-08,0.47683642,0.48311,0.46,0.46626555,1354057.98091405
2022-05-09,0.46603,0.47641,0.3863,0.38932,10693689.06710531
2022-05-10,0.3887,0.43991623,0.3742,0.39138369,6541991.84086473
2022-05-11,0.39093101,0.39904361,0.27605,0.29711,9008012.59358957
2022-05-12,0.29710275,0.31327,0.23434,0.29472,5242059.74538877
2022-05-13,0.29518248,0.36011,0.29051158,0.31647,4621208.52258788
2022-05-14,0.3166,0.35701,0.3111863,0.34955,6295681.63700077
2022-05-15,0.34981,0.38117,0.3397,0.37372,7726668.759764
2022-05-16,0.37374,0.37374,0.33985,0.35889,3966947.69985304
2022-05-17,0.35855,0.39768,0.35855,0.39153,3768199.6679106
2022-05-18,0.39101,0.39514,0.33203504,0.33394,4193818.71271254
2022-05-19,0.33471,0.34961,0.31716,0.34079,6258138.68202784
2022-05-20,0.34075,0.34436,0.31545,0.31931,5030350.51365684
2022-05-21,0.31953,0.3351888,0.30919,0.32954,4856774.35613558
2022-05-22,0.32962,0.35374,0.3288,0.34984,3518524.71236353
2022-05-23,0.34949,0.3624,0.32399,0.33111,3786767.46963599
2022-05-24,0.33123,0.34326383,0.31521,0.33957,2741067.59869617
2022-05-25,0.33979,0.34677,0.32518,0.33429,3106243.62265005
2022-05-26,0.33485,0.34127,0.3,0.30868,5001880.31859923
2022-05-27,0.30919,0.31971347,0.29529,0.30177,6029079.899444
2022-05-28,0.3022856,0.32139,0.29981,0.31995,3724680.53749373
2022-05-29,0.3196,0.3279,0.308407,0.32765427,4129589.12615238
2022-05-30,0.32786,0.355,0.3249,0.34874,4507115.39940725
2022-05-31,0.34866,0.35687752,0.33830876,0.35257,4699502.21439224
2022-06-01,0.35336665,0.36548,0.32625,0.33119,7313499.28601102
2022-06-02,0.33077,0.35662,0.33047,0.35646,2566194.08176232
2022-06-03,0.35669,0.378,0.33841,0.34676,2341947.74305774
2022-06-04,0.34704,0.35288,0.337,0.34906,2730904.83441468
2022-06-05,0.34902,0.35631,0.34369,0.34845,1897209.1531936
2022-06-06,0.34827926,0.38680791,0.34734633,0.36357993,4321516.76412754
2022-06-07,0.36384459,0.36384459,0.33382,0.35303,4908182.59532952
2022-06-08,0.35336,0.36378,0.3416948,0.3497,2665857.83215668
2022-06-09,0.3493,0.35809,0.34171,0.34639,1722786.99650399
2022-06-10,0.34621,0.34779945,0.31873,0.32226,2461383.6686934098
2022-06-11,0.32219444,0.32839864,0.29149,0.3007,4153786.59105753
2022-06-12,0.3007,0.3033,0.27944,0.2817,6411054.37950917
2022-06-13,0.28175825,0.28478,0.24352907,0.25612,8914330.07026609
2022-06-14,0.25673,0.27055,0.23851,0.26752,3454614.56444119
2022-06-15,0.26743,0.28688,0.24055,0.28624,5028192.04078225
2022-06-16,0.28608,0.29182,0.2493,0.25502,3197787.13956914
2022-06-17,0.25504,0.26954,0.25362,0.2659,3698707.59223641
2022-06-18,0.26555,0.27084,0.23217,0.25221,4641414.64388423
2022-06-19,0.25173,0.27894,0.24026,0.27298,3900625.73671447
2022-06-20,0.27318,0.28789,0.26447,0.27998,2678705.42260889
2022-06-21,0.27957,0.29755,0.2753,0.28934,1310748.897322
2022-06-22,0.28934,0.31744,0.27119,0.28373,1816686.65403787
2022-06-23,0.28396,0.31949,0.28268,0.30057,3543649.37665153
2022-06-24,0.3009,0.31188,0.29618,0.30481,713199.15064487
2022-06-25,0.30541,0.31302,0.28992,0.30461,658372.72838803
2022-06-26,0.30517,0.31127,0.28337,0.28472,1664153.36481061
2022-06-27,0.28421,0.2991,0.28339,0.28871,1897313.11491245
2022-06-28,0.28909,0.29511,0.27383,0.27551,2933082.46424498
2022-06-29,0.27534,0.2796,0.2642,0.27077,1804477.24263542
2022-06-30,0.27111,0.27131,0.25122,0.27045,2429030.63803749
2022-07-01,0.27085,0.27575,0.25818,0.26343,1718260.9649419
2022-07-02,0.26343,0.27254,0.25685,0.26971,1594139.21270286
2022-07-03,0.26995,0.27426,0.26248,0.27021,923770.55751444
2022-07-04,0.2697,0.27982,0.26374,0.27909,694975.05311448
2022-07-05,0.27955,0.28164,0.26094,0.27112,1101984.48967173
2022-07-06,0.27119,0.27821,0.26798,0.27554,1094664.38803281
2022-07-07,0.27582,0.28868,0.27296,0.28768,463978.3621253
2022-07-08,0.28791,0.29497,0.27616,0.28053,776317.31519983
2022-07-09,0.28002,0.29306,0.27967,0.2888,102625.42131534
2022-07-10,0.2887,0.30801,0.28135,0.29706,1663559.61459489
2022-07-11,0.29692,0.29692,0.26364,0.26609,1428451.92076021
2022-07-12,0.26562,0.27049,0.25353,0.25415,1243571.3730418
2022-07-13,0.25447,0.26722,0.24761,0.26596,1592668.892627
2022-07-14,0.26569,0.27226,0.25585,0.26885,763799.10056051
2022-07-15,0.26934,0.27653,0.26608,0.27056,279891.15417772
2022-07-16,0.27071,0.28097,0.26446,0.27927,945991.51532455
2022-07-17,0.27967,0.28598,0.27203,0.27284,877798.36006475
2022-07-18,0.2731,0.29837,0.27304,0.2967,1355183.17621634
2022-07-19,0.29611,0.3141,0.28765,0.30924,2099315.73944311
2022-07-20,0.30982,0.31863,0.28926,0.29221,1108212.06050145
2022-07-21,0.29248,0.30264,0.28174,0.30032,1078110.9748861
2022-07-22,0.29977,0.32397,0.29607,0.30165,1106375.39712723
2022-07-23,0.30163,0.31312,0.29253,0.30233,953913.19734965
2022-07-24,0.30213,0.31034,0.30013,0.30266,319508.3426143
2022-07-25,0.30251,0.30511,0.27523,0.27523,644448.57244105
2022-07-26,0.27509,0.27692,0.26571,0.27674,634359.1214102
2022-07-27,0.27756,0.2988,0.26995,0.29844,754960.71454225
2022-07-28,0.299,0.32,0.29408,0.31382,2117297.15065257
2022-07-29,0.314,0.32366,0.3045,0.31004,2057287.57316548
2022-07-30,0.31013,0.33706,0.30943,0.31702,1733487.36725653
2022-07-31,0.31713,0.33775,0.31491,0.31854,897636.01126319
2022-08-01,0.31833,0.34701,0.31655,0.33677,934724.1618515
2022-08-02,0.33658,0.34133,0.3097,0.32018,1053175.1220479
2022-08-03,0.32082,0.33515,0.31279,0.32011,1017407.59341105
2022-08-04,0.31971,0.33211,0.31601,0.33083,428466.34689136
2022-08-05,0.33092,0.34159,0.32901,0.34047,353619.24190946
2022-08-06,0.34103,0.34674,0.33806,0.34125,100659.37669054
2022-08-07,0.34138,0.35588,0.33514,0.34358,231453.55857427
2022-08-08,0.34435,0.35738,0.33966,0.34802,847684.9289155001
2022-08-09,0.34839,0.34899,0.32213,0.32891,634023.95141611
2022-08-10,0.32891,0.35021,0.32265,0.34826,566689.13187686
2022-08-11,0.3488,0.3719,0.34775,0.34967,804890.00726524
2022-08-12,0.34914,0.36386,0.34397,0.36294,347290.86482234
2022-08-13,0.36333,0.36429,0.3542,0.35961,349725.11965773
2022-08-14,0.35945,0.36641,0.34444,0.34761,425372.89963109
2022-08-15,0.34779,0.3575,0.34018,0.34518,535870.67319506
2022-08-16,0.34518,0.34789,0.33647,0.33922,144224.33644474
2022-08-17,0.33861,0.35441,0.31693,0.31953,1257328.88005918
2022-08-18,0.32012,0.32458,0.30571,0.30666,427711.70298801
2022-08-19,0.30665,0.30755,0.28,0.28294,1654230.36379289
2022-08-20,0.28305,0.29305,0.27738,0.28503,688578.86647808
2022-08-21,0.28503,0.29993,0.28337,0.29555,240273.27303595
2022-08-22,0.2956,0.2956,0.27745,0.29127,443591.95492874
2022-08-23,0.2911,0.29891,0.28102,0.29789,845549.37720638
2022-08-24,0.29754,0.30704,0.29115,0.29863,329441.74146248
2022-08-25,0.2989,0.3072,0.29867,0.30591,599707.80353691
2022-08-26,0.30562,0.30852,0.27636,0.27941,905416.22308456
2022-08-27,0.27947,0.28264,0.27297,0.28008,622016.6095576
2022-08-28,0.27987,0.2857,0.2724,0.27319,218418.92293413
2022-08-29,0.27375,0.29364,0.27,0.2922,581053.76337422
2022-08-30,0.2922,0.2972,0.282,0.28835,320015.42870537
2022-08-31,0.28839,0.2977,0.27965,0.28098,389189.52686503
2022-09-01,0.2806,0.28498,0.27463,0.28498,574809.12389269
2022-09-02,0.28495,0.28836,0.27776,0.28142,462379.52086576
2022-09-03,0.28127,0.28331,0.27778,0.28037,222377.97553372
2022-09-04,0.28063,0.29448,0.28063,0.2912,373003.03512148
2022-09-05,0.29089,0.29372,0.2791,0.28217,185503.68434859
2022-09-06,0.28246,0.28944,0.26021,0.26054,1147646.81519113
2022-09-07,0.26065,0.27949,0.257,0.27598,2276570.1768034
2022-09-08,0.27663,0.28183,0.26888,0.2791,313942.18913604
2022-09-09,0.2794,0.29692,0.2781,0.29261,677365.05563295
2022-09-10,0.29298,0.30439,0.2913,0.29573,3211904.10491605
2022-09-11,0.29573,0.29841,0.28649,0.29269,383508.95572947
2022-09-12,0.29315,0.30097,0.28821,0.29224,672063.24127006
2022-09-13,0.2922,0.29441,0.26771,0.26821,2277082.24848755
2022-09-14,0.26874,0.27375,0.26568,0.27277,644430.53796688
2022-09-15,0.27247,0.27275,0.25918,0.26267,715196.21577107
2022-09-16,0.26253,0.26428,0.25601,0.263,1119796.40695348
2022-09-17,0.26342,0.27172,0.26342,0.27053,215432.97203986
2022-09-18,0.27079,0.27234,0.245,0.25174,646047.44109136
2022-09-19,0.25189,0.26307,0.247,0.26036,629056.52330828
2022-09-20,0.26036,0.26523,0.25512,0.2617,234213.16098461
2022-09-21,0.26205,0.26916,0.24897,0.25218,1118752.39623394
2022-09-22,0.25202,0.27554,0.25117,0.27241,936791.81503658
2022-09-23,0.27272,0.28973,0.26826,0.28469,1491434.68654338
2022-09-24,0.28509,0.28959,0.27677,0.27901,1079517.05112586
2022-09-25,0.27901,0.28385,0.27068,0.2743,641832.87285535
2022-09-26,0.27411,0.31665,0.27294,0.31168,6309417.60759997
2022-09-27,0.31185,0.32841,0.30442,0.30759,4036976.18186953
2022-09-28,0.30759,0.3156,0.29163,0.29516,1643626.0675163
2022-09-29,0.29547,0.30524,0.28915,0.29259,716171.59851592
2022-09-30,0.29301,0.29525,0.28353,0.28752,675573.60044769
2022-10-01,0.28777,0.29875,0.28769,0.293,636152.37919848
2022-10-02,0.29312,0.29438,0.27377,0.27491,1089579.12946209
2022-10-03,0.27465,0.27963,0.2723,0.27869,688695.18619606
2022-10-04,0.27855,0.28375,0.2772,0.28184,353972.49771071
2022-10-05,0.28221,0.28327,0.26938,0.27505,837734.75667712
2022-10-06,0.27505,0.27744,0.26458,0.26812,1947740.92339054
2022-10-07,0.2681,0.27102,0.26181,0.26974,1079557.51694928
2022-10-08,0.26957,0.27377,0.26527,0.26769,629402.79374276
2022-10-09,0.26769,0.2766,0.26768,0.27221,1548270.91871152
2022-10-10,0.27257,0.27533,0.25947,0.26018,679233.27021645
2022-10-11,0.26003,0.26309,0.25097,0.26179,842012.31564145
2022-10-12,0.2616,0.26395,0.25705,0.25816,357734.64384219
2022-10-13,0.25806,0.2589,0.23673,0.2553,1891755.8197909
2022-10-14,0.25503,0.26287,0.24673,0.24834,540760.65052943
2022-10-15,0.24836,0.24887,0.24306,0.24527,983022.87155696
2022-10-16,0.24562,0.25222,0.24523,0.24976,486970.38805241
2022-10-17,0.24946,0.25622,0.24678,0.25461,734469.2712835
2022-10-18,0.25489,0.25737,0.24631,0.24945,626210.59130175
2022-10-19,0.2497,0.25251,0.23922,0.24179,577053.33549606
2022-10-20,0.24166,0.24898,0.2381,0.24387,1128329.0822856
2022-10-21,0.24355,0.2488,0.23551,0.24802,640482.62797276
2022-10-22,0.24785,0.24896,0.24441,0.24676,240051.19565782
2022-10-23,0.24688,0.25116,0.24062,0.24989,544759.73790523
2022-10-24,0.24954,0.25076,0.2429,0.24783,206102.13177466
2022-10-25,0.24788,0.25721,0.2455,0.25299,425598.04534766
2022-10-26,0.25309,0.26034,0.25286,0.25708,1150194.35933115
2022-10-27,0.25733,0.26475,0.2492,0.25098,677156.1011924699
2022-10-28,0.25076,0.2577,0.24854,0.25598,762167.40437254
2022-10-29,0.25615,0.26358,0.25582,0.25831,894136.67355492
2022-10-30,0.25859,0.26717,0.25628,0.26053,1281037.01486938
2022-10-31,0.26023,0.26397,0.256,0.25859,536378.92894386
2022-11-01,0.25839,0.2624,0.25525,0.25547,422995.5555583
2022-11-02,0.25562,0.2564,0.245,0.24929,824397.76522848
2022-11-03,0.24943,0.25896,0.24863,0.25563,1528874.94782654
2022-11-04,0.25563,0.27284,0.25442,0.27157,1565599.96160679
2022-11-05,0.27177,0.27741,0.26837,0.27271,1723728.09041927
2022-11-06,0.27227,0.27793,0.26032,0.26055,416886.77624099
2022-11-07,0.26055,0.26552,0.2538,0.26136,909944.24374743
2022-11-08,0.26095,0.27018,0.20196,0.23422,7411117.86534888
2022-11-09,0.23384,0.23459,0.19394,0.20499,6797566.51527574
2022-11-10,0.20522,0.24221,0.20205,0.23512,3953693.56653562
2022-11-11,0.23474,0.23969,0.21694,0.23035,949712.58218797
2022-11-12,0.23058,0.23058,0.21571,0.21716,759794.5348673
2022-11-13,0.21689,0.22155,0.21015,0.21398,785943.6032433
2022-11-14,0.21384,0.22227,0.20164,0.21946,642445.22030551
2022-11-15,0.21961,0.2282,0.21578,0.22295,723596.78988117
2022-11-16,0.22321,0.22792,0.21357,0.21794,1055968.28604418
2022-11-17,0.21818,0.22022,0.21163,0.21838,707193.69174359
2022-11-18,0.21817,0.22125,0.21569,0.21814,208666.96958919
2022-11-19,0.21787,0.22413,0.21452,0.22262,493082.46401706
2022-11-20,0.22285,0.23239,0.21121,0.2125,1036531.7431420101
2022-11-21,0.21236,0.22119,0.20401,0.21426,4016098.55143247
2022-11-22,0.21426,0.21569,0.2046,0.2142,2078774.4495999
2022-11-23,0.21466,0.21971,0.2105,0.21851,1125009.46175436
2022-11-24,0.21871,0.22,0.21167,0.2157,691223.02282344
2022-11-25,0.21551,0.21566,0.20915,0.21208,537873.87324001
2022-11-26,0.21239,0.21667,0.2121,0.21433,356563.74770504
2022-11-27,0.21437,0.21982,0.21219,0.21266,645892.07383719
2022-11-28,0.21273,0.21495,0.20306,0.20735,772686.81167451
2022-11-29,0.20745,0.21219,0.206,0.20995,557088.2549478
2022-11-30,0.21,0.21792,0.20994,0.21624,930677.33621514
2022-12-01,0.21653,0.21678,0.2102,0.21192,808568.91847392
2022-12-02,0.21196,0.21589,0.20775,0.21362,1033907.03623315
2022-12-03,0.21392,0.21562,0.20993,0.21035,345470.91758718
2022-12-04,0.21062,0.21429,0.21035,0.21218,249946.20460141
2022-12-05,0.21171,0.21673,0.21171,0.21446,727734.10058874
2022-12-06,0.21433,0.21761,0.20986,0.21333,515184.84017488
2022-12-07,0.21364,0.21378,0.20402,0.2057,707918.998679
2022-12-08,0.20606,0.20881,0.202,0.20817,444793.13997187
2022-12-09,0.20822,0.20965,0.20466,0.20575,358269.83338912
2022-12-10,0.20594,0.2102,0.20572,0.20898,390299.1566967
2022-12-11,0.20874,0.21178,0.20744,0.20793,271521.6506875
2022-12-12,0.20758,0.20778,0.19844,0.20294,642329.52890576
2022-12-13,0.20311,0.20558,0.19567,0.20474,784677.71178161
2022-12-14,0.20484,0.20631,0.19259,0.1962,1126918.28737341
2022-12-15,0.19636,0.198,0.18159,0.18584,1136156.06174974
2022-12-16,0.18568,0.18734,0.16188,0.16458,1531109.33325817
2022-12-17,0.16458,0.17199,0.16275,0.17121,700651.62334605
2022-12-18,0.1715,0.17268,0.16758,0.16832,526821.70433048
2022-12-19,0.16846,0.17073,0.15605,0.15977,843106.03886784
2022-12-20,0.1598,0.16736,0.15881,0.16632,715887.54172213
2022-12-21,0.16655,0.16748,0.16213,0.16568,744468.97292373
2022-12-22,0.16596,0.16784,0.1638,0.16732,1215860.13880409
2022-12-23,0.16743,0.17038,0.16688,0.16971,2062445.52036068
2022-12-24,0.16968,0.17086,0.16782,0.17044,932219.97221086
2022-12-25,0.17044,0.1756,0.16996,0.17213,1786737.95257956
2022-12-26,0.17213,0.17605,0.16928,0.17603,857697.40267954
2022-12-27,0.17591,0.17711,0.17156,0.17316,830266.48475889
2022-12-28,0.17334,0.17347,0.16536,0.16958,1286900.9522068
2022-12-29,0.16981,0.17224,0.16655,0.16959,776341.60233967
2022-12-30,0.16937,0.17138,0.16654,0.17004,749157.94214788
2022-12-31,0.17008,0.17317,0.16848,0.16907,561579.82871048
2023-01-01,0.16915,0.17227,0.16812,0.17197,682596.75646772
2023-01-02,0.17202,0.18316,0.16977,0.18138,1291038.99636645
2023-01-03,0.18157,0.18351,0.17679,0.17782,2429747.23346554
2023-01-04,0.17785,0.18138,0.1764,0.17877,1700798.30561617
2023-01-05,0.17877,0.18202,0.17697,0.18049,597192.85884574
2023-01-06,0.18036,0.18256,0.17411,0.1823,666863.05808834
2023-01-07,0.182,0.18454,0.17933,0.18015,820582.78363269
2023-01-08,0.18023,0.18344,0.1773,0.18271,433624.07432381
2023-01-09,0.18289,0.19113,0.18186,0.18657,1460713.11734627
2023-01-10,0.18654,0.19109,0.183,0.19036,480538.14406583
2023-01-11,0.19012,0.19269,0.18458,0.19265,479686.45791494
2023-01-12,0.19238,0.19735,0.18704,0.19603,1218984.272326
2023-01-13,0.19582,0.20194,0.1915,0.20193,454727.25609545
2023-01-14,0.20203,0.21607,0.2,0.21292,1004709.56230752
2023-01-15,0.2132,0.21991,0.2075,0.21422,1070477.4145457
2023-01-16,0.21435,0.21953,0.20458,0.21267,746850.32123692
2023-01-17,0.21239,0.22259,0.20867,0.2149,1521099.2216223
2023-01-18,0.21512,0.22005,0.2,0.20093,1240140.75129458
2023-01-19,0.20131,0.20715,0.20018,0.20485,517238.99480133003
2023-01-20,0.20506,0.21987,0.20317,0.21951,788282.66738641
2023-01-21,0.21937,0.22327,0.21442,0.21672,539701.15930784
2023-01-22,0.21657,0.23277,0.21657,0.22369,660009.77440864
2023-01-23,0.22385,0.23061,0.2226,0.22991,872653.69134562
2023-01-24,0.23014,0.24106,0.217,0.21896,1093194.61885003
2023-01-25,0.21931,0.23127,0.21124,0.22793,365376.21811485
2023-01-26,0.22842,0.23355,0.2236,0.23161,1032553.63647912
2023-01-27,0.23138,0.2492,0.22455,0.24439,3628689.45485565
2023-01-28,0.24464,0.24464,0.23276,0.2372,516591.20557148
2023-01-29,0.23706,0.24251,0.23465,0.24104,466501.24088504
2023-01-30,0.24117,0.24183,0.21902,0.22356,730158.23732845
2023-01-31,0.2239,0.22836,0.22007,0.22735,450153.37963591
2023-02-01,0.22757,0.23337,0.21498,0.23309,945851.06941356
2023-02-02,0.23336,0.23979,0.22955,0.23069,540312.11752347
2023-02-03,0.23123,0.23841,0.23032,0.2384,580329.95609175
2023-02-04,0.2388,0.24673,0.23739,0.24393,635177.28815272
2023-02-05,0.24393,0.25559,0.23246,0.23772,1277904.21725606
2023-02-06,0.23811,0.2537,0.23747,0.24101,1062263.3690038
2023-02-07,0.24076,0.251,0.23719,0.25072,740351.928468
2023-02-08,0.25096,0.25337,0.23629,0.24574,905182.96660099
2023-02-09,0.246,0.24864,0.22124,0.22864,1441992.21285478
2023-02-10,0.22896,0.23442,0.22742,0.23105,646859.75895133
2023-02-11,0.23113,0.23602,0.22691,0.23446,316321.12272987
2023-02-12,0.23479,0.23788,0.22867,0.232,520695.67460069
2023-02-13,0.23172,0.23567,0.22142,0.22699,788940.47009739
2023-02-14,0.22754,0.23289,0.22391,0.23261,553055.14524093
2023-02-15,0.23279,0.2477,0.23102,0.24767,1062127.85401975
2023-02-16,0.24811,0.2495,0.23359,0.23435,969187.23415641
2023-02-17,0.23472,0.24839,0.23367,0.24528,475897.65090561
2023-02-18,0.2456,0.25042,0.24322,0.24802,818405.73051339
2023-02-19,0.24797,0.25601,0.24425,0.25172,954439.24082817
2023-02-20,0.2515,0.274,0.24558,0.26817,1530569.00329854
2023-02-21,0.26837,0.26921,0.25139,0.2569,616375.80299377
2023-02-22,0.25708,0.25874,0.24416,0.25517,637982.07612986
2023-02-23,0.25551,0.25815,0.24814,0.25399,579444.76352307
2023-02-24,0.25387,0.26591,0.24644,0.25282,1531205.62362396
2023-02-25,0.25261,0.26676,0.24972,0.25653,1767364.72489412
2023-02-26,0.25599,0.25626,0.24662,0.25213,475930.66864807
2023-02-27,0.25176,0.25506,0.24254,0.24752,646583.46600114
2023-02-28,0.24753,0.24787,0.23667,0.23967,934918.18066858
2023-03-01,0.24005,0.25116,0.23687,0.2509,627953.22958564
2023-03-02,0.25104,0.25109,0.23058,0.24003,5487605.19293506
2023-03-03,0.24003,0.24003,0.21285,0.22242,1334871.70623677
2023-03-04,0.22222,0.22381,0.21118,0.21636,709184.44943158
2023-03-05,0.21628,0.21966,0.21381,0.2158,568516.08589638
2023-03-06,0.21556,0.21556,0.2101,0.21286,592444.78384308
2023-03-07,0.21307,0.21514,0.20241,0.20883,1234763.20166553
2023-03-08,0.20914,0.20915,0.19594,0.19962,2208268.71091676
2023-03-09,0.19935,0.20857,0.18633,0.19123,1407070.46205815
2023-03-10,0.19125,0.19154,0.17709,0.18733,1754527.09757849
2023-03-11,0.18752,0.19307,0.17918,0.19148,1671573.71871437
2023-03-12,0.19133,0.20306,0.18882,0.20306,1146414.75593017
2023-03-13,0.20306,0.21789,0.19823,0.21579,1703993.15841241
2023-03-14,0.21576,0.224,0.21097,0.21935,1791960.59906275
2023-03-15,0.21968,0.22283,0.19885,0.20504,887104.48336225
2023-03-16,0.20526,0.21281,0.2026,0.21256,792087.59610125
2023-03-17,0.21239,0.22981,0.21131,0.22957,903359.28553359
2023-03-18,0.22926,0.23214,0.21652,0.21782,1047069.61006894
2023-03-19,0.21815,0.22608,0.21713,0.22295,304846.96494922
2023-03-20,0.22278,0.22506,0.21144,0.21238,1140286.6627102
2023-03-21,0.21276,0.2213,0.20675,0.21953,806232.65742987
2023-03-22,0.21974,0.2199,0.19995,0.20806,1154075.89867621
2023-03-23,0.20786,0.21732,0.20571,0.21664,411687.0041998
2023-03-24,0.21672,0.21708,0.20454,0.20845,565400.36707827
2023-03-25,0.2082,0.2104,0.20178,0.20505,241656.6400953
2023-03-26,0.20475,0.21327,0.20326,0.20949,825728.04066104
2023-03-27,0.20958,0.20987,0.195,0.19968,1150208.92048302
2023-03-28,0.19975,0.20608,0.19744,0.20391,750910.3354758
2023-03-29,0.2041,0.21584,0.20366,0.21534,1112700.71139782
2023-03-30,0.21556,0.21715,0.20645,0.21123,506070.72281192
2023-03-31,0.211,0.21763,0.20665,0.21672,1034220.84437141
2023-04-01,0.21665,0.22508,0.2163,0.22347,945542.66828539
2023-04-02,0.22361,0.22608,0.2122,0.21558,659672.58403673
2023-04-03,0.21534,0.21716,0.20762,0.2159,1394268.20732509
2023-04-04,0.21568,0.22418,0.21269,0.22174,968717.01287465
2023-04-05,0.2216,0.22975,0.21887,0.22975,1019169.04367049
2023-04-06,0.22742,0.23842,0.22321,0.22595,2009058.84179558
2023-04-07,0.2263,0.23737,0.22306,0.22744,1288409.58363794
2023-04-08,0.22807,0.23038,0.2225,0.22433,705651.78010299
2023-04-09,0.22439,0.22591,0.21654,0.22349,806958.31777502
2023-04-10,0.22321,0.2274,0.2186,0.22637,692078.90398968
2023-04-11,0.22599,0.22837,0.22368,0.22632,444069.77996757
2023-04-12,0.2261,0.22617,0.21501,0.22088,1055399.82141547
2023-04-13,0.22058,0.22356,0.21756,0.22317,484958.63147643
2023-04-14,0.2227,0.22865,0.22,0.2278,1241388.37762412
2023-04-15,0.22794,0.22794,0.22235,0.22489,200135.85448172
2023-04-16,0.22475,0.22992,0.22092,0.22886,283153.1797418
2023-04-17,0.22861,0.22923,0.21951,0.22353,401401.78222312
2023-04-18,0.22384,0.2295,0.22164,0.22799,513530.77864031
2023-04-19,0.22823,0.22858,0.19905,0.20733,2527198.6248126198
2023-04-20,0.20686,0.21118,0.20131,0.207,685498.80874145
2023-04-21,0.20772,0.21027,0.197,0.20013,594246.46370891
2023-04-22,0.19964,0.20309,0.19767,0.2027,333242.81355169
2023-04-23,0.20248,0.20248,0.195,0.19931,415940.09398183
2023-04-24,0.19977,0.20136,0.19485,0.19996,510572.93138154
2023-04-25,0.19935,0.20281,0.19366,0.20191,540685.9359415
2023-04-26,0.20167,0.20753,0.18883,0.1977,865454.86504101
2023-04-27,0.19736,0.20344,0.1959,0.2011,489207.82434846
2023-04-28,0.20147,0.20182,0.19665,0.20056,306185.17577842
2023-04-29,0.2002,0.20292,0.19948,0.20077,522945.14819533
2023-04-30,0.20096,0.20331,0.19776,0.19793,738180.39889668
2023-05-01,0.19832,0.19851,0.1904,0.19352,956036.20904462
2023-05-02,0.1935,0.19565,0.19128,0.19565,853487.55016058
2023-05-03,0.19565,0.20067,0.19016,0.1996,1849395.55244433
2023-05-04,0.19955,0.20049,0.19385,0.19501,2669704.84505183
2023-05-05,0.19521,0.20002,0.19442,0.19899,675050.74445002
2023-05-06,0.19914,0.19961,0.19,0.19246,542779.36462278
2023-05-07,0.19249,0.19453,0.19054,0.19187,266643.21553887
2023-05-08,0.19271,0.193,0.17286,0.18038,1312398.58650044
2023-05-09,0.18059,0.18337,0.17813,0.17952,520439.0359739
2023-05-10,0.1795,0.18403,0.1725,0.18021,605891.82055571
2023-05-11,0.1801,0.1801,0.17349,0.17692,303299.36105142
2023-05-12,0.17669,0.17934,0.17206,0.17934,251146.90626096
2023-05-13,0.1795,0.1795,0.17553,0.17652,143722.23443933
2023-05-14,0.17633,0.17853,0.17535,0.17688,205745.52845386
2023-05-15,0.17678,0.18178,0.17458,0.18017,440951.33048292
2023-05-16,0.18024,0.18205,0.17833,0.18149,194040.64918218
2023-05-17,0.18171,0.186,0.17882,0.1846,846915.26712503
2023-05-18,0.18464,0.18512,0.18058,0.18231,648224.14747555
2023-05-19,0.18231,0.18447,0.18083,0.18232,430361.21279401
2023-05-20,0.18261,0.18389,0.17776,0.17887,570201.82571711
2023-05-21,0.1789,0.17942,0.17499,0.17709,615307.15211887
2023-05-22,0.17691,0.18445,0.17448,0.18361,1060202.57865217
2023-05-23,0.1843,0.19255,0.18322,0.19102,1238992.72609073
2023-05-24,0.1909,0.19206,0.18556,0.18971,626996.23723448
2023-05-25,0.18962,0.19419,0.18614,0.19419,279377.10282518
2023-05-26,0.19271,0.19649,0.19224,0.19306,296353.85964509
2023-05-27,0.19266,0.19737,0.19202,0.19729,1168737.96176783
2023-05-28,0.19731,0.20481,0.19721,0.20246,671693.50025273
2023-05-29,0.20249,0.21027,0.1998,0.20981,1002008.03019469
2023-05-30,0.20984,0.22475,0.2019,0.20192,1790346.97976624
2023-05-31,0.2019,0.20488,0.1954,0.20033,1272581.66105769
2023-06-01,0.20003,0.20733,0.19792,0.19956,740727.22385689
2023-06-02,0.20009,0.20198,0.19642,0.20001,483402.97876102
2023-06-03,0.20006,0.20821,0.19833,0.2062,525992.06818095
2023-06-04,0.20521,0.20829,0.20194,0.20357,573487.7894028
2023-06-05,0.20361,0.20483,0.17955,0.18418,1824695.62981251
2023-06-06,0.18392,0.18883,0.1758,0.18651,1091138.04890865
2023-06-07,0.18661,0.18661,0.17696,0.18023,613427.19471108
2023-06-08,0.17918,0.18296,0.17749,0.17976,488661.28743552
2023-06-09,0.17995,0.18053,0.17538,0.17697,395702.1313452
2023-06-10,0.17651,0.17651,0.137,0.15875,5473539.35270806
2023-06-11,0.15854,0.16,0.15461,0.1593,634281.554561
2023-06-12,0.15875,0.15972,0.15458,0.15842,876558.43261791
2023-06-13,0.15851,0.16071,0.155,0.15621,497235.1085578
2023-06-14,0.15642,0.15874,0.14825,0.15295,462680.43157335
2023-06-15,0.15221,0.15457,0.147,0.1535,565759.92059613
2023-06-16,0.1535,0.15924,0.15077,0.15754,341609.07171201
2023-06-17,0.15776,0.16367,0.15722,0.15926,434166.61106481
2023-06-18,0.15909,0.16188,0.15734,0.15851,141276.03116731
2023-06-19,0.15839,0.16089,0.1566,0.15853,1590188.47696836
2023-06-20,0.15803,0.16539,0.1569,0.16487,1853727.71728157
2023-06-21,0.16457,0.17327,0.16457,0.17201,1126022.7957814
2023-06-22,0.17243,0.17639,0.16901,0.16991,422685.00724668
2023-06-23,0.17058,0.18012,0.17036,0.179,1237765.693171
2023-06-24,0.17915,0.18268,0.1767,0.18065,276278.09877465
2023-06-25,0.18088,0.18695,0.17903,0.18192,366856.43839484
2023-06-26,0.18111,0.18637,0.17717,0.18014,312215.61725825
2023-06-27,0.18018,0.19881,0.18018,0.18437,1356921.06684486
2023-06-28,0.18377,0.18377,0.16811,0.17452,943809.8969164
2023-06-29,0.17532,0.17851,0.17447,0.17782,219224.05993191
2023-06-30,0.17815,0.18538,0.17103,0.18248,714400.88228272
2023-07-01,0.18275,0.18655,0.18162,0.18655,326388.99665469
2023-07-02,0.18658,0.18664,0.17906,0.18415,532258.31247167
2023-07-03,0.18395,0.18735,0.18278,0.18617,998993.3121121
2023-07-04,0.18598,0.19095,0.18422,0.18577,324413.41497943
2023-07-05,0.18596,0.19088,0.18018,0.18345,458476.24086843
2023-07-06,0.18388,0.18931,0.17661,0.179,747016.77783534
2023-07-07,0.17888,0.18372,0.17704,0.18222,197855.53126313
2023-07-08,0.18229,0.18352,0.17882,0.1816,133364.5112153
2023-07-09,0.18129,0.18289,0.17985,0.18117,225565.26694453
2023-07-10,0.17997,0.1831,0.17595,0.17874,330236.06646304
2023-07-11,0.17905,0.18095,0.177,0.18095,276898.46446236
2023-07-12,0.18035,0.18447,0.1781,0.18056,356728.97418273
2023-07-13,0.18069,0.19423,0.17955,0.19386,1102284.58715892
2023-07-14,0.19423,0.19574,0.18,0.18849,4228306.82385635
2023-07-15,0.18861,0.19572,0.18701,0.19206,1031057.52645422
2023-07-16,0.19216,0.19598,0.18825,0.18919,1622976.13330246
2023-07-17,0.1896,0.19645,0.18586,0.19338,1273929.88298318
2023-07-18,0.19359,0.19381,0.1824,0.18447,477545.94514416
2023-07-19,0.18462,0.18691,0.18134,0.18374,401132.8188794
2023-07-20,0.18374,0.18898,0.18059,0.18326,404686.35335722
2023-07-21,0.18326,0.18545,0.18172,0.18453,252620.33054277
2023-07-22,0.18445,0.1867,0.18326,0.1841,442822.5328653
2023-07-23,0.18462,0.18827,0.18391,0.18652,452512.67277108
2023-07-24,0.18675,0.18735,0.17637,0.1782,1337327.24221929
2023-07-25,0.17804,0.17804,0.17269,0.17406,1369557.63012763
2023-07-26,0.17406,0.17511,0.1701,0.17418,204275.12100228
2023-07-27,0.17343,0.17597,0.17217,0.17425,174887.72235632
2023-07-28,0.17371,0.17546,0.17227,0.17546,206531.86786547
2023-07-29,0.17546,0.17964,0.17488,0.17964,164421.2590682
2023-07-30,0.17964,0.18036,0.17069,0.17415,162861.5970094
2023-07-31,0.17388,0.17597,0.17145,0.17413,267319.89301224
2023-08-01,0.17418,0.17618,0.16937,0.17615,288648.6210766
2023-08-02,0.17675,0.17849,0.17016,0.1736,205293.27459447001
2023-08-03,0.17394,0.17444,0.16953,0.16974,228508.81300652
2023-08-04,0.17003,0.1715,0.16741,0.16963,347086.05495618
2023-08-05,0.1694,0.17005,0.16345,0.16991,4068783.48645863
2023-08-06,0.17006,0.17095,0.16834,0.16885,106619.87022681
2023-08-07,0.16929,0.17289,0.1641,0.17101,486633.25535505
2023-08-08,0.17086,0.17653,0.16906,0.17373,580274.5169533
2023-08-09,0.17377,0.17561,0.17262,0.17405,109791.98340559
2023-08-10,0.17384,0.17436,0.17128,0.17133,94368.44663675
2023-08-11,0.17153,0.1725,0.17013,0.1711,216495.13399831
2023-08-12,0.17083,0.17178,0.17048,0.17148,174991.91761109
2023-08-13,0.17155,0.17165,0.168,0.16873,193108.58532427
2023-08-14,0.16822,0.17029,0.16633,0.16845,140379.49035426
2023-08-15,0.16861,0.16861,0.15267,0.16199,516256.91950645
2023-08-16,0.16179,0.16445,0.1526,0.15511,375779.57554485
2023-08-17,0.15571,0.15738,0.12929,0.1443,1340521.45369801
2023-08-18,0.14395,0.14692,0.1421,0.14552,1778728.82010722
2023-08-19,0.14568,0.14768,0.14408,0.14651,289566.54842635
2023-08-20,0.14637,0.14701,0.1449,0.14701,224910.94270812
2023-08-21,0.14726,0.15088,0.14165,0.1432,998684.33865389
2023-08-22,0.14345,0.14375,0.13921,0.1432,639190.26230969
2023-08-23,0.14337,0.14823,0.14269,0.14664,151238.59854637
2023-08-24,0.14653,0.14727,0.14353,0.14543,184056.59227872
2023-08-25,0.1451,0.14645,0.14381,0.1464,251254.77870205
2023-08-26,0.14671,0.1515,0.14589,0.14806,294480.72033783
2023-08-27,0.14825,0.15527,0.14817,0.15009,706475.7628911
2023-08-28,0.14983,0.1501,0.14385,0.14933,221134.1167743
2023-08-29,0.14954,0.16015,0.14713,0.1564,1786455.67878156
2023-08-30,0.15618,0.15736,0.15361,0.15483,62621.50914429
2023-08-31,0.15456,0.16701,0.15444,0.15651,1082591.0572315
2023-09-01,0.15624,0.16789,0.15378,0.16633,1147843.09570599
2023-09-02,0.16725,0.17038,0.16001,0.16731,591241.55855205
2023-09-03,0.16697,0.16911,0.1637,0.16746,515501.58098307
2023-09-04,0.16802,0.17393,0.16799,0.17171,1253057.88665547
2023-09-05,0.17194,0.17276,0.16574,0.17009,444534.19930587
2023-09-06,0.16937,0.17396,0.16804,0.17351,1104213.11009697
2023-09-07,0.1735,0.18718,0.17244,0.1816,974597.52867093
2023-09-08,0.1816,0.18235,0.17432,0.17843,322875.10664874
2023-09-09,0.17817,0.18162,0.17479,0.17519,195906.91932353
2023-09-10,0.17513,0.17513,0.16613,0.17209,411727.94108012
2023-09-11,0.17134,0.1725,0.16074,0.16231,854690.24537007
2023-09-12,0.16255,0.1657,0.1604,0.16111,691139.65169886
2023-09-13,0.16116,0.1709,0.15575,0.16817,2461055.16968226
2023-09-14,0.16885,0.16987,0.16438,0.1668,1799813.60544756
2023-09-15,0.16657,0.16728,0.15579,0.16071,6936073.76761741
2023-09-16,0.16095,0.16123,0.15,0.15712,13041173.94274707
2023-09-17,0.15694,0.15697,0.14742,0.14862,2280554.52334965
2023-09-18,0.14869,0.1519,0.14676,0.1479,1919144.73947854
2023-09-19,0.14787,0.15043,0.14725,0.14901,794576.67508502
2023-09-20,0.14916,0.15,0.1455,0.14875,945808.81686894
2023-09-21,0.14867,0.1498,0.14551,0.14759,679927.82841891
2023-09-22,0.14758,0.149,0.14677,0.14814,237030.07219688
2023-09-23,0.1486,0.15096,0.147,0.15096,1079393.30753036
2023-09-24,0.15097,0.15124,0.14867,0.14867,316351.64658022
2023-09-25,0.1481,0.15125,0.1477,0.15058,566145.4765931501
2023-09-26,0.15052,0.15094,0.14794,0.14945,1825047.38883127
2023-09-27,0.14933,0.151,0.1481,0.14968,1252540.2104199
2023-09-28,0.14984,0.15429,0.14917,0.15313,3092140.88118623
2023-09-29,0.15382,0.15393,0.15048,0.1519,297240.78549371
2023-09-30,0.15221,0.15233,0.15068,0.15116,147142.33708362
2023-10-01,0.15124,0.1588,0.15119,0.1582,748471.0950195
2023-10-02,0.15808,0.15808,0.14843,0.15126,572882.53246039
2023-10-03,0.15075,0.15272,0.15034,0.15206,933834.30763695
2023-10-04,0.15128,0.15624,0.14722,0.15408,922177.10797468
2023-10-05,0.15399,0.15451,0.1505,0.15188,122060.12724987
2023-10-06,0.15147,0.15552,0.151,0.15386,183218.2839674
2023-10-07,0.15388,0.15509,0.15338,0.15454,43359.46771914
2023-10-08,0.15465,0.15775,0.15222,0.1553,832200.90348225
2023-10-09,0.15529,0.15673,0.1471,0.14934,690980.40434641
2023-10-10,0.14901,0.14985,0.14479,0.14493,851472.66950982
2023-10-11,0.145,0.14531,0.13867,0.14106,1132157.76622284
2023-10-12,0.14122,0.14122,0.13754,0.13904,350193.42949772
2023-10-13,0.13931,0.145,0.13931,0.14305,638731.84341299
2023-10-14,0.14289,0.14703,0.14275,0.14469,345863.0768486
2023-10-15,0.14467,0.14687,0.14394,0.144,165823.10688825
2023-10-16,0.14415,0.15046,0.14414,0.14736,628819.17132519
2023-10-17,0.14747,0.16242,0.14208,0.14821,3112951.99934942
2023-10-18,0.14801,0.14899,0.14,0.14212,1545423.57401822
2023-10-19,0.14217,0.14253,0.13799,0.14086,348748.73596853
2023-10-20,0.14053,0.14519,0.14005,0.14398,503738.90498562
2023-10-21,0.14408,0.15066,0.1434,0.149,1226806.71236398
2023-10-22,0.14887,0.15245,0.14694,0.15217,861969.81174555
2023-10-23,0.15252,0.15626,0.14907,0.15598,1040285.20790168
2023-10-24,0.1562,0.16137,0.149,0.15378,2943195.44816373
2023-10-25,0.15352,0.15758,0.1511,0.15691,794139.84911187
2023-10-26,0.15696,0.16116,0.15258,0.15763,888734.33845277
2023-10-27,0.1574,0.15767,0.1481,0.15181,780499.99772124
2023-10-28,0.15169,0.15612,0.15141,0.15588,1166237.3558238
2023-10-29,0.15588,0.15966,0.15403,0.15854,823145.506634
2023-10-30,0.15916,0.16508,0.15682,0.16397,662054.53316536
2023-10-31,0.16384,0.16569,0.1525,0.15873,1117187.27629858
2023-11-01,0.15906,0.16395,0.15313,0.16265,1247066.80787688
2023-11-02,0.1628,0.16868,0.15839,0.16322,833256.37674841
2023-11-03,0.16216,0.16552,0.15784,0.16529,973923.35010889
2023-11-04,0.16544,0.1703,0.16412,0.17,500563.14462995
2023-11-05,0.16992,0.1739,0.16712,0.17301,2003348.66307843
2023-11-06,0.17162,0.17845,0.16985,0.17619,740242.00222062
2023-11-07,0.17604,0.17974,0.16906,0.17658,690793.4129814
2023-11-08,0.17629,0.18687,0.17465,0.18478,1256281.71427614
2023-11-09,0.18471,0.18805,0.15501,0.17853,2252947.23270797
2023-11-10,0.17777,0.18583,0.17403,0.1846,1107610.22454773
2023-11-11,0.18459,0.1937,0.17984,0.18898,919370.71008101
2023-11-12,0.18925,0.20318,0.18527,0.19927,2347814.05426811
2023-11-13,0.19976,0.2035,0.18595,0.18799,670311.83697768
2023-11-14,0.18816,0.1918,0.17589,0.186,473623.34107486
2023-11-15,0.18578,0.19481,0.18301,0.19468,1312878.15011656
2023-11-16,0.19475,0.19563,0.18017,0.1829,974748.68830439
2023-11-17,0.18419,0.18838,0.17644,0.18225,1140315.75397315
2023-11-18,0.18207,0.18207,0.17133,0.18,632407.44136891
2023-11-19,0.17944,0.18693,0.17605,0.18686,236470.87152319
2023-11-20,0.1866,0.18768,0.18085,0.18431,247498.59243053
2023-11-21,0.18477,0.18856,0.16654,0.16827,555751.59076868
2023-11-22,0.16781,0.17955,0.16781,0.17783,711264.92842726
2023-11-23,0.17812,0.18262,0.176,0.17943,482537.06426976
2023-11-24,0.18003,0.18307,0.17856,0.18063,295577.71652186
2023-11-25,0.17961,0.18243,0.17903,0.18085,351039.73424257
2023-11-26,0.18126,0.18192,0.173,0.17731,297215.50046076
2023-11-27,0.17709,0.1784,0.16785,0.17078,327384.98459112
2023-11-28,0.17116,0.1737,0.16625,0.17244,439553.32383765
2023-11-29,0.17181,0.27978,0.17181,0.25417,17126663.25831761
2023-11-30,0.25463,0.26625,0.22303,0.23587,2732320.89168337
2023-12-01,0.23507,0.24578,0.22308,0.23955,1145167.26359372
2023-12-02,0.23969,0.32747,0.23621,0.30918,8184469.67544538
2023-12-03,0.30785,0.36888,0.30237,0.32603,4484133.02890378
2023-12-04,0.32633,0.36447,0.30594,0.33003,2387924.78264761
2023-12-05,0.33019,0.33377,0.30684,0.3174,1822854.80678368
2023-12-06,0.31741,0.33276,0.28661,0.29045,1297866.80961336
2023-12-07,0.29142,0.30935,0.28322,0.29499,769710.48481628
2023-12-08,0.29491,0.30067,0.28348,0.30067,1586430.87931112
2023-12-09,0.29948,0.29948,0.28522,0.28926,925368.96769628
2023-12-10,0.2896,0.29605,0.28067,0.28905,342123.20541161
2023-12-11,0.28905,0.28925,0.2444,0.2733,1770202.03399319
2023-12-12,0.27383,0.27909,0.25992,0.26761,486267.39134808
2023-12-13,0.26857,0.28211,0.25438,0.27788,1028547.43042213
2023-12-14,0.27811,0.30733,0.27412,0.29396,1535556.07941588
2023-12-15,0.29423,0.3129,0.28898,0.28961,1502740.99174438
2023-12-16,0.2898,0.3001,0.28094,0.29266,467683.82799972
2023-12-17,0.29374,0.29374,0.27441,0.27625,619670.30431457
2023-12-18,0.27553,0.27832,0.25,0.27214,972420.81593535
2023-12-19,0.27124,0.27532,0.26,0.26554,463351.75625632
2023-12-20,0.26515,0.28233,0.26051,0.27979,403627.67037197
2023-12-21,0.2784,0.28421,0.27277,0.28275,761335.42033418
2023-12-22,0.28404,0.29769,0.27465,0.29769,2886969.00026603
2023-12-23,0.29699,0.29699,0.27997,0.2914,484442.25478793
2023-12-24,0.29162,0.29339,0.27279,0.27817,407795.03674593
2023-12-25,0.27826,0.29431,0.27705,0.29024,552457.23044283
2023-12-26,0.29135,0.29888,0.25159,0.27596,1482059.60054146
2023-12-27,0.27661,0.3096,0.26604,0.29571,1118291.34790657
2023-12-28,0.29613,0.2962,0.27578,0.28351,410085.97062647
2023-12-29,0.28502,0.31666,0.28011,0.29874,2117178.10698093
2023-12-30,0.29991,0.32795,0.29647,0.3214,1508335.98595758
2023-12-31,0.32212,0.32699,0.305,0.3104,764318.23083959
2024-01-01,0.31018,0.31566,0.29546,0.31495,625872.63780624
2024-01-02,0.31448,0.31448,0.2974,0.30274,410014.88218653
2024-01-03,0.3018,0.3055,0.22555,0.26572,2706446.41867911
2024-01-04,0.26631,0.27399,0.25915,0.26401,497878.99504264997
2024-01-05,0.26422,0.26422,0.24218,0.25318,934065.23358297
2024-01-06,0.25338,0.25354,0.23456,0.24782,1141193.18976106
2024-01-07,0.2478,0.28398,0.23818,0.24072,2345085.93861936
2024-01-08,0.24078,0.25105,0.21866,0.25039,1801925.74124989
2024-01-09,0.25072,0.25112,0.22789,0.23529,1131381.51606029
2024-01-10,0.23494,0.26989,0.228,0.26141,1643664.19218254
2024-01-11,0.26208,0.26937,0.25521,0.26511,957434.1265059
2024-01-12,0.26466,0.26712,0.2385,0.24697,779435.33898238
2024-01-13,0.24678,0.2517,0.23749,0.24919,412304.71140415
2024-01-14,0.24947,0.24947,0.23867,0.23867,806159.30843858
2024-01-15,0.23866,0.24736,0.23866,0.24315,317665.4487764
2024-01-16,0.24337,0.25,0.24168,0.24779,301597.80010243
2024-01-17,0.2483,0.24965,0.24016,0.24464,1609523.54136767
2024-01-18,0.24463,0.24566,0.22536,0.2314,772934.54051135
2024-01-19,0.23137,0.23175,0.21731,0.22908,1439232.77167583
2024-01-20,0.22934,0.22954,0.22444,0.22914,1132744.88315435
2024-01-21,0.22911,0.2314,0.22554,0.22554,462952.24078767
2024-01-22,0.22633,0.2272,0.2111,0.21303,1016212.24973275
2024-01-23,0.2136,0.21933,0.19654,0.20827,2876075.81120696
2024-01-24,0.20774,0.23323,0.20538,0.21893,1768637.04337107
2024-01-25,0.21845,0.25285,0.21709,0.24332,3527124.95345234
2024-01-26,0.24518,0.26155,0.23796,0.24808,923230.07750214
2024-01-27,0.24829,0.2546,0.23804,0.25,1823799.44750697
2024-01-28,0.25,0.264,0.24112,0.24172,893250.79123759
2024-01-29,0.24076,0.26378,0.23973,0.25749,1951342.55675609
2024-01-30,0.25691,0.25835,0.24748,0.2476,2107323.50951238
2024-01-31,0.24917,0.25364,0.23676,0.2399,1300129.16284003
2024-02-01,0.24069,0.24938,0.23521,0.24263,690703.96070389
2024-02-02,0.24212,0.25446,0.2408,0.25336,673763.06352221
2024-02-03,0.2524,0.2524,0.24586,0.24753,231675.95956829
2024-02-04,0.24789,0.24789,0.23939,0.24006,210980.55359423
2024-02-05,0.23902,0.24617,0.236,0.24311,1523955.16674827
2024-02-06,0.24252,0.25488,0.24066,0.25212,629214.55743808
2024-02-07,0.25246,0.25252,0.242,0.25017,421944.38323263
2024-02-08,0.25095,0.2532,0.24297,0.24535,606959.84561101
2024-02-09,0.24497,0.25577,0.24413,0.25373,933690.64400718
2024-02-10,0.25399,0.2697,0.25046,0.25322,1031602.91836371
2024-02-11,0.25317,0.25514,0.25063,0.25198,307012.5064235
2024-02-12,0.25156,0.26012,0.24555,0.25835,600499.82524471
2024-02-13,0.25969,0.267,0.25303,0.26069,949069.89138211
2024-02-14,0.25998,0.27658,0.25783,0.27133,1299436.83792037
2024-02-15,0.27152,0.27874,0.26671,0.27496,2269052.00253568
2024-02-16,0.27444,0.27984,0.26364,0.27035,407177.3918114
2024-02-17,0.2699,0.27147,0.2542,0.26519,2387275.87879971
2024-02-18,0.26462,0.28171,0.25994,0.2734,2657919.24865268
2024-02-19,0.27384,0.286,0.27343,0.28412,846256.04943854
2024-02-20,0.28288,0.293,0.2635,0.28397,1178466.16071673
2024-02-21,0.28371,0.29318,0.26429,0.2754,1131450.38731054
2024-02-22,0.2754,0.28099,0.26709,0.26873,794868.75470392
2024-02-23,0.26846,0.27117,0.2565,0.2641,920863.88162551
2024-02-24,0.2641,0.27519,0.26065,0.27375,621638.78772217
2024-02-25,0.27402,0.27597,0.26737,0.27398,876781.17863623
2024-02-26,0.27383,0.281,0.26335,0.2778,1945464.30558226
2024-02-27,0.2778,0.29419,0.2778,0.28955,3104382.39775376
2024-02-28,0.29,0.30058,0.2434,0.29051,2499646.79655195
2024-02-29,0.29026,0.31409,0.27871,0.29088,2626221.25153471
2024-03-01,0.29142,0.31527,0.29112,0.3148,1150233.63013701
2024-03-02,0.3148,0.33574,0.30911,0.33463,1742164.85200467
2024-03-03,0.33415,0.33434,0.29,0.32462,1267391.77139315
2024-03-04,0.325,0.3505,0.31691,0.33644,2609377.13142367
2024-03-05,0.33541,0.38335,0.25429,0.33501,6626952.94575194
2024-03-06,0.33474,0.35158,0.3112,0.35,2468797.77606807
2024-03-07,0.3481,0.3527,0.33606,0.34547,1887659.8030517
2024-03-08,0.3446,0.34674,0.31797,0.33367,1435871.3723822
2024-03-09,0.33312,0.342,0.33048,0.342,710163.86926508
2024-03-10,0.342,0.36232,0.33684,0.35422,2358997.72278237
2024-03-11,0.35317,0.39582,0.3302,0.38977,3379428.70417214
2024-03-12,0.3897,0.41384,0.36269,0.3922,4548352.82449522
2024-03-13,0.39138,0.41703,0.37143,0.41588,4968523.23357632
2024-03-14,0.41264,0.42017,0.365,0.3904,2480199.89659538
2024-03-15,0.39028,0.39366,0.32575,0.35547,1825692.20117437
2024-03-16,0.35656,0.36901,0.3132,0.31944,1981862.85828525
2024-03-17,0.32108,0.33589,0.3,0.33015,1819746.48175767
2024-03-18,0.32752,0.332,0.30733,0.31046,891054.35521982
2024-03-19,0.31025,0.3144,0.2738,0.28289,2008758.68045258
2024-03-20,0.28447,0.31595,0.27,0.31595,2537144.78363308
2024-03-21,0.31545,0.33165,0.31323,0.32859,4613757.95569006
2024-03-22,0.32799,0.32987,0.29887,0.30916,1387096.30681342
2024-03-23,0.30842,0.31611,0.30443,0.30803,601714.96327764
2024-03-24,0.30879,0.32824,0.30519,0.32651,586672.28239573
2024-03-25,0.32752,0.34899,0.32359,0.34383,1055174.22984774
2024-03-26,0.34533,0.37708,0.34533,0.36657,1272853.6321394
2024-03-27,0.36596,0.3755,0.338,0.34929,2071570.74332439
2024-03-28,0.34822,0.36264,0.33912,0.35532,654961.34703735
2024-03-29,0.35428,0.35811,0.3401,0.35663,756394.54090054
2024-03-30,0.35529,0.36128,0.34161,0.3441,383452.97965851
2024-03-31,0.34369,0.35363,0.341,0.35196,610776.77424239
2024-04-01,0.35169,0.35169,0.31507,0.32642,3859360.39382042
2024-04-02,0.32687,0.32687,0.29543,0.29829,1661504.3847237
2024-04-03,0.29783,0.31138,0.28745,0.29889,747581.42601689
2024-04-04,0.29804,0.31514,0.29071,0.30817,538386.38667486
2024-04-05,0.30832,0.30915,0.28942,0.29867,761870.09267073
2024-04-06,0.29846,0.30519,0.2977,0.30337,77932.57774457
2024-04-07,0.30288,0.3105,0.30218,0.30816,219113.42794866
2024-04-08,0.30752,0.32665,0.30144,0.32456,948595.36880825
2024-04-09,0.32487,0.32487,0.30382,0.30464,569652.15370118
2024-04-10,0.30406,0.30632,0.288,0.30329,401810.00011963
2024-04-11,0.30404,0.31342,0.29532,0.30441,440288.69431343
2024-04-12,0.30484,0.32013,0.23173,0.2647,2856393.28391487
2024-04-13,0.26364,0.26412,0.19205,0.222,2805882.9766395
2024-04-14,0.22156,0.2413,0.21243,0.24096,3267229.65903251
2024-04-15,0.2393,0.24666,0.21254,0.2219,1116915.3030279
2024-04-16,0.22096,0.22856,0.20877,0.22159,523119.30280921
2024-04-17,0.2214,0.22712,0.20753,0.21563,611013.75567556
2024-04-18,0.21525,0.22593,0.20928,0.22253,1032479.68495054
2024-04-19,0.22207,0.23225,0.2047,0.22596,790744.95987651
2024-04-20,0.22565,0.2453,0.22269,0.24345,1241704.60803643
2024-04-21,0.24326,0.24497,0.2332,0.23769,994514.2953553
2024-04-22,0.23815,0.24796,0.2374,0.24511,211185.77194351
2024-04-23,0.24444,0.25255,0.23782,0.25237,376306.99769219
2024-04-24,0.25208,0.26503,0.23518,0.23952,757510.124693
2024-04-25,0.23986,0.24361,0.22931,0.23867,411988.93071323
2024-04-26,0.23885,0.23885,0.22769,0.23131,450558.51107259
2024-04-27,0.23161,0.23643,0.22022,0.2355,378173.34309617
2024-04-28,0.23518,0.2389,0.2279,0.22906,166215.87867828002
2024-04-29,0.22939,0.23102,0.21946,0.22491,503832.8630922
2024-04-30,0.22441,0.2282,0.20549,0.21362,864147.06937025
2024-05-01,0.21362,0.21713,0.2,0.21429,1121440.5963103
2024-05-02,0.21393,0.22345,0.20728,0.21892,427851.59341104
2024-05-03,0.2194,0.22926,0.21653,0.22695,221369.06059688
2024-05-04,0.22687,0.23032,0.22561,0.22707,324347.7384987
2024-05-05,0.22685,0.23199,0.22281,0.22851,902225.43532958
2024-05-06,0.22901,0.2387,0.22445,0.22705,439274.7122459
2024-05-07,0.227,0.23044,0.21847,0.2189,94315.78544754
2024-05-08,0.21949,0.22297,0.21359,0.21805,203086.85795605
2024-05-09,0.21783,0.22895,0.21588,0.22755,187523.88484389
2024-05-10,0.22752,0.2306,0.21086,0.21299,211398.78544788
2024-05-11,0.21285,0.21587,0.21071,0.21071,146141.66353724
2024-05-12,0.21106,0.21231,0.20588,0.2076,145300.36392841
2024-05-13,0.20799,0.21218,0.2,0.2078,486589.30609889
2024-05-14,0.208,0.20994,0.20053,0.20069,290085.5199869
2024-05-15,0.20153,0.21679,0.19988,0.21586,759685.15325956
2024-05-16,0.21692,0.2176,0.2091,0.21272,394324.84217302
2024-05-17,0.2126,0.223,0.21068,0.2198,421417.74517809
2024-05-18,0.21962,0.22169,0.21537,0.21613,427253.11814854003
2024-05-19,0.21622,0.21791,0.20412,0.20541,297334.59418015
2024-05-20,0.2062,0.23408,0.20263,0.23272,1179018.74996536
2024-05-21,0.23287,0.2381,0.22937,0.23369,1344370.58936897
2024-05-22,0.23358,0.23392,0.22248,0.23226,468893.96845008
2024-05-23,0.23246,0.2344,0.212,0.22688,531146.37302709
2024-05-24,0.22791,0.23482,0.22093,0.23046,491062.60082332
2024-05-25,0.23042,0.23261,0.22862,0.23106,155639.10255492
2024-05-26,0.23106,0.232,0.22345,0.22421,252910.42918042
2024-05-27,0.22465,0.23394,0.22341,0.2308,307959.57465078
2024-05-28,0.23115,0.23191,0.223,0.22943,695945.14244907
2024-05-29,0.22977,0.23362,0.223,0.22378,328102.00481875
2024-05-30,0.22412,0.2264,0.21709,0.21907,546455.21153413
2024-05-31,0.21871,0.22123,0.21276,0.2186,677520.55364083
2024-06-01,0.21832,0.21971,0.2159,0.21787,472395.68678011
2024-06-02,0.21826,0.21967,0.21295,0.21423,236866.06354094
2024-06-03,0.2139,0.21838,0.21184,0.2155,468333.71847137
2024-06-04,0.2156,0.2332,0.2138,0.23155,645407.45020246
2024-06-05,0.23108,0.23699,0.22798,0.23674,285659.2090465
2024-06-06,0.23641,0.2397,0.22698,0.2375,2485455.32337264
2024-06-07,0.23704,0.25393,0.2,0.21937,2137270.76639508
2024-06-08,0.21895,0.22191,0.2055,0.2079,3143698.8394294
2024-06-09,0.20777,0.21164,0.20397,0.21154,570828.31578797
2024-06-10,0.21111,0.21279,0.20311,0.20445,873103.67908863
2024-06-11,0.20441,0.20636,0.19107,0.19571,1566935.50704671
2024-06-12,0.19577,0.21305,0.1904,0.20576,378508.87448638
2024-06-13,0.20568,0.20583,0.19339,0.195,269797.9520889
2024-06-14,0.19546,0.19977,0.183,0.18806,593945.58658448
2024-06-15,0.18818,0.1925,0.18638,0.18997,151718.4069635
2024-06-16,0.19022,0.19287,0.18621,0.19103,216538.60930759
2024-06-17,0.19026,0.19241,0.17258,0.17491,872770.50940206
2024-06-18,0.17528,0.17528,0.14834,0.16528,2846704.97986121
2024-06-19,0.16513,0.17797,0.16371,0.17471,1748764.11413489
2024-06-20,0.17404,0.186,0.17404,0.17549,1551428.51482273
2024-06-21,0.17498,0.17959,0.17137,0.1733,1616571.98695662
2024-06-22,0.17318,0.17574,0.17097,0.17521,960086.72442702
2024-06-23,0.17493,0.17926,0.17079,0.17292,1037526.04611436
2024-06-24,0.17286,0.17783,0.16138,0.17686,2117328.62720505
2024-06-25,0.1766,0.18278,0.17551,0.18007,423802.86519712
2024-06-26,0.17924,0.18069,0.17162,0.17342,1585605.62296092
2024-06-27,0.17292,0.18,0.17075,0.17865,870909.26007628
2024-06-28,0.17884,0.18026,0.17059,0.17084,416157.28922222997
2024-06-29,0.17118,0.17318,0.16743,0.16781,402971.422164
2024-06-30,0.16805,0.17192,0.16654,0.17066,313367.70428099
2024-07-01,0.17084,0.17304,0.16852,0.16901,532233.55182837
2024-07-02,0.16886,0.17329,0.16853,0.17265,272366.71303437
2024-07-03,0.17273,0.17273,0.1621,0.16282,739212.23150994
2024-07-04,0.16281,0.16404,0.15,0.15079,2641161.63353988
2024-07-05,0.15055,0.15195,0.13293,0.15124,2700158.09499965
2024-07-06,0.15065,0.16071,0.14913,0.15879,532961.40478272
2024-07-07,0.15834,0.15834,0.1448,0.14526,224671.53257386
2024-07-08,0.14573,0.15803,0.14,0.15078,1026330.27975492
2024-07-09,0.15029,0.15513,0.15021,0.15391,100535.20848885
2024-07-10,0.15428,0.15866,0.1524,0.15626,236667.47645858
2024-07-11,0.15626,0.16153,0.15389,0.15439,1497094.12103888
2024-07-12,0.1544,0.159,0.15273,0.15716,895381.78671753
2024-07-13,0.15664,0.16149,0.15648,0.15891,698347.2794633
2024-07-14,0.15934,0.16538,0.15921,0.16473,839563.17232379
2024-07-15,0.16446,0.17229,0.16444,0.17197,892067.4902932
2024-07-16,0.17221,0.17375,0.16441,0.17165,348190.76909087
2024-07-17,0.17227,0.1775,0.16986,0.17296,407468.12741738
2024-07-18,0.17322,0.17775,0.167,0.1705,364738.02695939
2024-07-19,0.17061,0.17685,0.16718,0.1759,257993.26932885
2024-07-20,0.1763,0.17751,0.17335,0.17569,340372.17527735
2024-07-21,0.17545,0.19076,0.16995,0.17996,2636943.00711846
2024-07-22,0.1805,0.18134,0.17156,0.17324,1568208.40664436
2024-07-23,0.17276,0.17422,0.16438,0.17031,564080.32894192
2024-07-24,0.16955,0.17298,0.16467,0.1656,603354.3216737
2024-07-25,0.16586,0.16586,0.15261,0.15858,2190185.58291332
2024-07-26,0.15882,0.166,0.15808,0.16543,1727499.98174852
2024-07-27,0.16521,0.16969,0.16295,0.16651,1439433.90027013
2024-07-28,0.16623,0.1667,0.16209,0.16334,798760.14279898
2024-07-29,0.16381,0.16887,0.1606,0.16155,962002.32461857
2024-07-30,0.16128,0.16315,0.155,0.15634,719434.8138864
2024-07-31,0.15681,0.1585,0.15054,0.15129,1091011.29323077
2024-08-01,0.15221,0.15226,0.14056,0.1493,1200021.90110636
2024-08-02,0.14933,0.14933,0.13663,0.13978,621500.767969
2024-08-03,0.13974,0.14119,0.13227,0.13453,1017653.11255938
2024-08-04,0.13461,0.13707,0.1245,0.12743,1652297.8470026
2024-08-05,0.12811,0.12861,0.10479,0.12109,4593459.19468676
2024-08-06,0.12181,0.13,0.12181,0.12606,460976.45426594
2024-08-07,0.12626,0.13011,0.12198,0.12435,485026.19035831
2024-08-08,0.12466,0.13711,0.12286,0.13675,533861.98574133
2024-08-09,0.1366,0.1372,0.13191,0.13523,2141185.63915339
2024-08-10,0.13525,0.13752,0.13372,0.13666,527504.59131935
2024-08-11,0.13651,0.13907,0.13,0.13027,507254.66718325
2024-08-12,0.13101,0.13716,0.12921,0.13534,3063365.24387116
2024-08-13,0.13528,0.13759,0.13187,0.13678,1133675.47124144
2024-08-14,0.13674,0.14153,0.13378,0.13459,7938794.78021521
2024-08-15,0.1346,0.13656,0.12802,0.12867,2281497.93665282
2024-08-16,0.12862,0.13064,0.12514,0.12857,649408.54902319
2024-08-17,0.12861,0.13013,0.1274,0.13001,801900.48090305
2024-08-18,0.13018,0.13365,0.12886,0.12969,898790.0802678299
2024-08-19,0.12956,0.13263,0.12869,0.13203,907219.84780781
2024-08-20,0.13176,0.13567,0.13143,0.13354,437509.01054737
2024-08-21,0.13378,0.14076,0.13303,0.13858,869712.43841643
2024-08-22,0.13866,0.1406,0.13673,0.14033,628032.50426088
2024-08-23,0.14048,0.14826,0.14048,0.14699,1050570.76335625
2024-08-24,0.14668,0.1499,0.14498,0.14728,193320.71480778
2024-08-25,0.14728,0.14762,0.141,0.14363,109269.76968604
2024-08-26,0.14443,0.14448,0.13685,0.13706,107832.80701207
2024-08-27,0.13712,0.13941,0.12449,0.12816,1151726.74390305
2024-08-28,0.12793,0.12984,0.12001,0.12504,1788487.27496985
2024-08-29,0.12527,0.13124,0.12389,0.12539,1612149.05030544
2024-08-30,0.12516,0.12815,0.12012,0.12582,1381280.83641503
2024-08-31,0.12531,0.12654,0.12322,0.12477,1542141.60934502
2024-09-01,0.12468,0.12529,0.12,0.12111,657188.27340995
2024-09-02,0.12088,0.12922,0.12043,0.12852,1195608.50271499
2024-09-03,0.12851,0.13028,0.12257,0.12257,2553638.30637466
2024-09-04,0.1222,0.12688,0.11781,0.12481,1545893.66666926
2024-09-05,0.12506,0.12549,0.11953,0.12097,1478391.52394176
2024-09-06,0.12046,0.12301,0.11424,0.11763,762929.89227194
2024-09-07,0.11765,0.1206,0.11718,0.11853,1094712.96998251
2024-09-08,0.11854,0.12275,0.11817,0.1211,403176.90745984
2024-09-09,0.12144,0.12889,0.12112,0.12738,1127099.7625629
2024-09-10,0.12709,0.13189,0.12581,0.12952,899231.17308019
2024-09-11,0.12977,0.12992,0.1239,0.12628,810245.18773862
2024-09-12,0.12655,0.13098,0.12604,0.1307,431099.04481127
2024-09-13,0.13072,0.13221,0.12757,0.13131,448002.85632112
2024-09-14,0.1313,0.1313,0.12743,0.1287,288626.1148175
2024-09-15,0.12868,0.12963,0.12267,0.12358,662304.9322819
2024-09-16,0.12316,0.12387,0.11948,0.12122,301368.71830328
2024-09-17,0.12046,0.12506,0.11961,0.12289,831228.43641455
2024-09-18,0.12292,0.12564,0.119,0.12564,663190.17017772
2024-09-19,0.12579,0.13381,0.12579,0.13232,1279066.63791693
2024-09-20,0.13216,0.13868,0.13058,0.13868,950693.34415501
2024-09-21,0.13868,0.14426,0.13735,0.14411,790899.07312035
2024-09-22,0.14416,0.1485,0.13535,0.13881,1746734.7946685199
2024-09-23,0.13911,0.14323,0.1367,0.14205,584012.07179978
2024-09-24,0.14235,0.145,0.13841,0.14368,575738.07134308
2024-09-25,0.1438,0.14628,0.14263,0.14291,524927.46955824
2024-09-26,0.14348,0.14826,0.13999,0.14695,2639095.90935926
2024-09-27,0.14704,0.1503,0.14596,0.14963,1302918.28183733
2024-09-28,0.14907,0.15263,0.14086,0.14368,376619.20283006
2024-09-29,0.1434,0.14622,0.13953,0.14329,872925.46962333
2024-09-30,0.1432,0.14348,0.13221,0.13369,1053100.7519847201
2024-10-01,0.13358,0.1378,0.118,0.12277,2518066.53712829
2024-10-02,0.12287,0.1258,0.11515,0.11786,2163081.18783152
2024-10-03,0.11758,0.12055,0.1136,0.11805,1118308.4821326
2024-10-04,0.11874,0.12402,0.11737,0.12362,844334.5423882
2024-10-05,0.12381,0.12492,0.12042,0.12242,319682.56724102
2024-10-06,0.12226,0.12582,0.12183,0.12526,310086.22591282
2024-10-07,0.12486,0.12792,0.12288,0.12288,388617.22509832
2024-10-08,0.12321,0.1246,0.11929,0.12063,538779.80192435
2024-10-09,0.12099,0.12238,0.11635,0.11808,414254.04339688
2024-10-10,0.11788,0.11891,0.1147,0.11741,285579.87846318
2024-10-11,0.11774,0.12274,0.11718,0.12194,1470208.78894813
2024-10-12,0.12213,0.12545,0.1219,0.12464,802381.87021082
2024-10-13,0.12475,0.12875,0.12275,0.12604,1791115.68700844
2024-10-14,0.12635,0.13089,0.12413,0.13076,1319398.70907487
2024-10-15,0.13035,0.13484,0.1235,0.12652,1857475.2846132999
2024-10-16,0.12618,0.12708,0.12152,0.12169,1560498.13412626
2024-10-17,0.12234,0.12257,0.11703,0.11792,1964619.9011154
2024-10-18,0.11801,0.1205,0.11786,0.12033,1173298.1917289
2024-10-19,0.12037,0.12274,0.11934,0.12057,523613.64266502997
2024-10-20,0.12078,0.12521,0.12052,0.12474,1959464.07420398
2024-10-21,0.12516,0.12571,0.12035,0.12166,1499677.10960814
2024-10-22,0.12202,0.12254,0.1179,0.12051,954966.85134123
2024-10-23,0.12052,0.12075,0.11329,0.11559,1395930.92932363
2024-10-24,0.11536,0.1189,0.11428,0.11829,653589.91358303
2024-10-25,0.11845,0.11845,0.10344,0.10833,616121.57582492
2024-10-26,0.108,0.10958,0.10613,0.10903,624510.14638894
2024-10-27,0.1091,0.11337,0.10876,0.11211,433690.54156383
2024-10-28,0.11212,0.11381,0.10859,0.11286,631577.59669984
2024-10-29,0.11305,0.11858,0.113,0.11857,1125041.93903415
2024-10-30,0.11842,0.12028,0.1171,0.11828,506915.73646274
2024-10-31,0.11827,0.11852,0.11116,0.11167,1088342.91804996
2024-11-01,0.11127,0.11394,0.10869,0.11053,415417.23913681
2024-11-02,0.11065,0.11187,0.10785,0.10883,373733.56915389
2024-11-03,0.10913,0.1092,0.1015,0.10657,543828.33583054
2024-11-04,0.10602,0.10714,0.101,0.10327,423631.38049558
2024-11-05,0.10409,0.10885,0.10353,0.10836,429221.50473291
2024-11-06,0.10835,0.11865,0.10835,0.11743,670748.85032781
2024-11-07,0.1177,0.12121,0.11624,0.11919,1130483.8929046
2024-11-08,0.1197,0.12157,0.11741,0.12151,600701.52760502
2024-11-09,0.12126,0.12508,0.11957,0.12456,2043959.28597766
2024-11-10,0.1246,0.14122,0.12296,0.13484,2731364.53848039
2024-11-11,0.13483,0.14677,0.13312,0.14603,1800804.6985391
2024-11-12,0.14579,0.15821,0.13683,0.14664,1840196.84316486
2024-11-13,0.1462,0.1495,0.134,0.14021,2034794.46736444
2024-11-14,0.14045,0.14871,0.13629,0.13943,1447283.44773035
2024-11-15,0.13953,0.1554,0.13474,0.15341,2424555.71639779
2024-11-16,0.15349,0.17308,0.1526,0.17178,3106714.66225247
2024-11-17,0.17154,0.17154,0.15168,0.1552,2505869.11280513
2024-11-18,0.15429,0.2125,0.15354,0.18826,7908194.74480524
2024-11-19,0.1873,0.19404,0.17099,0.17683,5864936.80078321
2024-11-20,0.17638,0.17804,0.16323,0.16655,2710319.61730244
2024-11-21,0.16626,0.17549,0.16234,0.17252,1372271.90752786
2024-11-22,0.17247,0.19821,0.16897,0.19729,2408955.30676791
2024-11-23,0.197,0.23205,0.19508,0.21448,4572989.19109047
2024-11-24,0.21486,0.24003,0.20379,0.23464,3710903.32032784
2024-11-25,0.23288,0.25404,0.2209,0.22555,3291245.3239209
2024-11-26,0.22612,0.23353,0.20813,0.228,1233665.73044445
2024-11-27,0.22435,0.23116,0.21938,0.23027,2169851.05991606
2024-11-28,0.23001,0.23001,0.21694,0.22593,1339147.61947671
2024-11-29,0.22597,0.2852,0.2236,0.2752,2228263.01205506
2024-11-30,0.27512,0.2886,0.25824,0.27425,1569418.87718129
2024-12-01,0.27269,0.31504,0.26153,0.30894,2602688.36833736
2024-12-02,0.31051,0.3983,0.31051,0.36965,7027095.36070591
2024-12-03,0.37094,0.595,0.36878,0.47551,23347362.97736843
2024-12-04,0.47433,0.63,0.47433,0.49409,5609718.62394893
2024-12-05,0.49603,0.50907,0.45,0.46065,2493234.19694868
2024-12-06,0.46092,0.50462,0.42538,0.48991,2887120.94448796
2024-12-07,0.5,0.55923,0.465,0.48897,1705607.88899147
2024-12-08,0.48545,0.4916,0.463,0.47297,453245.62853933
2024-12-09,0.47,0.488,0.33323,0.39123,5838104.76543116
2024-12-10,0.38951,0.39711,0.32843,0.379,8325794.9698668
2024-12-11,0.377,0.41219,0.35494,0.39894,4694056.62997237
2024-12-12,0.39756,0.449,0.39302,0.41655,6749002.52618306
2024-12-13,0.41844,0.43225,0.401,0.42116,1700826.66736041
2024-12-14,0.41799,0.42046,0.38074,0.3879,1291696.65893251
2024-12-15,0.38719,0.4007,0.37662,0.39828,1380054.24503846
2024-12-16,0.3985,0.40262,0.36408,0.3815,4119579.91469891
2024-12-17,0.3815,0.39455,0.36836,0.37227,2802325.38367879
2024-12-18,0.37548,0.37582,0.32,0.32431,2653527.13920802
2024-12-19,0.32339,0.34294,0.28831,0.3,4033308.84736967
2024-12-20,0.30208,0.31308,0.2521,0.30434,6902156.48594091
2024-12-21,0.30606,0.33706,0.28519,0.28712,2854220.30930719
2024-12-22,0.28732,0.3034,0.27979,0.29278,626436.33380841
2024-12-23,0.28997,0.34262,0.2839,0.32424,2303409.22325118
2024-12-24,0.32453,0.35144,0.31153,0.34274,2393492.76261027
2024-12-25,0.34673,0.34881,0.32023,0.32293,1949336.45374526
2024-12-26,0.32363,0.32557,0.2895,0.29136,1654710.53522141
2024-12-27,0.29549,0.32153,0.29079,0.29385,2456958.11612417
2024-12-28,0.29592,0.32,0.29096,0.31378,1414135.53926684
2024-12-29,0.31345,0.32099,0.28942,0.29365,958593.07615113
2024-12-30,0.291,0.3035,0.27712,0.28841,2144709.18246335
2024-12-31,0.28699,0.29559,0.27851,0.28174,1359034.2013975
2025-01-01,0.28653,0.33333,0.28193,0.32172,2339256.86185901
2025-01-02,0.32236,0.35794,0.32236,0.34472,2223133.23163087
2025-01-03,0.34499,0.369,0.3388,0.36062,2258790.0797981
2025-01-04,0.36215,0.38126,0.3551,0.35753,1206027.45677024
2025-01-05,0.35681,0.36999,0.35195,0.3588,953132.01986196
2025-01-06,0.35786,0.39964,0.35215,0.37998,2710231.78326243
2025-01-07,0.37797,0.38913,0.33919,0.33919,1641693.46866086
2025-01-08,0.339,0.344,0.301,0.32212,1759936.73952902
2025-01-09,0.32228,0.33095,0.2971,0.3045,2823915.5479954
2025-01-10,0.30493,0.33257,0.3017,0.32313,2100590.46778756
2025-01-11,0.323,0.34805,0.31844,0.33769,2764486.02947618
2025-01-12,0.33705,0.35,0.32284,0.32897,1964327.63552904
2025-01-13,0.326,0.34631,0.29026,0.31678,4103369.89338669
2025-01-14,0.31577,0.35568,0.314,0.34864,2894991.30869322
2025-01-15,0.34963,0.38829,0.34409,0.38517,4607219.14533551
2025-01-16,0.38365,0.409,0.37225,0.39054,3864643.97776783
2025-01-17,0.39136,0.42455,0.39136,0.39985,2129774.68349931
2025-01-18,0.40267,0.40267,0.358,0.36829,1161323.9044959
2025-01-19,0.36994,0.38402,0.31869,0.32558,5356066.07099654
2025-01-20,0.32301,0.36556,0.31342,0.3288,3115944.6030636
2025-01-21,0.32768,0.34565,0.30913,0.33517,2661237.62849072
2025-01-22,0.3353,0.33931,0.321,0.3213,890795.62229016
2025-01-23,0.32196,0.3294,0.30908,0.32124,793561.91706287
2025-01-24,0.31953,0.34,0.309,0.31689,705571.77661363
2025-01-25,0.31902,0.32938,0.31701,0.32375,256825.07829168
2025-01-26,0.32368,0.33443,0.31051,0.31051,280205.80393033
2025-01-27,0.31019,0.31019,0.27009,0.30175,2109596.30054611
2025-01-28,0.30362,0.30689,0.27852,0.27888,253748.83793314
2025-01-29,0.27834,0.30234,0.2766,0.29082,459806.58713203
2025-01-30,0.29093,0.31775,0.29003,0.30775,610129.18621116
2025-01-31,0.30652,0.31778,0.29832,0.30184,286962.97263951
2025-02-01,0.30196,0.30901,0.27585,0.2785,482133.21290919
2025-02-02,0.2785,0.28439,0.225,0.23858,4134151.83416428
2025-02-03,0.23843,0.25503,0.17634,0.24616,8057756.2839396
2025-02-04,0.24718,0.25116,0.21651,0.23186,1230329.27452517
2025-02-05,0.22909,0.23599,0.22131,0.22254,515786.52990064
2025-02-06,0.22533,0.22967,0.20851,0.20917,269400.83089139
2025-02-07,0.21337,0.23444,0.21,0.21733,156719.97069804
2025-02-08,0.21723,0.22771,0.21334,0.22717,120907.38891555
2025-02-09,0.22619,0.23094,0.21155,0.22243,213423.56818568
2025-02-10,0.22363,0.2378,0.21448,0.23047,270268.85971784
2025-02-11,0.23052,0.25103,0.23052,0.23386,1255064.73611115
2025-02-12,0.23231,0.25292,0.22157,0.24745,1166704.29697724
2025-02-13,0.24523,0.24862,0.23236,0.23681,437208.06888149
2025-02-14,0.2373,0.25144,0.23499,0.24488,443068.8326792
2025-02-15,0.24438,0.24975,0.23232,0.23396,196373.13054947
2025-02-16,0.23269,0.23594,0.2272,0.22928,150628.51322677
2025-02-17,0.23085,0.23939,0.22358,0.22716,100311.31132109
2025-02-18,0.22786,0.22803,0.20871,0.21731,1004233.12402133
2025-02-19,0.21816,0.22476,0.21514,0.22432,193436.74332673
2025-02-20,0.22476,0.23027,0.22208,0.23027,231590.35029603
2025-02-21,0.22978,0.24144,0.215,0.21883,519012.7752427
2025-02-22,0.21882,0.23107,0.21749,0.23107,305758.96275486
2025-02-23,0.22989,0.2327,0.22207,0.22787,253511.5846769
2025-02-24,0.22787,0.229,0.19511,0.19878,1290302.01235254
2025-02-25,0.19965,0.20352,0.1826,0.2008,2068327.83672577
2025-02-26,0.2008,0.21095,0.19595,0.20623,1760905.38733715
2025-02-27,0.20757,0.21084,0.19929,0.20378,161272.44595607
2025-02-28,0.2048,0.20692,0.184,0.20361,1509071.24944952
2025-03-01,0.20308,0.21,0.19843,0.20855,1941346.0100855
2025-03-02,0.2072,0.31259,0.20481,0.264,5313732.04221612
2025-03-03,0.26395,0.2652,0.2085,0.21435,2591870.49082388
2025-03-04,0.21194,0.21242,0.1904,0.20983,2383150.02233939
2025-03-05,0.20955,0.22704,0.20789,0.21981,1194144.50806191
2025-03-06,0.21936,0.227,0.20781,0.213,1281341.00276202
2025-03-07,0.212,0.218,0.199,0.20602,993618.95186654
2025-03-08,0.20499,0.20666,0.1955,0.19804,211316.30268426
2025-03-09,0.19801,0.19862,0.1725,0.17695,23464439.63214352
2025-03-10,0.17693,0.19036,0.16494,0.16991,1898330.09031801
2025-03-11,0.16982,0.18183,0.1581,0.17549,1159029.84480704
2025-03-12,0.17623,0.18669,0.17092,0.18287,914673.13532405
2025-03-13,0.18198,0.18617,0.17232,0.17679,207948.08431424
2025-03-14,0.17693,0.18768,0.17679,0.18165,806451.46938852
2025-03-15,0.18171,0.18712,0.18073,0.18509,192304.83010724
2025-03-16,0.18574,0.18613,0.17233,0.17339,593737.59442746
2025-03-17,0.17454,0.18559,0.17368,0.18408,956173.04986829
2025-03-18,0.18347,0.18461,0.17332,0.18325,367846.26100361
2025-03-19,0.18322,0.19444,0.18303,0.1915,1315113.92346501
2025-03-20,0.19213,0.19213,0.1813,0.18247,198152.72893239
2025-03-21,0.18403,0.18526,0.177,0.18037,801094.78642758
2025-03-22,0.17932,0.18515,0.17832,0.18247,888566.61218349
2025-03-23,0.18261,0.18555,0.18143,0.18539,239121.58831899
2025-03-24,0.18563,0.19399,0.18219,0.19014,1802298.32866188
2025-03-25,0.19083,0.20455,0.1877,0.20372,1573308.40687655
2025-03-26,0.20331,0.21102,0.19738,0.19813,1401345.03360373
2025-03-27,0.20038,0.20282,0.19145,0.19757,389411.84610833
2025-03-28,0.19553,0.19771,0.18056,0.18442,402029.59446878
2025-03-29,0.18413,0.18413,0.17,0.17162,612791.75713724
2025-03-30,0.17549,0.17763,0.16769,0.17062,482173.1876593
2025-03-31,0.17002,0.17312,0.164,0.16845,406598.34720512
2025-04-01,0.16932,0.18026,0.1691,0.17463,1711029.01125299
2025-04-02,0.17477,0.178,0.15981,0.1624,1429173.82170559
2025-04-03,0.16151,0.16861,0.15378,0.16342,473263.54223515
2025-04-04,0.1636,0.17,0.15808,0.16553,826425.77131931
2025-04-05,0.16601,0.17005,0.16338,0.1641,191027.17619367
2025-04-06,0.16592,0.16701,0.14306,0.14631,1710553.47072915
2025-04-07,0.14701,0.15649,0.131,0.14978,3143791.36657287
2025-04-08,0.14981,0.15729,0.143,0.14313,1314587.08493695
2025-04-09,0.1443,0.16439,0.13855,0.161,1560401.69777193
2025-04-10,0.16039,0.16147,0.15236,0.15667,1077449.4436438
2025-04-11,0.15688,0.164,0.15545,0.16118,1926008.33053628
2025-04-12,0.16149,0.17225,0.15901,0.17159,3417141.72527643
2025-04-13,0.17157,0.17157,0.16,0.1623,3867013.5675291
2025-04-14,0.162,0.1677,0.16,0.1614,6026884.171091
2025-04-15,0.16162,0.1653,0.15701,0.1581,7856652.47805811
2025-04-16,0.15719,0.15979,0.15352,0.15566,1511777.82031117
2025-04-17,0.15565,0.16044,0.15483,0.15645,1581740.81366057
2025-04-18,0.15643,0.16189,0.15513,0.1596,2065052.2087532
2025-04-19,0.1596,0.1668,0.1596,0.1659,3107367.8264615
2025-04-20,0.16593,0.16868,0.1622,0.1651,2795057.67102225
2025-04-21,0.1655,0.17324,0.1655,0.1684,7150585.63152739
2025-04-22,0.1685,0.18798,0.16719,0.18591,6093451.43778495
2025-04-23,0.18581,0.19764,0.18581,0.19537,2862095.09663313
2025-04-24,0.19537,0.20506,0.18654,0.20236,3297841.29817996
2025-04-25,0.20209,0.21265,0.19726,0.21123,3036185.41068837
2025-04-26,0.21175,0.21888,0.20907,0.21124,1687904.92717341
2025-04-27,0.21141,0.24166,0.20363,0.22084,6748115.809432
2025-04-28,0.22135,0.23041,0.2126,0.22207,4851659.32409815
2025-04-29,0.22326,0.22699,0.20465,0.20868,3156326.8171631
2025-04-30,0.20858,0.2118,0.1983,0.20669,1183890.4252563
2025-05-01,0.20817,0.21443,0.20469,0.20882,1119114.87096924
2025-05-02,0.2085,0.22042,0.20809,0.21596,573049.84888889
2025-05-03,0.21528,0.21528,0.20462,0.20846,369376.60871393
2025-05-04,0.20753,0.21507,0.20186,0.21056,850067.49195875
2025-05-05,0.20961,0.21151,0.20011,0.2066,318152.82754499
2025-05-06,0.20427,0.20579,0.18703,0.19719,3294559.71553404
2025-05-07,0.19752,0.317,0.1967,0.21031,5732240.98562391
2025-05-08,0.2111,0.23353,0.21011,0.23286,3442023.06132006
2025-05-09,0.23299,0.24793,0.23157,0.23849,1289103.76028722
2025-05-10,0.23964,0.25808,0.23722,0.25797,879543.99580001
2025-05-11,0.2562,0.27745,0.24407,0.25104,1430343.05735833
2025-05-12,0.25338,0.26858,0.2335,0.24504,2955137.15526386
2025-05-13,0.24556,0.26002,0.22936,0.25285,1178054.31024467
2025-05-14,0.25391,0.25696,0.241,0.241,591684.82896344
2025-05-15,0.24293,0.24473,0.22539,0.22859,1156551.7351635399
2025-05-16,0.22968,0.23926,0.22492,0.22502,660106.65173
2025-05-17,0.22522,0.2254,0.21398,0.21651,923988.50204708
2025-05-18,0.21655,0.23379,0.21655,0.23112,774883.06115938
2025-05-19,0.2303,0.23165,0.21437,0.22319,2112025.01615851
2025-05-20,0.22337,0.22881,0.21607,0.224,482961.1886954
2025-05-21,0.22441,0.23345,0.21978,0.22776,381235.71243757
2025-05-22,0.22756,0.23826,0.2275,0.23201,1130688.27024131
2025-05-23,0.23214,0.23885,0.20953,0.20953,927953.97300493
2025-05-24,0.20953,0.21302,0.20724,0.2081,917858.56990487
2025-05-25,0.2081,0.20987,0.19946,0.20987,440623.63031064
2025-05-26,0.20987,0.2142,0.20472,0.20553,489762.14763710997
2025-05-27,0.20645,0.21376,0.20155,0.20874,569184.70504994
2025-05-28,0.20855,0.21399,0.20156,0.20788,668646.26398949
2025-05-29,0.20792,0.21283,0.1975,0.1975,1134454.98425954
2025-05-30,0.19904,0.19904,0.1769,0.17808,2953298.88371589
2025-05-31,0.17852,0.18319,0.1733,0.18205,340255.70544621
2025-06-01,0.18039,0.18511,0.17757,0.18488,390695.19515161
2025-06-02,0.185,0.18945,0.18063,0.18928,588933.24805312
2025-06-03,0.18888,0.19177,0.18666,0.18689,1168270.3294891
2025-06-04,0.18763,0.18967,0.18171,0.18187,1733603.34621981
2025-06-05,0.18177,0.18619,0.168,0.1709,1155980.90984118
2025-06-06,0.1702,0.17921,0.17004,0.17625,266093.30065766
2025-06-07,0.1764,0.18204,0.1764,0.181,138749.36443391
2025-06-08,0.18134,0.18416,0.17683,0.1826,142559.80768676
2025-06-09,0.18141,0.19075,0.17873,0.19043,89686.62786954
2025-06-10,0.19043,0.2,0.18798,0.19858,692721.44075133
2025-06-11,0.1971,0.19879,0.18962,0.18983,181808.17919733
2025-06-12,0.18759,0.18823,0.1773,0.1773,339025.62992306
2025-06-13,0.1773,0.1773,0.16571,0.17337,1178259.59457142
2025-06-14,0.17343,0.17345,0.16857,0.17059,131248.4701809
2025-06-15,0.17101,0.1723,0.16866,0.17101,106698.75552466
2025-06-16,0.17102,0.17852,0.17067,0.17286,436386.37424489
2025-06-17,0.17251,0.17321,0.162,0.16426,631678.89712088
2025-06-18,0.16403,0.16619,0.16049,0.16543,332718.10218674
2025-06-19,0.16545,0.16819,0.16386,0.16623,289010.80317834
2025-06-20,0.16728,0.16963,0.15731,0.16081,624043.51916356
2025-06-21,0.16076,0.16239,0.14705,0.15196,769606.25683749
2025-06-22,0.15266,0.15452,0.14,0.1473,788538.39695465
2025-06-23,0.14733,0.16273,0.14631,0.1618,1198557.61967829
2025-06-24,0.16172,0.16551,0.16117,0.16331,267576.17443203
2025-06-25,0.16353,0.16353,0.15604,0.15604,805361.64419277
2025-06-26,0.15685,0.16044,0.15107,0.15246,263597.59311961
2025-06-27,0.15254,0.1559,0.15065,0.15438,242591.14737982
2025-06-28,0.15454,0.1593,0.15322,0.15871,121521.98235623
2025-06-29,0.15862,0.164,0.15607,0.16339,138537.15285378
2025-06-30,0.16401,0.16434,0.157,0.16,377168.11741995
2025-07-01,0.15969,0.15995,0.15041,0.15148,790274.35448131
2025-07-02,0.15122,0.16742,0.14954,0.16435,1011825.0152337
2025-07-03,0.16514,0.16853,0.16321,0.16462,308720.99458686
2025-07-04,0.16255,0.16326,0.15319,0.15568,256778.61699361
2025-07-05,0.15657,0.15711,0.15452,0.1566,112468.56828353001
2025-07-06,0.15648,0.16218,0.15533,0.16125,142328.02309858
2025-07-07,0.16027,0.16196,0.15626,0.15739,459215.6536776
2025-07-08,0.15764,0.16235,0.1553,0.16074,251058.12012432
2025-07-09,0.1606,0.1755,0.15921,0.17535,1376257.21419931
2025-07-10,0.17535,0.183,0.16874,0.18231,1164714.81413924
2025-07-11,0.18142,0.1987,0.17891,0.18813,1877950.4399397
2025-07-12,0.1882,0.19805,0.18132,0.1876,862465.94221965
2025-07-13,0.187,0.2287,0.18689,0.21715,3963591.90006825
2025-07-14,0.21822,0.241,0.21438,0.2202,2408684.8704289002
2025-07-15,0.22052,0.2253,0.21088,0.22441,1904791.97788789
2025-07-16,0.22401,0.24117,0.22076,0.22939,2032314.70470764
2025-07-17,0.22927,0.24622,0.22052,0.24179,3169082.92563376
2025-07-18,0.24139,0.25626,0.2264,0.22926,2289906.44394935
2025-07-19,0.22941,0.23432,0.2231,0.23432,747968.89041777
2025-07-20,0.23432,0.248,0.23243,0.24254,1157230.43593769
2025-07-21,0.24133,0.25018,0.23416,0.23801,1125046.90570207
2025-07-22,0.23801,0.23939,0.22374,0.23257,1202974.14488748
2025-07-23,0.23219,0.23219,0.2076,0.20884,767095.06310373
2025-07-24,0.21011,0.21215,0.19475,0.20485,1459073.06905311
2025-07-25,0.20464,0.20829,0.19743,0.20748,413554.5532166
2025-07-26,0.20725,0.2158,0.20654,0.21124,763079.21250548
2025-07-27,0.21124,0.22295,0.21016,0.22171,749257.35638822
2025-07-28,0.22185,0.22341,0.20405,0.20504,758367.38314759
2025-07-29,0.20444,0.21221,0.20201,0.20384,303407.76175793
2025-07-30,0.204,0.20437,0.19401,0.19917,243830.46248651
2025-07-31,0.20186,0.20572,0.18923,0.18923,261318.21286692
2025-08-01,0.18986,0.18986,0.176,0.1795,897805.19632823
2025-08-02,0.18017,0.1822,0.176,0.17642,373471.66454516
2025-08-03,0.17629,0.18617,0.17555,0.18617,147714.02715817
2025-08-04,0.1858,0.1922,0.18573,0.19138,419284.75393616
2025-08-05,0.18917,0.18917,0.18,0.18191,110612.99030012
2025-08-06,0.18086,0.18994,0.17954,0.18828,293998.33394728
2025-08-07,0.18911,0.2,0.18841,0.2,231030.81989375
2025-08-08,0.2,0.20402,0.19632,0.20192,387372.69897357
2025-08-09,0.20173,0.21152,0.2016,0.20737,763475.98584638
2025-08-10,0.20819,0.21273,0.20189,0.20874,402962.34171488
2025-08-11,0.20888,0.21703,0.20041,0.20049,573694.76246235
2025-08-12,0.20052,0.21399,0.2005,0.21128,205913.21047628002
2025-08-13,0.21177,0.21932,0.21,0.21512,253382.39191697
2025-08-14,0.218,0.22887,0.19533,0.1993,794062.15429244
2025-08-15,0.20036,0.205,0.19364,0.19892,316309.12352176
2025-08-16,0.2001,0.21178,0.19921,0.2096,221698.26399028
2025-08-17,0.20825,0.217,0.20694,0.20965,419469.29225062
2025-08-18,0.20952,0.20952,0.20056,0.20599,218254.94895541001
2025-08-19,0.20478,0.20478,0.193,0.193,208825.82350386
2025-08-20,0.193,0.2015,0.19156,0.2015,181397.55381788
2025-08-21,0.2015,0.20245,0.196,0.196,68569.59047804
2025-08-22,0.196,0.215,0.19099,0.213,574926.42302017
2025-08-23,0.21291,0.21291,0.20601,0.20746,73368.54475515
2025-08-24,0.2074,0.21414,0.19992,0.20425,328748.21567135
2025-08-25,0.20381,0.2078,0.18637,0.19067,623336.15979095
2025-08-26,0.1909,0.1996,0.1909,0.1996,165172.82202535
2025-08-27,0.1995,0.2,0.19392,0.19565,406602.63573797
2025-08-28,0.19635,0.20395,0.19384,0.2025,255359.12856992
2025-08-29,0.20322,0.20374,0.18948,0.19225,249821.72250734
2025-08-30,0.19288,0.19454,0.1905,0.19312,66339.41337819
2025-08-31,0.19345,0.19677,0.1905,0.1905,47582.00469826
2025-09-01,0.19064,0.19431,0.18033,0.1832,1113742.91030889
2025-09-02,0.1845,0.189,0.1825,0.18779,72242.62415529
2025-09-03,0.18869,0.19191,0.18466,0.18824,66064.85983672
2025-09-04,0.18888,0.18947,0.18219,0.18272,199426.12737307
2025-09-05,0.1829,0.18856,0.18135,0.18452,71471.20471137
2025-09-06,0.18376,0.18485,0.18141,0.18225,14919.45875339
2025-09-07,0.18187,0.1864,0.18187,0.1859,52425.99040785
2025-09-08,0.1857,0.19947,0.18564,0.19125,1872478.36884318
2025-09-09,0.1926,0.19687,0.18976,0.19241,71699.25676587
2025-09-10,0.19208,0.197,0.19208,0.197,75171.37577709
2025-09-11,0.19545,0.20398,0.19482,0.19767,705208.80769017
2025-09-12,0.19781,0.20049,0.19502,0.20046,187870.96881599
2025-09-13,0.2005,0.20406,0.199,0.20262,132500.35392833
2025-09-14,0.20189,0.2022,0.19496,0.1966,242338.25788528
2025-09-15,0.19512,0.19701,0.1864,0.1893,779294.70156633
2025-09-16,0.18885,0.19329,0.18775,0.1902,154466.64325154
2025-09-17,0.19006,0.19855,0.18593,0.19501,366177.39176726
2025-09-18,0.19464,0.19968,0.19304,0.1956,41608.337095200004
2025-09-19,0.19747,0.19964,0.18711,0.18711,65944.81273193
2025-09-20,0.18906,0.19044,0.18716,0.18892,74025.86892595
2025-09-21,0.18826,0.18945,0.18368,0.1842,226001.62874441
2025-09-22,0.1844,0.19013,0.16395,0.17188,1381661.93115764
2025-09-23,0.17178,0.174,0.16858,0.17051,107107.7894933
2025-09-24,0.17065,0.17477,0.16747,0.17124,84846.18501853
2025-09-25,0.17058,0.17106,0.16061,0.16061,325906.13833144
2025-09-26,0.16152,0.16968,0.16114,0.16769,349190.55486516
2025-09-27,0.16911,0.16977,0.16601,0.16715,26579.87357598
2025-09-28,0.16782,0.16871,0.16248,0.16801,99252.03513723
2025-09-29,0.16866,0.17131,0.16334,0.16889,189993.31151148
2025-09-30,0.16884,0.17,0.16163,0.16864,850616.10045087
2025-10-01,0.16847,0.17849,0.16687,0.17814,915653.51966098
2025-10-02,0.1785,0.18606,0.17817,0.18457,971775.19780647
2025-10-03,0.18337,0.19175,0.18337,0.19063,664605.88692733
2025-10-04,0.19199,0.19327,0.1844,0.18674,103131.56092238
2025-10-05,0.18861,0.19473,0.18697,0.18789,144717.53242332
2025-10-06,0.19023,0.1963,0.18861,0.19263,159621.51820158
2025-10-07,0.19269,0.19288,0.1815,0.18346,262143.4188843
2025-10-08,0.18337,0.1915,0.18197,0.1879,476285.03016116
2025-10-09,0.18777,0.18777,0.1775,0.18097,362847.01895896
2025-10-10,0.18099,0.18428,0.10579,0.15025,5582025.22911903
2025-10-11,0.15172,0.15172,0.13562,0.13999,1455549.47008973
2025-10-12,0.13824,0.16059,0.138,0.15642,951129.89014165
2025-10-13,0.15623,0.16443,0.154,0.16178,725466.49580292
2025-10-14,0.16217,0.1628,0.145,0.15329,527940.93585388
2025-10-15,0.15324,0.15682,0.14622,0.14623,352408.5338168
2025-10-16,0.14622,0.15019,0.13886,0.13943,249928.15486477
2025-10-17,0.14057,0.14204,0.12786,0.13936,1287390.50405485
2025-10-18,0.1388,0.14264,0.13699,0.14264,509528.93378314
2025-10-19,0.14123,0.14795,0.13942,0.14546,327347.02826208
2025-10-20,0.14506,0.15289,0.14274,0.14871,262438.04318212
2025-10-21,0.14879,0.155,0.14293,0.14407,447159.77928208
2025-10-22,0.14404,0.14847,0.1365,0.13906,2159052.10568013
2025-10-23,0.14049,0.14492,0.14018,0.14316,42031.00538738
2025-10-24,0.14396,0.14848,0.14396,0.14782,95326.58455003
2025-10-25,0.147,0.14943,0.14497,0.1478,71165.01055399
2025-10-26,0.14747,0.15158,0.14603,0.15088,524149.9670901
2025-10-27,0.1509,0.15324,0.14707,0.14765,313785.63515777
2025-10-28,0.14704,0.15722,0.14397,0.14559,292941.33790642
2025-10-29,0.145,0.14893,0.14147,0.144,76012.26705802
2025-10-30,0.14443,0.14543,0.1319,0.13687,472718.74021568
2025-10-31,0.13683,0.14102,0.13544,0.13762,292550.93811162
2025-11-01,0.13728,0.14231,0.13717,0.14146,85955.4941029
2025-11-02,0.14236,0.14497,0.13917,0.14497,493135.20599453
2025-11-03,0.14184,0.14184,0.12448,0.12756,1623650.1165646
2025-11-04,0.13016,0.13215,0.11718,0.12639,976027.68729896
2025-11-05,0.12706,0.13525,0.12161,0.13034,1081180.08138792
2025-11-06,0.13027,0.13325,0.12306,0.127,3106385.43929726
2025-11-07,0.127,0.14998,0.127,0.14469,739020.1536706199
2025-11-08,0.1454,0.1491,0.14019,0.1432,805196.46163159
2025-11-09,0.1429,0.14384,0.1362,0.14164,337797.77117731
2025-11-10,0.14191,0.15159,0.14191,0.14954,662173.51176337
2025-11-11,0.14954,0.15187,0.14238,0.14244,200901.19162265
2025-11-12,0.14251,0.14858,0.13756,0.14056,192298.56354291
2025-11-13,0.14006,0.14593,0.1333,0.13777,145643.82261078001
2025-11-14,0.13836,0.13836,0.13,0.13209,413463.99905021
2025-11-15,0.13353,0.13751,0.13167,0.1352,269819.32947558
2025-11-16,0.13518,0.13628,0.12697,0.13056,333679.5286584
2025-11-17,0.131,0.13148,0.12051,0.12477,1336822.02730664
2025-11-18,0.124,0.1305,0.12244,0.12759,697729.61488458
2025-11-19,0.12803,0.1305,0.119,0.12419,540837.63958122
2025-11-20,0.12384,0.12953,0.11542,0.11981,405570.59165413
2025-11-21,0.11935,0.11997,0.103,0.11318,3653143.60267524
2025-11-22,0.11387,0.11613,0.1101,0.11513,294731.15195343
2025-11-23,0.11506,0.11763,0.11403,0.11553,373801.90384988
2025-11-24,0.11555,0.12057,0.1123,0.11883,437632.86845057
2025-11-25,0.11836,0.11924,0.11507,0.11905,338296.52415799
2025-11-26,0.11825,0.11825,0.11367,0.11704,76974.00786864
2025-11-27,0.11723,0.12134,0.11723,0.11836,530254.27304014
2025-11-28,0.11782,0.11886,0.11274,0.1135,379456.13971585
2025-11-29,0.11371,0.11539,0.11153,0.11177,344874.3516439
2025-11-30,0.11278,0.11313,0.10852,0.10852,167647.77498546
2025-12-01,0.1081,0.1081,0.0955,0.099481,1369176.35510067
2025-12-02,0.09777,0.1063,0.09478,0.10421,515142.2558862
2025-12-03,0.10388,0.1073,0.10028,0.10407,216274.89983116
2025-12-04,0.10456,0.10494,0.09906,0.10075,279136.80305516
2025-12-05,0.10107,0.105,0.09768,0.1,413317.57480958
2025-12-06,0.09991,0.10469,0.09909,0.10252,413956.98665499
2025-12-07,0.10287,0.10516,0.09864,0.1006,209677.25217892
2025-12-08,0.10133,0.10479,0.1011,0.1033,65922.9349009
2025-12-09,0.10348,0.11,0.10193,0.10684,205652.54995494
2025-12-10,0.10635,0.10985,0.10465,0.10465,231724.14319507
2025-12-11,0.10463,0.10463,0.09997,0.10165,429580.83511002
2025-12-12,0.10173,0.10252,0.096845,0.1003,278981.26123092
2025-12-13,0.10011,0.10112,0.099829,0.10023,125310.46911896
2025-12-14,0.10049,0.10049,0.09368,0.094761,139482.84579412
2025-12-15,0.094552,0.09669,0.08808,0.091814,1102927.0766814
2025-12-16,0.09181,0.09372,0.09008,0.093451,1631723.19210928
2025-12-17,0.092589,0.094845,0.08808,0.090149,1199163.09494176
2025-12-18,0.09014,0.09167,0.08311,0.085347,496716.44137728
2025-12-19,0.084746,0.090334,0.083847,0.089849,648684.45228179
2025-12-20,0.089899,0.091851,0.08979,0.090603,41175.47754254
2025-12-21,0.09044,0.090515,0.08655,0.087229,102992.86363420001
2025-12-22,0.08869,0.08869,0.08497,0.085379,393187.11942145
2025-12-23,0.086249,0.086374,0.08214,0.08413,862729.07966941
2025-12-24,0.08466,0.08475,0.08179,0.08399,215443.30471857
2025-12-25,0.08367,0.08504,0.082844,0.082844,47845.72610208
2025-12-26,0.081826,0.08529,0.08179,0.0838,181103.4206025
2025-12-27,0.08388,0.08767,0.08388,0.086971,153731.58520166
2025-12-28,0.087563,0.0879,0.08544,0.08552,62047.57112222
2025-12-29,0.086649,0.087504,0.08295,0.08295,514360.47490335
2025-12-30,0.0835,0.08494,0.082791,0.08427,157145.82085817002
2025-12-31,0.084219,0.08466,0.080307,0.080979,976144.94888724
2026-01-01,0.080879,0.084942,0.07947,0.08414,341038.37274272
2026-01-02,0.08494,0.095181,0.084786,0.0949,1948208.29227445
2026-01-03,0.09517,0.09691,0.09237,0.0941,1741050.07442883
2026-01-04,0.094299,0.1037,0.094299,0.10139,1285294.89325041
2026-01-05,0.10152,0.10801,0.1,0.10691,626877.65026517
2026-01-06,0.10689,0.11783,0.10689,0.11295,884935.76446956
2026-01-07,0.1124,0.11253,0.1066,0.10763,499115.4341314
2026-01-08,0.1078,0.13869,0.101,0.10639,1553448.35731174
2026-01-09,0.1066,0.10988,0.10252,0.10495,581676.48093262
2026-01-10,0.10491,0.10491,0.10093,0.10117,1071459.90161017
2026-01-11,0.10087,0.10151,0.09657,0.098358,2636307.0829561
2026-01-12,0.0985,0.10132,0.094614,0.094879,589769.72659397
2026-01-13,0.095099,0.10565,0.094795,0.10345,726625.73851605
2026-01-14,0.10407,0.10735,0.10063,0.1008,508175.01704673
2026-01-15,0.1006,0.10075,0.094429,0.096144,501145.23138489
2026-01-16,0.096336,0.09782,0.092616,0.09479,444702.36813488
2026-01-17,0.094745,0.097811,0.093946,0.09509,271661.59006876
2026-01-18,0.095298,0.09636,0.08804,0.08804,1059704.00796972
2026-01-19,0.08801,0.08801,0.08041,0.08583,1226760.25303595
2026-01-20,0.085531,0.086305,0.080918,0.0829,1136490.32689726
2026-01-21,0.083145,0.090442,0.083145,0.087232,645740.41488408
2026-01-22,0.08767,0.094,0.086071,0.08775,532410.28675201
2026-01-23,0.087926,0.091,0.087076,0.0895,360821.90430658
2026-01-24,0.08921,0.089528,0.087344,0.088779,93915.99891248
2026-01-25,0.088339,0.088724,0.0818,0.083307,1115980.56337853
2026-01-26,0.08336,0.087767,0.083195,0.086674,712280.7346362
2026-01-27,0.086498,0.088314,0.08391,0.087221,350190.43719488
2026-01-28,0.087542,0.087718,0.085092,0.085887,405007.79189638
2026-01-29,0.08574,0.0859,0.079329,0.08121,1899473.02157899
2026-01-30,0.081568,0.082754,0.075001,0.07756,951594.6080968
2026-01-31,0.07779,0.077884,0.065533,0.07312,877627.9242734
2026-02-01,0.073563,0.075329,0.069695,0.07095,279666.40894267
2026-02-02,0.0709,0.075834,0.068769,0.074852,387579.58272803
2026-02-03,0.074482,0.076533,0.070481,0.073013,368859.4878924
2026-02-04,0.07297,0.079205,0.07262,0.077971,496222.17585373
2026-02-05,0.077819,0.078349,0.06676,0.067436,920715.42320936
2026-02-06,0.066761,0.076425,0.062,0.07372,671502.04319547
2026-02-07,0.073375,0.07347,0.069766,0.071018,184212.27279625
2026-02-08,0.070762,0.071862,0.068859,0.069541,103214.81764854
2026-02-09,0.069609,0.070386,0.067694,0.069116,133286.66819173002
2026-02-10,0.068983,0.069212,0.066271,0.067462,171606.03964529
2026-02-11,0.06754,0.067649,0.063486,0.064628,238720.14133376
2026-02-12,0.064757,0.069159,0.064757,0.067179,123201.98523296
2026-02-13,0.067313,0.069108,0.066061,0.068481,71687.44011198
2026-02-14,0.068617,0.073547,0.068617,0.07228,184565.22945121
2026-02-15,0.07221,0.073245,0.068212,0.068597,257216.28382397
2026-02-16,0.06884,0.07071,0.068088,0.07071,90233.14631793
2026-02-17,0.070853,0.07142,0.06844,0.06904,663324.5203635
2026-02-18,0.069126,0.069783,0.066513,0.06679,110492.34434123
2026-02-19,0.066577,0.068981,0.06644,0.067781,158351.16510276002
2026-02-20,0.068013,0.07201,0.067007,0.070664,252241.05157817
2026-02-21,0.070534,0.071029,0.068593,0.068593,210264.18863409
2026-02-22,0.068524,0.068894,0.067424,0.067933,42964.14615573
2026-02-23,0.067905,0.068029,0.065397,0.066393,129158.45180266
2026-02-24,0.06647,0.066762,0.065142,0.065945,74178.22855522
2026-02-25,0.065816,0.073635,0.065801,0.071061,555414.43104262
2026-02-26,0.071202,0.071299,0.06751,0.069572,395777.1117162
2026-02-27,0.06925,0.070897,0.066257,0.067393,180156.85870087
2026-02-28,0.0674,0.06923,0.063652,0.068498,442964.43245967
2026-03-01,0.068844,0.070353,0.06472,0.065836,232708.00507776
2026-03-02,0.066162,0.069727,0.065166,0.066723,223314.16141296
2026-03-03,0.066693,0.067,0.064632,0.0662,369921.0218098
2026-03-04,0.065953,0.069889,0.065039,0.068298,643181.38913145
2026-03-05,0.068414,0.068414,0.065156,0.066116,554454.89172082
2026-03-06,0.066088,0.066387,0.064199,0.0648,121987.06064342
2026-03-07,0.064916,0.065178,0.063167,0.06322,390504.86615125
2026-03-08,0.063515,0.064378,0.062531,0.063573,100526.20734408
2026-03-09,0.06389,0.065736,0.063158,0.063158,486424.06125067
2026-03-10,0.06321,0.065972,0.062827,0.063157,498734.07878617
2026-03-11,0.06317,0.064812,0.062904,0.063066,548629.30071636
2026-03-12,0.063066,0.063856,0.06246,0.063486,780953.52715954
2026-03-13,0.063915,0.065626,0.063237,0.063682,217246.52499541
2026-03-14,0.06362,0.064051,0.06267,0.063674,147580.34828627
2026-03-15,0.06375,0.065122,0.063184,0.064325,170586.47187294
2026-03-16,0.064568,0.067739,0.064155,0.067585,796420.08484893
2026-03-17,0.067836,0.06811,0.06544,0.066647,173700.37176644002
2026-03-18,0.06656,0.0675,0.062,0.063359,1865802.97825338
2026-03-19,0.06323,0.064075,0.06126,0.062409,154196.42090643
2026-03-20,0.062379,0.0627,0.06166,0.061817,41919.77882125
2026-03-21,0.061951,0.062022,0.059478,0.059578,66446.4866465
2026-03-22,0.059478,0.059648,0.056722,0.05748,997640.46586402
2026-03-23,0.057271,0.0594,0.05673,0.058911,502611.39899921
2026-03-24,0.059,0.059029,0.057969,0.059024,166951.66334377
2026-03-25,0.059107,0.059265,0.058478,0.058934,48009.44749086
2026-03-26,0.059301,0.059344,0.056577,0.057375,205328.80885606
2026-03-27,0.057396,0.057665,0.054501,0.054963,175826.31457037
2026-03-28,0.055058,0.05623,0.054688,0.055146,123826.69835279
2026-03-29,0.054989,0.055365,0.051605,0.053307,817128.49768299
2026-03-30,0.053299,0.056284,0.053299,0.05469,163639.22153762
2026-03-31,0.054584,0.055611,0.054257,0.054893,47274.03990217
2026-04-01,0.054781,0.06115,0.054681,0.059082,1403298.98429555
2026-04-02,0.058975,0.060504,0.057716,0.05891,333357.91421933
2026-04-03,0.05942,0.064914,0.058166,0.063862,435766.11924863
2026-04-04,0.063545,0.063718,0.060914,0.061122,264282.43948735
2026-04-05,0.06109,0.06109,0.057561,0.05915,99843.33797149
2026-04-06,0.059171,0.059879,0.05721,0.057562,116756.90428562
2026-04-07,0.057676,0.06067,0.055023,0.059711,330441.64381254
2026-04-08,0.059763,0.061041,0.05814,0.058346,205311.30582931
2026-04-09,0.058229,0.058426,0.056693,0.057114,164093.10234125
2026-04-10,0.057061,0.058,0.056794,0.057451,123867.51672651
2026-04-11,0.057234,0.05786,0.056383,0.05734,63592.58321514
2026-04-12,0.057434,0.057434,0.054338,0.054338,150017.98887059
2026-04-13,0.054608,0.056372,0.053162,0.056372,64581.04674276
2026-04-14,0.056434,0.056921,0.054643,0.054744,182073.21857845
2026-04-15,0.05504,0.056021,0.054463,0.055602,86128.07102228
2026-04-16,0.055795,0.059575,0.055551,0.05915,179806.79732562
2026-04-17,0.05897,0.061862,0.057796,0.059895,751515.29783893
2026-04-18,0.05984,0.060313,0.0567,0.0567,82944.55546008
2026-04-19,0.05674,0.057791,0.056103,0.056399,63569.83706176
2026-04-20,0.056499,0.058987,0.056499,0.057947,243109.25888096
2026-04-21,0.057942,0.05894,0.057275,0.058126,136300.2565987
2026-04-22,0.057921,0.059197,0.057658,0.057813,155365.54017835
2026-04-23,0.057697,0.058006,0.056,0.056913,95275.85150711
2026-04-24,0.057172,0.058619,0.056293,0.058085,46280.02747583
2026-04-25,0.0581,0.059508,0.057247,0.057758,639531.63275541
2026-04-26,0.05771,0.05831,0.05693,0.05803,345579.8423882
2026-04-27,0.058079,0.058445,0.056305,0.056902,238991.96819061998
2026-04-28,0.056612,0.05681,0.05561,0.05585,53966.35532715
2026-04-29,0.05595,0.05778,0.054226,0.05522,692939.47675286
2026-04-30,0.05522,0.055774,0.05422,0.05449,314700.02519526
2026-05-01,0.05449,0.055557,0.05435,0.05474,201658.12000605
2026-05-02,0.05464,0.055495,0.05435,0.05539,151474.71887185
2026-05-03,0.055262,0.055296,0.05444,0.054561,79018.58040311
2026-05-04,0.054511,0.056036,0.05418,0.05475,1117803.76847916
2026-05-05,0.05492,0.058847,0.054844,0.05767,3041731.93103494
2026-05-06,0.05781,0.060497,0.05747,0.059164,699693.75738301
2026-05-07,0.058883,0.05925,0.057726,0.0581,451551.73808122
2026-05-08,0.05816,0.06317,0.0576,0.06161,1063586.86206091
2026-05-09,0.0618,0.06535,0.061094,0.06112,704492.09097952
2026-05-10,0.061398,0.06496,0.060404,0.06286,2051908.79147886
2026-05-11,0.06288,0.066664,0.06229,0.06535,1891177.90329736
2026-05-12,0.06534,0.06541,0.06176,0.06238,698561.05974874
2026-05-13,0.06228,0.065677,0.06034,0.060491,879685.53353151
2026-05-14,0.06048,0.063838,0.05895,0.062289,1380164.85124894
2026-05-15,0.06233,0.062875,0.057926,0.05804,1408409.86088898
2026-05-16,0.05817,0.05847,0.05516,0.05647,788787.29564783
2026-05-17,0.056379,0.056832,0.054008,0.05507,1055802.91679196
2026-05-18,0.05507,0.056365,0.05446,0.05617,950276.81493448
2026-05-19,0.05622,0.05663,0.05518,0.05583,669261.36537645
2026-05-20,0.05579,0.05664,0.055348,0.05591,614547.18718826
2026-05-21,0.05589,0.058094,0.055811,0.05699,1382873.07251483
2026-05-22,0.05705,0.059007,0.056723,0.05788,2033207.86404513
2026-05-23,0.05797,0.058835,0.054985,0.05819,2676535.16157888
2026-05-24,0.05828,0.0584,0.055381,0.05632,843873.779474
2026-05-25,0.05637,0.058846,0.05589,0.05748,1754009.14007416
2026-05-26,0.057529,0.05877,0.05619,0.05637,1598136.9938221
2026-05-27,0.05642,0.056799,0.05478,0.0554,1026912.70452354
2026-05-28,0.05539,0.06048,0.05362,0.05969,2669160.92303177
2026-05-29,0.05987,0.06547,0.05936,0.06546,4887028.51634168
2026-05-30,0.06547,0.07182,0.06221,0.06225,5617070.91428426
2026-05-31,0.0622,0.063911,0.05955,0.06075,4060157.56789089
2026-06-01,0.06067,0.062029,0.05709,0.05777,4091007.87655673
2026-06-02,0.05777,0.0578,0.052082,0.05292,3262870.37436426
2026-06-03,0.05295,0.0539,0.05022,0.05043,2732762.51309126
2026-06-04,0.05051,0.05067,0.046,0.04784,4932851.9839742
2026-06-05,0.04776,0.04789,0.04301,0.04457,3717635.91589494
2026-06-06,0.04476,0.04521,0.041822,0.04501,2088768.47636537
2026-06-07,0.04496,0.047858,0.04474,0.04692,2287916.12900597
2026-06-08,0.04699,0.049253,0.046,0.04713,2408574.96929396
2026-06-09,0.04722,0.04751,0.04494,0.04538,2619054.50969911
2026-06-10,0.04545,0.04595,0.04388,0.04448,3501570.5462573
2026-06-11,0.04457,0.04665,0.0445,0.04639,1856631.22262451
2026-06-12,0.04646,0.04756,0.0458,0.04653,1544965.49242312
2026-06-13,0.04657,0.04745,0.04591,0.04647,829042.55349514
2026-06-14,0.0464,0.04808,0.04545,0.04758,1214551.53387151
2026-06-15,0.04759,0.05158,0.04679,0.04961,3081685.52827116
2026-06-16,0.04952,0.05112,0.047784,0.04803,1050067.80598904
2026-06-17,0.04813,0.049479,0.046778,0.047353,295446.04501616
2026-06-18,0.047383,0.04901,0.045163,0.04568,373743.44016707
2026-06-19,0.045887,0.046286,0.044839,0.044998,233520.90672852
2026-06-20,0.045033,0.045551,0.0444,0.045272,904607.15205163
2026-06-21,0.045045,0.045539,0.04382,0.04382,152685.22897067
2026-06-22,0.04382,0.045417,0.043212,0.043316,101281.97563932
2026-06-23,0.04325,0.0435,0.040691,0.04197,1895624.28618799
2026-06-24,0.0422,0.04225,0.03939,0.04023,827493.83859569
2026-06-25,0.0403,0.0403,0.037448,0.03771,182733.24242075
2026-06-26,0.037,0.039189,0.036444,0.03864,97311.82481659
2026-06-27,0.03848,0.039743,0.03732,0.03741,105248.43486269
2026-06-28,0.03765,0.03774,0.034985,0.034985,216933.34718223
2026-06-29,0.035271,0.036126,0.034782,0.035006,832786.34716946
2026-06-30,0.034816,0.03575,0.034346,0.03529,489605.12858372
2026-07-01,0.03526,0.03886,0.034242,0.03753,1773020.73910815
2026-07-02,0.03758,0.04055,0.03719,0.03931,393900.7636682
2026-07-03,0.0391,0.04019,0.03853,0.03958,476262.51466699
2026-07-04,0.03959,0.04038,0.038143,0.03939,226124.66806162
2026-07-05,0.03933,0.04018,0.0375,0.03825,522628.99129107
2026-07-06,0.0383,0.0385,0.036109,0.037883,310953.54807107
2026-07-07,0.03769,0.03769,0.036,0.036,105245.02857502
2026-07-08,0.036698,0.03753,0.03588,0.036512,104003.35737558
2026-07-09,0.036329,0.03714,0.036329,0.036848,24122.1059493
2026-07-10,0.037012,0.0434,0.036835,0.039469,2254986.47120872
2026-07-11,0.03902,0.04312,0.03884,0.039533,1017704.63144998
2026-07-12,0.03948,0.03966,0.038018,0.038574,694280.05290595
2026-07-13,0.038652,0.038883,0.03667,0.0367,140710.92261039
2026-07-14,0.03685,0.03732,0.03607,0.03688,480606.11893669
2026-07-15,0.036957,0.03832,0.036281,0.037312,540113.69599776
2026-07-16,0.03728,0.03728,0.035321,0.03533,284354.33482521
2026-07-17,0.03546,0.03673,0.034831,0.03588,190916.31097068
2026-07-18,0.035999,0.03661,0.03553,0.03615,122708.05158942
2026-07-19,0.03617,0.03656,0.03561,0.03584,145279.73008561
2026-07-20,0.036118,0.03636,0.03544,0.03634,233092.17774807
2026-07-21,0.03632,0.038119,0.03612,0.036838,485660.43162301
2026-07-22,0.036926,0.03711,0.03607,0.03639,367092.63408952
2026-07-23,0.03638,0.03642,0.035,0.03507,469356.04525438003
2026-07-24,0.03471,0.03525,0.03401,0.0346,1514480.61890938
2026-07-25,0.03455,0.034819,0.03404,0.034819,115937.59358004
2026-07-26,0.03464,0.03536,0.034605,0.03512,173882.96923344
2026-07-27,0.03502,0.0351,0.031894,0.032231,470488.67507705
2026-07-28,0.032253,0.03284,0.03128,0.03278,495637.34647441
2026-07-29,0.03278,0.03278,0.03145,0.03194,214906.3607054
2026-07-30,0.032201,0.033051,0.03219,0.03244,109668.11265729
2026-07-31,0.03248,0.03267,0.031061,0.032022,88674.5060764
2026-08-01,0.032151,0.03322,0.031901,0.032258,180349.76954221
2026-08-02,0.032362,0.032841,0.032362,0.03283,1113.4517
