time,open,high,low,close,volume
2020-08-21,25.0,25.0,12.916,13.745,42750.29014892
2020-08-22,13.957,16.281,13.676,15.891,30813.81327726
2020-08-23,16.022,16.028,14.715,15.255,11450.26801601
2020-08-24,15.06,15.855,14.762,15.156,10637.18439015
2020-08-25,15.199,15.383,13.5,14.157,16561.90356671
2020-08-26,14.098,15.647,14.098,15.295,28430.4970074
2020-08-27,15.229,15.523,14.024,14.544,38171.80344345
2020-08-28,14.412,15.55,14.293,15.165,37754.40978154
2020-08-29,15.191,17.052,14.998,16.437,80826.75840067
2020-08-30,16.4,17.808,16.351,16.484,87785.93178638
2020-08-31,16.531,16.964,15.535,15.618,62682.38531223
2020-09-01,15.581,16.517,15.135,16.111,72225.00252449
2020-09-02,16.101,16.36,14.12,14.834,130811.42000599
2020-09-03,14.803,14.987,11.0,11.876,154059.13330339
2020-09-04,11.85,12.921,10.97,12.427,111839.88868556
2020-09-05,12.427,12.787,9.093,10.638,211141.92279604
2020-09-06,10.621,13.239,9.782,12.817,107192.17761431
2020-09-07,12.819,13.158,11.222,12.475,139977.91641213
2020-09-08,12.488,12.796,11.076,11.745,95630.14330783
2020-09-09,11.731,12.683,11.469,12.373,46622.47341247
2020-09-10,12.355,13.311,12.191,12.513,80099.37124807
2020-09-11,12.548,12.7,12.059,12.528,36175.18759131
2020-09-12,12.469,12.755,12.165,12.709,28792.76499124
2020-09-13,12.731,13.237,11.8,12.065,56337.93418452
2020-09-14,11.903,12.39,11.683,12.139,49013.03491848
2020-09-15,12.145,12.238,10.804,10.963,48663.55261117
2020-09-16,10.97,11.29,10.504,10.729,38073.24443166
2020-09-17,10.677,11.646,10.524,11.001,40973.46916498
2020-09-18,11.041,11.125,9.813,10.101,53537.80109048
2020-09-19,10.124,10.501,9.95,10.151,40007.64129547
2020-09-20,10.145,10.609,9.5243,9.769,69372.42171834
2020-09-21,9.742,9.931,8.5169,8.7147,140656.04574192
2020-09-22,8.7549,9.0782,8.5706,8.76,67062.16427824
2020-09-23,8.7644,8.826,7.3399,7.69,224129.42333487
2020-09-24,7.6678,10.435,7.53,9.852,343648.19876237
2020-09-25,9.8987,11.25,9.3944,10.728,194487.97852423
2020-09-26,10.76,11.138,10.011,10.339,113655.3350716
2020-09-27,10.357,11.0,9.945,10.827,125930.26283574999
2020-09-28,10.85,11.1,10.18,10.319,72134.14873791
2020-09-29,10.255,10.394,9.4664,10.118,93380.3305498
2020-09-30,10.161,10.283,9.606,9.8791,41663.19387216
2020-10-01,9.94,10.475,9.35,9.6687,141680.83032313
2020-10-02,9.6455,9.821,8.8265,9.23,106524.04505593
2020-10-03,9.24,9.58,9.1341,9.2842,47863.58858495
2020-10-04,9.286,9.4613,9.147,9.401,36778.75443707
2020-10-05,9.401,9.7419,9.2977,9.623,37154.12525987
2020-10-06,9.667,9.667,8.5985,8.791,69186.42389926
2020-10-07,8.77,9.01,8.42,8.9824,48708.54387732
2020-10-08,8.998,9.7,8.446,9.569,83987.8570448
2020-10-09,9.544,10.532,9.4041,10.419,82143.23741207
2020-10-10,10.42,10.91,10.373,10.54,60829.69906909
2020-10-11,10.532,11.02,10.17,10.84,66516.10133092
2020-10-12,10.855,11.81,10.717,11.458,135056.06135566
2020-10-13,11.448,11.585,10.605,11.014,97131.00464144
2020-10-14,11.024,11.395,10.65,10.936,81348.35427085
2020-10-15,10.864,10.93,10.494,10.75,71815.98050598
2020-10-16,10.727,10.893,10.285,10.563,70927.05558958
2020-10-17,10.597,10.717,10.433,10.651,72131.60525105
2020-10-18,10.624,10.98,10.614,10.935,25774.68472324
2020-10-19,10.967,11.22,10.679,10.922,70525.82872068
2020-10-20,10.92,10.935,9.8,9.8463,129225.00199909
2020-10-21,9.8451,11.133,9.8451,10.822,106251.42947119
2020-10-22,10.834,12.458,10.746,12.0,126091.61691225
2020-10-23,11.98,12.286,11.6,12.163,83647.64579786
2020-10-24,12.142,12.972,11.995,12.735,66695.86396678
2020-10-25,12.704,12.853,11.94,12.157,71852.17533679
2020-10-26,12.163,12.493,11.3,11.717,67479.40762279
2020-10-27,11.741,12.465,11.525,11.944,56099.33464329
2020-10-28,11.901,12.139,11.173,11.462,55181.04970543
2020-10-29,11.446,11.785,11.083,11.263,42744.83592624
2020-10-30,11.27,11.451,10.745,11.092,54216.17451431
2020-10-31,11.098,11.371,10.918,11.23,40141.68305181
2020-11-01,11.222,11.593,11.026,11.593,38777.57520549
2020-11-02,11.594,11.677,10.682,10.815,44770.31657308
2020-11-03,10.764,10.764,10.062,10.402,121549.86627164
2020-11-04,10.385,10.668,9.7615,10.468,76226.37839242
2020-11-05,10.486,11.292,10.069,10.957,51225.29927238
2020-11-06,10.991,12.278,10.931,12.183,133193.86164981
2020-11-07,12.167,13.602,11.522,11.767,224178.60531474
2020-11-08,11.781,13.077,11.505,12.739,77578.12680807
2020-11-09,12.726,13.03,12.071,12.511,86444.29602309
2020-11-10,12.495,13.315,12.335,13.028,101176.37380529
2020-11-11,13.035,13.445,12.78,12.81,116032.89453332
2020-11-12,12.805,13.104,12.29,12.408,91861.22072326
2020-11-13,12.438,12.99,12.324,12.859,42617.18469328
2020-11-14,12.889,12.891,12.279,12.547,21643.53131599
2020-11-15,12.535,12.629,11.815,12.13,38362.45709563
2020-11-16,12.121,12.801,12.01,12.623,28110.12318844
2020-11-17,12.67,13.397,12.544,13.38,85382.01406112
2020-11-18,13.4,14.225,12.599,13.554,239631.38345388
2020-11-19,13.558,14.007,13.028,13.638,101285.98424354
2020-11-20,13.609,14.46,13.478,14.085,113183.91018252
2020-11-21,14.082,15.543,13.7,15.363,364707.85453055
2020-11-22,15.408,15.697,13.77,14.472,402511.52922804
2020-11-23,14.481,15.407,14.274,15.249,218730.52614666
2020-11-24,15.278,16.347,14.868,15.596,492002.43300253
2020-11-25,15.633,15.761,13.82,14.236,87665.68889084
2020-11-26,14.209,14.46,11.368,12.638,252696.03715924
2020-11-27,12.648,12.991,12.0,12.505,50952.491043840004
2020-11-28,12.522,13.43,12.413,13.101,95425.62370438
2020-11-29,13.143,13.494,12.88,13.4,57344.32159288
2020-11-30,13.41,14.45,13.41,14.243,104844.23487729
2020-12-01,14.258,14.881,13.067,13.431,180622.52388764
2020-12-02,13.306,14.135,13.104,13.985,60046.81601973
2020-12-03,13.972,14.226,13.653,13.989,30156.36487685
2020-12-04,13.944,14.034,12.532,12.683,147840.99518282
2020-12-05,12.701,13.341,12.544,13.168,39522.61198804
2020-12-06,13.211,13.547,12.765,13.528,56411.94396955
2020-12-07,13.54,13.571,12.89,13.095,48634.31789511
2020-12-08,13.099,13.2,12.007,12.139,89725.47543886
2020-12-09,12.112,12.852,11.619,12.635,154888.29680074
2020-12-10,12.626,12.655,11.849,11.907,63433.18541853
2020-12-11,11.937,11.977,11.438,11.667,23492.86970309
2020-12-12,11.65,12.337,11.65,12.196,68612.61778662
2020-12-13,12.269,13.314,12.043,12.946,125266.92993556
2020-12-14,12.949,12.983,12.333,12.831,90431.70514928
2020-12-15,12.866,13.036,12.45,12.731,54571.659979179996
2020-12-16,12.684,13.487,12.341,13.464,74902.0193971
2020-12-17,13.487,14.441,13.022,13.459,222750.83653695
2020-12-18,13.461,14.017,13.177,13.511,54391.24811584
2020-12-19,13.531,13.97,13.307,13.478,54735.27610474
2020-12-20,13.461,13.845,12.652,13.043,72858.38101844
2020-12-21,12.893,13.246,12.1,12.305,113752.17332368
2020-12-22,12.316,12.837,11.802,12.794,102654.77173846
2020-12-23,12.759,12.86,8.125,11.016,421647.04230917
2020-12-24,10.919,11.669,9.8857,11.6,321534.65552759
2020-12-25,11.6,11.9,11.083,11.545,220384.26164068
2020-12-26,11.591,11.795,10.616,10.951,439250.42826802
2020-12-27,10.952,13.16,10.45,12.139,321693.23963403
2020-12-28,12.156,12.972,11.959,12.642,216023.27431215
2020-12-29,12.603,13.012,10.8,11.74,289655.476758
2020-12-30,11.741,11.971,11.077,11.248,147438.26380616
2020-12-31,11.253,11.733,10.88,11.232,172815.10609926
2021-01-01,11.233,12.471,11.071,11.86,407587.15601028
2021-01-02,11.866,12.4,11.47,12.207,219979.13536973
2021-01-03,12.231,13.99,11.866,13.646,415914.27029002
2021-01-04,13.676,15.69,12.4,13.615,450915.4291223
2021-01-05,13.607,14.924,13.111,14.543,244562.3309062
2021-01-06,14.563,17.3,14.15,17.25,588498.33509102
2021-01-07,17.266,17.39,15.003,15.985,383685.20006863
2021-01-08,16.01,16.2,14.143,15.276,183077.12239963
2021-01-09,15.209,17.9,15.015,17.603,230635.33936906
2021-01-10,17.637,18.45,15.5,16.249,451212.31473926
2021-01-11,16.249,16.268,12.592,14.648,473080.35797723
2021-01-12,14.619,15.48,13.688,13.994,108080.72165276
2021-01-13,13.949,16.2,13.4,15.934,124536.90040465
2021-01-14,15.946,17.95,15.327,17.95,226347.0358241
2021-01-15,17.965,21.37,17.493,20.799,824843.57007684
2021-01-16,20.8,22.969,19.595,20.163,397514.38260853
2021-01-17,20.067,23.788,19.252,23.39,471527.44640683
2021-01-18,23.277,23.641,21.152,22.074,268764.49696839
2021-01-19,22.091,22.894,20.421,20.582,153235.89843845
2021-01-20,20.616,22.002,19.047,21.842,258000.22448548
2021-01-21,22.0,22.02,18.04,18.44,438182.43295874
2021-01-22,18.376,22.499,17.138,21.661,405087.88344714
2021-01-23,21.644,25.748,21.203,24.747,540422.79873413
2021-01-24,24.796,24.971,23.3,24.784,156512.71872426
2021-01-25,24.9,25.78,22.6,23.372,178446.30208998
2021-01-26,23.311,23.97,21.66,23.142,178847.54096996
2021-01-27,23.081,23.234,20.2,20.988,403055.96813137
2021-01-28,21.0,24.5,20.567,22.935,174361.43720052
2021-01-29,22.96,24.289,22.076,22.757,182342.46144833
2021-01-30,22.779,23.99,22.129,23.635,92412.99040081
2021-01-31,23.714,24.739,22.103,22.626,132575.79338757
2021-02-01,22.58,23.186,21.665,22.895,81835.93905782
2021-02-02,22.896,24.2,22.8,23.739,62365.7611059
2021-02-03,23.796,25.6,23.636,25.061,207410.99140416
2021-02-04,25.166,26.133,22.757,24.525,174147.27013948
2021-02-05,24.562,26.97,24.4,26.329,285854.33775225
2021-02-06,26.366,26.81,24.088,25.017,414030.47190747
2021-02-07,25.037,25.317,22.86,24.781,248212.31916496
2021-02-08,24.738,26.077,23.999,25.528,117964.49251626
2021-02-09,25.479,28.0,25.061,27.635,252441.30171477
2021-02-10,27.698,28.677,25.154,26.838,459967.74079187
2021-02-11,26.77,28.575,26.238,27.878,259179.55818371
2021-02-12,27.929,31.47,26.7,30.629,346492.29133607
2021-02-13,30.649,34.707,29.067,34.215,448295.12441231
2021-02-14,34.171,35.652,32.352,33.153,273729.94680207
2021-02-15,33.238,34.899,27.496,32.513,446579.28707571
2021-02-16,32.575,33.447,30.766,32.027,176376.77188006
2021-02-17,32.002,32.605,30.03,32.225,101928.98762014
2021-02-18,32.245,33.59,31.822,32.442,92192.21228580001
2021-02-19,32.537,35.5,31.354,34.678,262328.42427569
2021-02-20,34.734,36.89,32.179,33.882,474857.48527927
2021-02-21,33.861,35.303,33.245,34.109,106841.26201717
2021-02-22,34.099,34.157,25.115,31.554,454630.77368726
2021-02-23,31.464,31.593,20.843,25.964,773684.96667135
2021-02-24,26.0,29.289,24.513,28.099,243122.00608415
2021-02-25,28.089,28.695,24.431,24.745,170124.66275195
2021-02-26,24.717,26.953,23.629,25.118,195173.60273787
2021-02-27,25.194,27.42,24.851,26.182,148948.62016074
2021-02-28,26.232,26.777,22.952,24.614,106040.70570391
2021-03-01,24.776,27.724,24.689,27.724,92255.70288819
2021-03-02,27.748,30.5,27.17,28.545,250862.94905931
2021-03-03,28.396,31.452,28.283,29.813,157710.72774713
2021-03-04,29.821,30.583,27.245,27.73,106896.53174076
2021-03-05,27.682,28.253,25.73,27.956,68143.00984865
2021-03-06,27.96,28.333,26.366,28.138,69367.26575453
2021-03-07,28.165,29.112,27.415,28.595,43283.72914575
2021-03-08,28.634,31.839,28.332,31.839,87773.8043077
2021-03-09,31.842,32.014,30.437,31.546,101425.93366246
2021-03-10,31.549,31.806,29.297,29.955,101240.92353152
2021-03-11,29.94,30.51,28.596,30.113,61867.13092671
2021-03-12,30.213,30.448,27.724,28.39,95098.43140968
2021-03-13,28.339,30.597,26.999,29.9,233496.66483867
2021-03-14,29.788,30.182,28.523,28.539,49332.33667414
2021-03-15,28.525,29.375,26.862,27.481,117096.97417995
2021-03-16,27.525,28.138,26.424,27.927,111759.0736744
2021-03-17,27.924,31.15,27.325,31.028,395854.38229781
2021-03-18,31.061,31.302,29.012,29.446,111892.75808904
2021-03-19,29.38,30.532,28.697,29.8,75144.80736007
2021-03-20,29.8,31.447,29.576,29.582,90406.65316488
2021-03-21,29.591,30.071,28.58,29.244,152052.80239202
2021-03-22,29.161,29.409,27.232,27.233,72278.49959552
2021-03-23,27.236,27.891,26.608,26.823,87882.30001707
2021-03-24,26.755,27.859,23.694,24.89,256472.22902685
2021-03-25,24.762,26.605,24.429,25.576,106290.11903014
2021-03-26,25.552,27.388,25.386,27.33,61873.16132153
2021-03-27,27.399,27.472,26.039,26.836,56491.47759748
2021-03-28,26.989,27.697,26.13,26.673,15997.80402125
2021-03-29,26.658,28.6,26.409,28.05,72144.70173629001
2021-03-30,28.111,28.619,27.463,27.861,140427.11107974
2021-03-31,27.905,29.4,26.259,29.4,80051.08029882
2021-04-01,29.438,31.116,29.369,30.147,140835.95220877
2021-04-02,30.12,32.5,29.541,32.461,112835.25803710001
2021-04-03,32.476,33.123,29.123,29.256,196165.98213014
2021-04-04,29.161,31.433,28.699,30.762,63709.83964467
2021-04-05,30.78,32.6,29.66,32.399,93222.2043614
2021-04-06,32.499,34.872,31.31,34.71,213173.62021074
2021-04-07,34.772,35.071,30.265,31.126,213728.99102146
2021-04-08,31.09,32.896,30.977,32.811,65655.9709679
2021-04-09,32.9,33.266,31.25,31.63,70844.00143172
2021-04-10,31.612,33.016,31.07,31.896,144588.46584475
2021-04-11,31.942,34.458,31.74,33.945,135839.26345688
2021-04-12,33.949,34.158,31.9,33.11,89387.90564897
2021-04-13,33.19,35.81,32.381,35.478,117325.42798428
2021-04-14,35.488,41.976,34.971,41.358,383169.88838346
2021-04-15,41.349,44.288,39.66,42.642,273734.79595014
2021-04-16,42.622,43.253,38.593,42.085,358555.26142527
2021-04-17,41.99,44.0,39.837,39.905,132894.07374366
2021-04-18,39.905,40.25,29.702,39.073,433592.26741416
2021-04-19,39.191,41.95,34.78,35.675,243757.99150429
2021-04-20,35.858,39.32,33.36,38.974,171007.34662129
2021-04-21,39.034,39.442,35.939,36.353,159629.61614878
2021-04-22,36.21,40.809,33.891,35.2,207268.76859321
2021-04-23,35.146,35.919,30.001,35.2,238143.18687591
2021-04-24,35.251,35.28,31.196,31.406,58691.39051459
2021-04-25,31.366,33.483,29.965,31.725,98880.79937477
2021-04-26,31.769,35.325,31.454,35.2,67006.51678425
2021-04-27,35.164,37.665,34.597,36.763,74070.60901139
2021-04-28,36.769,37.84,35.0,36.199,26257.24135818
2021-04-29,36.268,37.399,35.032,36.442,47691.44771671
2021-04-30,36.443,38.821,35.854,38.107,103444.67611511
2021-05-01,38.044,41.27,37.467,41.27,80809.11967947
2021-05-02,41.269,41.393,38.68,39.455,59376.48693862
2021-05-03,39.455,42.683,39.241,42.0,62376.20953763
2021-05-04,42.216,48.515,38.643,45.676,352047.38235414
2021-05-05,45.634,51.184,45.0,49.571,210249.88008562
2021-05-06,49.623,49.92,45.367,47.194,168800.12410871
2021-05-07,47.188,51.928,45.77,49.333,176209.18655107
2021-05-08,49.259,50.14,46.567,48.6,92982.68112046
2021-05-09,48.68,52.295,46.031,52.243,142946.17602246001
2021-05-10,52.32,53.0,40.752,46.385,220871.70827281
2021-05-11,46.376,48.862,44.581,48.818,144837.71061841
2021-05-12,48.803,49.843,41.015,41.62,245236.08393296
2021-05-13,41.616,44.93,39.408,43.243,346994.72929414
2021-05-14,43.224,47.79,43.011,46.619,269398.75933578
2021-05-15,46.561,47.86,41.09,41.528,192337.6111139
2021-05-16,41.68,44.687,38.082,40.805,270940.71461217
2021-05-17,40.729,40.729,35.275,37.136,448673.51935028
2021-05-18,37.24,44.745,36.715,42.542,187144.46514414
2021-05-19,42.659,43.484,19.696,26.28,810336.66319599
2021-05-20,26.309,32.966,22.636,30.739,440987.35759918
2021-05-21,30.643,31.935,22.201,25.604,309866.67604399
2021-05-22,25.624,26.22,22.336,23.285,407919.72730903
2021-05-23,23.267,24.421,15.047,19.857,586252.73507129
2021-05-24,19.948,26.435,19.773,26.385,525794.71432816
2021-05-25,26.358,27.717,23.783,27.518,139567.34250689
2021-05-26,27.705,34.325,26.918,34.065,164685.16317124
2021-05-27,34.05,35.325,30.145,31.688,691648.43584105
2021-05-28,31.456,32.151,26.85,27.911,319560.76233207
2021-05-29,27.83,29.715,24.137,25.33,197192.65866938
2021-05-30,25.327,29.078,23.664,26.831,151679.83625507
2021-05-31,26.772,32.047,25.618,32.047,183086.37325475
2021-06-01,32.069,32.649,29.083,30.66,66914.87316479
2021-06-02,30.833,32.202,29.739,30.658,37583.31896216
2021-06-03,30.744,32.828,30.062,32.203,35248.37389783
2021-06-04,32.203,32.209,27.232,28.832,135998.25670654
2021-06-05,28.829,30.146,26.071,27.204,67394.52613252
2021-06-06,27.152,28.183,26.865,27.477,16167.49728385
2021-06-07,27.537,28.683,24.281,24.588,114366.45719721
2021-06-08,24.551,25.084,21.403,24.165,266667.11510156
2021-06-09,24.102,25.594,22.496,25.578,166179.70731575
2021-06-10,25.567,25.757,22.699,23.037,92010.93400116
2021-06-11,23.054,23.311,21.0,21.457,46843.85841543
2021-06-12,21.47,22.299,20.05,21.698,36484.75442855
2021-06-13,21.595,23.852,20.448,23.332,59882.57020373
2021-06-14,23.424,25.211,22.852,24.963,96164.66102469
2021-06-15,24.978,26.392,24.383,24.503,62425.40898375
2021-06-16,24.4,24.625,22.942,22.999,72961.88096258
2021-06-17,22.977,24.41,22.806,23.37,23358.85897264
2021-06-18,23.246,23.36,20.558,21.223,74409.88914694
2021-06-19,21.197,21.936,20.176,20.405,62533.27891939
2021-06-20,20.332,22.054,19.133,21.745,45111.30420301
2021-06-21,21.674,21.86,17.07,17.47,199101.88290371
2021-06-22,17.519,18.851,15.052,16.747,397432.79599978
2021-06-23,16.86,19.173,16.212,18.4,138722.75291716
2021-06-24,18.4,19.498,17.383,19.016,48590.43763999
2021-06-25,19.084,19.472,16.83,16.911,213606.46251099
2021-06-26,16.876,17.493,15.954,16.948,136406.73083288
2021-06-27,16.994,18.411,16.62,18.411,218023.71851319
2021-06-28,18.441,19.453,17.937,18.79,255432.01706574
2021-06-29,18.85,20.551,18.765,19.54,47208.85208735
2021-06-30,19.502,19.767,18.743,19.492,98459.51737323
2021-07-01,19.506,19.506,17.6,18.262,119106.77841139
2021-07-02,18.184,18.51,17.299,18.32,147537.56023536
2021-07-03,18.317,18.876,17.902,18.513,51865.02657355
2021-07-04,18.566,19.885,18.026,19.241,95272.88446117
2021-07-05,19.144,19.202,17.763,18.428,82617.74610688
2021-07-06,18.363,20.261,18.325,20.102,133320.44477183
2021-07-07,20.081,21.269,19.653,19.74,50697.67837372
2021-07-08,19.737,19.873,18.129,18.393,66261.06527997
2021-07-09,18.267,18.841,17.629,18.683,41361.14202334
2021-07-10,18.642,18.95,17.742,18.2,21755.97656682
2021-07-11,18.25,18.547,17.859,18.382,9397.59567162
2021-07-12,18.37,18.574,17.129,17.512,33935.48687509
2021-07-13,17.445,17.746,16.69,16.896,23342.56336517
2021-07-14,16.817,17.391,16.032,16.912,15044.14433614
2021-07-15,16.956,17.194,15.539,15.739,29439.23669281
2021-07-16,15.686,16.319,15.154,15.248,30700.6487578
2021-07-17,15.247,15.673,15.058,15.384,23881.56062837
2021-07-18,15.437,16.036,15.191,15.57,50577.3600766
2021-07-19,15.502,15.618,14.444,14.601,41735.6149652
2021-07-20,14.524,14.773,13.433,13.767,54116.37569233
2021-07-21,13.75,15.788,13.501,15.26,69544.92031518
2021-07-22,15.282,16.159,14.972,16.078,40320.31112698
2021-07-23,16.188,16.577,15.253,16.507,23727.47649995
2021-07-24,16.521,17.131,16.337,16.697,24797.30642186
2021-07-25,16.662,17.066,16.175,16.738,30121.91274055
2021-07-26,16.767,19.941,16.721,18.043,185937.19838482
2021-07-27,18.01,19.591,17.617,19.482,72716.37415412
2021-07-28,19.481,19.99,18.69,19.046,42294.0799187
2021-07-29,19.079,19.45,18.608,19.38,17907.01151021
2021-07-30,19.414,22.675,18.824,22.327,178936.0058028
2021-07-31,22.279,23.349,21.23,22.704,59537.46656603
2021-08-01,22.697,23.9,21.846,22.092,109136.17737163
2021-08-02,22.083,23.957,21.429,23.48,93848.50156663
2021-08-03,23.379,24.4,22.138,23.862,133592.21730023
2021-08-04,23.948,24.989,22.88,24.199,66333.69101016
2021-08-05,24.183,24.34,22.53,24.079,84651.39893664
2021-08-06,24.03,24.367,23.1,23.863,60750.75092255
2021-08-07,23.874,25.092,23.658,24.696,50775.95344188
2021-08-08,24.666,24.924,22.591,22.994,32071.6440955
2021-08-09,23.058,24.673,22.082,24.22,66821.35898203
2021-08-10,24.183,25.537,23.756,24.587,85428.99498802
2021-08-11,24.539,27.28,24.514,25.974,72479.49853861
2021-08-12,25.827,26.83,24.131,24.909,44519.553347
2021-08-13,24.96,27.795,24.755,27.795,87429.37564482
2021-08-14,27.626,27.943,26.345,27.171,85614.24133708
2021-08-15,27.18,27.998,25.93,27.87,66783.25233165
2021-08-16,27.978,30.524,27.727,27.953,187397.00455698
2021-08-17,27.925,30.267,25.959,26.162,112407.90138016
2021-08-18,26.108,26.921,24.9,25.367,139299.13564757
2021-08-19,25.366,27.083,24.502,27.016,90017.89011476
2021-08-20,27.093,29.027,26.687,28.732,181244.1243531
2021-08-21,28.735,29.163,27.683,27.874,88088.12525063
2021-08-22,27.887,28.631,26.816,27.996,62009.35552582
2021-08-23,27.996,29.3,27.812,28.515,61444.75138204
2021-08-24,28.499,28.887,25.724,25.749,126924.88219664
2021-08-25,25.719,26.827,25.299,26.566,96255.51911403
2021-08-26,26.551,26.929,23.9,24.495,99532.49291542
2021-08-27,24.433,26.103,24.025,26.031,69950.10100561
2021-08-28,26.041,26.216,25.415,25.724,10597.15418399
2021-08-29,25.756,26.539,25.17,25.811,26817.29891036
2021-08-30,25.812,26.511,24.303,25.023,53727.71361389
2021-08-31,25.06,27.564,24.742,26.744,114870.60379034
2021-09-01,26.643,29.8,26.132,29.73,128308.72500703
2021-09-02,29.699,30.857,28.789,29.973,115747.79035161
2021-09-03,29.993,31.734,29.125,30.759,198211.95575606
2021-09-04,30.736,31.178,29.421,29.891,91166.84877696
2021-09-05,29.867,33.601,29.558,33.587,158645.15246926
2021-09-06,33.597,36.313,32.564,34.818,538275.57970811
2021-09-07,34.826,35.321,23.82,28.214,645180.33095411
2021-09-08,28.228,29.163,25.196,27.138,364853.35187935
2021-09-09,27.183,30.171,26.5,27.899,224983.21232445
2021-09-10,27.965,29.534,25.66,26.394,293616.32396027
2021-09-11,26.429,27.666,26.283,26.974,391545.27008908
2021-09-12,27.005,29.726,26.431,29.43,224843.88207837
2021-09-13,29.452,29.918,25.209,26.993,237560.48957111
2021-09-14,26.829,30.806,26.753,30.806,338734.66154087
2021-09-15,30.829,31.402,29.607,30.778,230678.40796737
2021-09-16,30.785,32.062,29.086,29.844,285127.41521527
2021-09-17,29.817,30.134,27.412,27.696,155308.90151992
2021-09-18,27.72,29.441,27.416,28.399,31958.275643689998
2021-09-19,28.343,28.787,26.942,27.378,103673.74369215
2021-09-20,27.38,27.411,23.057,23.424,419438.37367042
2021-09-21,23.591,24.372,20.86,21.454,348601.48759615
2021-09-22,21.447,24.5,21.05,24.477,127422.00210294
2021-09-23,24.473,25.468,23.448,25.428,125662.58600301
2021-09-24,25.458,25.474,21.416,23.275,178516.6891816
2021-09-25,23.3,24.694,22.082,24.506,154080.92572459
2021-09-26,24.534,25.361,22.413,24.629,229245.7645063
2021-09-27,24.563,25.447,23.0,23.017,76610.5214377
2021-09-28,23.12,23.743,22.034,22.103,87931.22752379
2021-09-29,22.111,23.895,22.03,22.853,114606.88927876
2021-09-30,22.796,24.363,22.76,24.004,146918.57212926
2021-10-01,23.995,26.67,23.607,26.324,135576.55869574
2021-10-02,26.322,27.834,25.86,26.931,86163.90810505
2021-10-03,27.068,28.16,26.551,27.582,111681.69818534
2021-10-04,27.501,27.658,25.604,26.608,105046.49937285
2021-10-05,26.638,27.494,26.194,27.251,119790.55443434
2021-10-06,27.238,28.156,25.237,26.805,217223.43731022
2021-10-07,26.813,27.71,25.92,26.86,115560.88932526
2021-10-08,26.829,27.436,26.13,26.39,96007.49776712
2021-10-09,26.389,27.885,26.078,27.407,96962.6932286
2021-10-10,27.448,27.448,25.47,25.61,77917.24512085
2021-10-11,25.483,26.761,24.638,25.232,270068.83448437
2021-10-12,25.199,25.224,23.541,24.612,231856.39243047
2021-10-13,24.646,25.632,24.174,25.632,53326.05116856
2021-10-14,25.689,27.855,25.424,26.674,111398.15613538
2021-10-15,26.718,27.36,26.034,26.953,133535.39707976
2021-10-16,27.028,28.681,26.946,27.239,124902.1738448
2021-10-17,27.244,27.593,25.567,26.533,67512.70734811
2021-10-18,26.551,26.742,25.261,25.623,64817.23408253
2021-10-19,25.691,26.31,25.367,25.908,49745.24087532
2021-10-20,25.928,27.643,25.864,27.488,307443.2378313
2021-10-21,27.492,29.322,27.21,28.266,480912.00005381
2021-10-22,28.271,30.049,28.058,28.681,487385.47143799
2021-10-23,28.68,31.437,28.361,31.419,147758.29695588
2021-10-24,31.361,31.506,28.763,29.737,100442.98968355
2021-10-25,29.716,32.896,29.544,32.392,127677.55893959
2021-10-26,32.398,33.734,31.35,32.451,98532.66666892
2021-10-27,32.555,33.878,27.852,28.867,263681.85107045
2021-10-28,28.929,30.817,28.637,30.215,117828.80859653
2021-10-29,30.212,31.937,29.994,30.948,111801.34093536
2021-10-30,30.968,31.115,29.211,29.767,94639.99379624
2021-10-31,29.796,30.69,28.678,30.0,59504.35794831
2021-11-01,29.986,31.816,29.167,31.717,70856.98033877
2021-11-02,31.694,32.472,31.023,32.277,86511.01266318
2021-11-03,32.297,32.778,30.604,31.918,123128.06111828
2021-11-04,31.949,32.09,30.212,30.98,23565.75993292
2021-11-05,30.954,33.7,30.693,32.864,109604.30374923
2021-11-06,32.887,33.19,30.755,31.962,54375.58569383
2021-11-07,32.059,32.619,31.744,32.19,28152.34603733
2021-11-08,32.345,34.816,32.237,34.464,118907.30435006
2021-11-09,34.43,35.592,33.409,33.851,73296.63590175
2021-11-10,33.838,38.273,31.88,34.223,307845.01637982
2021-11-11,34.157,36.924,33.421,34.71,188019.75250019
2021-11-12,34.697,35.437,32.73,34.266,137198.38537194
2021-11-13,34.399,34.495,33.225,34.099,35820.28318092
2021-11-14,33.994,34.428,32.571,33.783,67967.4813706
2021-11-15,33.758,34.455,31.994,32.015,34511.47597884
2021-11-16,31.99,31.99,27.945,29.173,198882.82887976
2021-11-17,29.129,29.692,28.07,29.182,88116.17260921
2021-11-18,29.216,29.7,25.893,26.57,184324.89325872
2021-11-19,26.579,28.859,26.148,28.306,87605.54890178
2021-11-20,28.29,28.689,27.32,28.313,39698.15774293
2021-11-21,28.369,29.27,27.755,29.103,39181.81130918
2021-11-22,29.057,29.113,26.342,26.782,124417.61976681
2021-11-23,26.778,27.563,26.194,26.947,145791.20275175
2021-11-24,26.953,27.151,25.182,25.612,213779.35006002
2021-11-25,25.584,27.606,25.421,26.381,90448.50657806
2021-11-26,26.426,26.581,23.0,24.001,388763.61914549
2021-11-27,23.996,25.004,23.831,24.127,101294.0796846
2021-11-28,24.103,25.019,22.684,24.786,141845.11954371
2021-11-29,24.773,25.596,24.598,25.007,130856.3886819
2021-11-30,25.005,26.5,24.192,25.297,93415.70221145
2021-12-01,25.33,26.899,25.004,25.357,128028.0955025
2021-12-02,25.336,25.336,24.22,24.554,124503.17593433001
2021-12-03,24.558,25.842,22.337,23.359,154025.24959754
2021-12-04,23.339,23.342,15.0,20.711,408674.10888812
2021-12-05,20.682,20.927,18.493,19.508,180246.15554356
2021-12-06,19.541,19.916,17.27,19.873,217024.63757123
2021-12-07,19.829,21.17,19.737,21.097,182720.0103794
2021-12-08,21.114,23.193,20.809,22.91,343185.00330182
2021-12-09,22.932,23.045,20.253,20.325,223873.89942948
2021-12-10,20.276,20.883,18.505,18.538,219081.1513132
2021-12-11,18.556,20.212,18.196,19.913,131913.1895639
2021-12-12,20.0,20.796,19.263,20.439,95969.73277161
2021-12-13,20.491,20.575,17.316,17.811,150903.22098522
2021-12-14,17.786,18.605,17.452,18.462,140638.7802346
2021-12-15,18.471,19.965,17.299,19.703,156312.96709038
2021-12-16,19.736,20.326,18.733,18.769,77309.52829645
2021-12-17,18.76,19.216,17.777,18.295,156152.69110392
2021-12-18,18.269,20.004,17.829,19.509,110878.53042089
2021-12-19,19.556,20.383,18.84,18.851,129205.87247862
2021-12-20,18.872,19.191,18.055,18.79,69351.31054846
2021-12-21,18.823,19.649,18.378,19.438,82509.44533397
2021-12-22,19.441,20.812,19.253,19.955,107903.26678691
2021-12-23,19.929,22.211,19.588,22.173,294664.3171581
2021-12-24,22.173,22.628,21.237,21.437,166454.16030998
2021-12-25,21.476,22.391,21.311,22.125,100891.77443561
2021-12-26,22.11,23.573,21.138,23.04,242377.69834784
2021-12-27,23.04,24.49,22.813,23.001,121125.76683687
2021-12-28,23.024,23.024,20.35,20.363,187951.86712613
2021-12-29,20.393,20.991,19.543,19.712,262720.87324665
2021-12-30,19.729,20.423,19.176,19.944,261223.18597972
2021-12-31,19.937,20.621,19.057,19.525,305994.75451958
2022-01-01,19.534,20.779,19.528,20.759,166956.09191439
2022-01-02,20.765,22.202,20.584,21.881,277625.11551328
2022-01-03,21.874,23.774,21.272,23.709,350968.82157809
2022-01-04,23.735,24.471,22.798,23.465,363935.00812749
2022-01-05,23.467,27.444,22.39,25.224,893687.00880376
2022-01-06,25.233,25.946,23.356,25.401,850142.18504216
2022-01-07,25.399,27.3,22.681,25.894,746262.41070632
2022-01-08,25.958,27.297,23.542,25.333,504971.85130707
2022-01-09,25.335,28.67,25.124,27.54,472067.82016027
2022-01-10,27.505,28.509,25.1,27.988,300460.84360119
2022-01-11,28.006,28.704,25.881,26.602,215890.61422424
2022-01-12,26.611,27.251,25.643,26.762,185513.73974737
2022-01-13,26.774,26.774,24.451,24.859,221047.73832869
2022-01-14,24.868,25.895,23.947,25.75,214580.50988725
2022-01-15,25.743,26.219,25.12,25.197,188658.8776447
2022-01-16,25.184,26.501,24.683,25.495,409194.14353293
2022-01-17,25.5,25.619,23.302,23.816,114568.13154129
2022-01-18,23.804,24.318,22.062,22.991,178630.80799499
2022-01-19,22.976,23.142,21.237,21.551,130116.80596362
2022-01-20,21.563,22.99,20.051,20.202,153980.10747822
2022-01-21,20.166,20.508,17.153,17.467,305439.19580369
2022-01-22,17.412,17.809,14.277,15.887,450954.89734532
2022-01-23,15.874,16.881,15.173,16.655,273507.37708449
2022-01-24,16.657,16.665,13.474,15.607,646604.10373574
2022-01-25,15.593,16.019,14.605,15.501,318201.1462496
2022-01-26,15.513,16.797,14.711,15.237,443344.37190217
2022-01-27,15.216,15.711,14.335,15.224,383734.60908606
2022-01-28,15.228,16.3,14.765,16.156,341594.19490751
2022-01-29,16.161,16.749,15.972,16.226,218896.52556094
2022-01-30,16.249,18.087,16.035,17.789,314422.83272153
2022-01-31,17.811,17.877,16.494,17.139,164804.13279425
2022-02-01,17.142,17.908,16.852,16.997,136356.05767074
2022-02-02,16.994,17.367,15.603,15.799,68121.90332039
2022-02-03,15.784,16.333,15.285,16.3,85598.77971843
2022-02-04,16.323,17.558,16.042,17.504,91578.93640039
2022-02-05,17.522,18.31,17.44,17.788,132047.99417596
2022-02-06,17.77,18.171,17.243,18.086,36119.85949995
2022-02-07,18.098,19.461,17.69,18.888,119701.52516485
2022-02-08,18.908,19.524,17.75,18.377,70088.80980482
2022-02-09,18.389,18.766,17.773,18.682,42444.56737317
2022-02-10,18.705,18.767,17.39,17.511,65102.4743058
2022-02-11,17.504,17.824,15.93,16.199,65820.49188144
2022-02-12,16.186,16.383,15.591,15.967,72201.29638843
2022-02-13,15.964,16.343,15.55,15.623,57750.29271188
2022-02-14,15.625,16.111,15.229,15.912,59651.95275396
2022-02-15,15.929,17.48,15.833,17.355,72572.07401829
2022-02-16,17.354,17.412,16.533,17.142,61578.85226835
2022-02-17,17.137,17.446,15.491,15.599,428947.82744088
2022-02-18,15.598,16.058,15.059,15.201,254584.15227667
2022-02-19,15.199,15.685,14.856,15.531,111150.45948581
2022-02-20,15.534,15.534,14.442,14.63,72845.76707763
2022-02-21,14.63,15.328,13.409,13.525,255071.7638236
2022-02-22,13.546,14.208,13.062,14.007,100623.70518084
2022-02-23,14.006,14.665,13.32,13.339,86827.73007073
2022-02-24,13.362,13.965,11.437,13.29,257205.08494056
2022-02-25,13.283,14.494,13.1,14.363,96048.14268107
2022-02-26,14.378,15.046,14.111,14.719,96027.57728528
2022-02-27,14.733,14.865,13.5,13.649,77276.45078529
2022-02-28,13.634,15.167,13.349,15.162,91318.10565489
2022-03-01,15.129,15.742,14.753,15.347,78758.24638918
2022-03-02,15.364,15.865,14.958,15.291,86728.56871441
2022-03-03,15.296,15.385,14.5,14.915,30566.39347084
2022-03-04,14.912,14.973,13.576,13.742,31335.12757268
2022-03-05,13.725,14.274,13.436,14.027,60445.71489713
2022-03-06,14.032,14.113,13.271,13.317,62106.07475742
2022-03-07,13.297,13.663,12.443,12.694,126204.56736061
2022-03-08,12.682,13.562,12.591,13.091,63868.65130429
2022-03-09,13.1,14.451,13.073,14.015,115478.29735128
2022-03-10,14.026,14.11,13.009,13.182,81802.08544406
2022-03-11,13.181,13.656,12.826,13.055,178812.3900911
2022-03-12,13.048,13.454,13.045,13.159,31937.83482824
2022-03-13,13.15,13.425,12.608,12.709,12802.31648337
2022-03-14,12.69,13.447,12.617,13.426,38884.53294234
2022-03-15,13.433,13.811,12.899,13.718,68777.77107626
2022-03-16,13.722,14.799,13.675,14.693,157745.20699955
2022-03-17,14.694,14.922,14.251,14.413,55776.38355001
2022-03-18,14.406,15.394,14.128,15.016,246830.72604285
2022-03-19,15.037,15.398,14.834,15.001,33203.84623808
2022-03-20,15.005,15.125,14.442,14.541,14000.60463634
2022-03-21,14.556,15.266,14.306,15.006,22546.13167497
2022-03-22,14.99,15.843,14.99,15.437,25705.17439582
2022-03-23,15.435,15.946,15.142,15.848,82799.76810699
2022-03-24,15.826,16.429,15.597,16.161,72280.27724308
2022-03-25,16.168,16.46,15.48,15.587,21496.8997284
2022-03-26,15.602,15.946,15.513,15.856,17530.11406462
2022-03-27,15.84,16.894,15.656,16.864,54946.54612264
2022-03-28,16.87,17.357,16.375,16.464,95565.8457699
2022-03-29,16.505,17.509,16.496,16.989,51927.569993799996
2022-03-30,16.963,17.563,16.538,17.199,58913.76102565
2022-03-31,17.216,18.044,16.665,16.919,166106.00050612
2022-04-01,16.91,17.36,16.187,17.35,20492.4395115
2022-04-02,17.362,17.864,17.113,17.389,48308.64948346
2022-04-03,17.402,18.3,17.153,18.078,81958.05528118
2022-04-04,18.074,18.078,16.828,17.511,53380.09625826
2022-04-05,17.521,17.644,16.686,16.754,21417.93732521
2022-04-06,16.746,16.77,15.297,15.421,94573.39478709
2022-04-07,15.418,15.885,15.126,15.749,39660.86326407
2022-04-08,15.749,15.911,15.049,15.134,21060.67500344
2022-04-09,15.131,15.473,15.131,15.439,39123.93153404
2022-04-10,15.437,15.931,15.182,15.224,25150.5088225
2022-04-11,15.242,15.268,13.536,13.768,69074.27427473
2022-04-12,13.764,14.331,13.655,13.974,72267.33231749
2022-04-13,13.982,14.236,13.695,14.194,62897.22988101
2022-04-14,14.177,14.33,13.347,13.654,91233.05308631
2022-04-15,13.654,14.195,13.644,14.116,60850.72314804
2022-04-16,14.116,14.264,13.849,14.158,39728.49418796
2022-04-17,14.164,14.618,13.672,13.737,115647.48214525
2022-04-18,13.734,14.072,13.167,14.054,117383.10750105
2022-04-19,14.071,14.41,13.841,14.249,61367.78268205
2022-04-20,14.245,14.485,13.723,14.029,72979.6353024
2022-04-21,14.029,14.378,13.385,13.593,53684.74290872
2022-04-22,13.583,13.878,13.486,13.59,53309.873040649996
2022-04-23,13.58,13.668,13.228,13.317,25521.64205485
2022-04-24,13.326,13.637,13.229,13.272,26020.49194048
2022-04-25,13.279,13.504,12.54,13.436,99580.95038666
2022-04-26,13.432,13.509,12.16,12.369,37578.38829864
2022-04-27,12.372,12.791,12.315,12.757,60166.95850397
2022-04-28,12.755,12.984,12.405,12.66,593216.71045818
2022-04-29,12.666,12.729,11.836,11.972,89963.21629664
2022-04-30,11.984,12.241,10.664,10.968,76872.10509796
2022-05-01,10.97,11.484,10.836,11.304,57742.78822559
2022-05-02,11.302,11.438,10.785,11.173,78680.09369922
2022-05-03,11.181,11.5,10.808,11.127,80960.9883161
2022-05-04,11.125,12.212,11.097,12.21,133741.46779056
2022-05-05,12.204,12.285,10.646,10.92,167121.38457455
2022-05-06,10.916,11.029,10.416,10.794,170950.27124989
2022-05-07,10.793,10.838,10.021,10.216,118953.81677272
2022-05-08,10.215,10.384,9.8638,9.9997,113407.89557641
2022-05-09,10.004,10.163,8.0312,8.1075,353104.36924439
2022-05-10,8.0918,9.3298,7.9072,8.5665,435334.14419476
2022-05-11,8.5831,8.855,6.5387,6.9424,379169.50637081
2022-05-12,6.9604,7.4272,5.5014,6.5636,428661.02737533
2022-05-13,6.5564,7.712,6.4926,7.1455,341115.79592393
2022-05-14,7.1533,7.4377,6.643,7.2623,580999.90443172
2022-05-15,7.2599,7.9821,7.0254,7.9678,306042.29573973
2022-05-16,7.9688,7.9696,7.1655,7.4092,381930.84471847
2022-05-17,7.4145,7.9639,7.2971,7.7108,180426.32248563
2022-05-18,7.7188,7.809,6.7737,6.8058,228969.82083929
2022-05-19,6.7963,7.2551,6.6458,7.2131,260495.7486201
2022-05-20,7.224,7.36,6.7615,6.8677,323775.6654584
2022-05-21,6.8658,7.1027,6.7706,7.0512,134420.88652244
2022-05-22,7.0561,7.4,6.9128,7.3306,192913.97125597
2022-05-23,7.325,7.678,6.9938,7.0176,141611.9524082
2022-05-24,7.0059,7.3051,6.7247,7.2359,251378.81421832
2022-05-25,7.237,7.3913,6.9403,6.9549,126141.91562793
2022-05-26,6.9506,7.0883,6.2301,6.5725,201439.36500835
2022-05-27,6.5663,6.7049,6.2063,6.2718,159766.33690469
2022-05-28,6.2819,6.6512,6.2118,6.5759,227341.67543032
2022-05-29,6.5728,6.7476,6.3408,6.7178,289670.46397546
2022-05-30,6.726,7.5108,6.6531,7.4512,369130.38818604
2022-05-31,7.4582,7.722,7.1829,7.5864,259295.86315686
2022-06-01,7.5917,7.7633,6.7779,6.9395,487135.80647599
2022-06-02,6.9297,7.2452,6.819,7.1982,347037.13016856
2022-06-03,7.1982,7.2252,6.6905,6.8556,185311.25360017
2022-06-04,6.8573,7.4299,6.6878,7.4064,191170.70621724
2022-06-05,7.4144,7.8709,7.2473,7.6473,357591.06135118
2022-06-06,7.649,8.1871,7.6306,7.9737,186550.04020791
2022-06-07,7.975,8.9861,7.3179,8.7128,364877.69670062
2022-06-08,8.7169,8.9664,8.2389,8.7003,664950.09725368
2022-06-09,8.7003,9.6326,8.5058,9.2744,421272.94023907
2022-06-10,9.2618,9.522,8.0148,8.0316,244899.4215716
2022-06-11,8.0471,8.4139,6.9483,7.0446,309181.07120396
2022-06-12,7.0486,7.1511,6.2699,6.2699,394714.93944072
2022-06-13,6.2641,6.3265,5.3154,5.9358,563734.93365205
2022-06-14,5.9236,6.8593,5.3974,6.733,466228.63380293
2022-06-15,6.7356,7.3899,5.8352,7.328,697662.92623676
2022-06-16,7.3227,7.5141,6.2127,6.3518,365980.85832662
2022-06-17,6.3642,6.7223,6.2741,6.3482,316373.50257975
2022-06-18,6.3542,6.4491,5.4069,5.9303,292138.53966588
2022-06-19,5.9299,6.8126,5.8332,6.5929,289423.00830563
2022-06-20,6.5907,7.2579,6.3122,6.9752,138871.220596
2022-06-21,6.976,7.553,6.7475,6.8329,171883.00576293
2022-06-22,6.8537,7.0153,6.4485,6.609,280599.65305604
2022-06-23,6.6079,7.0704,6.6012,6.9881,99836.07445081
2022-06-24,6.9782,7.4301,6.9413,7.2662,128998.277861
2022-06-25,7.2663,7.3666,6.7999,7.2653,106351.84124488
2022-06-26,7.2652,7.4796,6.6993,6.7025,89231.53687524
2022-06-27,6.6985,6.9893,6.4087,6.5364,379858.96179832
2022-06-28,6.5476,7.2382,6.2441,6.317,355117.36966818
2022-06-29,6.3161,6.483,6.1298,6.2266,118090.50107326
2022-06-30,6.2266,6.3223,5.8644,6.2682,216816.43639271
2022-07-01,6.2685,6.4183,5.935,6.0684,226308.55842049
2022-07-02,6.0793,6.2855,5.98,6.2206,38353.23980794
2022-07-03,6.2143,6.2387,6.0194,6.2146,46248.4226395
2022-07-04,6.2178,6.4612,6.0152,6.4256,57352.60930574
2022-07-05,6.4262,6.548,6.0514,6.3053,50145.44479275
2022-07-06,6.3053,6.4145,6.1739,6.3279,96348.26790834
2022-07-07,6.3376,6.7525,6.2999,6.637,147062.12425286
2022-07-08,6.6419,6.8443,6.3268,6.3615,169948.36341955
2022-07-09,6.3472,6.584,6.3472,6.4909,30205.03558731
2022-07-10,6.4778,6.4856,6.1037,6.1945,35428.10106146
2022-07-11,6.1945,6.4311,5.9839,6.0378,105052.24732704
2022-07-12,6.0432,6.2289,5.9179,5.9458,117561.12166517
2022-07-13,5.9436,6.1868,5.7001,6.1767,107006.40043181
2022-07-14,6.1703,6.3765,5.999,6.2708,80303.20274231
2022-07-15,6.2677,6.4467,6.1282,6.3206,81334.81576103
2022-07-16,6.3321,6.6096,6.1453,6.5931,120051.87145187
2022-07-17,6.6017,6.7068,6.3262,6.3406,140360.44080916
2022-07-18,6.3423,7.1372,6.3337,7.049,266440.20608647
2022-07-19,7.0483,7.3838,6.7397,7.2583,564957.26499562
2022-07-20,7.2563,7.5775,6.8276,6.8672,145102.07560704
2022-07-21,6.8627,7.0539,6.6543,6.9922,63089.01812994
2022-07-22,6.9922,7.2808,6.7512,6.8043,75284.77517565001
2022-07-23,6.7845,7.0226,6.6154,6.8476,44922.43362159
2022-07-24,6.8495,7.2389,6.843,7.091,39843.44865889
2022-07-25,7.0949,7.1431,6.4062,6.4227,150977.55222905
2022-07-26,6.4179,6.4401,6.0699,6.3514,78878.74592933
2022-07-27,6.3475,6.8725,6.1886,6.8604,36787.40022802
2022-07-28,6.8624,7.3023,6.6765,7.2239,210321.46753889
2022-07-29,7.2251,8.1186,7.12,7.8878,301525.85591379
2022-07-30,7.8878,8.2091,7.6872,7.8195,228808.73228386
2022-07-31,7.8215,8.0952,7.581,7.6628,43823.43236934
2022-08-01,7.6549,7.8729,7.4134,7.5751,15678.93836835
2022-08-02,7.5679,7.6608,7.0271,7.1771,33077.34376322
2022-08-03,7.1771,7.6313,7.052,7.2794,98698.93828904
2022-08-04,7.2801,7.5316,7.1815,7.3587,42460.2393242
2022-08-05,7.3587,7.8962,7.3497,7.8856,883936.6860787
2022-08-06,7.8825,8.1105,7.7231,7.7999,1077768.08076633
2022-08-07,7.7934,8.37,7.6601,8.343,34578.16348409
2022-08-08,8.3479,8.7789,8.2315,8.6095,81072.69070149
2022-08-09,8.5999,8.9561,8.2702,8.7489,114045.86517853
2022-08-10,8.7373,9.2929,8.2941,9.06,83983.6570919
2022-08-11,9.0667,9.2255,8.8382,8.9621,106313.63161886
2022-08-12,8.9602,9.5,8.81,9.3265,143219.44847909
2022-08-13,9.3308,9.4799,9.0559,9.1539,61162.88720942
2022-08-14,9.1447,9.3725,8.684,8.7739,171246.20114025
2022-08-15,8.7739,9.0659,8.5,8.6572,44623.26833526
2022-08-16,8.6417,8.8252,8.3832,8.455,31967.59227263
2022-08-17,8.444,8.7397,7.9939,8.0522,35620.5192289
2022-08-18,8.0583,8.2387,7.6048,7.6428,73903.71572626
2022-08-19,7.6407,7.6853,6.825,6.9031,81886.46228329
2022-08-20,6.8909,7.1959,6.6754,6.905,53755.64343241
2022-08-21,6.8959,7.1676,6.8816,7.0778,30405.95702675
2022-08-22,7.0779,7.082,6.6807,7.0435,23232.52847687
2022-08-23,7.0435,7.3558,6.7725,7.2438,14377.49568048
2022-08-24,7.2438,7.37,7.0261,7.1231,16326.52160951
2022-08-25,7.1231,7.3688,7.0091,7.131,23122.46451651
2022-08-26,7.1266,7.185,6.4225,6.5014,28827.51322586
2022-08-27,6.5095,6.6115,6.419,6.5298,26282.55546355
2022-08-28,6.533,6.6286,6.2384,6.256,12709.23803214
2022-08-29,6.2609,6.7309,6.2035,6.7087,31523.13736224
2022-08-30,6.6982,6.826,6.3713,6.5563,63879.17481103
2022-08-31,6.562,6.8963,6.5521,6.6309,25148.75167154
2022-09-01,6.6277,6.9637,6.4545,6.9223,26663.62052866
2022-09-02,6.9293,7.2357,6.7907,6.9316,31420.39192812
2022-09-03,6.9316,6.9719,6.7247,6.8566,8425.42987781
2022-09-04,6.8565,7.269,6.7945,7.1509,97226.75619666
2022-09-05,7.1554,7.4203,7.0911,7.3769,64240.63633588
2022-09-06,7.3786,7.55,6.5703,6.6554,74356.4414116
2022-09-07,6.6536,7.1538,6.5829,7.0824,32190.20777724
2022-09-08,7.0833,7.5023,7.0048,7.4051,35053.66377167
2022-09-09,7.4096,8.1066,7.3908,7.7465,91470.37241089
2022-09-10,7.7598,8.022,7.6203,7.9105,30688.68364461
2022-09-11,7.9158,8.1725,7.728,8.0287,82556.94644144
2022-09-12,8.0393,8.2869,7.6087,7.7561,59124.30688279
2022-09-13,7.7612,7.9658,7.02,7.02,85339.51813991
2022-09-14,7.0191,7.5364,6.9938,7.4617,27068.39508518
2022-09-15,7.4629,7.607,7.0252,7.5814,44937.50402914
2022-09-16,7.5761,7.7962,7.4276,7.6623,110417.76710957
2022-09-17,7.6618,8.1493,7.6467,8.0967,51868.81937431
2022-09-18,8.1005,8.1383,7.3807,7.5265,67717.30993297
2022-09-19,7.5201,7.6772,7.0108,7.3063,186164.82062277
2022-09-20,7.2985,7.3397,6.8165,6.8858,133968.44470598
2022-09-21,6.8793,7.3307,6.5298,6.6903,53537.09628673
2022-09-22,6.68,7.1675,6.6485,7.1231,13795.81828837
2022-09-23,7.1206,7.4905,6.9626,7.4551,204541.70780741
2022-09-24,7.4526,7.864,7.3678,7.6327,59004.94759242
2022-09-25,7.6363,8.0641,7.5615,7.8826,65979.01602884
2022-09-26,7.8826,7.9572,7.4774,7.9432,47275.25087441
2022-09-27,7.9432,8.4009,7.6613,8.0551,116888.8137647
2022-09-28,8.0678,8.5413,7.74,7.7961,127105.4339431
2022-09-29,7.7927,7.9394,7.5787,7.9038,50204.49804801
2022-09-30,7.9038,7.9093,7.5175,7.5849,24767.13967
2022-10-01,7.5849,7.6407,7.3177,7.3953,221273.04850997
2022-10-02,7.3905,7.5384,7.1011,7.114,91060.03270285
2022-10-03,7.1137,7.3526,7.021,7.3359,69656.97958623
2022-10-04,7.3258,7.8299,7.3258,7.7206,41553.20617473
2022-10-05,7.7287,7.9403,7.5853,7.8737,36601.32154173
2022-10-06,7.8806,7.9403,7.5971,7.6273,11906.27784014
2022-10-07,7.6367,7.796,7.4862,7.6036,19209.71548473
2022-10-08,7.6029,7.6561,7.3368,7.4471,10800.47720586
2022-10-09,7.4535,7.6555,7.4195,7.637,10472.30020185
2022-10-10,7.637,7.727,7.3275,7.3423,17853.98722879
2022-10-11,7.3266,7.3732,7.0666,7.1272,20221.15562634
2022-10-12,7.132,7.2746,7.09,7.1477,15251.73346804
2022-10-13,7.1413,7.1513,6.293,7.0307,110607.2514137
2022-10-14,7.0294,7.262,6.8,6.8932,28206.41390174
2022-10-15,6.9031,6.984,6.8296,6.8818,10888.244501789999
2022-10-16,6.8923,7.2273,6.8923,7.1763,16664.612650260002
2022-10-17,7.1688,7.3786,7.0734,7.3347,13984.02736154
2022-10-18,7.3347,7.3667,6.9681,7.1184,15997.37026324
2022-10-19,7.1272,7.139,6.7217,6.7787,20420.78255255
2022-10-20,6.7794,6.9126,6.6098,6.6646,109478.62026585
2022-10-21,6.6573,6.8462,6.4534,6.8144,11525.58290053
2022-10-22,6.8115,6.9278,6.7301,6.8702,5011.19536313
2022-10-23,6.8778,7.0906,6.8124,7.0728,8532.25711052
2022-10-24,7.0733,7.0886,6.7958,6.9114,10273.87582953
2022-10-25,6.9012,7.282,6.8202,7.0712,65491.01033544
2022-10-26,7.0712,7.2935,7.0439,7.16,31547.72446577
2022-10-27,7.1547,7.3756,6.8683,6.8943,30481.43000922
2022-10-28,6.8943,7.2101,6.8394,7.1191,14398.65770698
2022-10-29,7.1191,7.6645,7.0881,7.6404,80982.32994146
2022-10-30,7.6436,7.9287,7.5022,7.7915,88032.86205159
2022-10-31,7.7915,8.3279,7.673,7.8634,54041.75395041
2022-11-01,7.8532,7.9182,7.633,7.6924,98119.10183598
2022-11-02,7.6812,8.0111,7.3486,7.4372,79869.17799445
2022-11-03,7.4346,8.0262,7.3975,7.7189,59143.81669921
2022-11-04,7.7202,8.8982,7.669,8.7248,103110.90744046
2022-11-05,8.7408,9.0041,8.5759,8.6727,65929.49493891
2022-11-06,8.6684,8.768,8.1046,8.1046,44750.33970556
2022-11-07,8.1046,9.25,7.9033,8.9563,121489.61438005
2022-11-08,8.9646,9.4884,6.585,7.6988,290425.42900753
2022-11-09,7.6975,7.8947,5.7757,6.2353,176800.52635181
2022-11-10,6.2267,7.5,6.0994,7.2144,171673.292832
2022-11-11,7.1881,7.3323,6.5311,7.0298,55359.05894579
2022-11-12,7.0539,7.0541,6.1936,6.2763,61193.66109767
2022-11-13,6.2813,6.548,5.9536,6.072,39318.31780486
2022-11-14,6.064,6.4342,5.698,6.2863,51650.08855302
2022-11-15,6.2836,6.6866,6.2138,6.4167,38246.44077783
2022-11-16,6.4095,6.5581,6.0735,6.1685,14326.29943457
2022-11-17,6.1788,6.33,6.019,6.2231,15429.16904349
2022-11-18,6.2143,6.4058,6.0683,6.1788,20223.39175021
2022-11-19,6.183,6.2098,5.9724,6.1443,8922.19038729
2022-11-20,6.1471,6.2515,5.7158,5.7675,18361.82256047
2022-11-21,5.7594,5.8895,5.5336,5.8735,31849.56269014
2022-11-22,5.8774,6.4773,5.8303,6.4142,44425.42176272
2022-11-23,6.4182,6.8032,6.3422,6.7017,42252.37718257
2022-11-24,6.7098,6.9657,6.5831,6.8332,23535.03367259
2022-11-25,6.8311,6.9898,6.6698,6.8479,58961.47386921
2022-11-26,6.8477,7.28,6.8282,7.1524,79645.08103086
2022-11-27,7.1633,7.2702,6.868,6.9016,59360.47898846
2022-11-28,6.9124,7.3441,6.541,7.2032,121767.19035156
2022-11-29,7.1919,7.51,7.144,7.3189,75470.65438236
2022-11-30,7.331,7.76,7.2841,7.6766,94843.1355571
2022-12-01,7.6862,7.8076,7.4689,7.683,86405.60177144
2022-12-02,7.6927,7.7269,7.4819,7.608,77895.17988616
2022-12-03,7.6122,7.6236,7.2145,7.2381,32714.4169683
2022-12-04,7.2298,7.4711,7.1979,7.4528,16175.72840125
2022-12-05,7.4485,7.6001,7.1689,7.2808,53840.60237779
2022-12-06,7.2882,7.3348,6.9679,7.1384,16021.60246519
2022-12-07,7.1376,7.145,6.7755,6.8798,28222.11024565
2022-12-08,6.8866,7.0783,6.7839,7.0076,19487.41990528
2022-12-09,6.9976,7.0611,6.8068,6.863,5960.93978855
2022-12-10,6.8529,6.9187,6.7041,6.8557,18089.41103974
2022-12-11,6.8622,6.9634,6.6682,6.7063,8773.25174241
2022-12-12,6.6975,6.7248,6.4775,6.7044,52074.07833049
2022-12-13,6.7113,7.0524,6.4804,6.9298,49160.6256121
2022-12-14,6.9374,6.9624,6.696,6.7207,29412.64532315
2022-12-15,6.7266,6.7347,6.3916,6.4584,32270.27656131
2022-12-16,6.4555,6.5448,5.786,5.8982,41072.31531282
2022-12-17,5.8902,6.0667,5.7993,6.0355,12037.26584807
2022-12-18,6.0415,6.0655,5.925,5.9491,5899.75489831
2022-12-19,5.955,6.067,5.7111,5.7882,15783.94302856
2022-12-20,5.7897,6.1253,5.7542,6.0223,14451.22545692
2022-12-21,6.0161,6.0483,5.8922,5.9911,9382.80640311
2022-12-22,5.9845,6.0409,5.8648,6.0046,8046.20412965
2022-12-23,6.0123,6.0619,5.9291,5.9428,7946.73417162
2022-12-24,5.9509,5.9647,5.8864,5.9235,2557.18124816
2022-12-25,5.9206,5.9988,5.8961,5.9904,11644.82680961
2022-12-26,5.9969,6.0489,5.9496,6.0489,3398.12296994
2022-12-27,6.0553,6.0717,5.8666,5.9068,3928.64214572
2022-12-28,5.8983,5.9166,5.6365,5.6753,16764.08587468
2022-12-29,5.6683,5.731,5.5149,5.606,13243.22791835
2022-12-30,5.6,5.634,5.4213,5.474,19435.82940686
2022-12-31,5.4733,5.6338,5.3915,5.5785,11056.09004409
2023-01-01,5.5834,5.6429,5.5168,5.6364,17361.59593349
2023-01-02,5.643,5.7557,5.5621,5.6926,35160.68837829
2023-01-03,5.6914,5.7274,5.5751,5.6279,21641.67371175
2023-01-04,5.6212,5.8464,5.6164,5.8138,22709.57603408
2023-01-05,5.8065,5.8209,5.6167,5.663,18378.18325624
2023-01-06,5.6565,5.7299,5.5349,5.7163,15116.326023220001
2023-01-07,5.7111,5.8421,5.6987,5.8319,20051.84888111
2023-01-08,5.8428,5.9772,5.76,5.9708,24574.98083127
2023-01-09,5.9808,6.2561,5.9402,6.0707,55563.53147994
2023-01-10,6.0737,6.3003,5.9918,6.167,26940.446405
2023-01-11,6.1679,6.3021,6.0141,6.2847,7275.85692026
2023-01-12,6.2906,6.4062,6.0628,6.3872,31687.30058919
2023-01-13,6.3945,6.6178,6.2578,6.6042,31161.82766859
2023-01-14,6.5999,7.1066,6.4539,6.8626,89989.70592706
2023-01-15,6.8546,6.9303,6.599,6.7016,48535.83489387
2023-01-16,6.6927,6.95,6.3952,6.6676,114235.57911813
2023-01-17,6.6598,6.9946,6.5603,6.8082,34456.49153601
2023-01-18,6.8169,6.9837,6.2513,6.3362,85423.65875937
2023-01-19,6.3362,6.541,6.3178,6.5047,49252.23523503
2023-01-20,6.5114,6.9729,6.4187,6.9461,30897.50000284
2023-01-21,6.9461,7.1102,6.82,6.8559,48746.1603997
2023-01-22,6.8424,7.267,6.7934,6.987,56288.47520866
2023-01-23,6.983,7.2273,6.8448,7.0164,69916.51836546
2023-01-24,7.0051,7.1926,6.5415,6.6648,35137.19689131
2023-01-25,6.6603,7.09,6.5198,6.958,27965.43505661
2023-01-26,6.9668,7.2991,6.8362,7.1679,44843.66577501
2023-01-27,7.1731,7.4938,6.9317,7.3768,35205.00025936
2023-01-28,7.3804,7.5029,7.1242,7.2108,38758.67046462
2023-01-29,7.2038,7.5167,7.1515,7.3752,31873.44282521
2023-01-30,7.3846,7.4366,6.7481,6.918,55575.75925061
2023-01-31,6.9092,7.0778,6.8626,6.9557,17310.45954638
2023-02-01,6.9656,7.2746,6.6773,7.2049,16461.83560175
2023-02-02,7.2152,7.4884,7.0435,7.0973,26597.81787604
2023-02-03,7.1042,7.337,7.0172,7.2902,20171.95351086
2023-02-04,7.2985,7.3649,7.1326,7.2468,10957.12211163
2023-02-05,7.2405,7.2431,6.8687,6.9875,19064.41564613
2023-02-06,6.9778,7.0611,6.7628,6.8298,16054.3565223
2023-02-07,6.8175,7.2106,6.8122,7.1934,15740.778823659999
2023-02-08,7.1985,7.2914,6.9621,7.1303,13458.79453211
2023-02-09,7.1399,7.8052,6.823,6.9832,197131.80800124
2023-02-10,6.9832,7.1135,6.7825,6.892,42548.31699444
2023-02-11,6.8839,7.0347,6.8574,6.9994,8967.80715549
2023-02-12,7.0033,7.0851,6.6739,6.8134,22856.41688382
2023-02-13,6.8068,6.8507,6.4304,6.6686,66338.35703799
2023-02-14,6.6704,6.8341,6.5346,6.8102,20877.021288840002
2023-02-15,6.8141,7.3063,6.7326,7.2828,27178.87756974
2023-02-16,7.295,7.4813,7.0129,7.0196,47477.87917866
2023-02-17,7.0093,7.7204,6.9764,7.6578,62332.9358666
2023-02-18,7.6524,8.25,7.5047,7.9877,79329.51654559
2023-02-19,7.9853,8.2833,7.8363,8.0231,33762.87267271
2023-02-20,8.0095,8.3957,7.7464,8.0155,38092.73633164
2023-02-21,8.0228,8.0658,7.5116,7.6404,61192.77370943
2023-02-22,7.6306,7.7252,7.3096,7.7158,51259.55176426
2023-02-23,7.7271,8.2015,7.6783,7.9346,34729.9545278
2023-02-24,7.9408,8.1399,7.2263,7.4623,39104.75706235
2023-02-25,7.4735,7.4899,7.1823,7.3801,22421.36425718
2023-02-26,7.3668,7.5429,7.305,7.4942,10234.07203605
2023-02-27,7.4882,7.5071,7.1347,7.2752,17555.84543913
2023-02-28,7.2752,7.4252,7.091,7.1914,23710.15052613
2023-03-01,7.1948,7.5471,7.1485,7.5387,13859.038822389999
2023-03-02,7.5491,7.5847,7.1651,7.2753,3943.3480098
2023-03-03,7.2736,7.2736,6.6516,6.9546,48421.83957317
2023-03-04,6.9489,7.0115,6.709,6.8529,15335.58513784
2023-03-05,6.8611,7.016,6.8132,6.9504,5077.61585623
2023-03-06,6.9411,6.9727,6.8234,6.8549,7033.37125752
2023-03-07,6.8578,6.9709,6.6765,6.8852,21011.66542354
2023-03-08,6.888,6.9481,6.5008,6.5857,40229.08893199
2023-03-09,6.5817,6.687,6.0172,6.1612,152023.01323349
2023-03-10,6.1578,6.2748,5.9061,6.2245,32059.85408434
2023-03-11,6.2342,6.417,5.9459,6.1892,66155.39681687
2023-03-12,6.1848,6.5834,6.0854,6.5818,28128.95550259
2023-03-13,6.5909,6.9013,6.4076,6.7872,47502.38389765
2023-03-14,6.783,7.216,6.6288,6.9863,41249.77160327
2023-03-15,6.981,7.128,6.4098,6.5604,23593.0262045
2023-03-16,6.5625,6.695,6.4666,6.6805,4266.51042198
2023-03-17,6.6867,7.2467,6.619,7.2032,56451.20316436
2023-03-18,7.1944,7.2994,6.8556,6.926,13555.73474703
2023-03-19,6.9372,7.2825,6.931,7.0776,17682.38954584
2023-03-20,7.0844,7.4336,6.92,7.0413,28576.71285735
2023-03-21,7.0522,7.4674,6.8478,7.3727,17538.77816762
2023-03-22,7.3786,7.7125,7.0125,7.1763,46924.61949042
2023-03-23,7.1694,7.6389,7.0896,7.6207,16849.87416985
2023-03-24,7.6192,7.6581,7.1232,7.199,28541.76533826
2023-03-25,7.1957,7.2548,6.9747,7.086,5657.22623283
2023-03-26,7.0767,7.2912,7.0626,7.2608,5706.7250202
2023-03-27,7.271,7.2748,6.7457,6.8709,25417.0234438
2023-03-28,6.8799,7.04,6.7539,6.9489,7403.1066473
2023-03-29,6.9531,7.4987,6.9279,7.3775,16623.5875913
2023-03-30,7.3887,7.5561,7.143,7.2277,16890.66158615
2023-03-31,7.2382,7.6882,7.2201,7.5841,17177.60967487
2023-04-01,7.5945,7.6331,7.4365,7.5487,3222.19719045
2023-04-02,7.5389,7.5389,7.1982,7.2572,5503.5163504600005
2023-04-03,7.2534,7.4427,7.0294,7.2409,8281.942558319999
2023-04-04,7.2381,7.4761,7.2073,7.3655,10590.11017321
2023-04-05,7.3766,7.6048,7.2115,7.3294,14405.62752867
2023-04-06,7.3072,7.3072,7.125,7.1875,3303.26400945
2023-04-07,7.1887,7.3013,7.1143,7.2731,14365.01191374
2023-04-08,7.2855,7.2928,7.0737,7.1261,2368.10233502
2023-04-09,7.1152,7.247,7.0593,7.2101,2293.87804051
2023-04-10,7.1972,7.3578,7.1397,7.3454,1675.81119839
2023-04-11,7.33,7.4427,7.2926,7.3054,9076.26395855
2023-04-12,7.3063,7.36,7.1,7.2279,4864.8010929
2023-04-13,7.202,7.5475,7.1906,7.4594,10398.41664613
2023-04-14,7.4713,7.8968,7.4713,7.7448,32693.63104398
2023-04-15,7.7487,8.0719,7.6172,8.0078,29022.4099979
2023-04-16,8.0256,8.1828,7.9012,8.1414,21207.8878689
2023-04-17,8.1275,8.2848,7.8564,8.1572,34437.80456828
2023-04-18,8.149,8.7974,8.0321,8.5734,49918.68023606
2023-04-19,8.5455,8.5872,7.6584,7.7574,74108.7414208
2023-04-20,7.742,7.9446,7.4724,7.5069,34060.86451674
2023-04-21,7.5356,7.6045,7.0084,7.1221,43916.12138322
2023-04-22,7.1141,7.2403,7.0959,7.1808,6604.57973395
2023-04-23,7.1696,7.1696,6.9029,7.0926,15259.19040965
2023-04-24,7.1053,7.2664,7.042,7.0708,10706.82291115
2023-04-25,7.0587,7.2959,6.9614,7.2857,5030.5750119
2023-04-26,7.2768,7.5047,6.7209,7.0064,28920.10555856
2023-04-27,7.0541,7.2343,7.0089,7.1558,10421.46480379
2023-04-28,7.1722,7.1856,6.9732,7.0476,10561.35964244
2023-04-29,7.028,7.2147,7.0128,7.1912,13769.41933156
2023-04-30,7.2058,7.3013,7.051,7.0596,8962.32584293
2023-05-01,7.0321,7.0796,6.8029,6.9041,16373.44675517
2023-05-02,6.8975,7.0076,6.8156,6.9833,4603.81947802
2023-05-03,6.9748,7.1432,6.8287,7.1259,5522.03021191
2023-05-04,7.1338,7.1565,6.969,6.999,815.867163
2023-05-05,7.0056,7.2855,6.8966,7.2347,10443.21388531
2023-05-06,7.2254,7.2786,6.8854,6.941,3721.05666971
2023-05-07,6.9282,6.9998,6.8927,6.9188,8863.69078971
2023-05-08,6.865,6.9203,6.4037,6.5937,39420.82106052
2023-05-09,6.5993,6.6341,6.4647,6.5339,2443.23290038
2023-05-10,6.5251,6.7001,6.3111,6.6063,8842.667078639999
2023-05-11,6.5964,6.5964,6.2313,6.3811,15800.00740604
2023-05-12,6.3693,6.6339,6.252,6.625,2333.708788
2023-05-13,6.5918,6.6224,6.491,6.5038,3411.68024129
2023-05-14,6.4852,6.611,6.4558,6.5512,2803.3132293
2023-05-15,6.5267,6.7084,6.4636,6.6483,1325.34036915
2023-05-16,6.6589,6.7274,6.56,6.6671,3038.28552753
2023-05-17,6.658,6.8073,6.5662,6.76,2565.81834763
2023-05-18,6.7496,6.7646,6.454,6.5355,8051.2272008
2023-05-19,6.529,6.5531,6.4766,6.5125,4560.55655665
2023-05-20,6.5115,6.5462,6.4831,6.5113,345.57279681
2023-05-21,6.5142,6.5424,6.3792,6.4304,1823.49707659
2023-05-22,6.4367,6.6,6.3521,6.5294,1217.8414089999999
2023-05-23,6.5418,6.6387,6.4858,6.509,1274.7329914700001
2023-05-24,6.5054,6.5054,6.207,6.3213,113292.61863368
2023-05-25,6.3346,6.3396,6.1764,6.2865,9902.77422901
2023-05-26,6.2788,6.386,6.244,6.3497,2621.55815201
2023-05-27,6.3636,6.445,6.3497,6.4432,1712.42679351
2023-05-28,6.428,6.6579,6.428,6.645,2271.55001041
2023-05-29,6.6346,6.6811,6.5459,6.644,10973.54929932
2023-05-30,6.6514,6.6685,6.5509,6.6134,1981.06503642
2023-05-31,6.6015,6.6328,6.4097,6.485,2395.61226837
2023-06-01,6.513,6.513,6.3278,6.3477,10694.87087255
2023-06-02,6.3569,6.4839,6.3438,6.4542,2565.90313193
2023-06-03,6.4595,6.4595,6.3798,6.418,887.83207676
2023-06-04,6.4233,6.5299,6.3984,6.4569,1878.32265491
2023-06-05,6.4646,6.4907,5.97,6.0637,32159.1826225
2023-06-06,6.0624,6.3045,6.0141,6.2604,9922.45504068
2023-06-07,6.242,6.2614,5.8491,5.9173,3995.02607573
2023-06-08,5.9101,6.0313,5.9018,5.9958,5335.24385018
2023-06-09,5.9893,6.0712,5.9375,5.9808,1686.85555978
2023-06-10,6.0081,6.0081,4.8068,5.2372,122674.7131401
2023-06-11,5.2421,5.2547,5.1078,5.1732,9343.41380023
2023-06-12,5.148,5.1878,5.0371,5.1595,18764.2513128
2023-06-13,5.1815,5.4159,5.1316,5.3026,8338.14231236
2023-06-14,5.3234,5.5035,5.1531,5.2489,3311.15924431
2023-06-15,5.2631,5.4189,5.195,5.308,19251.32107662
2023-06-16,5.2939,5.3848,5.1521,5.3282,5124.99942795
2023-06-17,5.3323,5.3956,5.2267,5.2897,2962.53456344
2023-06-18,5.2776,5.2974,5.106,5.1639,9445.9784473
2023-06-19,5.1547,5.1938,4.9951,5.1201,9184.70346296
2023-06-20,5.1284,5.2808,5.0038,5.2669,13588.93239522
2023-06-21,5.2593,5.5899,5.252,5.5664,29269.65446728
2023-06-22,5.5538,5.8284,5.5215,5.5703,23254.13572252
2023-06-23,5.597,6.1444,5.5618,6.0523,20611.54786355
2023-06-24,6.0812,6.1883,5.9334,6.1439,8282.75066876
2023-06-25,6.133,6.365,6.0871,6.1432,17102.79534527
2023-06-26,6.1583,6.2496,6.0325,6.0659,4907.78150597
2023-06-27,6.059,6.25,6.0588,6.2064,7034.92163429
2023-06-28,6.2119,6.2119,5.7106,5.8248,6994.3182145499995
2023-06-29,5.8151,6.173,5.796,5.9185,6667.8681636
2023-06-30,5.8925,6.45,5.7341,6.3132,54971.22103406
2023-07-01,6.321,6.5265,6.1306,6.5084,14106.2543821
2023-07-02,6.4803,6.561,6.3753,6.5401,5206.17161263
2023-07-03,6.5511,6.6988,6.4891,6.6245,7032.03984675
2023-07-04,6.6119,6.617,6.4231,6.5242,2318.09538945
2023-07-05,6.5421,6.5703,6.2321,6.3168,8326.70484719
2023-07-06,6.2967,6.5082,6.1013,6.1073,4442.59276508
2023-07-07,6.08,6.2206,6.039,6.1567,4604.62740945
2023-07-08,6.1488,6.2181,6.1094,6.2039,3622.0572906800003
2023-07-09,6.1889,6.2414,6.1365,6.1485,3315.78499825
2023-07-10,6.1239,6.3037,6.0244,6.1769,9805.60358208
2023-07-11,6.1752,6.2286,6.1321,6.2099,814.93920166
2023-07-12,6.2118,6.3417,6.2078,6.2562,4784.29475917
2023-07-13,6.2668,7.1731,6.2306,7.1309,34022.88108293
2023-07-14,7.1823,7.33,6.7147,6.9475,33785.13499276
2023-07-15,6.9575,7.0176,6.8428,6.9231,5514.13210117
2023-07-16,6.9223,6.9223,6.5811,6.6179,10467.8689547
2023-07-17,6.6111,7.248,6.47,7.2003,23609.26632481
2023-07-18,7.199,7.3001,6.8,6.9236,13589.10588797
2023-07-19,6.8968,7.0493,6.8024,6.9294,4385.69472781
2023-07-20,6.9174,8.4463,6.9174,8.37,57916.13286494
2023-07-21,8.3929,8.446,8.0689,8.1711,25571.95133294
2023-07-22,8.1128,8.3516,7.7914,7.8741,42506.6747074
2023-07-23,7.8638,8.097,7.8444,7.9006,3557.53124737
2023-07-24,7.8949,7.8949,7.478,7.6001,30928.94578218
2023-07-25,7.5887,7.6436,7.3563,7.4132,9674.53863863
2023-07-26,7.3935,7.8401,7.3139,7.7547,7472.58693721
2023-07-27,7.7456,8.1249,7.7114,7.9986,5553.71860235
2023-07-28,8.002,8.0879,7.8,7.8083,3557.27901168
2023-07-29,7.772,7.895,7.7364,7.8653,1073.84703302
2023-07-30,7.8407,7.8754,7.4,7.5662,2488.25735773
2023-07-31,7.5515,7.7244,7.4634,7.5539,2297.09645519
2023-08-01,7.5651,7.641,7.3021,7.6293,20026.40692932
2023-08-02,7.6605,7.7195,7.342,7.3462,4221.01468422
2023-08-03,7.3541,7.4085,7.1,7.1379,17776.89929364
2023-08-04,7.1303,7.2633,7.0164,7.144,5134.35717525
2023-08-05,7.1463,7.2398,7.1024,7.2302,950.8028266
2023-08-06,7.2152,7.2628,7.086,7.1017,1885.18848245
2023-08-07,7.1211,7.3967,6.9467,7.2855,17922.18871478
2023-08-08,7.3236,7.5308,7.3027,7.4578,6293.9133707
2023-08-09,7.4671,7.9161,7.3822,7.691,12369.4013268
2023-08-10,7.6864,7.7269,7.5655,7.6173,3854.77893502
2023-08-11,7.6345,7.6345,7.41,7.5039,1675.55092789
2023-08-12,7.4934,7.5346,7.3921,7.4434,4048.54341285
2023-08-13,7.4504,7.5525,7.33,7.3707,1962.16810332
2023-08-14,7.3693,7.6221,7.31,7.4096,17354.3971052
2023-08-15,7.4128,7.434,6.8,7.0468,67430.77637687
2023-08-16,7.0379,7.0643,6.6154,6.765,10394.08048086
2023-08-17,6.746,6.8671,5.634,6.1997,47079.29370304
2023-08-18,6.1923,6.2832,6.0883,6.1613,15906.37933578
2023-08-19,6.1653,6.2571,6.1328,6.1792,4383.59436546
2023-08-20,6.1748,6.2371,6.1217,6.2163,4463.93124509
2023-08-21,6.2287,6.2534,6.0187,6.178,14053.61385426
2023-08-22,6.1826,6.2493,5.88,6.1022,6077.94532318
2023-08-23,6.1227,6.4347,6.1197,6.3599,3606.34915605
2023-08-24,6.3449,6.3498,5.9985,6.082,5980.03711119
2023-08-25,6.0719,6.0719,5.9292,6.0135,6630.9250429
2023-08-26,6.0018,6.0411,5.966,6.0089,2602.93496331
2023-08-27,6.0147,6.0377,5.9608,6.0261,1122.68630992
2023-08-28,6.0153,6.057,5.8678,5.9854,9262.52071183
2023-08-29,5.9946,6.3035,5.8543,6.1824,11085.13714279
2023-08-30,6.2009,6.2009,5.8948,5.9311,7951.66388832
2023-08-31,5.9182,6.0618,5.7663,5.8834,9071.3186707
2023-09-01,5.8897,6.0397,5.8413,5.9342,7330.79864578
2023-09-02,5.9433,5.9859,5.8991,5.9675,686.22653919
2023-09-03,5.9814,6.0586,5.9545,6.0265,2253.21489287
2023-09-04,6.0336,6.16,5.9525,6.0139,3665.90862254
2023-09-05,6.006,6.1523,5.9197,6.1385,10278.31878423
2023-09-06,6.148,6.3631,6.1071,6.3045,25757.13574231
2023-09-07,6.3241,6.47,6.2235,6.3886,22357.87439227
2023-09-08,6.393,6.393,6.1545,6.2862,3089.56361703
2023-09-09,6.2718,6.2881,6.162,6.1622,5529.4911287
2023-09-10,6.1648,6.1648,5.9697,6.0322,3435.9764686
2023-09-11,6.016,6.0291,5.7496,5.8341,45284.65555615
2023-09-12,5.8369,6.0671,5.8212,5.968,6885.39341212
2023-09-13,5.9597,6.0812,5.938,6.0285,4547.1505227
2023-09-14,6.0336,6.2058,6.0127,6.1523,6188.16928634
2023-09-15,6.157,6.3712,6.112,6.3712,26748.74678136
2023-09-16,6.3806,6.4246,6.1987,6.2952,1431.12423677
2023-09-17,6.2588,6.2645,6.067,6.1352,1774.6816548900001
2023-09-18,6.1542,6.8255,6.1129,6.5774,42146.21635921
2023-09-19,6.5707,6.963,6.5312,6.8646,8284.62990314
2023-09-20,6.8549,7.0435,6.7717,6.9072,10657.15754318
2023-09-21,6.8859,6.9487,6.6291,6.6844,7963.46411051
2023-09-22,6.6731,6.9674,6.6538,6.9623,10158.70244799
2023-09-23,6.9904,7.2272,6.9458,7.1991,13586.82947342
2023-09-24,7.1951,7.248,6.9812,6.9883,5437.63364473
2023-09-25,6.9703,7.5182,6.9703,7.4968,28963.77061408
2023-09-26,7.5488,7.5652,7.2557,7.375,18418.57452887
2023-09-27,7.3564,7.8732,7.2823,7.6446,68770.28221421
2023-09-28,7.6304,8.0603,7.5783,7.8116,29080.43467453
2023-09-29,7.8351,8.0738,7.694,7.9522,18586.55507144
2023-09-30,7.9541,8.26,7.9528,8.1963,6691.81421143
2023-10-01,8.199,8.2555,7.7876,8.047,15784.15370541
2023-10-02,8.0719,8.1112,7.3759,7.4777,21847.12438496
2023-10-03,7.4744,7.7437,7.3855,7.4208,10481.6489154
2023-10-04,7.4253,7.7733,7.21,7.6845,15154.37956249
2023-10-05,7.6761,7.7833,7.4691,7.4711,6554.07565038
2023-10-06,7.4844,7.7283,7.4714,7.6589,4832.92265301
2023-10-07,7.64,7.6842,7.4754,7.5304,1317.95742884
2023-10-08,7.5256,7.9246,7.514,7.6839,20498.99136082
2023-10-09,7.6743,7.6743,7.1785,7.284,52113.78314335
2023-10-10,7.288,7.3875,7.1969,7.2742,9456.68239148
2023-10-11,7.276,7.42,7.1241,7.3952,31899.2930199
2023-10-12,7.3835,7.3862,7.1256,7.1938,4926.64568372
2023-10-13,7.2017,7.4,7.1277,7.263,39874.1984608
2023-10-14,7.2729,7.3739,7.2265,7.3257,1169.39633178
2023-10-15,7.3448,7.5606,7.3021,7.4168,6195.50098805
2023-10-16,7.4359,7.849,7.4277,7.5454,13459.04481916
2023-10-17,7.5225,7.5547,7.2715,7.3241,13669.64885066
2023-10-18,7.3141,7.4902,7.2861,7.3639,9224.37400286
2023-10-19,7.3538,7.4262,7.25,7.303,21799.05495515
2023-10-20,7.3085,7.7083,7.2861,7.5775,10826.76895296
2023-10-21,7.5999,9.1644,7.5341,8.9008,75480.48573866
2023-10-22,8.9258,10.224,8.9258,10.144,29293.48800137
2023-10-23,10.179,11.043,9.81,10.555,155241.27795261
2023-10-24,10.582,11.187,9.67,10.393,91525.21821057
2023-10-25,10.384,11.791,10.369,11.038,93576.2746057
2023-10-26,11.052,11.38,10.367,10.903,40722.95253851
2023-10-27,10.941,11.436,10.614,11.23,64161.67986769
2023-10-28,11.14,11.65,10.845,10.914,25477.24749214
2023-10-29,10.927,11.292,10.793,11.091,14823.17999271
2023-10-30,11.12,11.843,10.94,11.212,24799.51597951
2023-10-31,11.228,12.03,11.0,11.377,30226.14216054
2023-11-01,11.357,11.767,10.676,11.578,29156.63168886
2023-11-02,11.602,11.75,10.82,10.984,15724.07741786
2023-11-03,10.95,11.6,10.559,11.475,20511.75364794
2023-11-04,11.462,11.628,11.183,11.506,9536.12734186
2023-11-05,11.406,12.545,11.397,12.236,29654.01515267
2023-11-06,12.247,13.256,12.17,12.992,40868.21179722
2023-11-07,12.957,13.326,12.57,13.086,23513.25722535
2023-11-08,13.101,14.98,12.874,14.95,43009.57112051
2023-11-09,14.872,15.947,13.474,14.64,65947.17901018
2023-11-10,14.588,15.646,14.212,15.522,24764.76972939
2023-11-11,15.574,16.58,14.756,16.497,27429.59209606
2023-11-12,16.498,16.511,15.414,16.004,15756.01405785
2023-11-13,15.872,16.264,14.356,14.399,18390.86377234
2023-11-14,14.361,14.902,13.368,13.966,25468.2134658
2023-11-15,14.183,15.378,14.048,15.038,10827.47020861
2023-11-16,15.025,15.21,13.569,13.853,24744.09807786
2023-11-17,13.863,14.249,12.89,13.728,57804.15063449
2023-11-18,13.728,13.817,12.976,13.76,48482.7710945
2023-11-19,13.716,15.055,13.39,14.942,21159.25437804
2023-11-20,14.92,15.401,14.4,14.479,16514.74572
2023-11-21,14.458,14.608,13.338,13.352,33899.46224292
2023-11-22,13.333,14.622,13.265,14.295,16822.198356
2023-11-23,14.216,14.864,14.181,14.385,18855.95322514
2023-11-24,14.399,14.832,14.239,14.445,11607.85089943
2023-11-25,14.445,14.951,14.443,14.753,15701.28572883
2023-11-26,14.741,15.299,14.374,14.8,14020.01986407
2023-11-27,14.904,15.281,13.926,14.192,13437.57186354
2023-11-28,14.18,14.7,13.792,14.478,4154.17693877
2023-11-29,14.481,14.979,14.404,14.524,8708.01773811
2023-11-30,14.523,14.821,14.267,14.411,6591.86590653
2023-12-01,14.39,15.017,14.39,14.956,7170.56852926
2023-12-02,14.998,16.192,14.933,15.976,13771.97133203
2023-12-03,15.981,16.256,15.657,15.685,6783.863178
2023-12-04,15.714,16.359,15.149,15.73,25671.71507946
2023-12-05,15.796,16.034,15.177,15.707,11732.4422898
2023-12-06,15.784,16.181,15.259,15.286,18874.71239985
2023-12-07,15.3,15.803,14.693,15.707,18195.15106084
2023-12-08,15.763,17.379,15.592,16.907,22275.67265856
2023-12-09,16.967,17.27,16.084,16.212,20101.86809437
2023-12-10,16.273,16.454,15.792,16.388,13189.6127625
2023-12-11,16.469,16.469,13.714,14.768,50866.08966899
2023-12-12,14.816,15.14,14.182,14.526,13014.60552379
2023-12-13,14.525,14.947,13.889,14.791,31202.96086792
2023-12-14,14.762,15.559,14.379,15.42,17614.98287092
2023-12-15,15.344,15.395,14.288,14.29,11105.34442667
2023-12-16,14.279,14.786,14.129,14.334,8145.80239372
2023-12-17,14.353,14.376,13.944,13.997,4281.16778038
2023-12-18,14.037,14.657,13.669,14.657,17119.71776945
2023-12-19,14.653,14.793,13.982,14.127,6585.1159405
2023-12-20,14.11,14.816,14.009,14.228,6846.19829665
2023-12-21,14.213,15.314,14.213,15.314,18419.65428735
2023-12-22,15.324,15.732,15.094,15.514,11001.15881603
2023-12-23,15.485,15.918,14.942,15.707,16786.45557224
2023-12-24,15.682,15.962,15.156,15.34,11357.67951683
2023-12-25,15.31,15.745,15.155,15.613,13185.25356771
2023-12-26,15.579,15.911,14.28,15.069,20118.67620596
2023-12-27,15.036,16.732,14.685,16.732,24949.16794716
2023-12-28,16.745,17.772,16.004,16.004,61210.1339816
2023-12-29,16.051,16.223,15.2,15.548,9499.59908636
2023-12-30,15.52,15.621,15.09,15.195,27164.81850431
2023-12-31,15.181,15.515,14.763,14.975,4928.49918944
2024-01-01,14.987,15.556,14.844,15.556,8463.69856188
2024-01-02,15.562,16.084,15.08,15.171,14317.03111501
2024-01-03,15.261,15.574,12.358,14.169,52543.03448763
2024-01-04,14.203,14.749,13.997,14.551,5373.38859211
2024-01-05,14.559,14.681,13.823,14.054,19902.46769352
2024-01-06,14.09,14.09,13.231,13.45,5324.32807106
2024-01-07,13.422,13.758,13.044,13.156,4576.19055709
2024-01-08,13.115,14.408,12.513,14.143,12281.2673047
2024-01-09,14.197,14.204,13.294,13.708,17402.87261216
2024-01-10,13.697,15.328,13.58,15.007,14049.27906225
2024-01-11,14.972,15.669,14.603,15.021,23366.33348605
2024-01-12,15.013,15.286,13.615,14.157,55681.0649743
2024-01-13,14.191,14.428,13.81,14.363,3680.15047106
2024-01-14,14.339,15.382,14.31,14.786,11564.09827515
2024-01-15,14.883,16.009,14.832,15.203,35781.67881375
2024-01-16,15.135,15.333,14.799,15.256,6297.96157255
2024-01-17,15.307,16.4,15.307,15.738,19764.89102314
2024-01-18,15.686,15.686,14.234,14.679,20965.55613284
2024-01-19,14.721,16.4,14.506,16.117,27391.82372845
2024-01-20,16.11,16.538,15.692,15.764,21025.69769103
2024-01-21,15.798,15.923,15.411,15.474,5314.33931354
2024-01-22,15.461,15.963,14.537,14.587,19760.83777049
2024-01-23,14.64,14.869,13.58,14.304,17537.26862308
2024-01-24,14.317,14.423,13.932,14.24,13097.2083594
2024-01-25,14.227,14.227,13.518,13.767,11710.64884634
2024-01-26,13.72,14.294,13.653,14.183,7124.60348639
2024-01-27,14.2,14.4,14.113,14.346,1371.93376414
2024-01-28,14.323,14.685,14.202,14.494,8225.60783306
2024-01-29,14.452,15.082,14.292,15.018,23781.0563549
2024-01-30,14.987,15.8,14.909,15.467,5892.30124812
2024-01-31,15.478,16.034,15.1,15.426,18499.77769097
2024-02-01,15.469,17.372,15.17,17.126,34313.90476369
2024-02-02,17.173,18.866,17.173,17.792,66840.09266533
2024-02-03,17.822,18.112,17.525,17.655,6946.27915049
2024-02-04,17.671,18.69,17.571,18.168,15616.21273446
2024-02-05,18.043,19.77,17.907,19.13,39747.24022408
2024-02-06,19.13,19.247,18.286,18.293,21492.16749397
2024-02-07,18.299,19.051,18.074,18.857,12202.90756558
2024-02-08,18.937,19.25,18.0,18.203,9362.13626762
2024-02-09,18.232,18.624,18.039,18.467,28801.14255542
2024-02-10,18.5,19.108,18.013,19.108,104752.68127811
2024-02-11,19.126,20.65,18.914,20.127,19856.06277675
2024-02-12,20.175,20.84,19.805,20.511,15427.24404937
2024-02-13,20.461,20.578,19.51,19.911,30404.71281838
2024-02-14,20.0,20.444,19.807,20.305,15499.11301715
2024-02-15,20.286,20.489,19.7,19.93,30116.86414922
2024-02-16,19.995,20.9,19.2,19.567,98291.59237544
2024-02-17,19.524,20.261,19.248,20.026,8382.82390508
2024-02-18,20.038,20.312,19.773,20.086,6819.0962571
2024-02-19,20.069,20.208,19.662,19.806,11778.76710242
2024-02-20,19.819,19.858,18.403,19.253,27606.90969001
2024-02-21,19.226,19.232,18.0,18.569,45882.96535616
2024-02-22,18.598,19.003,18.077,18.105,12444.22587666
2024-02-23,18.135,18.29,17.6,17.909,7694.7989357
2024-02-24,17.997,18.574,17.772,18.532,4943.7566171
2024-02-25,18.51,18.835,18.401,18.679,2803.74101909
2024-02-26,18.734,19.212,18.135,19.073,85959.64357496
2024-02-27,19.075,19.349,18.77,19.014,149939.31189876
2024-02-28,19.025,20.708,18.016,19.416,141828.44990852
2024-02-29,19.372,20.446,18.865,19.275,272445.71307132
2024-03-01,19.347,20.068,19.312,20.062,14362.084647
2024-03-02,20.138,21.695,19.96,21.394,248321.76918675
2024-03-03,21.385,21.496,19.36,20.431,23363.6885106
2024-03-04,20.498,20.879,19.971,20.388,170156.59914805
2024-03-05,20.36,21.028,16.58,19.0,362777.08373168
2024-03-06,18.956,20.159,18.438,20.061,180422.92787851
2024-03-07,20.11,20.387,19.627,20.093,22757.40569769
2024-03-08,20.102,20.3,19.2,19.649,26489.86672095
2024-03-09,19.671,20.3,19.654,19.991,19519.76850492
2024-03-10,19.924,21.936,19.433,21.734,62607.11772169
2024-03-11,21.685,22.839,20.724,21.218,86608.66686518
2024-03-12,21.233,21.304,19.433,20.655,53849.68837529
2024-03-13,20.655,20.945,20.18,20.75,103744.32704062
2024-03-14,20.695,21.901,19.852,20.888,74017.82967656
2024-03-15,20.938,20.974,18.501,19.635,35713.02161066
2024-03-16,19.607,19.785,17.846,18.074,82105.86917523
2024-03-17,18.215,18.855,17.377,18.619,25457.88320225
2024-03-18,18.601,19.479,18.058,18.329,77753.98753121
2024-03-19,18.264,18.37,16.54,16.895,92008.61423361
2024-03-20,16.844,18.502,16.3,18.412,12835.64664829
2024-03-21,18.351,18.906,17.966,18.467,67881.74675421
2024-03-22,18.447,18.526,17.361,18.283,8018.02977321
2024-03-23,18.391,18.465,17.971,18.039,2631.04155043
2024-03-24,18.05,18.612,18.007,18.554,5045.53570437
2024-03-25,18.498,19.457,18.431,19.29,33566.1635536
2024-03-26,19.331,20.721,19.331,19.998,22644.00495906
2024-03-27,20.033,20.127,19.041,19.288,8230.51952636
2024-03-28,19.259,19.79,19.061,19.149,7252.92954209
2024-03-29,19.15,19.293,18.73,18.989,2843.74653641
2024-03-30,18.941,19.293,18.789,18.959,3460.52323386
2024-03-31,18.944,19.36,18.908,19.157,4156.35158238
2024-04-01,19.189,19.288,17.868,18.374,11471.26318052
2024-04-02,18.343,18.464,17.4,17.971,14755.66651939
2024-04-03,17.938,18.292,17.398,17.744,3687.89305348
2024-04-04,17.667,18.223,17.41,17.78,6752.99913163
2024-04-05,17.727,17.732,16.88,17.374,10155.48344357
2024-04-06,17.311,17.672,17.291,17.563,1109.4851597
2024-04-07,17.547,17.924,17.512,17.916,5411.7498278
2024-04-08,17.899,18.676,17.564,18.116,18725.00114606
2024-04-09,18.127,18.168,17.278,17.375,9770.137233469999
2024-04-10,17.321,17.573,16.831,17.425,17316.62896597
2024-04-11,17.412,17.608,17.046,17.561,3119.10422511
2024-04-12,17.579,17.878,13.691,15.174,131504.00800307
2024-04-13,15.148,15.37,11.967,13.282,73628.52830489
2024-04-14,13.27,14.273,12.752,14.112,43024.82150101
2024-04-15,14.084,14.668,13.255,13.594,16742.69506114
2024-04-16,13.564,13.839,12.858,13.486,9842.09553777
2024-04-17,13.462,13.598,12.793,13.182,14021.57264767
2024-04-18,13.119,13.977,12.845,13.886,8702.26991018
2024-04-19,13.868,14.128,12.798,13.981,12723.75006346
2024-04-20,13.944,15.044,13.79,14.926,11100.91974344
2024-04-21,14.908,15.204,14.566,15.116,8204.07154659
2024-04-22,15.116,16.047,15.045,15.473,15992.41873742
2024-04-23,15.459,15.581,15.122,15.207,5608.85888095
2024-04-24,15.216,15.647,14.382,14.569,9390.2312632
2024-04-25,14.59,14.91,14.399,14.615,4756.49056469
2024-04-26,14.623,14.937,14.37,14.49,3458.72043926
2024-04-27,14.508,14.53,13.901,14.274,4367.71096111
2024-04-28,14.251,14.437,13.773,13.829,1388.07345348
2024-04-29,13.846,14.197,13.766,14.105,14655.12383548
2024-04-30,14.088,14.205,12.812,13.212,18867.75052723
2024-05-01,13.13,13.509,12.441,13.39,35594.4041904
2024-05-02,13.306,13.789,12.959,13.625,8997.89052329
2024-05-03,13.612,14.22,13.473,14.134,7349.60346461
2024-05-04,14.119,14.5,14.015,14.332,9326.38022175
2024-05-05,14.358,14.682,14.142,14.419,1950.55557659
2024-05-06,14.408,15.182,14.317,14.547,11649.14040464
2024-05-07,14.532,14.734,14.0,14.015,3302.14543177
2024-05-08,14.037,14.135,13.725,13.931,5947.19027712
2024-05-09,13.943,14.386,13.884,14.267,10850.69951701
2024-05-10,14.266,14.388,13.513,13.579,6452.82323872
2024-05-11,13.597,13.737,13.31,13.31,1072.04400338
2024-05-12,13.324,13.61,13.323,13.552,4128.68355954
2024-05-13,13.604,13.696,13.133,13.395,5833.92237489
2024-05-14,13.382,13.598,12.963,12.994,6257.34040821
2024-05-15,13.03,13.939,12.866,13.901,6771.72847139
2024-05-16,13.891,15.871,13.561,15.528,34228.51768062
2024-05-17,15.583,16.768,15.513,16.304,56068.72044449
2024-05-18,16.304,16.569,16.096,16.341,12261.736054340001
2024-05-19,16.343,17.107,16.325,16.573,23796.19953108
2024-05-20,16.627,17.457,16.397,17.277,58377.98554867
2024-05-21,17.264,17.432,16.524,16.744,21581.59088084
2024-05-22,16.796,16.911,16.163,16.366,13695.3875733
2024-05-23,16.397,16.8,15.5,16.619,27346.50654119
2024-05-24,16.642,17.794,16.642,17.272,40014.84458928
2024-05-25,17.238,17.435,16.943,17.428,9878.27792824
2024-05-26,17.472,17.869,17.049,17.057,7543.05458921
2024-05-27,17.042,18.852,16.936,18.834,16019.5152729
2024-05-28,18.807,18.807,17.893,18.557,20348.44481847
2024-05-29,18.53,19.236,18.077,18.521,11705.89480587
2024-05-30,18.477,19.171,17.831,17.968,11163.86049402
2024-05-31,17.848,18.742,17.462,18.469,7473.86551251
2024-06-01,18.44,18.685,18.277,18.386,6835.15397192
2024-06-02,18.447,18.546,18.083,18.147,6678.45892746
2024-06-03,18.117,18.362,17.565,17.607,9383.7182414
2024-06-04,17.581,17.83,17.529,17.73,2196.54522507
2024-06-05,17.688,18.037,17.639,17.743,8220.75920959
2024-06-06,17.748,17.759,17.135,17.254,7201.32473229
2024-06-07,17.27,17.695,15.369,16.345,48186.34484248
2024-06-08,16.284,16.414,15.736,15.953,13060.10626964
2024-06-09,15.917,16.355,15.913,16.332,4024.31948739
2024-06-10,16.39,16.39,15.77,15.894,13329.01260468
2024-06-11,15.876,15.888,14.669,14.991,29205.08766805
2024-06-12,14.982,16.228,14.772,16.004,21527.88954677
2024-06-13,15.981,16.042,15.075,15.144,4608.49304389
2024-06-14,15.203,15.444,14.487,14.748,16492.0228314
2024-06-15,14.752,15.097,14.702,14.866,4610.76773687
2024-06-16,14.816,15.223,14.602,15.139,1310.45189226
2024-06-17,15.117,15.2,14.043,14.54,4788.3039521
2024-06-18,14.6,14.6,12.95,14.0,18805.18320977
2024-06-19,14.0,14.505,13.934,14.373,5813.90053041
2024-06-20,14.339,14.862,14.252,14.301,4302.10383821
2024-06-21,14.287,14.582,13.874,13.874,8322.73168486
2024-06-22,13.851,13.927,13.497,13.497,2153.5494836
2024-06-23,13.523,13.679,13.156,13.198,6878.1599749
2024-06-24,13.217,13.676,12.79,13.628,479733.89091264
2024-06-25,13.627,14.294,13.595,14.21,35125.45413826
2024-06-26,14.212,14.299,13.869,13.919,5516.92814033
2024-06-27,13.908,14.574,13.616,14.406,8164.37859838
2024-06-28,14.441,14.601,13.785,13.785,16545.83636659
2024-06-29,13.806,14.149,13.515,13.53,2381.6355182
2024-06-30,13.552,14.368,13.479,14.255,1865.97041361
2024-07-01,14.3,14.577,14.264,14.343,1221.18465353
2024-07-02,14.323,14.764,14.275,14.436,7055.23727395
2024-07-03,14.413,14.598,13.559,13.62,9126.28587325
2024-07-04,13.642,13.723,12.59,12.591,119376.88678518
2024-07-05,12.591,12.605,11.072,12.377,114164.97550929
2024-07-06,12.314,13.288,12.247,13.209,5713.43044087
2024-07-07,13.139,13.185,12.342,12.393,7768.5019895000005
2024-07-08,12.387,13.56,11.826,13.141,11470.4782862
2024-07-09,13.201,13.275,12.795,12.88,9939.17629636
2024-07-10,12.822,13.174,12.756,12.863,3739.09868231
2024-07-11,12.822,13.183,12.322,12.352,6466.20205167
2024-07-12,12.393,12.852,12.265,12.751,1271.53417757
2024-07-13,12.774,13.148,12.77,13.091,4807.84862108
2024-07-14,13.074,13.509,12.936,13.46,4821.30674003
2024-07-15,13.497,14.5,13.463,14.415,14216.099161009999
2024-07-16,14.436,14.621,13.882,14.242,4427.97342662
2024-07-17,14.248,14.484,13.756,13.793,5174.52720809
2024-07-18,13.759,13.995,13.44,13.616,4289.44467422
2024-07-19,13.625,14.149,13.389,14.094,7100.53191297
2024-07-20,14.099,14.356,13.9,14.285,1026.56914209
2024-07-21,14.266,15.015,14.003,14.828,18114.64520643
2024-07-22,14.829,14.829,13.858,13.967,3781.04647428
2024-07-23,13.948,14.161,13.535,13.936,12673.57834995
2024-07-24,13.915,13.98,12.47,13.409,361495.29644247
2024-07-25,13.433,13.462,12.5,12.95,16353.25838973
2024-07-26,13.005,13.663,12.994,13.557,2450.74097063
2024-07-27,13.595,13.886,13.36,13.603,2560.29082985
2024-07-28,13.518,13.667,13.233,13.309,1781.91849659
2024-07-29,13.341,13.922,13.341,13.561,8644.5398652
2024-07-30,13.568,13.794,13.025,13.172,7294.59532043
2024-07-31,13.157,13.42,12.786,12.848,10595.40846447
2024-08-01,12.904,13.081,12.148,12.9,13119.05772036
2024-08-02,12.931,12.936,11.792,11.936,6833.01236615
2024-08-03,11.914,12.137,11.385,11.726,6086.37773989
2024-08-04,11.691,11.779,10.516,10.88,16578.26915598
2024-08-05,10.92,10.979,8.0856,9.5059,304334.23237074
2024-08-06,9.5065,10.476,9.5065,10.077,49364.04147319
2024-08-07,10.091,10.491,9.4674,9.485,28732.00062516
2024-08-08,9.4889,10.838,9.3621,10.719,20796.99053213
2024-08-09,10.734,10.734,10.172,10.552,25487.66199931
2024-08-10,10.548,10.704,10.496,10.566,3924.85875359
2024-08-11,10.557,10.835,10.0,10.039,3657.1790904199997
2024-08-12,10.006,10.741,9.9854,10.593,7751.46607673
2024-08-13,10.538,10.692,10.141,10.573,6659.59399971
2024-08-14,10.607,10.759,10.244,10.411,11423.65832393
2024-08-15,10.408,10.683,10.035,10.179,5878.14604813
2024-08-16,10.205,10.397,9.9665,10.163,4606.25875005
2024-08-17,10.134,10.184,10.068,10.164,1681.67787256
2024-08-18,10.169,10.482,10.08,10.107,13609.16863519
2024-08-19,10.069,10.209,9.9683,10.17,3291.32474845
2024-08-20,10.196,10.557,10.075,10.276,5208.47554191
2024-08-21,10.281,11.4,10.196,11.227,21463.47968296
2024-08-22,11.26,11.626,11.175,11.494,15246.69212217
2024-08-23,11.504,12.22,11.494,12.072,22440.29944324
2024-08-24,12.084,12.562,11.938,12.355,11393.97361348
2024-08-25,12.355,12.393,11.992,12.108,12499.16648973
2024-08-26,12.133,12.7,11.873,11.873,13798.88617024
2024-08-27,11.916,12.061,10.929,11.234,11325.89523472
2024-08-28,11.154,11.726,10.973,11.204,8103.44084798
2024-08-29,11.181,11.43,10.854,10.97,5966.01397064
2024-08-30,10.936,11.197,10.533,11.152,4905.84820659
2024-08-31,11.156,11.218,10.993,11.042,2120.40391786
2024-09-01,11.041,11.041,10.3,10.394,5841.73056767
2024-09-02,10.377,10.835,10.377,10.785,7201.91682867
2024-09-03,10.771,10.897,10.247,10.355,9205.4082884
2024-09-04,10.39,10.508,9.8707,10.363,12704.45191312
2024-09-05,10.386,10.415,9.9725,10.04,3199.92525906
2024-09-06,10.047,10.191,9.36,9.6008,5220.54507995
2024-09-07,9.6124,10.182,9.5934,10.044,3434.13292588
2024-09-08,10.046,10.467,10.014,10.358,3944.28327438
2024-09-09,10.398,10.849,10.31,10.55,17654.98765249
2024-09-10,10.488,10.752,10.376,10.612,2684.37840425
2024-09-11,10.592,10.592,10.204,10.419,6135.59629344
2024-09-12,10.416,10.833,10.416,10.833,4648.4724687
2024-09-13,10.81,11.592,10.675,11.485,13927.29135659
2024-09-14,11.475,11.486,11.255,11.32,3594.19702374
2024-09-15,11.341,11.38,10.846,10.852,2922.09429371
2024-09-16,10.827,10.827,10.472,10.591,23651.84904179
2024-09-17,10.578,10.932,10.492,10.653,13290.22274253
2024-09-18,10.616,10.88,10.321,10.879,5225.90877415
2024-09-19,10.935,11.414,10.935,11.212,6936.06357423
2024-09-20,11.25,11.735,11.167,11.436,20071.04371567
2024-09-21,11.42,11.51,11.246,11.51,1250.74462277
2024-09-22,11.531,11.539,10.892,11.138,5854.32916355
2024-09-23,11.141,11.605,10.929,11.432,4704.24399484
2024-09-24,11.413,12.241,11.232,12.185,5741.90685359
2024-09-25,12.209,12.568,12.097,12.115,6115.15487394
2024-09-26,12.142,12.764,11.919,12.597,15936.55847636
2024-09-27,12.572,12.888,12.483,12.693,15087.47432667
2024-09-28,12.708,12.99,12.447,12.966,14124.5177526
2024-09-29,12.976,12.983,12.468,12.484,5230.43979451
2024-09-30,12.486,12.486,11.818,11.839,4030.85338493
2024-10-01,11.895,12.266,10.873,11.046,29510.66815573
2024-10-02,11.027,11.328,10.492,10.687,26261.81924684
2024-10-03,10.714,10.871,10.368,10.678,6167.95165099
2024-10-04,10.713,11.261,10.637,11.094,3352.77299671
2024-10-05,11.104,11.389,11.03,11.269,3371.67699352
2024-10-06,11.25,11.394,11.182,11.323,3867.51561826
2024-10-07,11.287,11.751,11.145,11.168,2531.16604122
2024-10-08,11.207,11.295,10.806,10.845,1171.40424718
2024-10-09,10.853,10.963,10.439,10.559,2477.94570912
2024-10-10,10.543,10.74,10.27,10.534,8317.77667897
2024-10-11,10.563,11.007,10.517,10.912,4210.06509153
2024-10-12,10.941,11.165,10.862,11.031,3401.73025627
2024-10-13,11.043,11.079,10.653,10.764,5451.6368238
2024-10-14,10.709,11.337,10.64,11.289,2399.52621381
2024-10-15,11.301,11.661,10.98,11.458,3060.14073706
2024-10-16,11.42,11.491,11.089,11.251,9100.40591088
2024-10-17,11.277,11.342,10.89,11.018,664.97710911
2024-10-18,11.017,11.492,10.997,11.478,3144.15616546
2024-10-19,11.502,11.574,11.323,11.432,1804.28772441
2024-10-20,11.442,12.03,11.28,11.972,20508.54512886
2024-10-21,11.996,12.018,11.578,11.722,27462.14862595
2024-10-22,11.781,12.321,11.621,11.96,12029.00935981
2024-10-23,12.006,12.006,10.995,11.323,31684.54773606
2024-10-24,11.325,11.611,11.231,11.611,5738.99567399
2024-10-25,11.641,12.089,10.809,10.997,10239.6083516
2024-10-26,11.07,11.38,10.828,11.008,21139.3666019
2024-10-27,10.984,11.147,10.861,11.009,3483.10015069
2024-10-28,10.98,11.233,10.766,11.186,3810.51813674
2024-10-29,11.16,11.795,11.16,11.795,9975.20195416
2024-10-30,11.808,12.457,11.672,12.404,27995.11734267
2024-10-31,12.406,12.433,11.327,11.477,11435.14827232
2024-11-01,11.413,11.71,11.2,11.273,21521.82272804
2024-11-02,11.303,11.392,11.074,11.167,13503.00514879
2024-11-03,11.198,11.218,10.518,10.75,34266.65927366
2024-11-04,10.742,10.906,10.079,10.246,28690.34133968
2024-11-05,10.305,10.95,10.211,10.871,11564.69664716
2024-11-06,10.848,12.286,10.823,12.16,42857.13764222
2024-11-07,12.167,12.707,12.098,12.616,20330.45683785
2024-11-08,12.66,13.711,12.528,13.711,25646.04166139
2024-11-09,13.622,13.8,13.299,13.736,38494.2558078
2024-11-10,13.712,14.827,13.675,14.286,61177.55597055
2024-11-11,14.267,14.92,13.674,14.865,25697.55195832
2024-11-12,14.698,15.315,13.675,13.982,83552.88404034
2024-11-13,13.972,14.361,13.076,13.463,27167.74195932
2024-11-14,13.47,13.812,12.828,12.986,7608.97618714
2024-11-15,13.049,13.875,12.722,13.821,28373.91873097
2024-11-16,13.791,14.786,13.724,14.518,30160.21085853
2024-11-17,14.544,14.886,13.58,13.782,43135.69847662
2024-11-18,13.786,16.0,13.763,15.228,74311.94777162
2024-11-19,15.272,15.416,14.404,14.614,31345.28688692
2024-11-20,14.605,15.3,14.066,14.278,20613.75222788
2024-11-21,14.393,15.351,13.87,14.9,45331.6968746
2024-11-22,14.892,16.536,14.755,16.5,40839.88032276
2024-11-23,16.41,18.349,16.331,17.357,54325.79545029
2024-11-24,17.68,18.3,16.18,17.921,31271.29238286
2024-11-25,18.055,19.008,17.172,17.379,189796.17647707
2024-11-26,17.343,17.843,16.21,17.371,24719.33318429
2024-11-27,17.467,19.0,17.088,18.683,34929.75451847
2024-11-28,18.578,18.651,17.52,17.965,10192.8572069
2024-11-29,17.995,18.421,17.581,18.299,10540.21353823
2024-11-30,18.222,19.45,17.971,19.016,15927.06483502
2024-12-01,18.96,19.073,18.472,18.918,17072.95172039
2024-12-02,19.061,25.343,18.65,25.323,964786.66599557
2024-12-03,25.256,26.253,22.6,24.245,274760.03912506
2024-12-04,24.175,26.437,23.656,24.084,217626.87662539
2024-12-05,24.042,24.824,22.303,23.149,78096.30531762
2024-12-06,23.157,25.9,22.769,25.86,56482.62900383
2024-12-07,25.851,26.814,24.505,24.816,107629.92126457
2024-12-08,24.82,27.4,24.72,26.064,136557.68528942
2024-12-09,26.165,27.339,19.535,22.367,71730.85844944
2024-12-10,22.267,23.77,20.354,22.195,42676.66771208
2024-12-11,22.151,24.303,21.394,24.07,25258.80636796
2024-12-12,24.046,29.375,23.902,29.097,180699.96974228
2024-12-13,29.111,30.737,27.566,28.92,76333.12571146
2024-12-14,28.945,30.679,28.736,28.957,41121.64830243
2024-12-15,29.25,29.843,28.264,29.171,23749.76683628
2024-12-16,29.298,30.769,28.472,28.733,34976.94124189
2024-12-17,28.691,28.947,27.317,27.855,28179.06667904
2024-12-18,27.883,28.3,24.743,24.839,60509.60484793
2024-12-19,24.823,25.598,21.737,22.837,113218.0759466
2024-12-20,22.894,23.695,20.11,23.371,42056.51123793
2024-12-21,23.238,24.881,21.901,21.92,21162.82373013
2024-12-22,22.139,22.78,21.497,22.004,13319.68924546
2024-12-23,21.972,24.954,21.529,24.372,26510.53997002
2024-12-24,24.552,26.0,23.627,25.495,34183.75983013
2024-12-25,25.454,25.513,24.283,24.412,16845.58751687
2024-12-26,24.434,24.63,22.469,22.6,18731.95337937
2024-12-27,22.718,23.653,21.429,21.591,21121.39622035
2024-12-28,21.619,22.349,21.1,22.144,9245.97053125
2024-12-29,22.064,22.064,20.833,21.002,5544.53188094
2024-12-30,20.961,21.805,20.133,20.608,28994.27108517
2024-12-31,20.608,21.129,19.877,20.06,13875.0084279
2025-01-01,20.069,21.905,19.744,21.69,9529.2630797
2025-01-02,21.93,22.894,21.833,22.118,55090.31523388
2025-01-03,22.078,23.89,21.684,23.437,27623.77234097
2025-01-04,23.287,24.029,22.916,23.628,22968.29661828
2025-01-05,23.625,23.74,22.9,23.675,10404.25674103
2025-01-06,23.637,24.76,23.043,23.781,32490.47052746
2025-01-07,23.66,23.78,21.207,21.4,21904.55982081
2025-01-08,21.436,21.698,19.631,20.42,49582.40915631
2025-01-09,20.49,20.745,19.176,19.685,16420.40753417
2025-01-10,19.689,20.538,19.605,20.328,23189.09290054
2025-01-11,20.253,20.711,19.865,20.297,5398.27618998
2025-01-12,20.189,20.353,19.637,19.7,12293.40517602
2025-01-13,19.817,20.38,17.903,19.379,18716.42044834
2025-01-14,19.427,20.51,19.282,20.51,24624.61639174
2025-01-15,20.393,22.056,20.143,22.056,11342.86011124
2025-01-16,22.002,23.74,21.295,22.851,29419.57043883
2025-01-17,23.087,25.224,23.087,25.114,23874.37148008
2025-01-18,25.1,25.596,23.406,24.165,17994.441002
2025-01-19,24.071,26.673,22.182,24.313,67583.28488474
2025-01-20,24.339,26.921,23.423,25.036,92815.84193445
2025-01-21,25.019,27.12,23.73,26.719,72446.15693025
2025-01-22,26.66,27.152,25.216,25.269,16448.8430449
2025-01-23,25.172,26.172,24.0,25.662,17835.09950333
2025-01-24,25.665,26.394,24.865,25.159,51063.31724147
2025-01-25,25.129,25.342,24.736,24.928,15886.4282693
2025-01-26,24.919,26.377,24.902,24.923,18646.12551547
2025-01-27,24.865,25.043,22.213,24.231,41687.16693522
2025-01-28,24.228,24.675,22.333,22.465,22958.23963136
2025-01-29,22.736,24.4,22.35,23.688,12511.54922526
2025-01-30,23.609,25.2,23.466,24.477,8890.24102318
2025-01-31,24.527,26.4,24.14,25.133,14077.2188629
2025-02-01,25.227,25.94,22.8,23.037,14945.13752591
2025-02-02,23.126,23.277,19.311,20.469,32733.82752846
2025-02-03,20.429,22.0,15.602,21.646,88774.21368417
2025-02-04,21.689,21.689,19.315,19.952,27183.10244284
2025-02-05,19.939,20.251,18.974,19.171,8912.42729673
2025-02-06,19.217,19.91,18.469,18.616,10401.30497181
2025-02-07,18.605,19.811,17.857,18.34,3944.22882554
2025-02-08,18.379,18.555,17.92,18.502,4983.76147476
2025-02-09,18.417,19.0,17.48,18.32,2842.48334724
2025-02-10,18.472,19.102,17.777,18.697,12874.54144224
2025-02-11,18.816,19.771,18.283,18.684,7544.23551955
2025-02-12,18.64,19.503,17.699,19.215,8496.52125073
2025-02-13,19.201,19.305,18.239,18.573,4996.09701014
2025-02-14,18.518,19.84,18.494,19.399,7310.63959114
2025-02-15,19.334,19.636,18.748,18.962,1909.97830223
2025-02-16,18.989,19.256,18.6,19.015,2919.14374741
2025-02-17,18.736,19.788,18.5,19.103,18703.45452663
2025-02-18,19.016,19.018,17.318,17.9,10613.89925339
2025-02-19,17.994,18.218,17.485,18.012,6900.36357743
2025-02-20,18.018,18.48,17.867,18.32,6164.37397757
2025-02-21,18.318,19.059,17.167,17.459,6860.9137737
2025-02-22,17.398,18.031,17.358,17.782,4166.08424787
2025-02-23,17.781,18.133,17.5,17.645,2892.87089435
2025-02-24,17.7,17.707,15.002,15.29,7392.85361288
2025-02-25,15.172,15.615,14.103,15.35,31156.62002467
2025-02-26,15.295,15.752,14.736,15.285,12752.53554816
2025-02-27,15.316,15.786,14.832,15.149,18680.59548292
2025-02-28,15.134,15.205,13.515,14.87,58498.41120411
2025-03-01,14.821,15.172,14.304,14.83,24431.81296307
2025-03-02,14.802,17.502,14.496,17.422,22206.86073557
2025-03-03,17.501,17.501,14.479,14.671,10691.19314146
2025-03-04,14.442,15.281,13.135,14.941,30115.10860774
2025-03-05,14.866,16.623,14.686,16.468,67834.95757455
2025-03-06,16.468,17.687,16.434,17.088,22875.68141036
2025-03-07,17.079,17.545,15.807,15.979,23239.17556019
2025-03-08,16.011,16.047,15.186,15.251,6900.23628252
2025-03-09,15.319,15.395,13.657,13.83,31309.236650849998
2025-03-10,13.915,14.59,12.475,12.854,16696.15124188
2025-03-11,12.775,13.684,11.897,13.141,58317.78620311
2025-03-12,13.208,13.812,12.69,13.463,10414.45525762
2025-03-13,13.441,13.578,12.749,13.225,6479.48274261
2025-03-14,13.043,14.704,13.043,13.741,89234.77571371
2025-03-15,13.752,14.254,13.713,14.086,22473.01976811
2025-03-16,14.056,14.18,13.269,13.328,11093.0048682
2025-03-17,13.42,14.267,13.415,14.021,10632.35463603
2025-03-18,13.966,14.237,13.5,13.946,9020.65218707
2025-03-19,13.96,15.047,13.889,15.037,17473.91523549
2025-03-20,15.101,15.12,14.128,14.231,13845.84106131
2025-03-21,14.228,14.387,13.845,14.108,7684.23314317
2025-03-22,13.955,14.509,13.953,14.208,10486.29426198
2025-03-23,14.239,14.484,14.239,14.334,6124.93484283
2025-03-24,14.566,15.4,14.214,15.051,13992.88177011
2025-03-25,15.082,15.575,15.033,15.479,3140.63082389
2025-03-26,15.463,16.0,15.031,15.287,14969.31845183
2025-03-27,15.422,15.793,15.328,15.558,2174.01292346
2025-03-28,15.443,15.443,14.048,14.284,8977.21230316
2025-03-29,14.284,14.284,13.47,13.517,3725.60258428
2025-03-30,13.659,13.847,13.241,13.4,7564.75293657
2025-03-31,13.423,13.72,12.993,13.546,7545.26015559
2025-04-01,13.529,14.393,13.513,14.05,5925.86475747
2025-04-02,14.036,14.347,12.813,12.925,27715.73791
2025-04-03,12.892,13.258,12.35,12.777,20964.9609747
2025-04-04,12.941,13.185,12.44,12.967,5405.37763256
2025-04-05,12.916,13.006,12.62,12.877,2175.57239448
2025-04-06,12.837,12.934,11.028,11.261,16375.25240333
2025-04-07,11.133,11.685,10.103,11.596,12198.03801387
2025-04-08,11.438,11.845,10.8,10.906,12962.48771861
2025-04-09,10.966,12.812,10.45,12.694,14322.45676709
2025-04-10,12.388,12.599,11.679,12.06,362164.85603392
2025-04-11,12.07,12.887,12.037,12.628,109700.88415684
2025-04-12,12.626,13.27,12.471,13.163,14228.79242094
2025-04-13,13.138,13.226,12.418,12.605,67927.459557
2025-04-14,12.608,13.237,12.581,12.638,78431.78965105
2025-04-15,12.651,12.828,12.236,12.27,61494.50816781
2025-04-16,12.225,12.514,11.952,12.353,74969.30690552
2025-04-17,12.366,12.661,12.219,12.548,40758.88666307
2025-04-18,12.495,12.666,12.422,12.549,10616.130545
2025-04-19,12.618,13.002,12.618,12.99,4267.60343432
2025-04-20,12.933,13.554,12.852,13.264,29454.90859446
2025-04-21,13.345,13.626,12.956,13.062,17180.61150669
2025-04-22,12.924,14.172,12.892,14.139,18354.22831089
2025-04-23,14.129,15.287,14.049,15.112,41437.53355081
2025-04-24,14.938,15.094,14.194,14.937,18825.90391339
2025-04-25,15.079,15.345,14.714,14.946,12897.60634509
2025-04-26,15.113,15.255,14.763,14.869,5087.33462943
2025-04-27,14.873,15.029,14.384,14.561,11860.72776038
2025-04-28,14.579,15.042,14.27,14.964,25049.93813778
2025-04-29,15.074,15.239,14.51,14.647,11446.30202947
2025-04-30,14.688,14.758,13.92,14.312,43251.79906298
2025-05-01,14.403,15.031,14.403,14.822,39961.57498659
2025-05-02,14.72,15.007,14.506,14.654,37507.44081529
2025-05-03,14.642,14.642,14.209,14.296,14066.5256356
2025-05-04,14.282,14.371,13.852,13.906,25367.67787939
2025-05-05,13.895,14.235,13.513,13.671,55083.39864116
2025-05-06,13.669,13.9,13.246,13.824,50430.9563647
2025-05-07,13.824,14.103,13.496,13.918,59936.75241637
2025-05-08,13.856,16.0,13.841,15.809,72605.55477963
2025-05-09,15.757,16.74,15.599,16.002,83982.24349746
2025-05-10,16.033,17.437,15.901,17.365,75418.44028285
2025-05-11,17.31,17.392,16.345,17.074,54905.29174246
2025-05-12,17.116,17.914,16.065,16.778,71574.09162714
2025-05-13,16.599,17.778,16.06,17.411,26046.1560727
2025-05-14,17.405,17.489,16.699,17.003,46017.08033627
2025-05-15,17.053,17.12,15.707,16.009,116580.20156264
2025-05-16,16.012,16.461,15.603,15.794,77464.2706109
2025-05-17,15.767,15.767,15.091,15.326,42000.77798944
2025-05-18,15.341,16.37,14.976,15.771,32206.88329877
2025-05-19,15.812,15.982,14.861,15.749,34102.13253737
2025-05-20,15.882,16.314,15.364,15.696,11009.61973144
2025-05-21,15.708,16.45,15.516,16.139,62691.08013362
2025-05-22,16.183,16.888,16.054,16.707,34580.49035359
2025-05-23,16.691,17.131,15.44,15.45,58749.64964714
2025-05-24,15.642,15.858,15.222,15.332,21991.84501494
2025-05-25,15.334,15.533,14.843,15.518,35635.45041102
2025-05-26,15.525,15.918,15.403,15.444,25183.39392813
2025-05-27,15.585,16.11,15.166,15.868,52557.30925674
2025-05-28,15.816,16.138,15.306,15.653,44146.1760392
2025-05-29,15.679,16.142,15.002,15.005,40312.76781001
2025-05-30,15.0,15.034,13.769,13.916,86587.98845056
2025-05-31,13.868,14.171,13.437,14.105,25106.03623388
2025-06-01,13.954,14.089,13.614,14.065,10677.22606189
2025-06-02,14.065,14.065,13.603,14.052,24016.58180421
2025-06-03,14.166,14.41,13.998,14.109,37104.42544158
2025-06-04,14.129,14.456,13.761,13.851,26331.85205979
2025-06-05,13.736,13.963,12.692,12.937,17152.025755
2025-06-06,12.998,13.671,12.957,13.575,15690.812369700001
2025-06-07,13.572,14.082,13.493,13.917,2263.58422659
2025-06-08,13.805,13.97,13.564,13.745,6564.86339564
2025-06-09,13.75,14.399,13.599,14.364,3446.4536688
2025-06-10,14.396,15.54,14.356,15.394,33104.46647559
2025-06-11,15.408,15.629,14.826,14.882,32769.61491813
2025-06-12,14.797,14.827,13.864,14.035,11630.45171649
2025-06-13,13.86,13.86,12.797,13.4,31777.13139076
2025-06-14,13.418,13.463,12.878,13.17,14643.70727346
2025-06-15,13.179,13.321,13.067,13.308,22864.87966852
2025-06-16,13.234,14.146,13.191,13.532,8727.25708294
2025-06-17,13.557,13.748,12.865,13.012,4861.69977679
2025-06-18,13.108,13.223,12.664,13.109,9797.12694152
2025-06-19,13.097,13.344,12.971,13.154,3170.91471464
2025-06-20,13.042,13.231,12.362,12.535,2440.97918741
2025-06-21,12.531,12.727,11.683,11.795,9144.91907178
2025-06-22,11.954,12.102,10.97,11.654,6511.9880945
2025-06-23,11.683,12.927,11.432,12.91,23241.99719497
2025-06-24,12.869,13.7,12.839,13.385,17757.28019147
2025-06-25,13.428,13.456,13.004,13.131,12062.8497434
2025-06-26,13.132,13.553,12.915,12.915,1872.03275918
2025-06-27,12.845,13.191,12.743,13.062,2275.47009415
2025-06-28,13.156,13.446,13.116,13.401,1825.96581511
2025-06-29,13.331,13.85,13.261,13.722,1787.2873445799999
2025-06-30,13.719,13.756,13.169,13.394,8958.12593214
2025-07-01,13.393,13.432,12.816,12.914,10798.43425734
2025-07-02,12.916,13.849,12.787,13.575,14040.76561102
2025-07-03,13.615,14.017,13.479,13.679,11203.73099252
2025-07-04,13.688,13.78,12.964,13.185,12750.97297568
2025-07-05,13.175,13.268,13.026,13.229,1368.8085789900001
2025-07-06,13.226,13.688,13.137,13.497,3223.02275665
2025-07-07,13.511,13.717,13.3,13.444,9488.3529945
2025-07-08,13.47,14.002,13.229,13.987,74983.64512293
2025-07-09,13.974,14.37,13.832,14.37,112864.27605301
2025-07-10,14.246,15.335,14.191,15.3,45407.77086679
2025-07-11,15.15,15.849,15.034,15.282,13238.51694896
2025-07-12,15.208,15.46,14.77,15.094,7945.66622947
2025-07-13,15.069,15.9,15.061,15.61,13943.849969
2025-07-14,15.597,16.412,15.597,15.727,53018.77600436
2025-07-15,15.721,16.184,15.161,16.095,18872.1438836
2025-07-16,16.054,17.034,15.922,16.687,18647.74355593
2025-07-17,16.739,18.099,16.346,18.032,41814.3246289
2025-07-18,18.073,19.161,17.354,17.881,67637.15374036
2025-07-19,17.928,18.536,17.55,18.442,17779.27502984
2025-07-20,18.372,19.932,18.372,19.276,42124.86316436
2025-07-21,19.305,20.248,19.041,19.591,26793.58680185
2025-07-22,19.527,19.952,18.644,19.558,47036.23551159
2025-07-23,19.587,19.665,17.622,18.171,92740.48249038
2025-07-24,18.15,18.695,17.254,17.935,10648.30365551
2025-07-25,17.79,18.439,17.297,18.268,18516.96100049
2025-07-26,18.255,18.573,18.205,18.489,3730.9674527399998
2025-07-27,18.378,19.256,18.377,19.18,8866.66071144
2025-07-28,19.346,19.569,18.04,18.048,10501.71822178
2025-07-29,18.142,18.654,17.518,17.837,36109.38953194
2025-07-30,17.818,17.96,16.802,17.737,19447.07288654
2025-07-31,18.019,18.25,16.885,16.922,11969.7365096
2025-08-01,16.926,17.053,15.733,16.116,373466.28474693
2025-08-02,16.088,16.266,15.48,15.664,10792.22811698
2025-08-03,15.72,16.384,15.489,16.31,2711.4856910099998
2025-08-04,16.326,17.182,16.307,17.101,3597.41048859
2025-08-05,17.118,17.118,16.15,16.307,12028.6517329
2025-08-06,16.323,16.904,16.116,16.709,6045.45631471
2025-08-07,16.654,18.505,16.616,18.492,24933.69799734
2025-08-08,18.478,19.969,18.069,19.969,567466.79493113
2025-08-09,19.832,21.98,19.826,21.98,51463.51373638
2025-08-10,22.0,22.656,21.304,22.059,34264.43737297
2025-08-11,21.958,22.519,20.938,21.202,23842.81947434
2025-08-12,21.089,24.187,21.026,23.438,35853.6736604
2025-08-13,23.588,24.678,23.256,24.016,32863.51008145
2025-08-14,24.041,24.265,21.544,22.581,22075.73645083
2025-08-15,22.541,23.023,21.402,21.743,25932.6006091
2025-08-16,21.794,22.949,21.464,22.643,16669.32522125
2025-08-17,22.667,26.34,22.397,25.666,45525.19553793
2025-08-18,25.651,26.735,24.321,25.799,50989.95170484
2025-08-19,25.75,25.75,23.528,23.537,13150.80557895
2025-08-20,23.645,26.912,23.431,26.415,42699.00184708
2025-08-21,26.6,26.6,24.703,24.703,24891.89738477
2025-08-22,25.041,27.88,24.184,26.766,74831.76351768
2025-08-23,26.808,26.821,25.594,26.34,4540.64529267
2025-08-24,26.34,26.622,25.274,25.868,41634.78386749
2025-08-25,25.917,26.482,23.167,23.456,50287.14280379
2025-08-26,23.434,24.672,22.952,24.672,13801.45795017
2025-08-27,24.13,24.658,23.661,23.767,14920.85425684
2025-08-28,23.856,26.031,23.628,25.171,31605.8720259
2025-08-29,25.233,25.233,23.2,23.425,17175.49906378
2025-08-30,23.145,23.506,22.863,23.5,11941.41998384
2025-08-31,23.723,24.04,23.24,23.24,5923.95087858
2025-09-01,23.03,23.857,22.2,22.524,35507.96949255
2025-09-02,22.53,23.616,22.452,23.55,16461.29500411
2025-09-03,23.459,23.939,23.3,23.883,1489.44495956
2025-09-04,23.868,23.907,22.286,22.439,19673.5254881
2025-09-05,22.335,23.26,22.1,22.291,10478.41018432
2025-09-06,22.387,22.47,21.967,22.198,9470.56132285
2025-09-07,22.306,22.598,22.142,22.573,14643.08809365
2025-09-08,22.408,23.263,22.27,23.098,15664.71852653
2025-09-09,23.107,23.793,22.832,23.075,30139.41839045
2025-09-10,23.057,23.922,22.921,23.542,18351.07529184
2025-09-11,23.537,24.452,23.42,24.452,27933.52687457
2025-09-12,24.466,25.291,24.182,25.138,4126.86480689
2025-09-13,25.111,25.6,24.542,24.817,16012.945613760001
2025-09-14,24.707,24.927,23.868,24.152,13945.5459379
2025-09-15,24.142,24.475,23.035,23.601,19819.80544404
2025-09-16,23.604,23.781,23.141,23.491,3221.86218265
2025-09-17,23.481,24.245,22.883,23.992,9197.20920526
2025-09-18,24.028,24.713,23.7,24.623,5252.93912069
2025-09-19,24.7,24.849,23.331,23.505,8358.84991945
2025-09-20,23.518,23.669,23.145,23.351,6975.79825849
2025-09-21,23.369,23.499,22.97,23.011,2259.45262304
2025-09-22,23.001,23.069,20.291,21.701,45944.35899243
2025-09-23,21.603,22.033,21.271,21.588,7149.3197848
2025-09-24,21.595,22.003,21.1,21.731,6659.72464335
2025-09-25,21.674,21.674,19.86,20.123,9244.31747627
2025-09-26,20.363,21.237,19.983,21.059,4534.16235313
2025-09-27,21.083,21.123,20.806,20.984,1803.95932279
2025-09-28,20.892,21.734,20.596,21.716,3027.30607554
2025-09-29,21.674,21.92,21.1,21.795,4736.13520634
2025-09-30,21.7,21.775,21.037,21.321,19262.8579406
2025-10-01,21.206,22.613,21.103,22.429,6713.69910797
2025-10-02,22.485,23.14,22.048,22.724,38935.13121472
2025-10-03,22.788,23.023,22.21,22.525,8642.78913492
2025-10-04,22.61,22.618,21.784,22.075,2448.14933971
2025-10-05,22.099,22.908,21.88,21.996,8897.72717188
2025-10-06,21.963,23.581,21.544,23.364,39253.8611512
2025-10-07,23.449,23.7,21.8,21.8,13009.28627658
2025-10-08,22.02,22.649,21.729,22.623,10950.2776509
2025-10-09,22.569,22.569,21.346,22.015,11613.5366645
2025-10-10,22.061,22.735,8.3,17.281,108001.71060285
2025-10-11,17.406,18.483,16.683,17.245,50783.17987618
2025-10-12,17.138,19.42,16.8,19.02,6370.19724068
2025-10-13,18.98,20.212,18.802,19.947,12308.72859154
2025-10-14,19.955,20.076,18.23,19.158,9677.97209817
2025-10-15,19.14,19.277,17.87,18.067,7041.01786481
2025-10-16,18.004,18.473,17.139,17.364,23519.40374437
2025-10-17,17.474,17.569,15.77,16.681,13643.6477441
2025-10-18,16.788,17.0,16.646,16.922,1202.9056577
2025-10-19,16.744,17.634,16.599,17.297,2604.14046845
2025-10-20,17.023,19.21,17.023,18.691,14855.30950831
2025-10-21,18.685,19.002,17.697,17.767,15860.14680619
2025-10-22,17.698,17.844,16.746,17.177,11151.64604696
2025-10-23,17.189,17.742,17.132,17.333,2901.07389746
2025-10-24,17.44,18.083,17.35,17.937,2512.79059024
2025-10-25,17.92,18.172,17.868,18.015,1775.35901315
2025-10-26,17.825,18.606,17.706,18.57,7530.37036995
2025-10-27,18.565,19.02,18.141,18.141,9904.7741358
2025-10-28,18.195,18.774,17.561,17.857,10242.67171175
2025-10-29,17.85,18.687,17.664,18.165,11437.18771404
2025-10-30,18.178,18.423,16.38,16.762,10221.12170629
2025-10-31,16.82,17.47,16.788,17.253,2566.22723405
2025-11-01,17.233,17.448,17.073,17.133,1348.07307375
2025-11-02,17.16,17.632,17.022,17.632,15960.29107961
2025-11-03,17.636,17.664,14.7,15.265,19401.72222333
2025-11-04,15.264,15.514,13.75,14.765,20032.9981259
2025-11-05,14.669,15.386,14.257,15.115,6366.44054286
2025-11-06,15.1,15.231,14.327,14.648,4719.73971577
2025-11-07,14.756,16.216,14.343,15.748,18982.69899183
2025-11-08,15.874,16.004,15.155,15.497,5861.30293311
2025-11-09,15.521,16.12,15.06,15.935,2733.01064691
2025-11-10,15.846,16.645,15.813,16.38,18191.38435659
2025-11-11,16.432,16.766,15.271,15.346,2755.73204068
2025-11-12,15.367,16.235,14.989,15.189,4827.83582535
2025-11-13,15.231,16.021,14.184,14.555,7420.63739756
2025-11-14,14.543,14.606,13.722,13.797,3177.7711545399998
2025-11-15,13.967,14.348,13.874,14.157,1857.13624196
2025-11-16,13.985,14.513,13.5,13.779,5041.17563623
2025-11-17,13.765,14.25,13.14,13.309,8146.1741124
2025-11-18,13.278,13.992,13.123,13.927,12257.4513385
2025-11-19,13.756,13.845,12.8,13.534,3844.79131775
2025-11-20,13.569,14.011,12.826,13.022,4927.58753102
2025-11-21,13.108,13.224,11.7,12.185,15177.27326065
2025-11-22,12.079,12.293,11.774,12.293,3029.33920578
2025-11-23,12.131,12.759,12.127,12.554,6955.48540711
2025-11-24,12.52,13.21,12.381,12.999,3268.17617714
2025-11-25,12.965,13.227,12.581,13.088,3487.08605217
2025-11-26,13.084,13.5,12.799,13.468,3611.9689397399998
2025-11-27,13.434,13.548,13.256,13.364,1345.48941178
2025-11-28,13.33,13.534,13.074,13.158,1303.48956452
2025-11-29,13.107,13.219,12.945,13.036,949.09178043
2025-11-30,13.063,13.409,12.958,12.958,607.96382108
2025-12-01,12.956,12.956,11.805,12.132,19277.63142481
2025-12-02,12.116,13.579,12.03,13.579,6546.98895742
2025-12-03,13.468,14.72,13.458,14.697,10689.82521437
2025-12-04,14.581,14.865,14.0,14.284,10906.3170429
2025-12-05,14.226,14.392,13.399,13.621,1953.67821564
2025-12-06,13.515,14.048,13.502,13.992,3314.46110478
2025-12-07,13.995,14.145,13.235,13.516,4697.77245265
2025-12-08,13.672,14.281,13.609,13.763,2063.61215789
2025-12-09,13.771,15.001,13.574,14.527,10821.6646086
2025-12-10,14.432,14.877,14.0,14.104,10131.24655764
2025-12-11,14.103,14.202,13.45,14.021,11157.03437519
2025-12-12,14.079,14.3,13.324,13.684,10367.70805536
2025-12-13,13.647,13.938,13.62,13.748,720.88657753
2025-12-14,13.728,13.791,13.14,13.28,5585.22252906
2025-12-15,13.358,13.731,12.542,12.908,2809.84192784
2025-12-16,12.866,13.122,12.676,12.903,4428.04479264
2025-12-17,12.866,13.188,12.15,12.263,18335.8095511
2025-12-18,12.265,12.888,11.773,11.951,41130.05166059
2025-12-19,11.957,12.76,11.873,12.565,12782.22879523
2025-12-20,12.516,12.72,12.505,12.57,4384.61478178
2025-12-21,12.559,12.716,12.26,12.444,6605.40655457
2025-12-22,12.496,12.903,12.373,12.575,11797.48809368
2025-12-23,12.584,12.692,12.077,12.401,10693.32322507
2025-12-24,12.416,12.429,12.006,12.283,7904.12091468
2025-12-25,12.258,12.435,11.989,12.072,7648.19328385
2025-12-26,12.054,12.528,12.052,12.186,4220.07004128
2025-12-27,12.201,12.534,12.19,12.519,6805.38612235
2025-12-28,12.542,12.6,12.341,12.485,16875.2650299
2025-12-29,12.506,13.016,12.267,12.294,18552.15010776
2025-12-30,12.31,12.599,12.286,12.433,8470.22147888
2025-12-31,12.392,12.531,12.213,12.217,13325.623551
2026-01-01,12.219,12.625,12.165,12.607,5117.17249114
2026-01-02,12.64,13.404,12.593,13.267,16354.24629782
2026-01-03,13.305,13.36,12.976,13.222,19956.69859888
2026-01-04,13.226,13.568,13.226,13.367,12984.32997252
2026-01-05,13.437,14.098,13.382,13.893,24169.39688187
2026-01-06,13.915,14.21,13.466,14.031,42519.87053316
2026-01-07,13.998,13.998,13.297,13.447,23849.39623343
2026-01-08,13.453,13.553,13.034,13.215,11829.65245244
2026-01-09,13.225,13.438,13.046,13.157,9940.8873828
2026-01-10,13.136,13.245,13.074,13.143,3876.04159999
2026-01-11,13.169,13.364,13.05,13.205,5790.8956725
2026-01-12,13.181,13.514,12.929,13.083,11660.84119808
2026-01-13,13.069,14.139,13.051,14.013,40903.91335398
2026-01-14,14.096,14.392,13.85,14.101,29569.23749408
2026-01-15,14.072,14.184,13.557,13.782,16317.4750568
2026-01-16,13.799,13.856,13.437,13.727,6492.49379813
2026-01-17,13.689,13.889,13.627,13.731,10132.41641339
2026-01-18,13.724,13.87,13.3,13.316,13993.00804018
2026-01-19,13.3,13.3,12.435,12.89,17895.21331827
2026-01-20,12.9,12.9,12.043,12.164,18862.14613909
2026-01-21,12.103,12.658,11.912,12.399,10597.92564611
2026-01-22,12.418,12.577,12.127,12.257,10420.09661116
2026-01-23,12.251,12.489,12.046,12.21,3701.60803766
2026-01-24,12.241,12.283,12.141,12.189,7784.91490304
2026-01-25,12.209,12.209,11.372,11.516,10420.141384659999
2026-01-26,11.53,12.124,11.53,11.964,11709.84921664
2026-01-27,11.958,12.187,11.851,12.04,6169.85770726
2026-01-28,12.017,12.049,11.712,11.842,7323.77407538
2026-01-29,11.818,11.826,10.831,11.119,17504.08474688
2026-01-30,11.142,11.16,10.515,10.79,18756.837707579998
2026-01-31,10.783,10.828,9.0,9.9992,34119.06109635
2026-02-01,9.9999,10.084,9.2622,9.4242,23789.97978721
2026-02-02,9.4304,10.037,9.05,9.8156,36114.3181242
2026-02-03,9.808,9.8995,9.1044,9.4749,41159.60686979
2026-02-04,9.5021,9.7776,9.0537,9.2725,39882.39356297
2026-02-05,9.2545,9.358,7.87,7.9162,89790.2232851
2026-02-06,7.9275,9.0022,7.1291,8.8812,36127.7722173
2026-02-07,8.8629,9.0532,8.59,8.9243,32054.77363511
2026-02-08,8.912,9.0394,8.7314,8.8171,3951.95881454
2026-02-09,8.815,9.0191,8.4737,8.8404,5935.47849596
2026-02-10,8.8558,8.8879,8.4843,8.5772,5803.84278051
2026-02-11,8.5907,8.6163,8.1427,8.3319,28941.42454479
2026-02-12,8.3505,8.5956,8.1873,8.4083,48488.09174069
2026-02-13,8.4423,8.9165,8.324,8.772,8622.07233674
2026-02-14,8.8154,9.2018,8.7962,9.0936,9829.38648928
2026-02-15,9.1011,9.244,8.6092,8.7921,7378.66063672
2026-02-16,8.8023,8.9913,8.6622,8.9428,7537.37906474
2026-02-17,8.9461,8.9967,8.6841,8.8469,14002.55420759
2026-02-18,8.8505,9.007,8.5322,8.6106,6266.69285205
2026-02-19,8.6132,8.7596,8.3699,8.5886,16677.02992532
2026-02-20,8.5843,9.0186,8.4683,8.9481,37964.34751507
2026-02-21,8.9529,9.0359,8.8589,8.8811,22088.73118997
2026-02-22,8.8692,8.8989,8.6132,8.673,4365.37440831
2026-02-23,8.7,8.7001,8.1962,8.2809,6953.62392309
2026-02-24,8.3083,8.3458,8.0751,8.2057,6527.37091691
2026-02-25,8.2169,9.5948,8.2169,9.2702,65941.08704499
2026-02-26,9.239,9.3474,8.8723,9.1046,28062.84906951
2026-02-27,9.1046,9.2931,8.5626,8.724,14314.75090519
2026-02-28,8.7297,8.9475,8.2256,8.8605,20201.3268881
2026-03-01,8.8556,9.2074,8.5525,8.6842,17266.57137252
2026-03-02,8.6837,9.2612,8.5917,8.9459,15956.10528435
2026-03-03,8.9762,9.0162,8.5689,8.8108,3863.65695003
2026-03-04,8.803,9.6318,8.6931,9.3459,9492.13747885
2026-03-05,9.3556,9.4864,9.0747,9.193,13543.44053005
2026-03-06,9.2144,9.2976,8.6744,8.799,8256.56988921
2026-03-07,8.8076,8.8538,8.6577,8.6939,3771.84985052
2026-03-08,8.709,8.7661,8.4,8.5328,5374.96162835
2026-03-09,8.526,9.0922,8.5106,8.8692,5946.47754231
2026-03-10,8.8786,9.1752,8.8562,8.9843,6465.13798323
2026-03-11,8.9838,9.164,8.878,8.9888,17302.57329511
2026-03-12,9.0013,9.1034,8.8399,9.0514,7821.21763351
2026-03-13,9.0429,9.5833,9.0223,9.0919,46905.5372227
2026-03-14,9.1069,9.1519,8.9395,9.1519,5661.16793052
2026-03-15,9.1698,9.5388,9.1203,9.4578,17844.66071542
2026-03-16,9.5094,10.069,9.4124,9.9165,28129.212771
2026-03-17,9.8995,10.016,9.6811,9.7882,8224.42970047
2026-03-18,9.8013,9.908,9.0904,9.2333,11850.10173518
2026-03-19,9.2213,9.3271,8.8988,9.0306,4056.45694628
2026-03-20,9.0723,9.2106,8.9593,9.1193,9170.4313569
2026-03-21,9.1376,9.1737,8.7553,8.8267,10097.5006472
2026-03-22,8.8006,8.9624,8.5834,8.6875,14068.80946266
2026-03-23,8.6884,9.28,8.5818,9.118,19776.98583361
2026-03-24,9.1339,9.264,9.0159,9.2501,24345.87051341
2026-03-25,9.2501,9.379,9.1761,9.379,13784.36298267
2026-03-26,9.3668,9.3774,8.8122,8.9183,13785.28194687
2026-03-27,8.9066,8.9771,8.4885,8.5704,19966.57757089
2026-03-28,8.5614,8.6911,8.3804,8.4078,13114.20515326
2026-03-29,8.4569,8.5837,8.215,8.393,4189.62625166
2026-03-30,8.4355,8.9059,8.4355,8.6178,14380.72010846
2026-03-31,8.6033,8.8741,8.5044,8.7827,6943.46793088
2026-04-01,8.7744,9.173,8.744,8.931,21298.7161608
2026-04-02,8.9362,8.9979,8.4355,8.6134,18530.17657087
2026-04-03,8.6281,8.8045,8.5902,8.6534,20746.84460576
2026-04-04,8.6415,8.7694,8.6147,8.6931,4163.7481618
2026-04-05,8.6803,8.8578,8.4774,8.8048,5377.78910781
2026-04-06,8.8401,9.1359,8.7254,8.8018,28667.84267537
2026-04-07,8.7918,9.4,8.5727,9.2862,36817.49884244
2026-04-08,9.3096,9.3096,8.8328,8.8708,33303.16475652
2026-04-09,8.8366,9.1767,8.6879,8.94,12796.03802997
2026-04-10,8.9462,9.1695,8.8789,9.0667,18482.80209474
2026-04-11,9.079,9.2869,8.9509,9.0607,8710.53269728
2026-04-12,9.0578,9.0659,8.6897,8.7188,14094.30425098
2026-04-13,8.7628,9.444,8.689,9.3609,28312.15290229
2026-04-14,9.3729,9.3827,8.9428,9.0187,19130.23293912
2026-04-15,9.0473,9.3645,8.9965,9.2583,13781.35804255
2026-04-16,9.2602,9.6779,9.1304,9.5962,32092.74910323
2026-04-17,9.5861,9.8506,9.3396,9.6169,34005.00954404
2026-04-18,9.62,9.648,9.2636,9.289,15272.4551737
2026-04-19,9.2707,9.3701,9.01,9.0778,7632.10220029
2026-04-20,9.0959,9.3929,9.0925,9.2858,4619.48696252
2026-04-21,9.2971,9.4847,9.2487,9.4098,10736.27803463
2026-04-22,9.4128,9.5495,9.2903,9.2909,5548.28731075
2026-04-23,9.2754,9.3898,9.1479,9.3575,5309.6810521
2026-04-24,9.3774,9.4442,9.2521,9.3684,2807.45837566
2026-04-25,9.3607,9.4375,9.2936,9.3393,1101.56259394
2026-04-26,9.3332,9.5348,9.3046,9.5226,2518.9342088
2026-04-27,9.4807,9.5833,9.16,9.3331,3441.19467911
2026-04-28,9.308,9.3304,9.1589,9.2472,2974.17540938
2026-04-29,9.2599,9.4174,8.918,9.1202,12654.46786735
2026-04-30,9.1114,9.1826,9.04,9.1091,1531.4440232
2026-05-01,9.1114,9.271,9.0665,9.0856,2119.0035150100002
2026-05-02,9.0879,9.2417,9.0732,9.1741,7178.09129235
2026-05-03,9.18,9.2173,9.0663,9.1286,9538.07906235
2026-05-04,9.1167,9.64,9.0995,9.3483,15360.28849066
2026-05-05,9.358,9.8349,9.358,9.7614,24394.01884023
2026-05-06,9.7646,10.231,9.752,9.9773,35073.633846
2026-05-07,9.9633,10.121,9.8068,9.8407,15751.67347819
2026-05-08,9.8701,10.472,9.7815,10.345,16879.70535285
2026-05-09,10.328,10.603,10.292,10.355,18572.11525648
2026-05-10,10.371,10.86,10.283,10.756,12542.92180331
2026-05-11,10.686,10.709,10.4,10.603,9531.6943943
2026-05-12,10.579,10.581,10.109,10.282,24669.84137391
2026-05-13,10.304,10.783,10.04,10.213,36208.92753076
2026-05-14,10.222,10.76,10.096,10.468,10315.02674247
2026-05-15,10.504,10.553,9.966,10.066,22854.29884936
2026-05-16,10.083,10.084,9.6198,9.7155,12072.01028508
2026-05-17,9.7113,9.8477,9.3301,9.554,10402.94119857
2026-05-18,9.5319,9.602,9.3148,9.5933,8350.43331223
2026-05-19,9.6153,9.8191,9.4367,9.46,5112.38005213
2026-05-20,9.4455,9.693,9.392,9.6369,11729.38897879
2026-05-21,9.6416,9.8403,9.5294,9.7619,5014.79568292
2026-05-22,9.7475,10.019,9.3731,9.4204,19643.44564799
2026-05-23,9.416,9.784,9.0694,9.581,9325.83221834
2026-05-24,9.5963,9.6435,9.2723,9.4609,13459.87017847
2026-05-25,9.4504,9.67,9.3856,9.5121,9703.24828513
2026-05-26,9.5121,9.6755,9.3532,9.391,11468.30859404
2026-05-27,9.4095,9.4695,9.1114,9.1251,6063.7025691
2026-05-28,9.1251,9.1507,8.7549,9.0102,6786.92843337
2026-05-29,9.0179,9.1336,8.8032,9.0262,4498.25468044
2026-05-30,9.0343,9.3127,9.0343,9.1746,6139.71762927
2026-05-31,9.2207,9.3,9.0022,9.1317,4196.85615272
2026-06-01,9.1537,9.2108,8.851,9.0721,8122.26034552
2026-06-02,9.0258,9.029,8.2446,8.3537,6004.82147779
2026-06-03,8.3705,8.6081,8.1099,8.3359,7066.87053454
2026-06-04,8.3572,8.3676,7.7933,8.0118,25906.08607053
2026-06-05,7.9773,8.0178,7.1344,7.2961,10215.20384113
2026-06-06,7.3901,7.4709,7.0214,7.4107,12398.11527735
2026-06-07,7.4109,8.0348,7.4109,7.9021,15293.214654379999
2026-06-08,7.9307,8.1307,7.7353,7.985,4166.86109493
2026-06-09,7.9963,8.0282,7.6603,7.8545,6249.48368581
2026-06-10,7.8577,7.8915,7.5,7.5868,19696.13160115
2026-06-11,7.5846,7.9815,7.5845,7.8855,21535.39215416
2026-06-12,7.8782,8.0,7.7658,7.8583,3442.10985158
2026-06-13,7.8639,8.03,7.8639,7.9702,1896.63896541
2026-06-14,7.9681,8.1739,7.7827,8.1685,2155.24486682
2026-06-15,8.1809,8.6662,8.105,8.2968,35206.07423263
2026-06-16,8.3131,8.4683,8.0868,8.267,1432.95767928
2026-06-17,8.282,8.4078,7.9258,8.0794,10414.022731000001
2026-06-18,8.0797,8.1248,7.7447,8.0082,1889.92796692
2026-06-19,8.0148,8.0341,7.7711,7.9548,5230.8370713799995
2026-06-20,7.9096,8.0088,7.8345,8.0051,1428.62475829
2026-06-21,7.9759,7.999,7.7731,7.7756,1049.02481081
2026-06-22,7.8138,8.1484,7.8138,7.8853,610.33195893
2026-06-23,7.851,7.9106,7.4881,7.6392,19078.24936658
2026-06-24,7.6392,7.7019,7.1185,7.4069,19802.20115546
2026-06-25,7.4069,7.54,7.02,7.2459,5351.35571228
2026-06-26,7.2258,7.4,7.0272,7.3246,2603.12929382
2026-06-27,7.3676,7.4661,7.2638,7.288,1292.0094965
2026-06-28,7.31,7.3403,7.1691,7.27,12355.04534618
2026-06-29,7.2023,7.4915,7.1927,7.3793,1424.72807277
2026-06-30,7.3471,7.3471,7.1268,7.1832,772.13499363
2026-07-01,7.1832,7.52,7.0784,7.3541,4248.58344432
2026-07-02,7.3431,7.9412,7.3368,7.7502,6824.43079633
2026-07-03,7.7436,8.0345,7.7389,7.9518,4752.79837959
2026-07-04,7.9633,8.1742,7.8915,7.9961,2352.7178683399998
2026-07-05,7.9881,8.1463,7.8517,8.0608,1587.05110688
2026-07-06,8.0532,8.1641,7.7708,8.0223,2300.77579972
2026-07-07,8.0212,8.0618,7.8077,7.8845,14401.10154849
2026-07-08,7.8431,7.8876,7.5167,7.6162,2687.67234832
2026-07-09,7.6209,7.8062,7.5819,7.7342,353.34804565999997
2026-07-10,7.7189,8.0156,7.7189,7.9673,21709.14805015
2026-07-11,7.9636,8.1117,7.9098,7.9098,15296.70545915
2026-07-12,7.9012,8.0935,7.864,7.9917,2416.63922333
2026-07-13,7.9961,8.1278,7.8,7.8848,18806.33197237
2026-07-14,7.8886,8.4063,7.878,8.3509,21789.32425109
2026-07-15,8.3558,8.6264,8.2797,8.5339,4453.77023493
2026-07-16,8.5339,8.5654,8.3142,8.3411,3327.77587104
2026-07-17,8.3256,8.3658,8.0088,8.2676,26434.35203069
2026-07-18,8.2697,8.3785,8.2193,8.3549,701.00862283
2026-07-19,8.3411,8.4092,8.2966,8.3791,10009.06370651
2026-07-20,8.4001,8.6441,8.2958,8.5974,1521.36287892
2026-07-21,8.5816,8.7638,8.5816,8.6565,4074.79456334
2026-07-22,8.6631,8.76,8.5773,8.6285,1708.37562923
2026-07-23,8.6381,8.6723,8.4259,8.4789,1592.7914787299999
2026-07-24,8.4669,8.5677,8.2986,8.3285,746.71485646
2026-07-25,8.348,8.4369,8.28,8.3838,446.14830051999996
2026-07-26,8.3983,8.8429,8.3983,8.8246,2588.93672399
2026-07-27,8.824,8.9139,8.3565,8.3565,986.4858849
2026-07-28,8.3503,8.4499,8.2,8.4404,5155.09457591
2026-07-29,8.4544,8.5046,8.1688,8.3305,1318.83223839
2026-07-30,8.3429,8.5287,8.27,8.4628,1112.52155003
2026-07-31,8.4647,8.5006,8.0361,8.1763,22524.15171102
2026-08-01,8.1797,8.2463,7.8982,8.0803,1830.62130048
2026-08-02,8.0819,8.4114,8.0819,8.3881,15355.13302109
