time,open,high,low,close,volume
2013-05-19,3.1491,3.1491,3.1491,3.1491,12.0
2013-05-22,2.99,3.13,2.99,2.99,15.2
2013-05-23,3.13,3.3,3.05,3.05,205.56363635999998
2013-05-24,3.04,3.09,2.99,3.05,652.81
2013-05-25,3.05,3.29,2.88,3.05,344.6498562000001
2013-05-26,3.05,3.3,3.01,3.15,559.38033189
2013-05-27,3.15,3.15,3.15,3.15,7.390000000000001
2013-05-28,3.15,3.15,2.99,3.05,141.0524107
2013-05-29,3.05,3.07,2.91,3.069,50.022
2013-05-30,3.05,3.05,2.88,2.88,1004.604
2013-05-31,3.049,3.049,2.72,2.72,459.7189
2013-06-01,2.72,2.83,2.68,2.83,6.07
2013-06-02,2.83,2.83,2.7,2.83,387.52000000000004
2013-06-03,2.83,2.83,2.68,2.83,231.8707
2013-06-04,2.8,2.83,2.8,2.83,131.1893
2013-06-05,2.9898,3.92,2.76,2.8,3026.3994
2013-06-06,2.8001,2.82,2.8,2.81,5.4625
2013-06-07,2.77,2.97,2.62,2.97,68.0161
2013-06-08,2.62,2.62,2.6,2.6,206.26816300000002
2013-06-09,2.6,2.6,2.31,2.31,965.651837
2013-06-10,2.5011,2.5011,2.25,2.25,125.69999999999999
2013-06-11,2.55,2.55,2.31,2.4599,112.25
2013-06-12,2.3611,2.5,2.35,2.35,55.52799035
2013-06-13,2.35,2.98,2.25,2.4,101.92859999999999
2013-06-14,2.25,2.3,2.2,2.3,69.2649
2013-06-15,2.14,2.25,2.13,2.16,45.1379
2013-06-16,2.14,2.15,2.092,2.15,71.322
2013-06-17,2.092,2.59,2.07,2.59,20.43564986
2013-06-18,2.2,2.37810101,2.16,2.37810101,66.04180713
2013-06-19,2.15,2.36,2.15,2.36,52.2632
2013-06-20,2.16,2.36,2.1101001,2.2,92.33450472000003
2013-06-21,2.1101001,3.39,2.08,2.44,1749.5583762000003
2013-06-22,2.8,3.47,2.57,3.01,2187.9990772499996
2013-06-23,2.73,3.47,2.7,2.999,858.21137832
2013-06-24,2.99,2.99,1.0,2.09,2552.4449472399997
2013-06-25,2.64,2.75,2.38,2.401,272.30039790000006
2013-06-26,2.62,20.0,0.01,2.36,22429.180778340007
2013-06-27,2.76,2.79,2.7,2.74,1291.36133143
2013-06-28,2.74,2.75,2.35,2.35,1619.1970184900001
2013-06-29,2.5,2.56,2.19,2.31,956.8385672300001
2013-06-30,2.31,2.65,2.31,2.6002,2787.4834629299994
2013-07-01,2.63,3.0,2.411,2.664,5031.6060552300005
2013-07-02,2.68,2.79,2.61,2.61,614.4652027100001
2013-07-03,2.73,2.9,2.45,2.45,917.2706438699998
2013-07-04,2.64,2.7,2.45,2.6599,349.71292801
2013-07-05,2.49,2.49,2.3,2.3,1996.0188929600001
2013-07-06,2.35,2.35,2.3,2.3,798.7128228400001
2013-07-07,2.3,2.55,2.3,2.5,1864.0539136900002
2013-07-08,2.5,2.65,2.3055,2.3501,582.32565341
2013-07-09,2.65,2.65,2.65,2.65,3.5
2013-07-10,2.42,2.8,2.42,2.8,1928.2171336300003
2013-07-11,2.58,2.8,2.55,2.7,130.57619953
2013-07-12,2.58,2.84,2.58,2.655,319.09276859
2013-07-13,2.655,2.655,2.59,2.59,184.92386097000002
2013-07-14,2.56,2.56,2.56,2.56,8.1132
2013-07-15,2.7,2.77,2.7,2.74,398.40197716999995
2013-07-16,2.787,2.9,2.787,2.83,905.1469446200001
2013-07-17,2.85,2.9,2.6,2.82,464.06659176
2013-07-18,2.81,2.9,2.6,2.601,1079.76492582
2013-07-19,2.798,2.9,2.798,2.799,1917.6212477600002
2013-07-20,2.799,2.8,2.799,2.8,16.0
2013-07-21,2.651,2.651,2.651,2.651,1.33070089
2013-07-22,2.651,2.9,2.651,2.9,637.31893194
2013-07-23,2.8,2.8,2.71,2.71,23.900000000000006
2013-07-24,2.701,2.84,2.7,2.84,79.0
2013-07-25,2.93,3.094,2.703,2.72,167.24375997999996
2013-07-26,2.75,2.75,2.7,2.7,61.5
2013-07-28,2.701,2.86,2.65,2.86,235.58261194
2013-07-29,2.65,2.65,2.65,2.65,120.27
2013-07-30,2.67,2.67,2.59,2.59,1028.74178573
2013-07-31,2.72,2.78,2.58,2.58,407.29341438000006
2013-08-01,2.6,2.6,2.6,2.6,5.16552159
2013-08-02,2.66,2.68,2.6,2.67,1015.91162536
2013-08-03,2.66,2.67,2.66,2.67,40.42
2013-08-04,2.67,2.75,2.67,2.705,2042.8989703399998
2013-08-05,2.71,2.71,2.5,2.64,1948.70183752
2013-08-06,2.635,2.65,2.635,2.65,222.2415
2013-08-07,2.57,2.57,2.51,2.51,113.8016749
2013-08-08,2.4855,2.59,2.45,2.59,174.90314305
2013-08-09,2.45,2.45,2.45,2.45,296.33183693
2013-08-10,2.43,2.43,2.3,2.32,1162.8979941300001
2013-08-11,2.35,2.4,2.3,2.3,2502.79187698
2013-08-12,2.31,2.4,2.3,2.31,793.91788672
2013-08-13,2.3,2.48,2.3,2.48,31.3923529
2013-08-14,2.48,2.48,2.34,2.39,48.93
2013-08-15,2.39,2.41,2.37,2.41,179.5
2013-08-16,2.37,2.37,2.37,2.37,0.123
2013-08-17,2.38,2.38,2.38,2.38,1.00024222
2013-08-18,2.401,2.41,2.39,2.39,576.30844194
2013-08-19,2.41,2.45,2.35,2.36,406.73847267
2013-08-20,2.4,2.4,2.33,2.33,90.04268886999998
2013-08-21,2.35,2.4,2.31,2.37,1057.92892462
2013-08-22,2.75,2.75,2.3,2.35,1836.84747715
2013-08-23,2.47,2.55,2.46,2.55,1162.99
2013-08-24,2.5,2.5,2.4,2.4,695.30133699
2013-08-25,2.4,2.73,2.3,2.3,4105.95588991
2013-08-26,2.6,2.6,2.35,2.48,99.34683846
2013-08-27,2.35,2.46,2.31,2.3201,654.53472198
2013-08-28,2.34,2.5,2.34,2.3901,1107.68664525
2013-08-29,2.4001,2.5,2.385,2.3901,618.91483019
2013-08-30,2.48,2.48,2.4,2.4001,185.87927714
2013-08-31,2.41,2.45,2.4001,2.41,609.65884641
2013-09-01,2.4366,2.48,2.35,2.35,692.2301377800003
2013-09-02,2.36,2.45,2.35,2.41,822.5229389599999
2013-09-03,2.41,2.45,2.35,2.4,2641.68138939
2013-09-04,2.359,2.73,2.35,2.57,4623.622387080001
2013-09-05,2.632,3.01,2.55,2.5805,3034.63461313
2013-09-06,2.5805,2.789,2.5805,2.6,859.1572632200001
2013-09-07,2.6,2.7,2.55,2.62,679.7471488000001
2013-09-08,2.7,2.75,2.605,2.62,529.64985074
2013-09-09,2.605,2.77,2.51,2.57,1705.4391403099999
2013-09-10,2.51,2.649,2.5,2.51,48.77689143
2013-09-12,2.64,2.64,2.54,2.54,38.0009876
2013-09-13,2.54,2.55,2.4,2.4,1020.64984521
2013-09-14,2.55,2.55,2.52,2.52,931.32734166
2013-09-15,2.59999,2.65,2.53,2.64999,405.97539531
2013-09-16,2.53,2.64,2.53,2.64,228.60940646
2013-09-17,2.58,2.63,2.55,2.55,114.70160252999999
2013-09-18,2.55,2.592,2.5,2.5,1290.6216527899996
2013-09-19,2.5,2.592,2.46,2.5,926.4549032700003
2013-09-20,2.5,2.5499,1.6,2.5499,4606.47284918
2013-09-21,2.425,2.43,2.425,2.43,45.70160575
2013-09-22,2.43,2.45,2.4,2.42,2175.9030686
2013-09-23,2.42,2.42,2.4,2.4,1996.8468389299999
2013-09-24,2.39,2.42,1.8,2.3,3328.7511893599994
2013-09-25,2.32,2.4,2.25,2.25,621.83474499
2013-09-26,2.25,2.34,2.25,2.34,18.40091029
2013-09-27,2.27,2.3,2.21,2.3,1435.9879388
2013-09-28,2.29,2.29,1.95,1.95,8469.265848699999
2013-09-29,2.05,2.16,2.0,2.1,2121.15723787
2013-09-30,2.11,2.49,2.05,2.25,18405.79744172
2013-10-01,2.2,2.49,2.2,2.3301,12536.646282549998
2013-10-02,2.3601,2.41,1.41,1.85,28266.963073640014
2013-10-03,1.86,2.14,1.86,2.13999,2262.94361984
2013-10-04,2.04,2.15,2.0,2.06,1856.3143577499998
2013-10-05,2.07,2.18999,1.97,2.0,1919.98780342
2013-10-06,2.0,2.05,1.97,1.992,4365.382125940001
2013-10-07,1.992,2.0299,1.99,1.99,800.76841945
2013-10-08,1.9901,2.0101,1.93,1.93,7025.05450829
2013-10-09,1.9201,1.95,1.75,1.84,8438.949943640006
2013-10-10,1.84,2.17,1.78,1.92,25145.823560969984
2013-10-11,1.955,2.11,1.7,1.91,6363.74379545
2013-10-12,1.90001,1.99,1.90001,1.92,401.05556797
2013-10-13,1.989,2.09,1.91001,2.03,2271.0196603699997
2013-10-14,1.98,2.05,1.96,1.96,1714.6593397899996
2013-10-15,1.951,2.03,1.75,1.89,9924.664849820001
2013-10-16,1.89,2.049,1.8,1.84,2188.7083502400005
2013-10-17,1.96,1.969,1.805,1.805,1344.25791854
2013-10-18,1.94,1.96,1.83,1.96,1145.73731051
2013-10-19,1.83499999,1.95,0.25,1.771,11413.539054339999
2013-10-20,1.77,1.88,1.75,1.85,690.3010041900002
2013-10-21,1.77,1.84,1.7,1.714,1096.9125044200002
2013-10-22,1.71,1.84,1.61,1.65,3775.7589875999997
2013-10-23,1.69,2.19,1.666,2.19,12760.650195889997
2013-10-24,2.19,2.23,1.91,2.1,10877.779960579997
2013-10-25,2.17,2.6,2.16,2.1601,17575.265586320005
2013-10-26,2.15,2.245,2.05,2.05,1045.87633702
2013-10-27,2.16,2.21,2.021,2.15,5148.696799399999
2013-10-28,2.0611,2.07,2.0611,2.07,387.50022922
2013-10-29,2.0948,2.1,2.0899,2.0899,452.70537702
2013-10-30,2.1,2.28,2.08,2.25,1445.4798168199998
2013-10-31,2.19,2.5,2.19,2.285,2770.28313947
2013-11-01,2.35,2.4,2.291,2.4,1773.1190673199999
2013-11-02,2.4,2.69,2.375,2.5701,1837.58282643
2013-11-03,2.685,3.2,2.5001,2.86,20041.166063199995
2013-11-04,2.86,3.15,2.86,3.011,4073.9700614099997
2013-11-05,3.02,3.04,2.9,2.91,4182.469717860001
2013-11-06,3.04,3.51,2.91001,3.35,8329.89126485001
2013-11-07,3.35,5.9,3.16,4.22,61129.84170498999
2013-11-08,4.2,5.0,4.05,4.521,8206.30938351
2013-11-09,4.52,4.69,3.783,4.11,9378.412837399994
2013-11-10,4.12,4.2,3.1299,3.9,22888.39352345995
2013-11-11,3.92,4.5,3.78,4.008,2628.173271820001
2013-11-12,4.008,4.15,3.85,4.054,4767.97911708
2013-11-13,4.054,4.3499,4.0,4.01,6827.573859789999
2013-11-14,4.041,4.3499,4.02,4.17,2955.5787574899996
2013-11-15,4.3,4.3799,3.813,3.9,2882.83632394
2013-11-16,4.3,4.3799,4.02,4.05,2685.5959612399993
2013-11-17,4.17,4.49,4.051,4.051,2584.56524362
2013-11-18,4.21,19.99,4.09,9.3,50714.62790156996
2013-11-19,9.3,10.0,6.55,7.74,22915.55035887999
2013-11-20,7.74,9.4,6.0,8.35,16740.224325280004
2013-11-21,7.31,9.99,7.31,9.889,7503.456441169997
2013-11-22,9.61,10.45,8.71499,10.2,7941.882190040003
2013-11-23,10.1,12.28,10.1,12.0,10307.986940810006
2013-11-24,11.99,12.0,10.11,10.85,21215.47834909
2013-11-25,11.0,13.0,10.78,12.00499999,13039.357640949996
2013-11-26,12.25,20.66,12.0,19.3,36050.342974240004
2013-11-27,19.1,47.0,17.51,38.15,63591.60433958007
2013-11-28,36.03,55.0,25.0,40.5,75108.73352804015
2013-11-29,39.5,46.7,25.5,36.69,28610.87506212008
2013-11-30,36.4,44.99,34.0201,39.5,15378.956955980146
2013-12-01,39.011,43.0,28.0,32.0,26621.08818039002
2013-12-02,32.9,36.96,27.75,33.61,12993.701273070103
2013-12-03,33.62,38.399,31.01,37.33,9652.19099555002
2013-12-04,38.399,47.0,36.05,44.44,17703.75037289003
2013-12-05,44.44,45.7721,27.0,38.74,32944.67473744983
2013-12-06,37.041,38.76,28.299,30.05,19598.291112200022
2013-12-07,30.0,35.0,13.0,21.023,37716.551358169934
2013-12-08,22.749,27.98,20.52,26.5,12893.48281273
2013-12-09,27.1,35.33,26.201,31.14,13430.659848449995
2013-12-10,31.451,37.609,30.12,35.13,8960.031067960008
2013-12-11,35.13,37.46,27.0,31.4,17836.3149991
2013-12-12,30.7892,32.19,29.55,30.99,5745.59177104
2013-12-13,31.4,33.0,29.16,30.65,6841.041968160003
2013-12-14,30.65,30.99,29.21,29.22,3201.7257124899993
2013-12-15,29.23,32.5,27.23,30.89,11634.256009209998
2013-12-16,30.89,31.0,22.5,24.45,31274.738341709995
2013-12-17,23.603,26.0,15.5,22.15,31894.763468290043
2013-12-18,22.1,22.6,3.0,13.2,171589.72460817994
2013-12-19,13.5,20.2,12.55,20.0,37857.86888019998
2013-12-20,20.0,20.99,15.5,17.68,34573.08030831996
2013-12-21,16.55,19.0,15.37,16.43,15844.569925820007
2013-12-22,15.851,18.13,15.81,16.201,8534.383620860002
2013-12-23,16.21,17.99,16.021,17.5,5659.894660240002
2013-12-24,17.5,17.6,16.66,16.8,2352.95167863
2013-12-25,16.811,20.99,16.8,20.71,15281.225089980002
2013-12-26,20.99,24.97,20.37,23.7,36688.496415619964
2013-12-27,24.109,24.749,21.57,22.43,17887.94207764001
2013-12-28,22.43,22.8479,20.05,21.544,15430.136668419995
2013-12-29,21.9,25.2,21.31,23.1,10734.429315329993
2013-12-30,23.06,24.87,22.5,23.5,9717.251490410028
2013-12-31,23.5,23.88899,22.915,23.8,4371.181250180001
2014-01-01,23.5,24.11,23.49,23.8,2794.0905286800007
2014-01-02,23.8,26.14,23.53,25.0,13461.398518450003
2014-01-03,25.269,25.49,23.56,24.5,24798.87202072005
2014-01-04,24.578,24.99,23.654,24.5,12331.222323680007
2014-01-05,24.5,28.75,24.34,26.252,20589.67085013
2014-01-06,26.45,32.0,26.12,28.59,33539.813577299996
2014-01-07,28.39,30.0,21.76,22.43,37429.209123119945
2014-01-08,22.23,28.5,20.4,23.731,33737.517190799976
2014-01-09,24.104,25.28,22.45,23.7,15565.815227569992
2014-01-10,23.7,25.229,23.31,24.74,6100.127570360005
2014-01-11,24.74,26.8,24.595,26.66,13073.94454981001
2014-01-12,26.45,26.71,24.4,24.552,8995.965353700009
2014-01-13,24.55,24.68,23.021,23.58,9977.94056377004
2014-01-14,23.66000001,24.49,23.18,23.63999,4262.348152900004
2014-01-15,23.65,24.95,23.47,24.79,4650.552407080007
2014-01-16,24.581,24.87,23.51,23.53,3613.339350929997
2014-01-17,23.54,23.97,22.45,23.19,11280.766338200021
2014-01-18,23.2,24.22,22.46,23.8,4348.463328830003
2014-01-19,23.85,24.5,23.071,24.2,4008.4877745100084
2014-01-20,24.249,24.6,23.65,24.08,3251.151894960002
2014-01-21,24.07,24.2,23.53,23.78,3045.714572829999
2014-01-22,23.78,23.87,22.45,23.12,9639.267266660008
2014-01-23,23.1,23.16,21.790004,22.0,6493.295206730007
2014-01-24,22.0,22.0,19.0,19.88,25358.14125513998
2014-01-25,19.97,22.7,19.72,21.7,13179.361944560003
2014-01-26,21.7,22.99,21.03,22.05975102,11919.925074919998
2014-01-27,22.11,22.51,19.04,19.539,23333.57196602
2014-01-28,19.51,21.97,19.35,20.62,15403.54972478998
2014-01-29,20.58,21.4,20.30100001,20.8,6225.431863559999
2014-01-30,20.628,21.5,20.0,21.099,9021.623873570017
2014-01-31,21.0,21.37,20.81660003,21.06000001,2456.8346444100016
2014-02-01,21.065,22.75,21.065,22.32299398,8509.416270870008
2014-02-02,22.131001,22.59,21.7686,22.2,6173.386844480006
2014-02-03,22.2,22.28,21.44,21.53000001,4122.289015259999
2014-02-04,21.59,21.8999,21.01,21.131,5224.021795259999
2014-02-05,21.1,21.49,20.5,20.55,8490.454496959997
2014-02-06,20.55,22.2,16.99,19.75,151870.22741897986
2014-02-07,19.75,20.0,17.5,18.1,39574.49352227997
2014-02-08,18.1,18.95,17.85,17.911,11043.166234829996
2014-02-09,17.941,18.95,17.84,18.23,11005.29103893999
2014-02-10,18.25,18.78,14.0,17.58,25368.535927619938
2014-02-11,17.8,19.03999999,16.95,17.6,19587.069859860003
2014-02-12,17.5,17.78,16.97,17.17,2089.9398628700023
2014-02-13,17.17,17.4,15.41,15.5,19479.326709800018
2014-02-14,15.699999,18.0,14.0,16.99,33830.18511760995
2014-02-15,16.99,17.34,16.2,16.31900001,4650.8173604099975
2014-02-16,16.262,16.92,15.05,15.94,12582.845864129986
2014-02-17,15.691001,16.74,15.36,15.8,7287.5459977
2014-02-18,15.9,16.25999999,15.75,15.8,3652.467536980003
2014-02-19,15.949,16.489,15.751,15.94000001,3923.5220227700047
2014-02-20,15.94000001,16.34899999,14.0,14.0,20266.858678240063
2014-02-21,14.032,15.7,13.9,14.369999,22205.270647089998
2014-02-22,14.41699,15.7,14.00000001,15.58,15815.91030048001
2014-02-23,15.3,16.58,15.03,15.634,10524.025777590005
2014-02-24,15.602,15.64899899,14.12708,14.26,16265.677941540016
2014-02-25,14.26,14.394996,10.71000001,13.9499,57499.02981244982
2014-02-26,13.949,14.6,13.26,14.39,26594.356505169973
2014-02-27,14.39,14.61,13.95000001,14.45,7829.956554399992
2014-02-28,14.302,14.5,13.42,13.5,6940.337182000005
2014-03-01,13.42000001,14.13999999,13.28,13.79,4282.166990100001
2014-03-02,13.763,13.999,12.77,12.78,5271.074754679993
2014-03-03,13.077998,15.0,11.351,14.81,42374.8920633298
2014-03-04,14.81,19.16,14.40000001,17.439,66644.42919969
2014-03-05,17.163002,17.78,15.99,16.72,14412.910501230008
2014-03-06,16.899999,18.39,16.491,17.06879999,23782.415620389937
2014-03-07,17.068,17.14,15.47,15.989,10960.903023410006
2014-03-08,15.989,16.36,15.31,15.7,6567.1170239300045
2014-03-09,15.610001,16.6,15.2,16.49,3941.0911944199956
2014-03-10,16.3,17.05999997,15.63,16.2,5821.8541947899885
2014-03-11,16.2,16.515,15.83,16.3,1999.8282576499987
2014-03-12,16.3,17.9,16.151,17.36,14918.337978680007
2014-03-13,17.36,17.84,17.222222,17.41,6572.624556880017
2014-03-14,17.41,17.44,16.75,16.80000001,5348.392985539987
2014-03-15,16.85,17.51,16.8,17.03,9732.994024770021
2014-03-16,17.03,17.769,16.95,17.6,4683.669506129998
2014-03-17,17.59999999,17.74,17.31110001,17.44,4685.233166689995
2014-03-18,17.51489616,20.33,17.0,19.7,62444.81400101001
2014-03-19,19.7,20.9,17.25,17.42111,109809.53013628969
2014-03-20,17.42111,17.45999999,15.75,16.60000001,73625.31388993016
2014-03-21,16.60000001,17.0999,15.0,15.7882327,60823.16054586993
2014-03-22,15.7967,16.25,15.0,15.7949,17424.245217329986
2014-03-23,15.6901,15.7211,15.4,15.415,10309.027990999986
2014-03-24,15.43,16.4,15.02,16.17,16136.122636150003
2014-03-25,16.24999999,16.49,15.7311,16.4,9617.99093932
2014-03-26,16.4,16.75,16.06,16.34,11802.748059130003
2014-03-27,16.34,16.34,12.75009,12.76,83659.26637981005
2014-03-28,12.76,14.59,12.5101,13.92,53923.28686783014
2014-03-29,13.91999999,14.0,13.55,13.55,10106.327589380213
2014-03-30,13.55,13.6758,12.52,13.008,27134.836881469975
2014-03-31,12.98,13.6477,12.0,12.78,34856.25798551
2014-04-01,12.7599,14.5,12.5,13.1337,46429.21747388001
2014-04-02,13.21337,13.46,11.05411,11.383,46532.77377085008
2014-04-03,11.171,11.4799,10.313,11.0956,46762.06811298997
2014-04-04,11.12430103,11.5,10.85,11.1559,17019.48058241
2014-04-05,11.1602,11.5,10.9317,11.3869,11716.353240410004
2014-04-06,11.38579999,11.75,11.1161,11.75,6987.458961529997
2014-04-07,11.74,11.96989999,11.25,11.3,13739.920091440028
2014-04-08,11.3,11.6189,11.07,11.379,9376.590811630002
2014-04-09,11.28750001,11.4999,11.1,11.1001,6170.816939229977
2014-04-10,11.29880001,11.29880001,8.4,8.4021,112940.24497133937
2014-04-11,8.499,11.6,8.3,10.8,89277.60123535967
2014-04-12,10.98349999,11.75,10.5001,10.641001,20540.79581486005
2014-04-13,10.652001,10.9299,9.85,10.5,24564.811876619973
2014-04-14,10.5,11.75,10.0001,11.411,34990.418394770044
2014-04-15,11.5314,13.5,11.3602,13.04,44468.69416053002
2014-04-16,13.459,14.1999,12.58,13.55,46027.080351840035
2014-04-17,13.5,13.75,12.0,12.5602,22809.079120539947
2014-04-18,12.5501,12.9388,11.75,12.25,24159.605485189997
2014-04-19,12.25,13.2499,11.817111,13.1,25442.6354076
2014-04-20,13.06,13.35,12.61,12.802,11137.087753719994
2014-04-21,12.85,13.2499,12.5,12.551,8104.126147690003
2014-04-22,12.7069,12.7199,12.254,12.3,6660.189845719999
2014-04-23,12.3,12.4489,12.11,12.4,6599.7267237099995
2014-04-24,12.2801,12.75,11.7701,12.7498,20205.08143219001
2014-04-25,12.6399,12.726,10.5701,11.012099,62786.91426319001
2014-04-26,11.013199,11.0752,10.444,10.6743,32005.60341552998
2014-04-27,10.6857,10.81,10.0,10.0,22741.02561741001
2014-04-28,10.0,10.4599,9.76,10.2554,30857.587073369898
2014-04-29,10.2737,10.59000001,10.0051,10.57,14040.110206870004
2014-04-30,10.57,11.1998,10.43,10.97,23823.103451230065
2014-05-01,10.97,11.49,10.8701,11.2471,14136.507917440002
2014-05-02,11.2489,11.249,10.63,10.71,9189.802738040005
2014-05-03,10.7101,10.79,10.2601,10.42,11956.478737970008
2014-05-04,10.42,10.55919999,10.33,10.47,5512.160984650001
2014-05-05,10.47,10.62,10.2701,10.2701,12081.164749230014
2014-05-06,10.2701,10.75,10.061,10.42,15351.039363189995
2014-05-07,10.4,11.0,10.2652,10.77,22789.902413209973
2014-05-08,10.76,11.0,10.63,10.63,7502.78717223
2014-05-09,10.65,11.044,10.6,11.044,7588.357872980006
2014-05-10,11.044,11.232,10.86,10.861,6268.040950909999
2014-05-11,10.998,11.002,10.334,10.47,8161.294593259994
2014-05-12,10.569,10.59,10.41,10.501,5382.109831149999
2014-05-13,10.501,10.579,10.381,10.489,5339.5600062
2014-05-14,10.512,10.64,10.495,10.55,4486.058598999999
2014-05-15,10.625,10.701,10.52,10.61,4960.427637119999
2014-05-16,10.61,10.64,10.5,10.514,5577.245746800002
2014-05-17,10.525,10.55,10.471,10.482,933.69108848
2014-05-18,10.48,10.548,10.32,10.456,3532.57318236
2014-05-19,10.456,10.48,10.21,10.303,5744.920810060003
2014-05-20,10.383,11.0,10.28,10.8,24447.109282269994
2014-05-21,10.8,10.999,10.61,10.65,5746.72320996001
2014-05-22,10.7,11.25,10.59,10.7,29599.888039330024
2014-05-23,10.7,11.889,10.63,11.314,47352.13213427
2014-05-24,11.312,11.32,11.111,11.21,5658.417844500003
2014-05-25,11.3,12.0,11.29,11.604,27304.936211049986
2014-05-26,11.724,11.9,11.355,11.511,17109.683756629966
2014-05-27,11.649,11.739,11.0,11.312,22976.511497290037
2014-05-28,11.2,11.25,10.87,11.1,11785.352417989989
2014-05-29,11.13,11.19,10.672,10.869,14728.948587699997
2014-05-30,10.843,11.58,10.55,11.5,22485.17688727002
2014-05-31,11.433,11.5,11.0,11.061,8406.460829440004
2014-06-01,11.038,11.75,10.8,11.109,42078.34987844998
2014-06-02,11.1,11.75,11.025,11.566,33134.14335744995
2014-06-03,11.566,11.809,11.267,11.662,24901.51592543
2014-06-04,11.652,11.685,11.041,11.2,13671.444874739987
2014-06-05,11.185,11.5,11.04,11.395,3769.412622349999
2014-06-06,11.37,11.458,11.112,11.151,2389.3421097999994
2014-06-07,11.134,11.309,11.08,11.309,2442.722300419999
2014-06-08,11.216,11.39,11.216,11.272,2688.7131046600007
2014-06-09,11.35,11.35,11.111,11.3,4309.260125099999
2014-06-10,11.231,11.389,11.11,11.237,6813.670046219998
2014-06-11,11.242,11.343,11.041,11.173,7675.411828409998
2014-06-12,11.061,11.15,10.001,10.402,25404.253971950013
2014-06-13,10.402,10.5,10.224,10.276,7638.2965432599985
2014-06-14,10.343,10.425,9.0,9.9665,28920.321977589974
2014-06-15,9.855,9.9799,9.353,9.88,9205.148026590017
2014-06-16,9.98,10.092,9.3002,9.75,15563.512388700003
2014-06-17,9.74,9.91,9.55,9.652,10445.915883620006
2014-06-18,9.713,9.94,9.53,9.706,4317.941243379998
2014-06-19,9.593,10.3,9.5101,10.06,14497.316522130035
2014-06-20,10.05,10.105,9.7,9.8233,7162.727437339997
2014-06-21,9.781,9.9399,9.7,9.88,2073.310755049998
2014-06-22,9.89,9.95,9.7885,9.83,801.6779457500004
2014-06-23,9.8534,9.861,9.6101,9.7047,2296.863288449996
2014-06-24,9.685,9.8856,9.5619,9.63,9024.67629387001
2014-06-25,9.63,9.63,9.1019,9.199,5310.349541189997
2014-06-26,9.1153,9.246,9.04,9.13,5197.434640309997
2014-06-27,9.0917,9.3365,9.0211,9.16,5668.553036429996
2014-06-28,9.2683,9.34,9.0876,9.172,1605.6561235000008
2014-06-29,9.1795,9.2009,9.0,9.0,6526.0263392
2014-06-30,9.0,9.1759,8.75,8.98,15054.09095939003
2014-07-01,8.979,9.1,8.0,8.0,37073.79223761001
2014-07-02,8.0639,8.62,7.4,8.165,50230.38482902971
2014-07-03,8.166,8.1959,7.81,8.0513,15658.957765460069
2014-07-04,8.0321,8.0523,7.282,7.3719,28698.932110459908
2014-07-05,7.39,7.523,6.737,7.261,46128.070809160155
2014-07-06,7.328,7.3979,6.8,7.098,32302.221896309995
2014-07-07,7.098,7.7799,7.0,7.64,62164.689668699444
2014-07-08,7.6129,7.9,7.6011,7.778,33713.42908306988
2014-07-09,7.88,8.13,7.715,7.8131,25474.376092589784
2014-07-10,7.815,7.9148,7.618,7.772,15804.932351470017
2014-07-11,7.813,8.0997,7.721,7.8712,17982.43626715006
2014-07-12,7.909,9.6,7.8444,8.6641,110472.15920368943
2014-07-13,8.67,9.2487,8.66,8.963,39426.6234285403
2014-07-14,8.953,8.9792,8.5555,8.6355,35663.61374448968
2014-07-15,8.699,8.81,8.6355,8.7,7483.358806129992
2014-07-16,8.691,8.76,8.302,8.36,25759.387319060028
2014-07-17,8.379,8.8,8.3181,8.751,15729.491197020008
2014-07-18,8.742,8.9888,8.611,8.9,13673.73981387999
2014-07-19,8.812,8.864,8.674,8.799,7774.358452369999
2014-07-20,8.772,8.828,8.501,8.57,7403.328546369975
2014-07-21,8.57,8.658,8.45,8.54,13973.354761380002
2014-07-22,8.5969,8.6796,8.54,8.58,3603.071608350004
2014-07-23,8.58,8.6542,8.3,8.48,18869.70239922001
2014-07-24,8.456,8.5,7.822,7.828,77631.24693866998
2014-07-25,7.828,8.091,7.533,7.6,42538.72903321994
2014-07-26,7.61,7.7229,7.5013,7.65,9245.727737840009
2014-07-27,7.6595,7.8689,7.607,7.805,9805.773523260017
2014-07-28,7.79,7.9394,7.4115,7.512,26259.03797684994
2014-07-29,7.5592,7.7982,7.512,7.675,8625.85879335999
2014-07-30,7.675,7.68,7.261,7.261,14327.587750150027
2014-07-31,7.272,7.6787,7.03,7.5501,45462.09132254008
2014-08-01,7.551,7.787,7.5,7.783,12013.112428030016
2014-08-02,7.783,7.787,7.5231,7.6355,5673.15189911999
2014-08-03,7.6355,7.6506,7.5255,7.568,2211.8544543300018
2014-08-04,7.568,7.568,7.401,7.45,6313.9015796099975
2014-08-05,7.45,7.46,7.218,7.279,4807.784533539999
2014-08-06,7.279,7.3755,7.1206,7.187,5221.518586039997
2014-08-07,7.197,7.21,6.826,7.15,32585.173890559967
2014-08-08,7.15,7.3199,6.99,7.08,18771.957058730037
2014-08-09,7.028,7.028,6.9,6.949,11986.661927769997
2014-08-10,6.948,7.0,6.89,6.909,7556.905660640004
2014-08-11,6.909,6.957,5.88,6.051,93141.2089317997
2014-08-12,6.019,6.025,5.439,5.636,96263.53340884946
2014-08-13,5.649,5.748,4.75,5.0313,139780.57785006973
2014-08-14,5.045,5.229,4.75,5.055,76443.7874307603
2014-08-15,5.056,5.197,4.95,5.0692,26316.422164609983
2014-08-16,5.0502,5.106,4.93,5.001,24309.71788759982
2014-08-17,5.017,5.0789,4.26,4.364,60292.27783085038
2014-08-18,4.4,4.474,3.6025,3.8,204657.06998764985
2014-08-19,3.808,4.76,3.716,4.6174,172164.38050987
2014-08-20,4.677,5.669,4.432,5.48,193077.0264848909
2014-08-21,5.48,6.186,5.4601,5.8595,172357.63113263165
2014-08-22,5.779,5.8795,5.04,5.262,126051.36812311964
2014-08-23,5.2621,5.289,4.69,4.95,116812.09671669932
2014-08-24,4.935,5.75,4.861,5.555,231804.1312889917
2014-08-25,5.461,5.581,5.052,5.223,81584.65601081039
2014-08-26,5.223,5.7,5.191,5.528,143022.20618925014
2014-08-27,5.539,5.85,5.3211,5.383,167334.49613517305
2014-08-28,5.3653,5.469,5.054,5.273,53109.67281059075
2014-08-29,5.308,5.4423,5.0335,5.4,51072.998312690375
2014-08-30,5.388,5.44,5.121,5.1831,30842.577346519898
2014-08-31,5.181,5.25,4.75,4.8491,120841.85157715979
2014-09-01,4.8628,5.0994,4.7049,4.7422,71896.2410860299
2014-09-02,4.715,4.89,4.6,4.8389,108263.78744870947
2014-09-03,4.8389,4.925,4.7789,4.88,38185.96180420994
2014-09-04,4.8627,5.364,4.8627,5.201,85729.34558328989
2014-09-05,5.198,5.2385,4.9103,4.97,39330.469481100045
2014-09-06,4.97,5.083,4.926,4.9923,18489.450395970016
2014-09-07,4.9924,5.29,4.9776,5.163,37112.24764364001
2014-09-08,5.163,5.174,4.9103,5.0267,51405.240592539914
2014-09-09,5.0256,5.1666,4.93,5.063,35725.050408999836
2014-09-10,5.0672,5.49,5.0601,5.3301,106809.05853086924
2014-09-11,5.3301,5.52,5.25,5.444,59380.519714899616
2014-09-12,5.45,5.47,5.2701,5.3605,16551.041675490167
2014-09-13,5.3605,5.5001,5.3477,5.455,20089.110171329816
2014-09-14,5.455,5.5,5.36,5.4313,11740.65452095006
2014-09-15,5.4313,5.4499,5.1501,5.179,63122.53387444992
2014-09-16,5.1897,5.2099,5.0606,5.1477,32739.097445439565
2014-09-17,5.113,5.2047,5.0,5.1,43554.99248750955
2014-09-18,5.1,5.1266,4.6,4.7332,75564.36686342987
2014-09-19,4.74,4.8,4.201,4.327,101889.66447327027
2014-09-20,4.3273,4.7,4.002,4.299,76498.35692076001
2014-09-21,4.2859,4.41,4.1452,4.2716,47403.63695531
2014-09-22,4.2716,4.5769,4.2101,4.32,25588.301413809066
2014-09-23,4.32,4.9999,4.235,4.814,65640.15982145883
2014-09-24,4.814,4.814,4.6146,4.6553,25664.091279156582
2014-09-25,4.6553,4.7,4.4528,4.5119,54531.083706063684
2014-09-26,4.512,4.63,4.4,4.462,23168.918417537538
2014-09-27,4.462,4.535,4.3732,4.4215,13341.515844392221
2014-09-28,4.4215,4.479,4.13,4.2183,38306.734151488155
2014-09-29,4.2183,4.3897,4.1811,4.2381,29522.507707218298
2014-09-30,4.227,4.63,4.1813,4.49,38805.20879649796
2014-10-01,4.49,4.5764,4.39,4.432,10308.841583200188
2014-10-02,4.432,4.4989,4.26,4.297,18455.049451938736
2014-10-03,4.295,4.3479,4.1723,4.18,36939.574983300416
2014-10-04,4.1963,4.38,3.88,3.938,74432.15917253948
2014-10-05,3.938,4.0781,3.25,3.72,122729.52193225718
2014-10-06,3.72,3.9899,3.5601,3.7969,37644.75293199769
2014-10-07,3.7982,3.9098,3.66,3.845,36485.80195459965
2014-10-08,3.8449,3.987,3.75,3.94,20698.4094911597
2014-10-09,3.93,4.08,3.77,3.8033,39517.10120676942
2014-10-10,3.8609,3.9,3.71,3.7961,10958.41819810007
2014-10-11,3.794,3.8499,3.6402,3.785,12587.943658790029
2014-10-12,3.7823,3.9947,3.6856,3.9066,11800.801677920392
2014-10-13,3.9067,3.948,3.7731,3.9082,20117.563734730076
2014-10-14,3.915,4.38,3.8908,4.1047,55850.188172669754
2014-10-15,4.1,4.1098,3.9551,4.05,14217.318943800035
2014-10-16,4.05,4.1477,3.902,3.99,17805.189137589903
2014-10-17,3.9907,4.0589,3.9274,4.0207,7470.469215290008
2014-10-18,4.0103,4.119,3.97,4.0843,10335.272515470011
2014-10-19,4.0733,4.0733,3.98,4.01,1435.982268759998
2014-10-20,4.0,4.0,3.874,3.8901,9525.959410690011
2014-10-21,3.8901,3.9956,3.88,3.926,8730.71507147998
2014-10-22,3.9369,3.9849,3.81,3.831,12541.791680370008
2014-10-23,3.835,3.85,3.6779,3.73,14547.529010500017
2014-10-24,3.7395,3.776,3.69,3.7178,5142.013976769994
2014-10-25,3.7118,3.7384,3.5501,3.61,9015.365797930022
2014-10-26,3.61,3.781,3.609,3.714,7230.8100974200415
2014-10-27,3.7101,3.9258,3.6719,3.791,13949.061922710076
2014-10-28,3.7951,3.89,3.78,3.843,9305.51428509004
2014-10-29,3.8391,3.8699,3.6934,3.699,10222.128835480016
2014-10-30,3.699,3.8499,3.6981,3.79,10461.070132690053
2014-10-31,3.79,3.8376,3.7098,3.7342,7758.645752350012
2014-11-01,3.7342,3.8009,3.511,3.55,12212.16052317021
2014-11-02,3.5502,3.5502,3.5502,3.5502,0.1
2014-11-03,3.57,3.66,3.53,3.58,11376.71926712003
2014-11-04,3.58,3.6403,3.52,3.591,8183.628666970005
2014-11-05,3.62,3.697,3.5901,3.6419,7891.364529080009
2014-11-06,3.6419,3.76,3.6036,3.6786,16062.086387840069
2014-11-07,3.6786,3.713,3.5451,3.576,16231.811095680056
2014-11-08,3.56,3.6189,3.54,3.5553,5651.750570920004
2014-11-09,3.5555,3.6747,3.54,3.647,9112.120453130025
2014-11-10,3.647,3.7478,3.5861,3.6818,26332.10177912997
2014-11-11,3.6818,3.715,3.6007,3.661,6711.040915300011
2014-11-12,3.661,4.2,3.661,4.057,87800.92877012017
2014-11-13,4.0676,4.3778,3.92,4.056,79956.53785106097
2014-11-14,4.0511,4.0846,3.8253,3.9724,58757.97394681987
2014-11-15,3.998,4.0805,3.7844,3.866,22178.114130249905
2014-11-16,3.867,3.955,3.8262,3.8925,12190.806249090025
2014-11-17,3.9208,4.0399,3.7801,3.864,33708.282176439854
2014-11-18,3.888,3.9,3.714,3.714,19769.17750857
2014-11-19,3.714,3.8119,3.714,3.78,5970.830960019998
2014-11-20,3.753,3.782,3.459,3.605,37527.53214125998
2014-11-21,3.5777,3.5837,3.3301,3.5272,30989.95468085992
2014-11-22,3.4826,3.622,3.4455,3.5336,5350.003186390017
2014-11-23,3.5343,3.6481,3.5054,3.6,3489.0727694999982
2014-11-24,3.6,3.7,3.56,3.6424,18907.597584650044
2014-11-25,3.6142,3.7099,3.571,3.591,15751.815186740014
2014-11-26,3.6039,3.6229,3.529,3.55,7617.0453572700035
2014-11-27,3.5541,3.6027,3.5255,3.5557,6582.00505774001
2014-11-28,3.5585,3.6519,3.479,3.6051,24254.45577580984
2014-11-29,3.6055,3.6485,3.5661,3.585,2861.549769859995
2014-11-30,3.573,3.6364,3.565,3.599,5512.353854260009
2014-12-01,3.5997,3.65,3.5763,3.604,6264.426338659991
2014-12-02,3.592,3.73,3.5752,3.6608,20688.26737526987
2014-12-03,3.66,3.716,3.599,3.6105,7159.589316630004
2014-12-04,3.6101,3.7049,3.542,3.5714,17483.24035057002
2014-12-05,3.5675,3.8223,3.54,3.6682,14468.75697254001
2014-12-06,3.6484,3.655,3.5911,3.634,2656.1557169000007
2014-12-07,3.634,3.8,3.62,3.723,18904.239425780022
2014-12-08,3.7127,3.785,3.6118,3.633,25633.910398990007
2014-12-09,3.633,3.6619,3.451,3.502,36354.51467998979
2014-12-10,3.522,3.5298,3.4721,3.4839,2092.8459156500003
2014-12-11,3.481,3.5663,3.4067,3.456,12595.910313200015
2014-12-12,3.456,3.4924,3.4143,3.4846,2073.53916965
2014-12-13,3.4875,3.4875,3.415,3.4689,2390.6853957299973
2014-12-14,3.445,3.523,3.4441,3.484,3195.458163569999
2014-12-15,3.507,3.525,3.4351,3.4777,5801.55621999
2014-12-16,3.462,3.4844,2.9196,3.0103,92561.60124924187
2014-12-17,3.0101,3.1,2.9,2.965,18082.65589987
2014-12-18,2.9479,3.0,2.6802,2.815,29751.27995304994
2014-12-19,2.815,2.895,2.73,2.868,10745.72884567002
2014-12-20,2.876,2.957,2.8501,2.93,11089.811507470027
2014-12-21,2.9096,2.92,2.7701,2.8325,7824.598930760026
2014-12-22,2.853,2.938,2.822,2.89,10962.73405785999
2014-12-23,2.891,2.9468,2.8721,2.887,9716.368553670001
2014-12-24,2.8751,2.88,2.6881,2.7074,14815.714356540013
2014-12-25,2.723,2.7698,2.659,2.7156,6563.340220320002
2014-12-26,2.7166,2.82,2.67,2.785,16006.282204930003
2014-12-27,2.785,2.7985,2.6769,2.723,8501.01185173001
2014-12-28,2.7239,2.792,2.689,2.7163,4396.725028949998
2014-12-29,2.7516,2.754,2.689,2.702,2338.692141349999
2014-12-30,2.6997,2.754,2.6711,2.718,4829.600762350004
2014-12-31,2.7015,2.7708,2.6763,2.7708,3856.6830441799952
2015-01-01,2.7511,2.7539,2.7111,2.7111,1319.7628239599992
2015-01-02,2.71,2.7289,2.66,2.664,3381.3566548399986
2015-01-03,2.664,2.6687,2.15,2.15,202120.59688587353
2015-01-04,2.15,2.2368,1.911,1.9494,113531.6283121321
2015-01-05,1.9494,2.34,1.9494,2.1,76076.64250120957
2015-01-06,2.1,2.1843,2.0702,2.144,16715.045800530024
2015-01-07,2.145,2.188,2.0861,2.1537,23964.02883784003
2015-01-08,2.1537,2.1647,1.992,2.0188,38999.72415408006
2015-01-09,2.0188,2.05,1.9291,2.0112,20651.065333189952
2015-01-10,2.0045,2.0303,1.6229,1.6652,150993.87987747215
2015-01-11,1.6758,1.8924,1.6636,1.7573,93618.33993060965
2015-01-12,1.7705,1.835,1.6856,1.721,33179.148943870045
2015-01-13,1.721,1.725,1.5108,1.5981,108510.53800486076
2015-01-14,1.5717,1.648,1.1,1.189,308849.20477641403
2015-01-15,1.192,1.6,1.189,1.293,145308.0678888204
2015-01-16,1.295,1.56,1.273,1.426,69352.90254532995
2015-01-17,1.4153,1.4598,1.25,1.2921,63258.39685373006
2015-01-18,1.301,1.4277,1.24,1.355,39175.739306199794
2015-01-19,1.352,1.3926,1.32,1.355,16200.7605551
2015-01-20,1.355,1.3912,1.2752,1.332,24249.014293189943
2015-01-21,1.335,1.4196,1.3285,1.391,19292.969879510078
2015-01-22,1.3948,1.49,1.385,1.4293,39057.42624968
2015-01-23,1.4302,1.4775,1.39,1.4523,23369.91702814988
2015-01-24,1.4512,1.93,1.437,1.865,187765.24191967177
2015-01-25,1.8651,2.4,1.854,2.27,613937.7294380167
2015-01-26,2.2641,2.4395,1.98,2.1066,374014.02930010005
2015-01-27,2.1066,2.1786,1.861,2.1199,131667.1949869714
2015-01-28,2.11,2.168,1.812,1.871,86148.61305155989
2015-01-29,1.8863,1.9749,1.8412,1.921,40730.806917689486
2015-01-30,1.9213,1.999,1.844,1.8799,46301.05786712984
2015-01-31,1.8799,1.9824,1.8691,1.8761,31274.203657159946
2015-02-01,1.878,1.8989,1.6717,1.8092,93777.35072030046
2015-02-02,1.8237,1.94,1.762,1.88,40714.05421955981
2015-02-03,1.881,2.0293,1.8065,1.8324,59966.22698505969
2015-02-04,1.8317,1.866,1.758,1.811,33343.71899693
2015-02-05,1.8089,1.816,1.6914,1.7345,35577.468981729864
2015-02-06,1.7347,1.8113,1.7347,1.7722,30232.34495660009
2015-02-07,1.7829,1.8471,1.772,1.813,18711.764834299996
2015-02-08,1.827,1.847,1.7744,1.789,9805.983534100002
2015-02-09,1.789,1.8,1.6962,1.741,39434.62729653997
2015-02-10,1.74,1.8098,1.672,1.7741,61610.49760271991
2015-02-11,1.7741,1.81,1.6991,1.729,29751.14304448999
2015-02-12,1.729,1.7768,1.71,1.769,22043.827875509985
2015-02-13,1.765,1.8889,1.76,1.825,43653.64302903946
2015-02-14,1.827,1.995,1.8252,1.9525,49870.84933309988
2015-02-15,1.9525,2.0443,1.7893,1.8316,99077.95809259072
2015-02-16,1.8479,1.85,1.7876,1.802,16562.298798850035
2015-02-17,1.801,1.8739,1.787,1.857,24039.432705989973
2015-02-18,1.857,1.8879,1.7931,1.81,35911.11805366
2015-02-19,1.825,1.8587,1.8053,1.839,8645.459332769995
2015-02-20,1.8391,1.864,1.83,1.846,8357.666583920027
2015-02-21,1.85,1.8629,1.835,1.851,3079.356178939999
2015-02-22,1.859,1.868,1.777,1.7867,31268.743396010002
2015-02-23,1.794,1.839,1.791,1.8191,7774.986770740003
2015-02-24,1.825,1.828,1.797,1.828,4365.215066599999
2015-02-25,1.8329,1.8329,1.788,1.814,4856.689694309995
2015-02-26,1.817,1.8263,1.8,1.8,4135.667997859997
2015-02-27,1.8,1.8879,1.799,1.863,38044.84864317991
2015-02-28,1.8631,1.865,1.832,1.852,8710.296024100007
2015-03-01,1.851,1.9295,1.811,1.9219,69504.77668122997
2015-03-02,1.9179,1.9641,1.8869,1.958,40560.67275584966
2015-03-03,1.96,2.008,1.905,1.9618,36651.1412515097
2015-03-04,1.9739,1.985,1.91,1.933,45363.78910486985
2015-03-05,1.933,1.9599,1.883,1.932,43450.141934210085
2015-03-06,1.939,1.9449,1.88,1.9079,30478.187177789732
2015-03-07,1.903,1.952,1.89,1.923,10845.827009850032
2015-03-08,1.923,1.924,1.8704,1.8929,36283.04981683985
2015-03-09,1.899,1.97,1.8962,1.9584,36506.86877175992
2015-03-10,1.9588,2.1386,1.9501,2.004,115229.72535734034
2015-03-11,2.0186,2.0329,1.998,2.031,10210.652575099992
2015-03-12,2.028,2.076,1.9833,2.0554,25164.095960259892
2015-03-13,2.0554,2.06,2.0,2.0,22387.814526299982
2015-03-14,2.0,2.0268,1.974,1.9884,20032.297093880003
2015-03-15,1.982,2.0349,1.981,2.0194,5132.755437909999
2015-03-16,2.0208,2.066,2.0131,2.0222,21530.88900048999
2015-03-17,2.029,2.0409,1.9691,1.99,34403.80777170996
2015-03-18,1.9886,1.99,1.717,1.7596,86764.31171882023
2015-03-19,1.7572,1.818,1.6002,1.7791,43088.69897673945
2015-03-20,1.777,1.8,1.755,1.791,4536.490173989999
2015-03-21,1.774,1.774,1.7242,1.75,6843.400187070005
2015-03-22,1.7478,1.814,1.7381,1.8,9555.521839500001
2015-03-23,1.805,1.82,1.75,1.791,12204.091924840008
2015-03-24,1.791,1.8139,1.6301,1.657,21078.26177547004
2015-03-25,1.6774,1.8163,1.61,1.6962,24812.143924559994
2015-03-26,1.6754,1.7343,1.6731,1.6915,8104.10228256005
2015-03-27,1.699,1.71,1.676,1.682,9807.618340330046
2015-03-28,1.69,1.7256,1.685,1.718,2339.8701526999994
2015-03-29,1.715,1.72,1.634,1.651,12853.322290790002
2015-03-30,1.655,1.6919,1.6136,1.685,8113.277220940014
2015-03-31,1.685,1.6879,1.628,1.6525,4461.023220930001
2015-04-01,1.65,1.68,1.625,1.68,9926.104804180004
2015-04-02,1.679,1.719,1.6471,1.684,14090.133840930017
2015-04-03,1.695,1.7325,1.675,1.7,20832.907385349994
2015-04-04,1.704,1.7048,1.6781,1.689,3458.870009819997
2015-04-05,1.6892,1.7199,1.676,1.7012,6138.271316980011
2015-04-06,1.709,1.72,1.6577,1.6954,18335.85910930999
2015-04-07,1.6736,1.6938,1.64,1.666,12068.794798870016
2015-04-08,1.6596,1.6769,1.61,1.6305,25714.855428759958
2015-04-09,1.625,1.6348,0.9849182,1.58,92888.23032826038
2015-04-10,1.58,1.6033,1.5001,1.5102,25625.606331569958
2015-04-11,1.517,1.5479,1.4281,1.4597,26845.940846649966
2015-04-12,1.4596,1.4899,1.4511,1.474,2670.6348136999954
2015-04-13,1.4631,1.4929,1.3601,1.3731,25710.12362993999
2015-04-14,1.374,1.391,1.3251,1.383,30180.338627609886
2015-04-15,1.384,1.42,1.331,1.379,22648.26158009001
2015-04-16,1.38,1.4599,1.367,1.4099,37923.73994878968
2015-04-17,1.4098,1.4325,1.39,1.4087,11517.783696140003
2015-04-18,1.4069,1.4239,1.3836,1.3969,3165.0548896499904
2015-04-19,1.4009,1.4269,1.3822,1.3948,13923.99506718
2015-04-20,1.3822,1.4277,1.3789,1.3981,8429.004601700008
2015-04-21,1.3953,1.4499,1.3871,1.4352,6706.906334380009
2015-04-22,1.4339,1.48,1.4202,1.454,10894.36171508022
2015-04-23,1.4528,1.465,1.433,1.4491,7645.968023489999
2015-04-24,1.4549,1.468,1.41,1.4222,5075.203553480002
2015-04-25,1.4265,1.4373,1.3503,1.407,17813.137216049905
2015-04-26,1.4077,1.4077,1.3001,1.332,19927.20205751994
2015-04-27,1.332,1.4098,1.3244,1.3748,22396.42842316987
2015-04-28,1.3758,1.3994,1.3471,1.3768,31295.431880819775
2015-04-29,1.3663,1.4,1.352,1.37,23590.904994180033
2015-04-30,1.37,1.496,1.366,1.4461,62951.20922023953
2015-05-01,1.4481,1.4864,1.4,1.4122,23047.356102980102
2015-05-02,1.4081,1.4501,1.404,1.4221,6224.820104390011
2015-05-03,1.4232,1.47,1.416,1.441,13914.006928240007
2015-05-04,1.4457,1.4899,1.3991,1.418,35119.743575259745
2015-05-05,1.4097,1.4502,1.3589,1.4,17551.65460766006
2015-05-06,1.4,1.4543,1.3833,1.393,13960.347148260003
2015-05-07,1.3912,1.4899,1.3751,1.452,41971.190776529955
2015-05-08,1.452,1.5029,1.426,1.4861,30521.635267789956
2015-05-09,1.488,1.5,1.4301,1.4402,26301.235342389973
2015-05-10,1.4361,1.472,1.42,1.4436,12616.219881520028
2015-05-11,1.4436,1.472,1.4301,1.445,6657.908434549998
2015-05-12,1.45,1.457,1.4321,1.442,4976.496687719998
2015-05-13,1.442,1.4888,1.44,1.4423,33514.79552748987
2015-05-14,1.4423,1.4657,1.3986,1.4384,27815.356835019546
2015-05-15,1.4385,1.4579,1.41,1.4529,13992.71102075001
2015-05-16,1.445,1.4644,1.444,1.4514,3855.841716259993
2015-05-17,1.4515,1.4709,1.4412,1.4539,12158.57779264002
2015-05-18,1.4539,1.4689,1.4367,1.4424,4192.529467579988
2015-05-19,1.4424,1.46,1.4348,1.448,2603.6587962000017
2015-05-20,1.4529,1.47,1.444,1.4634,20285.973813329958
2015-05-21,1.465,1.48,1.456,1.476,8534.72679723998
2015-05-22,1.4798,1.94,1.462,1.834,180070.02084531015
2015-05-23,1.834,1.9,1.7503,1.7899,52960.66211318011
2015-05-24,1.79,1.8587,1.7657,1.8489,16643.543134480038
2015-05-25,1.8489,1.86,1.7674,1.7985,22304.51248205001
2015-05-26,1.8019,1.83,1.7705,1.812,14141.367180550029
2015-05-27,1.8111,1.9159,1.789,1.831,42330.77499049999
2015-05-28,1.83,1.8444,1.812,1.83,12783.78295009
2015-05-29,1.8281,1.8439,1.802,1.824,21489.476249699976
2015-05-30,1.8211,1.825,1.7812,1.79,14856.32411539999
2015-05-31,1.8,1.8286,1.61,1.6319,101243.35373703035
2015-06-01,1.6319,1.6759,1.58,1.605,58147.994790249926
2015-06-02,1.6119,1.6988,1.5908,1.659,28486.680895749992
2015-06-03,1.66,1.6949,1.6422,1.687,16321.248882430058
2015-06-04,1.687,1.687,1.6478,1.651,6107.650072110006
2015-06-05,1.651,1.778,1.6472,1.746,27613.18157545981
2015-06-06,1.745,1.777,1.7301,1.76,17794.854105669998
2015-06-07,1.754,1.763,1.7131,1.73,9610.291972019997
2015-06-08,1.73,1.8099,1.713,1.7906,31740.12238236993
2015-06-09,1.7904,1.8268,1.782,1.8019,27733.72413592995
2015-06-10,1.8,1.8009,1.7305,1.75,14485.722150069996
2015-06-11,1.75,1.8,1.75,1.7791,10420.238140040006
2015-06-12,1.7882,1.82,1.78,1.8003,6531.563566810017
2015-06-13,1.813,1.88,1.7901,1.8498,22574.50521640001
2015-06-14,1.851,2.42,1.85,2.002,169366.53280155113
2015-06-15,2.0013,2.055,1.9601,2.01,46855.990653639965
2015-06-16,2.01,2.88,2.0052,2.8601,432312.85372805974
2015-06-17,2.87,3.27,2.5567,2.8358,418896.1320662502
2015-06-18,2.85,3.23,2.82,3.1018,154526.57094747017
2015-06-19,3.0883,3.1502,2.702,2.81,199313.92929722276
2015-06-20,2.806,3.1,2.713,3.0333,148729.12413988015
2015-06-21,3.0332,3.0698,2.86,3.0,60407.25466317977
2015-06-22,2.9892,3.064,2.945,2.9975,41146.034509049816
2015-06-23,2.9975,3.0195,2.9092,2.959,44067.715904249635
2015-06-24,2.9501,2.96,2.772,2.7733,83356.91569914093
2015-06-25,2.7733,2.8899,2.681,2.838,141627.41788887104
2015-06-26,2.843,2.93,2.81,2.876,34363.165733099944
2015-06-27,2.8665,3.1899,2.8611,3.125,209206.25932051236
2015-06-28,3.1243,3.181,3.0402,3.1194,124075.02466960133
2015-06-29,3.091,3.975,3.05,3.7707,632394.6616919703
2015-06-30,3.7491,4.366,3.7194,4.0684,472686.7213406498
2015-07-01,4.1157,4.119,3.8011,3.9431,134338.0824689205
2015-07-02,3.938,4.1931,3.926,4.056,104279.54086227037
2015-07-03,4.06,4.18,4.011,4.151,73929.46636538002
2015-07-04,4.151,4.189,4.035,4.143,57126.8122899792
2015-07-05,4.1411,4.975,4.0371,4.938,501440.8423339684
2015-07-06,4.936,5.899,4.5501,5.38,724630.5410495979
2015-07-07,5.38,5.5759,4.9,5.201,318235.46190923615
2015-07-08,5.1851,6.5,5.0536,6.464,742039.2808253078
2015-07-09,6.466,8.1,6.01,7.567,1216546.8497881216
2015-07-10,7.5677,8.9666,3.7344,4.4454,2196024.2783550303
2015-07-11,4.502,4.85,3.5846,4.328,485088.6374074198
2015-07-12,4.328,5.45,4.25,5.3081,570762.1200515918
2015-07-13,5.308,5.3179,4.21,4.7,488653.1611179061
2015-07-14,4.704,4.99,4.415,4.601,196039.6737869007
2015-07-15,4.601,4.72,4.03,4.14,246066.6045764738
2015-07-16,4.12,4.2598,3.2101,3.71,672103.1892463773
2015-07-17,3.7022,3.941,3.4,3.76,394983.1461176825
2015-07-18,3.76,4.3516,3.735,4.01,273747.3911900716
2015-07-19,4.002,4.096,3.5502,3.707,177361.68372823016
2015-07-20,3.707,3.984,3.6414,3.9719,169060.19148200104
2015-07-21,3.9728,4.05,3.7506,3.777,184573.54563991755
2015-07-22,3.7769,3.88,3.6835,3.8696,104120.40727225207
2015-07-23,3.8696,3.88,3.7652,3.7869,59597.306086919714
2015-07-24,3.786,4.7944,3.75,4.6063,487564.3066607843
2015-07-25,4.6149,5.0,4.411,4.6779,347714.92381583573
2015-07-26,4.6778,4.958,4.4502,4.7,243735.43400658394
2015-07-27,4.6975,4.8,4.55,4.69,169520.57289631158
2015-07-28,4.6887,5.249,4.6885,5.087,351317.70352946344
2015-07-29,5.0864,5.199,4.65,4.807,256955.31132610442
2015-07-30,4.8031,4.8031,4.5386,4.6071,227447.3270335967
2015-07-31,4.607,4.82,4.5,4.672,163713.8699323917
2015-08-01,4.6403,4.675,4.066,4.1488,231106.299768373
2015-08-02,4.1475,4.2462,3.82,4.187,354902.19365312444
2015-08-03,4.1865,4.41,4.0214,4.195,232454.6891153235
2015-08-04,4.196,4.4997,4.1806,4.41,188562.60320114804
2015-08-05,4.4107,4.4574,4.2998,4.37,109305.06902147028
2015-08-06,4.3481,4.38,4.0,4.0524,225248.85752639052
2015-08-07,4.0524,4.27,3.96,4.2484,231276.672667022
2015-08-08,4.2336,4.2494,3.828,3.871,251889.50036831296
2015-08-09,3.871,4.055,3.82,3.94,172939.73539421978
2015-08-10,3.9335,4.04,3.87,3.9732,124315.92365446432
2015-08-11,3.9777,4.1968,3.96,4.175,158922.5518211312
2015-08-12,4.175,4.198,4.0,4.0249,156617.73145124162
2015-08-13,4.0141,4.0141,3.85,3.9,126772.31064021986
2015-08-14,3.9015,4.1755,3.8601,4.054,153720.77522228716
2015-08-15,4.0563,4.09,3.9201,3.9412,80081.95183959974
2015-08-16,3.9412,4.027,3.872,3.98,151579.93119101
2015-08-17,3.9757,4.0788,3.9361,4.01,110964.54722868124
2015-08-18,4.0094,4.01,3.0111,3.4599,220243.88051219107
2015-08-19,3.4767,3.6502,3.2,3.4982,327193.64435968804
2015-08-20,3.4978,3.699,3.4601,3.6036,87601.13521770011
2015-08-21,3.6105,3.67,3.5011,3.5697,81048.10964543035
2015-08-22,3.5708,3.5815,3.41,3.538,51290.23873754996
2015-08-23,3.5107,3.5499,3.3001,3.3824,90999.73704636027
2015-08-24,3.388,3.388,2.901,3.051,263533.16546250216
2015-08-25,3.051,3.1606,2.405,2.96,658356.3949412544
2015-08-26,2.96,3.099,2.7,2.9488,306585.9707062283
2015-08-27,2.9539,3.0099,2.84,2.89,84771.38394907006
2015-08-28,2.874,2.9949,2.723,2.9,149634.35058615144
2015-08-29,2.9191,2.949,2.8026,2.893,84341.46572915006
2015-08-30,2.8924,2.9398,2.7451,2.8565,57575.49394402992
2015-08-31,2.8657,2.9178,2.78,2.848,68369.26305954006
2015-09-01,2.85,2.9129,2.7853,2.84,72363.27343436012
2015-09-02,2.8355,2.868,2.75,2.8058,124336.05858032248
2015-09-03,2.8059,2.815,2.6058,2.6482,123265.96500352067
2015-09-04,2.6511,2.7721,2.65,2.7098,102085.27234956126
2015-09-05,2.7071,3.1087,2.6611,2.951,138604.15866963458
2015-09-06,2.951,3.239,2.93,3.0789,195271.3948991119
2015-09-07,3.0792,3.17,3.0,3.0597,107994.01528790219
2015-09-08,3.0597,3.159,3.0,3.05,96512.16818148027
2015-09-09,3.05,3.06,2.92,2.9424,74755.7014969801
2015-09-10,2.9505,3.0,2.9044,2.955,49570.08453321922
2015-09-11,2.96,3.0119,2.7456,2.965,46695.37446062899
2015-09-12,2.972,2.978,2.801,2.8351,49631.18955342974
2015-09-13,2.835,2.8632,2.7456,2.816,70175.87182968996
2015-09-14,2.8161,2.8799,2.79,2.8498,28295.14883366941
2015-09-15,2.849,2.8749,2.7701,2.8198,17320.740285700263
2015-09-16,2.822,2.8609,2.7701,2.8148,19596.034818480046
2015-09-17,2.8148,3.0253,2.7959,2.9337,51793.19360115984
2015-09-18,2.9337,3.04,2.7817,2.8485,43443.81232456014
2015-09-19,2.972,3.0002,2.871,2.884,19129.7704855897
2015-09-20,2.884,2.8917,2.8255,2.851,13445.692556500004
2015-09-21,2.8592,2.8782,2.782,2.8096,22248.39604982003
2015-09-22,2.81,2.9246,2.801,2.8536,40245.73826029962
2015-09-23,2.8539,2.915,2.8312,2.86,16419.028767179996
2015-09-24,2.86,2.98,2.8495,2.9202,33261.408845149985
2015-09-25,2.9202,2.96,2.8698,2.902,20457.234943469928
2015-09-26,2.895,2.9094,2.8664,2.8988,8403.437307200009
2015-09-27,2.8986,2.9018,2.8651,2.8748,7107.844045160002
2015-09-28,2.8755,3.1209,2.8753,3.08,86762.7960053705
2015-09-29,3.08,3.2,2.9516,2.9839,105276.69560048037
2015-09-30,2.97,3.045,2.9542,2.99,28727.784525889914
2015-10-01,2.994,3.0671,2.955,3.0135,62264.621648189765
2015-10-02,3.0135,3.0374,2.9722,2.9929,20982.742128629994
2015-10-03,2.9986,3.0639,2.9831,3.031,13021.150824490003
2015-10-04,3.0336,3.0887,3.0002,3.0154,6911.281597379997
2015-10-05,3.0187,3.0459,2.9547,3.0419,30646.259685020017
2015-10-06,3.0419,3.1901,3.023,3.169,54992.32716280015
2015-10-07,3.169,3.2,3.0423,3.0688,85181.75596359992
2015-10-08,3.06,3.0901,3.0419,3.062,6975.448632509999
2015-10-09,3.0736,3.1388,3.062,3.115,16184.402484220027
2015-10-10,3.115,3.1749,3.086,3.1141,32039.466191119947
2015-10-11,3.129,3.172,3.0901,3.1583,13597.89439525001
2015-10-12,3.1583,3.192,3.128,3.1675,28693.529806999937
2015-10-13,3.1458,3.2243,3.1138,3.197,50022.04212200971
2015-10-14,3.1969,3.225,3.0501,3.1649,46423.789093799904
2015-10-15,3.163,3.1793,3.0707,3.0907,30587.00463442993
2015-10-16,3.0921,3.16,3.08,3.101,34915.27170515997
2015-10-17,3.1011,3.1655,3.0031,3.071,105917.16115065062
2015-10-18,3.0737,3.0989,3.0,3.0261,21119.33054506031
2015-10-19,3.03,3.0664,3.0055,3.0402,14926.790812699996
2015-10-20,3.042,3.1,3.03,3.0797,36338.239857450004
2015-10-21,3.0751,3.12,3.062,3.0787,8761.957879840022
2015-10-22,3.0912,3.2001,3.078,3.145,50640.85035412
2015-10-23,3.1282,3.1568,3.1105,3.1318,19236.645460589967
2015-10-24,3.1315,3.1563,3.0892,3.144,28207.247514820017
2015-10-25,3.1432,3.17,3.1,3.1011,18349.313667119994
2015-10-26,3.109,3.1333,3.0713,3.1186,14312.764647919998
2015-10-27,3.1161,3.1452,3.085,3.1055,28458.345329819975
2015-10-28,3.1064,3.1337,3.0675,3.0988,27699.64528489996
2015-10-29,3.0986,3.9746,2.8,3.7993,499260.4722679478
2015-10-30,3.8191,4.193,3.6591,3.95,347013.5448036213
2015-10-31,3.9939,4.04,3.6213,3.6891,130615.52835164036
2015-11-01,3.6527,3.95,3.641,3.89,53755.04715725994
2015-11-02,3.884,4.282,3.831,4.1342,143578.18967326992
2015-11-03,4.1587,4.87,4.0401,4.55,558268.7691945496
2015-11-04,4.5777,5.3911,3.0,4.0,772964.8738146366
2015-11-05,4.0,4.443,3.5,3.85,295730.3207844699
2015-11-06,3.85,3.8636,3.3,3.5109,169508.58457798164
2015-11-07,3.5449,3.6517,3.5032,3.532,38386.535802209924
2015-11-08,3.5667,3.627,3.3119,3.3792,44418.86729013
2015-11-09,3.38,3.5046,3.2105,3.4223,87841.7385048113
2015-11-10,3.41,3.48,3.0,3.0999,153896.27659413038
2015-11-11,3.0999,3.1299,2.901,2.9854,105462.45777114008
2015-11-12,2.9908,3.32,2.99,3.3,97004.44935821045
2015-11-13,3.3001,3.32,3.1401,3.2177,29634.300438119964
2015-11-14,3.2181,3.26,3.1615,3.2299,11818.245576559988
2015-11-15,3.1932,3.2488,3.045,3.074,32257.21484861996
2015-11-16,3.0893,3.2395,3.05,3.1974,38113.24360393003
2015-11-17,3.1966,3.2687,3.17,3.226,23557.169086639977
2015-11-18,3.226,3.24,3.1526,3.182,29290.96111374987
2015-11-19,3.178,3.2389,3.1333,3.14,21143.232684199993
2015-11-20,3.14,3.1577,3.045,3.131,45366.105039809925
2015-11-21,3.131,3.1847,3.1156,3.156,27334.101310589976
2015-11-22,3.1598,3.165,3.12,3.1262,2803.33753117
2015-11-23,3.1446,3.1759,3.11,3.154,4857.588257450004
2015-11-24,3.1468,3.1468,3.0933,3.1018,17256.457168310048
2015-11-25,3.1018,3.38,3.0838,3.376,88820.84155692994
2015-11-26,3.37,3.7666,3.3501,3.6444,236334.78358490055
2015-11-27,3.642,3.679,3.5325,3.605,60654.92927577002
2015-11-28,3.601,3.601,3.4654,3.546,35847.46715946996
2015-11-29,3.5451,3.749,3.4824,3.7,60062.1741692
2015-11-30,3.6905,3.78,3.57,3.6255,67641.67709278005
2015-12-01,3.6145,3.6591,3.3526,3.4312,67330.67199460996
2015-12-02,3.4202,3.437,3.2681,3.33,80190.21644447984
2015-12-03,3.35,3.4399,3.33,3.3798,25454.77635862
2015-12-04,3.3754,3.3898,3.2961,3.335,21849.258439289977
2015-12-05,3.3553,3.5822,3.35,3.528,50618.30178733002
2015-12-06,3.5345,3.63,3.4054,3.4399,75252.75882438982
2015-12-07,3.4399,3.8489,3.419,3.654,117992.59688364046
2015-12-08,3.675,3.83,3.5489,3.8273,48043.81902046994
2015-12-09,3.76,3.81,3.5114,3.6906,161525.49790195024
2015-12-10,3.6909,3.71,3.574,3.6598,82064.54455969004
2015-12-11,3.6639,3.9399,3.651,3.89,198613.216594811
2015-12-12,3.89,4.35,3.49,3.6,341268.4332948878
2015-12-13,3.6,3.6517,3.5343,3.58,23505.073035400037
2015-12-14,3.571,3.6499,3.5208,3.5879,25680.839931399878
2015-12-15,3.5879,3.84,3.5626,3.7875,66949.3422692198
2015-12-16,3.7875,3.7978,3.55,3.6807,41143.72772053974
2015-12-17,3.6807,3.76,3.626,3.695,19414.889977060022
2015-12-18,3.695,3.788,3.6791,3.7201,32883.38793255978
2015-12-19,3.73,3.761,3.6565,3.6997,14698.590802920009
2015-12-20,3.695,3.7,3.443,3.5,43203.215174629986
2015-12-21,3.489,3.525,3.4,3.406,33496.74911260998
2015-12-22,3.4376,3.461,3.36,3.4085,10363.423114640005
2015-12-23,3.3858,3.598,3.3704,3.5601,44117.74970711996
2015-12-24,3.587,3.6839,3.586,3.6418,30436.896849059973
2015-12-25,3.6428,3.657,3.57,3.6011,13651.473824160003
2015-12-26,3.6106,3.6218,3.3716,3.445,52180.39405682001
2015-12-27,3.4307,3.5024,3.4021,3.4678,3211.801310159997
2015-12-28,3.4678,3.5314,3.4328,3.464,7453.014476900009
2015-12-29,3.459,3.5399,3.4198,3.489,7599.6736632500015
2015-12-30,3.4894,3.5378,3.425,3.4527,11389.002563199987
2015-12-31,3.452,3.4999,3.38,3.4401,20381.477995610006
2016-01-01,3.4686,3.5225,3.4129,3.5189,9488.566647800002
2016-01-02,3.5179,3.5269,3.4403,3.499,6814.512725469996
2016-01-03,3.5078,3.5078,3.419,3.4869,14501.472506820019
2016-01-04,3.4801,3.5121,3.4516,3.507,6478.706993390006
2016-01-05,3.507,3.5084,3.4464,3.489,6149.033898240003
2016-01-06,3.489,3.489,3.4257,3.4519,1836.0267357399982
2016-01-07,3.464,3.6409,3.45,3.62,43374.58169045999
2016-01-08,3.6108,3.64,3.539,3.5919,14859.96674814003
2016-01-09,3.5806,3.5925,3.5302,3.58,4276.351294509997
2016-01-10,3.5601,3.579,3.4721,3.533,26111.501438239928
2016-01-11,3.5334,3.5714,3.5024,3.5517,13708.23936889001
2016-01-12,3.5525,3.5525,3.44,3.4599,19431.634259489972
2016-01-13,3.4529,3.4772,3.37,3.4719,69845.45003019976
2016-01-14,3.4516,3.4782,3.4162,3.4356,3074.66548396
2016-01-15,3.4499,3.4499,2.95,2.95,111120.46540387998
2016-01-16,2.95,3.1,2.9029,3.1,46920.16530944003
2016-01-17,3.0997,3.1,2.9901,3.003,13764.604943550006
2016-01-18,3.0198,3.0699,2.97,3.055,28720.758121459992
2016-01-19,3.0618,3.07,2.993,3.0099,12323.637891620003
2016-01-20,3.0099,3.44,2.9703,3.37,64629.91990964006
2016-01-21,3.37,3.4,3.1749,3.2057,20971.00496443
2016-01-22,3.2017,3.2101,3.0102,3.0411,22716.76709907002
2016-01-23,3.0479,3.1758,3.0479,3.1075,9695.244041640019
2016-01-24,3.0941,3.208,3.0512,3.1847,11082.207927519996
2016-01-25,3.1672,3.177,3.0753,3.1267,15849.733396209956
2016-01-26,3.1139,3.1669,3.081,3.1291,6956.569602940011
2016-01-27,3.1284,3.3142,3.1237,3.271,40974.21112932989
2016-01-28,3.285,3.2888,3.062,3.1212,20002.727409419946
2016-01-29,3.1106,3.1213,3.001,3.0829,30226.309818239966
2016-01-30,3.1018,3.1063,3.0303,3.0315,5870.685756890013
2016-01-31,3.0475,3.1022,3.0,3.0168,5932.289105340001
2016-02-01,3.0167,3.076,3.0092,3.0515,3623.3279776299983
2016-02-02,3.05,3.0648,3.024,3.053,6289.350830849999
2016-02-03,3.055,3.0799,3.0,3.0001,24512.462957350006
2016-02-04,3.0232,3.1878,3.007,3.1509,12498.388604780017
2016-02-05,3.15,3.1509,3.0852,3.113,6739.0937374900095
2016-02-06,3.113,3.12,3.0148,3.05,17851.720990000016
2016-02-07,3.0501,3.0779,3.02,3.0361,4928.325557950007
2016-02-08,3.0361,3.0773,3.0024,3.02,9054.26082943001
2016-02-09,3.02,3.063,3.0005,3.0402,7451.496618140007
2016-02-10,3.0402,3.1328,3.0221,3.0571,9029.139166339994
2016-02-11,3.0777,3.0887,3.0251,3.0818,3275.19860415
2016-02-12,3.0462,3.089,3.0271,3.0815,2092.3839775099996
2016-02-13,3.07,3.1299,3.0612,3.11,4509.89965956
2016-02-14,3.117,3.19,3.1147,3.1809,8856.588355429998
2016-02-15,3.1809,3.2299,3.1092,3.1301,10161.189251240014
2016-02-16,3.149,3.19,3.1314,3.1571,2873.002986940001
2016-02-17,3.1618,3.2398,3.1618,3.1866,8488.3777402
2016-02-18,3.1795,3.2491,3.1795,3.2491,14986.657552209996
2016-02-19,3.239,3.2478,3.1501,3.2,19224.64663156001
2016-02-20,3.228,3.5,3.1793,3.4239,83923.06971298995
2016-02-21,3.434,3.575,3.372,3.4742,35264.84756137006
2016-02-22,3.4458,3.5509,3.4,3.4728,6670.482735039994
2016-02-23,3.4796,3.54,3.3352,3.384,19143.64192828
2016-02-24,3.4086,3.409,3.31,3.3567,7118.513571039999
2016-02-25,3.356,3.395,3.32,3.3635,3550.1328223699993
2016-02-26,3.3588,3.4354,3.32,3.4334,6677.338683659995
2016-02-27,3.4265,3.45,3.4,3.4112,2581.24433415
2016-02-28,3.41,3.474,3.3391,3.4197,15264.840775679997
2016-02-29,3.4299,3.4985,3.3721,3.4489,11272.888083040005
2016-03-01,3.4408,3.4443,3.3722,3.435,5010.988151440002
2016-03-02,3.4389,3.4499,3.346,3.346,10254.656232200025
2016-03-03,3.346,3.3465,3.2731,3.304,10274.039155450007
2016-03-04,3.309,3.3398,3.2076,3.2254,16642.05709154
2016-03-05,3.219,3.2426,3.1103,3.1726,26903.87508683991
2016-03-06,3.1666,3.2303,3.1311,3.1778,11194.440762940003
2016-03-07,3.1765,3.2637,3.1551,3.241,14921.686685629993
2016-03-08,3.243,3.2658,3.203,3.2179,2734.6093185600002
2016-03-09,3.2064,3.2841,3.2001,3.2541,7339.517275939995
2016-03-10,3.2648,3.297,3.2205,3.264,2493.0465092499967
2016-03-11,3.2645,3.4,3.2645,3.365,22879.087711820026
2016-03-12,3.3575,3.3826,3.25,3.2569,11798.69691362002
2016-03-13,3.2653,3.306,3.2552,3.2803,9663.544348589989
2016-03-14,3.2803,3.3129,3.2553,3.3039,4076.180988469999
2016-03-15,3.311,3.32,3.2581,3.3114,5395.623068469997
2016-03-16,3.2786,3.313,3.252,3.313,4097.407219239999
2016-03-17,3.2919,3.324,3.2589,3.2924,7598.554217059996
2016-03-18,3.2921,3.2921,3.01,3.1457,86884.39921876133
2016-03-19,3.155,3.1889,3.1221,3.1582,6906.665110410009
2016-03-20,3.1596,3.1973,3.1553,3.1694,10133.835476330045
2016-03-21,3.1718,3.197,3.1507,3.192,2162.9939412700032
2016-03-22,3.1885,3.2389,3.1809,3.2132,3931.239607709992
2016-03-23,3.2319,3.239,3.1891,3.23,7331.899303750003
2016-03-24,3.226,3.23,3.1958,3.2186,3741.653787090001
2016-03-25,3.2161,3.2299,3.1885,3.2075,10814.650412370003
2016-03-26,3.2211,3.2389,3.2101,3.2372,1482.97828811
2016-03-27,3.2323,3.3314,3.206,3.296,20965.014973880003
2016-03-28,3.3,3.3029,3.26,3.27,5189.461017960034
2016-03-29,3.2672,3.279,3.1787,3.228,8740.588126500003
2016-03-30,3.2186,3.2375,3.16,3.2096,13635.96915801002
2016-03-31,3.2282,3.2635,3.2162,3.254,6519.565963590009
2016-04-01,3.254,3.2572,3.219,3.2416,5680.899923050004
2016-04-02,3.2417,3.2897,3.2417,3.2582,1554.8673538099977
2016-04-03,3.273,3.2793,3.2384,3.2443,1753.3008987300002
2016-04-04,3.2609,3.27,3.201,3.245,7258.08678729999
2016-04-05,3.2251,3.276,3.2251,3.265,2397.0610383800004
2016-04-06,3.276,3.2877,3.245,3.2467,7620.050458010001
2016-04-07,3.2452,3.252,3.225,3.2305,3134.4831261100003
2016-04-08,3.2354,3.263,3.21,3.2324,1864.271632479998
2016-04-09,3.212,3.2333,3.2,3.2302,1984.1087868199998
2016-04-10,3.2271,3.251,3.2098,3.233,1792.7719955099997
2016-04-11,3.243,3.2687,3.2209,3.234,1901.7347676499994
2016-04-12,3.249,3.3,3.2464,3.2625,5283.77700300002
2016-04-13,3.27,3.2956,3.2479,3.2693,2224.646307449989
2016-04-14,3.2541,3.2785,3.2447,3.26,3032.186372799995
2016-04-15,3.26,3.324,3.2536,3.2952,4126.397972699982
2016-04-16,3.3083,3.3196,3.29,3.3104,4411.878276450001
2016-04-17,3.2907,3.3046,3.2586,3.2849,1702.4991427899995
2016-04-18,3.2849,3.29,3.25,3.2511,9801.857049850001
2016-04-19,3.26,3.32,3.2401,3.3199,5125.30957339
2016-04-20,3.2908,3.327,3.2634,3.3,15905.991088350003
2016-04-21,3.3007,3.3978,3.3,3.375,18512.59757979999
2016-04-22,3.378,3.4,3.3219,3.356,14190.68370807001
2016-04-23,3.356,3.3899,3.3217,3.3698,16772.19811079
2016-04-24,3.3698,3.7,3.3678,3.6711,56269.074975780015
2016-04-25,3.6806,3.9278,3.5737,3.83,100871.32575145012
2016-04-26,3.8301,4.1591,3.8128,4.0794,191841.1507057602
2016-04-27,4.0791,4.2948,3.823,3.8931,273603.37212276954
2016-04-28,3.868,3.955,3.701,3.8298,114960.97993166017
2016-04-29,3.8102,3.88,3.7222,3.8207,47700.08148424997
2016-04-30,3.8207,3.8524,3.647,3.67,61276.70562183996
2016-05-01,3.67,3.749,3.647,3.6969,24348.159626980014
2016-05-02,3.71,3.8106,3.6198,3.6743,54011.63869346989
2016-05-03,3.6578,3.7707,3.615,3.734,37902.64447498984
2016-05-04,3.7349,3.7799,3.7022,3.7333,4263.137542030001
2016-05-05,3.7333,3.7893,3.72,3.7203,9423.747723279992
2016-05-06,3.7227,3.87,3.7031,3.8452,17834.067710050032
2016-05-07,3.8699,4.033,3.8451,3.98,44424.55969670988
2016-05-08,3.9801,3.988,3.9055,3.966,12698.658936900003
2016-05-09,3.9356,4.1339,3.9125,4.08,27158.24953631999
2016-05-10,4.08,4.18,3.7826,3.8398,65432.16962220015
2016-05-11,3.8428,3.9397,3.829,3.8807,18655.315096100014
2016-05-12,3.8792,3.899,3.7851,3.859,16052.095902370003
2016-05-13,3.8386,3.9725,3.8353,3.9351,17081.659993489993
2016-05-14,3.9342,4.0661,3.9342,4.0182,26195.129648240007
2016-05-15,4.029,4.1258,3.96,4.0707,22125.888586859997
2016-05-16,4.0617,4.2241,3.95,4.007,62188.735991210066
2016-05-17,4.0102,4.0506,3.9612,3.9669,27700.55278654
2016-05-18,3.9715,4.0535,3.9623,4.0132,16423.339856679984
2016-05-19,4.0022,4.0517,3.7352,3.7989,80789.41055355023
2016-05-20,3.7536,3.9296,3.7,3.87,88776.12717225024
2016-05-21,3.8569,3.9718,3.821,3.9353,19941.693980989876
2016-05-22,3.9353,3.9762,3.8383,3.8383,37505.62047793999
2016-05-23,3.8661,3.958,3.8313,3.958,41654.81143735998
2016-05-24,3.958,3.9942,3.935,3.95,9836.603994200019
2016-05-25,3.95,4.065,3.95,4.0456,54265.804651919956
2016-05-26,4.0482,4.1536,3.9851,4.1025,54883.67815415005
2016-05-27,4.1025,4.6841,4.0827,4.4622,237955.67764490016
2016-05-28,4.4451,4.835,4.4433,4.555,225664.13958498772
2016-05-29,4.555,4.8615,4.3534,4.5689,173059.71630521998
2016-05-30,4.5332,4.6795,4.4393,4.62,36538.80613411001
2016-05-31,4.5668,4.6992,4.5,4.5947,51923.3994326201
2016-06-01,4.5975,4.8,4.5525,4.7594,36677.60375242995
2016-06-02,4.7518,4.77,4.6721,4.7162,21940.705123840024
2016-06-03,4.7152,4.9,4.6761,4.8967,43526.83790916016
2016-06-04,4.8967,4.9723,4.7509,4.82,57660.46162725009
2016-06-05,4.82,4.8839,4.752,4.8631,20922.813125129996
2016-06-06,4.8489,4.9801,4.7984,4.963,40683.61902941997
2016-06-07,4.9521,4.991,4.6886,4.7738,45915.64207021004
2016-06-08,4.801,4.8282,4.7,4.821,23345.568390130004
2016-06-09,4.805,4.805,4.6635,4.767,9987.85870514
2016-06-10,4.7649,4.9148,4.7124,4.8969,19659.91338303995
2016-06-11,4.8969,5.0993,4.89,5.0993,19687.990980180002
2016-06-12,5.0703,5.4,5.0,5.25,163641.82308409014
2016-06-13,5.25,5.5287,4.553,5.2789,248695.6651257097
2016-06-14,5.2799,5.3056,4.9335,5.1477,294178.96701393946
2016-06-15,5.15,5.26,4.9915,5.2588,174660.48195784155
2016-06-16,5.2588,5.695,5.2588,5.695,160285.56832032127
2016-06-17,5.696,5.99,5.0526,5.6492,220035.8642398029
2016-06-18,5.5631,5.7998,5.3545,5.578,95695.28787904009
2016-06-19,5.577,5.6365,5.4852,5.6031,20914.211848840037
2016-06-20,5.602,5.602,5.2022,5.381,54002.7177981401
2016-06-21,5.3492,5.3492,4.5315,4.8547,107098.65403954024
2016-06-22,4.8561,4.9773,3.7128,4.0007,247669.66251673072
2016-06-23,4.0,4.025,3.51,3.888,166399.99246660963
2016-06-24,3.9145,4.3999,3.8862,4.2775,101055.92153505006
2016-06-25,4.2833,4.486,3.91,4.243,69610.72032919004
2016-06-26,4.2319,4.2696,3.9215,4.0731,26631.216630789975
2016-06-27,4.0588,4.1786,4.0291,4.175,15357.188697589992
2016-06-28,4.1887,4.1955,4.0131,4.1299,15687.532296740004
2016-06-29,4.0867,4.1171,4.0,4.0599,11026.26675647002
2016-06-30,4.0599,4.3026,4.0239,4.2091,27396.87907225001
2016-07-01,4.2091,4.3877,4.1792,4.2663,28585.79182393998
2016-07-02,4.2667,4.6695,4.2667,4.6532,61379.39301055992
2016-07-03,4.6532,4.6578,4.1503,4.2809,69408.33389244994
2016-07-04,4.2534,4.563,4.1789,4.5127,44792.34631569996
2016-07-05,4.5165,4.55,4.3433,4.4219,36505.35223826994
2016-07-06,4.434,4.4863,4.4021,4.4799,5566.1403686799995
2016-07-07,4.4799,4.518,3.915,4.102,74804.20870076989
2016-07-08,4.1372,4.25,4.0562,4.25,21987.180341090017
2016-07-09,4.203,4.2294,3.97,4.1223,27242.970364819983
2016-07-10,4.1188,4.1586,4.0621,4.138,4703.71663934
2016-07-11,4.1074,4.2131,4.0631,4.1274,8692.12153114
2016-07-12,4.112,4.2494,4.0824,4.1843,29529.65445985
2016-07-13,4.18,4.2425,4.15,4.1734,6627.506226819996
2016-07-14,4.15,4.2,4.1258,4.1701,4458.091986289999
2016-07-15,4.1959,4.1999,4.1472,4.19,3451.1199900899996
2016-07-16,4.1582,4.2093,4.1115,4.16,9827.772103790005
2016-07-17,4.16,4.2852,4.152,4.1928,6663.472736309996
2016-07-18,4.2188,4.2377,4.1521,4.169,6745.151282010003
2016-07-19,4.1967,4.1974,4.147,4.1817,3456.868550719998
2016-07-20,4.16,4.18,4.1082,4.1574,10962.26075862
2016-07-21,4.1302,4.1513,4.0841,4.116,11365.336197680073
2016-07-22,4.112,4.1641,3.9617,4.036,32762.94200211957
2016-07-23,4.0359,4.0628,4.014,4.0596,2392.8180753900065
2016-07-24,4.03,4.1094,4.0084,4.0933,25879.760621259866
2016-07-25,4.085,4.0922,3.9998,4.0102,14050.484038030017
2016-07-26,4.0457,4.0559,3.9008,3.98,31390.497521519676
2016-07-27,3.9701,4.0079,3.9258,3.9536,3292.7578542199963
2016-07-28,3.9633,4.014,3.9517,3.993,5450.157389229996
2016-07-29,3.966,4.1148,3.9553,4.0767,9340.268319120005
2016-07-30,4.0986,4.115,4.02,4.0551,18253.12747528999
2016-07-31,4.0786,4.08,3.9,3.942,20563.342144630013
2016-08-01,3.9315,3.9599,3.8519,3.8534,43150.05481909978
2016-08-02,3.8837,3.9106,3.7,3.7332,27222.86978695994
2016-08-10,3.75,3.88,3.5491,3.56,55783.30485105001
2016-08-11,3.56,3.746,3.46,3.746,51684.68984788997
2016-08-12,3.74,3.77,3.61,3.66,44030.93127917
2016-08-13,3.66,3.75,3.5791,3.69,64668.461631999875
2016-08-14,3.69,3.7058,3.5829,3.63,17362.548239760006
2016-08-15,3.63,3.65,3.49,3.53,78055.57731373995
2016-08-16,3.53,3.63,3.5195,3.6,22757.530522780016
2016-08-17,3.594,3.61,3.56,3.5702,26543.100148199926
2016-08-18,3.59,3.639,3.57,3.5907,15358.356765810013
2016-08-19,3.5907,3.6241,3.57,3.6226,801.5174582400001
2016-08-20,3.579,3.6295,3.579,3.6235,571.92458016
2016-08-21,3.6219,3.6348,3.5996,3.6246,692.7895147700001
2016-08-22,3.6349,3.687,3.5996,3.672,2255.5783100399995
2016-08-23,3.6873,4.02,3.67,3.95,24637.5626693397
2016-08-24,3.95,3.9685,3.8414,3.8414,8167.189805890006
2016-08-25,3.8501,3.8688,3.7683,3.8159,3152.9115955600005
2016-08-26,3.8159,3.8596,3.775,3.84,1090.0657034900005
2016-08-27,3.84,3.848,3.7103,3.758,3040.573297339999
2016-08-28,3.7301,3.7808,3.708,3.7645,2202.2864277099993
2016-08-29,3.781,3.8085,3.746,3.7719,2532.51094384
2016-08-30,3.7699,3.85,3.74,3.803,5607.83558994
2016-08-31,3.803,3.817,3.7771,3.809,963.5003937299999
2016-09-01,3.8,3.866,3.799,3.8262,1639.84332999
2016-09-02,3.835,3.855,3.8,3.817,3757.864781259999
2016-09-03,3.8217,3.9863,3.8132,3.9154,5683.138136360001
2016-09-04,3.945,4.108,3.9095,4.0101,18293.51758708998
2016-09-05,4.0389,4.0969,3.964,3.9781,13601.764343380006
2016-09-06,4.005,4.0199,3.9295,3.97,9208.981478740001
2016-09-07,3.97,4.007,3.9211,4.0051,4853.812859730001
2016-09-08,4.0043,4.0599,3.9753,4.0289,7514.013303399997
2016-09-09,4.0285,4.04,3.9573,3.9789,4190.181549670002
2016-09-10,4.003,4.0221,3.98,4.0199,282.86003979
2016-09-11,4.0011,4.0193,3.873,3.8977,8146.60675915
2016-09-12,3.8896,3.8992,3.7274,3.8569,6542.242976210005
2016-09-13,3.818,3.8799,3.81,3.845,934.5373526300001
2016-09-14,3.878,3.9017,3.85,3.892,637.95496284
2016-09-15,3.85,3.887,3.85,3.86,1568.7426798899999
2016-09-16,3.8361,3.8833,3.825,3.83,1676.5246683600014
2016-09-17,3.83,3.83,3.8025,3.811,219.32199081000002
2016-09-18,3.81,3.85,3.8066,3.8334,516.03297933
2016-09-19,3.85,3.8758,3.837,3.837,2225.8428299899997
2016-09-20,3.8301,3.8587,3.7948,3.7948,2052.3895052599987
2016-09-21,3.793,3.81,3.7151,3.8011,26792.01509582007
2016-09-22,3.78,3.7875,3.7501,3.7506,794.23777133
2016-09-23,3.7501,3.827,3.7501,3.808,2211.7992760499997
2016-09-24,3.8054,3.8609,3.8054,3.8234,1142.53170267
2016-09-25,3.8044,3.834,3.8,3.8,1273.6864626999998
2016-09-26,3.8488,3.8881,3.8254,3.8582,453.5188682699999
2016-09-27,3.8541,3.8956,3.836,3.843,634.3119252099998
2016-09-28,3.8771,3.8771,3.8269,3.857,482.23249983999995
2016-09-29,3.8622,3.8687,3.8291,3.8529,3255.9178275299982
2016-09-30,3.8219,3.8489,3.8175,3.8486,1348.56372832
2016-10-01,3.8378,3.8688,3.8378,3.85,54.0145
2016-10-02,3.8521,3.854,3.814,3.8491,795.2659556199998
2016-10-03,3.8443,3.8555,3.8121,3.8555,807.6792658
2016-10-04,3.8342,3.8633,3.8051,3.8142,438.8632570599999
2016-10-05,3.841,3.86,3.83,3.83,960.6034685399999
2016-10-06,3.833,3.8554,3.8165,3.8478,611.72609196
2016-10-07,3.8463,3.8857,3.8463,3.8649,3459.8979301700006
2016-10-08,3.8721,3.8888,3.8254,3.8295,3468.2519950899996
2016-10-09,3.82,3.8479,3.7604,3.7866,1608.4169047699997
2016-10-10,3.8216,3.859,3.7685,3.784,1677.10415384
2016-10-11,3.8147,3.8554,3.7714,3.8304,5671.263007690001
2016-10-12,3.8438,3.8438,3.7786,3.81,3349.446928260001
2016-10-13,3.823,3.95,3.8091,3.9329,4535.919050930001
2016-10-14,3.912,3.9294,3.8905,3.9228,2584.687931849999
2016-10-15,3.9111,3.925,3.889,3.892,443.31661623
2016-10-16,3.9097,3.915,3.8511,3.881,1889.6704036299998
2016-10-17,3.915,3.9282,3.8178,3.8365,8510.697119759994
2016-10-18,3.8401,3.8883,3.8251,3.8272,1089.57485063
2016-10-19,3.8623,3.8623,3.7853,3.8157,2644.8124380800004
2016-10-20,3.8157,3.8157,3.7803,3.789,845.24105553
2016-10-21,3.815,3.8569,3.7875,3.8569,1362.1545429000003
2016-10-22,3.8558,3.9995,3.8558,3.918,3710.8797827499966
2016-10-23,3.918,3.9459,3.8997,3.8997,1707.48947193
2016-10-24,3.9,3.9399,3.881,3.881,4000.36527427
2016-10-25,3.881,3.933,3.7987,3.916,3708.8661177899985
2016-10-26,3.9158,3.995,3.8809,3.9885,2843.2690853999998
2016-10-27,3.9885,4.08,3.9521,3.992,17945.650868459998
2016-10-28,3.992,4.0109,3.8912,3.9947,9476.470064319998
2016-10-29,3.9943,4.105,3.9734,4.0898,23164.42050731003
2016-10-30,4.08,4.08,4.0106,4.03,5792.788826699999
2016-10-31,4.03,4.05,4.0,4.0,7896.989290139998
2016-11-01,4.0,4.2,4.0,4.11,23574.56705084003
2016-11-02,4.11,4.1562,4.0567,4.1449,10755.908431340002
2016-11-03,4.16,4.205,3.8206,3.8601,21968.43078229999
2016-11-04,3.8901,3.9189,3.8201,3.8979,4422.634827240001
2016-11-05,3.919,3.919,3.87,3.9138,1143.3498893899998
2016-11-06,3.9162,3.9329,3.8554,3.9184,897.9460818699998
2016-11-07,3.9063,3.9063,3.855,3.887,123.08730382000002
2016-11-08,3.85,3.88,3.8318,3.8635,119.46391989
2016-11-09,3.8421,3.9889,3.842,3.853,2130.90765923
2016-11-10,3.853,3.8842,3.806,3.8192,932.6395228300003
2016-11-11,3.8377,3.8387,3.8028,3.8057,249.05511811999997
2016-11-12,3.8087,3.834,3.7251,3.7754,8760.90657038
2016-11-13,3.75,3.9349,3.586,3.883,12947.919607500007
2016-11-14,3.872,3.92,3.842,3.8997,775.19889883
2016-11-15,3.89,3.9652,3.8531,3.9031,10423.505640349998
2016-11-16,3.8893,4.0,3.8715,3.94,5667.98577218
2016-11-17,3.9499,4.0094,3.8691,3.8979,2669.733162210001
2016-11-18,3.8983,3.97,3.8983,3.909,1320.9527190399997
2016-11-19,3.9217,3.9686,3.9005,3.9569,1463.63561326
2016-11-20,3.957,3.98,3.8501,3.89,4469.73044662
2016-11-21,3.9198,3.9476,3.8795,3.9476,402.32744009
2016-11-22,3.911,3.962,3.8685,3.8991,1416.1883763600001
2016-11-23,3.898,3.9262,3.8353,3.8609,1411.3988882700003
2016-11-24,3.88,3.91,3.8013,3.8997,2264.4094386100005
2016-11-25,3.8683,3.9003,3.8511,3.9003,1491.68675632
2016-11-26,3.92,3.92,3.83,3.83,237.72535998
2016-11-27,3.84,3.8893,3.8231,3.8231,2312.1142870499993
2016-11-28,3.8483,3.8839,3.8004,3.873,2714.3979145199987
2016-11-29,3.8496,3.8826,3.7736,3.8252,4862.409289350002
2016-11-30,3.8268,3.8824,3.7981,3.8809,1133.8782017599997
2016-12-01,3.8809,3.9048,3.83,3.8777,4256.500428129996
2016-12-02,3.9,3.952,3.8901,3.9,6459.437350169998
2016-12-03,3.9222,3.9329,3.8862,3.91,436.0345823799999
2016-12-04,3.904,3.9192,3.8713,3.9056,186.42919626999995
2016-12-05,3.9095,3.9095,3.0,3.4783,44217.57570796991
2016-12-06,3.4487,3.5364,3.4353,3.52,4343.134151849997
2016-12-07,3.52,3.6651,3.4635,3.6601,3783.4595391799994
2016-12-08,3.6582,3.744,3.6501,3.68,4372.259587980002
2016-12-09,3.6799,3.7101,3.6503,3.6987,681.5872018400001
2016-12-10,3.7,3.7,3.6305,3.6823,1435.6981394599993
2016-12-11,3.6509,3.6822,3.6046,3.633,2936.0422641999985
2016-12-12,3.6438,3.704,3.5055,3.6386,11661.033968960004
2016-12-13,3.6587,3.67,3.6047,3.653,633.62400664
2016-12-14,3.6289,3.6592,3.5789,3.6021,2664.26244154
2016-12-15,3.6179,3.6752,3.5844,3.65,1829.53919774
2016-12-16,3.65,3.65,3.6,3.6,1167.8108431700002
2016-12-17,3.6202,3.72,3.607,3.7195,1685.9804242499995
2016-12-18,3.7197,3.7197,3.6685,3.672,2105.0599229100008
2016-12-19,3.6721,3.6887,3.6296,3.6493,1175.96651846
2016-12-20,3.6425,3.6599,3.6318,3.656,329.64556112
2016-12-21,3.6427,3.7,3.6023,3.632,3712.3010573699994
2016-12-22,3.6416,3.7379,3.6175,3.6742,4827.704004250001
2016-12-23,3.708,4.6199,3.6044,4.6161,121823.7570516303
2016-12-24,4.5975,4.684,4.31,4.431,36797.13097975996
2016-12-25,4.4286,4.4451,4.1,4.2991,43371.24317939996
2016-12-26,4.2996,4.4085,4.1425,4.257,23663.68371942997
2016-12-27,4.2692,4.4946,4.2413,4.3633,24107.500292349974
2016-12-28,4.3977,4.6383,4.3965,4.5976,36019.59720190996
2016-12-29,4.5463,4.615,4.4431,4.59,57328.633975549994
2016-12-30,4.5582,4.581,4.25,4.4135,47526.67211347995
2016-12-31,4.4063,4.4786,4.2738,4.3635,1850.5901704699972
2017-01-01,4.3636,4.5401,4.3457,4.4997,9808.926627470006
2017-01-02,4.5,4.74,4.4486,4.58,41657.199693479924
2017-01-03,4.5868,4.6665,4.4505,4.593,18819.802216439988
2017-01-04,4.5995,4.7222,4.4297,4.59,41933.918238279824
2017-01-05,4.642,4.721,4.1,4.2127,99042.59319852255
2017-01-06,4.2525,4.2892,3.799,3.84,70212.98701738054
2017-01-07,3.8676,3.9999,3.629,3.963,18895.945856160008
2017-01-08,3.9744,4.04,3.92,4.02,14907.961031340008
2017-01-09,4.0,4.44,3.8926,4.34,50329.93397699983
2017-01-10,4.34,4.659,4.3015,4.574,43285.42817801994
2017-01-11,4.5866,4.619,3.7623,3.9443,137443.89845139228
2017-01-12,3.927,4.1,3.8067,4.0001,23783.53296526997
2017-01-13,4.0001,4.0389,3.86,3.9262,19287.014497980053
2017-01-14,3.9448,3.9952,3.86,3.9466,12920.431123340024
2017-01-15,3.9466,3.9506,3.8193,3.9135,4198.454310410002
2017-01-16,3.9125,3.939,3.8255,3.8927,3162.8050153899976
2017-01-17,3.8515,4.0199,3.8401,3.95,25459.995314810007
2017-01-18,3.95,3.958,3.7949,3.8949,13869.382359680023
2017-01-19,3.895,3.9499,3.8053,3.907,13266.244320789998
2017-01-20,3.899,3.938,3.8502,3.9098,10166.10781706001
2017-01-21,3.9009,3.9533,3.88,3.9208,4234.736543549998
2017-01-22,3.921,3.9259,3.8,3.85,10498.984407369991
2017-01-23,3.8462,3.8621,3.744,3.8246,15691.214850570006
2017-01-24,3.802,3.8636,3.7322,3.733,16768.702377780024
2017-01-25,3.7491,3.772,3.65,3.69,14586.003576410023
2017-01-26,3.69,3.8835,3.6662,3.8368,13854.41673003
2017-01-27,3.8349,3.8809,3.7752,3.8809,6845.681879220003
2017-01-28,3.8634,3.8999,3.8192,3.8558,5849.484376109997
2017-01-29,3.8757,3.89,3.8314,3.8351,7501.691341149999
2017-01-30,3.8632,4.08,3.8432,4.0715,55782.72330696002
2017-01-31,4.0416,4.181,4.0154,4.06,73665.44470690005
2017-02-01,4.0443,4.0823,4.0,4.0163,27898.95820321984
2017-02-02,4.0109,4.099,3.9801,4.085,30133.49326499999
2017-02-03,4.085,4.085,3.8701,4.0141,33521.62367418998
2017-02-04,4.0152,4.0587,3.94,4.012,19191.272372800016
2017-02-05,3.99,4.0068,3.895,3.9555,8005.793131329998
2017-02-06,3.9502,4.0084,3.9154,3.924,7317.8089906800005
2017-02-07,3.9486,4.02,3.9101,3.9578,19004.885352790006
2017-02-08,3.9932,4.01,3.8602,3.9208,12861.568334120107
2017-02-09,3.9312,3.9899,3.61,3.737,84590.45107913007
2017-02-10,3.737,3.8299,3.6494,3.8296,35274.44388847999
2017-02-11,3.8192,3.8299,3.7701,3.8153,4802.455700409993
2017-02-12,3.782,3.8085,3.7394,3.7394,8220.63840765
2017-02-13,3.7487,3.7767,3.701,3.7698,7573.551052229999
2017-02-14,3.7415,3.842,3.7215,3.83,10596.249151250002
2017-02-15,3.84,3.9173,3.8043,3.8933,20939.231274970007
2017-02-16,3.8645,3.94,3.8524,3.8831,14135.384468780001
2017-02-17,3.9016,3.9297,3.84,3.8961,15251.017903099993
2017-02-18,3.89,3.9295,3.8139,3.8139,21289.41418666001
2017-02-19,3.8432,3.8433,3.7528,3.8,25566.27478352
2017-02-20,3.7718,3.8569,3.7514,3.8086,31665.50825771969
2017-02-21,3.795,3.886,3.7835,3.8566,17322.98012845013
2017-02-22,3.8573,3.92,3.8272,3.9009,15416.199343819997
2017-02-23,3.8971,3.961,3.8608,3.9057,21197.5854990099
2017-02-24,3.9353,3.98,3.8087,3.9488,29591.029070429995
2017-02-25,3.951,3.9687,3.88,3.8801,8369.329487450008
2017-02-26,3.9102,3.9294,3.819,3.8747,22495.30212391001
2017-02-27,3.8761,3.9012,3.83,3.8728,13762.654948020043
2017-02-28,3.8899,3.8995,3.787,3.8061,12067.689512699973
2017-03-01,3.7806,3.9325,3.778,3.85,17491.075153249974
2017-03-02,3.8875,4.27,3.8169,4.0601,138680.78011709993
2017-03-03,4.0083,4.1386,4.0,4.1105,34656.042807789985
2017-03-04,4.0999,4.0999,3.9431,4.0,15712.834451630008
2017-03-05,3.98,4.0195,3.9529,4.0137,4126.46952619
2017-03-06,4.014,4.1004,3.9812,4.1003,18125.206914469996
2017-03-07,4.1002,4.101,3.9173,4.0069,24777.013892660005
2017-03-08,3.962,3.9898,3.8197,3.8878,19479.074531559985
2017-03-09,3.8678,3.9613,3.8359,3.8734,15740.634639360009
2017-03-10,3.9149,4.1,3.735,3.8109,147830.00009780997
2017-03-11,3.78,3.8875,3.7404,3.806,15497.848698239999
2017-03-12,3.79,3.9199,3.7794,3.868,23587.459713560012
2017-03-13,3.868,4.47,3.8152,4.3738,111223.36744002994
2017-03-14,4.37,4.3899,4.112,4.1707,51845.26281798
2017-03-15,4.1987,4.3798,4.112,4.3061,40443.02198392004
2017-03-16,4.3061,4.559,4.1712,4.2982,169038.03160622038
2017-03-17,4.3521,4.3522,4.015,4.1,107488.17233392985
2017-03-18,4.1,4.3,3.7794,4.0049,170091.49557243
2017-03-19,4.0049,4.115,3.886,3.9371,77181.36916760002
2017-03-20,3.9372,4.06,3.8409,4.0584,31185.95274174005
2017-03-21,4.0585,4.0776,3.9601,4.0173,70127.30040324992
2017-03-22,4.0173,4.0174,3.811,3.955,82914.34378203005
2017-03-23,3.96,4.0399,3.8979,4.0076,18255.189705150005
2017-03-24,4.017,4.34,3.9171,4.1403,211413.73176194064
2017-03-25,4.151,4.2099,3.97,4.0817,98222.06966441973
2017-03-26,4.0897,4.1499,4.0,4.0862,26832.890714790003
2017-03-27,4.065,4.188,4.0301,4.1263,53601.67200649001
2017-03-28,4.0724,4.2195,4.0634,4.1837,27096.419479729993
2017-03-29,4.1829,4.3762,4.135,4.306,78929.83032112003
2017-03-30,4.3186,7.9,4.2701,7.77,1536350.994971139
2017-03-31,7.78,7.84,6.001,7.13,740034.1704581679
2017-04-01,7.0914,7.75,6.5463,7.5874,430706.6796507432
2017-04-02,7.541,8.6374,7.13,8.333,784049.295497652
2017-04-03,8.333,9.4889,7.6013,8.6001,784091.9151204032
2017-04-04,8.6244,9.45,8.121,9.095,750663.7543068473
2017-04-05,9.0251,12.75,8.725,12.4,1541954.072183232
2017-04-06,12.4,12.6,10.21,10.85,1416274.3108544084
2017-04-07,10.848,11.3,9.54,10.014,684843.6918790834
2017-04-08,10.052,11.313,10.0,10.731,344580.8836282492
2017-04-09,10.798,10.99,9.0,9.35,623700.7168647855
2017-04-10,9.35,10.3,9.01,9.9251,361127.6905423574
2017-04-11,9.9251,10.405,9.5,9.7771,225477.38078781072
2017-04-12,9.7885,12.318,9.758,11.79,843090.6618991616
2017-04-13,11.79,11.885,10.694,11.234,268354.6203683523
2017-04-14,11.234,12.199,11.183,11.915,275633.86458598677
2017-04-15,11.916,12.38,11.243,11.848,304417.5172966311
2017-04-16,11.807,12.2,11.69,12.05,125466.36677048047
2017-04-17,12.015,12.87,11.51,11.66,644502.371415553
2017-04-18,11.671,11.972,10.98,11.52,398070.48794070503
2017-04-19,11.53,11.6,10.51,10.608,227140.6182166668
2017-04-20,10.607,11.99,10.521,11.595,192240.82659288542
2017-04-21,11.595,13.3,11.437,12.851,439025.4996265885
2017-04-22,12.851,15.49,12.68,15.411,779158.2907026758
2017-04-23,15.41,17.361,15.23,16.7,720057.7889945619
2017-04-24,16.615,16.7,15.31,16.2,337471.87115391536
2017-04-25,16.2,16.833,15.45,16.65,245366.02505862393
2017-04-26,16.609,17.283,15.927,16.242,418376.2500024708
2017-04-27,16.249,16.37,14.23,16.022,386297.13826217706
2017-04-28,16.013,16.069,15.104,15.5,167126.31262150104
2017-04-29,15.488,17.031,15.354,16.988,205203.53856108183
2017-04-30,16.985,17.509,16.551,16.84,198961.89531969055
2017-05-01,16.837,17.68,16.154,17.298,282923.47547962953
2017-05-02,17.3,17.65,16.499,17.2,123963.88721111843
2017-05-03,17.192,26.5,17.05,23.001,1030166.0238882903
2017-05-04,23.002,26.977,21.699,24.941,921009.4737611001
2017-05-05,24.848,28.729,24.0,26.238,676734.7206300908
2017-05-06,26.252,28.999,26.09,28.676,322111.5651714019
2017-05-07,28.659,32.832,28.445,30.696,493655.98333864857
2017-05-08,30.696,31.006,28.0,28.706,352862.24967435887
2017-05-09,28.706,34.7,23.704,34.0,845593.2953358592
2017-05-10,34.0,39.111,30.365,32.335,916349.9800068535
2017-05-11,32.263,34.9,28.33,31.0,343221.30839384365
2017-05-12,31.07,31.9,27.55,27.801,307595.19363094703
2017-05-13,27.742,29.409,25.99,29.399,265217.9646031334
2017-05-14,29.398,31.011,28.0,29.395,285897.32423686027
2017-05-15,29.399,29.44,25.479,25.791,281018.14225207985
2017-05-16,25.79,26.97,23.144,23.72,374325.10375697445
2017-05-17,23.72,26.98,21.01,26.011,407260.29311615095
2017-05-18,25.977,29.93,25.567,29.134,298189.9309063011
2017-05-19,29.134,29.385,26.39,27.373,274862.86406395107
2017-05-20,27.359,27.892,26.85,27.202,111533.72697137129
2017-05-21,27.202,28.763,25.258,25.61,219722.8804341913
2017-05-22,25.6,26.311,21.708,23.951,462142.97162852035
2017-05-23,23.998,30.885,23.274,30.692,478931.6144431876
2017-05-24,30.7,34.45,30.015,33.579,418519.1189139338
2017-05-25,33.487,33.99,26.06,27.211,486038.5903422352
2017-05-26,27.115,29.424,23.21,24.21,323261.79317890736
2017-05-27,24.15,25.3,17.6,22.1,497572.174410944
2017-05-28,22.127,24.979,20.6,22.817,255598.94319950495
2017-05-29,22.73,25.45,21.925,24.789,133879.07557129758
2017-05-30,24.781,26.0,23.1,23.671,185410.47423581133
2017-05-31,23.659,25.154,21.93,24.706,125610.32235947109
2017-06-01,24.719,28.6,23.91,26.5,258510.11474083792
2017-06-02,26.5,27.71,25.4,26.967,98194.19509075033
2017-06-03,26.968,27.155,25.81,26.422,52653.91019292998
2017-06-04,26.419,27.59,25.79,27.415,76390.91372903976
2017-06-05,27.415,30.84,27.31,29.999,213633.4856728915
2017-06-06,30.01,30.9,28.185,29.762,232707.52653904
2017-06-07,29.78,30.564,27.7,28.1,151359.08198357015
2017-06-08,28.069,30.398,27.435,29.847,135221.84010222086
2017-06-09,29.847,30.815,29.485,29.506,122546.72447864988
2017-06-10,29.493,29.965,28.6,28.72,75976.7357939092
2017-06-11,28.761,34.2,28.725,33.151,270148.20412014856
2017-06-12,33.151,33.427,21.5,27.991,386552.2853127655
2017-06-13,27.911,30.1,27.42,30.08,111990.89985596052
2017-06-14,30.087,31.017,26.586,28.266,208081.19314451807
2017-06-15,28.254,29.08,24.25,28.565,197369.05619171538
2017-06-16,28.557,33.413,27.23,33.248,229644.8681379496
2017-06-17,33.26,47.6,33.087,45.358,723904.6405814461
2017-06-18,45.459,45.49,39.5,43.112,386695.7868061852
2017-06-19,43.217,49.99,41.934,47.197,456566.4749508713
2017-06-20,47.2,48.427,43.1,45.77,206426.14813116888
2017-06-21,45.731,46.99,41.5,43.76,222678.44626848202
2017-06-22,43.576,47.539,42.094,45.85,135016.78583501148
2017-06-23,45.87,46.59,45.005,45.23,61669.97857889991
2017-06-24,45.232,45.615,40.6,41.31,150370.57864844034
2017-06-25,41.5,43.115,37.201,40.158,168739.62201062232
2017-06-26,40.215,40.94,34.1,37.78,347318.4102278172
2017-06-27,37.77,39.547,32.62,39.547,199409.94536790304
2017-06-28,39.561,42.465,37.16,41.192,154821.6102103083
2017-06-29,41.249,41.5,38.02,39.269,89260.06364794994
2017-06-30,39.124,40.76,38.301,38.83,66271.09312478006
2017-07-01,38.775,39.241,35.61,37.01,82228.22035884994
2017-07-02,37.016,41.25,35.7,40.394,107493.44732923759
2017-07-03,40.327,47.36,39.475,45.298,314563.6770595865
2017-07-04,45.3,55.0,45.185,54.59,430047.6250750742
2017-07-05,54.584,55.471,48.561,52.75,281556.3631221093
2017-07-06,52.75,52.764,49.235,50.831,130031.54591651035
2017-07-07,50.831,50.995,44.5,45.686,425634.868681112
2017-07-08,45.77,51.6,43.557,50.924,226562.1111754497
2017-07-09,51.0,52.153,47.885,48.2,181392.91300711132
2017-07-10,48.201,49.365,42.2,44.315,307178.26789568434
2017-07-11,44.315,46.0,40.0,43.435,313089.27553448215
2017-07-12,43.445,48.0,41.21,46.84,231403.14149678487
2017-07-13,46.839,47.39,43.76,45.165,131093.74892577
2017-07-14,45.166,45.664,39.61,42.35,229111.84343095
2017-07-15,42.35,42.5,37.701,38.38,247896.74042529
2017-07-16,38.409,41.864,36.0,40.934,295213.81968208
2017-07-17,40.935,43.1,39.635,42.129,247693.45608561
2017-07-18,42.096,44.9,40.638,43.469,245691.66344814
2017-07-19,43.33,44.25,39.5,40.0,152027.6787718
2017-07-20,40.0,46.2,40.0,44.85,215177.61995574
2017-07-21,44.85,47.965,44.1,45.45,194335.75737772
2017-07-22,45.45,47.6,45.135,47.01,99495.65560376
2017-07-23,47.034,47.21,43.62,45.107,122759.26248683
2017-07-24,45.045,45.715,44.06,45.1,60887.94826338
2017-07-25,45.122,45.48,40.185,42.081,252478.61032175
2017-07-26,42.128,42.83,40.101,42.102,125580.02342257
2017-07-27,42.08,42.415,40.542,41.774,96689.24430469
2017-07-28,41.751,42.153,39.509,40.439,127696.9094275
2017-07-29,40.399,41.375,38.37,41.052,96308.93858754
2017-07-30,41.017,42.0,39.568,40.001,79542.30843354
2017-07-31,40.0,43.5,38.111,42.107,193886.10591354
2017-08-01,42.073,44.381,40.195,43.12,218039.00480437
2017-08-02,43.123,43.282,41.438,41.812,118429.68792706
2017-08-03,41.812,42.99,41.576,42.579,78222.93056304
2017-08-04,42.578,43.746,42.283,43.018,87999.66218401
2017-08-05,43.018,47.232,42.976,46.255,222035.79604874
2017-08-06,46.255,47.19,45.0,45.486,115994.22561027
2017-08-07,45.485,46.79,45.174,46.0,94789.62348236
2017-08-08,46.003,49.75,45.56,49.0,214674.49280151
2017-08-09,49.0,50.247,46.711,47.56,185077.23357155
2017-08-10,47.613,48.657,46.485,46.5,73683.81001946
2017-08-11,46.492,47.4,45.999,46.964,105811.83426322
2017-08-12,46.929,47.642,45.75,45.879,125250.10774962
2017-08-13,45.997,47.75,43.84,45.276,177016.71812146
2017-08-14,45.262,46.29,44.852,45.497,92267.30464387
2017-08-15,45.496,45.576,41.311,42.97,198539.6279802
2017-08-16,42.98,44.899,41.96,43.911,114752.12963113
2017-08-17,43.91,44.909,42.91,43.618,104361.58031054
2017-08-18,43.68,47.911,43.011,46.52,218215.40917296
2017-08-19,46.521,46.64,42.7,44.976,129783.69815518
2017-08-20,44.904,47.314,43.844,45.685,88532.87293352
2017-08-21,45.7,48.865,45.035,47.971,177663.10116928
2017-08-22,47.971,48.024,44.496,46.25,167011.97671955
2017-08-23,46.266,55.0,45.513,53.0,538391.74163338
2017-08-24,53.008,53.984,49.535,49.663,346914.23344412
2017-08-25,49.669,52.274,49.259,50.915,152775.70606767
2017-08-26,50.951,52.109,49.821,51.529,118854.63541779
2017-08-27,51.529,64.289,51.5,60.5,648582.53011413
2017-08-28,60.463,65.0,58.1,62.14,374182.7833321
2017-08-29,62.161,63.939,60.51,63.534,203985.24333857
2017-08-30,63.54,66.202,61.35,65.448,225876.07430996
2017-08-31,65.448,74.27,64.765,72.691,482649.17710373
2017-09-01,72.626,89.95,71.145,87.134,1044576.401594
2017-09-02,87.221,93.716,71.569,78.494,1028418.82778776
2017-09-03,78.495,83.8,72.4,78.51,528635.57259639
2017-09-04,78.551,78.77,61.5,66.8,854283.73339363
2017-09-05,66.8,74.569,60.65,73.28,677847.76442597
2017-09-06,73.27,82.0,73.0,81.111,564919.03384252
2017-09-07,81.111,83.092,76.96,80.1,338168.53199417
2017-09-08,80.089,82.3,65.306,72.91,745873.17334383
2017-09-09,72.91,73.63,68.62,70.75,373782.87511841
2017-09-10,70.751,70.952,62.5,67.205,584783.41763636
2017-09-11,67.205,71.532,65.0,68.121,366880.81380706
2017-09-12,68.032,72.01,63.981,65.945,516663.8623951
2017-09-13,65.977,66.365,57.25,61.652,704564.86358141
2017-09-14,61.678,62.763,44.57,45.0,1333625.08493653
2017-09-15,45.0,55.39,32.454,51.821,2452307.58107024
2017-09-16,51.821,57.0,49.5,51.824,802525.98628833
2017-09-17,51.93,53.0,47.539,50.718,449212.86388014
2017-09-18,50.718,57.4,50.71,56.299,567463.37791592
2017-09-19,56.263,57.1,50.926,52.58,566370.20946336
2017-09-20,52.585,54.62,50.951,51.502,255922.05763246
2017-09-21,51.482,52.704,44.508,46.4,730500.90014114
2017-09-22,46.332,48.7,44.501,47.5,547511.6179848
2017-09-23,47.503,49.89,46.201,49.28,331542.95900741
2017-09-24,49.28,49.453,47.0,47.3,208091.62923137
2017-09-25,47.299,53.24,47.27,52.397,439990.39054907
2017-09-26,52.36,54.5,51.28,52.203,309406.29009561
2017-09-27,52.24,57.571,52.06,56.823,424789.73014709
2017-09-28,56.883,57.28,53.867,54.919,383684.17398799
2017-09-29,54.919,54.955,50.52,52.876,344114.06386405
2017-09-30,52.875,56.014,52.875,55.56,232197.2992258
2017-10-01,55.56,55.892,53.503,54.872,199036.31188957999
2017-10-02,54.876,55.222,52.8,53.261,186615.9663713
2017-10-03,53.347,53.571,51.111,52.083,154999.77028101
2017-10-04,52.147,53.0,50.5,51.235,198864.90444031
2017-10-05,51.201,51.948,50.12,51.665,174197.85413244
2017-10-06,51.643,52.8,51.35,52.056,115197.4402475
2017-10-07,52.068,53.05,51.5,52.571,126143.04448857
2017-10-08,52.61,54.825,52.309,53.31,223168.05644018
2017-10-09,53.31,53.49,47.942,50.068,314250.48789457
2017-10-10,50.087,51.789,49.651,50.698,228266.79341557
2017-10-11,50.693,51.163,50.186,50.804,145061.5769648
2017-10-12,50.788,60.557,50.67,60.5,715195.82379369
2017-10-13,60.5,60.84,54.599,59.306,696009.94387867
2017-10-14,59.306,66.5,58.18,63.939,655178.2192798
2017-10-15,63.91,70.364,61.76,65.86,839975.06039365
2017-10-16,65.861,66.499,62.0,64.782,364103.38684886
2017-10-17,64.803,65.0,58.0,59.187,340910.03002072
2017-10-18,59.202,61.99,52.87,60.499,622587.46049065
2017-10-19,60.499,61.5,58.136,59.55,358136.73805677
2017-10-20,59.609,62.988,58.111,59.98,350306.53532863
2017-10-21,59.994,60.379,55.351,58.014,280103.23731144
2017-10-22,58.124,58.577,54.752,56.422,174015.41775506
2017-10-23,56.348,56.348,51.174,54.533,422879.31993113
2017-10-24,54.562,59.0,51.9,55.635,385522.16227694
2017-10-25,55.61,56.311,53.33,56.039,200267.94505365
2017-10-26,56.057,56.899,54.0,55.5,141760.58032922
2017-10-27,55.481,56.001,54.635,54.958,103365.70453987
2017-10-28,55.006,55.75,53.008,54.01,95431.27728808
2017-10-29,54.013,57.9,53.62,56.838,210081.58377598
2017-10-30,56.834,58.973,55.63,56.18,208655.66143881
2017-10-31,56.13,56.8,55.5,55.552,126282.98510556
2017-11-01,55.501,55.59,52.511,52.849,208183.62032206
2017-11-02,52.728,55.053,49.022,53.989,418295.27421734
2017-11-03,53.99,56.0,53.036,55.83,262433.91923562
2017-11-04,55.797,56.1,54.238,54.636,139848.76558867
2017-11-05,54.636,55.464,54.321,54.441,157069.55911959
2017-11-06,54.398,55.88,53.351,54.375,221824.867121
2017-11-07,54.365,63.444,54.306,60.34,700081.07590369
2017-11-08,60.487,64.267,59.11,62.409,643860.95150693
2017-11-09,62.396,66.77,61.303,64.31,509122.19894251
2017-11-10,64.21,65.77,55.68,58.611,563299.31766449
2017-11-11,58.68,63.753,57.834,61.685,396730.80975397
2017-11-12,61.909,62.0,55.68,58.261,576365.09459044
2017-11-13,58.182,61.598,57.395,61.0,422374.62869953
2017-11-14,60.881,63.32,59.22,61.99,367658.5813813
2017-11-15,61.99,64.9,61.85,63.03,323555.64948548
2017-11-16,63.029,73.5,62.5,70.654,599841.12773852
2017-11-17,70.7,71.507,65.1,67.132,685001.58167237
2017-11-18,67.133,70.01,65.0,69.591,320071.35342494
2017-11-19,69.59,73.387,68.255,71.72,451224.66948549
2017-11-20,71.72,73.4,70.42,72.331,273207.4840793
2017-11-21,72.331,73.0,67.0,69.99,444179.0137256
2017-11-22,69.985,72.19,69.507,71.735,197287.62054259
2017-11-23,71.868,76.25,70.303,72.37,626856.48790853
2017-11-24,72.37,77.949,71.559,77.886,429810.97249157
2017-11-25,77.748,89.393,76.809,88.443,707422.48915554
2017-11-26,88.37,88.998,82.75,85.5,394566.72072839
2017-11-27,85.446,93.0,85.169,90.761,571465.54462569
2017-11-28,90.799,94.838,89.0,94.003,463301.64109033
2017-11-29,94.04,102.78,71.438,83.675,1261106.77620237
2017-11-30,83.69,91.13,74.0,85.769,687967.44828349
2017-12-01,85.576,99.899,80.889,97.841,721071.51407743
2017-12-02,97.828,104.14,96.411,98.83,483679.99069458
2017-12-03,98.755,106.32,93.267,99.865,431908.51457786
2017-12-04,99.988,103.79,93.741,103.42,305736.30237371
2017-12-05,103.42,103.66,99.0,99.487,309848.7943328
2017-12-06,99.488,102.4,92.0,96.513,455048.12019348
2017-12-07,96.441,97.92,84.4,93.56,411789.68717179
2017-12-08,93.502,129.0,88.93,120.9,1194805.93895903
2017-12-09,120.9,156.0,120.55,149.0,1588526.69014548
2017-12-10,148.95,154.0,122.45,144.6,834096.53062126
2017-12-11,144.58,226.8,143.2,210.11,1681430.70084589
2017-12-12,210.1,327.0,202.21,292.12,2117599.51338616
2017-12-13,292.12,350.0,268.35,295.35,1249810.89098821
2017-12-14,294.23,310.37,252.34,276.31,698756.59887631
2017-12-15,276.31,317.9,241.0,295.55,842432.94947756
2017-12-16,295.56,308.03,275.03,295.45,382944.97414491
2017-12-17,296.03,331.84,295.31,313.5,529903.49199081
2017-12-18,313.41,362.56,291.43,355.5,539161.26472843
2017-12-19,355.73,370.78,323.0,340.8,633101.07534473
2017-12-20,340.36,340.81,292.43,304.31,582040.11701988
2017-12-21,303.72,328.0,280.0,306.63,419555.96968734
2017-12-22,306.64,308.0,150.0,248.38,1077885.69539102
2017-12-23,248.38,293.22,239.77,269.0,384521.1228149
2017-12-24,269.03,270.41,223.4,261.99,333843.312923
2017-12-25,261.38,278.27,249.52,261.14,180548.22596949
2017-12-26,261.8,283.57,260.04,278.78,225871.50321845
2017-12-27,278.76,284.49,251.4,263.53,219800.80356839
2017-12-28,263.6,265.0,222.39,247.45,281510.16154758
2017-12-29,247.45,257.48,234.79,239.51,224105.70423587
2017-12-30,239.79,240.82,195.0,207.0,367622.0270933
2017-12-31,207.0,233.31,204.0,225.4,288911.59895311
2018-01-01,225.68,233.08,214.5,223.51,178614.04408434
2018-01-02,223.51,259.0,223.51,250.11,410552.52898626
2018-01-03,250.11,255.28,239.24,244.21,250503.91023375
2018-01-04,244.21,245.3,222.56,237.76,354192.05393657
2018-01-05,237.83,252.0,232.0,242.9,408258.7318393
2018-01-06,243.32,306.85,242.0,278.0,720258.67823383
2018-01-07,278.07,289.0,264.01,271.05,259353.28479866
2018-01-08,271.69,274.0,230.18,252.77,368664.35772236
2018-01-09,252.76,259.0,236.09,245.0,271744.20919958
2018-01-10,245.0,249.88,227.4,249.24,282123.97712189
2018-01-11,249.07,252.97,212.01,225.52,356801.90815891
2018-01-12,225.59,242.0,217.8,234.96,183587.06113902
2018-01-13,234.81,263.22,234.63,257.7,245380.25684614
2018-01-14,257.7,269.99,226.0,235.24,281967.33153664
2018-01-15,235.24,244.42,230.0,231.04,163904.38762579
2018-01-16,231.06,231.61,148.14,181.8,722431.29291489
2018-01-17,181.8,195.33,137.32,186.71,636909.30848499
2018-01-18,186.73,204.82,171.94,187.66,403237.88846159
2018-01-19,187.5,200.54,180.51,191.68,232289.20908729
2018-01-20,191.87,214.55,191.67,209.85,168909.81610608
2018-01-21,210.06,210.2,182.1,189.96,153614.31863175
2018-01-22,189.96,195.01,165.0,179.54,218842.61302536
2018-01-23,179.54,186.5,164.02,177.64,204329.58150175
2018-01-24,177.83,185.17,171.73,180.36,137707.86018026
2018-01-25,180.35,185.0,174.84,178.8,105869.74877138
2018-01-26,179.12,182.8,164.49,175.37,120329.95938925
2018-01-27,175.38,185.89,173.43,181.49,130289.706792
2018-01-28,181.5,197.28,181.03,196.08,115960.57029677
2018-01-29,196.09,196.55,178.19,181.51,108411.60481159
2018-01-30,181.51,181.99,160.29,167.35,211995.78420431
2018-01-31,167.35,167.92,157.08,164.5,145633.89865307
2018-02-01,164.29,167.58,133.0,143.2,260483.41881308
2018-02-02,143.05,143.59,107.08,132.0,524508.76034369
2018-02-03,131.75,166.4,120.16,161.35,381790.85736184
2018-02-04,161.5,174.3,136.14,147.47,754855.72907388
2018-02-05,147.91,154.46,117.35,125.32,733686.78473135
2018-02-06,125.61,146.81,106.52,141.81,870743.1244723
2018-02-07,141.93,157.2,130.5,137.93,464212.56277189
2018-02-08,137.81,151.63,137.0,149.86,279944.88539929
2018-02-09,149.66,164.96,141.41,163.61,292120.29602411
2018-02-10,163.66,169.3,146.85,154.82,328255.29637834
2018-02-11,154.9,156.0,141.28,148.92,190512.94473955
2018-02-12,148.81,164.17,148.81,161.39,198201.91361054
2018-02-13,161.32,162.56,152.04,159.28,110078.66873427
2018-02-14,159.4,216.89,159.4,211.97,923489.6592539
2018-02-15,211.96,236.3,207.0,220.47,724628.76682232
2018-02-16,220.46,235.0,209.0,228.5,468735.15309166
2018-02-17,228.48,232.88,222.96,228.9,203888.65984721
2018-02-18,228.87,231.54,211.0,213.18,349352.18473189
2018-02-19,213.49,227.4,212.85,221.63,235344.01226078
2018-02-20,221.6,252.86,221.0,228.98,638492.54815385
2018-02-21,228.85,231.32,203.29,210.07,496173.53126893
2018-02-22,210.07,221.0,187.98,192.26,456692.86417544
2018-02-23,192.37,215.62,181.86,206.21,401663.72204016
2018-02-24,206.21,218.43,193.88,206.33,328135.00872741
2018-02-25,206.17,222.95,199.22,218.13,327361.62732241
2018-02-26,218.2,232.79,214.11,218.36,424681.42355067
2018-02-27,218.35,223.65,211.24,214.96,217235.82301113
2018-02-28,215.09,223.51,201.35,202.02,230005.54599458
2018-03-01,202.02,215.65,200.19,209.26,145543.69052804
2018-03-02,209.4,214.11,203.59,213.32,117891.2641447
2018-03-03,213.3,218.98,208.67,209.92,171408.95604436
2018-03-04,209.92,215.22,203.69,213.47,98356.4353725
2018-03-05,213.47,216.99,208.74,210.0,108316.42048831
2018-03-06,210.02,210.03,191.7,196.13,178926.76456701
2018-03-07,196.22,199.38,173.12,185.17,303323.42121178
2018-03-08,185.59,187.71,172.98,175.48,187618.86741224
2018-03-09,175.47,189.99,158.72,186.04,477762.08483416
2018-03-10,186.05,194.73,174.39,176.5,253004.14270671
2018-03-11,176.48,193.49,170.3,188.18,251310.5228429
2018-03-12,188.12,193.33,174.05,177.42,218277.82087227
2018-03-13,177.46,182.46,170.36,175.05,201292.63783192
2018-03-14,175.16,178.11,157.35,160.11,220227.65171995
2018-03-15,160.11,168.0,149.77,164.08,292882.06121508
2018-03-16,164.09,172.0,158.0,163.84,174436.81274316
2018-03-17,164.11,165.58,150.02,152.2,144364.12254209
2018-03-18,152.13,157.67,137.13,153.53,338402.05869781
2018-03-19,153.61,163.67,151.14,161.49,236366.91118617
2018-03-20,161.59,173.7,154.68,168.73,178490.12158529
2018-03-21,168.73,175.24,165.45,168.53,141414.2680709
2018-03-22,168.53,172.68,159.66,163.77,162069.90757498
2018-03-23,163.74,169.19,156.5,168.76,138023.73926419
2018-03-24,168.76,170.0,158.0,158.95,119034.44561736
2018-03-25,158.89,162.9,156.87,159.95,89990.91184882
2018-03-26,160.0,161.0,141.95,148.09,274457.92881787
2018-03-27,148.09,149.34,134.76,134.87,220836.30130394
2018-03-28,134.81,140.12,130.03,131.53,171172.73527443
2018-03-29,131.36,132.33,112.69,114.58,381705.09456507
2018-03-30,114.52,126.2,109.43,118.28,338654.47691543
2018-03-31,118.32,124.37,115.42,116.0,171583.19358114
2018-04-01,115.96,118.21,109.35,114.9,181081.79875555
2018-04-02,114.99,121.55,113.83,119.17,147733.40483491
2018-04-03,118.99,136.62,118.1,134.09,197905.042824
2018-04-04,133.99,134.61,114.75,118.18,329437.45779938
2018-04-05,118.17,122.5,113.58,118.45,167510.74353223
2018-04-06,118.48,120.24,111.7,112.85,136548.13844953
2018-04-07,112.85,120.0,112.12,115.92,145026.5312816
2018-04-08,115.95,118.74,115.18,117.6,104342.86635532
2018-04-09,117.73,123.41,112.5,114.79,174234.56493649
2018-04-10,114.87,115.22,111.3,114.19,84811.46317028
2018-04-11,114.24,120.66,112.89,118.35,131609.70451662
2018-04-12,118.36,130.97,113.11,129.54,401971.95461759
2018-04-13,129.62,133.91,124.01,125.54,301487.9271731
2018-04-14,125.55,129.76,124.3,126.36,98141.88313248
2018-04-15,126.45,133.06,126.01,132.66,119891.61216831
2018-04-16,132.67,133.47,125.0,128.83,120874.73845823
2018-04-17,128.86,140.49,128.57,132.2,292043.7179475
2018-04-18,132.2,141.59,132.2,140.26,160805.90545494
2018-04-19,140.35,147.66,138.49,146.61,198041.31629453
2018-04-20,146.66,156.88,143.39,155.73,170220.09800026
2018-04-21,155.75,157.09,140.74,148.5,221642.51102243
2018-04-22,148.44,153.29,144.07,146.51,113739.70677698
2018-04-23,146.49,154.45,146.14,152.68,138566.40289279
2018-04-24,152.54,166.3,152.43,164.57,274876.74023146
2018-04-25,164.48,164.95,142.3,144.98,315464.75416671
2018-04-26,144.93,154.69,141.75,153.12,159095.70557373
2018-04-27,153.12,153.79,145.09,145.68,168407.97107861
2018-04-28,145.65,153.8,145.0,151.99,110028.30963862
2018-04-29,151.99,156.8,147.73,153.46,113786.63066987
2018-04-30,153.68,154.73,146.67,148.07,85208.85944663
2018-05-01,148.22,149.0,142.9,148.03,133122.05121116
2018-05-02,148.04,153.9,146.04,151.73,90350.81861451
2018-05-03,151.73,165.0,150.19,161.55,227738.57687291
2018-05-04,161.59,172.01,157.5,169.33,207387.54927854
2018-05-05,169.39,183.98,168.28,178.81,239263.7053469
2018-05-06,178.82,184.7,165.33,172.3,224891.04757746
2018-05-07,172.21,172.67,157.55,164.3,196620.64278585
2018-05-08,164.21,168.31,157.02,159.07,128368.99560304
2018-05-09,158.88,160.1,150.66,156.7,128053.64014769
2018-05-10,156.79,160.97,147.3,148.14,104664.71134279
2018-05-11,148.13,148.32,132.56,136.41,253736.6812634
2018-05-12,136.5,144.36,130.9,141.44,163637.4548156
2018-05-13,141.63,146.78,136.28,144.24,115513.92134607
2018-05-14,144.24,153.01,134.13,147.42,310762.12319376
2018-05-15,147.31,149.74,137.37,139.25,141443.55107928
2018-05-16,139.38,141.16,133.92,139.17,84307.83898207
2018-05-17,139.32,141.43,130.89,132.43,79369.45467491
2018-05-18,132.36,137.98,128.77,136.08,91847.08379412
2018-05-19,136.07,137.84,132.71,135.14,45294.48466585
2018-05-20,135.17,140.99,132.62,139.75,59675.85538371
2018-05-21,139.75,140.32,133.71,134.12,54722.61240245
2018-05-22,134.13,136.0,127.39,127.9,57134.20737477
2018-05-23,128.05,129.29,116.0,118.32,136161.84259431
2018-05-24,118.31,124.45,114.28,122.68,119480.43009935001
2018-05-25,122.65,124.27,116.61,119.04,77915.79600214
2018-05-26,118.98,122.49,117.18,118.38,44198.42349509
2018-05-27,118.33,119.0,116.3,117.84,52505.60515792
2018-05-28,117.97,119.17,110.0,110.9,101363.3463909
2018-05-29,110.9,122.93,109.39,119.52,140427.56431799
2018-05-30,119.47,123.0,114.42,117.16,97346.19416884
2018-05-31,117.16,121.0,116.27,118.31,90763.52682364
2018-06-01,118.12,120.68,116.56,120.4,82630.58169584
2018-06-02,120.41,124.73,118.59,123.69,108975.50852167
2018-06-03,123.7,129.87,122.0,125.42,132444.19705179
2018-06-04,125.42,126.93,118.11,119.89,68628.97140671
2018-06-05,119.86,123.03,115.74,122.39,70739.8255031
2018-06-06,122.39,122.94,118.2,121.55,72707.67394997
2018-06-07,121.62,123.97,119.29,121.65,90614.75682677
2018-06-08,121.64,122.17,117.97,119.97,51663.18797775
2018-06-09,120.01,121.21,116.6,117.31,32401.1801513
2018-06-10,117.31,117.31,102.7,106.4,329087.613617
2018-06-11,106.34,108.49,102.46,106.89,165837.09189687
2018-06-12,106.9,108.24,97.044,99.823,206753.05008218
2018-06-13,99.825,100.33,89.147,93.52,253128.97103857
2018-06-14,93.392,102.86,92.474,100.81,156277.8582977
2018-06-15,100.81,100.85,94.628,95.502,120300.74877058
2018-06-16,95.49,97.58,92.613,96.64,103363.54151018
2018-06-17,96.68,98.466,94.504,94.874,75128.37114418
2018-06-18,94.899,100.15,92.94,98.839,136481.07568343
2018-06-19,98.848,101.64,96.892,98.755,100582.54112909
2018-06-20,98.755,99.059,95.182,97.844,61251.03099534
2018-06-21,97.881,99.33,95.87,96.71,59405.56246941
2018-06-22,96.724,96.885,79.932,84.897,285742.91983922
2018-06-23,84.897,86.769,81.299,82.664,121140.9162963
2018-06-24,82.696,83.727,73.294,80.595,248410.40238042
2018-06-25,80.688,84.519,78.55,81.49,138170.68917801
2018-06-26,81.551,82.531,75.3,75.791,106111.69458602
2018-06-27,75.751,81.8,74.881,80.695,117098.96501327
2018-06-28,80.74,81.366,73.919,74.031,123671.63053718
2018-06-29,74.077,81.26,72.503,79.151,212953.13332917
2018-06-30,79.145,84.347,79.07,81.205,199603.29975741
2018-07-01,81.205,81.58,77.676,79.908,99360.80851708
2018-07-02,79.848,86.76,78.189,85.571,136342.70183784
2018-07-03,85.58,89.85,84.01,85.02,142997.63456967
2018-07-04,85.092,89.494,83.39,85.424,108868.70570269
2018-07-05,85.424,87.184,81.72,83.317,165811.91031996
2018-07-06,83.319,84.267,80.725,83.116,93221.4127753
2018-07-07,83.123,86.0,79.397,85.024,113975.68786263
2018-07-08,85.023,86.0,81.775,82.181,104462.60109057
2018-07-09,82.18,83.18,79.963,80.45,94474.94496467
2018-07-10,80.53,80.561,74.28,75.839,191843.04529216
2018-07-11,75.838,81.0,75.42,78.181,172340.22227251
2018-07-12,78.18,78.24,74.286,76.999,121842.10373806
2018-07-13,76.999,78.66,75.049,76.476,127450.44533579
2018-07-14,76.498,77.45,75.39,76.182,60890.09013067
2018-07-15,76.16,79.53,75.006,78.666,78952.47227416
2018-07-16,78.667,84.24,77.7,83.659,177365.50656957
2018-07-17,83.444,90.19,81.4,89.068,160529.55067695
2018-07-18,89.019,94.444,85.1,86.322,207602.05018523
2018-07-19,86.201,88.901,85.0,86.134,98328.7958588
2018-07-20,86.097,86.605,80.986,81.888,113896.77274418
2018-07-21,81.889,84.824,79.47,83.443,56755.12037754
2018-07-22,83.431,84.231,81.636,82.219,63004.98380965
2018-07-23,82.219,85.91,81.177,81.367,114710.86151235
2018-07-24,81.367,89.77,80.813,89.408,183794.12444326
2018-07-25,89.18,90.574,84.83,86.399,78371.30926914
2018-07-26,86.48,87.909,82.877,83.603,72404.7813055
2018-07-27,83.513,85.0,81.507,84.418,82542.10721352
2018-07-28,84.417,84.728,82.344,84.187,32569.87315531
2018-07-29,84.17,85.52,83.379,84.076,37834.33691439
2018-07-30,83.993,84.803,79.742,82.168,88371.32790642
2018-07-31,82.196,82.451,76.019,78.776,111742.21941286
2018-08-01,78.971,79.02,75.911,77.644,93763.2853202
2018-08-02,77.644,78.429,75.48,76.133,43822.26893784
2018-08-03,76.133,77.86,74.864,77.562,57469.54319372
2018-08-04,77.597,78.145,72.1,73.002,65844.75180323
2018-08-05,73.055,74.673,72.188,74.639,51395.88969786
2018-08-06,74.638,76.789,72.382,73.565,46964.86129028
2018-08-07,73.565,75.15,66.708,67.281,156864.68313237
2018-08-08,67.281,67.481,60.863,62.144,187747.66541388
2018-08-09,62.216,65.087,59.987,62.902,125467.8859491
2018-08-10,62.9,63.109,57.934,59.128,117966.86049731
2018-08-11,59.129,59.949,54.825,57.666,185004.57250756
2018-08-12,57.737,61.602,57.107,59.289,112077.90116727
2018-08-13,59.282,60.547,55.629,56.48,87827.47001223
2018-08-14,56.446,56.446,49.144,54.34,211669.16627064
2018-08-15,54.336,59.422,53.86,54.357,229161.00971672
2018-08-16,54.328,57.628,54.026,55.3,90242.147044
2018-08-17,55.299,61.92,55.065,61.812,146396.98660692
2018-08-18,61.812,62.368,55.151,57.125,139217.26109245
2018-08-19,57.126,59.032,56.194,57.776,78001.20324633
2018-08-20,57.789,58.543,53.106,53.396,176798.99795887
2018-08-21,53.321,56.88,53.251,56.422,88085.67925651
2018-08-22,56.433,59.773,53.871,55.163,183034.85140163
2018-08-23,55.155,57.971,54.687,57.271,77821.92660946
2018-08-24,57.311,58.384,55.487,57.898,58358.47033253
2018-08-25,57.876,58.516,57.07,57.872,46496.26315156
2018-08-26,57.905,58.106,55.845,57.071,39943.2643994
2018-08-27,57.071,61.234,56.616,60.722,98095.84228298
2018-08-28,60.724,63.897,59.7,63.148,124148.72704398
2018-08-29,63.17,63.413,60.327,61.527,71675.02393502
2018-08-30,61.526,61.667,58.566,60.25,70870.64303453
2018-08-31,60.25,62.71,59.565,62.133,62937.71872578
2018-09-01,62.134,67.91,62.134,66.499,141055.1438928
2018-09-02,66.48,67.302,64.16,66.249,65261.33564328
2018-09-03,66.266,66.585,64.286,65.409,63924.82011879
2018-09-04,65.409,69.374,65.378,67.6,138726.00494667
2018-09-05,67.578,68.371,57.605,57.763,249746.46584821
2018-09-06,57.747,57.911,53.914,57.544,257208.01673857
2018-09-07,57.554,58.542,55.043,55.518,94602.11256861
2018-09-08,55.504,57.222,51.823,53.05,127036.92289212
2018-09-09,53.04,56.776,52.125,54.728,137919.82429948
2018-09-10,54.776,56.621,53.075,54.392,130411.96649598
2018-09-11,54.444,54.763,49.897,52.061,158444.33290989
2018-09-12,51.992,52.176,47.22,51.646,173672.90731552
2018-09-13,51.646,55.336,51.644,54.398,162167.00255945
2018-09-14,54.528,59.0,52.873,56.18,197532.97059234
2018-09-15,56.254,58.818,55.608,56.339,108832.2059529
2018-09-16,56.339,57.525,54.4,56.791,98475.46401652
2018-09-17,56.746,57.941,51.277,52.094,166783.14661084
2018-09-18,52.053,55.569,50.428,54.0,153266.57435497
2018-09-19,54.018,55.165,51.617,54.374,166796.91711922
2018-09-20,54.33,57.438,53.417,56.65,96409.57598804
2018-09-21,56.64,62.917,56.346,60.894,233556.76822481
2018-09-22,60.853,61.959,58.038,60.681,175260.20879908
2018-09-23,60.68,63.803,59.979,61.416,155257.73834996
2018-09-24,61.412,61.494,57.009,57.96,186342.31485828
2018-09-25,57.969,58.13,54.337,57.478,214573.09336439
2018-09-26,57.581,59.864,56.436,57.252,144333.2261375
2018-09-27,57.272,65.816,56.679,63.33,377470.83202348
2018-09-28,63.331,64.981,60.177,61.945,219222.96489064
2018-09-29,61.863,62.339,58.897,61.642,114587.35870278
2018-09-30,61.642,63.362,59.858,61.221,182428.85979740001
2018-10-01,61.241,62.089,59.249,60.39,93129.31544449
2018-10-02,60.478,61.855,58.933,59.497,98486.13493312
2018-10-03,59.455,59.58,56.397,57.569,109685.53472231
2018-10-04,57.597,59.42,57.393,58.296,86967.23661874
2018-10-05,58.359,59.947,57.619,59.027,81959.44762453
2018-10-06,59.027,59.206,56.897,57.923,73559.29485633
2018-10-07,57.922,58.674,56.944,58.304,59615.26638702
2018-10-08,58.332,60.256,57.706,59.665,109410.82441514
2018-10-09,59.665,59.83,58.49,59.059,42649.46188897
2018-10-10,59.058,59.097,57.328,58.482,52450.05615589
2018-10-11,58.483,58.53,50.455,51.269,191852.01965606
2018-10-12,51.36,54.188,50.891,53.721,104135.02419557
2018-10-13,53.72,54.923,53.365,54.091,56524.94530997
2018-10-14,54.05,54.404,52.139,52.58,66879.07902459
2018-10-15,52.567,62.135,52.135,56.081,281843.09151049
2018-10-16,56.069,57.111,54.864,55.585,50809.42201998
2018-10-17,55.554,55.675,54.399,55.38,52998.16357761
2018-10-18,55.305,55.851,52.855,53.499,47078.13374063
2018-10-19,53.498,54.762,53.206,53.709,37457.8133863
2018-10-20,53.709,54.589,53.296,54.25,23785.22514444
2018-10-21,54.302,54.982,53.39,53.626,29956.35579754
2018-10-22,53.602,54.214,52.8,53.072,34366.91193459
2018-10-23,53.071,54.0,52.56,53.315,47696.87466621
2018-10-24,53.313,53.929,52.979,53.024,30055.98079136
2018-10-25,53.048,53.308,52.599,52.869,25025.25204533
2018-10-26,52.868,53.59,52.248,52.651,61175.17688369
2018-10-27,52.651,52.883,52.0,52.303,29047.71694212
2018-10-28,52.259,52.568,51.6,52.047,35921.36291748
2018-10-29,52.065,52.228,48.0,49.134,99267.2560875
2018-10-30,49.162,49.959,48.971,49.329,31346.63652243
2018-10-31,49.321,50.7,48.0,49.957,71054.41362663
2018-11-01,49.96,50.827,49.81,50.617,36730.06493656
2018-11-02,50.659,52.234,50.617,51.745,64641.68571904
2018-11-03,51.745,51.791,50.72,51.079,29400.77983138
2018-11-04,51.113,56.363,50.848,54.668,121438.71237154
2018-11-05,54.658,55.119,53.141,53.967,64893.04587167
2018-11-06,53.936,56.655,53.914,56.433,72188.79201826
2018-11-07,56.485,56.953,53.615,54.489,78799.17331343
2018-11-08,54.469,55.04,52.483,52.734,51375.5083172
2018-11-09,52.734,53.131,51.643,52.292,43503.01157056
2018-11-10,52.293,53.031,52.007,52.518,23313.88632241
2018-11-11,52.518,52.573,49.935,51.457,65191.55726896
2018-11-12,51.45,52.046,50.545,51.283,40788.89750244
2018-11-13,51.25,51.67,49.636,50.433,57913.31796277
2018-11-14,50.432,51.433,41.926,45.001,276932.35304799
2018-11-15,45.068,45.554,41.001,44.693,293894.38964067
2018-11-16,44.701,44.898,42.37,43.0,94987.27085037
2018-11-17,42.912,42.964,42.0,42.477,31882.68697555
2018-11-18,42.506,43.814,42.21,42.568,42570.16455441
2018-11-19,42.568,42.59,36.0,37.149,337362.65976958
2018-11-20,37.171,38.9,31.535,33.837,548139.46770948
2018-11-21,33.836,35.316,32.182,35.156,239795.29100794
2018-11-22,35.114,35.613,31.809,32.086,113403.16664009
2018-11-23,32.052,33.841,31.058,32.733,157577.60486514
2018-11-24,32.759,34.156,29.048,29.73,219785.60262433
2018-11-25,29.729,32.876,27.726,31.548,381763.55162057
2018-11-26,31.483,32.839,28.589,30.222,309193.68660686
2018-11-27,30.181,32.287,29.122,31.636,187886.68925905
2018-11-28,31.65,36.85,31.446,35.1,274407.60628393
2018-11-29,35.126,36.006,33.351,34.071,155816.01544787
2018-11-30,34.116,34.666,31.209,32.201,152518.33016948
2018-12-01,32.167,35.478,31.5,34.622,151374.68248591
2018-12-02,34.622,35.772,33.251,33.999,115745.74316746
2018-12-03,34.008,34.129,30.1,31.06,180305.50148356
2018-12-04,31.06,32.57,29.954,31.281,146813.42044958
2018-12-05,31.281,31.567,29.2,29.249,148441.59988672
2018-12-06,29.304,30.679,26.269,26.904,304649.38656049
2018-12-07,26.975,27.013,22.54,25.438,438915.2325983
2018-12-08,25.349,27.901,23.349,24.94,376762.27810573
2018-12-09,24.94,27.602,24.87,26.044,191001.55910004
2018-12-10,26.057,26.469,24.264,24.779,180628.53778255
2018-12-11,24.743,25.25,23.289,23.774,122343.35247417
2018-12-12,23.779,25.896,23.575,24.767,201511.49190693
2018-12-13,24.774,24.879,23.27,23.471,156339.84668768
2018-12-14,23.469,24.109,22.844,23.767,163654.93853028
2018-12-15,23.748,24.6,23.427,24.13,138979.22167167
2018-12-16,24.082,27.581,24.075,26.118,425453.82386981
2018-12-17,26.118,31.431,25.991,29.88,539994.01461302
2018-12-18,29.85,31.149,28.639,30.968,245338.51677291
2018-12-19,30.968,33.034,29.628,29.945,346054.82428075
2018-12-20,29.923,34.259,29.696,33.543,404222.8518001
2018-12-21,33.5,34.2,30.643,31.305,232273.89029174
2018-12-22,31.353,32.9,30.728,32.823,138047.18886383
2018-12-23,32.795,34.998,32.663,34.124,214038.93479096
2018-12-24,34.16,37.687,33.33,33.876,300970.94319222
2018-12-25,33.789,33.919,30.676,31.917,198834.71929786
2018-12-26,31.899,33.057,29.749,31.531,177495.39751123
2018-12-27,31.487,32.207,28.22,28.688,157047.81000691
2018-12-28,28.739,34.95,28.641,33.466,235421.81375378
2018-12-29,33.417,34.671,31.454,31.9,170640.75104388
2018-12-30,31.816,33.176,31.3,32.872,125770.91965605
2018-12-31,32.822,32.937,30.557,30.961,89957.9122595
2019-01-01,30.995,33.339,30.73,32.94,103297.47556515
2019-01-02,32.94,35.0,32.589,34.289,103893.77645586
2019-01-03,34.34,34.427,32.0,32.75,91083.49767647
2019-01-04,32.748,33.888,32.0,33.135,99678.26773696
2019-01-05,33.137,37.452,33.136,35.61,304936.37342765
2019-01-06,35.614,41.4,35.221,40.079,548154.1727951
2019-01-07,40.079,40.972,38.222,38.651,154400.30802789
2019-01-08,38.651,42.229,38.482,40.159,309247.71724111
2019-01-09,40.155,41.3,39.1,39.329,182812.84992
2019-01-10,39.329,40.109,32.732,34.016,362607.33278562
2019-01-11,33.98,34.398,31.642,32.473,171742.34853621
2019-01-12,32.538,33.118,32.157,32.685,74870.79995452
2019-01-13,32.684,33.852,30.189,30.51,147335.21578932
2019-01-14,30.539,33.7,30.411,32.8,147820.62617632
2019-01-15,32.797,33.342,30.925,31.639,137847.97940963
2019-01-16,31.604,32.724,31.304,31.98,81369.49090874
2019-01-17,32.022,32.408,30.519,32.326,134542.5176977
2019-01-18,32.359,32.405,30.902,31.453,67650.3194963
2019-01-19,31.487,34.25,31.487,32.889,158560.68545337
2019-01-20,32.863,33.839,30.604,30.98,163152.33104513
2019-01-21,30.993,31.634,30.771,31.298,84041.791545
2019-01-22,31.297,32.663,29.768,32.061,230890.43894868
2019-01-23,32.06,32.85,31.801,32.304,91490.31511867
2019-01-24,32.31,33.85,31.46,33.244,145120.16243882
2019-01-25,33.244,33.684,32.406,33.246,101905.97741991
2019-01-26,33.238,34.725,33.127,33.4,132871.93883894
2019-01-27,33.401,33.753,31.701,32.603,157703.13635182
2019-01-28,32.611,32.945,30.383,31.509,168604.80306757
2019-01-29,31.514,31.84,30.532,31.423,85994.3778752
2019-01-30,31.422,32.619,31.081,32.333,90061.26163265
2019-01-31,32.343,33.085,31.694,32.038,77311.03163552
2019-02-01,32.049,34.198,31.266,33.34,206247.70802372
2019-02-02,33.34,35.566,33.18,35.129,159019.86726286
2019-02-03,35.151,35.475,33.255,33.835,190886.4076574
2019-02-04,33.825,34.871,33.78,34.39,102897.40612408001
2019-02-05,34.387,34.867,33.988,34.757,80595.99455991
2019-02-06,34.757,35.007,32.66,33.27,163012.053803
2019-02-07,33.227,34.002,33.224,33.648,71834.00844198
2019-02-08,33.584,48.9,33.273,43.811,904650.61299681
2019-02-09,43.803,46.499,42.978,45.342,302711.89579984
2019-02-10,45.338,48.1,42.841,47.602,347033.33507226
2019-02-11,47.602,47.651,42.394,43.511,333534.28356904
2019-02-12,43.511,45.632,42.5,44.719,223163.72113703
2019-02-13,44.699,45.568,41.223,42.325,231388.95392002
2019-02-14,42.252,43.066,41.022,42.015,145854.93874004
2019-02-15,42.02,45.49,41.897,43.335,239104.91077768
2019-02-16,43.346,45.14,42.88,44.096,190595.12362642
2019-02-17,44.092,46.333,43.225,44.801,215729.39712719
2019-02-18,44.723,50.352,44.357,48.828,393520.95124006
2019-02-19,48.879,50.386,47.496,48.112,214929.90776943
2019-02-20,48.106,53.792,47.222,52.56,353236.34240934
2019-02-21,52.614,52.8,48.701,49.777,222848.29840013
2019-02-22,49.78,50.99,48.843,50.44,161712.65744736
2019-02-23,50.44,53.43,48.96,52.595,222447.24709345
2019-02-24,52.596,54.8,43.3,44.759,478101.01209691
2019-02-25,44.641,47.86,44.529,46.487,196338.4990951
2019-02-26,46.522,46.999,45.171,45.879,93480.50822934
2019-02-27,45.851,46.709,43.535,46.127,151979.29577798
2019-02-28,46.15,47.881,45.727,46.62,165466.41394414
2019-03-01,46.621,49.983,46.58,48.153,176810.68332755
2019-03-02,48.151,50.389,47.57,49.57,154056.54273254
2019-03-03,49.644,50.126,48.2,48.881,115752.6106949
2019-03-04,48.902,49.205,45.751,46.823,167871.59035285
2019-03-05,46.879,55.615,46.441,53.842,433626.09692302
2019-03-06,53.839,58.06,52.4,56.6,361797.06864231
2019-03-07,56.599,60.676,54.997,58.0,528419.10431722
2019-03-08,58.024,58.79,55.249,56.703,311076.03592654
2019-03-09,56.658,60.853,56.474,59.003,282127.47904732
2019-03-10,58.916,59.16,56.96,57.805,167884.06444203
2019-03-11,57.811,58.476,55.0,55.968,241643.50446779
2019-03-12,55.968,58.06,53.436,57.645,324928.08612201
2019-03-13,57.672,57.88,55.572,56.409,173715.52713675
2019-03-14,56.379,59.5,54.093,57.021,239104.6225336
2019-03-15,57.038,60.497,57.013,59.635,218989.93241661
2019-03-16,59.688,63.688,59.601,62.4,256633.6704901
2019-03-17,62.458,62.639,61.042,61.844,108148.30859516
2019-03-18,61.812,64.2,59.2,60.366,233393.34779503
2019-03-19,60.349,61.509,59.672,60.773,243202.06697643
2019-03-20,60.835,62.179,58.188,61.549,225759.7133394
2019-03-21,61.6,61.9,58.219,59.361,186602.25426865
2019-03-22,59.454,60.628,59.046,60.064,141607.89391479
2019-03-23,60.074,62.517,59.859,61.77,125634.42807216
2019-03-24,61.809,61.81,59.75,60.565,82467.79706192
2019-03-25,60.577,61.35,58.9,59.604,180373.37127705
2019-03-26,59.599,59.898,58.031,59.597,154332.11979031
2019-03-27,59.598,62.77,59.439,62.377,197827.03028176
2019-03-28,62.325,62.325,61.227,61.539,62349.24423636
2019-03-29,61.539,63.012,61.055,62.584,115659.83697399
2019-03-30,62.569,62.836,60.612,61.439,79425.44877542
2019-03-31,61.454,61.76,60.88,61.487,41259.65056894
2019-04-01,61.486,61.918,60.8,61.226,66384.68219517
2019-04-02,61.225,79.667,60.957,77.767,683386.66380028
2019-04-03,77.775,99.43,77.528,85.4,1153636.88270302
2019-04-04,85.399,90.572,81.382,85.58,389530.40092627
2019-04-05,85.462,91.374,85.042,89.407,157730.63050738
2019-04-06,89.498,98.8,86.258,92.94,402326.0404362
2019-04-07,92.957,96.632,89.801,92.744,162241.64085023
2019-04-08,92.794,94.754,87.02,89.785,181637.77006363
2019-04-09,89.802,90.435,84.4,87.237,152378.23309795
2019-04-10,87.322,92.48,85.965,88.232,178214.87086005
2019-04-11,88.224,88.474,75.536,79.659,355074.65035363
2019-04-12,79.615,81.817,75.85,79.497,123698.46371713
2019-04-13,79.367,82.0,76.633,78.451,110891.57558894
2019-04-14,78.489,84.645,76.633,84.271,144929.61847435
2019-04-15,84.35,85.327,74.729,78.232,235672.80157891999
2019-04-16,78.208,82.31,77.406,81.275,130787.48015589
2019-04-17,81.251,82.501,79.098,79.671,75085.12735669
2019-04-18,79.585,85.077,79.585,82.663,128795.09569437
2019-04-19,82.635,84.207,80.407,82.976,88258.18590165
2019-04-20,83.074,83.615,80.0,81.798,61409.641832889996
2019-04-21,81.855,82.5,74.0,77.61,159227.25037266
2019-04-22,77.554,78.842,75.484,77.366,172860.96033807
2019-04-23,77.32,80.478,74.2,74.38,207696.98074932
2019-04-24,74.372,75.34,70.6,73.756,183703.01282842
2019-04-25,73.694,75.133,70.25,71.75,135023.65683747
2019-04-26,71.751,76.549,70.5,75.37,139927.66933021
2019-04-27,75.384,75.488,73.34,73.883,39848.11396984
2019-04-28,73.872,75.153,71.28,72.201,74432.5280762
2019-04-29,72.225,72.845,68.834,70.939,83834.2460853
2019-04-30,70.94,78.552,70.94,78.277,146779.11752735
2019-05-01,78.322,79.425,75.54,76.878,74810.23891102
2019-05-02,76.774,78.309,75.957,76.861,59969.49182103
2019-05-03,76.887,84.67,76.6,82.675,149439.48690358
2019-05-04,82.681,86.65,78.066,81.179,112491.20395155
2019-05-05,81.292,81.649,78.65,79.227,46125.43409566
2019-05-06,79.228,81.054,75.45,78.621,117913.34856362
2019-05-07,78.711,82.842,77.267,77.958,97421.53997038
2019-05-08,77.896,78.0,74.298,77.13,132670.7657582
2019-05-09,77.129,78.599,74.076,75.207,60996.4402857
2019-05-10,75.232,80.329,73.457,77.689,104390.22670522
2019-05-11,77.72,94.5,77.326,87.053,343062.26023779
2019-05-12,87.072,92.969,83.892,85.133,260304.64829969
2019-05-13,85.07,91.978,84.41,87.168,190810.6705741
2019-05-14,87.096,93.87,86.39,91.334,185297.64657091
2019-05-15,91.363,104.0,90.166,101.8,322427.53067636
2019-05-16,101.67,106.98,90.27,95.409,325926.16843667
2019-05-17,95.499,97.295,85.0,90.395,243431.08344688
2019-05-18,90.465,91.302,85.3,86.537,44474.96458038
2019-05-19,86.506,97.07,86.202,94.882,135330.06636065
2019-05-20,94.821,94.821,87.003,91.51,115431.60431509
2019-05-21,91.606,93.589,89.1,90.962,61075.22577939
2019-05-22,90.95,92.562,85.7,87.697,81255.34634159
2019-05-23,87.54,89.772,84.636,88.742,66004.38414375
2019-05-24,88.972,104.0,88.426,100.85,204478.33884227
2019-05-25,100.78,105.45,99.029,102.87,135563.93703145
2019-05-26,102.86,115.0,99.25,112.31,244810.40098105
2019-05-27,112.27,122.07,109.96,117.2,296755.84970933
2019-05-28,116.95,118.75,111.06,114.95,128363.77108411
2019-05-29,114.95,118.71,108.95,115.59,133273.33262444
2019-05-30,115.58,121.0,102.01,107.8,252527.14207749
2019-05-31,107.67,114.69,104.23,114.29,97129.54817793
2019-06-01,114.29,116.14,110.73,112.25,97804.89615255
2019-06-02,112.37,116.97,111.32,114.62,76381.21265166
2019-06-03,114.64,116.55,104.85,105.82,129026.10516016
2019-06-04,105.68,106.26,98.165,102.27,169088.58048916
2019-06-05,102.42,105.8,99.88,103.98,75552.73115728
2019-06-06,103.89,112.16,101.09,111.29,94845.18104892
2019-06-07,111.37,120.84,109.84,117.01,196778.75333253
2019-06-08,117.06,120.27,113.53,118.57,113637.77392854
2019-06-09,118.67,119.26,111.32,114.91,133001.4910525
2019-06-10,114.77,130.91,112.6,129.8,286582.9680496
2019-06-11,129.79,138.83,124.9,136.02,321718.03258955
2019-06-12,136.05,144.0,131.0,136.15,371392.56533902
2019-06-13,136.0,137.69,128.31,130.79,198798.83017732
2019-06-14,130.79,133.23,125.66,132.49,184637.76273255
2019-06-15,132.53,139.95,132.52,138.33,187469.12249471
2019-06-16,138.25,139.49,133.59,137.06,172674.09398197
2019-06-17,137.04,137.22,131.81,134.37,106831.77199016
2019-06-18,134.34,136.92,129.03,135.26,200551.00944359
2019-06-19,135.37,140.02,133.87,137.02,137611.96577691
2019-06-20,137.02,137.37,133.54,135.98,92514.25155368
2019-06-21,136.1,142.22,135.01,139.19,201528.78191885
2019-06-22,139.15,146.95,137.5,142.55,321621.90210851
2019-06-23,142.56,143.89,135.76,137.46,136882.8917013
2019-06-24,137.49,137.5,132.63,135.72,156996.43164723
2019-06-25,135.86,137.97,128.62,135.5,171031.98672451
2019-06-26,135.55,137.48,124.56,130.01,286174.82334120874
2019-06-27,130.09,131.5,110.68,114.63,346586.1523342607
2019-06-28,114.6,121.58,112.8,119.3,123342.34509867881
2019-06-29,119.31,136.03,115.22,134.1,229871.68281071092
2019-06-30,134.22,137.89,120.17,122.7,205934.88198130616
2019-07-01,122.61,126.78,114.18,123.47,133561.70087655867
2019-07-02,123.43,124.26,112.67,119.28,101603.54637725998
2019-07-03,119.21,123.23,116.92,122.02,89970.08218252227
2019-07-04,121.71,127.0,119.02,119.71,119690.57355733999
2019-07-05,119.81,120.92,116.94,118.67,45040.638866608264
2019-07-06,118.73,122.37,117.12,118.57,52542.00623009392
2019-07-07,118.56,121.21,117.5,120.3,30192.439275378976
2019-07-08,120.33,125.6,118.51,123.43,60584.51564084932
2019-07-09,123.55,124.03,117.6,119.54,78409.40228672752
2019-07-10,119.55,120.35,102.04,108.25,238666.15169259062
2019-07-11,108.24,108.24,94.305,103.01,195410.2620353499
2019-07-12,103.0,107.25,100.75,104.88,67659.55209912
2019-07-13,104.95,105.1,97.27,100.7,97625.02108209
2019-07-14,100.7,101.5,87.51,89.866,206248.33588497
2019-07-15,89.675,92.791,84.838,90.1,172122.57829586
2019-07-16,90.25,91.586,75.885,79.531,229260.27090264
2019-07-17,79.588,94.588,76.799,90.117,346715.32654716
2019-07-18,90.115,104.48,87.1,101.15,258048.97703604
2019-07-19,101.15,101.38,94.775,98.511,137254.87235604
2019-07-20,98.527,105.88,97.456,100.38,115628.31746849
2019-07-21,100.37,101.3,96.179,99.495,66615.2134602
2019-07-22,99.707,100.89,90.939,95.274,145897.3691914
2019-07-23,95.264,95.264,88.437,90.201,92066.84183705
2019-07-24,90.101,97.38,86.892,94.456,137577.06942197
2019-07-25,94.503,96.697,91.576,93.29,56184.57309353
2019-07-26,93.29,94.728,90.236,94.241,56666.4259313
2019-07-27,94.167,96.6,86.132,88.633,102528.28997674
2019-07-28,88.698,90.963,83.335,89.933,78557.38948012
2019-07-29,90.037,92.152,87.197,90.413,55580.0125378
2019-07-30,90.34,92.84,88.355,90.285,41595.4320981
2019-07-31,90.251,99.88,90.0,98.862,86093.25412975
2019-08-01,98.821,100.86,95.833,98.844,82106.01953072
2019-08-02,98.9,99.053,92.574,94.729,74687.88340435
2019-08-03,94.868,96.868,93.534,94.198,49268.02956746
2019-08-04,94.167,94.876,90.489,93.033,75768.01744918
2019-08-05,93.034,107.11,92.982,96.594,247068.24209671
2019-08-06,96.384,99.275,91.012,93.066,89560.21945014
2019-08-07,92.981,94.499,87.28,90.703,99367.15340196
2019-08-08,90.804,92.832,87.963,90.578,46530.53716765
2019-08-09,90.465,90.702,82.677,84.43,81374.32988954
2019-08-10,84.615,87.755,82.0,85.424,87575.2639708
2019-08-11,85.442,91.555,85.202,90.088,60071.80591918
2019-08-12,90.086,90.125,85.55,85.916,53173.736280619996
2019-08-13,85.921,86.869,83.242,84.725,55404.61316007
2019-08-14,84.773,86.43,75.088,76.052,111031.7238407
2019-08-15,76.026,77.73,71.148,76.422,88534.94606461
2019-08-16,76.395,76.546,72.3,74.965,66068.68921226
2019-08-17,75.055,75.572,71.613,72.805,48078.19518867
2019-08-18,72.806,78.228,71.562,76.486,82100.54698084
2019-08-19,76.417,79.283,75.678,77.217,70360.67076916
2019-08-20,77.364,77.488,73.495,75.292,28999.50134388
2019-08-21,75.292,75.554,70.134,73.158,77102.21390128
2019-08-22,73.357,74.695,71.141,73.555,34921.33519555
2019-08-23,73.555,76.0,72.5,75.59,55995.46546213
2019-08-24,75.647,75.785,71.533,73.293,33318.28687969
2019-08-25,73.4,74.94,70.702,72.094,43484.49815921
2019-08-26,72.089,75.525,72.088,73.675,47627.45117019
2019-08-27,73.5,73.758,72.154,72.903,28378.54628858
2019-08-28,72.803,73.213,64.496,66.831,128405.48785702
2019-08-29,66.815,66.83,62.202,63.638,62648.86467231
2019-08-30,63.674,65.827,62.274,64.38,37426.59975363
2019-08-31,64.403,65.51,62.278,64.549,36389.28436662
2019-09-01,64.423,67.488,64.053,66.158,70369.4515713
2019-09-02,66.199,68.259,64.965,67.224,54418.94072711
2019-09-03,67.266,71.242,66.673,69.32,86796.54809825
2019-09-04,69.317,69.513,66.682,67.227,110749.8087078
2019-09-05,67.264,67.589,64.239,65.29,110978.11811986
2019-09-06,65.27,68.134,63.9,65.08,67518.82276566
2019-09-07,64.944,70.702,64.674,69.03,85038.65098118
2019-09-08,68.987,72.939,68.231,70.624,108874.43491413
2019-09-09,70.627,71.777,68.101,70.046,54685.85551355
2019-09-10,69.969,73.3,69.946,70.9,64527.619459120004
2019-09-11,70.835,71.839,68.46,70.034,50210.82610842
2019-09-12,70.027,70.244,68.6,69.424,25414.84041272
2019-09-13,69.424,69.8,67.245,69.251,32725.00935851
2019-09-14,69.363,71.648,68.5,70.792,39129.65323968
2019-09-15,70.832,71.5,70.0,70.324,48520.11049684
2019-09-16,70.315,74.39,69.7,72.986,80750.97594062
2019-09-17,72.983,78.09,72.4,74.399,76460.00123803
2019-09-18,74.317,80.454,74.278,77.935,63402.83115555
2019-09-19,77.961,77.961,72.816,77.026,83958.49055655
2019-09-20,76.999,77.446,73.122,75.303,49072.70173978
2019-09-21,75.411,75.781,72.0,73.387,28387.50150339
2019-09-22,73.384,73.434,71.2,72.307,44933.45730655
2019-09-23,72.493,75.101,61.742,66.403,162306.22106528
2019-09-24,66.489,67.332,54.355,54.721,262710.48735728
2019-09-25,54.721,58.614,53.0,57.643,137338.57874407
2019-09-26,57.696,57.696,50.5,55.41,159412.81466219
2019-09-27,55.437,56.878,52.867,55.984,49383.86666081
2019-09-28,56.156,56.404,54.022,55.602,74828.16203777
2019-09-29,55.629,55.802,52.178,54.087,80948.05551333
2019-09-30,54.052,56.744,52.758,56.327,90621.78136521
2019-10-01,56.368,57.82,55.123,55.806,47598.01761502
2019-10-02,55.824,56.914,55.319,56.626,21045.93364321
2019-10-03,56.626,57.101,53.717,56.466,52205.17691381
2019-10-04,56.777,57.774,55.464,56.499,44871.92026318
2019-10-05,56.515,57.674,55.779,56.888,25749.28005662
2019-10-06,56.888,57.052,53.11,54.6,81801.5310748
2019-10-07,54.65,58.981,53.152,57.723,87026.87711418
2019-10-08,57.709,58.687,56.783,57.27,22395.44297249
2019-10-09,57.178,60.2,56.861,59.5,42090.63955897
2019-10-10,59.466,59.567,57.347,57.803,24521.20478321
2019-10-11,57.809,58.714,55.619,56.0,58152.38223224
2019-10-12,56.0,56.721,55.634,55.837,7433.04119493
2019-10-13,55.766,57.862,55.676,56.607,19557.6965592
2019-10-14,56.583,57.247,56.142,57.05,15063.413461
2019-10-15,57.087,57.6,53.5,54.754,56266.61999675
2019-10-16,54.732,55.474,51.269,52.642,54917.56954528
2019-10-17,52.642,55.378,51.741,55.082,26886.9956676
2019-10-18,55.083,55.132,52.389,53.511,24421.74018132
2019-10-19,53.47,54.429,52.735,54.06,12418.07082774
2019-10-20,54.013,55.825,52.913,55.129,20410.17423506
2019-10-21,55.148,55.93,53.99,54.929,15300.99947294
2019-10-22,54.906,55.285,53.218,53.608,12902.11985419
2019-10-23,53.572,53.629,47.16,49.621,133834.97990354
2019-10-24,49.6,50.582,48.531,49.788,55466.28009196
2019-10-25,49.797,59.821,49.263,57.201,116876.10276097
2019-10-26,57.163,64.09,54.3,57.003,148209.60469574
2019-10-27,57.025,62.935,55.901,60.042,100429.84274267001
2019-10-28,60.065,62.788,57.674,57.888,83539.0122532
2019-10-29,57.888,61.074,57.888,59.942,77790.1031212
2019-10-30,59.974,61.288,57.15,58.16,47854.29108254
2019-10-31,58.275,59.868,57.264,58.558,23005.9013912
2019-11-01,58.466,59.121,56.911,58.568,21626.67234607
2019-11-02,58.578,59.557,58.042,58.55,15996.61192925
2019-11-03,58.672,59.036,57.405,58.535,13579.11811738
2019-11-04,58.501,62.976,58.107,61.688,75801.27558727
2019-11-05,61.659,64.35,61.1,63.392,57233.50267835
2019-11-06,63.365,64.4,62.736,64.244,30424.07930961
2019-11-07,64.244,64.4,60.3,61.419,55354.68266481
2019-11-08,61.499,62.5,58.833,60.42,44789.57712324
2019-11-09,60.384,62.376,60.272,62.132,20301.03556796
2019-11-10,62.136,66.755,60.953,63.828,132900.81275558
2019-11-11,63.886,64.507,60.317,61.91,46697.33153659
2019-11-12,61.812,62.323,59.738,61.347,30725.97397444
2019-11-13,61.499,62.131,60.334,61.118,14496.69733577
2019-11-14,61.127,61.201,58.469,59.027,25740.55235753
2019-11-15,59.053,60.862,56.284,57.717,51095.4444212
2019-11-16,57.716,59.0,57.294,58.419,26139.1349441
2019-11-17,58.439,60.24,57.821,59.393,21497.13663108
2019-11-18,59.45,59.494,54.08,55.987,79507.38573751
2019-11-19,55.972,56.498,54.476,55.299,24425.46317257
2019-11-20,55.289,56.324,54.77,55.18,14268.37146006
2019-11-21,55.179,55.424,48.5,50.946,68241.02558527
2019-11-22,50.933,52.006,43.8,47.677,118355.89471737
2019-11-23,47.612,48.836,46.525,48.407,23058.10827908
2019-11-24,48.456,48.5,43.77,44.241,59379.319144
2019-11-25,44.186,47.759,42.656,45.774,113373.18249987
2019-11-26,45.783,47.851,45.568,47.184,25319.74164503
2019-11-27,47.157,48.857,44.946,47.918,43518.32832149
2019-11-28,47.962,48.224,46.507,47.001,17474.21280083
2019-11-29,47.01,49.678,47.004,48.972,30165.07140648
2019-11-30,48.889,49.031,46.945,47.514,27763.50814828
2019-12-01,47.498,48.691,45.821,47.775,21714.08057123
2019-12-02,47.805,47.936,45.015,45.815,31672.03828429
2019-12-03,45.814,46.475,44.584,45.027,36682.11020211
2019-12-04,44.997,47.523,44.03,44.926,85656.82960443
2019-12-05,44.89,45.499,43.928,45.119,30559.40309103
2019-12-06,45.085,45.822,44.317,45.674,32248.02368413
2019-12-07,45.728,46.783,45.322,45.401,20157.84565693
2019-12-08,45.421,46.537,45.09,45.867,10835.11785809
2019-12-09,45.864,46.16,44.251,44.704,31231.24294183
2019-12-10,44.68,44.856,43.813,44.37,13363.12729046
2019-12-11,44.324,44.609,43.369,43.792,12776.48780293
2019-12-12,43.825,44.27,43.041,43.859,30304.36275495
2019-12-13,43.86,44.837,43.658,44.633,28357.96135138
2019-12-14,44.632,44.89,43.435,43.507,18440.91054671
2019-12-15,43.512,44.25,43.094,43.669,13663.29725303
2019-12-16,43.689,43.689,39.095,40.113,88899.8194369
2019-12-17,40.127,40.383,36.417,37.222,89774.00633293
2019-12-18,37.171,41.862,36.1,41.03,83278.43880864
2019-12-19,41.086,41.305,39.333,39.913,26216.25910305
2019-12-20,39.91,40.635,39.462,40.264,12408.2524352
2019-12-21,40.366,40.366,39.608,39.853,6300.97092009
2019-12-22,39.834,42.346,39.809,42.05,34772.30493004
2019-12-23,42.055,42.77,40.364,40.776,41909.34008321
2019-12-24,40.749,41.207,39.806,40.401,21693.92986597
2019-12-25,40.431,40.604,39.49,40.148,15956.91420155
2019-12-26,40.194,41.891,39.708,40.21,18939.62081688
2019-12-27,40.19,41.538,39.711,41.188,18587.35621894
2019-12-28,41.197,43.878,41.126,42.969,30237.19654777
2019-12-29,42.93,43.984,42.354,43.282,25215.84165081
2019-12-30,43.259,44.267,41.917,42.477,15883.16258208
2019-12-31,42.477,43.178,41.016,41.415,25245.09846646
2020-01-01,41.368,42.208,41.21,41.68,8613.80108071
2020-01-02,41.664,41.832,39.277,39.551,36191.42214357
2020-01-03,39.55,42.58,38.963,42.359,50164.31219994
2020-01-04,42.424,43.074,41.97,42.928,17448.59155524
2020-01-05,42.904,44.72,42.731,43.34,28737.31908483
2020-01-06,43.356,46.157,43.227,45.8,51265.45023553
2020-01-07,45.8,46.999,44.537,46.331,76142.61483977
2020-01-08,46.336,48.601,43.949,45.288,90385.80379719
2020-01-09,45.299,45.733,43.824,44.893,30939.15682395
2020-01-10,44.773,49.46,43.78,49.011,129141.20665495
2020-01-11,49.009,51.761,47.667,49.284,92755.16732736
2020-01-12,49.32,51.651,48.783,51.538,62227.43098481
2020-01-13,51.48,51.586,48.87,49.673,62165.92628205
2020-01-14,49.595,60.479,49.595,58.105,258063.73801867
2020-01-15,58.094,60.174,55.248,58.087,101645.51884137
2020-01-16,58.119,58.419,54.662,57.687,48850.08378483
2020-01-17,57.545,63.174,56.666,60.803,107724.84943389
2020-01-18,60.79,62.327,57.811,59.17,75382.22452489
2020-01-19,59.263,62.399,55.14,57.693,68512.73198557
2020-01-20,57.579,58.28,55.757,57.089,24785.92714359
2020-01-21,57.163,58.084,55.73,57.707,23877.81194182
2020-01-22,57.66,59.203,57.143,58.198,21431.32007602
2020-01-23,58.218,58.236,52.267,54.485,62072.10029598
2020-01-24,54.497,55.439,50.742,54.386,60924.99427016
2020-01-25,54.37,54.38,52.19,53.221,36383.03114953
2020-01-26,53.32,56.779,52.9,56.317,25251.72360122
2020-01-27,56.317,59.648,56.0,58.638,45731.25688134
2020-01-28,58.563,61.622,57.421,60.668,62405.77426389
2020-01-29,60.596,62.5,59.409,59.768,48460.78290778
2020-01-30,59.757,70.0,58.315,67.864,124220.90743292
2020-01-31,67.849,70.007,65.497,68.102,78321.58329456
2020-02-01,68.125,72.94,67.722,70.889,68410.45695905
2020-02-02,70.866,73.7,67.716,70.003,104818.44696876
2020-02-03,70.0,73.167,68.523,69.82,81544.20235183
2020-02-04,69.782,70.582,66.77,68.11,40114.88416617
2020-02-05,68.111,73.519,67.727,72.528,66767.52936795
2020-02-06,72.542,75.0,71.044,73.421,82960.9242105
2020-02-07,73.421,75.357,72.641,74.212,40910.16586748
2020-02-08,74.212,77.882,71.5,76.487,59465.81754215
2020-02-09,76.486,78.317,75.004,76.888,40725.3301272
2020-02-10,76.964,77.267,72.196,74.056,53408.61629155
2020-02-11,73.939,77.443,72.633,76.702,38405.94724494
2020-02-12,76.625,82.667,76.625,81.042,83246.08912873
2020-02-13,81.165,84.193,77.074,80.444,121037.92697556
2020-02-14,80.443,83.873,78.413,82.919,52784.36725785
2020-02-15,83.019,83.386,75.121,76.72,79130.02045679001
2020-02-16,76.719,80.525,67.655,74.8,159268.14068978
2020-02-17,74.698,75.531,68.667,73.444,50968.75528317
2020-02-18,73.469,79.138,70.287,77.151,51041.80488792
2020-02-19,77.38,80.317,67.0,70.634,105977.57825478
2020-02-20,70.564,72.402,65.389,69.515,91408.70403676
2020-02-21,69.463,75.249,68.654,73.266,71051.90142873
2020-02-22,73.361,76.766,72.424,74.853,66755.26529202
2020-02-23,74.869,80.272,74.869,79.817,76002.26692641
2020-02-24,79.821,80.062,71.7,75.675,95403.39721367
2020-02-25,75.598,76.321,69.501,71.043,92299.63900654
2020-02-26,71.034,72.251,57.467,60.596,145786.11049637
2020-02-27,60.645,65.04,57.266,61.773,90800.13323814
2020-02-28,61.808,63.41,56.703,60.162,94377.64454827
2020-02-29,60.174,61.755,58.105,58.285,33139.67747445
2020-03-01,58.248,60.499,56.339,57.937,49022.62996033
2020-03-02,57.846,62.474,57.421,61.544,50119.20220022
2020-03-03,61.565,62.62,59.732,61.143,38124.58013063
2020-03-04,61.294,62.0,59.079,60.5,22350.04268607
2020-03-05,60.519,63.499,60.519,62.333,37403.52209348
2020-03-06,62.266,63.989,61.46,63.499,21025.44965998
2020-03-07,63.499,64.115,60.228,60.717,36604.51483971
2020-03-08,60.589,60.589,50.772,51.196,131662.40162833
2020-03-09,51.216,52.483,46.804,50.678,149887.24803996
2020-03-10,50.548,51.6,49.1,50.228,52742.28852906
2020-03-11,50.352,50.932,45.7,48.814,63234.30295847
2020-03-12,48.814,49.01,28.397,30.14,686057.43688904
2020-03-13,29.926,40.641,24.85,37.849,420530.70845564
2020-03-14,37.74,37.97,34.04,34.665,105008.62563196
2020-03-15,34.618,39.165,34.338,36.582,100626.4249583
2020-03-16,36.5,36.559,29.335,33.489,164124.79874861
2020-03-17,33.404,36.25,32.647,34.22,86061.43854028
2020-03-18,34.22,34.934,32.424,34.853,52431.72726341
2020-03-19,34.854,40.96,34.073,39.033,134678.02016985
2020-03-20,39.049,43.803,33.908,38.089,189415.50201763
2020-03-21,38.237,39.899,36.275,38.435,43934.46614001
2020-03-22,38.464,39.754,34.832,35.441,66001.66511941
2020-03-23,35.471,40.156,34.592,39.053,76559.36346977
2020-03-24,39.082,41.142,38.371,40.715,48045.08515225
2020-03-25,40.702,41.232,38.016,39.262,49843.34202535
2020-03-26,39.319,40.569,38.507,40.504,30700.46610767
2020-03-27,40.516,41.393,37.671,38.003,52702.51952476
2020-03-28,38.037,39.586,36.65,38.983,52468.21306724
2020-03-29,38.907,39.205,37.105,37.247,33164.0151626
2020-03-30,37.195,39.8,37.195,38.961,31598.15306313
2020-03-31,39.032,39.448,38.452,39.127,16912.20040367
2020-04-01,39.177,39.706,37.169,39.398,33214.68032741
2020-04-02,39.478,43.351,39.252,40.019,94768.52884607
2020-04-03,40.033,41.343,39.751,40.536,30529.41897173
2020-04-04,40.549,41.312,40.0,40.867,17263.52558802
2020-04-05,40.876,41.142,39.972,40.388,10814.29594112
2020-04-06,40.401,45.159,40.298,45.159,54458.85927029
2020-04-07,45.113,47.686,43.764,44.885,65159.44396907
2020-04-08,44.876,47.249,44.359,46.583,33121.34250467
2020-04-09,46.625,46.869,44.742,46.322,36766.8454976
2020-04-10,46.318,46.46,40.9,42.293,94853.23709057
2020-04-11,42.341,43.214,41.5,42.571,19227.28435374
2020-04-12,42.57,43.819,41.907,42.11,29175.53478057
2020-04-13,42.039,42.039,39.5,41.251,52931.57016049
2020-04-14,41.254,41.92,40.558,41.229,21180.58350356
2020-04-15,41.219,41.778,39.159,39.304,21840.14970048
2020-04-16,39.244,44.189,37.938,42.58,72660.98808199
2020-04-17,42.58,43.085,41.68,42.28,17730.05174669
2020-04-18,42.292,44.557,42.101,44.184,23490.34321601
2020-04-19,44.268,44.448,41.415,42.297,35730.27072635
2020-04-20,42.32,43.378,39.572,40.328,42151.74291564
2020-04-21,40.297,41.379,40.12,40.669,20611.95008339
2020-04-22,40.622,42.459,40.308,41.905,25799.46444618
2020-04-23,41.893,44.18,41.008,43.078,43070.4661315
2020-04-24,43.057,45.11,42.963,44.469,57093.03668281
2020-04-25,44.583,45.642,43.908,44.411,37333.86954209
2020-04-26,44.403,45.358,43.777,44.579,30037.51346384
2020-04-27,44.582,45.2,43.155,44.464,30466.10577625
2020-04-28,44.53,46.119,43.403,45.781,32750.37811177
2020-04-29,45.761,50.083,45.588,48.791,117679.50681121
2020-04-30,48.822,50.736,45.666,46.39,108846.04471159
2020-05-01,46.427,48.358,46.37,47.095,20799.73127492
2020-05-02,47.001,49.602,46.698,49.205,39315.6481334
2020-05-03,49.259,49.998,46.6,48.032,37650.7380158
2020-05-04,48.124,48.269,45.128,46.997,59714.97147692
2020-05-05,47.002,47.778,45.584,46.431,24850.76030445
2020-05-06,46.555,47.659,44.57,44.897,30614.77439592
2020-05-07,44.913,48.256,44.278,47.363,45855.98512557
2020-05-08,47.358,48.496,46.371,47.752,45427.48794678
2020-05-09,47.732,49.243,46.77,46.942,37427.59327825
2020-05-10,46.958,46.996,39.006,42.09,137549.37314186
2020-05-11,42.041,42.862,39.275,41.505,59835.13443604
2020-05-12,41.461,42.9,41.217,42.179,26731.27264013
2020-05-13,42.151,43.74,41.933,43.265,29392.58938104
2020-05-14,43.197,44.35,42.213,44.034,49909.56044522
2020-05-15,44.144,44.144,41.713,42.715,30537.35366705
2020-05-16,42.692,43.927,42.495,43.266,17112.8435281
2020-05-17,43.249,44.531,43.126,43.649,22789.8184713
2020-05-18,43.644,46.678,43.618,45.257,46316.15513819
2020-05-19,45.278,45.79,44.022,45.775,24282.44689329
2020-05-20,45.736,46.127,42.969,44.17,35329.90330166
2020-05-21,44.199,44.578,41.606,42.677,30861.47216855
2020-05-22,42.729,44.641,42.308,44.177,31215.3086988
2020-05-23,44.193,44.696,43.668,43.847,9077.01590696
2020-05-24,43.839,44.578,42.041,42.041,18023.80751052
2020-05-25,42.041,43.298,41.714,42.902,12135.38291618
2020-05-26,42.961,43.091,41.77,42.325,12284.72621813
2020-05-27,42.28,44.048,42.28,43.93,15515.53956829
2020-05-28,43.919,44.92,43.134,44.74,18078.661032
2020-05-29,44.822,45.305,44.204,44.501,12925.24087745
2020-05-30,44.532,48.196,44.201,47.844,39173.395854559996
2020-05-31,47.795,47.82,44.923,45.633,38873.95530961
2020-06-01,45.62,48.858,45.38,48.329,29747.14457352
2020-06-02,48.374,50.129,44.221,46.0,146132.89723445
2020-06-03,45.993,47.469,45.209,47.14,31086.04589561
2020-06-04,47.199,48.1,46.293,47.53,22545.88017382
2020-06-05,47.45,48.0,46.503,46.885,13116.38472705
2020-06-06,46.832,47.199,46.112,46.71,10314.56407607
2020-06-07,46.769,47.214,44.927,46.659,22859.49495809
2020-06-08,46.669,46.76,46.0,46.465,8501.55650483
2020-06-09,46.505,46.856,45.385,45.842,18408.75669412
2020-06-10,45.9,47.2,45.761,46.705,23372.85370376
2020-06-11,46.704,47.009,41.984,43.187,56414.90083032
2020-06-12,43.185,45.278,42.782,44.745,41462.09244519
2020-06-13,44.703,45.21,44.22,45.09,11649.81468629
2020-06-14,45.09,45.135,43.522,44.085,10946.13580987
2020-06-15,44.051,44.109,41.841,43.781,35346.11011792
2020-06-16,43.781,44.225,43.334,43.899,17230.01408494
2020-06-17,43.9,45.047,43.071,44.08,33514.55849909
2020-06-18,44.101,44.23,42.935,43.479,11442.00886672
2020-06-19,43.462,43.7,42.659,42.864,18320.95616874
2020-06-20,42.893,43.85,42.32,43.656,13971.61574147
2020-06-21,43.656,43.85,42.946,43.013,6963.8550898
2020-06-22,43.05,44.7,42.996,44.388,26626.42943404
2020-06-23,44.377,44.509,43.882,44.226,10601.16626529
2020-06-24,44.227,44.753,42.172,42.675,37487.61330842
2020-06-25,42.625,43.0,41.664,42.37,17852.23115933
2020-06-26,42.37,43.597,41.41,43.123,27449.53636811
2020-06-27,43.126,43.156,39.163,41.08,45000.0684551
2020-06-28,41.07,42.093,40.461,41.416,11345.79666871
2020-06-29,41.434,42.308,40.612,41.86,40827.33953268
2020-06-30,41.896,42.098,40.765,41.175,8834.69128286
2020-07-01,41.19,42.049,41.033,41.8,11544.72112558
2020-07-02,41.792,41.926,40.38,41.068,21845.94498405
2020-07-03,41.002,41.72,40.939,41.171,10238.01782924
2020-07-04,41.146,42.247,41.112,42.157,14893.61776506
2020-07-05,42.155,42.282,40.822,41.662,11902.98271619
2020-07-06,41.626,44.325,41.559,44.13,27495.08051295
2020-07-07,44.13,44.522,43.117,43.452,16955.04473486
2020-07-08,43.465,45.682,43.21,45.371,42308.93248064
2020-07-09,45.43,45.925,43.64,44.444,37722.11736401
2020-07-10,44.437,44.678,43.549,44.335,12904.088276
2020-07-11,44.37,44.781,43.906,44.684,6918.6948535
2020-07-12,44.766,45.346,43.76,44.8,23137.06645824
2020-07-13,44.807,45.681,42.624,43.975,34173.28207246
2020-07-14,43.977,44.07,42.94,43.929,17438.93770045
2020-07-15,43.92,44.074,42.951,43.416,7592.29766339
2020-07-16,43.378,43.511,40.9,42.099,39007.60632708
2020-07-17,42.136,42.495,41.794,41.989,12639.06444744
2020-07-18,41.94,42.93,41.785,42.513,8529.23941179
2020-07-19,42.514,43.002,41.9,42.74,11002.32429134
2020-07-20,42.741,42.849,41.477,42.019,14122.34772476
2020-07-21,42.01,44.152,41.96,43.821,29751.6321772
2020-07-22,43.84,45.197,43.293,45.134,18650.02814521
2020-07-23,45.112,45.853,44.596,44.989,30217.66026586
2020-07-24,44.969,45.011,44.012,44.251,17037.14417494
2020-07-25,44.238,49.612,44.15,49.204,122930.10182826
2020-07-26,49.204,50.938,47.642,48.169,82549.26109035
2020-07-27,48.17,55.936,46.927,53.321,191690.48291994
2020-07-28,53.321,58.165,51.818,55.9,135110.10005972
2020-07-29,55.901,57.182,54.85,55.234,60094.05665556
2020-07-30,55.234,58.693,54.025,56.82,73468.7047678
2020-07-31,56.83,59.25,55.938,58.226,45897.99540214
2020-08-01,58.267,62.171,57.571,61.636,114309.61766654
2020-08-02,61.602,65.081,51.423,56.663,231906.92479633001
2020-08-03,56.7,60.0,55.7,58.453,69770.50125949
2020-08-04,58.488,59.564,56.334,57.57,52717.22906921
2020-08-05,57.628,59.829,56.707,58.888,56354.05964436
2020-08-06,58.763,60.689,57.75,59.092,45893.618196
2020-08-07,58.971,61.044,54.513,57.155,91224.09837472
2020-08-08,57.168,58.54,56.442,58.45,23208.88848588
2020-08-09,58.45,58.686,55.95,56.93,20874.48982034
2020-08-10,56.98,59.532,56.501,58.279,63412.83134669
2020-08-11,58.379,59.721,52.24,54.079,109479.02449418
2020-08-12,54.069,54.99,51.504,54.822,39659.98207792
2020-08-13,54.874,57.41,51.901,57.172,68831.66126051
2020-08-14,57.286,57.96,55.958,56.689,42308.74906273
2020-08-15,56.825,60.98,56.551,59.937,111199.24616658
2020-08-16,59.94,64.6,58.09,64.0,90225.15085876
2020-08-17,64.007,68.941,61.5,67.27,254429.12117103
2020-08-18,67.269,68.494,63.425,65.48,217007.01850099
2020-08-19,65.44,67.188,58.66,62.163,139653.23906367001
2020-08-20,62.202,63.789,61.037,63.059,51655.00540342
2020-08-21,62.911,64.009,58.812,59.177,77472.2711276
2020-08-22,59.15,60.596,57.801,60.341,24062.53835628
2020-08-23,60.296,61.698,57.977,60.55,29116.72504776
2020-08-24,60.64,63.113,60.085,62.12,52978.4057106
2020-08-25,62.1,62.341,56.7,58.468,72906.63084797
2020-08-26,58.363,59.119,57.062,58.11,29608.99086536
2020-08-27,58.15,59.343,54.04,56.181,62825.39967788
2020-08-28,56.181,58.309,55.42,57.512,24814.37948562
2020-08-29,57.497,58.298,57.054,57.065,16164.94493454
2020-08-30,57.032,63.19,57.032,63.018,110294.71193258
2020-08-31,63.019,64.058,60.634,61.087,65678.47110206
2020-09-01,61.087,64.491,59.801,62.82,68202.42593755
2020-09-02,62.868,63.285,56.409,58.094,86649.45018945
2020-09-03,58.104,58.604,44.883,47.31,279073.00858537
2020-09-04,47.267,52.484,46.215,50.515,130195.0733857
2020-09-05,50.485,51.783,45.36,47.928,71289.81146117
2020-09-06,47.961,49.25,46.5,47.971,30415.72721498
2020-09-07,47.999,49.262,45.374,48.922,69151.28184097
2020-09-08,48.922,49.697,46.101,47.56,43312.94566227
2020-09-09,47.54,48.88,46.661,47.945,14717.97687244
2020-09-10,47.922,49.5,47.892,48.678,21377.53626302
2020-09-11,48.725,49.534,47.449,48.983,20648.626779
2020-09-12,48.98,51.365,48.418,50.86,36001.67518897
2020-09-13,50.86,51.139,47.256,48.128,33225.00723002
2020-09-14,48.154,49.804,47.127,49.069,26428.05713826
2020-09-15,49.18,50.433,48.19,48.359,28887.36993695
2020-09-16,48.345,48.833,47.017,47.814,24889.79506367
2020-09-17,47.885,49.77,47.777,48.947,21264.12661255
2020-09-18,48.953,49.127,47.562,48.6,27233.85486234
2020-09-19,48.583,49.088,48.102,48.631,12446.38891811
2020-09-20,48.617,48.617,46.301,47.159,23023.9353248
2020-09-21,47.07,47.733,41.662,43.242,65124.29921633
2020-09-22,43.227,44.9,42.888,44.559,14719.62223308
2020-09-23,44.577,45.242,42.35,43.059,25905.83754713
2020-09-24,43.084,45.485,42.72,44.953,23068.61100219
2020-09-25,45.071,46.664,44.031,46.002,43068.57061627
2020-09-26,46.112,46.661,45.22,46.08,11650.09047254
2020-09-27,46.124,46.768,44.657,46.24,25028.153771
2020-09-28,46.229,47.254,44.872,45.275,46799.11830751
2020-09-29,45.242,45.94,45.014,45.748,16275.42591005
2020-09-30,45.745,46.799,45.529,46.3,14852.81581267
2020-10-01,46.308,48.552,45.257,46.357,78917.27252435
2020-10-02,46.302,47.081,43.285,44.991,55109.86875418
2020-10-03,44.939,46.069,44.83,45.628,16656.13780129
2020-10-04,45.589,47.115,45.369,46.8,19553.423034
2020-10-05,46.792,47.179,45.655,46.387,20071.22659234
2020-10-06,46.408,48.305,45.58,46.011,54935.41054334
2020-10-07,46.042,46.966,45.023,46.676,31590.27572897
2020-10-08,46.689,47.602,45.521,47.314,28876.63284947
2020-10-09,47.302,48.279,46.729,47.906,15905.93983639
2020-10-10,47.877,50.575,47.876,48.944,47511.07167752
2020-10-11,48.976,51.35,48.741,50.596,34464.66086932
2020-10-12,50.549,51.636,49.235,50.723,45547.68152652
2020-10-13,50.7,50.797,48.94,49.979,29312.0824998
2020-10-14,50.006,51.095,49.363,49.87,22969.50595777
2020-10-15,49.842,50.318,48.912,49.55,25064.71956314
2020-10-16,49.569,49.9,45.601,47.607,66958.45883193
2020-10-17,47.646,47.688,46.361,46.984,18205.68944923
2020-10-18,46.97,47.998,46.833,47.617,14011.95447945
2020-10-19,47.579,48.508,46.847,48.079,22578.39530252
2020-10-20,48.027,48.457,46.429,46.914,25108.78380341
2020-10-21,46.928,55.078,46.913,53.1,107131.69827575
2020-10-22,53.105,56.403,53.072,54.496,79749.81248817
2020-10-23,54.437,57.0,53.2,55.47,90678.72388385
2020-10-24,55.44,59.699,54.866,59.285,80643.8705273
2020-10-25,59.255,60.122,56.65,58.813,83671.63555413
2020-10-26,58.841,59.34,55.0,56.854,92177.21141292
2020-10-27,56.88,59.098,56.527,57.939,64488.12300855
2020-10-28,57.909,60.516,54.696,55.791,101671.21422524
2020-10-29,55.816,56.552,53.346,54.836,61033.58662962
2020-10-30,54.835,55.761,52.187,54.034,102906.30382318
2020-10-31,54.054,56.5,53.665,55.748,50703.47251712
2020-11-01,55.744,56.2,53.991,55.589,47560.32139756
2020-11-02,55.59,56.8,53.05,53.882,59134.44096568
2020-11-03,53.812,54.4,51.092,53.973,66775.71743965
2020-11-04,53.989,55.232,51.602,54.717,65363.44621491
2020-11-05,54.722,59.709,54.631,58.845,100514.87079325
2020-11-06,58.879,63.674,58.557,63.155,177530.01550588
2020-11-07,63.166,64.7,57.223,59.059,130432.95634492
2020-11-08,58.975,61.999,58.693,61.037,60813.01989817
2020-11-09,61.082,61.969,57.527,59.206,84719.76027174
2020-11-10,59.269,59.648,57.04,57.955,38833.54844304
2020-11-11,57.976,60.626,57.891,59.357,50325.85639386
2020-11-12,59.368,60.73,57.671,60.73,45321.87428478
2020-11-13,60.655,66.56,60.139,65.892,119829.63652251
2020-11-14,65.95,66.287,61.7,63.746,55951.90948825
2020-11-15,63.858,64.432,61.11,62.33,50794.53378317
2020-11-16,62.303,74.533,62.171,73.769,176765.16157087
2020-11-17,73.764,76.966,71.315,76.318,180537.16877443
2020-11-18,76.392,77.097,68.043,73.41,183552.28631836
2020-11-19,73.406,83.398,71.462,81.618,203514.30673133
2020-11-20,81.6,85.616,80.06,82.468,154508.22432958
2020-11-21,82.491,88.346,80.003,86.862,188000.45891902
2020-11-22,86.865,87.772,77.312,82.712,160538.73516573
2020-11-23,82.793,90.737,80.829,88.953,257093.83146009
2020-11-24,89.092,94.028,85.394,89.056,212831.88221047
2020-11-25,89.15,90.628,77.713,81.778,170985.87357316
2020-11-26,81.732,83.205,64.602,71.183,403563.43987599
2020-11-27,71.188,73.732,65.5,69.342,129352.20767164
2020-11-28,69.318,74.997,68.5,72.797,114316.5056163
2020-11-29,72.733,81.108,71.614,78.931,139826.79985164
2020-11-30,79.007,88.545,76.663,87.776,184940.09975567
2020-12-01,87.689,93.159,79.748,85.254,380830.23735916
2020-12-02,85.242,90.735,82.913,89.112,111549.0543942
2020-12-03,89.088,91.83,85.522,89.103,91595.82115672
2020-12-04,89.097,89.913,77.784,79.615,108969.76828615
2020-12-05,79.498,84.262,78.758,83.204,31197.23375357
2020-12-06,83.235,85.171,80.422,83.877,46531.7505759
2020-12-07,83.707,86.97,81.789,83.408,97592.57908256
2020-12-08,83.457,84.837,75.449,76.713,124929.18915064
2020-12-09,76.729,78.272,72.288,77.5,135401.26842077
2020-12-10,77.418,77.677,73.226,74.752,38195.55015275
2020-12-11,74.716,75.105,70.043,72.266,121840.15642048
2020-12-12,72.278,77.65,72.075,76.658,74678.29165459
2020-12-13,76.671,84.451,75.539,82.244,95035.3223016
2020-12-14,82.335,83.036,79.158,82.291,53269.02053886
2020-12-15,82.444,84.969,80.291,81.478,100272.97552417
2020-12-16,81.466,93.091,78.396,92.907,232315.10949196
2020-12-17,92.863,109.43,90.101,100.94,476357.27036101
2020-12-18,100.89,112.64,99.097,109.49,279879.74069295
2020-12-19,109.48,124.3,105.32,119.68,272539.55457426
2020-12-20,119.71,123.19,109.35,114.38,264318.86826661
2020-12-21,114.36,118.48,100.36,104.41,259582.27241322
2020-12-22,104.31,114.59,98.124,114.32,207973.09602363
2020-12-23,114.3,117.11,95.47,102.25,350163.1137138
2020-12-24,102.29,112.33,98.527,111.17,154274.97431827
2020-12-25,111.13,128.68,108.39,127.64,291970.77327941
2020-12-26,127.92,134.66,124.63,129.33,249779.30002258
2020-12-27,129.32,139.25,121.11,127.73,279135.81647053
2020-12-28,127.73,136.77,126.28,129.79,119706.98271192
2020-12-29,129.75,130.72,119.91,128.59,94864.82160842
2020-12-30,128.62,133.13,122.77,130.11,105021.59986448
2020-12-31,130.07,130.3,121.64,124.2,71012.0628469
2021-01-01,124.26,134.09,122.97,126.41,130432.04714107
2021-01-02,126.32,142.18,123.27,136.92,239694.22614295
2021-01-03,136.98,164.73,135.36,161.27,408343.93336344
2021-01-04,160.88,173.47,139.53,155.35,333275.14166866
2021-01-05,155.39,162.97,146.28,158.61,187418.25558095
2021-01-06,158.67,169.71,155.11,168.84,231824.58392794
2021-01-07,169.26,181.26,160.86,169.29,387389.59840923
2021-01-08,169.07,181.58,149.55,172.0,255729.99947256
2021-01-09,172.05,179.19,163.09,177.38,129437.84589409
2021-01-10,177.43,185.75,162.14,170.28,211878.54130526
2021-01-11,170.3,170.78,112.75,139.02,726478.42669981
2021-01-12,139.02,147.35,128.0,133.79,261771.35273758
2021-01-13,133.51,148.38,125.95,147.26,119361.74989865
2021-01-14,147.33,156.84,143.31,152.59,113933.92954385
2021-01-15,152.3,155.47,130.38,143.91,114882.32257524
2021-01-16,143.61,152.82,139.11,143.7,81351.0703007
2021-01-17,143.62,147.13,136.27,143.05,46385.96849102
2021-01-18,143.03,155.0,138.67,152.06,105902.50839634
2021-01-19,152.31,166.69,150.46,151.93,149412.65054959
2021-01-20,151.74,156.25,138.17,149.92,137499.20780337
2021-01-21,149.77,150.24,125.74,129.73,206446.60014993
2021-01-22,129.76,142.14,123.0,138.06,139888.57785775
2021-01-23,137.88,143.97,135.22,137.73,37978.10774341
2021-01-24,137.65,142.94,134.1,141.17,45035.7873606
2021-01-25,141.26,147.96,136.68,137.03,90728.29013911
2021-01-26,137.13,139.83,128.47,134.82,90365.27793261
2021-01-27,134.81,135.14,118.24,122.62,113195.07841061
2021-01-28,122.51,135.84,120.82,133.1,73842.24175404
2021-01-29,133.13,146.0,131.58,134.96,137344.40567975
2021-01-30,134.78,136.43,127.95,133.46,62424.12134217
2021-01-31,133.52,135.17,125.79,129.58,41022.26505237
2021-02-01,129.44,136.79,126.02,132.13,68469.78590287
2021-02-02,132.1,146.23,132.01,142.29,123561.99628758
2021-02-03,142.34,156.71,142.27,156.18,127113.4054644
2021-02-04,156.13,158.9,141.17,145.03,81727.66687753
2021-02-05,145.09,156.96,143.5,154.96,81975.60918264
2021-02-06,154.94,164.19,149.68,155.55,116743.2961403
2021-02-07,155.71,157.39,144.84,150.81,102671.97054721
2021-02-08,150.87,169.53,147.79,167.78,171397.64509719
2021-02-09,167.77,184.51,164.26,181.67,176246.89669525
2021-02-10,181.82,195.43,170.0,181.74,239932.04977169
2021-02-11,181.83,193.58,175.8,183.8,132404.2497019
2021-02-12,183.85,199.86,176.77,196.56,192340.81901678
2021-02-13,196.71,228.84,192.08,226.05,389892.20086049
2021-02-14,226.05,230.82,208.23,213.67,150474.93670786
2021-02-15,213.67,220.24,185.5,207.63,218592.47487554
2021-02-16,208.47,222.71,200.0,210.07,145724.5845262
2021-02-17,210.59,237.26,203.58,237.25,186443.16367619
2021-02-18,237.26,239.14,220.89,226.58,138579.02327442
2021-02-19,226.86,241.89,220.0,236.32,135117.92764208
2021-02-20,236.49,246.49,213.73,226.32,187265.34403542
2021-02-21,226.18,233.43,219.85,227.0,115351.57031167
2021-02-22,226.99,227.24,178.93,207.33,259700.52652934
2021-02-23,207.9,208.52,155.43,177.41,408144.54032956
2021-02-24,177.41,189.47,168.82,181.56,115574.71852577
2021-02-25,181.4,205.26,175.26,179.7,192183.36527717
2021-02-26,179.58,182.99,162.56,170.46,175187.0278336
2021-02-27,170.16,180.35,167.28,172.2,62299.5266959
2021-02-28,171.95,173.19,153.0,165.85,106999.54754767
2021-03-01,165.77,176.45,163.89,175.93,49684.66012994
2021-03-02,176.02,185.43,171.01,179.16,56587.69884349
2021-03-03,179.3,196.64,177.13,187.76,83611.17451072
2021-03-04,187.91,194.54,177.14,180.76,62144.98461647
2021-03-05,180.79,183.73,168.85,180.52,105071.47574776
2021-03-06,180.57,184.99,174.85,182.71,55668.17518724
2021-03-07,182.93,192.19,182.28,190.63,44804.08219105
2021-03-08,191.0,195.35,179.69,192.01,121417.97524622
2021-03-09,192.01,205.25,189.3,204.21,90013.54986592
2021-03-10,204.2,208.29,191.76,200.37,98798.79705807
2021-03-11,200.63,204.0,191.22,201.74,115493.84699198
2021-03-12,201.74,224.5,198.66,221.0,172355.56803262
2021-03-13,221.24,229.98,212.38,226.22,81295.04280599
2021-03-14,226.22,228.09,213.64,213.69,38660.65782821
2021-03-15,213.72,222.47,197.88,200.76,110503.6487519
2021-03-16,200.89,204.94,191.63,201.58,64660.72877431
2021-03-17,201.58,206.88,194.01,205.58,48708.34046984
2021-03-18,205.56,208.35,198.98,199.65,66465.937987
2021-03-19,199.81,204.99,195.53,200.13,23773.38948668
2021-03-20,199.94,206.5,199.0,199.99,27288.86145175
2021-03-21,199.94,201.83,192.18,195.57,38660.86637374
2021-03-22,195.26,198.98,184.51,185.66,48774.99163347
2021-03-23,185.66,189.3,181.01,185.8,29774.26769497
2021-03-24,185.79,197.0,171.58,176.13,83584.74276609
2021-03-25,176.04,178.23,167.73,171.83,63003.41337099
2021-03-26,171.76,183.78,171.63,183.33,33742.99602358
2021-03-27,183.36,186.23,177.72,184.15,19306.34145527
2021-03-28,184.15,187.42,180.27,184.2,16217.34479105
2021-03-29,184.18,197.62,182.51,193.77,62347.7437466
2021-03-30,193.92,200.48,190.46,196.14,42863.53965474
2021-03-31,196.06,199.18,187.26,196.72,45211.89573898
2021-04-01,196.8,204.99,194.25,202.74,65576.67229796
2021-04-02,202.87,213.67,200.75,211.43,93712.24199163
2021-04-03,211.44,217.73,194.82,195.21,103432.95588792
2021-04-04,195.12,204.86,192.35,202.46,50938.37485101
2021-04-05,202.43,225.53,198.12,221.39,146694.73925058
2021-04-06,221.44,244.41,213.0,237.03,279656.38937741
2021-04-07,237.14,242.99,211.0,219.43,244764.23393836
2021-04-08,218.99,228.24,217.01,226.39,87084.38892172
2021-04-09,226.33,229.04,218.94,221.03,66183.58880261
2021-04-10,221.16,256.61,219.26,256.25,192224.3037139
2021-04-11,256.58,263.33,244.7,252.43,143018.63785308
2021-04-12,252.76,258.98,239.31,244.79,110945.65839527
2021-04-13,244.99,272.96,244.37,267.06,137359.61958557
2021-04-14,267.19,282.77,255.05,278.57,169952.67462499999
2021-04-15,278.97,291.0,266.02,286.01,109125.59735042
2021-04-16,286.01,316.57,264.24,308.0,393937.20868221
2021-04-17,308.01,335.36,296.86,300.65,297388.02094458
2021-04-18,300.27,304.49,226.63,273.78,353180.02693137
2021-04-19,273.56,281.99,250.48,261.13,125071.09097154
2021-04-20,261.24,272.95,234.93,260.74,125736.75988341
2021-04-21,260.74,276.78,250.82,257.51,113275.41222095
2021-04-22,257.47,289.6,239.36,253.01,199835.50251804
2021-04-23,252.66,257.27,207.0,241.63,240182.75767883
2021-04-24,241.41,241.61,221.04,225.38,46280.75720566
2021-04-25,225.24,236.16,211.46,223.65,51730.85625935
2021-04-26,224.06,248.48,221.46,247.81,58910.18667202
2021-04-27,247.71,263.24,244.04,259.67,47492.45326276
2021-04-28,259.94,266.74,248.63,258.7,46349.49945263
2021-04-29,258.53,262.73,248.45,255.31,69796.76636313
2021-04-30,255.36,273.24,252.55,270.94,36556.45532386
2021-05-01,270.92,277.99,265.8,276.6,33179.422293050004
2021-05-02,276.79,277.24,264.75,269.04,29725.33468345
2021-05-03,268.87,299.65,268.51,294.29,72093.54174365
2021-05-04,294.45,327.66,270.93,305.65,287457.59986399
2021-05-05,305.47,359.89,301.21,356.38,223481.99943563
2021-05-06,356.4,365.24,318.51,354.49,190816.18414123
2021-05-07,354.74,372.55,333.69,344.76,169358.24676603
2021-05-08,344.86,356.56,334.44,347.24,81254.83183761
2021-05-09,347.44,389.36,333.17,388.42,127426.32549185
2021-05-10,388.07,413.46,334.0,359.05,228355.02982097
2021-05-11,358.92,379.74,344.9,377.75,141353.96065836
2021-05-12,378.1,394.08,302.0,311.07,208694.68007965
2021-05-13,310.66,332.77,292.04,318.14,176347.79091462
2021-05-14,318.49,339.1,308.47,326.62,84451.5683053
2021-05-15,326.83,332.49,297.0,300.74,81464.5856578
2021-05-16,300.61,325.02,280.72,297.01,119024.64605469
2021-05-17,296.76,297.21,262.0,280.91,215768.85443557
2021-05-18,281.51,318.0,278.41,294.14,149677.97459675
2021-05-19,294.25,300.7,144.1,186.44,792420.79598722
2021-05-20,186.32,224.89,167.0,210.99,639983.10568618
2021-05-21,210.94,219.17,157.37,180.81,260672.93611221
2021-05-22,180.5,185.19,162.27,169.75,126945.86763087
2021-05-23,169.72,176.81,118.5,142.61,344903.43308177
2021-05-24,142.73,185.46,140.01,185.46,210168.7450165
2021-05-25,185.28,194.68,167.35,184.2,79801.99968765
2021-05-26,183.86,204.4,179.67,199.13,55075.98356664
2021-05-27,199.13,209.0,180.67,194.28,57451.16313871
2021-05-28,194.18,199.06,165.52,177.41,90977.62272315
2021-05-29,177.26,188.68,157.6,163.76,89052.73613764
2021-05-30,163.86,180.86,154.88,170.63,39513.43463966
2021-05-31,170.26,188.57,163.51,188.2,50036.6806215
2021-06-01,188.01,193.17,175.86,182.88,30298.31938037
2021-06-02,182.88,191.24,178.32,187.15,23378.95200404
2021-06-03,187.15,197.66,182.1,193.24,20582.39195866
2021-06-04,193.49,193.59,168.98,178.55,54373.06272561
2021-06-05,178.6,185.61,167.65,173.07,26046.05393639
2021-06-06,173.03,180.0,172.3,176.24,16233.92361134
2021-06-07,176.23,182.21,160.22,161.92,39394.61481175
2021-06-08,161.87,164.51,145.12,160.62,66966.54979301
2021-06-09,160.81,173.24,152.5,172.46,60947.17970265
2021-06-10,172.53,174.53,162.17,168.09,32739.01651525
2021-06-11,168.22,173.71,160.57,162.94,24211.42197495
2021-06-12,162.82,164.63,154.07,161.63,99894.14706556
2021-06-13,161.92,171.62,156.5,170.81,15877.80435202
2021-06-14,170.88,179.86,166.5,179.84,23136.03749519
2021-06-15,179.82,181.12,172.0,175.55,22266.60175024
2021-06-16,175.03,177.28,164.21,166.59,25310.24615964
2021-06-17,166.59,173.3,162.76,166.81,33662.68664742
2021-06-18,166.94,167.33,151.25,156.33,22102.82699906
2021-06-19,156.38,160.94,152.58,152.79,12076.05348914
2021-06-20,152.77,156.47,144.04,155.06,30196.79482579
2021-06-21,155.24,155.63,124.4,124.98,134760.05658441
2021-06-22,124.77,133.57,105.78,119.87,192500.28011649
2021-06-23,119.87,133.72,115.66,129.24,40233.47379813
2021-06-24,129.21,137.3,123.82,134.64,26145.79055697
2021-06-25,134.74,138.49,124.3,125.0,47664.7861524
2021-06-26,125.01,129.35,118.82,127.03,45021.22628405
2021-06-27,127.02,132.81,124.8,132.75,38725.66238041
2021-06-28,132.77,139.6,130.08,137.44,22715.58724123
2021-06-29,137.73,149.31,137.23,144.21,21944.92113885
2021-06-30,144.32,146.95,139.55,144.25,28357.06249923
2021-07-01,144.37,144.37,134.01,137.29,44001.34469135
2021-07-02,137.09,138.98,130.62,136.97,19419.28230847
2021-07-03,136.87,141.48,134.59,140.26,14997.8301102
2021-07-04,140.31,148.1,136.94,144.86,29216.7948556
2021-07-05,144.96,144.96,133.82,137.69,42330.61026403
2021-07-06,137.68,142.76,135.69,138.9,19554.73378972
2021-07-07,139.03,143.0,137.06,137.49,11110.75170168
2021-07-08,137.47,137.85,127.5,132.21,47301.10185379
2021-07-09,131.99,135.79,125.82,134.39,22503.93314567
2021-07-10,134.39,136.68,130.28,134.05,12065.69871601
2021-07-11,134.01,136.42,132.1,134.33,8138.10158127
2021-07-12,134.29,139.61,131.77,133.36,24719.82508343
2021-07-13,133.24,134.7,129.39,131.59,19454.65163076
2021-07-14,131.57,132.51,123.67,131.09,16592.26537238
2021-07-15,131.03,133.16,122.0,126.0,18083.85045416
2021-07-16,125.88,127.88,120.4,120.71,13854.94342593
2021-07-17,120.71,123.06,117.86,119.97,16325.5974567
2021-07-18,120.07,124.15,116.31,119.25,32232.46754602
2021-07-19,119.32,120.87,112.02,113.11,20167.11199436
2021-07-20,113.2,115.14,104.0,107.32,27480.71854641
2021-07-21,107.34,119.29,105.12,117.67,25401.90208088
2021-07-22,117.59,122.1,115.74,120.75,12171.02240581
2021-07-23,120.83,125.05,117.06,124.23,14771.52811891
2021-07-24,124.25,127.92,123.43,126.12,16730.8636395
2021-07-25,126.18,128.2,123.69,127.67,6759.16668168
2021-07-26,127.83,140.44,127.08,131.11,40320.57505999
2021-07-27,131.2,135.25,127.42,134.91,15156.34369578
2021-07-28,134.91,142.0,132.35,140.46,23703.07385854
2021-07-29,140.55,143.18,136.74,141.52,12368.00488351
2021-07-30,141.54,145.84,136.04,145.58,16338.72092187
2021-07-31,145.55,146.61,141.81,144.31,10751.37567662
2021-08-01,144.38,149.62,138.12,140.34,18563.46328247
2021-08-02,140.34,145.9,138.9,141.38,14004.3075911
2021-08-03,141.4,143.19,135.77,138.49,7996.05479965
2021-08-04,138.59,144.48,135.59,142.53,10557.57808487
2021-08-05,142.61,145.22,136.12,143.42,16040.29521982
2021-08-06,143.68,150.93,141.94,147.87,18772.61128414
2021-08-07,148.09,156.31,147.15,155.97,46715.12364579
2021-08-08,155.97,157.55,146.66,149.64,21705.36691302
2021-08-09,149.64,170.82,145.17,166.5,52893.07249344
2021-08-10,166.36,168.35,158.74,165.4,40265.66978013
2021-08-11,165.41,175.96,164.26,170.76,34461.4819177
2021-08-12,170.65,179.6,160.66,165.44,25125.63569243
2021-08-13,165.46,184.69,164.02,183.43,34787.72827487
2021-08-14,183.49,185.12,174.58,182.97,32579.68337686
2021-08-15,182.95,186.93,175.3,184.96,32661.60285134
2021-08-16,184.82,189.35,176.74,178.09,45406.14764477
2021-08-17,178.09,184.47,168.03,168.47,26954.1301907
2021-08-18,168.73,174.66,163.03,166.63,28994.7718322
2021-08-19,166.64,175.95,162.61,175.7,32258.20572606
2021-08-20,175.89,184.16,174.24,183.68,28544.91816615
2021-08-21,183.69,184.6,176.69,179.54,23863.29706641
2021-08-22,179.77,189.84,178.54,185.98,35467.21081408
2021-08-23,185.98,191.73,183.64,187.34,27649.58094027
2021-08-24,187.19,188.7,172.28,173.57,71203.90560653
2021-08-25,173.39,179.07,169.17,177.61,20797.02619588
2021-08-26,177.76,180.21,165.14,167.59,23694.25439631
2021-08-27,167.64,176.43,165.09,176.36,21943.37798263
2021-08-28,176.41,177.25,171.31,175.59,16123.40423235
2021-08-29,175.71,182.84,173.09,174.43,27716.15667926
2021-08-30,174.41,176.57,166.54,167.54,17102.25915681
2021-08-31,167.4,175.4,165.66,171.58,32360.65916324
2021-09-01,171.56,182.8,168.72,181.0,52396.95435402
2021-09-02,180.83,187.95,179.43,183.36,59177.18841199
2021-09-03,183.34,217.74,179.76,212.86,106441.45429648
2021-09-04,213.02,225.21,208.44,211.65,81423.21824788
2021-09-05,212.01,232.71,210.41,232.35,193311.16073631
2021-09-06,232.42,232.48,215.19,219.43,96320.99010598
2021-09-07,219.5,221.92,155.21,177.96,217298.1267881
2021-09-08,178.38,188.75,169.0,179.76,196403.6182279
2021-09-09,179.69,188.66,176.6,180.42,64838.28227146
2021-09-10,180.43,187.45,170.64,174.13,42261.42060987
2021-09-11,174.25,186.0,173.43,178.39,40468.19978098
2021-09-12,178.49,186.12,175.17,183.0,27540.24719766
2021-09-13,183.0,236.49,170.82,179.25,303904.67085889
2021-09-14,179.32,189.0,176.11,182.83,85366.28583305
2021-09-15,183.14,191.99,179.81,189.13,64934.44666707
2021-09-16,189.11,195.4,181.66,185.32,106200.10219421
2021-09-17,185.39,190.69,177.65,179.99,95156.37353184
2021-09-18,180.11,185.86,177.95,181.43,38411.46364917
2021-09-19,181.36,181.69,172.55,175.64,52936.29087836
2021-09-20,175.67,175.96,153.63,157.34,168156.35880495
2021-09-21,157.25,162.4,144.81,148.44,141132.5305871
2021-09-22,148.51,161.9,145.28,161.5,87159.9062825
2021-09-23,161.48,165.0,157.21,164.1,49240.49707436
2021-09-24,163.88,166.65,141.93,152.23,138553.05262085
2021-09-25,152.25,156.25,148.82,151.11,80613.31769453001
2021-09-26,151.13,153.53,142.06,150.88,147727.13377196
2021-09-27,150.74,155.0,144.85,145.06,84290.6184775
2021-09-28,145.03,149.0,140.11,140.68,84947.66771173
2021-09-29,140.49,150.37,139.75,144.79,54871.54010703
2021-09-30,144.82,154.76,143.96,153.19,77134.04225438
2021-10-01,153.31,168.17,151.2,166.26,79554.17242583
2021-10-02,166.28,173.6,164.64,169.11,55766.7486689
2021-10-03,169.02,175.0,165.93,170.56,54045.18429975
2021-10-04,170.59,170.8,161.48,167.6,61176.10972178
2021-10-05,167.6,175.45,166.69,173.9,112521.29123691
2021-10-06,173.88,183.23,163.97,178.5,151042.78531357
2021-10-07,178.56,187.22,173.58,178.43,144893.01969527
2021-10-08,178.64,183.57,174.46,175.77,177115.3974327
2021-10-09,175.91,183.94,174.44,179.93,76295.33542278
2021-10-10,180.0,183.99,174.3,174.86,71322.17864986
2021-10-11,174.75,185.26,172.41,179.24,53702.76805227
2021-10-12,179.09,179.09,166.37,172.63,83403.8891079
2021-10-13,172.55,179.67,167.73,177.69,28378.940701
2021-10-14,177.68,187.01,177.13,181.39,112122.70025675
2021-10-15,181.48,192.99,176.62,189.61,121433.72045828
2021-10-16,189.61,192.67,185.06,185.99,38882.14905611
2021-10-17,185.96,188.05,176.31,183.82,33879.03641045
2021-10-18,183.78,187.64,178.61,185.52,47911.90659574
2021-10-19,185.68,191.82,182.32,188.82,49085.2413306
2021-10-20,188.65,209.43,185.67,207.41,75688.96727397
2021-10-21,207.34,214.65,195.15,196.73,101932.13057251999
2021-10-22,196.88,201.35,187.21,190.93,156594.7537178
2021-10-23,190.95,198.06,188.84,196.41,50712.97699912
2021-10-24,196.28,199.79,185.28,190.45,39154.20766518
2021-10-25,190.39,197.3,189.53,195.37,24886.65725554
2021-10-26,195.51,199.21,190.41,197.43,35401.16617405
2021-10-27,197.52,204.87,171.25,179.13,116757.11750348
2021-10-28,179.11,194.43,177.49,189.85,64964.18606111
2021-10-29,189.87,198.58,188.22,196.62,42874.82868597
2021-10-30,196.62,197.24,186.76,190.41,24427.07112685
2021-10-31,190.27,195.17,186.66,191.89,27533.06359934
2021-11-01,191.95,201.25,187.93,197.82,45442.05286759
2021-11-02,197.58,205.04,194.93,201.01,42231.26599686
2021-11-03,201.02,209.49,197.41,206.97,56178.54300563
2021-11-04,207.23,207.23,196.29,203.03,33859.89149558
2021-11-05,202.59,203.39,196.8,198.98,27686.06668164
2021-11-06,198.98,201.29,191.25,197.58,21193.43509023
2021-11-07,197.64,202.18,197.07,202.14,22642.12928608
2021-11-08,202.14,229.81,202.09,228.84,270878.06612293
2021-11-09,228.94,275.66,226.44,262.27,665974.35514481
2021-11-10,262.28,295.4,251.7,260.13,979846.74234373
2021-11-11,260.15,273.9,250.65,262.39,224920.23944479
2021-11-12,262.24,282.75,243.97,251.15,339420.43526289
2021-11-13,251.14,263.97,245.38,257.94,130526.09509819
2021-11-14,257.77,279.28,248.42,279.16,235850.09811378
2021-11-15,279.18,281.32,258.89,262.91,156155.49846326
2021-11-16,262.89,263.05,221.95,230.33,410771.32957085
2021-11-17,230.32,235.31,218.3,229.82,200145.32685831
2021-11-18,229.72,232.39,199.8,204.22,214118.93992617
2021-11-19,204.31,221.38,199.67,218.31,155557.1209732
2021-11-20,218.12,227.71,213.15,227.08,124994.78181238
2021-11-21,226.9,230.88,220.1,221.43,80128.14827205
2021-11-22,221.79,222.1,205.4,209.28,127762.62522948
2021-11-23,209.22,218.76,205.32,216.32,62072.91035191
2021-11-24,216.41,217.69,206.12,212.42,86211.79989491
2021-11-25,212.48,229.82,210.83,223.01,78949.43431729
2021-11-26,223.57,225.12,189.75,195.97,215186.57929353
2021-11-27,195.97,201.16,191.19,195.44,47148.488526170004
2021-11-28,195.22,200.34,182.63,199.77,104895.79877913
2021-11-29,199.66,209.72,195.47,205.87,92937.8310375
2021-11-30,205.83,219.87,197.81,207.84,115054.84712896
2021-12-01,208.01,217.79,205.01,208.93,69075.2465007
2021-12-02,208.88,210.19,200.12,203.7,65130.26921408
2021-12-03,203.86,208.22,180.06,188.27,78157.16360322
2021-12-04,188.12,189.25,126.8,162.99,340391.67204916
2021-12-05,163.04,165.07,148.17,156.61,135132.03136478
2021-12-06,156.67,164.71,141.62,161.51,119268.79961226
2021-12-07,161.54,166.02,158.33,162.13,68551.07943143
2021-12-08,162.13,170.32,156.1,165.22,78346.57642387
2021-12-09,165.26,167.13,151.4,151.56,79294.85411105
2021-12-10,151.5,160.05,147.66,148.51,120176.53367128
2021-12-11,148.55,159.58,145.81,158.14,85223.65143397
2021-12-12,158.29,162.96,153.37,159.12,53407.72661306
2021-12-13,159.01,159.94,142.91,144.69,82631.24389795
2021-12-14,144.72,152.05,143.16,150.71,64584.70577437
2021-12-15,150.48,155.21,141.86,153.66,70641.32860343
2021-12-16,153.67,156.78,148.65,148.87,46374.68744353
2021-12-17,148.92,150.41,141.24,144.08,54804.00869773
2021-12-18,144.01,150.4,142.9,148.79,30152.21543634
2021-12-19,148.84,161.07,147.68,153.31,86989.37355655
2021-12-20,153.31,157.47,145.29,152.81,69350.99934785
2021-12-21,152.75,156.47,149.1,154.86,69506.94422654
2021-12-22,154.78,160.17,153.02,155.43,68914.04752826
2021-12-23,155.5,165.2,153.19,163.72,82878.96468523
2021-12-24,163.74,166.82,160.23,161.18,57408.63375867
2021-12-25,161.43,163.68,157.58,157.89,45495.59493143
2021-12-26,157.85,158.55,153.16,155.93,66053.29130385
2021-12-27,155.99,161.37,154.59,156.02,42048.38485399
2021-12-28,155.92,155.95,144.44,145.68,71570.51259694
2021-12-29,145.75,150.99,144.09,145.41,73837.39151231
2021-12-30,145.58,150.05,142.61,148.1,65297.59292568
2021-12-31,148.04,152.82,143.75,146.16,65835.5442149
2022-01-01,146.2,151.03,146.18,150.72,38229.95151796
2022-01-02,150.8,153.42,147.83,151.14,41611.44451949
2022-01-03,151.13,151.25,146.0,148.42,52291.94226175
2022-01-04,148.42,151.67,145.28,146.52,56989.55390686
2022-01-05,146.52,149.92,129.93,135.28,102325.33709377
2022-01-06,135.32,138.11,132.4,136.03,120433.28396178
2022-01-07,135.89,136.54,126.0,131.24,145340.08123244
2022-01-08,131.37,134.69,124.84,129.33,93993.55593624
2022-01-09,129.41,132.59,127.8,130.84,54373.15114729
2022-01-10,130.85,131.54,120.73,126.55,97091.60900156
2022-01-11,126.5,133.5,125.82,131.67,81310.18195912
2022-01-12,131.57,142.18,130.95,142.01,69759.94129495
2022-01-13,141.96,142.34,134.6,136.81,73642.82457681
2022-01-14,136.89,146.46,135.9,144.69,120527.3426212
2022-01-15,144.85,150.73,144.03,147.66,84927.23532093
2022-01-16,147.73,149.0,143.23,146.41,50226.09972951
2022-01-17,146.46,154.04,143.98,151.27,131723.64699832
2022-01-18,151.25,153.5,138.66,141.58,126677.10253805
2022-01-19,141.54,143.1,133.21,136.12,54401.76804499
2022-01-20,136.34,142.96,128.97,129.92,44458.38698491
2022-01-21,129.67,131.12,109.65,114.85,106231.31780649
2022-01-22,114.6,117.12,96.335,108.48,133872.4304983
2022-01-23,108.56,112.9,105.74,112.37,78464.66165805
2022-01-24,112.43,112.47,97.409,109.59,136859.59460316
2022-01-25,109.62,110.0,105.31,107.9,37313.90105929
2022-01-26,107.97,116.68,104.78,107.06,66932.12025991
2022-01-27,106.93,110.03,102.94,107.15,74213.52102952
2022-01-28,107.02,110.16,105.29,109.53,43972.49238944
2022-01-29,109.47,112.41,107.64,110.72,36889.17020735
2022-01-30,110.87,112.3,107.1,108.76,37806.72851134
2022-01-31,108.66,111.48,104.4,109.61,53824.47119999
2022-02-01,109.55,116.99,108.29,115.06,48998.50757672
2022-02-02,115.15,116.0,107.31,108.36,46037.31926796
2022-02-03,108.25,111.23,105.5,110.99,33969.23697406
2022-02-04,111.19,121.48,108.84,121.38,59499.88610536
2022-02-05,121.47,123.89,118.9,121.93,48629.51993335
2022-02-06,121.83,128.25,120.69,127.68,44211.59694863
2022-02-07,127.72,139.91,125.15,137.45,81516.26748656
2022-02-08,137.55,142.93,130.65,133.74,83681.54190452
2022-02-09,133.93,141.12,132.12,140.15,57191.72424269
2022-02-10,140.23,144.07,133.9,134.67,77322.45028639
2022-02-11,134.75,134.93,124.92,125.8,73630.95233427
2022-02-12,125.75,127.74,121.05,126.66,55092.29963977
2022-02-13,126.79,128.97,123.57,125.7,29430.89497745
2022-02-14,125.86,127.06,121.43,124.7,31682.12394995
2022-02-15,124.62,132.69,124.06,131.65,38027.41802545
2022-02-16,131.75,131.84,125.56,127.76,28249.43371019
2022-02-17,127.94,129.07,115.0,116.44,67527.18164586
2022-02-18,116.38,123.59,114.24,114.97,122325.08452889
2022-02-19,114.94,117.3,113.08,115.71,34900.96976892
2022-02-20,115.66,115.81,108.58,110.73,39495.03735718
2022-02-21,110.82,114.7,102.09,102.94,64630.61894251
2022-02-22,102.85,107.99,100.38,107.59,56364.35127608
2022-02-23,107.58,111.59,105.04,105.57,42232.74089659
2022-02-24,105.58,108.05,91.673,104.34,113014.33154938
2022-02-25,104.33,110.71,101.71,109.31,46809.32409309
2022-02-26,109.46,115.38,106.66,108.21,37363.34929806
2022-02-27,108.34,110.23,101.36,103.03,38655.85909827
2022-02-28,103.04,114.03,101.32,113.87,56180.18105604
2022-03-01,113.87,116.31,110.02,112.67,47722.03692677
2022-03-02,112.74,114.8,109.2,110.39,33295.17136817
2022-03-03,110.4,113.11,107.9,111.88,41458.37753727
2022-03-04,111.88,112.71,99.027,101.1,41563.17650365
2022-03-05,101.1,105.4,99.45,104.93,19648.8495052
2022-03-06,104.91,106.06,100.71,101.19,20531.3918329
2022-03-07,101.14,103.98,96.274,98.45,35625.30582493
2022-03-08,98.43,102.65,97.791,100.75,25164.15001657
2022-03-09,100.8,109.32,100.51,106.97,25096.05113736
2022-03-10,107.06,107.15,99.691,102.61,22251.23987894
2022-03-11,102.59,106.92,99.761,104.53,25534.90286642
2022-03-12,104.5,107.99,104.5,105.47,10603.12612217
2022-03-13,105.51,107.48,101.01,101.71,9773.45918605
2022-03-14,101.72,106.48,100.82,105.79,21636.16535365
2022-03-15,105.65,108.7,102.63,107.0,20071.24046385
2022-03-16,107.01,112.29,105.79,111.47,33736.13008146
2022-03-17,111.39,111.77,108.73,110.3,10920.16783602
2022-03-18,110.25,113.0,107.88,112.0,12569.9593658
2022-03-19,111.86,117.35,111.37,116.76,24352.64121018
2022-03-20,116.82,118.47,111.29,114.77,19062.31644083
2022-03-21,114.92,116.79,112.92,116.14,15814.83849425
2022-03-22,116.09,124.31,115.64,122.79,45115.74410119
2022-03-23,122.79,124.52,118.61,122.55,14488.08460938
2022-03-24,122.42,127.7,120.06,126.44,26687.27181307
2022-03-25,126.41,127.28,121.65,123.95,16828.53952616
2022-03-26,123.92,125.61,121.97,124.9,11378.23483997
2022-03-27,124.93,129.71,123.31,129.55,19705.27040548
2022-03-28,129.65,132.71,126.78,127.43,28383.31187263
2022-03-29,127.5,132.01,127.07,130.03,26707.03498416
2022-03-30,130.08,134.09,125.59,131.04,34630.59211235
2022-03-31,131.07,132.86,121.08,123.91,44030.4329684
2022-04-01,123.84,126.46,119.17,124.96,15404.91586156
2022-04-02,124.95,128.36,123.63,124.79,28637.19310798
2022-04-03,124.83,129.52,123.76,128.7,20784.36997086
2022-04-04,128.83,128.83,121.19,124.81,25463.66798754
2022-04-05,124.8,127.33,122.53,122.79,13161.40953451
2022-04-06,122.65,123.24,111.25,111.78,49742.29489875
2022-04-07,111.67,114.98,110.09,114.14,12945.79020386
2022-04-08,114.05,115.26,109.57,110.76,25443.95283804
2022-04-09,110.69,112.98,110.06,112.65,19142.6869612
2022-04-10,112.72,114.57,110.08,110.26,23831.60115789
2022-04-11,110.32,110.7,102.0,102.59,49290.18907017
2022-04-12,102.58,105.84,101.74,104.97,33186.99218028
2022-04-13,104.97,110.84,104.02,110.61,51729.52871342
2022-04-14,110.59,112.33,106.01,107.4,43231.40178032
2022-04-15,107.31,112.96,107.04,111.03,57213.75347398
2022-04-16,110.96,114.96,110.24,114.42,37378.14584043
2022-04-17,114.41,115.23,108.36,108.88,35496.4293394
2022-04-18,108.81,111.56,105.28,111.29,48586.45619903
2022-04-19,111.36,114.18,110.66,113.9,18542.35564199
2022-04-20,113.9,114.21,110.63,111.91,29760.87224344
2022-04-21,111.85,114.58,105.39,106.79,31669.13014779
2022-04-22,106.7,108.73,104.78,105.39,22052.58068699
2022-04-23,105.35,107.23,104.3,105.16,24676.68775868
2022-04-24,105.23,106.02,103.5,104.59,11946.17741766
2022-04-25,104.61,104.94,98.34,104.56,55012.36494488
2022-04-26,104.59,105.39,96.411,98.649,38639.89303788
2022-04-27,98.614,101.94,97.74,100.64,19503.17844294
2022-04-28,100.58,104.44,99.73,103.34,75754.60309958
2022-04-29,103.36,104.56,98.326,100.4,46194.58822028
2022-04-30,100.53,101.63,94.111,95.928,26368.53715678
2022-05-01,95.85,100.07,94.38,99.262,24725.13162027
2022-05-02,99.28,101.94,98.37,100.7,24937.98587152
2022-05-03,100.67,101.49,97.51,99.403,21965.13107922
2022-05-04,99.343,107.24,99.046,106.2,59029.6259399
2022-05-05,106.24,106.94,94.78,96.947,72109.85071705
2022-05-06,96.881,98.423,92.88,96.68,50582.62962926
2022-05-07,96.691,97.437,92.73,94.332,28820.36289443
2022-05-08,94.361,95.84,91.611,94.026,37240.63447135
2022-05-09,93.941,94.965,75.32,76.369,135459.22643076
2022-05-10,76.218,85.044,73.289,80.281,123225.53558499
2022-05-11,80.205,82.891,64.159,66.475,160715.49334049
2022-05-12,66.693,69.9,54.0,64.546,162607.72033483
2022-05-13,64.489,73.426,63.306,67.817,183206.40303499
2022-05-14,67.862,70.328,64.16,68.861,134140.66874517
2022-05-15,68.891,71.7,65.933,71.559,177221.03043233
2022-05-16,71.536,71.536,64.875,67.19,124238.21639906
2022-05-17,67.214,73.862,66.919,73.08,99116.66019956
2022-05-18,73.12,74.332,65.703,65.846,57889.43739522
2022-05-19,65.908,72.747,64.576,72.119,70671.89473123
2022-05-20,72.105,73.455,66.747,68.593,103996.26621826
2022-05-21,68.572,70.649,67.829,69.866,42223.75083135
2022-05-22,69.901,72.534,69.343,71.639,27365.30502597
2022-05-23,71.585,73.938,68.251,69.005,67949.45774668
2022-05-24,68.991,70.762,67.0,70.233,83976.30084992
2022-05-25,70.226,71.726,67.766,68.258,65237.65007995
2022-05-26,68.235,68.794,60.355,63.391,69842.07168228
2022-05-27,63.402,64.12,60.862,61.493,41404.32380429
2022-05-28,61.521,64.05,61.257,63.092,68308.93141672
2022-05-29,63.022,64.392,61.84,63.632,66748.90325362
2022-05-30,63.622,69.819,63.25,69.12,82258.97524057
2022-05-31,69.04,69.758,66.725,68.322,42801.27494236
2022-06-01,68.411,70.649,61.729,62.675,130699.10668592
2022-06-02,62.681,64.846,62.12,64.467,66222.29937922
2022-06-03,64.462,64.919,61.439,62.569,28202.82539168
2022-06-04,62.646,64.409,61.342,63.769,28286.52904623
2022-06-05,63.815,63.93,61.732,63.117,30120.30713704
2022-06-06,63.153,66.561,62.901,64.47,47560.59089348
2022-06-07,64.467,65.506,60.17,63.856,51225.74849009
2022-06-08,63.83,64.529,61.151,61.438,20438.59632395
2022-06-09,61.452,62.429,59.22,60.249,17830.22289116
2022-06-10,60.27,60.47,55.557,56.713,62374.34636416
2022-06-11,56.73,57.809,51.705,52.183,228718.35426112
2022-06-12,52.188,52.687,47.327,48.027,125808.83139708
2022-06-13,48.02,48.341,41.011,43.516,172219.45858507
2022-06-14,43.451,46.535,40.347,46.185,179408.19279487
2022-06-15,46.19,51.034,41.651,50.674,164297.09334284
2022-06-16,50.729,51.27,44.018,44.813,84018.94639161
2022-06-17,44.833,48.355,44.473,47.507,145693.8059103
2022-06-18,47.507,48.282,41.438,47.198,124303.8748204
2022-06-19,47.145,56.37,44.864,54.259,426997.32263692
2022-06-20,54.175,54.76,51.313,52.735,113234.82934285
2022-06-21,52.733,55.668,51.821,53.429,35790.15130675
2022-06-22,53.454,53.46,50.34,52.051,31137.53682729
2022-06-23,52.094,56.744,51.854,55.65,48140.03746271
2022-06-24,55.71,57.17,54.246,55.775,23404.80827288
2022-06-25,55.785,59.75,54.556,58.855,29736.77153807
2022-06-26,58.836,60.463,56.62,56.631,21627.41663228
2022-06-27,56.621,58.608,54.818,55.83,30798.92460689
2022-06-28,55.813,57.06,52.532,52.631,27090.03779973
2022-06-29,52.69,54.4,51.346,53.635,31456.77493767
2022-06-30,53.65,53.985,50.137,53.736,34639.00022158
2022-07-01,53.865,56.239,50.042,51.141,29406.42139515
2022-07-02,51.187,51.656,49.731,50.499,11741.92895055
2022-07-03,50.484,52.27,49.09,50.931,17795.06333341
2022-07-04,50.854,52.435,49.69,52.207,15635.65689472
2022-07-05,52.267,52.48,47.856,49.73,21505.50324675
2022-07-06,49.69,51.25,48.93,50.328,9354.48017356
2022-07-07,50.328,52.578,49.732,52.091,15685.54376025
2022-07-08,52.091,53.962,50.718,51.34,45594.78814737
2022-07-09,51.322,54.819,51.322,54.034,12345.59598654
2022-07-10,54.034,55.1,50.628,52.107,33005.76618323
2022-07-11,52.107,52.26,48.185,48.69,18869.7344885
2022-07-12,48.679,49.372,47.197,47.265,28669.94177324
2022-07-13,47.255,49.727,46.4,49.52,26692.01044468
2022-07-14,49.564,51.769,47.94,51.262,12120.08171103
2022-07-15,51.335,52.749,50.636,51.735,11729.515547859999
2022-07-16,51.778,55.67,51.029,55.14,16080.79777846
2022-07-17,55.147,57.047,54.423,55.7,19783.56498866
2022-07-18,55.751,59.337,55.263,58.679,43973.07141447
2022-07-19,58.625,59.6,55.808,57.9,38987.8869098
2022-07-20,57.9,61.678,56.4,57.175,28781.31588585
2022-07-21,57.175,58.606,55.163,58.0,9663.63823359
2022-07-22,58.02,59.199,55.521,56.111,14154.22185533
2022-07-23,56.053,57.258,54.5,56.329,11529.13213165
2022-07-24,56.304,59.779,56.296,58.416,9866.62908285
2022-07-25,58.36,59.027,53.88,53.88,13402.29487885
2022-07-26,53.961,54.151,51.97,53.9,15780.23720536
2022-07-27,53.925,59.07,53.026,59.008,19066.15597448
2022-07-28,59.035,64.27,58.02,63.479,28861.02355777
2022-07-29,63.41,64.679,59.793,60.648,22266.01369171
2022-07-30,60.656,64.102,59.933,60.458,23754.19961739
2022-07-31,60.417,63.069,59.614,59.736,10133.10652116
2022-08-01,59.723,60.723,58.252,59.48,9578.92696552
2022-08-02,59.452,59.829,56.625,58.069,10682.99085763
2022-08-03,58.088,60.189,56.716,57.74,13954.0232641
2022-08-04,57.756,60.77,57.6,59.631,14128.89936838
2022-08-05,59.649,62.561,59.61,62.464,14810.81958922
2022-08-06,62.444,62.525,60.438,60.794,5036.80183665
2022-08-07,60.735,62.019,59.829,61.08,6404.15835655
2022-08-08,61.112,64.07,60.79,62.613,11720.599424080001
2022-08-09,62.599,62.815,58.224,59.14,10820.55316802
2022-08-10,59.099,62.292,57.456,61.589,22472.8540831
2022-08-11,61.569,63.424,61.461,61.904,16356.21982887
2022-08-12,61.931,63.07,60.652,62.958,13282.21686973
2022-08-13,62.911,65.637,62.634,63.791,13241.17698975
2022-08-14,63.838,65.8,62.39,63.179,8165.89561663
2022-08-15,63.15,65.348,59.653,60.65,11585.32029305
2022-08-16,60.633,61.763,59.945,61.347,8099.89152591
2022-08-17,61.334,64.708,59.706,60.49,15544.96411964
2022-08-18,60.44,61.68,59.358,60.03,6661.64487327
2022-08-19,59.993,60.154,53.244,54.041,30651.84296778
2022-08-20,53.983,55.621,52.611,54.06,18870.41329829
2022-08-21,54.077,55.998,53.8,55.628,11364.52267816
2022-08-22,55.653,57.455,52.32,57.222,20546.10986702
2022-08-23,57.203,57.785,53.956,57.065,8857.84449571
2022-08-24,57.097,57.716,55.55,56.413,7162.37124846
2022-08-25,56.486,57.549,55.85,56.636,7231.56135783
2022-08-26,56.605,58.298,52.12,52.73,17299.78058774
2022-08-27,52.69,53.469,51.72,53.017,54541.97569997
2022-08-28,53.052,56.03,52.451,53.412,19873.92889987
2022-08-29,53.401,56.769,52.503,55.846,11296.87764043
2022-08-30,55.833,56.268,51.862,53.044,12996.47454396
2022-08-31,52.975,55.27,52.975,53.805,10324.54320747
2022-09-01,53.736,57.85,53.206,57.612,17556.64387629
2022-09-02,57.552,62.449,56.508,61.069,29938.73086871
2022-09-03,61.049,62.264,59.54,60.163,15300.34445269
2022-09-04,60.127,61.039,58.6,60.93,12120.42044171
2022-09-05,60.929,61.66,59.268,60.354,7042.94536883
2022-09-06,60.41,62.776,54.039,54.097,23103.22190256
2022-09-07,54.109,58.249,52.919,57.35,27197.29450518
2022-09-08,57.281,58.647,56.054,57.919,12895.29289639
2022-09-09,57.938,61.97,57.702,61.196,18863.95228462
2022-09-10,61.204,64.761,60.561,63.337,20710.14268273
2022-09-11,63.309,64.48,61.283,62.219,5727.32263945
2022-09-12,62.16,63.205,60.116,61.43,9981.39445949
2022-09-13,61.364,67.471,58.34,59.111,50596.60011902
2022-09-14,59.119,61.24,58.2,60.183,13686.53473021
2022-09-15,60.184,60.879,55.886,56.402,38964.01574918
2022-09-16,56.403,56.988,54.62,55.978,9521.09293772
2022-09-17,55.961,58.723,55.879,57.898,23448.18932112
2022-09-18,57.837,57.84,52.072,52.667,27768.53863905
2022-09-19,52.666,53.732,50.0,52.92,36499.67879994
2022-09-20,52.889,53.8,50.909,52.343,35181.69891434
2022-09-21,52.321,55.535,50.25,51.119,26875.0413284
2022-09-22,51.079,54.15,50.634,53.551,5355.67696017
2022-09-23,53.61,55.334,51.421,55.265,10287.31765707
2022-09-24,55.266,56.0,53.178,53.448,17755.40791387
2022-09-25,53.444,54.453,52.284,52.596,12109.00928909
2022-09-26,52.536,53.768,51.932,53.452,11289.91767473
2022-09-27,53.452,55.808,51.84,52.68,15481.38070617
2022-09-28,52.685,53.865,51.021,53.329,13755.47936174
2022-09-29,53.373,54.237,52.284,53.976,14773.34573417
2022-09-30,53.987,55.1,52.871,53.46,5525.96680728
2022-10-01,53.518,53.845,52.437,52.93,4092.35925941
2022-10-02,52.89,53.47,51.726,51.813,3635.88959472
2022-10-03,51.834,54.361,51.514,54.192,4081.72696549
2022-10-04,54.172,55.708,53.901,55.296,5091.98599219
2022-10-05,55.306,55.308,53.341,54.637,3926.17300179
2022-10-06,54.611,55.057,53.343,53.507,4829.79872133
2022-10-07,53.506,53.85,52.307,52.882,8751.23199436
2022-10-08,52.845,53.548,52.397,52.816,3666.23915465
2022-10-09,52.745,53.992,52.701,53.977,3505.12267822
2022-10-10,53.924,54.463,52.4,52.59,31736.31513482
2022-10-11,52.589,52.628,51.194,52.04,18398.32550717
2022-10-12,52.041,63.529,51.866,52.208,55738.48983901
2022-10-13,52.211,52.523,48.35,51.154,26918.58406591
2022-10-14,51.084,52.58,50.911,51.335,14492.34734209
2022-10-15,51.338,51.679,50.286,50.37,3458.8033781
2022-10-16,50.33,51.852,50.304,51.447,6419.41928274
2022-10-17,51.447,52.196,51.1,51.821,4882.26183708
2022-10-18,51.857,52.242,50.765,51.898,8725.03795014
2022-10-19,51.961,52.013,50.762,50.948,5092.52113181
2022-10-20,50.969,52.12,50.578,51.2,4792.64721466
2022-10-21,51.245,51.849,49.558,51.644,4598.53700244
2022-10-22,51.7,52.5,51.385,52.228,3648.77787995
2022-10-23,52.234,54.076,51.861,54.064,5304.55309056
2022-10-24,54.064,54.239,52.14,52.607,7748.29131703
2022-10-25,52.559,56.832,52.338,55.937,20643.19919797
2022-10-26,56.004,57.645,55.731,56.43,13383.48756834
2022-10-27,56.37,56.744,54.566,54.792,13426.81675195
2022-10-28,54.83,55.631,53.569,54.967,9977.49789487
2022-10-29,54.956,57.659,54.689,56.698,14256.13027509
2022-10-30,56.635,57.539,54.794,55.38,9868.46606326
2022-10-31,55.431,56.463,54.032,55.069,9587.20369657
2022-11-01,55.015,55.937,54.499,55.171,15823.28169827
2022-11-02,55.112,62.903,54.714,61.029,84980.0317589
2022-11-03,60.9,64.764,60.22,61.933,95187.69635253
2022-11-04,62.029,70.47,61.724,67.608,101797.18529465
2022-11-05,67.65,72.317,67.119,69.325,85895.49368738
2022-11-06,69.41,71.0,67.621,68.405,36050.95259266
2022-11-07,68.351,73.3,66.341,67.467,38229.90595906
2022-11-08,67.467,68.902,53.743,57.751,131854.24098337
2022-11-09,57.79,59.802,47.65,50.67,74700.66587235
2022-11-10,50.629,61.187,49.686,60.397,49195.05963319
2022-11-11,60.49,64.335,58.51,61.4,65417.96269629
2022-11-12,61.408,61.75,58.2,59.991,29016.43819417
2022-11-13,60.016,60.359,56.344,57.375,22594.26199609
2022-11-14,57.331,59.204,53.516,56.723,25614.43667509
2022-11-15,56.706,59.546,56.55,57.949,23371.15550978
2022-11-16,58.005,60.1,56.66,57.521,13148.78833544
2022-11-17,57.447,63.204,56.955,62.495,49244.31217494
2022-11-18,62.495,63.88,61.553,62.609,25402.640153880002
2022-11-19,62.545,64.6,61.23,63.968,15080.75042892
2022-11-20,63.896,64.812,60.382,62.079,10033.8739122
2022-11-21,62.073,63.492,59.181,61.277,31782.88636548
2022-11-22,61.281,71.152,61.11,70.596,72244.14705145
2022-11-23,70.589,83.75,69.645,78.899,121618.53418829
2022-11-24,78.944,79.437,75.072,78.68,43886.01209736
2022-11-25,78.57,79.819,73.277,74.095,42378.1434366
2022-11-26,74.12,79.57,73.953,76.457,38538.09455752
2022-11-27,76.46,79.294,74.258,74.945,25135.25800796
2022-11-28,74.945,75.369,70.64,73.887,37045.85848169
2022-11-29,73.847,77.959,73.471,75.81,29251.04269313
2022-11-30,75.884,80.749,75.545,79.3,29330.04237095
2022-12-01,79.279,80.629,76.305,77.541,19927.83863298
2022-12-02,77.63,78.071,75.363,77.953,37454.86820737
2022-12-03,77.899,78.097,75.46,76.437,27029.03324627
2022-12-04,76.437,77.547,75.794,77.179,10733.73518298
2022-12-05,77.179,84.97,76.91,80.225,61520.42998575
2022-12-06,80.207,81.79,77.696,79.875,27145.69987272
2022-12-07,79.879,80.373,75.562,76.894,14794.23574939
2022-12-08,76.952,78.74,74.545,78.371,18283.89859867
2022-12-09,78.32,78.856,75.91,76.333,10754.26513263
2022-12-10,76.377,77.49,75.677,76.431,5454.12247374
2022-12-11,76.409,78.463,76.337,76.6,5373.33388639
2022-12-12,76.589,76.782,73.57,76.272,16688.90750672
2022-12-13,76.312,80.295,74.433,77.462,23381.92896451
2022-12-14,77.394,79.201,74.177,75.4,15082.26913954
2022-12-15,75.361,75.519,71.846,72.433,13086.79983397
2022-12-16,72.471,73.605,65.0,66.401,30218.34792473
2022-12-17,66.318,67.745,62.626,64.948,25637.44104503
2022-12-18,64.988,65.97,63.11,64.441,8473.53347042
2022-12-19,64.52,65.099,61.118,63.446,21514.23341398
2022-12-20,63.369,66.378,63.148,65.664,16072.78950503
2022-12-21,65.662,66.859,64.691,65.436,10095.38366281
2022-12-22,65.52,66.73,64.396,66.251,9189.53774949
2022-12-23,66.32,66.811,65.089,65.828,6419.77790559
2022-12-24,65.828,66.084,65.139,65.815,3563.13997732
2022-12-25,65.814,69.778,65.386,69.241,11003.92503924
2022-12-26,69.199,71.649,68.658,70.803,14727.4683095
2022-12-27,70.868,71.179,67.858,68.768,9967.13540685
2022-12-28,68.768,69.496,65.74,66.36,12543.44206287
2022-12-29,66.39,67.326,65.653,66.738,9583.77632516
2022-12-30,66.724,68.77,66.153,67.97,7137.13573167
2022-12-31,67.98,71.17,67.67,70.121,8099.93991563
2023-01-01,70.238,71.602,69.0,71.05,11724.07735457
2023-01-02,71.05,78.469,70.187,74.882,28024.78138252
2023-01-03,74.848,76.467,73.748,75.64,14003.599190679999
2023-01-04,75.653,78.16,74.423,75.478,14469.45510553
2023-01-05,75.551,76.315,73.62,74.192,9781.69413514
2023-01-06,74.256,76.658,72.52,76.001,19831.62930563
2023-01-07,76.022,76.862,75.554,76.368,4098.70935762
2023-01-08,76.411,78.9,75.14,78.672,8515.78936014
2023-01-09,78.874,83.699,78.12,81.6,47796.13272084
2023-01-10,81.663,82.819,79.44,80.842,12888.44945098
2023-01-11,80.879,85.102,79.91,84.048,12629.66119418
2023-01-12,84.147,88.495,80.671,86.115,33995.91127079
2023-01-13,86.141,87.888,83.61,86.333,15638.52176214
2023-01-14,86.217,91.457,86.0,87.91,24947.71766977
2023-01-15,87.895,88.768,85.5,87.37,7988.09813713
2023-01-16,87.384,89.223,83.875,85.921,11132.56920506
2023-01-17,85.839,89.486,84.531,87.085,8255.33409088
2023-01-18,87.16,88.479,82.006,82.65,40306.78886195
2023-01-19,82.65,84.569,81.734,84.286,7523.82483509
2023-01-20,84.183,91.35,83.057,90.36,13711.68143366
2023-01-21,90.332,92.0,87.6,87.982,13918.78407273
2023-01-22,87.913,90.0,86.46,87.64,10508.15400303
2023-01-23,87.59,93.18,87.59,89.92,16796.84339991
2023-01-24,89.881,91.474,86.063,87.161,6688.12072461
2023-01-25,87.15,91.92,85.571,89.318,10956.78062461
2023-01-26,89.384,89.961,86.827,87.529,10348.37229764
2023-01-27,87.47,89.146,85.781,88.884,9033.56140705
2023-01-28,88.829,89.946,86.912,89.731,7780.34180557
2023-01-29,89.836,97.79,89.677,94.88,24250.96812641
2023-01-30,94.82,95.99,88.2,91.282,23140.50122232
2023-01-31,91.36,96.24,91.36,94.16,15269.24948006
2023-02-01,94.13,102.54,93.74,100.27,23094.8454648
2023-02-02,100.31,102.28,97.951,98.687,10656.08764027
2023-02-03,98.587,100.72,97.543,99.963,10051.3757145
2023-02-04,100.09,101.27,98.161,98.48,3965.62862461
2023-02-05,98.4,98.8,94.81,96.674,5601.22151795
2023-02-06,96.719,97.94,94.82,95.899,5061.17177217
2023-02-07,96.02,101.62,96.02,100.9,16376.96328601
2023-02-08,100.91,102.33,96.92,99.24,6595.07998635
2023-02-09,99.354,99.465,89.969,92.079,23238.33262326
2023-02-10,91.95,94.156,91.063,93.457,13444.49641254
2023-02-11,93.35,94.874,92.646,94.37,6663.96051294
2023-02-12,94.48,94.599,90.98,92.52,4968.34681586
2023-02-13,92.592,95.0,88.22,91.024,12441.6323533
2023-02-14,91.024,95.961,90.342,95.783,9832.98687288
2023-02-15,95.904,104.06,95.111,102.82,25401.51594832
2023-02-16,102.85,105.72,98.485,98.521,15185.40922613
2023-02-17,98.572,101.74,98.207,100.26,7412.56453699
2023-02-18,100.15,101.93,98.98,99.77,9427.83817231
2023-02-19,99.73,101.63,96.822,97.47,11322.51136049
2023-02-20,97.393,98.739,94.459,95.876,7543.80169479
2023-02-21,96.002,96.762,91.55,93.811,13372.80619453
2023-02-22,93.818,95.485,91.656,95.268,26165.93924489
2023-02-23,95.288,96.285,93.31,94.621,13625.57404604
2023-02-24,94.73,95.298,90.0,91.647,12689.59612623
2023-02-25,91.591,93.517,90.443,93.209,4928.60310026
2023-02-26,93.181,95.48,92.806,95.3,3929.56076923
2023-02-27,95.329,96.065,92.421,94.089,9759.99589886
2023-02-28,94.163,96.049,93.09,93.772,11499.81625385
2023-03-01,93.856,98.351,93.703,97.83,5940.33521605
2023-03-02,97.882,98.332,93.92,95.37,9503.170765930001
2023-03-03,95.4,95.499,84.824,90.606,19437.24869283
2023-03-04,90.706,90.832,87.421,89.36,5149.15293832
2023-03-05,89.329,91.761,89.222,89.961,3235.58268264
2023-03-06,89.853,90.629,87.138,87.4,4506.71637471
2023-03-07,87.497,88.956,84.0,86.319,7403.88251478
2023-03-08,86.406,86.699,81.41,82.734,10024.69294889
2023-03-09,82.756,84.939,75.101,76.701,21922.15106098
2023-03-10,76.698,76.859,68.2,71.613,63494.35589618
2023-03-11,71.537,74.204,65.5,69.436,53217.73657258
2023-03-12,69.431,76.628,67.622,76.508,28567.00842466
2023-03-13,76.508,83.47,74.075,81.811,39085.78003418
2023-03-14,81.859,88.436,79.4,84.276,40581.05067182
2023-03-15,84.122,85.579,75.155,76.633,26573.50661925
2023-03-16,76.566,80.07,75.804,79.06,17181.10235512
2023-03-17,79.028,85.47,78.393,85.411,34847.10529482
2023-03-18,85.461,87.853,81.989,83.087,21623.36535768
2023-03-19,83.02,86.27,82.167,83.916,17884.67160951
2023-03-20,83.989,84.278,77.755,78.089,22668.1390281
2023-03-21,78.097,83.438,76.714,82.508,16430.64251198
2023-03-22,82.426,88.256,79.25,87.194,30699.62705704
2023-03-23,87.235,94.548,85.577,93.726,43463.39823359
2023-03-24,93.743,95.97,88.82,93.646,29234.35652627
2023-03-25,93.708,94.27,90.0,91.54,5658.41488574
2023-03-26,91.44,94.905,90.574,93.433,7907.27923524
2023-03-27,93.361,94.126,87.631,89.224,7918.9850240900005
2023-03-28,89.294,89.62,85.612,89.039,9902.52915626
2023-03-29,89.132,93.0,88.964,91.237,13702.88048248
2023-03-30,91.35,93.27,86.664,89.065,37777.8505261
2023-03-31,89.15,90.247,87.286,89.58,10477.2525289
2023-04-01,89.515,94.27,89.376,92.567,60505.44998089
2023-04-02,92.539,94.568,90.316,92.806,13117.51695488
2023-04-03,92.807,95.8,89.617,92.929,14231.67150094
2023-04-04,92.915,94.018,91.635,92.559,9997.47493515
2023-04-05,92.589,95.0,91.168,92.62,17640.80836985
2023-04-06,92.581,92.581,89.82,90.919,8201.92726339
2023-04-07,90.7,91.46,89.029,90.589,3556.12511449
2023-04-08,90.59,91.426,89.11,89.738,1643.18010924
2023-04-09,89.778,90.999,89.095,90.628,4730.77252289
2023-04-10,90.559,94.47,89.894,93.64,8270.65021268
2023-04-11,93.799,96.989,93.117,94.16,13254.47616623
2023-04-12,94.146,94.586,90.92,92.064,11466.5249163
2023-04-13,92.246,94.587,91.725,94.211,4809.29387698
2023-04-14,94.218,99.221,93.588,96.374,22227.98221293
2023-04-15,96.344,97.299,94.77,96.684,4897.29047859
2023-04-16,96.651,102.18,95.066,100.03,36600.42805293
2023-04-17,99.982,100.28,97.301,98.897,7921.47082831
2023-04-18,98.859,103.37,97.691,101.86,13946.36611899
2023-04-19,101.88,101.88,86.88,90.52,30164.87822289
2023-04-20,90.496,92.464,87.22,90.17,18986.69575699
2023-04-21,90.246,90.953,84.321,85.443,22090.16444155
2023-04-22,85.366,87.17,84.769,87.067,7755.63085148
2023-04-23,86.983,87.128,84.289,86.931,5562.76595894
2023-04-24,86.947,89.017,86.02,88.355,10183.78699906
2023-04-25,88.357,91.85,87.24,91.093,15903.80801057
2023-04-26,91.113,94.0,84.37,88.136,26373.69733381
2023-04-27,88.147,90.711,87.301,89.585,16696.3780537
2023-04-28,89.764,90.42,87.676,89.749,13841.43699896
2023-04-29,89.732,91.77,89.29,91.034,4631.4872099
2023-04-30,91.126,91.525,87.801,88.26,9155.15556468
2023-05-01,88.281,88.914,85.22,86.863,7138.31478607
2023-05-02,86.779,89.158,86.143,88.202,4637.24988395
2023-05-03,88.203,89.906,85.5,88.873,7116.12849595
2023-05-04,88.958,89.189,87.52,88.465,3536.98357424
2023-05-05,88.423,89.77,86.13,88.724,6150.62380599
2023-05-06,88.74,89.4,80.7,83.449,16014.96012898
2023-05-07,83.462,84.782,83.002,83.583,3208.93005237
2023-05-08,83.549,85.37,75.387,77.86,21441.3289992
2023-05-09,77.785,80.134,77.418,80.035,33839.46682135
2023-05-10,80.009,82.107,77.304,81.035,23827.14968206
2023-05-11,81.03,82.06,78.52,81.004,20235.61570957
2023-05-12,81.039,81.55,77.16,80.537,12652.26036974
2023-05-13,80.525,81.07,79.819,80.278,5724.1087281
2023-05-14,80.103,84.07,79.69,83.589,15623.15880258
2023-05-15,83.54,88.57,82.285,86.974,19222.655393
2023-05-16,87.073,90.652,86.24,89.989,9543.93011073
2023-05-17,90.122,95.06,89.751,93.954,24612.97432
2023-05-18,94.035,94.249,89.345,90.465,12184.65229341
2023-05-19,90.563,93.396,90.42,91.738,16550.3801034
2023-05-20,91.895,92.864,90.576,92.46,1849.94557231
2023-05-21,92.458,93.499,91.22,92.275,4015.33530723
2023-05-22,92.303,92.82,89.862,90.911,2672.15217378
2023-05-23,90.858,93.221,90.424,91.732,5500.70066973
2023-05-24,91.701,91.98,84.495,85.814,26320.09322489
2023-05-25,85.887,86.833,82.653,86.799,6609.58081235
2023-05-26,86.659,88.215,86.179,87.316,5618.69049391
2023-05-27,87.282,88.938,87.033,88.73,8836.26324907
2023-05-28,88.686,92.409,88.296,91.552,10176.66835557
2023-05-29,91.713,92.332,90.238,90.965,3712.21493881
2023-05-30,90.965,93.37,90.676,92.422,3508.24318003
2023-05-31,92.289,92.766,87.867,90.633,6704.17924435
2023-06-01,90.445,95.971,89.405,94.115,10860.61976432
2023-06-02,94.25,95.69,92.737,95.642,8228.23932902
2023-06-03,95.506,97.6,94.142,96.009,6337.36746533
2023-06-04,96.031,96.499,93.823,94.266,12563.55696353
2023-06-05,94.002,94.562,83.27,87.886,14853.49709563
2023-06-06,87.814,91.464,85.71,90.947,7717.78924124
2023-06-07,90.7,91.291,87.523,88.997,5318.74682659
2023-06-08,88.792,89.611,87.241,88.636,2532.31857167
2023-06-09,88.472,90.033,86.72,89.307,5148.28751785
2023-06-10,89.354,89.409,71.737,77.24,37976.09414068
2023-06-11,77.26,79.095,76.258,77.794,5425.60524732
2023-06-12,77.75,77.946,75.2,77.588,4842.55360934
2023-06-13,77.543,79.824,76.398,77.508,4920.33119356
2023-06-14,77.518,78.169,71.032,73.219,13023.95943845
2023-06-15,73.194,75.176,72.132,74.651,4888.76177747
2023-06-16,74.64,76.954,74.266,76.149,3511.56000885
2023-06-17,76.149,77.902,75.777,76.939,4508.11078687
2023-06-18,76.971,78.563,76.29,77.238,6743.5098347699995
2023-06-19,77.386,77.858,76.097,77.54,2096.86727723
2023-06-20,77.514,80.963,75.775,80.34,11041.48769826
2023-06-21,80.414,87.4,80.107,85.127,12564.0320959
2023-06-22,85.061,88.934,84.423,86.138,8753.14394558
2023-06-23,86.063,93.119,85.139,91.359,12392.98702799
2023-06-24,91.484,93.884,86.52,89.88,7686.98482007
2023-06-25,89.914,90.515,86.64,88.229,4012.86069964
2023-06-26,88.061,90.37,85.83,87.384,5589.68747012
2023-06-27,87.133,89.5,86.942,88.134,3597.12425535
2023-06-28,87.915,87.915,81.641,83.048,14367.98616995
2023-06-29,83.037,85.793,83.002,84.902,7742.5611932599995
2023-06-30,84.88,111.6,84.453,108.7,66238.84392264
2023-07-01,108.77,112.79,103.02,107.31,27049.93183052
2023-07-02,107.21,114.17,105.21,113.73,22300.65759584
2023-07-03,113.79,115.41,105.71,107.39,12836.82011441
2023-07-04,107.09,109.62,103.69,104.21,7700.30067757
2023-07-05,104.32,106.67,98.8,102.74,13309.43841315
2023-07-06,102.71,106.0,95.304,95.408,17970.99096988
2023-07-07,95.317,98.713,94.42,98.316,14495.00140196
2023-07-08,98.143,98.57,96.62,97.965,5535.77016358
2023-07-09,97.929,98.46,94.56,95.12,5841.20532236
2023-07-10,95.19,97.88,91.71,96.915,11669.80436368
2023-07-11,96.93,98.41,95.653,96.888,5873.27805598
2023-07-12,96.634,97.979,94.27,96.423,6398.9748413199995
2023-07-13,96.401,104.48,95.77,102.0,24164.51508911
2023-07-14,101.82,103.67,91.876,95.27,76412.48649278
2023-07-15,94.971,95.823,93.813,94.861,5060.29612785
2023-07-16,94.865,95.46,91.937,92.776,8580.72097676
2023-07-17,92.874,93.689,89.365,92.402,11346.92619978
2023-07-18,92.459,93.07,89.528,91.73,15269.90755288
2023-07-19,91.541,94.27,91.541,92.208,4884.50877193
2023-07-20,92.01,95.076,91.61,92.502,14855.4168628
2023-07-21,92.493,94.809,91.904,94.219,5674.89193723
2023-07-22,94.237,96.518,91.38,92.167,7348.45144859
2023-07-23,92.173,93.69,91.65,93.26,6588.1593754
2023-07-24,93.26,93.469,87.32,89.233,12202.58370564
2023-07-25,89.253,90.266,88.71,89.686,4527.09146108
2023-07-26,89.493,91.257,88.76,90.783,6522.30885562
2023-07-27,90.815,92.07,89.76,90.681,6580.16543071
2023-07-28,90.656,92.125,90.656,91.621,5008.07929316
2023-07-29,91.517,95.058,91.01,94.428,4335.44744249
2023-07-30,94.515,96.158,91.069,94.244,20489.85183934
2023-07-31,94.113,95.17,91.22,92.378,8993.2815037
2023-08-01,92.329,94.462,88.177,94.051,11934.43061158
2023-08-02,94.045,94.663,86.2,87.633,18354.61384905
2023-08-03,87.497,88.454,80.52,82.591,23143.94950052
2023-08-04,82.561,83.923,80.853,82.206,10795.82731116
2023-08-05,82.252,83.439,81.377,83.18,5339.08412122
2023-08-06,83.145,83.487,81.676,82.652,3625.7873565200002
2023-08-07,82.632,83.439,79.32,82.534,6111.96785449
2023-08-08,82.514,85.457,81.803,83.91,7530.48455911
2023-08-09,83.902,84.69,83.221,84.182,4057.9105893299998
2023-08-10,84.126,84.439,82.727,83.094,2879.80753993
2023-08-11,83.148,83.69,82.728,83.64,1344.79765768
2023-08-12,83.489,83.99,83.358,83.526,1175.73075001
2023-08-13,83.473,83.842,81.146,81.968,3045.72634285
2023-08-14,82.0,83.116,81.572,82.1,4455.0197047
2023-08-15,82.136,82.234,77.121,79.379,7212.78602053
2023-08-16,79.261,79.581,72.92,74.567,19358.84639877
2023-08-17,74.522,75.844,53.703,64.84,42197.57585451
2023-08-18,64.84,66.221,63.22,64.021,35642.94090762
2023-08-19,63.974,64.989,63.551,64.156,9155.36911729
2023-08-20,64.183,65.941,64.064,65.334,4303.90468015
2023-08-21,65.221,67.288,64.452,67.006,14366.14803587
2023-08-22,67.12,67.425,62.122,64.829,10134.81617838
2023-08-23,64.903,66.796,64.22,65.727,22841.68334476
2023-08-24,65.683,65.916,63.944,64.97,3908.69084347
2023-08-25,64.922,65.47,63.72,65.24,2723.58044839
2023-08-26,65.254,65.647,64.956,65.065,931.79011614
2023-08-27,65.109,66.007,64.919,65.393,1566.47233648
2023-08-28,65.384,65.785,64.066,65.618,2659.2773226
2023-08-29,65.59,70.7,64.666,68.969,76284.20961118
2023-08-30,68.877,69.038,66.56,67.715,3476.11174553
2023-08-31,67.744,68.38,63.3,63.91,6611.31894924
2023-09-01,63.977,64.298,61.75,63.001,9816.568504159999
2023-09-02,63.031,64.703,63.02,64.541,3222.67606146
2023-09-03,64.629,64.954,63.577,63.949,3271.50925353
2023-09-04,63.935,64.988,63.02,63.73,2726.84249223
2023-09-05,63.75,63.776,62.633,63.149,2645.12745559
2023-09-06,63.17,63.87,61.479,62.959,7566.5626641300005
2023-09-07,62.933,64.5,62.508,63.561,3580.04213199
2023-09-08,63.591,64.24,61.532,62.65,2669.33255806
2023-09-09,62.649,63.33,62.55,63.139,342.3224513
2023-09-10,63.06,63.08,60.157,61.201,5327.45170825
2023-09-11,61.206,61.67,57.697,58.93,7237.3784475
2023-09-12,58.851,61.513,58.702,60.012,8251.85505484
2023-09-13,59.933,62.967,59.711,62.028,16777.08894565
2023-09-14,62.03,63.44,62.002,62.81,3685.32799333
2023-09-15,62.848,66.3,62.628,65.992,7427.63212359
2023-09-16,65.952,67.051,64.501,65.438,4660.94191383
2023-09-17,65.419,65.455,62.778,63.62,3056.29510313
2023-09-18,63.67,67.947,63.06,65.959,7657.57642923
2023-09-19,66.062,68.44,65.707,67.376,5796.68952893
2023-09-20,67.356,67.87,63.392,64.587,5983.48856203
2023-09-21,64.59,65.034,62.993,64.745,5199.52700716
2023-09-22,64.803,65.913,64.02,64.412,2495.03138176
2023-09-23,64.476,65.312,64.476,65.142,1364.12562733
2023-09-24,65.14,65.167,63.376,63.694,1579.04551632
2023-09-25,63.691,65.125,62.741,64.326,2511.12116676
2023-09-26,64.395,65.088,63.17,63.829,1541.6129775
2023-09-27,63.861,65.581,63.154,63.56,3995.11898265
2023-09-28,63.616,65.609,63.23,65.262,5358.28584901
2023-09-29,65.262,66.568,64.981,65.637,3618.24736438
2023-09-30,65.608,66.643,65.407,66.01,1123.09769289
2023-10-01,65.988,68.867,65.882,68.249,5735.78135021
2023-10-02,68.292,68.47,65.26,66.08,4792.02336752
2023-10-03,66.08,66.958,65.296,65.527,1827.60273028
2023-10-04,65.48,65.48,63.056,64.47,4450.41174435
2023-10-05,64.459,65.233,63.842,64.856,7377.72023978
2023-10-06,64.988,65.942,64.424,65.5,2818.01744096
2023-10-07,65.544,66.254,64.932,65.455,1520.88512483
2023-10-08,65.459,66.005,64.994,65.36,1215.84793388
2023-10-09,65.372,65.372,61.7,63.19,10294.00425649
2023-10-10,63.168,63.843,62.666,63.592,4306.32350493
2023-10-11,63.623,63.791,61.22,61.539,2460.01046377
2023-10-12,61.564,61.564,60.456,61.21,1773.40551684
2023-10-13,61.207,62.189,61.127,61.625,1993.53450567
2023-10-14,61.569,62.045,61.448,61.638,723.58949304
2023-10-15,61.659,62.2,61.436,61.628,706.4559003
2023-10-16,61.66,66.543,61.636,63.312,6340.0360837
2023-10-17,63.249,63.38,61.463,62.07,1336.53659585
2023-10-18,62.063,62.84,60.099,60.237,2733.35737775
2023-10-19,60.187,61.97,59.752,61.838,20926.15409753
2023-10-20,61.839,64.315,61.639,63.424,5769.27603145
2023-10-21,63.557,65.424,63.414,64.759,3512.4518749
2023-10-22,64.771,66.35,63.22,65.26,5957.79485799
2023-10-23,65.245,69.821,64.97,69.06,21468.79669053
2023-10-24,69.082,72.789,67.189,69.176,12207.50667361
2023-10-25,69.235,70.45,67.809,68.729,7933.16253077
2023-10-26,68.74,70.657,66.3,68.835,9439.04973373
2023-10-27,68.808,68.85,65.468,67.069,9084.44335395
2023-10-28,67.069,68.469,66.999,67.8,8218.23100047
2023-10-29,67.768,69.341,67.08,68.858,4928.96999777
2023-10-30,69.031,69.77,67.714,69.236,6525.76065437
2023-10-31,69.232,70.603,67.657,68.97,7715.37799672
2023-11-01,68.977,70.476,66.62,69.779,8168.63614097
2023-11-02,70.085,70.819,67.427,69.414,6072.87618981
2023-11-03,69.313,69.607,67.584,69.601,2814.73314881
2023-11-04,69.537,70.986,68.874,70.586,3013.38433685
2023-11-05,70.543,72.412,69.982,71.82,9378.87202366
2023-11-06,71.749,74.957,70.911,74.449,9098.15859509
2023-11-07,74.485,74.54,71.2,73.564,6182.23187127
2023-11-08,73.465,74.341,72.534,73.102,4407.83606624
2023-11-09,73.131,76.2,68.042,73.917,19025.9289397
2023-11-10,73.875,75.39,70.804,73.19,10428.21746513
2023-11-11,73.287,75.92,70.851,75.315,11243.27521755
2023-11-12,75.21,76.761,72.165,74.847,10414.25557872
2023-11-13,74.836,75.988,70.536,71.177,17543.18155117
2023-11-14,71.117,72.559,67.914,70.605,16461.64209763
2023-11-15,70.638,74.325,70.531,74.039,5953.84762524
2023-11-16,74.05,74.337,69.894,71.07,6026.85418495
2023-11-17,71.087,71.679,68.1,70.279,11417.10330816
2023-11-18,70.266,70.35,67.562,69.94,5028.45506528
2023-11-19,69.595,70.699,68.6,70.55,1892.68654296
2023-11-20,70.6,71.045,68.657,69.558,4123.92962944
2023-11-21,69.466,71.84,65.179,66.283,11330.74811895
2023-11-22,66.171,69.15,65.926,68.733,4739.35829146
2023-11-23,68.733,70.7,68.46,69.518,4921.21499303
2023-11-24,69.59,71.708,69.439,70.628,8818.664461370001
2023-11-25,70.58,72.21,70.579,71.802,5998.83484608
2023-11-26,71.877,71.877,68.945,70.048,3022.35836789
2023-11-27,70.031,70.45,68.0,69.27,4620.68373016
2023-11-28,69.31,70.217,67.895,69.723,5045.91526809
2023-11-29,69.768,70.37,69.11,69.9,2322.20864207
2023-11-30,70.0,70.084,69.076,69.425,17272.08683986
2023-12-01,69.458,72.169,69.27,71.552,11493.6504694
2023-12-02,71.601,72.694,71.216,72.225,21416.46749763
2023-12-03,72.165,72.694,71.297,72.24,5247.23467595
2023-12-04,72.25,74.94,71.71,72.836,21303.69320836
2023-12-05,72.855,74.381,71.0,74.342,10456.04137392
2023-12-06,74.374,74.857,72.279,72.332,16839.89196015
2023-12-07,72.451,74.499,71.947,74.086,24905.51733559
2023-12-08,74.1,78.87,73.334,78.5,25877.34913996
2023-12-09,78.408,79.736,75.817,76.341,19719.37420864
2023-12-10,76.361,79.04,76.353,77.223,6093.42872377
2023-12-11,77.379,77.576,70.521,72.784,14759.92272966
2023-12-12,72.776,73.765,71.07,72.406,2565.59471629
2023-12-13,72.359,74.094,70.293,73.216,6866.98327702
2023-12-14,73.219,74.065,71.362,73.004,5038.53764237
2023-12-15,73.024,73.024,70.633,70.94,7234.2694602
2023-12-16,70.992,72.583,70.6,72.299,1594.94895587
2023-12-17,72.309,73.638,70.965,71.21,3714.28938406
2023-12-18,71.186,71.571,68.074,70.84,10139.62515824
2023-12-19,70.903,71.72,69.701,70.747,2109.08510643
2023-12-20,70.798,71.97,69.52,69.81,3436.14696227
2023-12-21,69.756,71.113,68.987,71.003,7919.78905339
2023-12-22,71.017,73.87,70.438,73.691,9949.23014048
2023-12-23,73.691,74.208,71.451,72.61,2835.8237043
2023-12-24,72.611,72.998,70.12,71.214,5266.40346437
2023-12-25,71.262,72.851,70.586,72.392,4232.4899026
2023-12-26,72.254,74.499,71.19,73.31,8823.48399736
2023-12-27,73.332,77.33,72.27,76.073,10864.83114677
2023-12-28,75.863,77.68,74.592,76.642,11135.56106641
2023-12-29,76.78,77.89,72.92,73.241,14433.51970697
2023-12-30,73.3,74.053,72.5,73.275,3321.6421237
2023-12-31,73.201,74.319,71.463,72.866,2389.72809738
2024-01-01,73.064,74.79,72.15,74.71,1783.91596905
2024-01-02,74.738,75.804,72.62,73.05,7681.59646069
2024-01-03,73.086,73.715,56.354,65.279,22624.17076754
2024-01-04,65.312,67.116,64.602,66.515,14753.65615377
2024-01-05,66.49,66.762,63.28,66.017,14611.09773245
2024-01-06,66.051,66.158,63.371,65.62,7919.33828801
2024-01-07,65.689,66.469,63.724,64.299,7778.72146842
2024-01-08,64.28,68.343,61.131,67.7,15948.9263214
2024-01-09,67.605,67.775,64.32,66.919,6756.80976989
2024-01-10,66.912,71.07,65.116,70.044,12634.88440603
2024-01-11,69.785,74.47,69.585,71.93,21278.08558182
2024-01-12,71.869,77.17,70.5,72.934,12120.0269382
2024-01-13,72.987,73.6,71.02,72.02,3652.70129581
2024-01-14,72.048,72.266,69.429,69.735,5178.57695951
2024-01-15,69.905,71.591,68.82,69.111,4099.17886945
2024-01-16,69.186,70.512,68.434,69.448,4280.14566973
2024-01-17,69.482,70.0,68.42,69.4,1771.40377241
2024-01-18,69.543,70.347,66.222,68.111,6727.68670579
2024-01-19,68.37,71.64,67.02,71.369,6383.32114307
2024-01-20,71.375,72.896,70.6,71.41,15597.32357988
2024-01-21,71.479,72.447,70.656,71.887,2562.62435773
2024-01-22,72.178,72.815,66.737,67.327,19791.54638952
2024-01-23,67.556,68.433,63.22,65.59,15062.70320256
2024-01-24,65.376,66.432,64.95,66.199,3605.20237175
2024-01-25,66.19,66.224,64.559,65.566,3161.2639799
2024-01-26,65.43,67.496,65.248,67.112,3320.93845302
2024-01-27,67.029,68.325,66.326,68.124,1180.45129788
2024-01-28,68.011,68.469,67.331,68.37,4606.0263791200005
2024-01-29,68.276,68.82,66.86,68.435,2000.62176523
2024-01-30,68.343,68.668,67.214,67.503,6097.0138769000005
2024-01-31,67.715,70.0,66.193,66.809,3931.53475888
2024-02-01,66.8,68.101,65.799,67.5,5970.68822597
2024-02-02,67.537,68.38,67.524,67.971,2194.17464729
2024-02-03,68.008,69.17,67.936,68.879,1165.54441451
2024-02-04,68.842,68.886,66.47,66.97,1043.70763882
2024-02-05,66.915,68.213,66.603,67.675,2469.34932425
2024-02-06,67.563,68.768,67.563,68.329,1231.8001685
2024-02-07,68.291,68.87,67.705,68.509,2888.88186036
2024-02-08,68.607,70.627,68.416,70.497,4060.72586784
2024-02-09,70.53,71.885,70.11,70.69,10644.73420928
2024-02-10,70.84,71.22,70.0,70.878,1856.10129258
2024-02-11,70.878,73.047,70.751,71.55,5454.56558164
2024-02-12,71.552,73.429,70.364,72.839,6322.49786787
2024-02-13,72.98,73.138,68.109,69.09,12728.83684417
2024-02-14,69.084,70.81,68.583,69.865,13320.58100529
2024-02-15,69.789,70.87,69.0,69.768,13748.26511208
2024-02-16,69.709,70.91,68.74,70.572,3120.49628926
2024-02-17,70.647,70.789,68.074,69.949,2942.5301148099998
2024-02-18,69.916,71.26,69.817,70.692,4011.27513447
2024-02-19,70.73,71.613,70.41,71.21,5067.39247197
2024-02-20,71.294,71.299,67.343,69.552,7783.03746767
2024-02-21,69.504,69.513,67.279,68.986,5855.54056546
2024-02-22,68.88,69.732,67.9,68.786,13008.66504866
2024-02-23,68.79,69.108,67.52,68.768,6768.8500824
2024-02-24,68.787,70.731,68.66,70.405,3879.00076783
2024-02-25,70.532,70.659,69.83,70.081,2502.9927159100002
2024-02-26,70.099,72.9,69.07,71.81,18308.23133032
2024-02-27,72.097,76.244,71.937,73.962,29807.38715571
2024-02-28,73.915,77.611,70.071,74.517,34788.50266416
2024-02-29,74.474,84.822,74.0,79.85,26064.58013158
2024-03-01,80.169,86.07,80.169,84.828,8088.6176177
2024-03-02,84.878,94.5,84.463,94.5,28274.48077521
2024-03-03,94.5,94.601,83.5,90.676,16082.70794111
2024-03-04,90.5,92.7,87.616,88.622,31579.60630811
2024-03-05,88.756,91.63,70.261,82.079,32967.44383888
2024-03-06,81.985,87.438,79.809,85.87,7211.00635045
2024-03-07,85.861,89.568,83.442,87.88,10235.63836014
2024-03-08,88.056,89.38,83.924,88.269,18536.220254
2024-03-09,88.18,90.77,86.727,90.468,6915.46572918
2024-03-10,90.559,90.589,85.25,87.21,5548.86021831
2024-03-11,87.47,105.57,83.12,103.65,39118.96193468
2024-03-12,103.8,103.97,91.487,97.385,33929.30773437
2024-03-13,97.345,98.792,94.0,97.168,16348.58482385
2024-03-14,97.1,98.068,89.587,94.045,15824.17137894
2024-03-15,94.027,95.27,83.322,89.6,13513.13816903
2024-03-16,89.84,90.7,82.339,84.257,10698.2459555
2024-03-17,84.062,86.762,80.647,85.975,6005.42065804
2024-03-18,85.95,88.0,80.82,86.938,7071.55237239
2024-03-19,86.809,87.667,77.32,78.58,13299.48661946
2024-03-20,78.544,85.37,77.161,84.809,13561.88977857
2024-03-21,84.74,87.07,83.8,85.762,15614.43106214
2024-03-22,85.82,86.33,80.575,83.341,8413.43937548
2024-03-23,83.399,87.48,82.835,85.35,4196.69572532
2024-03-24,85.55,90.9,85.426,89.81,6036.31432148
2024-03-25,89.712,91.955,88.7,90.698,10841.91465566
2024-03-26,90.52,96.97,87.62,95.81,27044.54417435
2024-03-27,95.83,98.87,92.29,93.681,11410.81743642
2024-03-28,93.544,96.53,93.326,94.158,9160.88603319
2024-03-29,94.12,110.43,92.84,109.37,38498.70810809
2024-03-30,109.03,109.03,101.24,102.89,8527.56840003
2024-03-31,102.91,106.77,101.52,105.22,8570.02549613
2024-04-01,105.08,112.92,97.073,99.286,26181.98562761
2024-04-02,99.207,108.89,92.731,106.75,35537.147656529996
2024-04-03,106.98,109.9,96.673,98.341,9798.80068679
2024-04-04,98.327,104.16,96.25,98.408,28931.56639966
2024-04-05,98.02,100.17,95.091,97.956,5435.50872277
2024-04-06,97.9,102.41,97.26,101.57,5971.16182911
2024-04-07,101.25,105.91,100.09,101.13,23570.85941122
2024-04-08,100.96,106.06,99.52,103.23,27096.62638128
2024-04-09,103.39,103.39,96.34,97.717,10333.30120546
2024-04-10,97.87,98.27,93.16,96.79,13138.66221171
2024-04-11,96.8,100.1,95.02,98.731,10683.97518665
2024-04-12,98.759,99.626,79.843,86.02,40975.66704721
2024-04-13,86.0,86.57,70.677,77.45,39463.98052925
2024-04-14,77.401,80.48,73.909,79.851,16570.66494486
2024-04-15,79.69,82.93,75.82,78.209,12145.56634748
2024-04-16,77.931,80.549,75.52,80.03,5038.23779782
2024-04-17,79.9,80.87,76.42,80.285,7950.40136772
2024-04-18,80.303,82.589,78.79,80.856,9645.14682864
2024-04-19,80.611,82.19,75.89,80.799,8407.26139745
2024-04-20,81.213,86.0,80.366,85.18,6609.46729962
2024-04-21,85.14,85.79,82.8,84.256,2020.11872998
2024-04-22,84.523,86.49,84.074,85.533,3361.49982777
2024-04-23,85.44,86.37,84.143,85.189,5987.53553306
2024-04-24,85.039,87.743,82.42,83.174,5383.44315883
2024-04-25,83.224,85.16,82.02,83.829,2538.25057055
2024-04-26,83.961,88.631,83.22,88.156,7518.67958102
2024-04-27,88.29,88.549,83.262,84.028,5803.51791629
2024-04-28,84.059,85.56,83.756,84.027,1140.90321324
2024-04-29,84.082,85.76,81.914,83.683,3089.10119742
2024-04-30,83.514,84.653,77.5,79.66,8361.37336704
2024-05-01,79.979,80.97,74.815,80.282,6930.989432
2024-05-02,80.399,81.38,78.82,80.206,1890.41075583
2024-05-03,80.27,82.73,79.405,82.0,5446.77184518
2024-05-04,82.0,83.07,81.7,81.76,3061.5385487
2024-05-05,81.67,81.974,80.58,81.58,4857.96896931
2024-05-06,81.541,84.41,80.3,80.82,5792.79362337
2024-05-07,81.0,82.77,79.89,80.93,3879.48475728
2024-05-08,81.03,82.45,79.579,81.9,5042.57119668
2024-05-09,81.924,83.302,80.851,83.218,2721.27758618
2024-05-10,83.165,83.669,79.701,80.289,2537.37463001
2024-05-11,80.2,82.37,80.2,81.492,3290.68015933
2024-05-12,81.55,82.32,80.998,81.48,2005.11598559
2024-05-13,81.58,82.67,79.14,80.7,3600.1338943
2024-05-14,80.693,81.87,78.62,78.886,5803.68845415
2024-05-15,79.03,82.94,78.362,82.596,2713.66784754
2024-05-16,82.644,83.32,81.55,82.552,4312.80045794
2024-05-17,82.66,84.37,82.096,84.34,3241.31911161
2024-05-18,84.246,84.939,83.538,83.94,1277.52853508
2024-05-19,83.97,84.463,81.88,82.47,1520.93554588
2024-05-20,82.59,89.12,82.496,88.629,6126.86804584
2024-05-21,88.66,89.623,87.016,88.331,10562.37098493
2024-05-22,88.349,88.48,85.0,85.737,13641.09908506
2024-05-23,85.93,87.935,80.62,85.59,17327.29399893
2024-05-24,85.4,86.5,84.12,85.009,4898.10266307
2024-05-25,84.845,85.974,84.539,85.096,2315.36151173
2024-05-26,85.096,85.289,83.646,83.99,2136.70892008
2024-05-27,83.961,86.44,83.889,85.267,4357.37072741
2024-05-28,85.21,85.51,82.13,83.6,5066.11922215
2024-05-29,83.5,84.248,82.74,83.631,3005.73781159
2024-05-30,83.622,85.558,82.062,84.465,7469.5181113
2024-05-31,84.51,84.61,82.11,83.33,2880.49940545
2024-06-01,83.23,83.74,82.92,83.519,817.42898796
2024-06-02,83.42,83.524,82.245,83.14,2381.84388779
2024-06-03,83.243,84.278,82.722,82.86,3980.22110122
2024-06-04,82.79,83.759,81.177,83.759,6310.97519729
2024-06-05,83.73,85.44,83.56,85.44,11462.92079651
2024-06-06,85.42,85.82,84.197,84.197,5033.49917798
2024-06-07,84.25,84.903,74.941,80.138,14395.39472735
2024-06-08,80.035,80.45,78.91,80.056,1107.15734011
2024-06-09,79.975,80.67,79.553,80.49,845.15707203
2024-06-10,80.327,80.55,79.09,79.6,2188.06953231
2024-06-11,79.57,79.781,75.703,77.292,7878.59263586
2024-06-12,77.41,79.26,76.378,78.509,5365.22201049
2024-06-13,78.456,79.716,77.37,79.15,3166.73155601
2024-06-14,79.367,80.27,76.42,77.529,6622.25038416
2024-06-15,77.59,79.4,77.565,79.189,494.6296105
2024-06-16,79.07,80.114,78.61,79.018,1468.46424625
2024-06-17,79.049,79.226,75.195,76.67,4742.88192237
2024-06-18,76.587,76.587,70.777,72.741,16107.42018504
2024-06-19,72.648,75.019,72.648,73.842,3108.28541001
2024-06-20,73.713,75.453,73.33,74.85,5383.25302456
2024-06-21,74.837,74.837,72.255,74.278,7940.52301908
2024-06-22,74.31,74.949,73.686,74.66,1941.61469821
2024-06-23,74.65,75.09,73.394,73.513,12366.85857247
2024-06-24,73.32,73.518,67.62,69.79,18068.45954725
2024-06-25,69.7,72.049,69.495,71.439,4247.6226059
2024-06-26,71.265,72.059,70.597,71.079,5480.34688682
2024-06-27,71.003,73.39,70.669,73.389,4742.62312825
2024-06-28,73.307,74.84,72.67,73.011,4528.99009592
2024-06-29,73.01,76.887,73.009,75.063,3815.49527744
2024-06-30,75.025,76.096,74.251,75.466,1773.88234309
2024-07-01,75.351,75.98,74.268,74.444,1993.3670465
2024-07-02,74.413,76.27,74.352,76.099,533.42427926
2024-07-03,76.102,76.272,71.91,72.114,2231.5276719
2024-07-04,72.21,72.481,65.139,65.347,9536.89826583
2024-07-05,65.477,65.61,56.843,61.989,27082.5266084
2024-07-06,61.811,65.75,61.561,65.52,4721.74458507
2024-07-07,65.506,65.7,61.855,62.068,4899.36770779
2024-07-08,62.284,67.279,59.504,65.084,20625.02794257
2024-07-09,64.921,66.372,64.447,65.471,1799.86569215
2024-07-10,65.509,67.37,64.714,67.14,2954.9207957099998
2024-07-11,67.176,69.277,66.691,67.5,4776.65098394
2024-07-12,67.53,69.57,67.018,69.422,2261.64254262
2024-07-13,69.451,70.899,69.374,69.98,1158.86941099
2024-07-14,70.229,70.7,69.47,70.18,2748.53853322
2024-07-15,70.123,72.659,69.84,72.5,3940.67906918
2024-07-16,72.67,74.2,70.52,73.309,3068.86690519
2024-07-17,73.423,74.344,71.32,71.477,1466.75013144
2024-07-18,71.6,72.99,70.488,71.665,2110.52615432
2024-07-19,71.73,74.238,69.844,73.54,2329.21261154
2024-07-20,73.681,73.958,72.5,73.2,694.36961658
2024-07-21,73.121,74.21,71.463,74.21,4801.10233647
2024-07-22,74.14,74.689,70.957,71.573,3710.61195864
2024-07-23,71.54,73.231,70.563,73.089,3123.13498072
2024-07-24,73.107,73.837,70.92,71.38,739.25065893
2024-07-25,71.46,71.739,67.42,68.94,2456.46690822
2024-07-26,69.07,71.756,69.07,71.49,4200.49721502
2024-07-27,71.528,72.51,70.5,71.41,624.6117511
2024-07-28,71.39,71.91,70.589,71.261,799.49553739
2024-07-29,71.2,76.887,71.2,73.911,9248.86756383
2024-07-30,73.836,74.637,71.267,71.779,4560.60308415
2024-07-31,71.846,73.037,70.05,70.281,5110.85541115
2024-08-01,70.463,71.473,66.132,69.61,7121.94969888
2024-08-02,69.643,69.94,64.12,65.103,5003.41981228
2024-08-03,65.186,66.49,62.701,64.801,2998.41516157
2024-08-04,64.592,65.36,60.472,62.477,9686.04234334
2024-08-05,62.477,62.582,49.975,56.583,53169.09873203
2024-08-06,56.22,59.415,56.22,58.368,7285.79732118
2024-08-07,58.35,59.57,55.5,55.949,6741.22324904
2024-08-08,56.071,62.0,55.3,61.269,7284.66233614
2024-08-09,61.208,61.208,59.513,60.744,2501.42877365
2024-08-10,60.806,61.66,60.262,61.28,1362.23910955
2024-08-11,61.192,62.455,58.93,59.827,4373.3203351
2024-08-12,59.86,62.161,59.249,61.607,3632.64461591
2024-08-13,61.766,63.625,61.27,63.407,1226.52992972
2024-08-14,63.58,64.756,62.776,63.943,1117.4483015
2024-08-15,64.157,66.947,63.451,65.392,23914.37357515
2024-08-16,65.369,66.87,64.42,66.703,6207.85999265
2024-08-17,66.66,67.949,66.046,67.691,2079.28767253
2024-08-18,67.67,68.254,66.225,66.5,2106.11168592
2024-08-19,66.338,67.568,66.12,66.5,3074.34363348
2024-08-20,66.3,67.43,63.352,64.63,5376.84499049
2024-08-21,64.605,64.859,62.152,64.37,4819.70313544
2024-08-22,64.224,64.352,62.656,63.881,2224.00123363
2024-08-23,63.815,66.948,63.55,66.153,6340.96009093
2024-08-24,66.343,68.075,65.564,66.56,3801.32079957
2024-08-25,66.671,66.969,64.571,64.941,2035.17368309
2024-08-26,64.99,65.161,63.096,63.166,4981.29272091
2024-08-27,63.107,64.129,59.158,60.528,3854.97929824
2024-08-28,60.32,62.5,59.566,61.841,4581.22871986
2024-08-29,61.928,64.172,61.256,62.62,12740.72342459
2024-08-30,62.689,65.54,61.72,65.226,8434.56447079
2024-08-31,65.16,66.67,65.1,65.291,4115.0514911
2024-09-01,65.132,65.27,63.049,63.754,1559.42312613
2024-09-02,63.55,65.873,62.844,65.471,2978.41461103
2024-09-03,65.576,66.52,64.5,64.561,2034.96185215
2024-09-04,64.731,66.392,62.32,65.535,5564.48837879
2024-09-05,65.547,68.646,64.606,66.257,17079.21598442
2024-09-06,66.195,66.929,61.361,63.233,3022.50669806
2024-09-07,63.259,64.463,61.835,62.259,1536.57554497
2024-09-08,62.148,62.457,60.099,61.129,16291.63466602
2024-09-09,61.114,61.87,59.848,61.42,3222.8044407
2024-09-10,61.397,61.862,60.444,61.629,959.37377607
2024-09-11,61.634,62.53,60.311,62.244,5240.51638994
2024-09-12,62.314,63.288,61.661,63.02,2123.6332495
2024-09-13,62.957,65.13,62.566,65.07,2296.88201919
2024-09-14,65.139,66.86,65.011,66.139,8113.13437764
2024-09-15,66.103,66.483,63.16,63.441,4856.55969904
2024-09-16,63.379,63.869,62.276,62.78,1840.49729829
2024-09-17,62.71,64.147,62.089,63.905,3953.51218583
2024-09-18,63.981,64.95,62.52,64.95,1740.70424858
2024-09-19,64.95,66.17,64.867,65.537,4536.55595196
2024-09-20,65.53,66.563,64.452,65.279,5373.11291483
2024-09-21,65.362,67.245,64.919,67.053,4964.50910585
2024-09-22,66.931,68.899,66.6,68.87,11278.02557513
2024-09-23,68.87,69.435,66.82,67.141,3508.79308174
2024-09-24,67.142,67.271,64.806,66.788,24751.64011146
2024-09-25,66.801,67.958,66.01,66.609,9590.18161033
2024-09-26,66.644,68.702,65.795,68.702,11947.64737412
2024-09-27,68.709,71.37,68.469,71.331,10837.896295
2024-09-28,71.283,71.655,69.171,70.1,15163.92067816
2024-09-29,70.052,70.45,68.673,69.423,6641.08826444
2024-09-30,69.439,69.463,66.424,66.81,8050.30920726
2024-10-01,66.94,68.67,62.186,63.6,19813.119303
2024-10-02,63.458,64.868,62.361,63.124,4710.30882477
2024-10-03,63.104,64.079,62.089,63.547,3125.30050326
2024-10-04,63.638,65.32,63.593,65.125,5877.53558121
2024-10-05,65.149,66.37,64.831,66.312,6826.19370945
2024-10-06,66.39,67.648,66.161,67.14,5635.63564816
2024-10-07,67.127,68.0,64.56,65.022,6658.02911141
2024-10-08,64.963,66.188,64.732,65.741,5996.25906822
2024-10-09,65.741,65.951,64.209,64.593,6460.74083999
2024-10-10,64.594,65.064,63.32,64.243,4829.40767034
2024-10-11,64.378,66.0,64.333,65.587,3425.9590032
2024-10-12,65.695,66.76,65.222,66.353,2213.21914748
2024-10-13,66.311,66.414,64.61,64.781,4344.45963133
2024-10-14,64.772,67.446,64.23,66.85,19157.66938382
2024-10-15,66.85,71.96,65.42,70.98,34650.00989225
2024-10-16,71.001,73.1,69.402,69.877,6755.25560018
2024-10-17,70.228,73.988,70.084,72.82,6244.93648945
2024-10-18,72.799,74.96,71.966,73.084,8165.35256572
2024-10-19,73.237,76.072,73.237,74.882,2124.26161658
2024-10-20,74.876,75.626,73.72,74.342,5181.31757287
2024-10-21,74.1,74.626,70.45,70.826,4637.89883842
2024-10-22,71.014,71.57,69.42,69.983,5378.65456137
2024-10-23,70.008,70.328,67.92,70.03,2571.60359964
2024-10-24,69.99,71.28,69.3,71.079,8068.28268515
2024-10-25,71.175,72.24,66.92,68.87,8319.73894535
2024-10-26,68.811,69.67,68.1,68.482,3709.86631334
2024-10-27,68.298,71.17,68.02,71.17,3594.35600521
2024-10-28,71.175,71.57,69.746,70.751,6382.23070763
2024-10-29,70.951,74.27,70.848,73.911,8739.0936605
2024-10-30,73.852,74.18,71.52,71.89,7816.7866862
2024-10-31,71.933,72.179,68.5,69.241,4970.394403
2024-11-01,69.272,71.07,67.72,70.239,7783.63452061
2024-11-02,70.374,71.296,68.845,69.179,4179.93751957
2024-11-03,69.24,69.24,65.36,66.964,9705.86184678
2024-11-04,66.757,67.717,64.519,65.453,7767.25144758
2024-11-05,65.587,67.289,64.956,65.41,4984.6479352999995
2024-11-06,65.555,71.57,65.452,71.066,16764.31909307
2024-11-07,70.901,72.37,70.0,71.502,3810.41894768
2024-11-08,71.821,72.97,70.704,72.76,8063.1564444099995
2024-11-09,72.708,74.2,71.609,73.962,7584.87335079
2024-11-10,74.015,78.205,73.52,76.556,27882.04264387
2024-11-11,76.436,80.27,74.65,80.034,31167.74587345
2024-11-12,79.91,82.714,74.164,76.699,49984.82080879
2024-11-13,76.86,77.922,71.924,75.409,41757.94237061
2024-11-14,75.417,84.9,74.33,82.021,62181.45353885
2024-11-15,82.248,87.34,78.929,83.6,43065.04501921
2024-11-16,83.362,98.418,82.822,95.298,65885.64767209
2024-11-17,95.602,97.348,85.042,87.18,38462.2626232
2024-11-18,87.181,94.714,86.496,89.05,55701.31258072
2024-11-19,89.203,90.18,85.043,86.679,26713.15791723
2024-11-20,86.602,87.75,82.37,83.43,11388.97574978
2024-11-21,83.32,91.889,81.517,89.523,28258.811670529998
2024-11-22,89.628,92.57,87.643,92.07,43824.91311278
2024-11-23,92.11,106.07,92.01,99.522,56680.3235419
2024-11-24,99.154,103.0,91.769,96.847,27148.16819139
2024-11-25,96.259,99.1,91.0,92.538,23769.48931589
2024-11-26,92.228,95.617,88.118,93.141,35049.81739469
2024-11-27,92.815,99.133,91.482,97.175,14091.45525694
2024-11-28,97.099,98.365,93.856,95.817,12576.70555571
2024-11-29,95.533,104.85,94.93,104.85,27856.85741646
2024-11-30,104.86,104.97,100.5,102.53,10667.29232721
2024-12-01,102.36,122.06,99.442,119.77,39945.65997845
2024-12-02,119.91,139.57,115.0,132.73,115058.53473575
2024-12-03,132.87,135.2,121.64,130.96,44110.69731119
2024-12-04,131.12,135.88,122.12,133.98,40350.4598388
2024-12-05,133.09,147.0,125.02,135.87,60955.83586148
2024-12-06,135.69,139.03,130.26,135.86,51186.61382121
2024-12-07,136.09,138.76,131.95,133.97,34473.65770074
2024-12-08,133.38,135.89,130.28,135.0,23466.23257044
2024-12-09,135.17,135.18,100.28,110.98,58042.21640816
2024-12-10,110.38,114.97,101.45,109.89,34686.9151427
2024-12-11,109.87,118.65,106.12,117.25,25079.9605958
2024-12-12,117.35,124.88,116.47,119.21,17795.89761389
2024-12-13,119.51,125.6,117.12,124.52,27887.94447737
2024-12-14,124.56,125.16,115.18,118.17,17246.85562736
2024-12-15,117.84,122.14,114.36,121.1,15582.20551146
2024-12-16,121.11,123.99,115.35,118.01,17102.92716512
2024-12-17,117.83,131.2,114.35,125.23,39912.78376579
2024-12-18,125.46,128.91,106.8,108.32,37939.83588201
2024-12-19,108.27,111.74,94.73,99.399,33459.79729726
2024-12-20,99.311,103.24,86.916,101.54,32367.318465
2024-12-21,101.42,106.0,97.78,101.43,11210.91502846
2024-12-22,101.49,104.01,96.75,99.846,9362.90226015
2024-12-23,99.964,107.74,97.982,106.44,21844.92155106
2024-12-24,106.77,110.87,104.06,108.32,11073.21999094
2024-12-25,108.13,110.79,106.99,109.82,11679.37000394
2024-12-26,109.84,110.28,101.17,102.23,11027.04709679
2024-12-27,102.48,106.5,99.864,100.57,10730.37612662
2024-12-28,100.82,101.96,98.9,100.91,1968.43405588
2024-12-29,100.87,101.79,97.0,98.599,2419.26784916
2024-12-30,98.594,103.03,97.584,99.465,10100.64730816
2024-12-31,99.5,104.89,97.945,103.13,20756.26087612
2025-01-01,103.44,108.34,102.17,105.31,17981.36478883
2025-01-02,105.41,108.94,104.71,105.18,19045.44896231
2025-01-03,105.49,114.96,104.22,112.78,19811.14950285
2025-01-04,112.91,112.91,110.21,111.26,19299.43849743
2025-01-05,111.4,116.41,110.74,115.71,7506.96778447
2025-01-06,115.79,117.45,111.47,114.07,25965.26135827
2025-01-07,114.05,114.96,102.17,102.79,33183.59874
2025-01-08,103.14,105.06,97.463,101.76,17975.91413851
2025-01-09,101.5,105.94,100.06,102.43,10090.66801253
2025-01-10,102.8,106.4,102.13,104.15,32455.52940704
2025-01-11,104.28,105.12,102.35,104.55,16343.856306
2025-01-12,104.53,105.4,101.47,102.47,11741.73785112
2025-01-13,102.17,104.52,92.729,98.58,31079.55768997
2025-01-14,98.583,102.69,97.637,102.48,22541.07291545
2025-01-15,102.6,118.63,100.96,117.01,47838.40905004
2025-01-16,117.19,130.45,114.21,124.41,55332.47710399
2025-01-17,124.64,141.0,124.64,136.91,16267.75794723
2025-01-18,137.08,139.42,123.25,125.32,19901.15173122
2025-01-19,125.42,128.58,111.43,115.7,53484.54767296
2025-01-20,115.63,127.28,112.89,118.46,36021.17807339
2025-01-21,118.76,124.82,113.66,119.09,30079.07663589
2025-01-22,118.78,120.25,114.18,115.46,10830.75841211
2025-01-23,115.15,117.1,111.26,116.41,15651.95174573
2025-01-24,116.25,123.0,112.88,118.23,29104.91528886
2025-01-25,118.64,129.25,118.48,123.74,15245.64954749
2025-01-26,123.84,125.04,116.93,116.93,7793.49117596
2025-01-27,116.98,117.88,106.28,115.27,51505.17468443
2025-01-28,115.51,116.99,109.37,110.13,16095.40102618
2025-01-29,110.34,119.4,109.95,116.03,3778.5898915
2025-01-30,116.55,134.0,114.42,130.25,15396.98186926
2025-01-31,130.26,135.47,125.21,128.14,13505.95895914
2025-02-01,127.76,131.33,117.94,118.04,39192.30386359
2025-02-02,118.11,121.51,103.99,109.35,49235.9226839
2025-02-03,108.7,109.0,80.34,106.82,61127.61480023
2025-02-04,107.14,108.54,98.5,101.22,18379.78729674
2025-02-05,101.0,109.27,100.46,103.39,18186.8516686
2025-02-06,103.28,109.68,99.592,101.81,16282.36056527
2025-02-07,101.99,108.1,100.69,103.13,10549.46924173
2025-02-08,103.12,105.26,101.79,104.77,8647.79393569
2025-02-09,104.54,109.17,102.39,107.24,16174.688937
2025-02-10,107.32,122.57,107.28,120.26,34691.40805042
2025-02-11,120.43,132.12,117.89,119.7,21852.78353104
2025-02-12,119.34,125.03,111.75,122.13,14834.3200411
2025-02-13,121.72,129.26,118.93,126.66,12061.45430914
2025-02-14,126.95,133.9,124.42,124.94,13280.68584639
2025-02-15,125.2,135.0,124.26,133.93,12150.23649712
2025-02-16,133.93,137.47,125.12,125.66,8605.44219342
2025-02-17,125.6,128.9,120.37,122.49,21366.93187268
2025-02-18,122.28,130.47,120.15,129.94,17342.98861677
2025-02-19,130.32,140.0,130.04,135.27,19438.63457216
2025-02-20,135.28,135.28,126.04,130.85,21536.10785745
2025-02-21,130.63,140.18,123.94,128.35,34226.27173642
2025-02-22,128.48,131.35,125.87,126.1,13665.806947609999
2025-02-23,126.06,130.7,125.42,129.91,11025.57834023
2025-02-24,130.09,130.66,112.48,115.27,32186.62314236
2025-02-25,115.08,117.68,106.39,114.74,26719.49590177
2025-02-26,114.58,129.23,114.23,125.21,29160.36376282
2025-02-27,125.44,132.4,122.26,127.24,18656.36920501
2025-02-28,127.44,129.9,114.61,128.53,21490.20106615
2025-03-01,128.48,131.24,123.44,124.66,7432.3262114
2025-03-02,124.57,130.28,117.98,128.13,62667.65417543
2025-03-03,128.06,130.68,107.09,110.15,33489.187902
2025-03-04,109.93,111.22,94.3,104.03,30058.19135835
2025-03-05,103.72,107.03,100.88,105.01,13539.74026688
2025-03-06,104.77,113.18,102.43,103.61,28956.2453891
2025-03-07,103.61,106.88,97.65,104.0,20410.58229629
2025-03-08,104.28,109.0,102.09,102.51,8101.5295331
2025-03-09,102.31,103.05,93.919,94.775,16789.62362549
2025-03-10,95.159,99.473,86.62,87.857,19309.29818145
2025-03-11,88.25,93.442,83.55,90.55,20186.00523014
2025-03-12,90.639,93.093,87.491,91.75,8369.84112523
2025-03-13,91.488,91.82,86.5,88.414,8727.9143536
2025-03-14,87.987,93.019,87.987,91.448,6732.50719091
2025-03-15,91.798,94.416,91.209,92.63,3099.87057014
2025-03-16,92.31,92.88,88.532,90.462,9387.30521983
2025-03-17,90.937,94.54,90.925,92.58,7584.72079065
2025-03-18,92.364,92.368,87.362,90.3,11917.42545899
2025-03-19,90.191,94.489,89.588,94.228,8700.54669202
2025-03-20,94.271,94.712,90.258,93.339,11825.60054112
2025-03-21,93.284,93.978,90.9,90.9,8982.29881867
2025-03-22,90.9,92.304,90.533,91.38,3694.41543619
2025-03-23,91.472,92.993,90.915,91.59,2135.17070341
2025-03-24,91.612,95.676,91.05,93.743,8443.19172871
2025-03-25,93.601,94.925,91.988,94.71,4053.92174563
2025-03-26,94.638,96.65,91.163,92.604,5337.38849478
2025-03-27,92.604,95.063,92.311,92.94,11023.28429511
2025-03-28,92.85,93.41,85.914,87.73,10366.97638709
2025-03-29,87.63,88.29,84.333,85.699,8109.10387487
2025-03-30,85.687,86.981,84.926,86.254,2075.72327937
2025-03-31,86.273,86.338,80.971,83.05,11948.83153222
2025-04-01,83.332,85.9,82.972,84.399,6492.38484871
2025-04-02,84.335,88.408,80.934,81.39,34042.312570019996
2025-04-03,81.254,84.57,80.1,83.589,8822.50705909
2025-04-04,83.455,84.986,81.57,84.239,11442.65822432
2025-04-05,84.263,84.874,81.7,82.81,4513.16380454
2025-04-06,82.527,83.095,68.467,70.697,14696.91706261
2025-04-07,70.549,72.87,63.255,70.97,25597.48699035
2025-04-08,71.072,73.447,68.315,68.618,29031.82245071
2025-04-09,68.833,78.178,66.576,75.93,32457.23660157
2025-04-10,75.893,75.893,71.071,73.76,23794.82299465
2025-04-11,73.743,77.4,73.591,76.16,27311.99524558
2025-04-12,76.176,80.039,74.837,78.489,16453.37047868
2025-04-13,78.79,79.97,76.382,77.7,15312.53653267
2025-04-14,77.984,80.54,75.729,77.016,10049.79251662
2025-04-15,77.021,78.533,74.578,75.176,6001.08148029
2025-04-16,75.251,76.4,73.22,74.273,14819.85147643
2025-04-17,74.341,76.572,73.689,74.699,8772.44126844
2025-04-18,74.86,76.881,74.03,75.962,5441.07615185
2025-04-19,75.373,76.606,74.0,76.04,5334.60638719
2025-04-20,75.974,78.263,75.197,77.58,5454.6375379
2025-04-21,77.8,81.608,77.33,78.077,9450.9916357
2025-04-22,78.125,84.654,77.24,83.38,9044.91320348
2025-04-23,83.38,85.126,82.222,83.283,16882.54176654
2025-04-24,83.138,84.5,80.769,84.27,6905.82188096
2025-04-25,84.369,87.25,82.909,86.32,5476.55142039
2025-04-26,86.481,88.619,85.276,87.09,8603.5897444
2025-04-27,87.003,87.64,84.663,85.315,3059.12823935
2025-04-28,85.456,88.173,83.81,85.749,9807.8467133
2025-04-29,85.6,87.398,84.676,85.812,16897.66981396
2025-04-30,85.87,86.728,81.763,83.645,23174.85344678
2025-05-01,83.506,90.945,83.375,88.975,28056.96186339
2025-05-02,88.931,91.029,87.196,87.979,15794.20651755
2025-05-03,87.931,87.931,85.702,86.654,10360.24373409
2025-05-04,86.664,86.987,85.054,85.289,21103.25039178
2025-05-05,85.285,89.649,82.333,83.45,26347.07226685
2025-05-06,83.436,92.748,81.25,91.708,34640.29721859
2025-05-07,91.739,93.681,87.283,89.56,30417.79065501
2025-05-08,89.56,95.431,89.56,95.0,36554.907960309996
2025-05-09,95.0,101.43,93.931,100.46,50606.65513035
2025-05-10,100.54,106.91,100.38,105.08,39728.78045734
2025-05-11,105.11,105.95,98.0,100.04,29225.75588919
2025-05-12,100.32,105.0,98.281,104.23,27400.76481631
2025-05-13,103.77,104.95,99.629,103.54,17406.93420558
2025-05-14,103.3,105.85,98.594,100.9,22986.59701648
2025-05-15,100.71,101.8,95.492,99.117,28060.5387351
2025-05-16,99.15,102.1,98.226,99.402,20253.68615919
2025-05-17,99.5,101.14,95.7,96.049,13521.61907264
2025-05-18,96.101,102.37,95.89,101.03,12277.8056589
2025-05-19,101.07,101.21,94.315,98.379,12648.80707592
2025-05-20,98.245,99.57,92.331,94.256,19556.75820233
2025-05-21,94.343,98.259,93.389,97.077,31970.31907065
2025-05-22,96.917,100.96,96.917,100.25,28397.28504364
2025-05-23,100.23,102.71,94.5,95.143,18407.99350407
2025-05-24,95.052,97.73,94.885,95.423,21272.16538631
2025-05-25,95.387,95.86,92.986,95.567,17837.84736122
2025-05-26,95.558,97.5,94.273,94.9,10764.02245774
2025-05-27,94.975,96.92,93.1,95.86,17534.44890878
2025-05-28,95.763,97.36,93.351,95.299,11623.64653122
2025-05-29,95.388,98.821,92.8,93.15,17764.11691589
2025-05-30,93.141,93.864,84.79,85.722,24158.70070498
2025-05-31,85.683,87.91,82.995,86.942,7593.67365787
2025-06-01,86.986,88.671,85.789,88.53,1524.43084366
2025-06-02,88.468,89.92,86.923,89.511,4036.99081079
2025-06-03,89.602,90.537,88.574,89.65,4301.90848695
2025-06-04,89.86,90.89,87.326,87.949,4178.98417721
2025-06-05,88.009,89.0,81.952,83.877,7149.01866761
2025-06-06,83.785,87.71,83.401,87.192,2532.86739566
2025-06-07,87.423,89.42,86.77,88.383,2503.67920603
2025-06-08,88.362,88.56,86.519,87.3,2895.23211183
2025-06-09,87.22,90.8,86.765,90.737,5386.45334316
2025-06-10,90.8,93.38,89.479,93.09,12065.88921479
2025-06-11,93.348,94.0,90.374,91.391,12271.53362953
2025-06-12,91.581,91.773,86.001,86.313,3350.3018583
2025-06-13,86.054,86.66,81.322,86.518,8785.91180015
2025-06-14,86.131,86.9,84.301,85.257,2126.48196457
2025-06-15,85.151,86.66,85.006,86.4,3105.23069132
2025-06-16,86.411,88.96,85.593,86.516,4777.39418103
2025-06-17,86.492,87.701,82.589,84.442,5857.52655641
2025-06-18,84.617,85.689,83.432,84.803,2129.53744788
2025-06-19,84.943,86.02,84.308,85.21,2929.09374926
2025-06-20,85.021,86.0,81.062,82.92,9736.68785084
2025-06-21,82.983,84.13,78.633,80.364,4457.88829917
2025-06-22,80.452,82.1,76.4,80.37,7354.11729326
2025-06-23,80.383,85.463,79.604,85.3,3403.58344916
2025-06-24,85.0,85.48,83.881,84.774,4019.16392552
2025-06-25,84.806,85.44,83.941,84.6,4355.73555541
2025-06-26,84.69,85.77,83.758,84.279,2483.91369168
2025-06-27,84.449,85.648,83.197,84.8,3434.97101632
2025-06-28,84.808,87.34,84.756,86.35,4307.03325977
2025-06-29,86.375,88.48,85.828,87.95,2905.79017197
2025-06-30,87.938,88.325,84.829,86.053,7423.26550789
2025-07-01,86.088,86.825,82.572,83.28,5568.9258669
2025-07-02,83.298,88.706,83.174,87.37,9439.66451585
2025-07-03,87.37,92.371,87.0,89.105,12785.48111691
2025-07-04,89.16,89.32,85.771,86.933,21185.83732777
2025-07-05,86.925,87.898,85.973,87.617,1237.3607951000001
2025-07-06,87.627,88.722,86.623,87.473,2760.710932
2025-07-07,87.473,88.35,85.221,86.162,4521.9862962
2025-07-08,86.158,88.0,85.67,87.828,10613.33947919
2025-07-09,87.854,91.4,87.244,90.735,14265.79195783
2025-07-10,90.74,95.269,90.229,94.88,13666.0369328
2025-07-11,94.813,98.295,92.615,94.114,19498.67470253
2025-07-12,94.153,95.283,90.563,92.64,7208.38787269
2025-07-13,92.658,96.68,92.418,94.489,8082.93308632
2025-07-14,94.5,97.859,94.091,95.64,5436.92378395
2025-07-15,95.627,96.751,91.249,96.438,9746.06548753
2025-07-16,96.376,99.94,95.255,97.493,14033.34884991
2025-07-17,97.5,103.6,95.382,101.57,14179.25260107
2025-07-18,101.6,112.2,100.14,101.7,30619.62907543
2025-07-19,101.7,114.15,99.426,113.33,32437.314670660002
2025-07-20,113.2,121.38,110.32,116.6,21394.36932981
2025-07-21,116.6,121.85,114.35,115.23,20648.96512463
2025-07-22,115.46,119.87,112.54,119.61,7789.1812426
2025-07-23,119.71,122.26,109.12,112.13,12960.54408414
2025-07-24,112.13,115.51,106.86,112.18,18547.82112662
2025-07-25,112.27,116.31,108.39,113.87,16997.07973685
2025-07-26,113.55,115.46,112.1,113.97,3573.32534082
2025-07-27,113.96,115.57,112.4,114.9,3538.02485777
2025-07-28,114.87,116.44,108.48,109.04,24081.439922
2025-07-29,109.04,110.95,106.83,108.68,11387.03954403
2025-07-30,108.67,111.4,105.33,110.62,20487.24591544
2025-07-31,110.61,111.94,105.9,106.18,20078.95177494
2025-08-01,106.26,108.42,103.33,106.66,59703.12537513
2025-08-02,106.64,110.28,104.42,106.32,22467.20453865
2025-08-03,106.21,111.61,104.33,110.54,16975.55023379
2025-08-04,110.55,121.46,110.34,121.22,21636.92936093
2025-08-05,121.22,129.04,119.65,120.35,31880.08046615
2025-08-06,120.33,121.16,115.37,119.35,13140.1894797
2025-08-07,119.35,123.2,117.61,123.04,14010.54427909
2025-08-08,123.03,126.49,119.43,123.84,69761.78889052
2025-08-09,123.92,126.34,120.11,120.33,16205.06792983
2025-08-10,120.32,126.0,118.21,123.82,10003.65607247
2025-08-11,123.81,128.12,119.72,120.17,12252.49144714
2025-08-12,120.17,131.78,118.5,130.28,51029.80851169
2025-08-13,130.35,133.93,128.48,130.47,14392.35813169
2025-08-14,130.87,133.61,119.55,121.41,20987.17201477
2025-08-15,121.41,123.4,116.67,119.33,17322.37730593
2025-08-16,119.3,121.17,117.36,121.17,5546.6496388900005
2025-08-17,121.13,123.27,120.01,120.89,10591.69179758
2025-08-18,120.9,121.02,115.53,117.85,11851.20570439
2025-08-19,117.86,119.15,112.3,112.8,5855.30145305
2025-08-20,112.83,117.29,112.37,116.24,6917.99245512
2025-08-21,116.24,117.54,113.74,114.89,12631.92894733
2025-08-22,114.91,123.79,112.8,123.03,24194.5586337
2025-08-23,123.07,123.45,119.91,121.58,4400.46473739
2025-08-24,121.59,124.83,117.31,118.37,55143.04879304
2025-08-25,118.39,118.77,107.0,109.39,12478.8692055
2025-08-26,109.38,115.0,109.02,113.69,9091.28314278
2025-08-27,113.68,116.36,112.25,112.35,20221.31641567
2025-08-28,112.37,114.83,111.54,113.89,13443.74973556
2025-08-29,113.84,113.95,108.85,110.05,7267.7837271
2025-08-30,110.05,111.42,108.56,110.96,3519.8458104300003
2025-08-31,110.96,112.12,109.01,109.06,2901.35124285
2025-09-01,109.05,111.44,106.54,108.69,3434.00041881
2025-09-02,108.81,112.24,108.77,111.88,3056.66940218
2025-09-03,111.89,113.46,111.0,113.13,1324.299502
2025-09-04,113.13,113.65,109.78,111.25,839.55175314
2025-09-05,111.25,115.2,111.17,111.98,3572.12980649
2025-09-06,111.97,112.58,111.12,112.12,2480.89543211
2025-09-07,112.14,115.47,112.14,115.05,5376.50336179
2025-09-08,114.94,115.54,111.79,112.74,9914.35349858
2025-09-09,112.75,114.58,110.81,111.95,5198.1492671
2025-09-10,111.95,118.6,111.65,117.6,17056.010683739998
2025-09-11,117.47,117.68,112.82,115.75,9572.68763622
2025-09-12,115.75,118.2,114.74,118.02,4585.79379349
2025-09-13,118.01,120.72,117.42,119.2,11622.31142163
2025-09-14,119.2,119.28,114.02,115.38,10116.50329288
2025-09-15,115.38,116.87,112.2,113.9,6702.29105025
2025-09-16,113.9,115.95,112.17,115.04,5925.29467591
2025-09-17,115.05,117.67,113.27,117.06,4253.56510516
2025-09-18,117.06,119.06,114.97,118.25,5935.29092341
2025-09-19,118.27,119.47,113.54,114.27,10142.93970262
2025-09-20,114.27,115.33,113.58,114.05,590.50321267
2025-09-21,114.06,116.38,113.93,114.2,932.4731258200001
2025-09-22,114.2,114.62,103.02,105.82,7283.42038804
2025-09-23,105.82,107.42,104.61,106.3,2114.30688414
2025-09-24,106.31,107.79,104.76,105.75,3453.07959187
2025-09-25,105.73,105.99,100.5,102.35,4149.81018881
2025-09-26,102.37,105.09,101.22,104.82,1323.63092384
2025-09-27,104.81,105.21,103.63,104.72,803.24275134
2025-09-28,104.71,107.37,103.05,107.06,1572.44821935
2025-09-29,107.06,107.77,105.46,106.96,2214.49057991
2025-09-30,106.96,107.6,104.07,106.91,4908.41952967
2025-10-01,106.93,115.39,105.48,115.29,8701.69304575
2025-10-02,115.29,122.66,115.29,119.62,8908.92983112
2025-10-03,119.61,124.78,115.93,120.47,7106.45651438
2025-10-04,120.48,121.04,117.51,120.43,5616.2048995800005
2025-10-05,120.44,124.1,118.45,118.82,11145.75106686
2025-10-06,118.81,121.46,118.09,118.34,9804.46434892
2025-10-07,118.29,119.19,115.23,116.96,5693.19351118
2025-10-08,116.99,119.58,115.58,118.69,5546.93784157
2025-10-09,118.69,128.1,115.52,125.96,8580.85620328
2025-10-10,125.96,135.99,54.947,97.07,50965.69518027
2025-10-11,96.97,102.97,90.297,93.52,12843.02205672
2025-10-12,93.51,102.3,91.84,99.135,10638.49036867
2025-10-13,99.153,101.44,95.1,99.622,19356.532786570002
2025-10-14,99.612,100.59,91.333,97.539,11184.1436487
2025-10-15,97.539,100.07,93.566,95.607,3378.20742546
2025-10-16,95.654,97.041,89.858,91.837,6875.44839209
2025-10-17,91.938,93.27,84.52,90.256,7142.9849282000005
2025-10-18,90.259,92.404,90.136,91.832,4952.42748132
2025-10-19,91.834,94.887,90.898,93.46,2753.35031549
2025-10-20,93.455,96.081,92.443,94.247,2741.78715408
2025-10-21,94.224,97.089,91.889,92.612,3678.03903761
2025-10-22,92.52,94.88,90.0,91.884,4428.92030673
2025-10-23,91.884,94.77,91.884,94.08,1881.38352839
2025-10-24,94.08,97.42,93.941,96.491,3989.73483354
2025-10-25,96.491,97.073,95.68,96.971,1092.85415319
2025-10-26,96.963,100.85,96.37,99.95,3643.96183472
2025-10-27,99.95,103.0,98.233,99.415,5508.13611213
2025-10-28,99.406,106.81,95.297,96.667,14670.5928139
2025-10-29,96.667,100.83,96.12,98.702,3397.65407681
2025-10-30,98.721,99.88,90.62,93.551,5933.71314598
2025-10-31,93.55,96.4,93.18,95.591,2267.15907981
2025-11-01,95.581,102.02,95.22,101.63,9305.37185585
2025-11-02,101.6,101.62,97.62,99.565,2425.31503879
2025-11-03,99.533,99.859,85.62,87.59,11486.68971797
2025-11-04,87.555,91.25,79.888,85.295,7310.47880994
2025-11-05,85.215,89.999,82.22,89.472,3743.80329757
2025-11-06,89.401,89.401,85.452,87.077,3260.39862767
2025-11-07,87.068,104.85,86.114,101.85,14853.70136425
2025-11-08,101.81,107.64,98.181,106.88,13061.8306502
2025-11-09,107.05,113.66,99.02,110.31,20089.49756943
2025-11-10,110.36,112.11,103.83,104.26,6044.78803149
2025-11-11,104.28,106.97,99.128,99.784,4606.58684042
2025-11-12,99.778,104.31,94.976,97.658,5762.23609298
2025-11-13,97.651,102.73,93.811,96.612,4446.04419388
2025-11-14,96.622,100.23,93.42,97.786,4673.44417402
2025-11-15,97.796,109.7,97.796,101.77,9985.98567672
2025-11-16,101.77,103.59,94.72,95.965,5875.39163769
2025-11-17,96.108,98.088,90.986,91.542,3813.9381242
2025-11-18,91.515,97.67,90.646,95.828,2552.3420763
2025-11-19,95.828,96.05,89.013,93.037,2906.1981543
2025-11-20,93.012,93.91,86.12,87.291,1850.27444249
2025-11-21,87.333,88.78,80.2,82.788,9420.12190159
2025-11-22,82.796,84.032,81.0,82.292,1114.75947441
2025-11-23,82.292,84.524,81.98,83.218,1318.6316107
2025-11-24,83.2,87.351,82.341,85.646,2086.45538743
2025-11-25,85.648,86.819,83.203,85.402,2834.0932302
2025-11-26,85.45,87.737,83.431,86.91,4297.82692922
2025-11-27,86.904,87.832,86.081,86.671,1268.39857731
2025-11-28,86.662,86.9,83.322,84.305,3639.72134803
2025-11-29,84.352,85.807,83.295,84.07,1131.77380669
2025-11-30,84.069,84.922,82.33,82.33,2705.93451691
2025-12-01,82.409,82.52,74.822,77.63,3472.67003375
2025-12-02,77.667,83.33,77.411,82.892,3521.52322475
2025-12-03,82.889,86.736,82.647,85.888,1937.34286385
2025-12-04,85.907,86.77,82.202,83.575,2457.5752142
2025-12-05,83.575,84.096,79.641,80.459,1465.79106153
2025-12-06,80.459,82.512,79.966,81.731,1538.9141442
2025-12-07,81.736,83.752,80.0,81.499,1303.4853911
2025-12-08,81.448,84.517,81.161,83.94,1393.98039312
2025-12-09,83.964,87.534,82.542,85.965,3183.21146876
2025-12-10,85.972,87.226,83.829,84.292,2235.53009497
2025-12-11,84.373,84.568,80.36,82.921,4494.38075075
2025-12-12,82.925,84.461,80.581,81.967,1768.23234689
2025-12-13,81.995,82.472,80.908,81.545,769.6046095
2025-12-14,81.54,81.977,78.014,78.991,1136.90184711
2025-12-15,78.991,81.49,75.83,77.694,11153.19706359
2025-12-16,77.662,79.82,76.51,79.159,2539.35001662
2025-12-17,79.159,81.09,75.27,76.146,4697.0370411
2025-12-18,76.074,78.6,72.727,74.438,5233.93256681
2025-12-19,74.449,78.093,73.718,77.617,3212.10270853
2025-12-20,77.599,79.47,76.55,77.935,1997.09087526
2025-12-21,77.933,78.125,75.513,76.83,2216.37397286
2025-12-22,76.834,79.47,76.414,77.068,3279.32028816
2025-12-23,77.068,77.941,75.532,77.021,2484.03212097
2025-12-24,77.036,77.42,75.272,75.826,4139.57335532
2025-12-25,75.794,77.555,75.4,75.722,3557.72888506
2025-12-26,75.721,78.03,75.471,76.949,4110.046544
2025-12-27,76.943,80.657,76.831,80.379,2611.09973989
2025-12-28,80.43,80.661,77.922,78.768,4351.4228775
2025-12-29,78.775,80.203,77.0,78.4,4493.11294784
2025-12-30,78.291,79.088,77.627,78.916,2564.47696366
2025-12-31,78.916,78.916,76.12,76.94,3968.77587056
2026-01-01,76.917,80.06,76.736,79.974,2804.6170411
2026-01-02,80.004,82.219,79.061,81.906,7972.62793298
2026-01-03,81.895,82.855,80.738,82.051,4296.38378338
2026-01-04,82.03,83.159,81.571,82.223,3380.24593016
2026-01-05,82.223,84.4,81.314,83.367,7116.68719155
2026-01-06,83.361,84.77,81.049,83.817,5105.44230696
2026-01-07,83.817,83.828,80.971,81.682,5052.6907483
2026-01-08,81.689,82.288,80.0,81.29,4327.0626594
2026-01-09,81.29,82.118,79.852,81.478,115857.57540341
2026-01-10,81.476,82.412,80.825,81.221,3537.79347833
2026-01-11,81.221,81.737,78.562,78.814,20584.50323632
2026-01-12,78.736,80.679,75.6,76.145,28257.82031908
2026-01-13,76.111,78.819,75.303,78.082,54776.70423624
2026-01-14,78.044,80.8,76.077,76.569,39431.15510066
2026-01-15,76.569,76.767,69.65,72.134,44709.69601274
2026-01-16,72.152,76.001,70.92,75.185,22593.08064434
2026-01-17,75.185,75.949,73.796,74.858,12812.71132599
2026-01-18,74.858,75.831,71.92,72.237,17190.68075717
2026-01-19,72.237,72.237,66.0,70.766,24882.59783656
2026-01-20,70.792,71.014,65.92,67.101,19906.2422187
2026-01-21,67.105,69.736,66.114,68.504,18875.65009634
2026-01-22,68.504,69.638,67.199,68.198,8884.8992829
2026-01-23,68.199,69.57,67.0,68.086,10090.55709069
2026-01-24,68.086,68.954,67.697,68.126,5084.44728137
2026-01-25,68.158,70.337,65.22,67.299,14606.41972059
2026-01-26,67.28,70.17,66.993,69.862,9974.8374643
2026-01-27,69.82,70.432,68.663,69.998,9009.10198635
2026-01-28,70.014,70.261,68.45,69.428,10067.81716106
2026-01-29,69.427,69.529,64.4,66.218,15745.41321172
2026-01-30,66.221,66.465,62.72,65.432,6461.73598535
2026-01-31,65.432,65.448,55.02,59.529,11162.63724022
2026-02-01,59.532,59.954,57.237,58.493,6274.5593638
2026-02-02,58.534,61.261,56.629,60.082,14040.09061716
2026-02-03,60.08,61.464,56.936,59.525,7701.01006323
2026-02-04,59.522,61.054,57.157,58.955,8461.38044013
2026-02-05,58.96,59.54,50.178,50.79,13500.50353204
2026-02-06,50.795,56.47,45.22,55.081,21323.06346337
2026-02-07,55.086,56.082,52.92,55.262,5483.20366868
2026-02-08,55.283,55.834,53.707,54.54,4253.01048906
2026-02-09,54.527,55.131,52.39,54.488,3921.61706891
2026-02-10,54.499,54.679,52.81,53.398,2734.83701536
2026-02-11,53.398,53.748,51.1,52.357,2999.11660303
2026-02-12,52.352,53.847,51.606,53.209,3755.25907491
2026-02-13,53.198,55.738,52.465,55.089,2682.34450402
2026-02-14,55.142,56.643,54.935,55.985,2517.7559395
2026-02-15,56.001,56.67,54.226,55.121,3055.19614326
2026-02-16,55.121,55.716,53.355,55.205,2914.58592882
2026-02-17,55.209,55.883,53.24,53.989,2954.68627207
2026-02-18,53.984,54.99,53.02,53.41,2557.04533366
2026-02-19,53.395,53.769,51.451,52.784,3328.72681536
2026-02-20,52.774,55.499,52.735,55.251,2646.45042037
2026-02-21,55.258,55.981,54.86,54.962,5150.41455007
2026-02-22,54.978,54.978,52.948,53.521,2201.28663729
2026-02-23,53.529,53.581,50.82,51.424,4174.4119624800005
2026-02-24,51.439,51.968,50.265,51.227,3111.63754711
2026-02-25,51.232,59.044,51.125,56.836,10882.96776826
2026-02-26,56.841,57.136,54.509,55.692,3367.04674137
2026-02-27,55.686,56.459,53.509,54.627,7080.04025259
2026-02-28,54.622,55.0,51.541,54.47,10773.59024407
2026-03-01,54.464,55.57,52.52,53.266,3539.4115299200002
2026-03-02,53.262,55.673,52.986,54.566,5536.35363328
2026-03-03,54.569,55.278,53.032,54.779,3446.1900128
2026-03-04,54.774,57.67,54.333,56.781,4956.29420501
2026-03-05,56.782,57.249,55.047,55.452,3500.09652879
2026-03-06,55.447,55.828,53.12,53.773,3707.6664105600003
2026-03-07,53.768,54.27,53.198,53.558,2211.89729741
2026-03-08,53.558,53.89,51.831,52.579,1948.7996106800001
2026-03-09,52.599,54.79,52.516,53.809,3766.40390244
2026-03-10,53.781,55.023,53.443,53.856,3634.19939859
2026-03-11,53.866,55.28,53.531,54.813,4716.76739528
2026-03-12,54.845,54.987,53.84,54.58,2290.98610457
2026-03-13,54.567,56.68,54.501,55.249,2337.61025384
2026-03-14,55.26,55.791,54.38,54.975,2145.0885035300003
2026-03-15,54.976,56.384,54.661,56.248,1732.7627243
2026-03-16,56.259,59.172,55.82,58.689,4837.83262126
2026-03-17,58.681,59.245,57.271,58.071,3467.86699882
2026-03-18,58.066,58.547,55.329,56.06,3076.94780314
2026-03-19,56.053,56.314,54.629,55.528,3339.42730411
2026-03-20,55.534,56.472,55.221,56.18,2186.36153581
2026-03-21,56.175,56.57,54.365,54.779,3070.64595169
2026-03-22,54.784,55.026,53.041,53.508,4310.07817544
2026-03-23,53.508,56.07,53.245,55.725,4258.8369698
2026-03-24,55.731,56.47,55.094,56.383,4596.70543187
2026-03-25,56.378,56.757,55.994,56.626,3106.88117113
2026-03-26,56.625,56.63,54.22,54.576,3154.10498763
2026-03-27,54.577,55.131,53.25,53.692,2907.82848537
2026-03-28,53.686,54.93,53.284,53.86,2406.34501186
2026-03-29,53.863,54.37,52.21,53.344,3414.05078499
2026-03-30,53.339,54.376,53.031,53.302,3618.80936835
2026-03-31,53.35,54.239,53.124,53.908,2584.03928046
2026-04-01,53.923,54.74,53.729,53.729,2599.88524406
2026-04-02,53.743,54.081,51.392,52.24,4313.92174885
2026-04-03,52.26,53.451,52.127,53.182,2591.88124929
2026-04-04,53.182,53.85,52.951,53.56,2090.991594
2026-04-05,53.569,54.17,52.592,54.079,2158.25196582
2026-04-06,54.092,54.6,53.124,53.487,3536.78334354
2026-04-07,53.481,55.739,52.91,55.379,5758.98615774
2026-04-08,55.386,55.523,53.88,53.921,2828.18367306
2026-04-09,53.917,55.224,53.609,54.529,2128.5935613
2026-04-10,54.515,55.479,54.221,54.944,2460.4625032
2026-04-11,54.944,55.692,54.349,55.041,1437.28394939
2026-04-12,55.031,55.067,53.338,53.459,2655.64447745
2026-04-13,53.464,54.733,52.644,54.622,4458.07513144
2026-04-14,54.623,55.255,54.031,54.253,3750.30012368
2026-04-15,54.258,55.638,53.851,55.134,4579.9756155000005
2026-04-16,55.128,56.58,54.577,56.371,5770.17875203
2026-04-17,56.362,57.441,55.352,56.405,10431.94484266
2026-04-18,56.427,56.654,55.245,55.656,3303.15244628
2026-04-19,55.649,55.805,53.91,54.064,3459.34768219
2026-04-20,54.056,55.419,53.994,55.04,4080.90403552
2026-04-21,55.035,55.878,54.678,55.551,3467.37767519
2026-04-22,55.559,56.526,55.499,55.51,8401.71095582
2026-04-23,55.515,56.254,54.92,56.245,4109.0819147
2026-04-24,56.244,56.75,55.744,56.579,1670.59315219
2026-04-25,56.55,56.719,55.928,56.058,3071.49441949
2026-04-26,56.049,56.5,55.76,56.295,4158.19833451
2026-04-27,56.29,56.821,54.99,55.593,3024.17520481
2026-04-28,55.591,55.803,54.696,55.716,3271.04006152
2026-04-29,55.716,57.67,54.386,55.315,2827.17522625
2026-04-30,55.324,55.97,54.95,55.194,3034.4713395100002
2026-05-01,55.19,55.985,54.87,55.37,5336.45644967
2026-05-02,55.365,55.689,55.018,55.328,4588.103199
2026-05-03,55.341,55.739,54.851,55.276,4168.3681722
2026-05-04,55.281,56.378,54.891,54.951,7587.02403273
2026-05-05,54.951,56.589,54.8,56.315,4537.51486938
2026-05-06,56.341,57.87,56.011,56.678,6946.77064239
2026-05-07,56.678,57.364,56.047,56.408,7973.51924826
2026-05-08,56.418,58.945,56.068,58.279,13425.36826483
2026-05-09,58.288,59.123,57.587,57.936,8934.41641271
2026-05-10,57.952,60.538,57.632,60.348,9263.70869568
2026-05-11,60.357,60.52,58.031,58.499,6218.0680151100005
2026-05-12,58.465,58.626,57.02,58.089,7250.18612048
2026-05-13,58.075,58.913,56.252,56.981,7105.7076521
2026-05-14,56.981,59.558,56.637,58.204,8434.14195675
2026-05-15,58.199,58.47,56.37,57.48,6668.53881661
2026-05-16,57.484,57.656,55.557,56.133,7824.27946194
2026-05-17,56.134,56.471,53.72,54.558,6935.74280541
2026-05-18,54.574,54.574,53.161,54.343,4942.17967749
2026-05-19,54.374,54.565,53.5,54.515,2950.29877901
2026-05-20,54.499,54.58,53.281,53.99,4269.28641342
2026-05-21,53.996,54.707,53.323,54.17,4923.50949559
2026-05-22,54.171,54.574,52.3,52.64,5438.07129336
2026-05-23,52.679,54.27,51.5,53.541,3526.52961819
2026-05-24,53.525,53.697,52.081,52.781,4088.6055264
2026-05-25,52.816,53.201,52.493,52.779,3603.1074264
2026-05-26,52.769,53.112,51.638,51.955,3080.66899611
2026-05-27,51.946,52.865,51.634,51.964,3263.90701821
2026-05-28,51.954,52.117,50.334,51.65,4941.24390943
2026-05-29,51.65,52.335,51.181,51.911,3167.08530685
2026-05-30,51.91,52.784,51.841,52.455,3839.92836285
2026-05-31,52.46,52.78,51.414,52.097,3279.65754877
2026-06-01,52.092,52.31,50.113,50.808,4412.5897473
2026-06-02,50.802,50.827,46.29,46.844,6917.76641679
2026-06-03,46.861,48.495,46.791,47.052,6120.4810777
2026-06-04,47.086,47.416,43.789,45.597,12919.15850286
2026-06-05,45.576,45.77,42.013,43.311,10282.11438388
2026-06-06,43.437,44.058,40.67,41.432,7317.53879315
2026-06-07,41.429,43.37,41.14,42.891,5156.98985713
2026-06-08,42.896,43.849,42.085,42.983,3690.0471187000003
2026-06-09,43.03,43.57,41.877,43.036,6578.89320755
2026-06-10,43.043,43.253,41.28,41.751,3549.41114165
2026-06-11,41.772,42.959,41.772,42.463,4257.36244983
2026-06-12,42.475,43.511,42.15,43.051,4153.90101359
2026-06-13,43.055,44.345,42.927,44.253,3863.07188073
2026-06-14,44.264,45.357,43.636,45.357,1733.28713075
2026-06-15,45.355,46.229,44.734,45.578,10529.12863314
2026-06-16,45.66,46.337,44.468,45.635,8596.54371942
2026-06-17,45.647,45.909,44.356,44.811,2828.45128855
2026-06-18,44.806,44.96,42.981,43.803,3381.81790251
2026-06-19,43.81,44.548,43.162,44.04,3013.31209706
2026-06-20,44.044,44.61,43.759,44.516,1789.19938016
2026-06-21,44.53,46.056,44.381,44.457,2906.05270448
2026-06-22,44.478,45.802,44.34,44.563,1603.5357752300001
2026-06-23,44.548,44.667,41.812,42.191,6366.1154851
2026-06-24,42.187,42.502,39.321,41.229,4841.26824592
2026-06-25,41.197,42.0,39.321,40.924,2643.67024776
2026-06-26,40.929,42.184,40.037,41.914,5135.57891554
2026-06-27,41.91,43.27,41.72,42.173,1935.48580958
2026-06-28,42.169,43.35,41.927,42.474,2231.05366366
2026-06-29,42.486,43.421,42.145,43.149,6714.33833346
2026-06-30,43.149,43.188,41.585,41.957,14436.32193789
2026-07-01,41.961,43.691,41.184,42.717,3875.3450454100002
2026-07-02,42.717,43.919,42.444,43.557,7542.41964281
2026-07-03,43.55,45.391,43.12,44.856,16275.71661715
2026-07-04,44.858,45.706,44.011,44.857,2883.31014796
2026-07-05,44.85,46.168,44.04,45.814,4184.76074586
2026-07-06,45.837,46.049,43.775,44.851,6508.64421899
2026-07-07,44.847,45.01,43.649,43.893,17269.34656157
2026-07-08,43.892,44.067,43.171,43.695,5722.41206637
2026-07-09,43.68,44.388,43.445,43.81,13337.881060059999
2026-07-10,43.806,44.924,43.591,44.899,7816.25782853
2026-07-11,44.788,45.524,44.572,44.631,3932.06901476
2026-07-12,44.635,44.874,43.979,44.015,3208.5143078300002
2026-07-13,44.004,44.579,42.895,43.562,14461.5696011
2026-07-14,43.58,45.533,43.428,45.439,12429.44753227
2026-07-15,45.446,46.12,44.679,45.222,3918.86727168
2026-07-16,45.218,45.432,44.394,44.938,2192.91881641
2026-07-17,44.949,45.966,44.153,45.182,2677.5029348
2026-07-18,45.184,47.865,45.09,47.03,5306.65645572
2026-07-19,47.029,47.9,46.736,47.103,19910.94814931
2026-07-20,47.103,47.842,46.44,47.383,3424.94843567
2026-07-21,47.392,48.11,46.707,46.889,8823.21303202
2026-07-22,46.891,47.599,46.359,47.179,2552.6801789300002
2026-07-23,47.155,47.552,46.211,46.986,3420.73849826
2026-07-24,46.994,47.435,46.0,46.393,9733.875355099999
2026-07-25,46.399,46.695,45.819,46.586,1368.4112946
2026-07-26,46.581,48.295,46.514,47.878,3610.21970655
2026-07-27,47.874,47.877,45.917,46.037,15365.26306663
2026-07-28,46.041,46.715,45.909,46.217,1646.46173378
2026-07-29,46.22,46.39,44.32,45.449,6747.01188945
2026-07-30,45.445,45.832,44.962,45.591,1518.34008625
2026-07-31,45.587,45.906,44.211,44.314,1873.28892098
2026-08-01,44.323,44.768,43.632,44.258,5745.8602424
2026-08-02,44.254,44.78,44.125,44.717,1387.53682646
