time,open,high,low,close,volume
2017-09-07,22.3,39.8,22.3,31.15,277599.8440821
2017-09-08,31.003,31.39,22.32,25.89,296052.41348982
2017-09-09,25.89,25.924,22.18,22.6,133267.6223018
2017-09-10,22.59,25.4,19.529,23.805,172515.4581134
2017-09-11,23.773,24.5,21.509,22.048,79796.22787584
2017-09-12,21.854,23.8,19.88,21.0,147392.88832112
2017-09-13,20.75,21.395,17.534,20.089,144653.25113618
2017-09-14,20.1,20.986,14.7,15.716,170102.60580751
2017-09-15,15.8,19.33,13.19,18.526,240372.75669151
2017-09-16,18.584,23.197,18.25,20.349,177575.92380705
2017-09-17,20.355,20.496,18.204,19.855,61556.2502531
2017-09-18,19.947,21.399,19.512,21.22,135691.9968632
2017-09-19,21.101,21.919,18.9,19.9,172892.78025043
2017-09-20,19.89,20.6,19.506,19.671,76379.6577064
2017-09-21,19.727,19.969,16.562,17.428,142316.01861221
2017-09-22,17.273,19.5,16.992,18.55,109065.5602432
2017-09-23,18.588,20.6,18.167,20.02,89714.27631671
2017-09-24,20.173,20.38,19.1,19.551,45314.17268657
2017-09-25,19.581,27.4,19.554,25.9,597518.39417109
2017-09-26,25.9,27.356,24.377,26.402,525243.46197393
2017-09-27,26.405,34.01,26.395,31.868,1166481.61580822
2017-09-28,31.85,32.8,27.61,29.908,753494.69927562
2017-09-29,29.848,30.5,26.081,28.623,610659.27994257
2017-09-30,28.623,34.489,28.457,34.3,684892.59174931
2017-10-01,34.25,36.0,31.85,35.629,542194.08450319
2017-10-02,35.646,38.939,34.56,36.58,868323.98740053
2017-10-03,36.579,36.881,31.9,33.55,626198.32863238
2017-10-04,33.539,35.235,30.1,31.15,497997.08245423
2017-10-05,31.19,33.68,28.76,32.2,651875.991415
2017-10-06,32.25,34.49,32.001,33.449,371594.18279434
2017-10-07,33.429,36.373,33.05,35.877,261676.73996255
2017-10-08,35.878,37.225,31.01,32.125,762576.67547407
2017-10-09,32.14,33.0,26.589,28.95,776190.57663735
2017-10-10,29.0,31.524,28.0,29.36,310809.51277071
2017-10-11,29.333,31.307,29.323,30.007,195903.85458061
2017-10-12,30.002,30.479,27.501,28.248,331190.03820995
2017-10-13,28.056,29.85,26.619,29.31,454957.27436903
2017-10-14,29.346,29.65,27.566,27.69,153808.07627196
2017-10-15,27.73,28.4,27.001,27.899,181230.30404891
2017-10-16,27.898,29.083,27.0,28.538,228075.38260135
2017-10-17,28.532,32.775,27.67,31.661,510798.35005003
2017-10-18,31.647,31.749,28.221,29.674,342706.11732538
2017-10-19,29.587,30.075,28.476,28.773,142325.97786472
2017-10-20,28.77,29.65,27.67,27.681,201032.13430694
2017-10-21,27.681,28.257,25.83,27.155,176992.72307256
2017-10-22,27.198,29.647,26.918,28.538,195332.45893857
2017-10-23,28.552,28.587,26.5,27.883,149176.68187749
2017-10-24,27.952,32.619,26.8,30.003,395398.53816217
2017-10-25,30.065,30.37,28.46,28.595,104352.24111511
2017-10-26,28.621,29.344,27.71,28.259,106681.24527138
2017-10-27,28.32,29.341,28.2,28.884,58975.21152605
2017-10-28,28.894,29.027,27.0,27.314,78321.37442451
2017-10-29,27.313,28.6,27.01,27.7,79142.23208651
2017-10-30,27.699,29.572,27.652,28.791,88545.74322675
2017-10-31,28.845,31.89,28.071,28.357,331974.9507113
2017-11-01,28.326,28.511,26.618,26.7,258253.91495711
2017-11-02,26.7,26.933,22.522,24.699,386117.09601749
2017-11-03,24.561,26.884,24.299,26.653,149474.61182062
2017-11-04,26.61,27.7,25.759,26.461,130370.16876985
2017-11-05,26.465,26.595,25.591,26.45,85689.25995336
2017-11-06,26.417,26.84,25.902,26.206,69186.27962374
2017-11-07,26.271,26.754,25.01,26.146,654197.06015999
2017-11-08,26.146,32.749,25.866,30.462,611433.45746855
2017-11-09,30.373,33.2,28.4,31.937,640201.38160453
2017-11-10,31.97,32.5,26.45,27.916,372238.04226369
2017-11-11,27.916,29.861,27.13,28.502,205718.0207658
2017-11-12,28.502,28.502,25.0,26.844,309151.99842368
2017-11-13,26.768,28.751,26.5,28.288,168352.96609566
2017-11-14,28.242,30.0,27.609,29.545,222001.74470454
2017-11-15,29.599,30.467,27.946,29.433,208267.51097565
2017-11-16,29.375,29.935,28.45,28.887,157410.29306952
2017-11-17,28.747,41.681,28.38,40.507,1368590.28247799
2017-11-18,40.507,48.45,36.0,42.904,2367032.21057746
2017-11-19,42.91,45.685,36.65,40.105,1635968.13773021
2017-11-20,40.06,43.502,35.33,35.78,1531293.31480709
2017-11-21,35.78,37.42,32.854,34.356,1009793.91386803
2017-11-22,34.366,37.25,34.36,35.889,511342.51651614
2017-11-23,35.87,36.461,34.0,34.576,367333.3371485
2017-11-24,34.578,35.789,33.359,34.928,321776.07270462
2017-11-25,34.897,40.149,34.5,38.168,811087.44829825
2017-11-26,38.012,39.4,37.41,38.169,258447.05965144
2017-11-27,38.163,41.999,37.986,40.099,507058.85252626
2017-11-28,40.099,40.099,36.954,37.898,415957.67332809
2017-11-29,37.898,39.563,3.7385,31.646,1204321.47600552
2017-11-30,31.646,34.61,29.019,32.708,569552.7257277099
2017-12-01,32.708,36.399,30.563,35.744,390920.88407705
2017-12-02,35.694,36.876,34.189,34.998,148669.60646118
2017-12-03,34.998,39.751,34.806,36.637,397108.65103776
2017-12-04,36.604,43.348,36.5,41.8,727877.80547593
2017-12-05,41.8,42.821,38.0,38.4,434513.73501366
2017-12-06,38.399,38.9,33.668,34.783,334738.99630216
2017-12-07,34.606,37.0,30.94,33.4,279372.99970945
2017-12-08,33.401,36.876,31.569,35.458,355619.36463307
2017-12-09,35.456,38.2,33.736,35.176,354369.84422618
2017-12-10,35.088,35.177,31.492,32.93,263557.17850404
2017-12-11,33.062,36.4,32.94,36.0,200518.16801201
2017-12-12,36.0,40.597,35.041,40.0,484189.39103215
2017-12-13,40.001,49.9,36.2,44.51,1426808.39130711
2017-12-14,44.5,54.78,42.596,49.989,1070317.0524691099
2017-12-15,49.985,51.276,41.273,47.95,607839.19423003
2017-12-16,47.95,51.87,46.25,49.1,386610.41661003
2017-12-17,49.1,74.371,48.564,67.041,1573734.662846
2017-12-18,67.113,83.11,61.851,77.079,1381662.93975696
2017-12-19,77.288,84.41,63.616,69.739,938049.08555438
2017-12-20,69.839,77.765,61.0,76.099,732791.65655216
2017-12-21,76.06,79.29,65.197,71.715,496388.93393831
2017-12-22,71.96,73.73,31.15,53.853,1471494.53431936
2017-12-23,53.859,65.98,53.583,57.0,415013.54952
2017-12-24,57.0,58.825,49.0,58.09,425684.05903734
2017-12-25,58.004,67.778,55.764,65.572,294830.14503111
2017-12-26,65.502,68.0,59.91,65.086,203056.52385337
2017-12-27,65.079,69.99,61.528,66.199,243132.44861268
2017-12-28,66.099,66.68,55.746,64.92,275847.02054524
2017-12-29,64.918,74.716,62.15,73.18,239139.82301964
2017-12-30,73.576,74.738,60.43,70.678,382893.23641293
2017-12-31,70.678,77.966,66.66,74.995,270480.43178461
2018-01-01,74.985,80.43,72.055,78.352,142674.3463085
2018-01-02,78.12,99.607,78.116,88.82,571344.14527475
2018-01-03,88.82,106.64,85.841,104.76,372513.29049203
2018-01-04,104.55,109.78,92.0,97.61,531065.38210771
2018-01-05,97.689,106.7,88.88,94.72,285624.70672441
2018-01-06,94.484,103.69,91.006,100.35,107214.0929938
2018-01-07,100.69,109.0,98.36,100.73,144087.60800578
2018-01-08,101.36,107.9,86.143,100.36,263932.97430042
2018-01-09,100.33,131.42,100.26,126.53,634049.4383245
2018-01-10,126.59,126.79,105.76,122.7,309143.31976409
2018-01-11,122.78,124.4,99.939,107.16,284678.12057683
2018-01-12,107.61,126.3,102.5,123.1,170733.19193916
2018-01-13,123.09,146.9,122.52,138.4,302363.51929881
2018-01-14,138.4,169.0,132.52,166.45,401944.22640296
2018-01-15,165.49,198.2,145.0,189.45,715176.92705016
2018-01-16,189.72,190.14,105.0,140.93,1304711.65958543
2018-01-17,140.9,155.48,93.53,145.23,1254547.62161173
2018-01-18,145.01,160.29,127.0,139.87,507851.06086421
2018-01-19,139.21,151.0,131.0,139.23,239601.97972959
2018-01-20,139.23,158.0,136.3,149.67,229572.71385581
2018-01-21,149.66,149.82,124.26,132.28,211149.24943599
2018-01-22,132.2,137.9,110.25,123.21,245918.49478682
2018-01-23,123.55,131.24,110.0,122.96,169973.35232401
2018-01-24,122.53,148.07,117.5,138.0,268362.79704267
2018-01-25,137.93,147.0,134.0,137.18,169708.21792892
2018-01-26,137.28,141.63,124.02,137.3,154409.95795247
2018-01-27,137.3,143.79,134.0,141.2,85162.44491247
2018-01-28,141.16,155.25,139.14,153.58,92560.78771978
2018-01-29,153.64,168.78,150.7,167.5,235769.5876546
2018-01-30,167.52,169.5,135.77,143.48,356708.47028668
2018-01-31,143.83,147.75,131.2,146.0,218464.41604307
2018-02-01,145.93,147.89,114.02,125.51,279532.47924138
2018-02-02,125.59,131.74,93.875,121.34,556639.6501676
2018-02-03,121.44,129.99,107.08,124.59,196523.88083605
2018-02-04,124.42,125.12,98.936,106.83,244914.6684894
2018-02-05,106.86,109.71,74.5,81.97,515959.83424008
2018-02-06,82.497,112.22,63.62,104.75,822184.93246076
2018-02-07,104.09,119.55,93.5,102.1,544514.41616481
2018-02-08,101.99,118.17,101.13,110.33,296131.78845755
2018-02-09,110.16,116.0,104.0,114.68,192272.93024673
2018-02-10,114.68,120.33,100.4,107.43,347709.90511449
2018-02-11,107.3,111.45,94.293,101.59,178435.97631721
2018-02-12,101.57,115.0,101.06,111.63,133136.2426111
2018-02-13,111.5,113.19,105.27,108.29,76920.77945159
2018-02-14,108.39,122.4,108.31,121.89,128616.44480394
2018-02-15,121.89,125.0,115.59,120.95,119391.73827698
2018-02-16,120.96,128.95,117.7,127.49,105494.59991952
2018-02-17,127.43,138.45,126.63,133.93,137191.91529049
2018-02-18,134.49,136.79,121.2,125.0,122760.04264865001
2018-02-19,124.99,138.09,124.0,136.28,144010.12006742
2018-02-20,136.23,141.16,123.08,124.82,155093.12471671
2018-02-21,124.46,127.66,114.28,117.72,158289.09407901
2018-02-22,117.8,125.6,108.93,111.45,147846.14029814
2018-02-23,111.25,122.53,107.97,118.9,110235.34817437
2018-02-24,118.58,123.93,110.66,115.12,62911.37384047
2018-02-25,115.18,117.97,112.17,116.6,39278.49326095
2018-02-26,116.6,137.0,115.8,134.4,193941.50649083
2018-02-27,134.57,146.12,130.07,140.02,257337.81293575
2018-02-28,140.04,144.48,129.09,131.5,238467.68952285
2018-03-01,131.51,134.98,124.0,128.74,160421.66216586
2018-03-02,128.93,130.26,121.7,123.76,81441.47107159
2018-03-03,123.71,128.36,120.37,121.09,76417.78709109
2018-03-04,121.08,125.0,115.0,119.5,110934.32263944
2018-03-05,119.43,119.64,110.44,111.3,144279.98243328
2018-03-06,111.33,114.53,101.02,104.1,217598.61432816
2018-03-07,104.1,113.74,88.6,99.878,358405.13226078
2018-03-08,99.88,101.56,89.271,90.679,162038.05465475
2018-03-09,90.828,94.246,78.92,92.129,283928.83396041
2018-03-10,91.799,94.55,83.665,84.642,136054.83260954
2018-03-11,84.485,92.497,81.077,90.552,136393.60758967
2018-03-12,90.55,92.56,82.951,84.976,149409.1434796
2018-03-13,84.973,88.397,81.37,82.922,100790.84030315
2018-03-14,83.053,85.215,67.935,71.3,204016.56102679
2018-03-15,71.3,72.882,64.763,69.015,262721.17389006
2018-03-16,68.878,71.896,65.041,67.3,136843.48183201
2018-03-17,67.34,69.048,60.0,60.467,131842.75669265
2018-03-18,60.212,68.0,49.035,65.347,508724.12722714
2018-03-19,65.347,73.905,62.035,72.54,530504.17113826
2018-03-20,72.55,79.93,66.45,75.39,423162.74202611
2018-03-21,75.456,78.0,70.969,72.391,216339.66232801
2018-03-22,72.392,75.2,65.873,69.153,258092.25049853
2018-03-23,69.153,69.499,63.132,69.0,157313.88493897
2018-03-24,69.0,70.233,64.41,65.065,108440.91100952
2018-03-25,65.065,67.5,63.203,65.061,75713.1630927
2018-03-26,65.248,65.98,55.12,59.088,292093.79778187
2018-03-27,59.0,61.9,52.0,55.402,354604.63341611
2018-03-28,55.185,60.415,54.5,57.015,157308.05885559
2018-03-29,57.074,57.282,50.402,51.655,245392.79940788
2018-03-30,51.631,53.7,48.286,50.159,227014.59495118
2018-03-31,50.159,52.8,49.51,49.939,117164.52930645
2018-04-01,50.015,50.748,44.839,47.185,138105.5648316
2018-04-02,47.25,50.3,46.614,48.816,127484.95208593
2018-04-03,48.82,54.313,48.275,53.4,154099.32920696
2018-04-04,53.404,53.484,46.414,47.537,166764.32696519
2018-04-05,47.529,48.0,45.177,46.958,139425.32134865
2018-04-06,46.962,47.523,44.159,44.85,84812.69977107
2018-04-07,44.66,47.912,44.66,46.27,87703.15674623
2018-04-08,46.168,49.4,46.098,49.288,62524.09109467
2018-04-09,49.288,57.5,49.2,52.813,453978.62322536
2018-04-10,52.987,53.177,48.773,52.65,172338.83605443
2018-04-11,52.599,59.795,52.094,58.335,268918.4428413
2018-04-12,58.248,67.68,54.5,66.9,446429.75574046
2018-04-13,66.9,68.448,61.516,62.186,320830.35938827
2018-04-14,62.397,65.867,61.68,64.048,107300.9516877
2018-04-15,64.073,70.94,63.986,70.77482208,184593.0252977
2018-04-16,70.687,71.55,64.065,66.97208382,194078.01370311
2018-04-17,66.97208382,70.119,65.217,65.6,129971.64005535
2018-04-18,65.695,73.742,65.52,72.969,183576.17769331
2018-04-19,72.92,75.301,70.538,74.023,256252.57541512
2018-04-20,73.905,79.72,71.5,79.293,261856.80308881
2018-04-21,79.169,79.62,70.33,74.658,190269.44811243
2018-04-22,74.669,77.522,72.689,73.6,143142.61238203
2018-04-23,73.6,78.365,73.308,76.052,122573.43245929
2018-04-24,76.169,84.72,76.15,82.297,302886.9936143
2018-04-25,82.21294327,82.45,68.104,71.451,399814.45113575
2018-04-26,71.521,77.5,69.42,77.115,193349.33466399
2018-04-27,77.05,77.765,72.201,72.477,132102.25320458
2018-04-28,72.437,78.41,71.93340129,76.703,126751.09891888
2018-04-29,76.79,92.724,76.0,90.719,578950.12620505
2018-04-30,90.749,94.646,82.0,83.993,562610.47008922
2018-05-01,83.95,84.999,78.188,83.936,232199.35016834
2018-05-02,84.049,85.65,82.008,84.877,193559.76674609
2018-05-03,84.877,90.0,83.221,87.617,301552.5334394
2018-05-04,87.523,87.523,82.159,84.312,134176.3753893
2018-05-05,84.324,86.532,84.044,84.491,84261.50686306
2018-05-06,84.36,88.471,80.0,83.749,230212.25773752
2018-05-07,83.749,83.775,75.864,79.021,157160.78146294
2018-05-08,79.089,81.177,75.337,76.897,87785.62490894
2018-05-09,76.887,77.26,72.415,76.439,103842.64306518
2018-05-10,76.439,77.028,69.426,69.781,106209.66408214
2018-05-11,69.658,70.417,60.802,63.379,352898.59707323
2018-05-12,63.4,67.398,58.325,64.5,209170.27652963
2018-05-13,64.5,69.35,62.51,67.2,117660.86707635
2018-05-14,67.294,69.2,62.213,65.971,161307.0847498
2018-05-15,66.0,69.229,61.702,62.951,113258.2922271
2018-05-16,63.047,63.196,59.01,61.586,116867.05622693
2018-05-17,61.786,63.344,56.549,57.69,124946.67045577
2018-05-18,57.586,60.7,56.54,59.594,74134.61117988
2018-05-19,59.667,60.849,57.897,59.05,55946.14772858
2018-05-20,59.015,64.0,58.54,63.661,85126.50798417
2018-05-21,63.661,66.618,60.504,62.259,125914.49803997
2018-05-22,62.265,62.396,56.56,57.0,79363.49179483
2018-05-23,57.007,57.505,51.163,51.793,150873.55002044
2018-05-24,51.875,55.261,49.898,55.079,138228.23031863
2018-05-25,55.232,56.333,51.7,52.833,70420.50777686
2018-05-26,52.86,54.477,51.508,52.055,53440.84585677
2018-05-27,52.071,53.1,51.002,52.823,50984.342207509995
2018-05-28,52.87,52.996,47.5,47.8,106008.71511167
2018-05-29,47.828,53.701,47.449,52.234,123243.6761082
2018-05-30,52.234,53.506,50.215,51.399,60139.93554986
2018-05-31,51.456,54.348,50.716,53.027,67320.58653156
2018-06-01,53.062,56.25,52.859,55.622,118302.8409309
2018-06-02,55.69,57.61,54.78,56.738,116425.64279257
2018-06-03,56.799,58.313,55.566,56.404,94063.31614125
2018-06-04,56.412,57.447,52.18,53.397,88224.88991648
2018-06-05,53.4,54.958,51.663,54.701,68434.73173741
2018-06-06,54.68,54.772,52.534,53.79,40964.6588839
2018-06-07,53.736,54.93,52.796,53.559,35057.301366
2018-06-08,53.443,53.817,51.809,52.322,35352.9261183
2018-06-09,52.322,53.268,50.348,50.729,30967.53757662
2018-06-10,50.777,50.877,43.645,45.328,185113.04198092
2018-06-11,45.328,45.686,42.544,45.589,98337.15063657
2018-06-12,45.588,46.5,40.159,41.226,149414.20691892
2018-06-13,41.112,41.497,35.727,37.923,221767.12963163
2018-06-14,37.937,41.979,37.394,40.632,179854.37424124
2018-06-15,40.796,40.796,37.799,37.85,57657.12363029
2018-06-16,37.862,38.54,36.4,37.89,72196.52790264
2018-06-17,38.005,39.723,37.396,38.46,73935.94508077
2018-06-18,38.631,40.814,36.857,39.523,163349.56152579
2018-06-19,39.567,41.456,38.732,39.949,84638.13802693
2018-06-20,39.92,39.92,37.5,38.962,90493.09150414
2018-06-21,38.963,39.586,36.962,37.606,76107.3836284
2018-06-22,37.602,37.621,32.13,32.97,213009.44918002
2018-06-23,32.959,34.744,32.57,33.852,65259.78799084
2018-06-24,33.896,34.266,28.598,31.135,311280.39929875
2018-06-25,31.133,32.849,30.542,31.578,81170.80694425
2018-06-26,31.577,31.691,29.734,29.995,84068.33333072
2018-06-27,29.995,30.586,29.43,30.373,62287.89020071
2018-06-28,30.395,30.577,28.079,28.23,69525.81708335
2018-06-29,28.23,30.191,27.026,29.619,157115.16441736
2018-06-30,29.585,32.1,29.577,30.9,180647.87245446
2018-07-01,30.812,31.609,29.887,31.32,130079.84058208
2018-07-02,31.32,37.209,31.037,36.184,462437.38837134
2018-07-03,36.2,38.952,35.4,35.8,551428.9498026
2018-07-04,35.806,48.9,34.869,40.581,820478.86450032
2018-07-05,40.581,43.563,39.179,40.161,656215.15795621
2018-07-06,40.142,40.406,36.623,37.532,321572.08217218
2018-07-07,37.598,38.878,36.182,38.735,139860.20781289
2018-07-08,38.663,40.999,38.662,38.999,292173.76085798
2018-07-09,38.99,39.252,36.167,36.3,227634.44801926
2018-07-10,36.398,36.8,32.52,33.262,402459.89035168
2018-07-11,33.262,34.737,31.90356977,33.832,188838.98401927
2018-07-12,33.827,33.859,30.309,32.172,254813.37378841
2018-07-13,32.199,34.366,31.88,33.091,288972.20081619
2018-07-14,33.035,33.631,31.5,32.477,92280.69066156
2018-07-15,32.485,33.95,32.111,33.635,124397.84752848
2018-07-16,33.571,37.239,33.0,36.735,264524.02041166
2018-07-17,36.813,40.263,35.693,39.325,320361.62510052
2018-07-18,39.325,40.81,36.66,37.51,307900.08113732
2018-07-19,37.51,38.199,35.65,35.964,165118.50337415
2018-07-20,35.964,35.964,32.82,33.166,236296.09048457
2018-07-21,33.165,35.323,31.785,34.08571942,157717.36291113
2018-07-22,34.087,34.857,32.539,33.152,126041.18955944
2018-07-23,33.099,34.682,32.0,32.08,186865.41332844
2018-07-24,32.142,35.748,31.195,33.789,288626.19077787
2018-07-25,33.783,35.5,33.5,34.163,151422.8124797
2018-07-26,34.184,35.67,32.728,33.1,147718.37793463
2018-07-27,33.109,33.914,32.212,33.362,115987.72104355
2018-07-28,33.433,34.056,32.621,34.048,55514.71286368
2018-07-29,33.971,34.31819958,33.169,33.477,64082.95583441
2018-07-30,33.437,33.5,31.365,31.951,106897.11222382
2018-07-31,31.976,32.087,29.2,29.688,177949.72186757
2018-08-01,29.697,30.29,28.525,29.7156522,168879.79933197
2018-08-02,29.738,29.966,27.8,28.243,97970.18547787
2018-08-03,28.223,28.577,26.625,27.892,161442.54348422
2018-08-04,27.923,28.75827195,26.151,26.717,149561.7122246
2018-08-05,26.753,28.1,26.171,27.675,109987.63936793
2018-08-06,27.632,28.31,25.674,26.165,151621.98905448
2018-08-07,26.171,27.87634423,24.758,25.102,341100.44624889997
2018-08-08,25.096,25.096,20.956,21.838,418744.65897432
2018-08-09,21.822,22.905,20.785,22.291,230803.59814726
2018-08-10,22.328,22.665,19.273,19.763,275029.02188468986
2018-08-11,19.783,19.82,17.2,18.39,532635.5710479
2018-08-12,18.418,19.312,18.054,18.518,279893.78736818
2018-08-13,18.518,18.935,15.604,15.654,285815.29574935
2018-08-14,15.654,16.262,13.68,16.071,877941.23319849
2018-08-15,16.117,17.738,15.519,15.632,719743.28280934
2018-08-16,15.631,17.357,15.375,16.051,490127.66595997
2018-08-17,16.064,20.802,15.908,20.648,762704.89906637
2018-08-18,20.65,20.982,17.594,19.156,606134.38389012
2018-08-19,19.197,20.976,17.775,19.811,507503.51369527
2018-08-20,19.811,20.286,16.476,17.101,550321.7593313
2018-08-21,17.101,18.228,16.957,17.7977735,303115.73889651
2018-08-22,17.799,19.399,15.813,16.446,643224.42448642
2018-08-23,16.438,17.79,16.406,17.736,320759.55327646
2018-08-24,17.745,17.89,16.933,17.724,244073.5361321
2018-08-25,17.727,18.311,17.22,17.638,214574.0288214
2018-08-26,17.637,17.718,16.724,17.538,205038.08708708
2018-08-27,17.533,20.868,17.2,20.7,578913.67645456
2018-08-28,20.7,21.823,19.71,21.285,488033.41237772
2018-08-29,21.285,21.441,19.041,19.744,511318.09926912
2018-08-30,19.749,20.133,18.355,19.551,371693.68915879
2018-08-31,19.552,20.403,18.862,20.09,249430.37386634
2018-09-01,20.092,23.211,20.062,22.562,426473.1965882
2018-09-02,22.564,23.355,21.369,22.109,500355.74502757
2018-09-03,22.119,23.702,21.057,22.947,428026.76699231
2018-09-04,22.958,25.3,22.287,24.185,514199.15294329
2018-09-05,24.234,24.875,19.033,19.346,1275736.62544651
2018-09-06,19.357,20.49,18.005,20.432,1074135.85428786
2018-09-07,20.432,20.841,18.7,19.52,540039.62693734
2018-09-08,19.52,20.175,17.63,17.88,468657.71033193
2018-09-09,17.879,19.42935368,17.455,18.42,456791.51972364
2018-09-10,18.42,19.035,18.145,18.51,416036.28239363
2018-09-11,18.515,18.8,16.903,17.745,417318.56659511
2018-09-12,17.717,17.796,16.152,17.663,429476.79879913
2018-09-13,17.656,18.784,17.53,18.217,506638.39877851
2018-09-14,18.196,18.773,17.621,17.792,402433.32259954
2018-09-15,17.751,18.49,17.715,17.999,229738.43767314
2018-09-16,18.0,18.15,17.234,17.986,281293.34282001
2018-09-17,17.989,18.37076379,16.183,16.58,584202.68291556
2018-09-18,16.498,17.55,16.294,16.893,357435.92388973
2018-09-19,16.892,17.611,16.226,17.123,438166.99340345
2018-09-20,17.123,18.665,17.05,18.223,371726.33138317
2018-09-21,18.22,20.36,17.555,19.865,908431.45323024
2018-09-22,19.863,20.25998786,18.384,18.85,394675.04511977
2018-09-23,18.847,20.801,18.531,19.562,532066.243187
2018-09-24,19.56,19.666,18.101,18.453,438033.32152523
2018-09-25,18.454,18.462,17.076,18.179,394082.45729892
2018-09-26,18.179,18.732,17.414,17.792,311012.69864747
2018-09-27,17.803,19.372,17.49,19.027,428172.67884685
2018-09-28,19.027,20.673,18.717,19.271,652981.60856235
2018-09-29,19.253,19.46483042,18.362,19.21,214356.38952681998
2018-09-30,19.219,19.371,18.376,18.971,281556.13273765
2018-10-01,18.947,19.183,18.19207678,18.715,185256.08703917
2018-10-02,18.715,18.936,17.953,18.527,188345.45331351
2018-10-03,18.44,18.547,17.659,17.999,177198.81192002
2018-10-04,18.0,18.461,17.929,18.01,119398.85419747
2018-10-05,18.009,18.296,17.782,18.223,108762.19755336
2018-10-06,18.242,18.696,17.76,17.947,207896.08420606
2018-10-07,17.931,18.286,17.92,18.22990189,83571.52629391
2018-10-08,18.199,18.9,18.109,18.545,184301.66588348
2018-10-09,18.553,18.584,18.06,18.353,108716.18484852
2018-10-10,18.354,18.395,17.832,18.282,122717.27235634
2018-10-11,18.294,18.34,15.4,15.522,512317.63445042
2018-10-12,15.519,16.248,15.261,15.713,184216.73370913
2018-10-13,15.709,16.14127401,15.701,15.977,136418.54055077
2018-10-14,15.962,16.55,15.7,15.843,206000.84034812
2018-10-15,15.765,18.886,15.517,16.655,627066.7333422
2018-10-16,16.672,17.0,16.411,16.865,100089.58520219
2018-10-17,16.866,17.36189106,16.732,17.182,173275.90722344
2018-10-18,17.184,18.069,16.75,16.913,363894.11777087
2018-10-19,16.892,17.021,16.5,16.753,104300.73975412
2018-10-20,16.769,17.105,16.602,16.908,61595.98194409
2018-10-21,16.91,17.192,16.765,16.789,74676.01940161
2018-10-22,16.789,17.381,16.549,17.037,147589.20388691
2018-10-23,17.029,17.08,16.653,16.853,78622.17915762
2018-10-24,16.853,17.126,16.772,16.912,101636.13316626
2018-10-25,16.905,16.931,16.659,16.752,41689.7354388
2018-10-26,16.746,16.792,16.14,16.415,126359.53998101
2018-10-27,16.415,16.53,15.962,16.115,77881.97296099
2018-10-28,16.136,16.313,16.106,16.236,43477.610008
2018-10-29,16.238,16.273,15.001,15.44,136877.68281157
2018-10-30,15.441,15.542,15.145,15.279,46052.27153585
2018-10-31,15.272,15.529,14.68,15.487,162597.68600176
2018-11-01,15.487,15.953,15.329,15.846,81623.8943734
2018-11-02,15.848,16.394,15.846,16.3,144107.30187561
2018-11-03,16.306,16.308,15.898,16.005,68564.33402773
2018-11-04,16.015,17.211,15.788,16.887,233945.33642883
2018-11-05,16.9,16.9,16.253,16.421,171474.66749035
2018-11-06,16.421,17.17,16.387,17.104,150656.46614224
2018-11-07,17.127,17.612,16.601,16.82,164636.9458911
2018-11-08,16.82,16.885,16.331,16.414,116775.38045546
2018-11-09,16.423,16.545,15.908,16.01,89954.51740659
2018-11-10,16.005,16.367,15.905,15.958,55860.28234482
2018-11-11,15.959,16.325,15.459,16.253,134955.36745094
2018-11-12,16.277,16.347,15.68,15.9435254,103736.18907222
2018-11-13,15.923,15.941,15.51,15.591,114749.50688276
2018-11-14,15.591,15.6,12.51294475,13.846,644633.79678839
2018-11-15,13.889,14.014,12.238,13.238,441271.48125115
2018-11-16,13.211,13.341,12.633,12.894,123548.64583452
2018-11-17,12.856,12.878,12.468,12.578,97190.21062171
2018-11-18,12.579,12.839,12.48,12.68,105587.03018437
2018-11-19,12.68,12.681,10.05,10.221,993605.00972488
2018-11-20,10.226,10.587,8.2003,9.2341,1915428.72099212
2018-11-21,9.2341,9.6033,8.6664,9.3484,674698.33441802
2018-11-22,9.3484,9.534,8.347,8.4298,377912.45454916
2018-11-23,8.4298,8.9065,8.0274,8.7401,654666.69671008
2018-11-24,8.7442,9.1453,7.3241,7.5907,711917.33296809
2018-11-25,7.586,8.2173,6.8364,7.8554,1075206.4281743
2018-11-26,7.8572,8.0709,6.9851,7.2587,780994.28946857
2018-11-27,7.2617,7.46,6.75,7.3834,388519.75211431
2018-11-28,7.3462,8.82,7.3462,8.4382,768572.78036042
2018-11-29,8.432,8.989,8.08,8.5055,526160.20826314
2018-11-30,8.5203,8.647,7.5124,7.748,466663.38922304
2018-12-01,7.7423,8.5,7.5319,8.2536,392451.72936195
2018-12-02,8.2525,8.6449,7.9131,8.0565,253044.96490632
2018-12-03,8.068,8.1161,7.2195,7.4089,307191.67713706
2018-12-04,7.3919,8.1758,7.0599,7.689,410994.16582707
2018-12-05,7.6855,7.6855,6.88,7.033,408507.85757493
2018-12-06,7.033,7.35,6.0201,6.0249,632319.91875493
2018-12-07,6.0547,6.44,5.4645,6.1691,846173.42013697
2018-12-08,6.1698,6.71496621,5.6506,6.0668,527310.663184
2018-12-09,6.0997,7.0898,6.07,6.4603,444463.46463593
2018-12-10,6.4659,6.5512,6.0094,6.211,326407.13199346
2018-12-11,6.2075,6.3,5.7617,5.8743,355235.09684967
2018-12-12,5.8749,6.57368415,5.8253,6.1326,500063.44268381
2018-12-13,6.1326,6.18,5.6811,5.7989,417307.88674617
2018-12-14,5.7989,5.9199,5.5555,5.7121997,314928.76502806
2018-12-15,5.7202,5.8345,5.5004,5.7254,197772.96405326
2018-12-16,5.7177,6.1971,5.6953,5.7924,500853.08157143
2018-12-17,5.7887,6.9298,5.7798,6.6912,599499.88654941
2018-12-18,6.702,7.0212,6.4456,6.977,313878.48211654
2018-12-19,6.9786,7.5,6.74,6.7501,560615.66555853
2018-12-20,6.75,7.63999467,6.7,7.4199,580304.95932865
2018-12-21,7.3907,7.6859,6.7522,7.0503,509669.54913796
2018-12-22,7.0475,7.3499,6.86424616,7.2965,235427.76077141
2018-12-23,7.2918,8.3339,7.2740391,7.7994,749595.77796623
2018-12-24,7.8108,9.36,7.8108,8.5911,842003.54740122
2018-12-25,8.58,8.6229,7.2991,7.85,383988.21643519
2018-12-26,7.8646,8.289,7.4001,7.9935,407649.91332779
2018-12-27,7.9947,8.068,6.9684,7.0624,350986.62146804
2018-12-28,7.0789,8.441,6.9202,8.2013,467630.98341055
2018-12-29,8.2056,8.6488,7.791,8.095,360081.86357356
2018-12-30,8.0838,8.4591,7.8627,8.3145,217415.08678043
2018-12-31,8.325,8.3825,7.52,7.666,275670.32368231
2019-01-01,7.666,8.2045,7.5789,8.0924,188013.5304127
2019-01-02,8.0924,8.3699,7.942,8.2699,268309.10249137
2019-01-03,8.2699,8.3143,7.74,7.8337,163091.81649884
2019-01-04,7.8231,7.9607,7.5372,7.8229,186532.30245048
2019-01-05,7.7981,8.1751,7.7752,8.001,194887.46491083
2019-01-06,7.99626228,9.0843,7.7536,8.8537,556235.0738197
2019-01-07,8.8605,9.191,8.56,8.6337,262296.27474224
2019-01-08,8.6552,9.7285,8.4616,9.323,745799.41242111
2019-01-09,9.3215,10.08,9.1495,9.2795,996101.3439262
2019-01-10,9.2783,9.68,7.7172,8.04,991763.0376063
2019-01-11,8.0419,8.1998,7.80529833,7.9981,300150.13453272
2019-01-12,7.9781,8.0114,7.6689,7.8099,252972.18741995
2019-01-13,7.8099,7.9299,7.0764,7.2118,356235.65853152
2019-01-14,7.2237,8.1666,7.2114,8.07,422286.42552105
2019-01-15,8.07,8.0964,7.461,7.6319,256437.4787729
2019-01-16,7.632,8.0173,7.5537,7.7315,219584.70616727
2019-01-17,7.7285,7.9938,7.4181,7.9,298082.75663713
2019-01-18,7.9004,7.9983,7.5619,7.675,141788.86491132
2019-01-19,7.6751,8.471,7.675,8.1201,394052.86315679
2019-01-20,8.1201,8.247,7.337,7.5505,426158.69166988
2019-01-21,7.5505,7.645,7.3674,7.5134,183766.90080869
2019-01-22,7.52572169,7.9325,7.1911,7.759,415352.27884481
2019-01-23,7.7505,7.7956,7.5201,7.607,143471.39701893
2019-01-24,7.6129,7.8572,7.5,7.8102,149093.1150061
2019-01-25,7.8032,7.8387,7.5304,7.6264,119807.22523097
2019-01-26,7.6305,7.8456,7.555,7.58,117942.16184852
2019-01-27,7.5697,7.6599,7.2029,7.4254,257077.47784983
2019-01-28,7.4326,7.4777,6.8371,7.0411,287558.08947876
2019-01-29,7.0522,7.232,6.7897,7.0803,194313.70643943
2019-01-30,7.083,7.281,6.8912,7.1837,205576.94393563
2019-01-31,7.2048,7.3565,6.9123,6.9888,171069.30605725
2019-02-01,6.9896,7.1579,6.8222,7.0858,132358.68938062
2019-02-02,7.0867,7.4089,6.9629,7.3777,165666.65839979
2019-02-03,7.39,7.39,7.03,7.09968089,86290.00868544
2019-02-04,7.0999,7.2363,7.0727,7.1029,45533.26866216
2019-02-05,7.103,7.1796,6.9157,7.0654,119001.20961092
2019-02-06,7.0827,7.0966,6.7777,6.9572,143923.444795
2019-02-07,6.9588,7.0895,6.9037,7.0053,54636.544055469996
2019-02-08,7.0153,8.0,6.9482,7.6912,359618.89937674
2019-02-09,7.689,7.8772,7.578,7.7844,89949.61867357
2019-02-10,7.7854,8.3,7.5749,8.1245,263115.97516464
2019-02-11,8.1311,8.441,7.812,8.2647,234388.53887306
2019-02-12,8.2362,8.5849,7.9857,8.3413,340990.51918292
2019-02-13,8.3414,8.6653,8.17,8.3646,250925.7837886
2019-02-14,8.3499,8.3501,7.8624,8.0308,228439.19865667
2019-02-15,8.0309,8.5699,7.9719,8.2321,200836.67509532
2019-02-16,8.2326,8.4511,7.949,8.03,241523.07337761
2019-02-17,8.03,8.8692,8.02,8.5117,454986.25630083
2019-02-18,8.5133,9.1181,8.327,8.96659767,326114.9222408
2019-02-19,8.9556,9.4091,8.7977,9.0737,312381.5936991
2019-02-20,9.0739,9.386,8.96,9.3206,256748.09864817
2019-02-21,9.3076,9.3808,8.6171,8.7519,280940.26874085
2019-02-22,8.7545,8.9934,8.6741,8.8991,135036.89640567
2019-02-23,8.8991,10.52,8.709,10.392,677682.74022279
2019-02-24,10.391,11.062,8.5752,9.0958,1788966.5144663
2019-02-25,9.0955,9.6414,8.9715,9.4245,436671.69046804
2019-02-26,9.4264,9.4563,9.0216,9.2672,152941.74591395
2019-02-27,9.2671,9.3745,8.71,9.0546,306618.03366524
2019-02-28,9.0543,9.2716,8.9283,9.0026,178880.85967278
2019-03-01,9.0026,9.5905,8.9566,9.1587,153640.09951737
2019-03-02,9.1722,9.282,8.83,8.8999,131247.95572309
2019-03-03,8.9,9.0385,8.75,8.8,128744.04440196
2019-03-04,8.7866,8.8346,8.11,8.3547,363179.86379958
2019-03-05,8.3617,9.1105,8.2526,8.9351,296486.82631808
2019-03-06,8.9347,9.1357,8.7295,8.8999,133355.1635432
2019-03-07,8.8999,9.4867,8.8691,9.3827,219172.2962667
2019-03-08,9.3739,9.4223,8.6792,8.95,197416.77980839
2019-03-09,8.93794825,9.4152,8.9048,9.1416,180117.04263564
2019-03-10,9.1495,9.2008,8.7851,8.9353,113462.03712195
2019-03-11,8.9425,9.0209,8.611,8.9016,150917.4335708
2019-03-12,8.9015,9.1477,8.5382,8.9848,131569.59751535
2019-03-13,8.9849,9.3332,8.8782,9.08767198,194468.32083778
2019-03-14,9.0848,9.5566,8.91,9.4008,230533.34804245
2019-03-15,9.4148,9.5189,9.2477,9.4299,119651.50030868
2019-03-16,9.4193,9.9681,9.3633,9.5896,233225.17615437
2019-03-17,9.5941,9.6542,9.2917,9.375,134789.73451843
2019-03-18,9.3866,9.4929,9.1001,9.2761,129417.40773302
2019-03-19,9.2972,9.4132,9.1365,9.3905,87162.89004936
2019-03-20,9.3905,9.5422,9.0588,9.5241,105521.75859384
2019-03-21,9.5251,9.5838,8.8455,9.084,191324.99072021
2019-03-22,9.084,9.385,9.0435,9.2734,67053.06930027
2019-03-23,9.2734,9.51033273,9.2355,9.4939,113965.43363637
2019-03-24,9.4919,9.4933,9.0799,9.2499,116914.27478077
2019-03-25,9.2499,9.4076,8.7609,9.0023,238666.01164953
2019-03-26,9.0022,9.0286,8.64,8.9484,129663.785542
2019-03-27,8.9484,9.4899,8.9207,9.3961,186527.72526737
2019-03-28,9.4139,9.4331,9.2419,9.311,85000.515922
2019-03-29,9.3106,10.137,9.3105,10.132,241952.81552201
2019-03-30,10.128,10.448,9.805,10.091,272000.86123502
2019-03-31,10.09,10.294,9.7628,10.228,169607.55101997
2019-04-01,10.253,10.319,9.9392,10.176,146941.46697712
2019-04-02,10.177,11.88,10.176,11.74,715211.56952576
2019-04-03,11.67401927,14.0573644,11.559,12.193,951262.16299294
2019-04-04,12.197,13.95,11.981,12.909,509272.11471341
2019-04-05,12.916,13.91,12.768,13.651,204768.34364888
2019-04-06,13.657,13.8,12.89,13.188,178831.96131956
2019-04-07,13.188,13.379,12.582,13.036,188782.98381358
2019-04-08,12.996,13.447,12.13,12.804,200916.43414151
2019-04-09,12.804,12.804,11.941,12.25,96858.71227103
2019-04-10,12.203,12.908,12.202,12.435,140013.57292705
2019-04-11,12.425,12.453,10.61,11.26708223,314540.01412228
2019-04-12,11.252,11.673,10.69714182,11.396,138030.91255537
2019-04-13,11.366,11.4,10.997,11.109,54333.26380481
2019-04-14,11.142,11.478,10.89,11.387,54140.10674681
2019-04-15,11.452,11.48,10.441,10.72,127980.02220897
2019-04-16,10.684,11.149,10.562,10.994,86070.55444627
2019-04-17,10.989,11.277,10.87693649,11.031,47259.3827204
2019-04-18,11.043,11.489,11.043,11.348,80288.98093594
2019-04-19,11.348,11.36,10.857,11.155,57902.45084007
2019-04-20,11.159,11.228,10.876,10.99,47054.79454054
2019-04-21,10.97,11.079,10.22,10.651,98665.2438744
2019-04-22,10.65,11.04,10.544,10.9,93303.45194357
2019-04-23,10.9,11.173,10.321,10.321,146423.93193922
2019-04-24,10.321,10.436,9.4799,10.028,219090.80312591
2019-04-25,10.023,10.434,9.411,9.5747,261312.74840314
2019-04-26,9.5805,9.9698,9.3031,9.6783,174077.49094182
2019-04-27,9.676,9.9044,9.5024,9.7524,46151.3129611
2019-04-28,9.7401,10.1169603,9.5699,9.677,94631.04773175
2019-04-29,9.6719,10.367,9.59435368,9.8842,196302.84114772
2019-04-30,9.8843,10.226,9.78809761,10.226,58403.25322829
2019-05-01,10.226,10.398,9.9185,10.15,51851.8746722
2019-05-02,10.163,10.588,10.073,10.274,74985.29616425
2019-05-03,10.27,10.796,10.129,10.39991482,136329.20360913
2019-05-04,10.391,10.624,9.6334,9.8908,126312.15078048
2019-05-05,9.9102,10.031,9.5609,9.6889,61389.52401992
2019-05-06,9.6834,9.8601,9.3,9.6298,87820.57189496
2019-05-07,9.6428,9.9649,9.3,9.33,113984.58088474
2019-05-08,9.3001,9.455,9.0412,9.4019,93053.76514866
2019-05-09,9.3969,9.6619,8.6501,8.791,224228.78810723
2019-05-10,8.7872,9.1974,8.4098,8.8413,166068.0052243
2019-05-11,8.8414,10.24,8.8392,9.7313,205199.17689631
2019-05-12,9.73849342,9.9649,9.1176,9.3356,192506.69877413
2019-05-13,9.3115,10.03,9.2709,9.72,161753.10242153
2019-05-14,9.7062,11.192,9.6487,11.101,320979.32773958
2019-05-15,11.114,13.0,10.975,12.791,487942.57416245
2019-05-16,12.815,13.8,11.4,12.086,616627.52915384
2019-05-17,12.05,12.22,10.577,11.35,426573.59880779
2019-05-18,11.389,11.579,10.437,10.685,263869.96164464
2019-05-19,10.714,11.964,10.643,11.701,310333.69414715
2019-05-20,11.7,12.589,10.726,12.076,611846.12616989
2019-05-21,12.042,12.65,11.693,12.145,202322.47203392
2019-05-22,12.139,12.322,11.08,11.14,384577.39794508
2019-05-23,11.153,11.482,10.712,11.36,116668.6911706
2019-05-24,11.383,12.031,11.085,11.582,154037.52359528
2019-05-25,11.581,11.72,11.34,11.459,46358.66060385
2019-05-26,11.447,12.291,11.21,12.02,188038.38959873
2019-05-27,12.014,12.797,11.85,12.453,291500.27614684
2019-05-28,12.446,12.88,12.0,12.708,260236.88599879
2019-05-29,12.683,14.474,11.8,13.622,568591.87346631
2019-05-30,13.703,15.039,12.01,12.584,928408.3259066
2019-05-31,12.6,13.5,12.183,13.479,260944.75180113
2019-06-01,13.488,14.321,13.266,13.724,278634.91100428
2019-06-02,13.724,14.224,13.584,14.132,118899.68732052
2019-06-03,14.147,14.147,12.3,12.392,263384.01232562
2019-06-04,12.379,12.417,11.0,11.46652951,463956.26495559
2019-06-05,11.468,11.898,11.22137835,11.56,100794.61450139
2019-06-06,11.572,11.864,11.02,11.682,107706.40563125
2019-06-07,11.686,12.56,11.503,12.201,184497.87853771
2019-06-08,12.2,12.453,11.721,12.013,85036.29477936
2019-06-09,12.016,12.074,11.25,11.485,148165.98411031
2019-06-10,11.453,12.5,11.367,12.344,142895.91830044
2019-06-11,12.344,12.527,11.728,12.339,134787.60994737
2019-06-12,12.344,13.07,12.153,12.98,168947.93000916
2019-06-13,12.972,13.65,12.716,13.049,212331.30255833
2019-06-14,13.069,13.57,12.524,13.463,153687.65291956
2019-06-15,13.48,14.5,13.48,14.026,316761.84059036
2019-06-16,14.011,14.624,13.75492389,14.058,203522.74095211
2019-06-17,14.045,14.764,13.94,14.268,164744.51671481
2019-06-18,14.272,14.272,13.268,13.681,211969.42941668
2019-06-19,13.671,14.035,13.491,13.785,70984.45173655
2019-06-20,13.817,13.817,13.263,13.609,92783.67094682
2019-06-21,13.626,14.227,13.538,14.146,145312.00451185
2019-06-22,14.146,19.8,14.017,17.547,1241863.34257911
2019-06-23,17.547,18.865,16.708,16.864,520321.66152048
2019-06-24,16.861,18.45,16.155,17.9,421879.22035607
2019-06-25,17.9,19.68137404,17.529,19.554,587085.19101325
2019-06-26,19.525,20.849,17.06,19.006,899718.4288247308
2019-06-27,18.965,19.713,15.96,17.05,470145.82308696286
2019-06-28,17.03,18.643,16.91,18.12,195090.48917067473
2019-06-29,18.097,18.90194251,17.27,18.499,199095.2142011193
2019-06-30,18.499,18.609,16.667,16.669,150641.3052217031
2019-07-01,16.704,17.246,15.7,16.914,337251.6022860042
2019-07-02,16.986,18.401,16.239,17.989,409685.5394482804
2019-07-03,17.999,18.49,17.36,17.998,195891.27656917044
2019-07-04,18.0,18.133,17.02,17.05,131926.84498864508
2019-07-05,17.02,17.553,16.711,17.054,71333.77569627446
2019-07-06,17.074,17.503,16.809,16.93,62854.931217721925
2019-07-07,16.919,17.325,16.466,17.314,90823.35902553702
2019-07-08,17.307,17.751,16.925,17.608,85407.10803212256
2019-07-09,17.615,17.993,17.12346807,17.259,127423.47946655123
2019-07-10,17.257,17.47296462,15.401,16.161,247866.74389866454
2019-07-11,16.109,16.116,14.2,14.622,125984.98224940112
2019-07-12,14.614,15.551,14.303,15.323,115032.66822762
2019-07-13,15.319,15.33,13.2,14.066,374943.38386726
2019-07-14,14.061,14.217,11.815,12.003,463075.45901703
2019-07-15,12.038,12.473,11.2,12.249,212721.76236314
2019-07-16,12.28,12.528,10.039,10.15,251177.97943098
2019-07-17,10.192,11.292,9.7288,10.773,309215.19959009
2019-07-18,10.804,13.383,10.553,13.001,463429.88568282
2019-07-19,13.0,13.2,12.185,13.007,198213.14603642
2019-07-20,13.001,13.942,12.757,13.332,214959.64567165
2019-07-21,13.334,13.608,12.419,12.959,155580.52248793
2019-07-22,12.954,13.113,11.627,12.068,268892.46660363
2019-07-23,12.064,12.064,11.108,11.181,192076.78335687
2019-07-24,11.192,12.049,10.808,11.804,252452.55508936
2019-07-25,11.788,12.41,11.722,11.956,217145.48876037
2019-07-26,11.961,12.248,11.604,12.01,71607.89920603
2019-07-27,11.995,12.404,11.033,11.366,144621.45798191
2019-07-28,11.337,11.51316527,10.501,11.176,196181.18303666
2019-07-29,11.239,11.824,10.966,11.273,109609.6434331
2019-07-30,11.255,11.448,11.019,11.255,45583.95698518
2019-07-31,11.252,12.0613937,11.252,11.732,113486.25679756
2019-08-01,11.731,11.884,11.38,11.884,77762.42828669
2019-08-02,11.884,11.991,11.46,11.667,57176.00997071
2019-08-03,11.65,12.212,11.637,12.128,84329.78978481
2019-08-04,12.138,12.299,11.652,11.906,78471.03752626
2019-08-05,11.905,12.597,11.903,12.018,153623.71483584
2019-08-06,11.992,12.24979002,11.034,11.326,139851.82197136
2019-08-07,11.321,11.65627326,11.119,11.354,46224.54505861
2019-08-08,11.35204795,11.367,10.62,10.944,110787.09749283
2019-08-09,10.946,10.955,10.2,10.42,86871.02299281
2019-08-10,10.42,11.358,10.367,10.593,176506.8395347
2019-08-11,10.593,11.169,10.58090275,11.092,47729.6250795
2019-08-12,11.109,11.109,10.625,10.69808909,38352.412753669996
2019-08-13,10.70010765,10.728,10.223,10.51,106722.07663501
2019-08-14,10.512,10.528,9.1487,9.432,111028.34302447
2019-08-15,9.48192566,10.098,9.2139,9.87310126,170293.36746718
2019-08-16,9.907,10.047,9.4711,9.8318,38083.94877367
2019-08-17,9.8489,9.881,9.5161,9.6712,39121.41112807
2019-08-18,9.6795,10.171,9.5978,9.8481,49081.11500434
2019-08-19,9.8417,10.187,9.82419371,10.159,31614.06163756
2019-08-20,10.169,10.177,9.722,9.927,26973.17858668
2019-08-21,9.9358,9.95384599,9.1428,9.4689,113259.04885805
2019-08-22,9.478,9.9194,9.2316,9.813,39908.10827443
2019-08-23,9.813,10.1,9.7153,9.897,72201.32419683
2019-08-24,9.9277,10.36,9.5281,10.138,58914.92629066
2019-08-25,10.15489414,10.184,9.4283,9.6579,82603.73182847
2019-08-26,9.6656,10.02,9.6611,9.8355,53403.96674636
2019-08-27,9.8355,9.86,9.4375,9.6063,25236.26625287
2019-08-28,9.6014,9.6454,9.02,9.1475223,79384.19203514
2019-08-29,9.1305,9.1328,8.51,8.7373,101507.13572844
2019-08-30,8.76024944,8.9377,8.7051,8.75620029,21283.28616291
2019-08-31,8.75234661,8.9844,8.56,8.825,101182.51508347
2019-09-01,8.8257,8.8993,8.664,8.7825,19128.01532794
2019-09-02,8.7827,9.333,8.782,9.1666,40295.58966672
2019-09-03,9.182,9.4426,9.0578,9.35438146,38591.97056387
2019-09-04,9.3032,9.32192883,8.9433,9.0956,55094.99261201
2019-09-05,9.0678,9.0951,8.7219,9.0192,107071.00554248
2019-09-06,9.02694803,9.702,8.642,8.7021,155408.55517345
2019-09-07,8.699,9.2982,8.6937,9.1097,45924.97808887
2019-09-08,9.102,9.3149,8.9119,9.2943,34363.9145798
2019-09-09,9.2943,9.3692,8.8208,9.1296,64458.53797599
2019-09-10,9.1277,9.2219,8.085,8.86386309,99539.43810027
2019-09-11,8.8573,18.889,8.6358,8.8034,115662.74694378
2019-09-12,8.8183,9.08,8.762,9.0543,23532.57071583
2019-09-13,9.0543,9.08,8.823,8.9837,29828.09818323
2019-09-14,8.9838,9.2355,8.904,9.148,20657.05472669
2019-09-15,9.161,9.1803,9.0429,9.079,14047.64287372
2019-09-16,9.087,9.2358,8.9069,9.10025013,53019.39495825
2019-09-17,9.126,9.87,9.102,9.5189,100958.80906577
2019-09-18,9.558,10.384,9.558,10.122,90384.02112696
2019-09-19,10.121,10.12110782,9.2986,9.765,143327.83015018
2019-09-20,9.806,9.8123,9.36,9.5879,47510.73030762
2019-09-21,9.583,9.6725,9.3887,9.4114,21189.89892874
2019-09-22,9.4106,9.4174,9.01,9.1138,40499.36693031
2019-09-23,9.1068,9.1744,8.5264,8.6242,67450.39099346
2019-09-24,8.6258,8.757,6.9504,7.259,264090.65959603
2019-09-25,7.2198,7.6468,7.0206,7.4934,72840.11475156
2019-09-26,7.4975,7.5665,6.7161,7.2171,65337.0360476
2019-09-27,7.1852,7.5442,6.9895,7.3831,55722.25563078
2019-09-28,7.3718,7.5401,7.1404,7.3706,40475.36201254
2019-09-29,7.35,7.3694,6.9609,7.1675,29249.05077088
2019-09-30,7.1737,7.6857,6.8961,7.6343,45754.35748785
2019-10-01,7.6841,8.1519,7.4334,7.4609,82884.26542351
2019-10-02,7.4961,7.6926,7.3522,7.6683,30774.34462193
2019-10-03,7.6741808,7.6838,7.1659,7.34942898,35495.07769343
2019-10-04,7.3595,7.5198,7.1887,7.37831458,18636.81180448
2019-10-05,7.376448,7.4551,7.1876,7.3679,23184.32977528
2019-10-06,7.3821,7.4202,7.01,7.159,33768.52816794
2019-10-07,7.1605,7.6094,7.103,7.4848,41237.35935187
2019-10-08,7.49044029,7.6551,7.3653,7.5438,36606.58272342
2019-10-09,7.5407,7.8899,7.4431,7.779,83978.53334012
2019-10-10,7.7726,7.81712845,7.3861,7.5225,37995.63217075
2019-10-11,7.54061537,7.6812,7.2051,7.2337,53459.42814768
2019-10-12,7.2349,7.3893,7.2348,7.2559,16113.72651185
2019-10-13,7.241,7.5276,7.2302,7.3192,22182.26386037
2019-10-14,7.305,7.5776,7.2876,7.5502,28808.28502177
2019-10-15,7.55023398,7.6121,7.2707,7.3622,67462.877242
2019-10-16,7.38046711,7.4606,6.825,7.0062,107946.24102465
2019-10-17,7.00403367,7.27,6.9065,7.26969976,48059.31965172
2019-10-18,7.26969976,7.329,6.9603,7.1593,33649.39998033
2019-10-19,7.157,7.2249,7.039,7.13365399,15936.16763319
2019-10-20,7.1224,7.41,7.0451,7.3336,48488.61556148
2019-10-21,7.33785807,7.48,7.2207,7.4243,37434.40364407
2019-10-22,7.438305,7.5347,7.283,7.2832,35547.46352228
2019-10-23,7.2831,7.2831,6.682,6.9257,96564.32191088
2019-10-24,6.9283,7.132,6.7822,7.0021,39429.98833675
2019-10-25,7.0021,7.8786,6.8841,7.8263,102814.92778016
2019-10-26,7.8272,9.2449,7.8272,9.1475,244553.06769115
2019-10-27,9.1475,12.549,9.1475,11.498,983845.56069316
2019-10-28,11.525,13.452,10.516,10.734,743694.94693933
2019-10-29,10.701,11.35,10.316,10.833,196157.13849508
2019-10-30,10.77587881,11.557,10.144,11.27443871,194515.38417512
2019-10-31,11.284,11.37,10.215,10.59,144523.22883562
2019-11-01,10.594,10.772,10.273,10.692,61798.23348878
2019-11-02,10.718,11.324,10.65,11.043,116557.30599304
2019-11-03,11.021,11.16,10.717,11.052,77080.81307629
2019-11-04,11.072,11.75,10.963,11.48773006,143395.38570573
2019-11-05,11.475,11.475,11.07,11.193,107964.03858767
2019-11-06,11.17328952,11.35,10.913,11.108,73482.35582621
2019-11-07,11.073,11.17,10.717,11.161,90246.14674404
2019-11-08,11.141,11.199,10.353,10.576,107588.81022225
2019-11-09,10.576,10.8,10.511,10.704,25703.42960857
2019-11-10,10.678,11.386,10.57884718,11.06,118465.39438573
2019-11-11,11.058,11.454,10.608,11.17,140396.0342855
2019-11-12,11.16626814,12.575,11.112,12.138,258896.29903211
2019-11-13,12.138,13.445,11.953,13.171,251372.45494562
2019-11-14,13.178,13.383,12.457,12.67122913,150096.61272723
2019-11-15,12.701,12.849,11.757,12.037,143936.57748481
2019-11-16,12.037,12.54,11.917,12.39230954,86191.21021285
2019-11-17,12.401,12.431,12.028,12.167,75296.0662235
2019-11-18,12.145,12.145,11.129,11.357,121955.86974087
2019-11-19,11.356,11.786,11.102,11.739,112955.16162107
2019-11-20,11.73877165,12.011,11.412,11.518,98937.16143467
2019-11-21,11.525,11.584,10.576,11.111,156109.44125507
2019-11-22,11.094,11.228,9.32,9.7202,272979.65362006
2019-11-23,9.7233,10.205,9.4846,10.053,83707.78322306
2019-11-24,10.053,10.053,8.9948,9.0604,149032.66589078
2019-11-25,9.0603,9.61,8.4097,9.152,168488.18602225
2019-11-26,9.1504,9.45,8.9628,9.31645394,42592.99670637
2019-11-27,9.3238385,9.79,8.789,9.5,94866.2251234
2019-11-28,9.5136,9.6626,9.243,9.3167,32621.24675077
2019-11-29,9.3167,9.9543,9.3117,9.7963,59692.32901182
2019-11-30,9.7547,9.8782,9.2401,9.3831,50333.36260806
2019-12-01,9.38250955,9.5713,8.9828,9.3592,47576.30052709
2019-12-02,9.3338,9.3361,8.8897,9.0718,33913.37413371
2019-12-03,9.026,9.1635,8.9,9.00088654,22430.60840095
2019-12-04,9.00400614,9.35,8.62,8.6806,72831.35700409
2019-12-05,8.67082391,8.8448,8.5319,8.78754899,41871.48121972
2019-12-06,8.8014,8.8988,8.6172,8.8018,31898.55810539
2019-12-07,8.8276,9.24,8.7951,8.9692,39464.22491362
2019-12-08,8.946,9.1773,8.8027,9.0868,24808.42325211
2019-12-09,9.0948,9.1555,8.6811,8.7778,23480.95689729
2019-12-10,8.769,8.8216,8.4578,8.5957,31202.73572058
2019-12-11,8.5957,8.6851,8.457,8.55838199,34306.02880898
2019-12-12,8.5575,8.7119,8.3661,8.6845,36411.49637573
2019-12-13,8.6859,9.14,8.6065,8.9508,35938.10630935
2019-12-14,8.9472,9.2272,8.7098,8.8484,63114.79765169
2019-12-15,8.83583667,9.0383,8.6985,8.9827,37846.66680141
2019-12-16,8.9849,8.9861,8.2792,8.4198,58844.49083423
2019-12-17,8.4136,8.4603,7.78,7.9245,69789.44605677
2019-12-18,7.9375,8.927,7.7834,8.8162,80700.0872544
2019-12-19,8.81746681,8.8928,8.5172,8.63554863,30974.54812341
2019-12-20,8.6425,8.7482,8.5012,8.6515,16507.37560893
2019-12-21,8.6401,8.6401,8.5012,8.5465,11731.5763977
2019-12-22,8.5471,8.9,8.5471,8.8971,49767.61257205
2019-12-23,8.8991,9.0696,8.5162,8.555,39571.28504805
2019-12-24,8.555,8.857,8.5262,8.7195,15765.00371855
2019-12-25,8.7247,8.7247,8.5,8.6109,27234.04997891
2019-12-26,8.6466,8.8921,8.53,8.5657,25156.81703527
2019-12-27,8.55254396,8.79283733,8.5172,8.74743958,11520.30552295
2019-12-28,8.7918,8.8881,8.6858,8.82119256,11561.9903712
2019-12-29,8.803,9.4124,8.803,9.2437,56652.60110866
2019-12-30,9.2417,9.2755,8.8967,8.98384638,26232.93632036
2019-12-31,8.9737486,9.0734,8.6228,8.7085,28072.00966167
2020-01-01,8.6723,9.0176,8.6463,8.865,14543.61534155
2020-01-02,8.8446,8.8515,8.4236,8.5071,36130.10269766
2020-01-03,8.4922,9.0434,8.3801,8.91531952,40874.34711424
2020-01-04,8.91531952,9.1099,8.82939143,9.1099,19272.5616233
2020-01-05,9.1106,9.2599,8.9804,9.006,22620.17098756
2020-01-06,9.0113,9.7799,9.00824876,9.74978449,91002.20289405
2020-01-07,9.7501,9.9072,9.3949,9.8183,57287.8377704
2020-01-08,9.8222,10.169,9.3022,9.4513,47326.31181219
2020-01-09,9.4431,9.524,9.3034,9.3904,16305.58054364
2020-01-10,9.37,9.8919,9.05,9.86802742,47384.82540319
2020-01-11,9.8557,10.039,9.55449996,9.6967,55904.1167573
2020-01-12,9.6485,10.4,9.5941,10.228,48895.71117048
2020-01-13,10.266,10.282,9.802,10.001,40657.32620619
2020-01-14,10.00016708,11.56,10.0,11.207,250699.88397542
2020-01-15,11.105,11.88,10.712,11.36,147264.53898677
2020-01-16,11.406,11.53961974,10.74,11.253,121881.01653196
2020-01-17,11.246,11.89,11.125,11.82,108342.01065403
2020-01-18,11.82,12.31,11.3,11.875,138419.19662961
2020-01-19,11.852,12.175,10.77,11.239,111863.00058197
2020-01-20,11.235,11.298,10.822,11.103,46635.99250255
2020-01-21,11.1,11.291,10.85,11.2378482,32829.48502343
2020-01-22,11.21057095,11.387,11.101,11.1782236,34800.18695751
2020-01-23,11.225,11.267,10.387,10.598,82551.74401995
2020-01-24,10.617,10.668,10.157,10.475,42623.79373539
2020-01-25,10.492,10.493,10.228,10.36706848,12963.56989171
2020-01-26,10.3650839,10.802,10.271,10.80109595,19612.45244529
2020-01-27,10.806,11.28,10.7028928,11.081,72414.62434681
2020-01-28,11.193,11.459,11.04378962,11.376,58635.14373078
2020-01-29,11.37,11.717,11.205,11.205,89767.89850399
2020-01-30,11.205,11.838,10.876,11.704,113713.74619633
2020-01-31,11.694,11.752,11.113,11.491,72963.38204789
2020-02-01,11.51,11.685,11.21,11.44376745,31122.54540012
2020-02-02,11.415,12.627,11.252,12.073,94940.91281122
2020-02-03,12.042,12.376,11.75,11.905,71001.62162573
2020-02-04,11.951,12.303,11.534,12.146,73268.43262742
2020-02-05,12.146,12.85,12.104,12.73240069,120593.1306399
2020-02-06,12.753,13.2,12.414,12.888,105034.74425624
2020-02-07,12.903,13.232,12.648,12.777,58489.16915787
2020-02-08,12.77339103,13.062,12.061,12.673,77937.79735802
2020-02-09,12.694,14.208,12.673,14.165,132285.04393672
2020-02-10,14.179,14.234,13.164,13.57,117461.21661114
2020-02-11,13.55112295,14.032,12.97,13.845,70357.66406116
2020-02-12,13.885,15.281,13.884,14.831,176942.22163869
2020-02-13,14.82,15.803,14.51,15.10568128,175813.38366359
2020-02-14,15.127,16.724,14.772,16.678,122185.72100121
2020-02-15,16.677,16.721,14.558,15.09,175660.74275688
2020-02-16,15.069,15.81303355,13.413,14.629,177847.75256961
2020-02-17,14.629,15.1,13.413,15.035,163416.98291247
2020-02-18,15.026,15.62,14.35,15.492,104806.1184214
2020-02-19,15.48,15.531,13.767,14.064,86188.29001316
2020-02-20,13.99,14.34929246,13.475,14.044,124359.93206739
2020-02-21,14.027,14.34302526,13.758,13.967,85833.64239449
2020-02-22,14.003,14.04,13.515,13.781,28195.74110711
2020-02-23,13.756,14.482,13.744,14.379,23730.89570218
2020-02-24,14.34,14.468,13.02,13.39450727,60588.85771448
2020-02-25,13.39364183,13.47,12.34,12.384,96376.69753763
2020-02-26,12.382,12.548,10.774,11.046,106157.64333143
2020-02-27,11.01387751,11.718,10.401,11.487,63063.64165749
2020-02-28,11.49867748,11.669,10.616,11.343,33723.77091211
2020-02-29,11.364,11.547,10.95,11.15131358,26819.31388138
2020-03-01,11.168,11.889,11.062,11.374,58402.68796774
2020-03-02,11.362,12.241,11.22852419,12.08,30819.89778052
2020-03-03,12.018,12.018,11.412,11.597,31517.14289038
2020-03-04,11.616,12.099,11.576,11.788,35969.65348506
2020-03-05,11.789,12.44,11.789,12.108,42073.81534284
2020-03-06,12.066,12.471,11.967,12.44,32525.8158751
2020-03-07,12.427,12.481,11.576,11.619,46506.07349478
2020-03-08,11.601,11.601,9.9107,10.091,125927.28076137
2020-03-09,10.094,10.388,9.4463,9.9618,89392.32965976
2020-03-10,9.9914,10.234,9.6171,9.89006509,39424.79612755
2020-03-11,9.8881,10.02,8.8159,9.4907,65692.67187575
2020-03-12,9.5163,9.6,5.5161,5.6825,587016.3759983
2020-03-13,5.77169575,6.6994,3.9963,6.256,368625.4474857
2020-03-14,6.2726,6.293,5.6891,5.7671,114227.69995834
2020-03-15,5.78523897,6.4471,5.7159,5.9985,71237.1422484
2020-03-16,5.992,5.992,4.9037,5.4,104709.66433818
2020-03-17,5.4681,5.9392,5.3633,5.6659,60919.04620612
2020-03-18,5.6676,5.7557,5.3732,5.7342,40419.51318332
2020-03-19,5.7571,6.8,5.6788,6.4785,82195.2940135
2020-03-20,6.5084,7.1789,5.7136,6.30706747,131170.8186889
2020-03-21,6.27651757,6.448,5.8966,6.2492,42543.11820292
2020-03-22,6.2166,6.4851,5.8794,5.9631,42720.27867042
2020-03-23,5.9382,6.7067,5.8153,6.7067,47669.91541802
2020-03-24,6.7058,6.9931,6.5615,6.92,63536.12260733
2020-03-25,6.8929,7.1261,6.6178,6.9376,69939.29590961
2020-03-26,6.9465,7.0728,6.7372,7.0584,19075.38468964
2020-03-27,7.0626,7.2,6.4694,6.5116,68326.57332317
2020-03-28,6.4803,6.7254,6.2113,6.6447,49218.97410604
2020-03-29,6.6642,6.6815,6.1589,6.2052,28707.09550503
2020-03-30,6.20532184,6.759,6.2033,6.5997,35892.08079854
2020-03-31,6.5898,6.9536,6.5307,6.8254,41182.41746663
2020-04-01,6.8224,6.8951,6.4106,6.8464,48701.82935594
2020-04-02,6.8999,7.3925,6.8129,7.015,100263.30944884
2020-04-03,6.9791,7.2331,6.8874,7.0412,23346.60467494
2020-04-04,7.0371,7.3059,6.89023637,7.175056,29274.79563184
2020-04-05,7.20433753,7.2756,6.854,7.0289,40030.00039514
2020-04-06,7.0288,7.8472,6.9911,7.8339,81366.69146555
2020-04-07,7.8359,8.1638,7.4849,7.7205,52062.67892102
2020-04-08,7.722,8.0343,7.6722,7.9923,21533.78283627
2020-04-09,7.9922,8.1568,7.8205,8.0275,23599.34617939
2020-04-10,8.03024738,8.0377,7.1128,7.3068,43728.50390321
2020-04-11,7.30711565,7.5498,7.1601,7.3004,26702.76623509
2020-04-12,7.3002,7.7328,7.1854,7.3913,25579.77681868
2020-04-13,7.3809,7.3809,7.013,7.286,39005.52706512
2020-04-14,7.28959914,7.4562,7.16,7.2522,18412.45066912
2020-04-15,7.2403,7.3907,6.9721,7.013,40713.79502935
2020-04-16,7.0016,7.7189,6.8156,7.6097,88299.75436426
2020-04-17,7.619,7.6603,7.4455,7.4821,17490.04781995
2020-04-18,7.473,7.9438,7.473,7.8736,26561.28359748
2020-04-19,7.8996,7.9326,7.4349,7.6322,25567.59560338
2020-04-20,7.6393,7.8651,7.1201,7.2285,62140.71874256
2020-04-21,7.2061,7.3608,7.14,7.2249,36804.74579344
2020-04-22,7.224,7.6356,7.2123001,7.5482,31605.89951383
2020-04-23,7.5579,8.04414723,7.4353,7.8653,85603.9439104
2020-04-24,7.8977,8.3046,7.8679,8.0848,65766.36226484
2020-04-25,8.0718,8.5889,7.9386,8.4453,54134.22309748
2020-04-26,8.4325,8.68345581,8.2901,8.6535,38970.813866129996
2020-04-27,8.6528,8.688,8.1486,8.4252,31392.19624279
2020-04-28,8.4341,8.6263,8.2583,8.4704,23724.98750686
2020-04-29,8.4759,9.34,8.4759,9.2274,59196.165310540004
2020-04-30,9.2015,9.6227,8.7053,8.8616,63479.481665549996
2020-05-01,8.9129,9.3996,8.9129,9.00678794,23936.60803662
2020-05-02,8.9949,9.28,8.9362,9.2451,19290.81619708
2020-05-03,9.2332,9.3155,8.7536,9.05207897,27503.068927970002
2020-05-04,9.103,9.1245,8.6326,8.9659,14818.30345185
2020-05-05,9.01055523,9.1785,8.87,9.1043,8681.59052219
2020-05-06,9.0934,9.48,9.0066,9.1303,31661.71366362
2020-05-07,9.1169,9.9527,9.037,9.8829,48938.70389779
2020-05-08,9.9042,11.8,9.7837,11.311,147917.28097955
2020-05-09,11.26,11.605,10.718,11.001,65619.35858221
2020-05-10,11.011,11.011,9.4021,9.7184,143703.71894756
2020-05-11,9.7372,10.179,9.2804,9.599,41988.63823673
2020-05-12,9.60480988,10.18039011,9.5962,9.99639729,30172.83392474
2020-05-13,9.97868844,10.466,9.8119,10.316,34252.45967233
2020-05-14,10.3,10.551,9.9089,10.194,43366.04098897
2020-05-15,10.208,10.257,9.8026,9.9923,38907.75367162
2020-05-16,9.9515,10.172,9.85,10.009,7995.48002739
2020-05-17,10.00023806,10.459,9.9634,10.157,25791.46558419
2020-05-18,10.13790932,10.538,10.13790932,10.249,12173.72570919
2020-05-19,10.166,10.329,9.9317,10.30515663,23032.39332906
2020-05-20,10.329,10.4,9.9363,10.121,13556.84675386
2020-05-21,10.08,10.169,9.2001,9.5374,53539.19334086
2020-05-22,9.5203,10.662,9.3964,10.382,56401.20902532
2020-05-23,10.4309077,10.502,10.094,10.175,14287.08142817
2020-05-24,10.169,10.325,9.653,9.66,59815.31287298
2020-05-25,9.6429,9.9999,9.5425,9.88905449,25371.3930592
2020-05-26,9.9217,10.143,9.592,9.9065,21073.73277634
2020-05-27,9.9409,10.25729226,9.8736,10.01488211,18384.83852496
2020-05-28,10.02183691,10.44,9.9204,10.414,34669.43033229
2020-05-29,10.438,10.496,10.07089905,10.234,15690.15382682
2020-05-30,10.24070095,11.165,10.16607536,11.063,200623.72779257
2020-05-31,11.0347296,11.838,10.572,10.92141526,60236.588788170004
2020-06-01,10.916,12.703,10.878,12.44720046,105971.56228732
2020-06-02,12.445,13.181,11.457,12.065,109365.64101464
2020-06-03,12.082,12.502,11.73,12.364,27934.67138595
2020-06-04,12.305,12.463,11.781,12.147,26107.08467208
2020-06-05,12.142,12.253,11.78,11.813,13355.77835834
2020-06-06,11.795,11.93322563,11.5,11.838,14008.83271294
2020-06-07,11.813,11.97,11.315,11.785,14621.30819736
2020-06-08,11.799,11.817,11.526,11.644,9964.95723016
2020-06-09,11.644,12.209,11.434,12.038,35366.78846217
2020-06-10,12.038,12.294,11.821,11.95,21275.21461241
2020-06-11,11.921,12.035,10.349,10.657,77542.3321955
2020-06-12,10.655,11.2,10.511,10.888,18130.80242877
2020-06-13,10.909,11.113,10.721,11.113,8079.57040303
2020-06-14,11.077,11.109,10.464,10.622,14569.05493887
2020-06-15,10.604,10.622,9.7193,10.462,28316.06698084
2020-06-16,10.378,10.646,10.365,10.595,6210.62947577
2020-06-17,10.597,10.903,10.262,10.553,16842.21706006
2020-06-18,10.566,10.612,10.268,10.424,12483.50674059
2020-06-19,10.408,10.438,10.148,10.248,10568.94589305
2020-06-20,10.26401515,10.383,10.052,10.286,14745.38723924
2020-06-21,10.347,10.585,10.215,10.268,16686.04726997
2020-06-22,10.27647776,10.882,10.27647776,10.81,12484.72784186
2020-06-23,10.823,11.298,10.647,10.938,25583.97502225
2020-06-24,10.959,11.221,10.249,10.477,28803.4921493
2020-06-25,10.467,10.499,9.97,10.358,15964.2037077
2020-06-26,10.316,10.369,9.9884,10.217,7031.53928004
2020-06-27,10.186,10.297,9.3149,9.7313,34145.40782691
2020-06-28,9.6533,10.225,9.6045,10.048,18336.63215631
2020-06-29,10.054,10.281,9.941,10.22,6981.69406548
2020-06-30,10.221,10.221,10.005,10.061,3719.2184594
2020-07-01,10.024,10.291,9.923,10.153,15221.78822332
2020-07-02,10.158,10.281,9.7158043,9.9493,23779.886516
2020-07-03,9.9104,10.023,9.7965,9.7965,6815.15287945
2020-07-04,9.7819,10.005,9.758,9.9337,17260.4179021
2020-07-05,9.9902,10.152,9.6589,10.133,25612.2838329
2020-07-06,10.122,10.614,10.089,10.595,47823.98616077
2020-07-07,10.595,10.66,10.277,10.565,18536.05183217
2020-07-08,10.567,11.366,10.486,11.091,62863.95809819
2020-07-09,11.082,11.295,10.44,10.804,42194.60681269
2020-07-10,10.732,10.744,10.324,10.538,21654.24737472
2020-07-11,10.537,10.911,10.44,10.77,15668.44062552
2020-07-12,10.74,10.904,10.465,10.799,10298.57198377
2020-07-13,10.799,11.264,10.355,10.681,34548.34300066
2020-07-14,10.655,11.013,10.366,10.829,16896.87181197
2020-07-15,10.866,11.398,10.856,11.013,23787.77591915
2020-07-16,11.012,11.029,10.285,10.688,29645.04928628
2020-07-17,10.698,10.792,10.536,10.605,7284.57076203
2020-07-18,10.604,10.695,10.502,10.568,6375.4923159
2020-07-19,10.589,10.69993538,10.417,10.68,8585.73631681
2020-07-20,10.681,10.739,10.323,10.431,17240.26894294
2020-07-21,10.404,11.522,10.34109803,11.184,59197.540371869996
2020-07-22,11.195,11.75,11.06,11.605,23877.78102481
2020-07-23,11.606,11.738,11.34,11.44,27085.27223752
2020-07-24,11.458,11.459,11.037,11.101,22643.6894293
2020-07-25,11.123,11.688,11.123,11.616,35353.05424732
2020-07-26,11.616,11.945,11.478,11.647,43604.34541161
2020-07-27,11.654,11.888,10.797,11.607,102015.88971637
2020-07-28,11.66,12.089,11.329,11.828,42301.36397787
2020-07-29,11.816,12.298,11.641,11.672,27464.55337469
2020-07-30,11.666,11.93,11.501,11.846,27135.00861206
2020-07-31,11.815,12.286,11.644,12.286,36167.83108368
2020-08-01,12.285,13.486,12.08,13.421,55812.21076985
2020-08-02,13.401,13.767,11.454,12.144,108953.52139001
2020-08-03,12.143,12.73,12.007,12.402,26504.80470292
2020-08-04,12.399,12.743,12.277,12.53,10587.25072753
2020-08-05,12.51,12.964,12.377,12.881,24032.16835596
2020-08-06,12.889,13.285,12.721,12.941,36268.20458899
2020-08-07,12.933,13.467,12.502,12.87,50172.22740891
2020-08-08,12.838,13.148,12.694,13.118,11946.77799367
2020-08-09,13.147,13.362,12.801,12.96,15594.56110567
2020-08-10,12.986,15.39,12.986,14.547,126627.94432764
2020-08-11,14.555,14.653,13.246,13.677,55538.53410163
2020-08-12,13.671,14.659,13.334,14.291,54762.10185011
2020-08-13,14.314,14.976,13.525,14.545,50790.92770022
2020-08-14,14.579,15.87978024,14.31,14.827,67512.60300644
2020-08-15,14.8070582,15.541,14.782,15.151,38150.05441725
2020-08-16,15.126,15.776,14.605,15.558,63640.20335704
2020-08-17,15.527,16.989,15.284,16.617,70376.48885866
2020-08-18,16.582,17.579,16.0,16.148,43420.54440235
2020-08-19,16.147,17.075,15.508,15.854,39716.59432299
2020-08-20,15.888,17.983,15.888,17.886,47228.45372732
2020-08-21,17.878,19.77,16.399,16.399,125325.02097302
2020-08-22,16.399,19.145,15.679,18.911,79125.54185085
2020-08-23,18.981,19.744,17.765,18.244,67216.02279857
2020-08-24,18.178,19.47316244,17.937,18.143,62752.08489677
2020-08-25,18.103,18.269,16.158,17.051,61459.07579102
2020-08-26,16.961,18.111,16.85,17.325,49798.81869852
2020-08-27,17.545,18.101,16.664,17.655,54214.95814472
2020-08-28,17.685,18.6,17.365,18.331,30402.14898568
2020-08-29,18.308,21.94,18.022,21.194,222391.043331
2020-08-30,21.174,22.871,20.321,20.681,103361.45390297
2020-08-31,20.746,21.608,20.218,20.484,39627.61130595
2020-09-01,20.492,22.551,20.113,21.604,49781.75470405
2020-09-02,21.551,21.755,19.403,20.335,63280.92433342
2020-09-03,20.265,20.631,17.394,17.737,46472.78594986
2020-09-04,17.724,19.786,17.301,18.956,62705.09600226
2020-09-05,18.992,19.373,16.276,16.925,53515.14859265
2020-09-06,16.832,17.73,16.288,17.223,21392.75687787
2020-09-07,17.169,18.28,15.932,18.202,32091.18629036
2020-09-08,18.28,18.67,16.555,17.007,36214.59865941
2020-09-09,17.002,17.979,16.736,17.38,8038.04235549
2020-09-10,17.443,18.629,17.416,18.466,16866.31210225
2020-09-11,18.447,20.636,18.195,20.371,50925.38368142
2020-09-12,20.374,21.843,19.778,21.733,29976.62479429
2020-09-13,21.642,22.063,19.288,20.3,75477.46127096
2020-09-14,20.384,22.5,19.562,22.03,46790.12632829
2020-09-15,22.071,22.409,20.166,20.244,44095.65952429
2020-09-16,20.243,21.8,19.5,21.006,42057.95963296
2020-09-17,21.007,24.378,20.728,23.784,92968.80900187
2020-09-18,23.741,25.9,23.171,25.32,94163.40320261
2020-09-19,25.269,25.269,23.723,24.71,51363.68770294
2020-09-20,24.71,25.604,22.82,23.58272623,53905.30914835
2020-09-21,23.498,24.439,19.749,20.081,110234.57116886
2020-09-22,20.135,20.719,18.605,20.239,58607.45240562
2020-09-23,20.191,21.8,18.857,19.628,102292.38808613
2020-09-24,19.754,22.07986932,19.483,21.8,32599.2369268
2020-09-25,21.8,23.2,20.863,21.339,81844.1568497
2020-09-26,21.426,22.465,20.6,21.083,33337.05602755
2020-09-27,21.084,21.999,20.584,21.269,218202.89494381
2020-09-28,21.292,21.55,19.932,20.229,46137.23549588
2020-09-29,20.128,20.342,19.071,19.747,49124.45019846
2020-09-30,19.721,20.073,18.801,19.074,55545.17319386
2020-10-01,19.208,20.373,18.206,18.827,78578.43823936
2020-10-02,18.81,19.097,17.354,18.146,72497.72985145
2020-10-03,18.147,18.329,17.733,17.823,11962.14854275
2020-10-04,17.806,18.17,17.439,18.13,22153.88834391
2020-10-05,18.138,18.259,17.536,17.707,22865.87556031
2020-10-06,17.71,17.79926306,16.432,16.556,58452.04504561
2020-10-07,16.589,16.999,16.025,16.821,25368.64907874
2020-10-08,16.822,17.284,16.136,17.059,46033.50709779
2020-10-09,17.084,17.664,16.858,17.426,17215.42884458
2020-10-10,17.429,18.333,17.426,17.562,53045.09647677
2020-10-11,17.563,18.022,17.374,17.786,31422.27477275
2020-10-12,17.8,18.532,17.442,18.038,71148.20709486
2020-10-13,18.036,18.128,17.413,17.596,19347.19905804
2020-10-14,17.618,17.797,16.867,16.99,17377.0313124
2020-10-15,16.99,17.36,16.89,17.211,11232.94281888
2020-10-16,17.235,17.323,16.77,17.02,9483.98329509
2020-10-17,17.041,17.308,16.949,17.185,4802.04103745
2020-10-18,17.194,17.754,17.181,17.436,13971.42121078
2020-10-19,17.44,17.667,17.086,17.619,13524.64906457
2020-10-20,17.604,18.03,16.87,16.964,32312.22502413
2020-10-21,16.965,18.822,16.886,18.361,71505.68038191
2020-10-22,18.36,19.215,18.278,18.689,34556.55736604
2020-10-23,18.674,18.675,17.814,18.122,28203.30827222
2020-10-24,18.137,18.489,17.994,18.306,15248.11632003
2020-10-25,18.324,18.494,17.667,17.886,23696.05431759
2020-10-26,17.888,18.129,16.612,17.076,25038.3574714
2020-10-27,17.064,17.451,16.847,16.998,18264.24959013
2020-10-28,16.958,17.123,15.683,15.867,47071.80628695
2020-10-29,15.873,16.075,14.985,15.286,27045.18318988
2020-10-30,15.277,15.464,13.961,14.809,40417.15309018
2020-10-31,14.823,15.207,14.586,14.712,25049.68844662
2020-11-01,14.71,15.062,14.552,14.927,13893.98162452
2020-11-02,14.956,15.793,14.956,15.244,26219.8595468
2020-11-03,15.207,15.488,14.132,14.688,29276.27189466
2020-11-04,14.691,14.737,13.477,14.08,35154.69012014
2020-11-05,14.12,14.63673079,13.826,14.395,31653.97752283
2020-11-06,14.418,15.978,14.314,15.72,47240.89878734
2020-11-07,15.741,16.61,14.602,14.875,58011.03620717
2020-11-08,14.855,15.716,14.714,15.486,15660.47183727
2020-11-09,15.48,15.584,14.861,15.386,15485.06378266
2020-11-10,15.372,15.829,15.129,15.554,10970.02011979
2020-11-11,15.611,15.987,15.386,15.386,14510.32586717
2020-11-12,15.422,16.025,15.217,15.432,16663.54794005
2020-11-13,15.43,16.14,15.395,16.009,18422.89927046
2020-11-14,16.009,16.262,15.387,15.703,15189.7528757
2020-11-15,15.677,15.951,15.001,15.319,21332.9942296
2020-11-16,15.313,15.909,15.157,15.732,14419.31683673
2020-11-17,15.729,16.688,15.686,16.141,43910.82596892
2020-11-18,16.168,16.32,15.215,15.751,38826.70755533
2020-11-19,15.728,16.25,15.386,16.073,18819.37798423
2020-11-20,16.088,16.848,16.088,16.45,54025.67514899
2020-11-21,16.45,18.333,16.45,18.247,72590.09610357
2020-11-22,18.258,18.571,16.446,17.134,77781.02733313
2020-11-23,17.183,19.119,16.934,19.115,69752.99863347
2020-11-24,19.083,21.304,18.291,20.515,156403.843231
2020-11-25,20.484,21.818,18.7,19.602,94931.88833638
2020-11-26,19.672,20.422,15.973,17.206,113683.88632754
2020-11-27,17.23195046,17.735,16.251,17.108,30124.03140321
2020-11-28,17.142,18.065,16.607,17.567,31950.85558555
2020-11-29,17.553,18.0,16.916,17.699,26942.15347738
2020-11-30,17.763,18.842,17.322,18.542,75166.18494251
2020-12-01,18.623,19.357,17.1,17.561,109810.10314184
2020-12-02,17.536,18.489,17.3,18.034,24224.00801687
2020-12-03,18.021,19.223,17.847,18.846,28549.42179591
2020-12-04,18.839,19.043,17.036,17.306,43238.745604
2020-12-05,17.308,17.997,16.956,17.962,12341.86016786
2020-12-06,17.96,18.118,17.523,17.917,10520.71382581
2020-12-07,17.942,17.942,17.217,17.458,12304.13849788
2020-12-08,17.473,17.549,16.111,16.432,30823.45839141
2020-12-09,16.46,17.282,15.717,16.891,58514.26001227
2020-12-10,16.907,16.941,16.021,16.276,18234.33024586
2020-12-11,16.276,16.304,15.508,15.954,17101.89434292
2020-12-12,15.935,16.664,15.894,16.471,13734.37412899
2020-12-13,16.484,17.773,16.412,17.275,27242.39561314
2020-12-14,17.273,17.676,16.953,17.39,18682.40215781
2020-12-15,17.394,17.561,16.681,17.137,17708.67260135
2020-12-16,17.143,18.016,16.677,18.016,28642.04720148
2020-12-17,18.014,18.712,17.401,17.749,74870.61440541
2020-12-18,17.733,18.31,17.343,17.925,20245.70679124
2020-12-19,17.917,18.45,17.628,17.81,19846.59194001
2020-12-20,17.818,18.47,17.028,17.522,43497.44117222
2020-12-21,17.505,17.797,15.955,16.527,62888.64576048
2020-12-22,16.54,16.912,15.699,16.521,30696.91788926
2020-12-23,16.53,16.631,12.2,13.523,139130.44640154
2020-12-24,13.428,15.299,13.092,15.28,57633.99306552
2020-12-25,15.278,15.887,14.63,15.18,42725.9540149
2020-12-26,15.189,15.449,14.227,14.923,37008.61113371
2020-12-27,14.931,15.899,14.111,15.116,60831.5077866
2020-12-28,15.176,16.264,15.046,15.616,42542.96310271
2020-12-29,15.606,15.9,14.4,15.031,43762.76033312
2020-12-30,15.036,15.181,14.51891819,14.706,10750.35260224
2020-12-31,14.712,14.719,13.882,14.303,33396.42585345
2021-01-01,14.253,14.889,14.13,14.45,16589.7237535
2021-01-02,14.459,14.778,14.13,14.419,37150.17795813
2021-01-03,14.426,16.344,14.014,16.056,83719.52187616
2021-01-04,16.045,17.75568181,14.675,16.328,125355.03987483
2021-01-05,16.36,17.327,15.391,16.844,54701.20169901
2021-01-06,16.919,20.287,16.4,19.525,183928.99785632
2021-01-07,19.547,23.0,18.659,20.852,303108.16647905
2021-01-08,20.891,21.41,18.594,19.771,101999.05277982
2021-01-09,19.7578148,21.667,18.974,21.35,108556.86418129
2021-01-10,21.349,26.599,20.2,24.955,280848.83639559
2021-01-11,25.001,26.714,20.356,23.728,438218.69810845
2021-01-12,23.649,24.898,21.53982555,22.122,164541.89801158
2021-01-13,22.199,23.856,20.558,23.248,131409.47449415
2021-01-14,23.269,23.932,22.137,23.055,93812.90205151
2021-01-15,23.122,25.5,21.492,23.487,276114.46337186
2021-01-16,23.448,24.596,22.84,23.625,59491.00473906
2021-01-17,23.58,24.7,22.1,23.896,48033.90617384
2021-01-18,23.924,28.382,23.035,27.124,184041.35382678
2021-01-19,27.16,28.915,26.314,26.314,78471.60854927
2021-01-20,26.281,26.802,23.885,26.075,171674.52785492
2021-01-21,26.092,26.283,22.01,22.102,156577.52327149
2021-01-22,22.121,24.531,20.802,23.485,85619.10330702
2021-01-23,23.43,25.43,23.128,24.405,77990.21349614
2021-01-24,24.387,25.623,23.604,24.485,117016.14166244
2021-01-25,24.486,25.261,23.149,23.325,24747.59150844
2021-01-26,23.252,23.826,22.249,23.163,75086.48780480999
2021-01-27,23.161,23.186,20.276,21.087,62436.03327733
2021-01-28,21.056,22.936,20.667,22.328,25789.22577602
2021-01-29,22.211,23.999,21.873,22.633,62214.412748509996
2021-01-30,22.601,22.928,21.824,22.928,14936.77345248
2021-01-31,22.884,23.47,21.623,22.297,47812.4078109
2021-02-01,22.311,23.601,21.788,23.085,53207.51402432
2021-02-02,23.138,23.93,22.508,23.781,33066.07878533
2021-02-03,23.845,24.98,23.56,24.679,54787.00165921
2021-02-04,24.696,25.087,22.901,23.735,36497.87603967
2021-02-05,23.759,26.5,23.62,26.069,60827.21316881
2021-02-06,26.047,26.289,24.39,24.845,38621.45103109
2021-02-07,24.829,25.647,23.375,24.552,49885.71749016
2021-02-08,24.451,27.777,23.998,27.37,64404.44303684
2021-02-09,27.47,32.117,26.478,31.063,149196.64971252
2021-02-10,31.136,36.4646504,30.42,33.543,219009.65711752
2021-02-11,33.535,38.874,32.759,36.405,140305.18408848
2021-02-12,36.468,38.397,35.047,37.7,61714.57181582
2021-02-13,37.692,43.552,35.566,42.406,136227.00046277
2021-02-14,42.416,47.379,40.531,43.853,184693.07945722
2021-02-15,43.867,45.368,36.618,41.502,197557.82015356
2021-02-16,41.578,44.661,39.469,41.01,81621.30882145
2021-02-17,41.052,43.877,38.701,42.474,52268.85529365
2021-02-18,42.672,45.079,41.934,43.884,51560.65312209
2021-02-19,44.008,49.699,42.01,47.793,92747.28478505
2021-02-20,47.839,49.743,41.305,43.687,126397.557483
2021-02-21,43.747,54.809,42.734,54.809,354840.96661629
2021-02-22,54.809,55.212,41.362,46.88,380529.31436221
2021-02-23,46.9,47.333,31.557,38.858,227354.91479123
2021-02-24,38.75,44.198,36.84936695,40.674,68200.7071746
2021-02-25,40.665,43.032,38.204,38.51,54253.56195142
2021-02-26,38.329,39.834,35.14,37.723,61670.80226601
2021-02-27,37.675,39.517,36.444,37.294,28600.47663887
2021-02-28,37.3,37.518,31.99,35.297,55821.58954991
2021-03-01,35.438,38.759,35.276,37.899,39773.22134242
2021-03-02,38.154,39.481,36.112,37.781,26361.85180592
2021-03-03,37.745,41.38,37.458,39.701,156765.69373092
2021-03-04,39.622,40.928,36.8,37.826,78471.61303781
2021-03-05,37.78,38.1,35.899,37.533,76849.00572989
2021-03-06,37.568,38.57,36.642,38.131,37464.87925015
2021-03-07,38.121,39.569,38.091,39.247,44932.76298745
2021-03-08,39.315,40.1,37.804,40.1,45963.34484781
2021-03-09,40.169,43.097,39.683,42.807,40147.86512661
2021-03-10,42.684,43.135,39.874,40.948,23266.63725124
2021-03-11,41.005,42.679,39.117,41.964,18303.50972014
2021-03-12,42.065,42.066,38.531,39.999,18350.12733318
2021-03-13,39.933,42.598,38.412,42.123,21646.28019357
2021-03-14,42.08,42.915,39.584,39.584,16023.68128476
2021-03-15,39.557,40.964,37.17,38.593,34783.31187096
2021-03-16,38.662,40.879,37.51,40.808,18899.33610915
2021-03-17,40.775,46.47,40.161,46.249,111916.15970085
2021-03-18,46.289,47.8,43.251,43.609,53536.67082712
2021-03-19,43.647,45.595,42.378,43.995,21557.42384063
2021-03-20,43.995,45.492,42.86,42.944,26648.87223797
2021-03-21,42.86,43.483,41.1,42.475,12497.4233589
2021-03-22,42.479,44.2,40.247,40.682,30440.03268955
2021-03-23,40.716,42.38,40.02,41.1,20555.86162093
2021-03-24,41.095,45.365,37.908,39.606,100620.40568448
2021-03-25,39.4492965,40.9,37.632,38.74,47748.68462312
2021-03-26,38.862,41.95,38.737,41.66,17061.90553441
2021-03-27,41.657,42.648,40.339,41.074,14947.31757325
2021-03-28,41.123,45.003,40.951,44.716,44037.6049457
2021-03-29,44.74,46.501,43.428,45.58,24218.57907895
2021-03-30,45.625,46.1,44.257,45.045,13194.656884170001
2021-03-31,44.98,52.161,42.613,50.752,144077.13552167
2021-04-01,50.833,53.8,50.299,52.383,73556.9401453
2021-04-02,52.44,55.212,51.091,53.083,60120.05746253
2021-04-03,52.942,56.544,50.535,50.641,82793.03624287
2021-04-04,50.613,54.625,49.809,54.625,19121.86908949
2021-04-05,54.612,59.606,51.627,59.093,116068.82849906
2021-04-06,59.163,64.759,57.853,62.991,103178.04173635
2021-04-07,63.18,68.354,56.22,59.756,140608.98593591
2021-04-08,59.722,63.3,58.278,63.3,25338.65731438
2021-04-09,63.265,63.404,60.147,60.795,11538.75814458
2021-04-10,60.99,63.369,59.578,61.667,20038.17966307
2021-04-11,61.8,66.795,60.984,63.971,39789.21101083
2021-04-12,64.057,65.011,60.685,64.735,33868.44813059
2021-04-13,64.579,68.305,62.202,66.577,34128.18826691
2021-04-14,66.832,70.805,63.501,68.934,61221.62748262
2021-04-15,69.131,75.0,66.452,74.878,51229.02736292
2021-04-16,75.0,88.19,74.79,86.898,199535.79889144
2021-04-17,86.962,105.6,85.966,93.716,117381.4799879
2021-04-18,93.937,120.56,73.211,119.75,229803.63764936
2021-04-19,120.03,133.92,102.91,109.04,224326.26595215
2021-04-20,109.59,115.96,97.713,108.02,140507.08720059
2021-04-21,108.26,109.31,95.625,96.883,51094.90459967
2021-04-22,97.218,105.01,85.333,89.861,113848.72051914
2021-04-23,89.884,91.653,73.465,86.208,205687.90283035
2021-04-24,86.181,90.613,78.821,79.84,62272.39042352
2021-04-25,79.818,88.199,74.406,79.77,69454.87195095
2021-04-26,79.842,91.559,78.83,90.215,46833.09662048
2021-04-27,90.133,95.762,88.73,94.18,41053.62909166
2021-04-28,94.275,98.0,86.882,91.688,51327.07133701
2021-04-29,91.89,93.3,86.304,89.598,23248.76150088
2021-04-30,89.734,99.674,87.927,97.063,26037.84952533
2021-05-01,96.69,103.82,93.55,102.26,20866.18482079
2021-05-02,102.27,109.76,98.581,106.8,36768.86784525
2021-05-03,106.71,113.91,105.45,107.17,23698.49490825
2021-05-04,107.44947804,107.44947804,93.86,96.597,79307.75976023
2021-05-05,96.355,117.09,95.356,115.1,56811.23712524
2021-05-06,115.02,128.12,110.0,122.92,138398.12610685
2021-05-07,122.98,140.77,110.29,117.95,146357.56538043
2021-05-08,117.95,121.39,111.59,116.49,31464.29201572
2021-05-09,116.65,122.59,110.02,119.33,45835.45996726
2021-05-10,119.43767968,121.99,97.2,104.86,59253.22717553
2021-05-11,104.47,116.69,100.11,115.54,72524.0084232
2021-05-12,115.61,116.44,92.122,94.185,50142.59830401
2021-05-13,93.936,102.05,88.79,96.77,118526.00649987
2021-05-14,96.407,103.73,95.08,100.93,26279.0658075
2021-05-15,100.88,102.03,91.667,92.68,23102.43306799
2021-05-16,92.939,101.5,86.85,93.18,39262.51393433
2021-05-17,93.076,93.076,80.3,85.7,74615.62742435
2021-05-18,86.02,92.338,84.405,87.582,30537.89156196
2021-05-19,87.892,89.1,39.634,55.42,400147.9399923
2021-05-20,55.093,72.031,49.335,71.714,171209.1367968
2021-05-21,71.6981935,72.45,50.124,58.185,139715.73720943
2021-05-22,58.039,58.544,49.498,51.567,32130.81725311
2021-05-23,51.413,54.558,35.818,43.211,129739.91117495
2021-05-24,43.146,54.461,41.509,54.045,104617.21130049
2021-05-25,53.95,59.679,51.115,56.653,83887.42137012
2021-05-26,56.886,63.523,55.192,62.533,40814.47614141
2021-05-27,62.529,66.695,56.811,62.904,43416.29550435
2021-05-28,62.753,63.176,52.354,54.478,33758.94458162
2021-05-29,54.41,56.895,48.0,50.11,36901.947911
2021-05-30,50.178,53.489,46.896,51.564,19770.53106782
2021-05-31,51.475,56.0,49.415,56.0,19709.03924827
2021-06-01,55.907,56.84,52.289,53.933,21023.46723115
2021-06-02,54.0,60.265,52.539,57.751,33088.76939721
2021-06-03,57.69,62.689,57.445,61.289,60159.47555165
2021-06-04,61.13,62.559,53.081,56.246,26910.44675745
2021-06-05,56.333,60.647,54.019,55.73,20958.7113774
2021-06-06,55.629,57.799,55.184,56.651,8168.58962853
2021-06-07,56.80157994,58.332,50.666,51.044,14619.86621001
2021-06-08,51.047,51.957,44.74,48.808,34925.892071
2021-06-09,48.802,51.4,46.008,51.4,21101.01658304
2021-06-10,51.342,55.12,49.724,50.589,28043.11157869
2021-06-11,50.749,51.115,46.657,47.529,18635.13299366
2021-06-12,47.523,47.529,43.964,46.2,9379.81766034
2021-06-13,46.259,49.61798133,44.64,49.289,12923.60328758
2021-06-14,49.292,51.645,48.39,50.761,16172.58887868
2021-06-15,50.799,51.967,49.032,50.168,10256.55297263
2021-06-16,50.0,51.248,47.567,48.604,14781.16350674
2021-06-17,48.694,50.634,47.701,48.748,7484.37835184
2021-06-18,48.581,48.581,44.1,45.325,11023.37698051
2021-06-19,45.214,46.572,44.408,44.577,5946.95060282
2021-06-20,44.582,45.297,40.88,44.762,17114.81530283
2021-06-21,44.762,44.94675521,31.94,32.095,40822.25353831
2021-06-22,32.217,34.472,26.109,30.188,109479.69554429
2021-06-23,30.078,34.984,28.742,33.498,33069.28320671
2021-06-24,33.567,35.472,31.568,34.959,16675.52623508
2021-06-25,35.148,35.995,30.69,31.216,27853.86861576
2021-06-26,31.371,32.629,29.353,31.252,33560.2361547
2021-06-27,31.26,32.512,29.566,31.98,57334.54431416
2021-06-28,31.938,33.383,30.582,33.153,54538.43259326
2021-06-29,33.225,36.924,33.059,35.146,34640.23178087
2021-06-30,35.151,37.84,34.13174009,36.712,43475.97328156
2021-07-01,36.68445944,36.865,33.41,34.166,38633.75901719
2021-07-02,34.181,35.558,33.395,35.511,25119.92941624
2021-07-03,35.518,37.564,34.97,36.34,21621.85420467
2021-07-04,36.294,38.694,35.495,37.508,21934.89027422
2021-07-05,37.482,37.535,35.167,35.943,35316.02521991
2021-07-06,35.956,37.976,35.899,37.006,9008.49210098
2021-07-07,36.879,38.468,36.538,36.927,6114.0819273199995
2021-07-08,37.005,37.021,33.147,33.978,22726.50414239
2021-07-09,33.926,35.167,32.276,34.609,10539.92327764
2021-07-10,34.611,35.393,33.189,34.03,6563.77308883
2021-07-11,34.175,34.726,33.437,34.167,3589.51519285
2021-07-12,34.139,35.247,32.735,33.741,9071.95414242
2021-07-13,33.706,34.154,32.495,33.453,5604.14699881
2021-07-14,33.505,33.592,30.837,32.797,15270.71693256
2021-07-15,32.858,33.24,30.762,31.393,13610.4522272
2021-07-16,31.339,31.933,29.564,29.725,15718.59982655
2021-07-17,29.727,30.336,29.0,29.604,22052.96424793
2021-07-18,29.593,30.748,29.0,29.787,12978.87031938
2021-07-19,29.734,29.855,27.606,27.719,9131.80546641
2021-07-20,27.714,28.205,25.02919823,25.841,21504.59477207
2021-07-21,25.881,28.866,25.274,27.913,35556.49373951
2021-07-22,27.876,29.478,27.391,28.957,19796.084431620002
2021-07-23,28.968,29.75,27.9,29.604,28965.40489914
2021-07-24,29.605,31.3,29.133,30.693,33065.68616
2021-07-25,30.71,31.117,29.574,30.762,19885.94834687
2021-07-26,30.753,35.597,30.581,32.427,78385.25296384
2021-07-27,32.47,34.25,31.421,34.132,32489.86408772
2021-07-28,34.035,34.816,32.956,34.501,63793.46011161
2021-07-29,34.496,35.545,33.538,35.216,15870.73189971
2021-07-30,35.281,42.503,33.614,41.703,146935.92041981
2021-07-31,41.767,48.44778535,40.539,45.706,182178.23284522
2021-08-01,45.777,45.872,41.322,42.186,114469.40882051
2021-08-02,42.134,46.574,41.149,43.491,250495.58164705
2021-08-03,43.395,43.786,40.729,41.407,60561.589153529996
2021-08-04,41.524,44.819,40.8,43.607,36966.26775399
2021-08-05,43.758,44.376,41.417,43.944,71943.81004584
2021-08-06,43.902,45.473,43.013,44.425,63190.43831541
2021-08-07,44.572,48.329,44.06,46.971,70513.51514279
2021-08-08,47.033,48.155,43.886,45.022,52086.48722886
2021-08-09,45.034,46.915,43.52,46.537,29703.59587872
2021-08-10,46.51,47.643,44.5,46.679,37591.57987919
2021-08-11,46.77,50.951,46.77,48.821,55890.36861987
2021-08-12,48.757,52.909,46.336,48.566,38456.52140912
2021-08-13,48.929,56.0,48.027,55.445,46079.17744547
2021-08-14,55.579,57.012,52.756,55.731,54341.73963936
2021-08-15,55.769,59.83,52.7677766,59.014,48316.0285416
2021-08-16,59.0,60.239,55.497,56.547,47247.98485943
2021-08-17,56.382,58.092,51.421,51.954,43650.9290124
2021-08-18,52.111,53.422,48.631,51.653,57324.94076428
2021-08-19,51.765,54.43749672,49.021,54.381,30683.50799347
2021-08-20,54.344,56.694,54.029,56.55,34274.31151376
2021-08-21,56.489,57.413,54.951,55.439,18449.24916027
2021-08-22,55.348,56.938,53.50208207,55.574,27950.18222224
2021-08-23,55.528,61.98,55.009,60.805,93118.11236239
2021-08-24,60.742,62.97003189,54.882,55.63,94241.82939375
2021-08-25,55.591,57.157,52.414,56.381,44756.78502829
2021-08-26,56.52,58.805,51.03,51.305,66214.03515306
2021-08-27,51.46,55.759,49.553,55.422,45973.81855391
2021-08-28,55.468,56.172,53.255,54.622,11903.04174198
2021-08-29,54.612,57.1416439,53.673,54.403,20837.73136511
2021-08-30,54.44,54.522,51.06,51.54783914,16760.28226675
2021-08-31,51.6,54.206,51.001,52.128,12919.22982738
2021-09-01,51.997,55.421,50.3,55.16,32175.77259625
2021-09-02,55.238,56.941,54.365,55.436,24314.60315415
2021-09-03,55.612,59.21,54.054,57.297,49798.61518011
2021-09-04,57.132,58.853,56.95,57.93,44540.81961606
2021-09-05,58.096,66.285,57.461,65.733,96703.70681577
2021-09-06,65.765,66.8,61.29,63.613,83461.71054774
2021-09-07,63.708,64.2521686,43.562,49.827,159523.3031111
2021-09-08,49.863,51.437,44.298,49.083,71995.41205887
2021-09-09,49.163,52.29,48.293,50.61,45086.15336655
2021-09-10,50.63,53.029,46.473,48.108,93121.23605799
2021-09-11,48.198,50.164,47.279,49.002,15621.47652928
2021-09-12,48.998,51.946,47.65,51.616,28530.82048757
2021-09-13,51.574,51.764,45.766,48.462,69230.86358623
2021-09-14,48.393,52.182,47.869,51.76,93110.39683459
2021-09-15,51.771,52.843,50.851,52.773,28239.80597655
2021-09-16,52.793,53.152,49.208,50.654,60769.12638511
2021-09-17,50.637,51.282,48.122,48.722,71690.26894683
2021-09-18,48.789,50.783,48.129,49.671,13906.45037967
2021-09-19,49.641,50.418,47.333,48.134,22072.38688853
2021-09-20,48.116,48.206,40.773584,41.521,63897.5289053
2021-09-21,41.536,42.126,36.62524006,37.443,61106.74579895
2021-09-22,37.46,43.281,36.585,42.993,59668.71075862
2021-09-23,42.971,44.268,41.729,43.813,24248.02725931
2021-09-24,43.948,44.192,37.7,39.85,39262.08680073
2021-09-25,39.73,40.466,38.12548712,39.049,19274.7559869
2021-09-26,38.949,39.791,35.84,38.766,44487.33961222
2021-09-27,38.66,39.95,37.451,37.496,16680.45835352
2021-09-28,37.412,38.106,35.774,35.907,28607.95137048
2021-09-29,35.881,39.016,35.552,37.069,38679.70015787
2021-09-30,37.089,39.276,36.874,39.249,12586.16905952
2021-10-01,39.25,42.431,38.894,42.383,30494.83350521
2021-10-02,42.388,43.607,41.602,42.46982782,17766.06294333
2021-10-03,42.447,46.082,41.389,44.477,35839.32323769
2021-10-04,44.549,45.0,41.408,43.056,19524.36398204
2021-10-05,42.998,47.802,42.883,46.724,56061.39013175
2021-10-06,46.722,47.969,43.628,46.351,57170.72392987
2021-10-07,46.351,47.376,44.906,46.041,22161.66769806
2021-10-08,45.931,48.076,45.458,46.75,15928.62857018
2021-10-09,46.626,49.829,46.266,48.735,51140.250958
2021-10-10,48.727,48.751,45.073,45.345,25853.67929502
2021-10-11,45.232,46.931,43.81031585,45.173,19946.66774744
2021-10-12,45.067,45.067,41.97,44.286,29014.49531932
2021-10-13,44.103,44.965,42.916,44.777,12126.89016567
2021-10-14,44.859,45.947,44.245,44.781,18247.94937721
2021-10-15,44.763,45.626,43.236,44.681,36974.11600982
2021-10-16,44.685,45.583,44.0,44.415,30989.17324884
2021-10-17,44.381,44.781,41.503,43.161,64898.48505604
2021-10-18,43.191,43.6,41.974,42.843,27689.82301818
2021-10-19,42.942,43.792,42.394,42.913,21378.46877458
2021-10-20,42.819,45.882,42.496,45.41,25253.36514666
2021-10-21,45.41,47.434,44.038,45.046,34378.54532831
2021-10-22,45.046,46.037,43.568,44.364,17536.68616885
2021-10-23,44.409,45.146,43.728,44.707,10551.562617130001
2021-10-24,44.735,45.115,42.708,43.851,11205.86364523
2021-10-25,43.769,44.904,43.516,44.558,15655.32698126
2021-10-26,44.555,45.381,43.83,44.318,21889.00795103
2021-10-27,44.358,45.24,37.724,39.253,126626.55405933
2021-10-28,39.303,42.0,39.1,41.346,52606.59669464
2021-10-29,41.345,43.43,41.0,43.43,19007.06010996
2021-10-30,43.43,43.555,41.258,42.567,12315.55005848
2021-10-31,42.626,46.553,42.366,44.72,40623.38411339
2021-11-01,44.76,48.013,42.206,45.201,43602.36922816
2021-11-02,45.21,46.649,44.801,46.429,23409.54833534
2021-11-03,46.503,47.615,44.656,47.007,33318.03250135
2021-11-04,47.024,47.989,45.116,46.452,14600.075612
2021-11-05,46.389,46.472,44.697,45.207,11012.97054401
2021-11-06,45.176,45.73,42.6,45.023,13724.91291419
2021-11-07,44.981,46.358,44.715,46.217,9666.64345297
2021-11-08,46.373,50.781,45.794,50.581,53768.56312565
2021-11-09,50.588,53.471,50.0,52.538,43561.05952747
2021-11-10,52.575,53.157,45.384,48.222,42569.20578419
2021-11-11,48.142,50.059,47.159,48.565,16224.93906736
2021-11-12,48.505,48.96,45.615,47.486,45335.2155676
2021-11-13,47.483,49.787,46.811,49.144,24105.22080941
2021-11-14,49.042,49.452,47.164,48.481,21995.01115968
2021-11-15,48.586,49.212,46.869,47.026,14990.55371527
2021-11-16,46.972,46.972,40.501,42.851,124602.99467089
2021-11-17,42.786,43.541,41.22,43.275,12359.31828505
2021-11-18,43.259,43.605,38.439,39.868,45347.41743369
2021-11-19,39.854,41.756,39.343,41.589,11663.29930843
2021-11-20,41.617,42.365,40.387,42.124,10169.0796136
2021-11-21,42.133,42.831,41.342,41.729,10379.26807799
2021-11-22,41.613,41.912,39.666,40.245,18114.23848903
2021-11-23,40.258,40.692,39.272,40.322,9043.88710523
2021-11-24,40.388,40.692,38.22,39.2,18985.32971474
2021-11-25,39.232,41.594,38.837,41.133,12160.03959181
2021-11-26,41.228,41.293,35.894,37.045,51061.57986469
2021-11-27,37.175,38.493,37.064,37.542,10090.04461951
2021-11-28,37.55,38.046,35.195,38.001,12890.58752429
2021-11-29,38.078,38.608,37.131,38.45,6311.37028438
2021-11-30,38.409,38.992,37.377,37.523,9442.40848737
2021-12-01,37.454,38.413,36.819,37.337,12041.52416879
2021-12-02,37.376,37.376,35.834,36.528,5792.82683544
2021-12-03,36.585,38.29970856,33.89,35.11,26296.23448407
2021-12-04,35.066,35.066,22.593,29.724,106789.3818976
2021-12-05,29.843,30.482,27.275,28.227,41482.6521595
2021-12-06,28.271,29.607,26.07,29.455,30744.98708961
2021-12-07,29.453,30.53,29.115,29.731,18069.53115312
2021-12-08,29.72159815,31.641,29.179,31.127,32906.8657979
2021-12-09,31.176,31.243,27.931,27.931,12560.18392733
2021-12-10,27.988,28.799,26.711,26.853,22243.60419086
2021-12-11,26.752,28.168,26.404,28.012,9583.50659485
2021-12-12,28.053,28.471,27.315,28.16,6303.46388349
2021-12-13,28.197,28.273,24.864,25.34,18859.08005469
2021-12-14,25.3,26.746,24.904,26.342,22153.88590418
2021-12-15,26.329,27.563,24.904,27.176,22632.19825172
2021-12-16,27.159,28.509,26.386,26.428,56047.764611470004
2021-12-17,26.417,27.038,24.801,25.41,42076.72860525
2021-12-18,25.483,26.242,24.962,25.865,8617.46916217
2021-12-19,25.859,26.426,25.267,25.342,8652.50519672
2021-12-20,25.341,25.815,24.075,25.655,21493.13595448
2021-12-21,25.658,26.611,25.416,26.392,16223.72890822
2021-12-22,26.414,27.979,26.257,27.312,24992.02661991
2021-12-23,27.317,29.904,26.993,29.698,30114.25730138
2021-12-24,29.698,29.903,28.663,28.945,12180.19638774
2021-12-25,28.978,30.056,28.849,29.512,14897.72381944
2021-12-26,29.475,29.65975316,28.632,29.554,10759.07726683
2021-12-27,29.654,30.57848069,29.423,29.568,7359.73382261
2021-12-28,29.542,29.542,26.619,27.061,13904.06225187
2021-12-29,27.045,27.258,25.879,26.086,8991.0524255
2021-12-30,26.087,26.757,25.216,26.107,13215.48823879
2021-12-31,26.09005826,26.851,24.983,25.684,22679.64596217
2022-01-01,25.744,26.546,25.744,26.401,5533.24356233
2022-01-02,26.404,27.328,26.085,26.974,13834.47768137
2022-01-03,27.004,27.328,25.971,26.618,16343.35908271
2022-01-04,26.629,26.953,25.902,26.01,14270.16909347
2022-01-05,26.021,27.196,23.556,24.441,54838.24706727
2022-01-06,24.417,24.894,23.642,24.734,40360.87330057
2022-01-07,24.788,24.788,22.745,23.659,62756.75799592
2022-01-08,23.658,24.528,22.528,23.075,47161.39424068
2022-01-09,23.074,24.085,22.938,23.645,22342.38603941
2022-01-10,23.646,24.264,21.842,22.684,49734.65468594
2022-01-11,22.68,23.887,22.567,23.837,33100.29344504
2022-01-12,23.90409857,25.012,23.787,24.75,32939.03072981
2022-01-13,24.74,24.936,23.464,23.489,22013.60050874
2022-01-14,23.55,25.068,23.37,24.864,38198.02797615
2022-01-15,24.869,25.963,24.82090975,25.342,36753.42693421
2022-01-16,25.336,25.437,24.774,25.149,9225.71015548
2022-01-17,25.182,25.22,23.535,23.954,19924.27719741
2022-01-18,23.982,25.838,23.419,25.456,67208.83388868
2022-01-19,25.458,26.121,23.671,23.834,26229.30355088
2022-01-20,23.866,24.691,22.593,22.718,15324.33077511
2022-01-21,22.714,22.949,19.28,19.585,50312.32487342
2022-01-22,19.562,20.066,16.217,17.85,51637.47791057
2022-01-23,17.835,18.941,17.675,18.611,25330.58134535
2022-01-24,18.593,18.593,16.132,18.112,78715.49430814
2022-01-25,18.1,18.38,17.588,18.251,8312.26165669
2022-01-26,18.25,19.823,17.704,18.147,25904.76156231
2022-01-27,18.11,18.474,17.279,18.089,10070.52371256
2022-01-28,18.068,19.103,17.803,19.063,4928.65096103
2022-01-29,19.064,19.632,18.96,19.313,6578.68973507
2022-01-30,19.324,20.197,19.026,19.583,7346.32110677
2022-01-31,19.599,19.793,18.586,19.752,8074.55474969
2022-02-01,19.67,20.475,19.617,19.906,7898.89661302
2022-02-02,19.898,21.614,19.886,20.168,28710.97831187
2022-02-03,20.143,20.414,19.279,20.203,14241.72452289
2022-02-04,20.21,22.499,20.095,22.395,55865.50015942
2022-02-05,22.393,22.978,21.789,22.124,19698.4205118
2022-02-06,22.106,22.621,21.568,22.5763766,6321.35356013
2022-02-07,22.59026121,23.924,22.169,23.767,15082.3356507
2022-02-08,23.8,24.155,21.934,23.055,21963.45755958
2022-02-09,23.071,24.111,22.463,24.046,10704.47314979
2022-02-10,24.033,25.519,23.718,23.82580016,29142.97047096
2022-02-11,23.785,25.727,21.8,22.215,23497.70073509
2022-02-12,22.22,22.377,21.132,21.534,16877.52885282
2022-02-13,21.529,22.218,20.927,21.772,9937.97937629
2022-02-14,21.84,21.84,20.698,21.316,17451.66752196
2022-02-15,21.313,22.78,21.289,22.661,30320.25505506
2022-02-16,22.676,26.046,22.426,25.724,90336.25066171
2022-02-17,25.695,25.859,23.298,23.682,39228.96453764
2022-02-18,23.679,27.099,23.457,26.227,56828.42486154
2022-02-19,26.225,27.35,24.51,24.985,31760.22651666
2022-02-20,24.985,26.256,22.681,23.069,26244.53403538
2022-02-21,23.099,24.198,19.982,20.161,48007.42674871
2022-02-22,20.155,20.80146337,19.3,20.619,21937.14373222
2022-02-23,20.593,21.118,19.355,19.507,21620.47950711
2022-02-24,19.52,21.48436626,16.987,21.378,23602.77779278
2022-02-25,21.296,21.739,19.878,21.534,14070.11883333
2022-02-26,21.511,22.124,20.641,20.981,8372.67778378
2022-02-27,20.986,21.209,19.445,19.897,6938.23608494
2022-02-28,19.865,23.163,19.533,23.105,14638.88880273
2022-03-01,23.129,25.344,23.065,24.226,34755.72649104
2022-03-02,24.259,24.623,23.308,23.994,5836.76662968
2022-03-03,23.958,25.433,22.957,23.585,14410.69413228
2022-03-04,23.563,23.577,21.108,21.56,12668.46232716
2022-03-05,21.54,21.961,20.715,21.782,4201.96975844
2022-03-06,21.741,21.923,20.397,20.512,12997.657869659999
2022-03-07,20.477,21.07,19.519,20.358,6859.55051346
2022-03-08,20.32,20.835,20.12915874,20.52,16697.04741276
2022-03-09,20.559,21.854,20.559,21.333,11401.79269805
2022-03-10,21.319,21.453,19.731,20.708,6618.77971891
2022-03-11,20.674,21.239,19.943,20.059,6108.60573938
2022-03-12,20.03,20.553,19.94,20.029,3086.12708096
2022-03-13,20.018,20.379,18.94833464,19.07713993,6533.45560955
2022-03-14,19.03017312,19.65,18.74,19.626,11836.80344765
2022-03-15,19.64,19.692,18.80471603,19.491,4373.38283849
2022-03-16,19.517,20.818,19.304,20.635,7312.52656522
2022-03-17,20.65442603,21.15,20.487,20.698,3329.38706894
2022-03-18,20.68269081,21.13,20.059,21.093,2776.60612927
2022-03-19,21.097,22.2,21.086,22.095,9938.82154755
2022-03-20,22.064,23.759,21.871,22.671,26759.50625039
2022-03-21,22.743,23.165,21.888,22.621,12331.478399
2022-03-22,22.592,24.03,22.522,23.877,21754.8215372
2022-03-23,23.857,25.066,23.857,24.343,18283.12112311
2022-03-24,24.352,24.503,23.536,24.396,27282.22149529
2022-03-25,24.412,25.298,23.541,24.172,13909.71604995
2022-03-26,24.172,24.783,24.061,24.783,7327.33890858
2022-03-27,24.746,26.381,23.924,26.051,27065.5697476
2022-03-28,26.036,26.966,25.041,25.342,25101.33748829
2022-03-29,25.334,29.338,25.334,26.911,66703.64905917
2022-03-30,26.859,29.403,25.861,28.347,37378.88294859
2022-03-31,28.347,29.6,26.545,26.945,21385.77522468
2022-04-01,26.922,28.2,25.569,28.035,15689.06455642
2022-04-02,28.041,28.832,27.378,27.534,16191.27507745
2022-04-03,27.551,28.633,26.849,28.011,9624.97712406
2022-04-04,28.009,28.02,26.128,27.155,16620.10523756
2022-04-05,27.195,27.424,25.712,25.712,14708.56732255
2022-04-06,25.726,25.726,22.396,22.45,51496.14230661
2022-04-07,22.43436754,23.424,22.2177371,23.282,19202.08231102
2022-04-08,23.25,23.541,21.603,21.868,20072.38865018
2022-04-09,21.852,22.59997607,21.831,22.57061133,12995.46643118
2022-04-10,22.56,22.826,21.53,21.583,16672.48022402
2022-04-11,21.583,21.78004313,19.251,19.693,28280.66343315
2022-04-12,19.714,20.737,19.54780151,20.372,14047.65465997
2022-04-13,20.4,21.355,20.132,21.27720992,17266.66783412
2022-04-14,21.27196148,21.548,20.236,20.6,11408.81097503
2022-04-15,20.608,21.32876954,20.5072192,21.116,13471.35996732
2022-04-16,21.09973005,21.815,20.973,21.58294991,17499.29776244
2022-04-17,21.58294991,22.046,20.407,20.52197417,12460.39345545
2022-04-18,20.5,21.45137967,19.79022285,21.321,22063.3189044
2022-04-19,21.323,22.11802176,21.08106473,22.11802176,12736.67171713
2022-04-20,22.1033401,22.19244376,21.19153566,21.512,11437.57992249
2022-04-21,21.52,22.608,20.464,20.847,23464.11912784
2022-04-22,20.814,21.38673814,20.718,21.06700467,14361.0350268
2022-04-23,21.098,21.45,20.66847128,20.921,12592.2278605
2022-04-24,20.91909912,21.097,20.165,20.215,10815.46364633
2022-04-25,20.204,20.26,18.752,20.028,22491.31845768
2022-04-26,20.04,20.476,18.282,18.567,16154.22566454
2022-04-27,18.584,19.191,18.412,19.026,11476.98751101
2022-04-28,19.026,19.345,18.648,18.85,12162.46513274
2022-04-29,18.837,19.07,17.64431527,17.939,31227.84838201
2022-04-30,17.956,18.624,16.518,16.747,32091.53560102
2022-05-01,16.742,17.816,16.42164288,17.673,22890.94335396
2022-05-02,17.696,18.021,16.946,17.593,24056.07099075
2022-05-03,17.588,18.368,17.153,17.58,13331.81467379
2022-05-04,17.592,19.582,17.525,19.356,31013.69311119
2022-05-05,19.373,19.583,16.797,17.212,29280.3985306
2022-05-06,17.208,17.278,16.519,16.95,16098.78854935
2022-05-07,16.945,17.038,15.93814607,16.331,16164.10667403
2022-05-08,16.361,16.427,15.717,15.906,27098.23662285
2022-05-09,15.924,16.346,13.217,13.302,40167.1211224
2022-05-10,13.345,15.023,12.945,13.873,44477.68553845
2022-05-11,13.845,14.113,10.023,10.492,70438.93296448
2022-05-12,10.597,11.11058534,8.395,9.812,364734.63702257
2022-05-13,9.79150876,11.307,9.6698,10.232,44859.01658414
2022-05-14,10.249,10.764,9.619,10.679,51164.14508269
2022-05-15,10.69,11.025,10.252,11.011,55182.02277751
2022-05-16,11.018,11.018,9.9178,10.214,54360.26652673
2022-05-17,10.256,11.193,10.254,10.965,39581.95652903
2022-05-18,10.982,11.16071981,9.81683624,9.879,37769.20253831
2022-05-19,9.9374,10.623,9.6021,10.518,36607.02967468
2022-05-20,10.509,10.782,9.889,10.136,33833.22682493
2022-05-21,10.13279017,10.622,9.966,10.355,53323.44319685
2022-05-22,10.369,10.947,10.227,10.858,65067.57370016
2022-05-23,10.848,12.626,10.838,11.382,129247.20315898
2022-05-24,11.39,11.413,10.40899224,11.273,61351.21557521
2022-05-25,11.274,11.971,11.259,11.641,77343.27157904
2022-05-26,11.654,12.225,10.111,10.69,67259.15068052
2022-05-27,10.707,11.332,10.168,10.276,52093.44367193
2022-05-28,10.283,10.662,10.118,10.467,68655.94679921
2022-05-29,10.467,10.625,10.114,10.625,78406.86259271001
2022-05-30,10.615,11.837,10.574,11.78,34104.68598523
2022-05-31,11.767,11.888,11.193,11.52706316,31543.23589308
2022-06-01,11.55707728,12.388,10.892,11.143,39316.33817361
2022-06-02,11.139,11.531,10.864,11.42,13122.8096076
2022-06-03,11.391,11.77,10.899,11.191,16016.89565655
2022-06-04,11.158,11.339,10.945,11.311,21527.371912
2022-06-05,11.322,11.963,11.067,11.437,90149.55012914
2022-06-06,11.45586021,13.371,11.45586021,12.165,81383.82468031
2022-06-07,12.153,12.153,11.211,11.85,38702.37596245
2022-06-08,11.859,12.898,11.483,12.037,78759.16342477
2022-06-09,12.065,12.403,11.772,12.036,44125.25553509
2022-06-10,12.039,12.04284547,10.96690669,11.423,57536.88498782
2022-06-11,11.433,11.718,10.51,10.923,64892.63648737
2022-06-12,10.923,13.349,10.065,11.67,244830.22490931
2022-06-13,11.668,12.339,9.4076,9.8557,104143.38789041
2022-06-14,9.8654,9.986,8.9891,9.7178,68849.43592793
2022-06-15,9.7142,10.029,8.4484,10.029,56496.05969398
2022-06-16,9.9918,10.198,8.6805,8.8299,25185.03718505
2022-06-17,8.8487,9.3194,8.7914,9.0459,25636.97427805
2022-06-18,9.0413,9.2324,7.954,8.5349,33985.50635651
2022-06-19,8.5399,9.1914,8.15,9.0959,38710.62162067
2022-06-20,9.077,9.4334,8.6941,9.1409,18798.75443046
2022-06-21,9.129,9.6969,9.0382,9.1474,10422.67626451
2022-06-22,9.1966,9.2514,8.7646,8.8697,17341.1713744
2022-06-23,8.869,9.3821,8.8668,9.294,4552.26792839
2022-06-24,9.29,9.7867,9.2816,9.6589,5954.77424978
2022-06-25,9.6727,9.9006,9.267,9.7585,8781.13680514
2022-06-26,9.7483,10.223,9.4717,9.4998,14437.5229288
2022-06-27,9.4998,9.918,9.4003,9.531,4746.14176429
2022-06-28,9.521,9.6537,8.8775,8.935,8387.9906727
2022-06-29,8.915,9.0401,8.4783,8.622,12664.79529074
2022-06-30,8.6146,8.654,7.9676,8.4529,24273.5113659
2022-07-01,8.4543,8.6589,8.0682,8.209,18946.68201854
2022-07-02,8.2069,8.3507,8.0395,8.2347,4146.29620015
2022-07-03,8.2338,8.3764,8.0339,8.288,8339.70961908
2022-07-04,8.2894,8.652,8.0485,8.6071,5852.93644909
2022-07-05,8.6169,8.6585,8.1013,8.3816,4521.93048496
2022-07-06,8.38,8.5848,8.23,8.5262,7567.71395996
2022-07-07,8.5333,9.3937,8.4666,9.2719,17908.12276231
2022-07-08,9.2723,9.5591,9.0224,9.1299,14554.45149602
2022-07-09,9.1448,9.585,9.1448,9.3746,16513.16204897
2022-07-10,9.3746,9.3868,8.9068,9.2785,23169.32709426
2022-07-11,9.2755,9.2755,8.3069,8.3506,31365.17440731
2022-07-12,8.3506,8.4201,8.0483,8.0704,28016.97593531
2022-07-13,8.0539,8.5643,7.803,8.5643,33994.22590836
2022-07-14,8.562,8.8283,8.1428,8.6979,17467.50518661
2022-07-15,8.6992,9.035,8.6905,8.849,21784.23851339
2022-07-16,8.8464,9.327,8.6709,9.2554,12622.14917686
2022-07-17,9.281,9.6885,9.1288,9.3161,42552.65463827
2022-07-18,9.3209,10.517,9.2925,10.413,46166.0202908
2022-07-19,10.403,10.657,9.9622,10.496,10467.03615644
2022-07-20,10.496,10.714,9.6908,9.741,19498.10463547
2022-07-21,9.7464,9.9202,9.3001,9.871,12772.76032768
2022-07-22,9.871,11.35,9.8048,10.524,37891.20602304
2022-07-23,10.524,11.001,9.73,10.047,17330.82180816
2022-07-24,10.034,10.606,9.9184,10.261,27691.47431316
2022-07-25,10.27,10.41,9.2135,9.2253,36215.89897673
2022-07-26,9.2158,9.2839,8.8263,9.2669,14835.5131828
2022-07-27,9.2739,10.059,9.1066,10.047,14602.50051132
2022-07-28,10.059,11.264,10.059,11.025,37940.40768695
2022-07-29,11.018,12.052,11.012,11.297,41671.52372542
2022-07-30,11.321,11.942,11.067,11.347,33638.47911995
2022-07-31,11.351,11.58,10.891,10.978,26739.21908384
2022-08-01,10.974,11.614,10.954,11.184,38097.89012643
2022-08-02,11.18,11.297,10.534,10.97,11621.02171759
2022-08-03,10.964,11.214,10.615,10.75,7675.30009377
2022-08-04,10.745,11.109,10.599,10.797,10470.52617494
2022-08-05,10.822,11.93,10.796,11.803,17738.348276919998
2022-08-06,11.803,11.803,11.384,11.418,4407.35194491
2022-08-07,11.431,11.64,11.214,11.478,6553.3087968
2022-08-08,11.478,12.067,11.367,11.694,4844.38991423
2022-08-09,11.694,11.761,10.917,11.02,4625.678546
2022-08-10,10.998,11.709,10.758,11.703,8250.93138569
2022-08-11,11.713,12.618,11.681,11.728,17948.59371094
2022-08-12,11.728,12.082,11.577,12.026,8657.83531113
2022-08-13,12.028,12.236,11.88,11.999,5776.53072513
2022-08-14,11.994,12.237,11.418,11.534,18666.29400751
2022-08-15,11.532,11.815,11.042,11.273,5853.96006577
2022-08-16,11.273,11.358,11.04,11.164,4303.14782794
2022-08-17,11.159,11.858,10.85,10.949,11234.06314322
2022-08-18,10.956,11.069,10.261,10.446,26508.26258869
2022-08-19,10.418,10.434,9.3901,9.5454,24868.10525542
2022-08-20,9.5405,9.8599,9.3017,9.5803,3328.92494859
2022-08-21,9.5651,10.003,9.519,9.8854,4758.86264484
2022-08-22,9.8854,9.8855,9.1972,9.6767,5302.26605216
2022-08-23,9.6814,10.038,9.3875,9.9533,4408.50182248
2022-08-24,9.9564,10.307,9.6609,9.9329,8924.45100873
2022-08-25,9.9533,10.246,9.8598,10.004,2514.48225566
2022-08-26,9.9931,10.02,8.9276,9.0092,7252.54259516
2022-08-27,9.0056,9.2341,8.8701,9.1435,2336.46587446
2022-08-28,9.1246,9.3131,8.843,8.8714,4061.08118286
2022-08-29,8.9009,9.4378,8.7818,9.4205,2685.67430155
2022-08-30,9.3901,9.5831,8.94,9.0547,1496.01986998
2022-08-31,9.0794,9.3583,8.9976,9.0352,2004.6496364
2022-09-01,9.0352,9.1753,8.7675,9.1697,8570.61269795
2022-09-02,9.1513,9.3391,8.9485,9.0479,8123.78304064
2022-09-03,9.0292,9.1779,8.977,9.1467,933.35796611
2022-09-04,9.1509,9.5634,9.0868,9.5261,6863.28296639
2022-09-05,9.5404,9.6029,9.0724,9.3469,2641.63227187
2022-09-06,9.3729,9.5565,8.5268,8.5268,11907.8090858
2022-09-07,8.5456,8.9527,8.3377,8.8892,10305.78753629
2022-09-08,8.8843,9.5969,8.7408,9.4679,10851.06746917
2022-09-09,9.4679,9.9286,9.3579,9.9023,22467.61224057
2022-09-10,9.9023,10.082,9.7463,9.9111,9802.44686945
2022-09-11,9.8932,10.022,9.6238,9.8012,8570.65564366
2022-09-12,9.7945,10.289,9.6383,9.914,5833.23932937
2022-09-13,9.8885,9.9533,8.8954,8.9001,25975.52992193
2022-09-14,8.8947,9.1501,8.8532,9.0896,3334.8277405100002
2022-09-15,9.08,9.3353,8.7312,9.1472,10558.75877408
2022-09-16,9.1166,9.2428,8.7523,9.0155,15190.6932559
2022-09-17,9.0155,9.1252,8.8691,9.1065,2275.39522781
2022-09-18,9.0915,9.137,8.1146,8.2418,13508.6820384
2022-09-19,8.2391,8.4446,8.0444,8.3991,3322.3738321299998
2022-09-20,8.4218,8.5234,8.2179,8.3442,4220.24540937
2022-09-21,8.3325,8.7342,7.9663,8.0415,12016.86101312
2022-09-22,8.0648,8.4639,8.0418,8.4419,5772.80851547
2022-09-23,8.4596,8.6474,8.1704,8.5603,4539.9324895
2022-09-24,8.5847,8.7045,8.3697,8.4117,2843.40979888
2022-09-25,8.4112,8.5786,8.1877,8.2833,5179.97241623
2022-09-26,8.2833,8.4147,8.09,8.4038,3667.11781953
2022-09-27,8.4144,9.6385,8.3817,8.8977,27116.06784733
2022-09-28,8.8977,8.9148,8.3399,8.6414,6577.64129683
2022-09-29,8.6414,8.8035,8.4552,8.7754,4123.95093167
2022-09-30,8.8011,8.9669,8.6979,8.8485,3777.86517138
2022-10-01,8.8485,8.9436,8.7173,8.7719,5794.62408643
2022-10-02,8.7758,8.8366,8.5001,8.5204,5898.93678488
2022-10-03,8.5203,8.7872,8.4504,8.7434,7965.48679161
2022-10-04,8.7452,9.0068,8.6874,8.9346,13428.866902830001
2022-10-05,8.9337,8.9683,8.5815,8.753,8962.75184219
2022-10-06,8.754,8.9655,8.5512,8.5717,19337.31097463
2022-10-07,8.5717,8.6005,8.3875,8.4938,29624.323427029998
2022-10-08,8.4935,8.6457,8.4214,8.4982,7311.06072223
2022-10-09,8.4957,8.5738,8.4349,8.5189,4246.71593417
2022-10-10,8.5189,8.6326,8.1618,8.18,10285.42979296
2022-10-11,8.1678,8.1678,7.927,8.0367,19172.17578329
2022-10-12,8.0367,8.1033,7.9738,8.0208,4091.19183729
2022-10-13,8.0208,8.0395,7.3187,7.8865,17324.19590476
2022-10-14,7.8865,8.1411,7.6718,7.7403,2381.14888989
2022-10-15,7.7457,7.8382,7.6624,7.7154,2475.75806929
2022-10-16,7.7154,7.9327,7.7154,7.8839,5711.28671481
2022-10-17,7.8823,8.0577,7.8086,8.0461,2607.146464
2022-10-18,8.0461,8.1176,7.7558,7.9072,5158.35821767
2022-10-19,7.9072,7.9356,7.6039,7.6945,4310.29424656
2022-10-20,7.6945,7.9752,7.6186,7.752,5749.01785105
2022-10-21,7.7497,7.8698,7.5214,7.8542,7239.15389656
2022-10-22,7.8542,8.0558,7.7909,8.0414,6985.8618853
2022-10-23,8.0441,8.6977,7.8784,8.5502,40962.32801404
2022-10-24,8.5502,8.5833,8.1394,8.2251,6955.61332314
2022-10-25,8.2251,8.6625,8.2022,8.5178,3834.00297536
2022-10-26,8.5361,8.6536,8.4486,8.5886,13091.6490668
2022-10-27,8.5886,8.938,8.4025,8.4526,23453.39150444
2022-10-28,8.4526,8.7263,8.3627,8.6418,5929.0107667
2022-10-29,8.6418,8.9969,8.5972,8.8284,16834.50128693
2022-10-30,8.8284,8.9505,8.4902,8.5974,8422.72180617
2022-10-31,8.5978,8.8215,8.4099,8.5279,11686.72372113
2022-11-01,8.5279,8.6008,8.3768,8.4304,1984.07388953
2022-11-02,8.4432,8.5965,8.0833,8.2255,12976.61647917
2022-11-03,8.2255,8.5447,8.1988,8.3641,8459.75530663
2022-11-04,8.3563,9.0366,8.3124,8.9923,17309.82233763
2022-11-05,9.0,9.1948,8.9033,9.0584,15000.188299899999
2022-11-06,9.041,9.1363,8.55,8.5655,17994.72828005
2022-11-07,8.55,8.8141,8.3867,8.6521,2796.31483538
2022-11-08,8.6479,8.7287,6.706,7.4365,51426.57345015
2022-11-09,7.4271,7.4881,6.0063,6.1741,68941.20816685
2022-11-10,6.1401,7.3268,6.1276,7.1561,20130.10665486
2022-11-11,7.1487,7.2013,6.5545,6.797,42621.47982632
2022-11-12,6.8128,6.8217,6.4495,6.5781,2269.11884658
2022-11-13,6.5647,7.4636,6.3,6.6683,204504.14203857
2022-11-14,6.6562,6.8049,6.2004,6.728,46259.36983677
2022-11-15,6.7208,6.9887,6.6585,6.788,6067.90323347
2022-11-16,6.786,6.8681,6.5518,6.6352,3219.75764667
2022-11-17,6.6338,6.7211,6.524,6.5799,1373.8261887
2022-11-18,6.5905,6.7275,6.5596,6.6387,744.34700253
2022-11-19,6.6499,6.8132,6.5614,6.7878,3751.71386122
2022-11-20,6.7848,6.9155,6.4644,6.4771,4268.71752967
2022-11-21,6.457,6.5789,6.291,6.4367,14962.7504565
2022-11-22,6.4211,6.6821,6.2597,6.6404,26498.33324583
2022-11-23,6.6488,7.0577,6.6196,6.9929,51708.58377306
2022-11-24,6.9964,7.0696,6.7963,6.8742,30301.92517791
2022-11-25,6.8711,6.9494,6.684,6.884,4869.11528349
2022-11-26,6.8915,7.0829,6.8879,6.9994,14927.91640713
2022-11-27,6.9938,7.0382,6.8477,6.8477,18906.89770393
2022-11-28,6.8576,6.9271,6.5069,6.6228,21941.18931464
2022-11-29,6.6067,6.787,6.5426,6.6979,20210.84095494
2022-11-30,6.6952,7.0502,6.6952,7.0309,6971.51406012
2022-12-01,7.023,7.044,6.7709,6.8085,11242.63702197
2022-12-02,6.8141,7.0475,6.7162,7.0005,6597.19327779
2022-12-03,7.0039,7.024,6.8057,6.8202,3951.42299375
2022-12-04,6.811,7.0193,6.811,6.9334,4823.9460651
2022-12-05,6.9104,7.074,6.8366,6.948,9518.65705768
2022-12-06,6.9493,7.1782,6.9493,7.1573,31663.49086447
2022-12-07,7.1436,7.1565,6.7185,6.8612,22591.18610626
2022-12-08,6.8724,7.1059,6.8428,7.1031,3111.95831823
2022-12-09,7.0888,7.1632,6.9886,7.0525,2941.70992514
2022-12-10,7.0394,7.4168,7.0393,7.174,17681.53449217
2022-12-11,7.1661,7.4,7.1661,7.2388,8331.71674694
2022-12-12,7.2215,7.5229,7.0476,7.4484,5769.12257956
2022-12-13,7.4626,7.4722,7.098,7.335,5705.08076393
2022-12-14,7.3182,7.3763,6.9629,7.1754,10435.77736579
2022-12-15,7.184,7.3757,7.044,7.2925,3635.13456014
2022-12-16,7.2952,7.4995,6.654,6.7101,15141.51459983
2022-12-17,6.6811,6.7219,6.4197,6.7081,9044.02069306
2022-12-18,6.6918,6.8143,6.6316,6.7425,1756.74304835
2022-12-19,6.7425,6.8276,6.1501,6.3062,4407.63799611
2022-12-20,6.292,6.5925,6.2609,6.5507,3135.42474276
2022-12-21,6.5534,6.5584,6.4049,6.467,3415.66071668
2022-12-22,6.4672,6.5071,6.265,6.4584,3558.08399238
2022-12-23,6.4558,6.5283,6.3999,6.4318,3777.88811077
2022-12-24,6.4326,6.4582,6.3727,6.398,723.25114829
2022-12-25,6.398,6.4217,6.1943,6.2682,1231.36597625
2022-12-26,6.2548,6.3051,6.1799,6.2665,1351.18137843
2022-12-27,6.265,6.3178,6.15,6.198,1137.37965782
2022-12-28,6.2053,6.2369,5.9636,6.0681,6083.6328205
2022-12-29,6.0703,6.223,5.9838,6.1808,4293.04734467
2022-12-30,6.1785,6.19,5.9592,6.1004,5308.38120611
2022-12-31,6.1023,6.2122,6.0946,6.1464,4155.96439846
2023-01-01,6.1347,6.4462,6.1302,6.4001,6849.62202196
2023-01-02,6.3972,6.58,6.3178,6.5317,9572.24547367
2023-01-03,6.5268,6.6147,6.4038,6.4348,4255.43753774
2023-01-04,6.4445,6.6463,6.4122,6.6036,3741.61120518
2023-01-05,6.5917,6.775,6.4866,6.5229,11119.50571478
2023-01-06,6.5264,6.59,6.3084,6.5689,6890.44796933
2023-01-07,6.5747,6.6138,6.5343,6.5679,1699.42898052
2023-01-08,6.5683,6.7904,6.4856,6.7625,3284.96692318
2023-01-09,6.7745,7.15,6.7585,6.8471,66631.93958628
2023-01-10,6.8462,6.9433,6.7163,6.8789,25869.78393911
2023-01-11,6.8755,7.0737,6.6825,7.0402,21588.76992657
2023-01-12,7.0246,7.1992,6.7058,7.1967,16654.27870055
2023-01-13,7.1979,7.56,7.0975,7.4768,8476.27738885
2023-01-14,7.4688,8.1,7.4258,7.6969,52085.57820562
2023-01-15,7.696,7.8419,7.4115,7.75,33640.01752211
2023-01-16,7.757,7.94,7.3471,7.6117,27987.26236329
2023-01-17,7.6116,7.7639,7.5308,7.5968,11171.53595298
2023-01-18,7.6161,7.809,7.0676,7.1835,37314.18008056
2023-01-19,7.1826,7.4904,7.1702,7.4803,5447.44192501
2023-01-20,7.4735,7.9509,7.3773,7.9371,8866.03822155
2023-01-21,7.9523,8.1619,7.8571,7.8691,10624.44467734
2023-01-22,7.8721,8.2154,7.8583,8.0086,8916.34210251
2023-01-23,8.0119,8.1933,7.9425,8.0999,13235.28492359
2023-01-24,8.11,8.4603,7.7072,7.7825,8877.01408685
2023-01-25,7.7915,8.1916,7.5685,8.0361,20464.79584209
2023-01-26,8.0389,8.3711,8.0073,8.2308,11579.97502762
2023-01-27,8.2294,8.4195,7.9647,8.2943,53269.09692526
2023-01-28,8.2993,8.5,8.118,8.2652,12275.15903318
2023-01-29,8.2745,8.5055,8.186,8.4215,8651.64793709
2023-01-30,8.4241,8.49,7.9464,8.0863,66182.25042181001
2023-01-31,8.0863,8.2541,7.9615,8.2155,48053.10809037
2023-02-01,8.2,8.4942,7.868,8.463,26187.65985217
2023-02-02,8.471,9.3506,8.471,8.8653,76094.0675128
2023-02-03,8.8769,9.026,8.7034,8.9832,13180.60705398
2023-02-04,8.962,9.1763,8.8001,8.8694,15441.14185847
2023-02-05,8.8619,9.231,8.4978,8.8814,25030.67697939
2023-02-06,8.8843,8.9435,8.6319,8.7043,7711.20154823
2023-02-07,8.6921,9.1733,8.6671,9.144,8943.64576033
2023-02-08,9.1536,9.3246,8.669,9.1968,11080.51212613
2023-02-09,9.1769,10.379,8.7595,8.9429,58484.47554081
2023-02-10,8.9443,9.7566,8.9117,9.0698,30769.73018024
2023-02-11,9.072,9.072,8.7486,8.94,10120.13763314
2023-02-12,8.9245,9.003,8.4989,8.6016,10553.25432987
2023-02-13,8.608,8.654,8.1211,8.4174,24010.25319056
2023-02-14,8.4171,8.7127,8.2645,8.701,5736.3399461
2023-02-15,8.7063,9.3236,8.6117,9.2848,13945.05543688
2023-02-16,9.2923,9.636,8.8268,8.8284,20848.64940151
2023-02-17,8.8619,9.9387,8.82,9.5817,19089.05513496
2023-02-18,9.6,10.046,9.6,9.7553,25961.23262566
2023-02-19,9.7545,11.26,9.5937,10.421,37228.92405796
2023-02-20,10.438,14.814,10.318,14.593,124593.74996195
2023-02-21,14.611,15.703,13.204,13.386,104804.0521157
2023-02-22,13.459,14.321,12.861,13.568,84210.77498559
2023-02-23,13.526,13.892,12.668,12.815,37806.87125363
2023-02-24,12.755,12.816,11.402,11.652,38888.74126068
2023-02-25,11.66,12.136,11.08,11.403,40657.85713834
2023-02-26,11.391,12.751,11.266,12.485,39352.15106424
2023-02-27,12.471,13.883,12.39,13.258,34599.61522742
2023-02-28,13.231,13.308,11.944,11.992,24791.79269867
2023-03-01,12.009,13.264,11.927,12.781,25167.84781357
2023-03-02,12.757,12.757,11.95,12.346,16248.49561462
2023-03-03,12.365,12.533,10.967,11.675,17331.39476637
2023-03-04,11.75,12.462,11.572,11.987,38120.63106211
2023-03-05,11.973,12.574,11.752,12.074,22051.96976291
2023-03-06,12.05,12.051,11.578,11.784,5398.67567888
2023-03-07,11.834,12.441,11.283,11.567,19112.32264928
2023-03-08,11.553,11.553,10.345,10.512,26184.77432225
2023-03-09,10.524,10.996,9.7162,9.9065,36303.02151516
2023-03-10,9.9099,9.9314,9.1671,9.8408,46468.11381018
2023-03-11,9.827,10.141,9.1143,9.5617,23131.88778538
2023-03-12,9.5751,10.334,9.224,10.281,30085.50138692
2023-03-13,10.333,11.258,10.13,11.101,64890.9140382
2023-03-14,11.113,12.209,10.734,11.559,45592.41788612
2023-03-15,11.564,11.921,10.298,10.435,51549.09676157
2023-03-16,10.442,10.936,10.261,10.88,33044.03503445
2023-03-17,10.88,12.606,10.88,12.606,56805.86995324
2023-03-18,12.559,13.0,11.63,11.815,62981.02304441
2023-03-19,11.843,13.513,11.72,13.283,62066.12044922
2023-03-20,13.299,13.704,12.21,12.26,50627.33208323
2023-03-21,12.296,12.616,11.87,12.465,25073.20259962
2023-03-22,12.424,12.424,11.19,11.614,17460.73026815
2023-03-23,11.614,12.618,11.614,12.569,31105.77749429
2023-03-24,12.574,13.47,12.136,12.372,35751.37954849
2023-03-25,12.438,12.438,11.731,12.061,18125.28461015
2023-03-26,12.08,12.404,11.822,12.322,13836.10087702
2023-03-27,12.332,12.947,11.85,12.568,23392.26434856
2023-03-28,12.573,12.823,12.018,12.711,28807.75595615
2023-03-29,12.701,13.274,12.517,13.229,15810.15202449
2023-03-30,13.207,13.207,12.297,12.494,17403.70285201
2023-03-31,12.513,12.665,12.035,12.602,18052.11347536
2023-04-01,12.605,12.625,12.14,12.436,12561.75241902
2023-04-02,12.441,12.588,11.845,12.115,14160.35227401
2023-04-03,12.119,12.256,11.632,11.962,30838.03121871
2023-04-04,11.98,12.086,11.773,12.029,7178.17170246
2023-04-05,12.011,12.2,11.718,12.067,8961.61286449
2023-04-06,12.019,12.95,11.718,12.389,78686.95216956
2023-04-07,12.404,12.428,11.905,12.143,9141.04393996
2023-04-08,12.197,12.575,12.192,12.27,12794.24535422
2023-04-09,12.301,12.444,11.973,12.213,12954.5335334
2023-04-10,12.189,12.514,11.998,12.463,20963.14131243
2023-04-11,12.451,12.892,12.333,12.513,24424.35314645
2023-04-12,12.512,12.547,11.901,12.214,66332.48081089
2023-04-13,12.197,12.478,12.079,12.463,7808.18756542
2023-04-14,12.445,13.08,12.424,12.938,32222.57198989
2023-04-15,12.912,13.099,12.705,12.968,10502.99918778
2023-04-16,12.956,14.2,12.728,13.568,66528.23156818
2023-04-17,13.647,13.71,12.821,12.935,25733.44362506
2023-04-18,12.926,13.211,12.714,13.06,15217.85040216
2023-04-19,13.015,13.015,11.589,11.83,56924.15628254
2023-04-20,11.855,12.138,11.552,11.74,27369.48108569
2023-04-21,11.756,11.826,10.838,11.006,21378.55189994
2023-04-22,11.026,11.454,10.95,11.443,7689.82804619
2023-04-23,11.409,11.409,10.977,11.285,10405.79730311
2023-04-24,11.303,11.315,10.572,10.853,25756.65986777
2023-04-25,10.834,11.027,10.382,10.952,14344.67855401
2023-04-26,10.937,11.427,10.199,10.76,25988.06593643
2023-04-27,10.739,11.049,10.695,10.862,22041.85371136
2023-04-28,10.868,10.89,10.548,10.834,7607.91219883
2023-04-29,10.792,10.948,10.782,10.887,2691.17977948
2023-04-30,10.899,11.0,10.48,10.658,10331.653934760001
2023-05-01,10.621,10.688,10.14,10.29,11323.69615262
2023-05-02,10.274,10.527,10.162,10.298,25191.73701629
2023-05-03,10.29,10.409,9.8017,10.315,20464.71520461
2023-05-04,10.307,10.307,9.9667,10.078,6835.26632737
2023-05-05,10.079,10.458,10.079,10.457,13893.50722368
2023-05-06,10.405,10.467,9.8101,10.023,7617.98813822
2023-05-07,10.038,10.062,9.8618,9.9126,4150.92818598
2023-05-08,9.8916,9.9421,8.8674,9.1355,17157.96396984
2023-05-09,9.1328,9.4845,9.0524,9.2852,10252.06765254
2023-05-10,9.2604,9.7877,9.2426,9.6866,39984.66373268
2023-05-11,9.6529,9.6657,8.9929,9.1561,36108.57818955
2023-05-12,9.1401,9.1797,8.69,9.1659,13845.5257077
2023-05-13,9.1458,9.1782,9.0192,9.0704,2156.62529409
2023-05-14,9.0537,9.175,8.9336,9.0922,2469.60531447
2023-05-15,9.0978,9.4174,8.9448,9.3242,7734.08292247
2023-05-16,9.3227,9.3801,9.1818,9.3511,1474.0220044
2023-05-17,9.3425,9.5523,9.2959,9.5457,5201.84502232
2023-05-18,9.5079,9.5605,9.3224,9.4668,4681.57258353
2023-05-19,9.435,9.5403,9.3334,9.4896,875.75460848
2023-05-20,9.4745,9.4876,9.3755,9.4156,2260.7953193499998
2023-05-21,9.4346,9.45,9.1274,9.1274,6679.88998454
2023-05-22,9.201,9.9199,9.0496,9.8702,20574.05963195
2023-05-23,9.8728,10.469,9.706,10.185,16380.1109715
2023-05-24,10.151,10.769,10.028,10.555,7954.5312042900005
2023-05-25,10.571,10.747,9.7713,9.9097,6614.80779141
2023-05-26,9.8262,9.8534,9.6355,9.7672,4381.19844233
2023-05-27,9.7767,10.651,9.71,10.651,3734.74230716
2023-05-28,10.623,10.95,10.618,10.875,4153.24956553
2023-05-29,10.899,11.532,10.729,10.843,7379.34521715
2023-05-30,10.826,11.17,10.581,10.717,7083.87221608
2023-05-31,10.728,10.75,10.239,10.538,5477.4229666
2023-06-01,10.498,10.517,10.06,10.104,5906.43489293
2023-06-02,10.096,10.474,9.9403,10.255,5143.05447596
2023-06-03,10.209,10.728,10.209,10.527,3140.1628899400002
2023-06-04,10.505,10.57,10.333,10.358,1006.26764587
2023-06-05,10.369,10.371,9.002,9.2679,27275.67350912
2023-06-06,9.3213,9.708,9.1071,9.708,11117.52248357
2023-06-07,9.6232,9.6232,8.8555,8.9557,3185.97818114
2023-06-08,8.9224,9.1529,8.7661,9.0532,1947.91942387
2023-06-09,9.0297,9.2429,8.9275,8.9855,1342.91651756
2023-06-10,9.0091,9.0091,6.9713,7.6767,29681.24223381
2023-06-11,7.6435,7.85,7.5362,7.7709,1701.37019724
2023-06-12,7.7489,7.8458,7.4408,7.8039,2949.28066432
2023-06-13,7.8538,8.098,7.682,7.8596,3110.7745453899997
2023-06-14,7.8637,7.982,7.3315,7.4693,3979.23140698
2023-06-15,7.4652,7.9871,7.4556,7.8954,4982.73526581
2023-06-16,7.881,7.9136,7.6,7.8523,3012.05607623
2023-06-17,7.8196,8.028,7.7628,7.8259,2193.07074095
2023-06-18,7.7714,7.9339,7.6721,7.6838,1732.13868387
2023-06-19,7.7126,7.8639,7.6496,7.7731,467.32807001000003
2023-06-20,7.7977,8.1507,7.6,8.1162,4896.08659752
2023-06-21,8.1199,9.5423,8.102,8.9489,17097.69732316
2023-06-22,9.13,9.3459,8.5383,8.6155,5007.70962175
2023-06-23,8.5843,9.3599,8.5843,9.1532,10342.77911351
2023-06-24,9.1746,9.343,8.8423,9.1343,2040.26211122
2023-06-25,9.1915,9.3548,9.0194,9.0914,4458.68515063
2023-06-26,9.0914,9.2167,8.6605,8.8694,2819.27389709
2023-06-27,8.8903,9.3,8.833,9.0941,2267.60029604
2023-06-28,9.1111,9.1111,8.2564,8.4301,3376.65353451
2023-06-29,8.4492,8.9803,8.4492,8.7071,3023.16689183
2023-06-30,8.7134,9.8626,8.6247,9.5739,27416.04352431
2023-07-01,9.5907,10.75,9.5907,9.9074,25791.54901505
2023-07-02,9.897,9.897,9.4283,9.6301,6630.1390792
2023-07-03,9.6511,9.6511,9.323,9.4448,22558.58936851
2023-07-04,9.4262,9.8277,9.0539,9.3,7363.58518476
2023-07-05,9.3111,9.3577,8.8509,9.1047,3527.30285895
2023-07-06,9.089,9.5695,8.9423,9.011,23955.7180738
2023-07-07,8.9,9.1742,8.8879,9.0761,3960.3954672
2023-07-08,9.0542,9.1433,8.776,8.9575,5906.62144684
2023-07-09,8.973,9.1175,8.8973,8.9365,8721.90199917
2023-07-10,8.8816,9.0932,8.6705,8.9314,8081.20077029
2023-07-11,8.9627,9.1733,8.8636,9.1611,4479.73429753
2023-07-12,9.1493,9.2104,8.9243,9.1241,3174.54022776
2023-07-13,9.1076,9.6469,8.946,9.6469,4694.80326107
2023-07-14,9.6666,9.81,9.0217,9.2819,5437.86770019
2023-07-15,9.2153,9.4915,9.1629,9.3451,483.43326248
2023-07-16,9.3644,9.3677,9.0694,9.0988,1993.40218875
2023-07-17,9.0756,9.2857,8.8944,9.1166,3272.76771406
2023-07-18,9.1207,9.2106,8.8345,8.9527,948.9235267
2023-07-19,8.9397,9.1394,8.902,8.9465,391.146691
2023-07-20,8.9497,9.3632,8.9262,9.1147,5510.60889675
2023-07-21,9.1122,9.2417,9.0474,9.2225,2070.52811865
2023-07-22,9.1934,9.6925,9.0961,9.1492,5045.58729721
2023-07-23,9.0762,9.1986,9.0521,9.1061,2438.46025392
2023-07-24,9.0764,9.109,8.44,8.7004,26723.18774126
2023-07-25,8.6886,8.7002,8.5685,8.6576,4955.49410575
2023-07-26,8.6867,8.8341,8.419,8.7581,6593.37599101
2023-07-27,8.7264,8.8539,8.6271,8.7635,1890.88694914
2023-07-28,8.7786,8.82,8.6661,8.7904,548.69384542
2023-07-29,8.7731,8.8886,8.7022,8.868,4128.52979868
2023-07-30,8.8228,9.063,8.5548,8.855,9846.36028276
2023-07-31,8.836,8.8791,8.6326,8.7224,935.66001923
2023-08-01,8.6911,8.9443,8.3374,8.8929,10020.86627788
2023-08-02,8.9643,9.0328,8.4992,8.6146,4441.29272129
2023-08-03,8.6062,8.6531,8.4371,8.5025,5628.5124748
2023-08-04,8.4703,8.5485,8.3335,8.42,4198.55270432
2023-08-05,8.407,8.4447,8.268,8.4399,3374.42146824
2023-08-06,8.4305,8.5328,8.3964,8.4717,5730.20581048
2023-08-07,8.4906,8.5735,8.279,8.4139,2735.63055624
2023-08-08,8.4169,8.6482,8.3489,8.5512,1575.49958074
2023-08-09,8.5706,8.5706,8.4167,8.4798,860.02098493
2023-08-10,8.4919,8.53,8.4146,8.4764,769.2391694300001
2023-08-11,8.4834,8.5463,8.4373,8.4846,44.5150354
2023-08-12,8.4979,8.5706,8.4979,8.503,454.72969628
2023-08-13,8.4939,8.5484,8.4191,8.4706,106.19744702
2023-08-14,8.4588,8.6114,8.3937,8.5369,4335.39893763
2023-08-15,8.5603,8.5603,7.84,8.0805,11125.43891619
2023-08-16,8.0578,8.0772,7.563,7.712,92669.5359608
2023-08-17,7.68,7.8077,6.54,6.9243,13762.01218688
2023-08-18,6.9052,7.0542,6.8537,6.9966,10644.07438555
2023-08-19,7.0041,7.1953,6.9796,7.171,5848.16909206
2023-08-20,7.1774,7.2634,7.1313,7.2042,1133.38292663
2023-08-21,7.2191,7.2191,6.9265,7.1019,9641.26863464
2023-08-22,7.1218,7.1218,6.7579,7.037,5323.09235239
2023-08-23,7.068,7.3248,7.0552,7.2472,6938.1698721699995
2023-08-24,7.2849,7.3953,7.0912,7.1459,1033.66916447
2023-08-25,7.1294,7.1941,6.9582,7.1941,2042.42566957
2023-08-26,7.1777,7.235,7.1436,7.2048,9781.94138517
2023-08-27,7.1972,7.3687,7.1257,7.2471,1911.67179107
2023-08-28,7.2281,7.2512,6.9976,7.2304,11231.1453063
2023-08-29,7.2109,7.5394,7.041,7.4808,18866.31023256
2023-08-30,7.4913,7.5043,7.3121,7.4089,21499.28779269
2023-08-31,7.3729,7.4309,6.9767,7.0795,25996.81070617
2023-09-01,7.0911,7.1043,6.8678,6.9514,2333.85727968
2023-09-02,6.9316,6.9885,6.8325,6.9829,6152.7584450800005
2023-09-03,6.969,7.0986,6.9329,7.0286,1004.30290597
2023-09-04,7.0082,7.1845,6.9413,7.0793,2463.9359516
2023-09-05,7.0996,8.0715,7.0914,7.5351,29822.84733723
2023-09-06,7.5121,7.6873,7.2087,7.4296,3966.1544047
2023-09-07,7.4345,7.4692,7.2979,7.4654,560.45604219
2023-09-08,7.4449,7.4895,7.236,7.3907,821.51958404
2023-09-09,7.3765,7.4427,7.242,7.2896,1576.60982647
2023-09-10,7.2885,7.2885,6.89,7.1217,3653.01700526
2023-09-11,7.1314,7.1559,6.844,6.9175,9498.08387489
2023-09-12,6.9241,7.2399,6.9131,7.0521,2583.94497745
2023-09-13,7.0901,7.313,7.0547,7.277,10705.76746656
2023-09-14,7.2775,7.4041,7.2304,7.311,2368.90743113
2023-09-15,7.3001,7.4399,7.236,7.3986,1324.44695454
2023-09-16,7.4419,7.4859,7.2449,7.2929,2328.86147735
2023-09-17,7.28,7.28,7.0624,7.155,2521.43962703
2023-09-18,7.1768,7.5111,7.1055,7.3488,9627.52318798
2023-09-19,7.3313,7.7155,7.3313,7.7025,10521.2530791
2023-09-20,7.7115,7.7494,7.4142,7.5346,3168.43955568
2023-09-21,7.5307,7.6886,7.2702,7.3671,7283.82076784
2023-09-22,7.3846,7.6333,7.3846,7.6294,13000.49554183
2023-09-23,7.5912,7.6964,7.3811,7.4413,4718.08409997
2023-09-24,7.4454,7.4487,7.2433,7.2528,2880.2388053
2023-09-25,7.2592,7.4022,7.2266,7.2715,2228.74413843
2023-09-26,7.2861,7.2861,7.0737,7.2007,1210.186713
2023-09-27,7.2159,7.3501,7.1321,7.1897,2401.3343814
2023-09-28,7.1933,7.3578,7.1846,7.3344,1251.21655575
2023-09-29,7.3258,7.4209,7.252,7.3531,2460.0643153
2023-09-30,7.3474,7.4039,7.2395,7.3466,2628.35019414
2023-10-01,7.3477,7.6754,7.3449,7.6194,1574.04329994
2023-10-02,7.6198,7.6573,7.2101,7.3641,4180.12220434
2023-10-03,7.3501,7.5081,7.1457,7.1855,6518.56139832
2023-10-04,7.1584,7.1845,6.9,7.1602,4440.36131707
2023-10-05,7.1522,7.1712,7.0146,7.0498,2596.79817031
2023-10-06,7.046,7.173,6.9971,7.1387,1335.48067174
2023-10-07,7.127,7.2032,7.1072,7.2032,3713.72299645
2023-10-08,7.2094,7.2277,7.0945,7.1592,953.18890572
2023-10-09,7.1588,7.1657,6.6547,6.877,9779.51492046
2023-10-10,6.877,6.8969,6.7359,6.7865,2031.22211985
2023-10-11,6.7837,6.8105,6.61,6.7271,2852.51013871
2023-10-12,6.7034,6.7805,6.6251,6.7636,3173.05409086
2023-10-13,6.7517,6.8792,6.7318,6.8145,690.46450492
2023-10-14,6.8268,6.9106,6.8239,6.8941,242.41226872000001
2023-10-15,6.8757,6.9471,6.8519,6.8797,7387.56220078
2023-10-16,6.9007,7.5085,6.8908,7.0662,17950.1962264
2023-10-17,7.064,7.0675,6.7493,6.8918,3398.34034011
2023-10-18,6.891,6.9738,6.7355,6.7355,3586.70456427
2023-10-19,6.7338,6.7659,6.4871,6.5914,13591.98890468
2023-10-20,6.6054,6.897,6.5998,6.7876,1996.236357
2023-10-21,6.8184,7.095,6.7869,7.0171,5554.32992467
2023-10-22,7.0113,7.1892,6.9051,7.1847,3727.77260431
2023-10-23,7.199,7.7416,7.1976,7.6837,56007.05553058
2023-10-24,7.7383,8.05,7.427,7.781,21419.05829074
2023-10-25,7.8379,7.9252,7.5411,7.7395,2891.35321769
2023-10-26,7.7876,8.3545,7.4294,8.2986,14485.94524267
2023-10-27,8.3258,9.1862,8.106,8.8114,25895.51652135
2023-10-28,8.829,9.8178,8.829,9.3353,8761.79582317
2023-10-29,9.3291,9.4114,9.0425,9.137,3882.44171174
2023-10-30,9.2893,9.3853,8.915,9.0539,18009.34654319
2023-10-31,9.0421,9.5852,8.4331,9.5531,13695.83519988
2023-11-01,9.5676,10.2,9.13,10.2,11811.16384612
2023-11-02,10.221,10.713,9.3898,9.5294,46559.4176308
2023-11-03,9.5564,10.251,9.0485,10.053,13488.22693946
2023-11-04,10.034,11.529,10.015,11.384,38646.60604588
2023-11-05,11.241,15.464,11.115,13.213,34035.81575491
2023-11-06,13.084,14.166,12.735,13.177,18000.40349927
2023-11-07,13.137,13.286,12.379,12.519,11221.47625502
2023-11-08,12.591,13.164,12.087,13.164,8172.97538325
2023-11-09,13.019,15.1,11.22,12.794,50550.79997883
2023-11-10,12.78,15.0,12.532,13.749,32919.92997162
2023-11-11,13.851,14.325,12.693,12.91,15393.51114201
2023-11-12,12.76,12.76,12.153,12.46,5324.1326622999995
2023-11-13,12.521,12.857,11.513,11.621,6205.52760832
2023-11-14,11.62,11.98,10.941,11.454,12151.89456675
2023-11-15,11.448,12.104,11.297,12.056,7530.92672805
2023-11-16,12.068,12.139,11.209,11.438,2112.94675056
2023-11-17,11.437,11.72,10.575,11.138,13892.0599699
2023-11-18,11.158,11.158,10.473,11.044,1414.60129532
2023-11-19,11.002,11.383,10.786,11.335,1027.37698797
2023-11-20,11.286,11.36,10.917,11.002,1182.34323681
2023-11-21,11.15,11.391,10.094,10.094,6176.51307667
2023-11-22,10.072,10.807,10.072,10.677,4438.90657187
2023-11-23,10.709,11.12,10.605,11.013,8718.12166537
2023-11-24,11.081,11.316,10.943,11.013,2683.03797063
2023-11-25,10.986,11.316,10.986,11.316,3924.86196143
2023-11-26,11.293,11.435,10.7,10.905,3127.53000712
2023-11-27,10.894,10.894,10.47,10.573,980.08059419
2023-11-28,10.725,10.98,10.535,10.9,4514.13810165
2023-11-29,10.876,11.11,10.652,10.82,827.98834847
2023-11-30,10.839,11.222,10.759,11.141,1560.56019402
2023-12-01,11.086,11.239,11.015,11.193,997.08186883
2023-12-02,11.234,12.018,11.21,11.739,8561.33354188
2023-12-03,11.743,12.66,11.7,12.204,50892.23639165
2023-12-04,12.202,12.454,11.6,12.079,13616.11163746
2023-12-05,12.097,12.248,11.781,12.206,11959.10009531
2023-12-06,12.233,12.605,11.61,11.862,14776.3823389
2023-12-07,11.851,12.145,11.673,12.134,10133.42350094
2023-12-08,12.154,12.682,11.98,12.649,10994.93702559
2023-12-09,12.665,13.39,12.652,12.78,14371.0467457
2023-12-10,12.761,13.341,12.6,12.941,4137.87257029
2023-12-11,13.004,13.044,11.024,11.768,12801.04279386
2023-12-12,11.746,12.307,11.729,12.135,4589.95788269
2023-12-13,12.196,12.99,12.027,12.859,32582.66279882
2023-12-14,12.843,13.266,12.397,13.094,8779.71002372
2023-12-15,13.082,13.762,12.741,13.033,20865.97112577
2023-12-16,13.017,13.584,12.87,13.104,8313.98739838
2023-12-17,13.149,13.306,12.608,12.861,6687.97214074
2023-12-18,12.878,13.167,11.767,12.526,7773.90894855
2023-12-19,12.636,12.884,12.423,12.575,5823.61660658
2023-12-20,12.567,14.044,12.481,13.425,9596.06041859
2023-12-21,13.406,14.857,13.352,14.543,17689.59019802
2023-12-22,14.514,14.767,13.705,14.101,8231.59308751
2023-12-23,14.131,14.427,13.612,14.262,2550.8452860400002
2023-12-24,14.261,14.261,13.303,13.662,6083.07049325
2023-12-25,13.69,14.773,13.579,14.569,17361.61779648
2023-12-26,14.544,14.9,12.798,13.733,10464.40010764
2023-12-27,13.76,14.369,13.095,14.369,4800.69637237
2023-12-28,14.328,14.49,13.52,13.721,5764.38663905
2023-12-29,13.65,14.06,13.174,13.847,2492.4798201
2023-12-30,13.816,14.058,13.461,13.488,2994.5063357
2023-12-31,13.532,14.503,13.511,13.98,6828.10207637
2024-01-01,13.999,14.82,13.851,14.246,4937.0489987
2024-01-02,14.19,14.313,13.711,13.897,6095.32004744
2024-01-03,13.922,14.036,10.794,12.413,44430.26573342
2024-01-04,12.402,13.01,12.166,12.902,6071.26390872
2024-01-05,12.875,12.931,11.715,12.273,7204.97788756
2024-01-06,12.258,12.287,11.598,12.073,1909.92729279
2024-01-07,12.052,12.187,11.143,11.272,3054.1402932
2024-01-08,11.303,12.034,10.54,12.011,14042.10977287
2024-01-09,11.996,12.018,11.172,11.607,5297.70014571
2024-01-10,11.599,12.57,11.12,12.306,7449.83810272
2024-01-11,12.503,13.128,12.257,12.949,9439.6093921
2024-01-12,13.093,13.28,11.993,12.331,8978.59250075
2024-01-13,12.329,12.422,11.89,12.328,389.42002597
2024-01-14,12.315,12.504,11.89,11.943,714.7742957
2024-01-15,11.899,12.207,11.863,11.975,2104.31466301
2024-01-16,11.995,12.266,11.862,12.159,13573.59710286
2024-01-17,12.221,12.633,11.749,11.861,1876.4352773800001
2024-01-18,11.945,12.287,11.35,11.535,4525.53779219
2024-01-19,11.507,11.615,10.83,11.486,3622.30988963
2024-01-20,11.457,11.726,11.356,11.695,1217.51262277
2024-01-21,11.701,11.907,11.624,11.624,728.61670294
2024-01-22,11.724,11.743,10.578,10.625,8435.937399
2024-01-23,10.656,10.745,9.85,10.415,23790.30198609
2024-01-24,10.444,10.596,10.243,10.596,1597.25706274
2024-01-25,10.61,10.712,10.327,10.59,6046.44806503
2024-01-26,10.579,11.0,10.484,10.889,2794.65284969
2024-01-27,10.956,11.03,10.81,10.992,815.91836759
2024-01-28,11.02,11.135,10.737,10.841,1023.50049245
2024-01-29,10.755,11.253,10.755,11.24,1670.15187412
2024-01-30,11.192,11.4,11.098,11.123,757.1593921
2024-01-31,11.04,12.106,10.736,10.818,46358.66837235
2024-02-01,10.844,11.302,10.758,11.13,5500.04944377
2024-02-02,11.132,11.233,10.923,11.089,707.26321141
2024-02-03,11.097,11.287,11.012,11.204,9015.62260633
2024-02-04,11.2,11.205,10.818,10.848,3494.40787124
2024-02-05,10.842,11.072,10.642,10.947,1876.25977539
2024-02-06,10.911,11.249,10.904,11.175,2704.06165264
2024-02-07,11.185,11.551,11.115,11.458,2395.98719589
2024-02-08,11.468,11.638,11.444,11.59,1382.70171498
2024-02-09,11.628,11.87,11.561,11.848,8498.40560705
2024-02-10,11.86,11.936,11.562,11.803,5829.46703263
2024-02-11,11.812,11.974,11.649,11.748,807.1034919900001
2024-02-12,11.719,12.185,11.582,12.152,2997.83534421
2024-02-13,12.191,12.219,11.604,11.943,3924.27245045
2024-02-14,11.913,12.263,11.913,12.198,2976.88616866
2024-02-15,12.153,13.619,12.108,13.08,24272.19784475
2024-02-16,13.05,13.335,12.71,12.989,2424.93944205
2024-02-17,12.995,12.995,12.252,12.722,2083.48880965
2024-02-18,12.713,13.053,12.673,12.88,2270.61720781
2024-02-19,12.939,13.04,12.711,12.93,1237.28793881
2024-02-20,13.012,13.012,12.092,12.697,2883.5346995
2024-02-21,12.738,12.738,11.889,12.335,1867.25121754
2024-02-22,12.342,12.725,12.081,12.504,724.94732047
2024-02-23,12.543,12.74,12.115,12.488,1113.28452376
2024-02-24,12.434,12.793,12.254,12.748,2778.35410966
2024-02-25,12.739,12.957,12.568,12.827,2547.98001723
2024-02-26,12.827,13.157,12.416,13.118,2014.4836229
2024-02-27,13.16,13.554,12.909,13.224,11365.30034395
2024-02-28,13.236,14.274,11.792,13.407,16980.34201392
2024-02-29,13.431,15.57,13.431,14.243,8636.47698261
2024-03-01,14.228,16.386,14.148,15.43,18514.148190160002
2024-03-02,15.516,17.02,15.487,16.975,8853.30419914
2024-03-03,16.781,17.516,15.159,16.265,7081.40194625
2024-03-04,16.428,19.19,15.894,18.152,16082.64995002
2024-03-05,17.82,18.915,13.662,16.471,14674.6044986
2024-03-06,16.365,17.217,15.572,17.123,8380.99239838
2024-03-07,17.2,17.751,16.536,17.454,5532.90449864
2024-03-08,17.54,17.853,16.253,17.275,3307.92458579
2024-03-09,17.285,17.578,16.933,17.335,1702.14118735
2024-03-10,17.252,17.7,16.561,16.953,1962.54894438
2024-03-11,16.956,18.2,16.166,18.137,8762.81839063
2024-03-12,18.15,18.155,16.31,17.707,3608.73000219
2024-03-13,17.79,18.445,17.515,18.065,2690.92370141
2024-03-14,18.017,18.165,16.257,17.244,5615.32092839
2024-03-15,17.251,17.472,14.955,16.255,25858.23558184
2024-03-16,16.184,16.256,14.516,14.8,9750.08413738
2024-03-17,14.906,15.549,14.055,15.438,5190.26118736
2024-03-18,15.336,15.507,14.5,14.849,3363.15109146
2024-03-19,14.848,14.946,13.084,13.335,5051.27952961
2024-03-20,13.441,14.748,12.849,14.746,4670.12372586
2024-03-21,14.748,15.174,14.482,14.917,2902.22785549
2024-03-22,14.872,15.08,13.99,14.404,2354.84918623
2024-03-23,14.344,14.9,14.251,14.582,1498.44781272
2024-03-24,14.716,15.226,14.571,15.182,2094.15078017
2024-03-25,15.09,15.947,15.065,15.642,4114.44057945
2024-03-26,15.701,16.42,15.701,16.208,2966.52842297
2024-03-27,16.259,16.512,15.359,15.66,1541.9043724
2024-03-28,15.717,16.303,15.395,16.27,1530.89989754
2024-03-29,16.243,16.956,15.595,16.871,3767.82797228
2024-03-30,16.823,16.823,16.027,16.159,6443.45786804
2024-03-31,16.145,16.7,15.985,16.561,2729.77284594
2024-04-01,16.7,16.768,15.165,15.636,1471.70990034
2024-04-02,15.686,15.686,14.188,14.469,1273.41233971
2024-04-03,14.381,14.772,14.0,14.278,1415.41111877
2024-04-04,14.358,15.187,14.1,14.94,837.21653546
2024-04-05,14.918,15.755,14.563,15.286,1216.60003551
2024-04-06,15.257,15.568,15.094,15.355,164.56919324
2024-04-07,15.4,15.5,15.188,15.391,662.82685066
2024-04-08,15.345,21.877,15.054,21.75,54486.26151147
2024-04-09,21.721,22.45,18.742,18.843,27938.99831224
2024-04-10,19.034,21.999,18.675,21.783,14354.06755072
2024-04-11,21.785,23.782,21.243,22.039,17165.34182746
2024-04-12,21.962,23.462,19.1,19.793,25767.12739637
2024-04-13,19.857,20.586,14.834,16.823,32858.42826249
2024-04-14,16.81,21.092,15.426,21.092,53959.71197726
2024-04-15,20.993,23.326,18.637,20.415,28297.21114509
2024-04-16,20.378,20.535,18.341,19.398,10077.7128199
2024-04-17,19.472,19.837,17.222,17.457,5026.78986236
2024-04-18,17.382,18.783,16.328,18.509,15610.23292492
2024-04-19,18.841,19.974,17.177,18.374,11953.37594253
2024-04-20,18.162,18.97,17.9,18.97,8419.90427498
2024-04-21,18.857,20.2,18.359,19.259,8420.38746025
2024-04-22,19.311,20.28,19.311,19.813,4564.71534102
2024-04-23,20.08,20.61,18.753,18.753,4677.09969118
2024-04-24,18.811,18.922,17.884,18.189,11661.88109651
2024-04-25,18.18,18.185,17.4,17.691,2826.30493498
2024-04-26,17.663,19.05,17.053,18.36,6522.31994819
2024-04-27,18.304,18.305,17.346,17.837,3643.28395004
2024-04-28,17.86,19.215,17.64,18.237,16701.04138801
2024-04-29,18.334,19.214,17.63,19.214,2675.77146563
2024-04-30,19.017,19.5,16.535,17.016,8172.74845206
2024-05-01,16.948,17.074,15.348,16.24,20024.94094987
2024-05-02,16.237,16.304,15.462,15.958,3514.51607745
2024-05-03,15.98,16.943,15.719,16.594,8462.0046181
2024-05-04,16.569,17.199,16.516,16.683,1510.92766355
2024-05-05,16.738,17.085,16.428,16.738,1428.41621027
2024-05-06,16.761,17.271,16.009,16.058,1460.44648414
2024-05-07,16.178,16.299,15.656,15.745,1702.54345513
2024-05-08,15.673,15.785,15.095,15.245,2942.58942705
2024-05-09,15.248,15.639,14.935,15.524,1622.47505235
2024-05-10,15.51,16.095,14.744,14.996,4676.92202938
2024-05-11,14.979,15.355,14.961,15.232,422.49561609
2024-05-12,15.261,15.699,15.261,15.284,153.63313085
2024-05-13,15.297,15.4,14.342,15.115,2328.12349186
2024-05-14,15.059,15.227,14.361,14.418,1603.11129926
2024-05-15,14.465,15.57,14.296,15.47,805.64488718
2024-05-16,15.443,15.6,15.0,15.227,2868.20042998
2024-05-17,15.247,15.771,15.011,15.589,1425.61803235
2024-05-18,15.557,15.834,15.455,15.547,1752.78699913
2024-05-19,15.466,15.604,14.711,14.788,2108.50123809
2024-05-20,14.808,16.506,14.565,16.339,10116.47910748
2024-05-21,16.408,16.585,15.679,15.958,10034.71292886
2024-05-22,15.948,16.045,15.408,15.625,3398.02296308
2024-05-23,15.646,15.773,14.406,15.164,2895.6318891
2024-05-24,15.154,15.374,14.794,15.263,4291.75907407
2024-05-25,15.246,15.559,15.246,15.559,1071.95407484
2024-05-26,15.568,15.636,15.243,15.383,2680.66252342
2024-05-27,15.377,16.102,15.153,15.913,716.30575345
2024-05-28,15.886,15.886,15.206,15.303,1304.93557829
2024-05-29,15.329,15.497,14.888,14.888,1291.2905427800001
2024-05-30,14.879,15.119,14.534,14.781,715.162476
2024-05-31,14.772,14.931,14.364,14.6,1813.06716706
2024-06-01,14.572,14.673,14.473,14.533,832.66424043
2024-06-02,14.55,14.87,14.406,14.492,722.05948933
2024-06-03,14.447,14.978,14.293,14.687,5201.80494191
2024-06-04,14.661,15.063,14.606,15.025,450.40988881
2024-06-05,15.033,15.354,15.004,15.294,3496.5927798000002
2024-06-06,15.307,15.314,14.769,14.92,1051.67744223
2024-06-07,14.863,15.248,12.495,14.103,11858.80618446
2024-06-08,14.063,14.209,13.236,13.405,1637.22591185
2024-06-09,13.388,13.559,13.183,13.487,3285.93279979
2024-06-10,13.506,13.61,13.176,13.408,719.84550235
2024-06-11,13.41,13.443,12.582,12.933,2927.90821886
2024-06-12,12.918,13.832,12.591,13.554,1083.4280585
2024-06-13,13.517,13.721,12.952,13.022,768.73167077
2024-06-14,13.032,13.185,12.187,12.441,2493.5227441
2024-06-15,12.448,12.703,12.354,12.678,1367.50168086
2024-06-16,12.7,12.844,12.526,12.741,211.8906989
2024-06-17,12.702,13.24,11.239,11.829,43356.70883359
2024-06-18,11.777,11.874,10.295,10.999,24981.79766417
2024-06-19,10.998,11.483,10.877,11.24,2960.2287166
2024-06-20,11.251,11.818,11.191,11.295,2230.44960747
2024-06-21,11.303,11.575,11.103,11.363,3476.76613216
2024-06-22,11.344,11.429,11.265,11.341,639.47390141
2024-06-23,11.353,11.491,10.897,10.947,957.15501876
2024-06-24,10.929,11.126,10.549,11.126,3879.49165164
2024-06-25,11.13,11.608,11.103,11.484,1017.34612262
2024-06-26,11.522,11.618,11.199,11.348,1733.18159406
2024-06-27,11.348,11.651,11.242,11.636,1516.1074907299999
2024-06-28,11.62,11.932,11.4,11.4,6999.64820819
2024-06-29,11.41,11.631,11.221,11.226,605.84175621
2024-06-30,11.264,11.653,11.143,11.607,1300.53979805
2024-07-01,11.596,11.715,11.409,11.429,775.67715554
2024-07-02,11.412,11.753,11.385,11.542,2256.23175161
2024-07-03,11.562,11.565,10.91,11.054,2047.60810044
2024-07-04,11.053,11.076,9.6954,9.7626,11402.56144842
2024-07-05,9.6998,9.7009,8.4885,9.4117,14147.570574
2024-07-06,9.4016,10.071,9.3286,10.049,3659.06101107
2024-07-07,10.049,10.053,9.272,9.3215,3959.95295814
2024-07-08,9.3055,9.9104,8.8376,9.6138,11620.092472
2024-07-09,9.6145,9.8792,9.5595,9.8347,6795.12180113
2024-07-10,9.8146,10.086,9.6986,9.8886,3608.88168886
2024-07-11,9.8672,10.365,9.7176,9.7389,10557.77989384
2024-07-12,9.7613,10.026,9.6599,10.021,4817.4677865
2024-07-13,10.014,10.537,9.9834,10.447,5694.30500344
2024-07-14,10.447,11.219,10.441,10.783,24032.593721369998
2024-07-15,10.794,11.448,10.794,11.444,10667.25160509
2024-07-16,11.442,11.509,10.874,11.367,10184.50844505
2024-07-17,11.389,11.995,11.379,11.499,24089.86270309
2024-07-18,11.559,11.974,11.178,11.4,15150.5811116
2024-07-19,11.414,11.855,11.165,11.797,11049.03786328
2024-07-20,11.81,11.936,11.589,11.829,4913.22013278
2024-07-21,11.802,12.122,11.384,12.02,16385.1696442
2024-07-22,12.072,12.136,11.468,11.514,8399.56264959
2024-07-23,11.515,11.719,11.11,11.377,12934.58032315
2024-07-24,11.386,11.819,11.32,11.469,11594.39651344
2024-07-25,11.443,11.466,10.714,11.118,18393.45300371
2024-07-26,11.102,11.691,11.099,11.642,4649.17765011
2024-07-27,11.673,11.918,11.623,11.782,3737.76048746
2024-07-28,11.718,11.781,11.426,11.525,2314.96191953
2024-07-29,11.563,12.0,11.529,11.559,1363.33704268
2024-07-30,11.596,11.676,11.233,11.399,1164.40850869
2024-07-31,11.373,11.525,10.967,10.967,993.5923223
2024-08-01,10.936,10.972,10.0,10.68,3734.78394071
2024-08-02,10.7,10.7,9.9308,10.093,9191.21010393
2024-08-03,10.152,10.179,9.4125,9.6061,3481.58069899
2024-08-04,9.5804,9.7451,8.9348,9.1843,3883.03024261
2024-08-05,9.1698,9.2422,7.5825,8.561,35972.43892232
2024-08-06,8.6428,9.1095,8.6428,8.9319,3387.37688516
2024-08-07,8.9575,9.2176,8.6894,8.8631,4449.76566019
2024-08-08,8.9011,9.7535,8.7658,9.7284,1961.96753826
2024-08-09,9.6734,9.7379,9.4842,9.631,1103.90624283
2024-08-10,9.6568,9.8944,9.5202,9.8651,1264.0307279
2024-08-11,9.8802,10.024,9.2695,9.3777,2881.92328646
2024-08-12,9.3536,9.7971,9.263,9.578,9011.02609947
2024-08-13,9.5871,9.8988,9.3249,9.7948,2536.71288896
2024-08-14,9.8049,10.145,9.5686,9.6433,9692.8987686
2024-08-15,9.6561,9.7442,9.0898,9.2373,6792.13304962
2024-08-16,9.2586,9.3936,9.042,9.2986,1061.29758672
2024-08-17,9.3084,9.3609,9.2556,9.291,741.9061127
2024-08-18,9.2821,9.49,9.1951,9.2493,1105.37867756
2024-08-19,9.2085,10.0,9.1903,9.7738,33514.47703717
2024-08-20,9.7563,10.608,9.7563,10.197,14055.93375316
2024-08-21,10.161,10.329,9.8989,10.244,4693.71451476
2024-08-22,10.249,10.395,10.083,10.395,4381.45207032
2024-08-23,10.386,11.159,10.386,11.02,10999.98657004
2024-08-24,11.043,11.189,10.805,10.912,735.62223053
2024-08-25,10.932,10.949,10.448,10.75,3520.62680979
2024-08-26,10.783,10.82,10.35,10.394,837.16308365
2024-08-27,10.42,10.635,9.6591,9.7946,3604.6111479
2024-08-28,9.7268,10.046,9.4653,9.7503,1877.09732294
2024-08-29,9.7075,10.098,9.5876,9.9848,2082.11156479
2024-08-30,9.984,10.346,9.618,10.235,8638.84424443
2024-08-31,10.292,10.445,9.8164,9.8781,615.73377736
2024-09-01,9.8795,9.8795,9.1946,9.2345,7993.04347996
2024-09-02,9.2271,9.8041,9.2271,9.7281,611.20765232
2024-09-03,9.7379,9.9747,9.3651,9.366,986.2323684
2024-09-04,9.4112,9.7189,8.9899,9.6226,6545.26625736
2024-09-05,9.6411,9.72,9.3267,9.3923,1035.19896859
2024-09-06,9.3622,9.5455,8.7108,8.9834,1665.17156922
2024-09-07,9.0013,9.3064,9.0013,9.112,1092.92446562
2024-09-08,9.0886,9.4336,9.0886,9.3602,306.41362991
2024-09-09,9.38,9.6054,9.3261,9.4959,1378.32170258
2024-09-10,9.5155,9.6816,9.2799,9.6302,1177.22518646
2024-09-11,9.6073,9.6267,9.1853,9.4838,3816.44940577
2024-09-12,9.5001,9.686,9.3395,9.686,2040.83645866
2024-09-13,9.6611,9.8604,9.4496,9.7746,851.98446526
2024-09-14,9.8179,9.8207,9.5914,9.6549,626.03596874
2024-09-15,9.6794,9.7179,9.2271,9.306,9330.02358834
2024-09-16,9.3155,9.3965,9.0499,9.22,2464.32088556
2024-09-17,9.1891,9.5397,9.0951,9.2886,1503.87005427
2024-09-18,9.2683,9.5269,6.51,9.5269,7999.13352678
2024-09-19,9.565,9.8389,9.565,9.7675,2632.03147909
2024-09-20,9.7748,10.271,9.7254,10.133,11803.427453
2024-09-21,10.098,10.594,10.098,10.402,6731.63840032
2024-09-22,10.4,10.401,9.8178,10.104,1743.12736075
2024-09-23,10.108,10.282,9.985,10.086,3320.51733316
2024-09-24,10.108,10.653,9.981,10.608,5901.1118204
2024-09-25,10.522,10.634,10.294,10.364,1518.07515745
2024-09-26,10.385,10.963,10.143,10.954,3911.73915359
2024-09-27,10.98,11.183,10.93,10.96,5309.52089008
2024-09-28,10.981,11.22,10.709,10.899,972.49243786
2024-09-29,10.884,10.958,10.68,10.845,882.46540489
2024-09-30,10.82,11.697,10.52,10.635,17622.11642401
2024-10-01,10.596,10.894,9.51,9.8563,11143.89430441
2024-10-02,9.8445,10.448,9.5883,9.6765,18869.12428056
2024-10-03,9.671,9.8384,9.3721,9.6881,3732.30692575
2024-10-04,9.6567,10.004,9.5587,9.9768,2352.63427769
2024-10-05,9.9955,10.084,9.791,9.9465,964.41854714
2024-10-06,9.9531,10.343,9.9344,10.343,3600.05481615
2024-10-07,10.37,10.601,10.2,10.232,2209.93520264
2024-10-08,10.179,10.546,10.064,10.26,3703.59744817
2024-10-09,10.325,10.431,9.8913,9.9918,1478.09560953
2024-10-10,10.0,10.346,9.9019,10.151,2412.48004882
2024-10-11,10.182,10.682,10.182,10.677,1553.77167686
2024-10-12,10.721,11.008,10.604,10.62,2343.07717952
2024-10-13,10.669,10.669,10.247,10.403,751.16791122
2024-10-14,10.382,10.9,10.292,10.83,964.66140167
2024-10-15,10.881,10.896,10.375,10.694,1100.55859586
2024-10-16,10.68,10.811,10.499,10.65,1464.01153799
2024-10-17,10.678,10.708,10.271,10.358,784.43185084
2024-10-18,10.385,10.571,10.34,10.571,888.1215626000001
2024-10-19,10.561,10.771,10.494,10.628,446.70092773
2024-10-20,10.658,10.984,10.503,10.973,3598.93253939
2024-10-21,10.985,11.074,10.495,10.604,4706.39537033
2024-10-22,10.602,10.678,10.348,10.464,659.38506913
2024-10-23,10.494,10.494,9.91,10.1,3561.45917014
2024-10-24,10.071,10.214,9.9427,10.14,638.55075606
2024-10-25,10.159,10.171,9.135,9.4101,4716.70218143
2024-10-26,9.3567,9.5492,9.2491,9.4068,1239.77274412
2024-10-27,9.4341,9.6237,9.3965,9.5628,385.00007207
2024-10-28,9.5837,9.7256,9.3333,9.6978,552.95568901
2024-10-29,9.7012,10.252,9.7012,10.213,519.13587184
2024-10-30,10.224,10.298,10.026,10.05,352.21355587
2024-10-31,10.066,10.066,9.4323,9.5262,11249.90492925
2024-11-01,9.496,9.6187,9.236,9.3548,4625.38342391
2024-11-02,9.3847,9.4936,9.1962,9.257,316.59007183
2024-11-03,9.2966,9.3093,8.8409,9.0636,9305.84225282
2024-11-04,9.0065,9.15,8.6327,8.8321,1949.57531212
2024-11-05,8.9039,9.3069,8.8831,9.2521,11785.26075059
2024-11-06,9.2702,10.074,9.2702,10.033,7046.38355935
2024-11-07,10.001,10.387,10.001,10.33,4974.84189927
2024-11-08,10.33,10.419,10.089,10.341,3647.8917610900003
2024-11-09,10.315,10.661,10.12,10.657,1387.99992738
2024-11-10,10.602,11.907,10.498,11.479,12738.43268078
2024-11-11,11.498,12.388,11.378,12.388,12783.137631
2024-11-12,12.324,12.622,11.07,11.499,7488.82031823
2024-11-13,11.491,11.695,10.661,11.246,5868.64028934
2024-11-14,11.418,11.937,10.752,11.073,4397.88673988
2024-11-15,11.095,11.621,10.825,11.621,9663.83864786
2024-11-16,11.598,13.113,11.562,12.916,12328.12218932
2024-11-17,12.803,13.394,11.846,12.072,6559.99710506
2024-11-18,12.067,13.093,12.022,12.981,5498.20591629
2024-11-19,12.87,13.847,12.483,12.786,3386.00155045
2024-11-20,12.792,12.792,12.051,12.444,1857.00397427
2024-11-21,12.377,13.98,11.916,13.231,16567.12124636
2024-11-22,13.249,13.764,12.946,13.764,15433.80396415
2024-11-23,13.778,15.177,13.71,14.384,15212.608470269999
2024-11-24,14.372,16.01,13.681,15.376,17432.83332361
2024-11-25,15.301,15.448,14.089,14.266,8744.82936927
2024-11-26,14.341,14.674,13.284,14.132,3836.68247544
2024-11-27,14.055,15.126,13.859,15.126,11331.19172644
2024-11-28,15.042,15.325,14.397,14.828,2099.66376503
2024-11-29,14.819,15.949,14.446,15.866,6118.9496133
2024-11-30,15.622,16.327,15.501,16.009,10952.01873471
2024-12-01,16.066,16.538,15.479,16.372,5551.35193238
2024-12-02,16.359,18.843,15.765,18.054,23765.69525455
2024-12-03,18.059,26.331,17.85,26.0,43767.14708296
2024-12-04,25.663,25.715,21.357,21.871,19805.4156919
2024-12-05,21.809,22.285,20.061,21.114,11899.6867626
2024-12-06,21.105,21.658,19.867,21.54,7885.5330412
2024-12-07,21.319,22.326,20.901,21.31,3644.30975136
2024-12-08,21.068,21.513,20.416,21.353,2222.26607124
2024-12-09,21.28,21.466,14.877,17.221,39744.63712877
2024-12-10,17.169,19.8,15.31,16.892,32252.7912188
2024-12-11,16.863,18.6,16.086,18.232,19018.05232575
2024-12-12,18.169,19.642,18.1,18.441,13045.57869264
2024-12-13,18.53,19.055,17.946,18.68,9021.15070345
2024-12-14,18.672,18.86,17.361,17.839,4962.44623763
2024-12-15,17.791,18.533,17.253,18.423,4290.48218527
2024-12-16,18.4,18.865,17.343,17.977,5913.10134495
2024-12-17,17.826,18.3,16.943,17.186,6331.46119644
2024-12-18,17.167,17.286,15.216,15.468,11223.89752276
2024-12-19,15.469,15.786,13.668,14.075,18865.78291856
2024-12-20,14.146,14.795,12.585,14.609,28770.13279857
2024-12-21,14.664,15.457,13.586,13.762,12083.02703538
2024-12-22,13.648,14.634,13.501,13.914,7323.53055205
2024-12-23,13.947,15.058,13.58,14.872,3694.37804284
2024-12-24,14.955,15.744,14.565,15.367,9004.99868243
2024-12-25,15.318,15.588,14.743,14.828,5400.9796233
2024-12-26,14.84,14.923,13.702,13.938,3899.16211919
2024-12-27,13.819,14.548,13.819,13.936,4526.85139087
2024-12-28,13.976,14.818,13.907,14.764,9330.81872737
2024-12-29,14.642,14.67,13.825,14.036,3751.11951019
2024-12-30,13.981,14.352,13.522,13.956,3727.64952764
2024-12-31,13.806,14.184,13.439,13.574,2798.87698021
2025-01-01,13.658,14.687,13.309,14.455,9439.40526075
2025-01-02,14.361,14.837,14.361,14.629,3912.76150384
2025-01-03,14.588,16.367,14.446,16.13,15442.99078058
2025-01-04,16.162,16.384,15.743,15.894,4505.22567314
2025-01-05,15.894,16.072,15.627,15.962,2015.75509167
2025-01-06,15.924,17.095,15.698,16.492,9468.13099148
2025-01-07,16.408,16.45,14.704,14.843,8875.33966639
2025-01-08,14.769,14.976,13.815,14.625,14124.17607925
2025-01-09,14.544,15.298,14.359,14.886,21440.1335254
2025-01-10,14.923,15.49,14.459,15.191,12641.03049249
2025-01-11,15.116,15.907,14.768,15.289,7886.57872937
2025-01-12,15.297,15.399,14.525,14.825,3705.39348534
2025-01-13,14.682,15.918,13.282,14.393,16842.97978895
2025-01-14,14.394,15.065,14.288,14.926,8157.56944906
2025-01-15,14.843,16.291,14.759,16.176,9791.79313716
2025-01-16,16.132,16.7,15.877,16.179,4460.90876397
2025-01-17,16.201,17.245,16.201,17.015,12440.61033351
2025-01-18,16.972,16.987,15.5,15.808,7895.12841876
2025-01-19,15.732,16.039,13.975,14.17,25487.88232185
2025-01-20,14.069,15.702,13.75,14.411,20311.54085492
2025-01-21,14.403,15.139,13.786,14.582,15649.56644495
2025-01-22,14.572,14.773,14.142,14.222,3467.69459877
2025-01-23,14.164,14.331,13.644,14.127,5555.32710137
2025-01-24,14.127,14.486,13.699,13.772,3844.65719865
2025-01-25,13.736,14.044,13.548,14.009,1207.53555629
2025-01-26,14.008,14.389,13.651,13.694,5521.10068211
2025-01-27,13.614,13.754,12.48,13.6,24060.97674379
2025-01-28,13.7,13.748,12.587,12.703,6364.5677208
2025-01-29,12.623,13.529,12.621,13.128,5257.84258555
2025-01-30,13.047,14.27,12.949,13.809,8899.79158397
2025-01-31,13.903,15.097,13.559,14.342,26906.81379029
2025-02-01,14.355,15.393,13.378,13.527,47807.62632039
2025-02-02,13.477,13.735,10.735,11.392,35092.58083863
2025-02-03,11.374,11.768,8.777,11.653,123791.66592338
2025-02-04,11.65,11.967,10.66,11.099,52588.5342608
2025-02-05,11.056,11.328,10.652,10.764,15434.22487206
2025-02-06,10.776,11.127,10.272,10.373,34066.21581704
2025-02-07,10.454,11.0,10.054,10.446,14710.55925118
2025-02-08,10.409,10.843,10.266,10.794,6058.50467326
2025-02-09,10.77,11.049,10.058,10.517,16512.6549852
2025-02-10,10.539,11.095,10.251,10.98,14212.49012124
2025-02-11,11.129,11.622,10.845,10.906,15127.51560433
2025-02-12,10.866,11.82,10.607,11.622,19738.62749646
2025-02-13,11.664,11.71,11.172,11.348,8272.73903351
2025-02-14,11.448,11.725,11.231,11.441,6190.88499673
2025-02-15,11.464,11.557,10.915,11.023,3573.22247624
2025-02-16,11.04,11.295,10.837,10.892,4949.13833448
2025-02-17,10.914,11.278,10.64,10.927,5147.99993044
2025-02-18,10.938,10.938,10.143,10.483,7363.57329735
2025-02-19,10.509,10.739,10.386,10.635,2211.97340983
2025-02-20,10.664,10.998,10.661,10.995,2082.98642437
2025-02-21,10.939,11.296,10.3,10.458,5740.03530904
2025-02-22,10.417,10.865,10.406,10.81,1973.0151380500001
2025-02-23,10.799,10.869,10.455,10.628,5890.7043384
2025-02-24,10.628,10.686,9.2863,9.4222,17787.46013002
2025-02-25,9.472,9.6381,8.9184,9.5852,38640.1618126
2025-02-26,9.601,9.7077,9.1337,9.4944,15325.59854801
2025-02-27,9.5072,9.8079,9.3594,9.5587,6052.56941675
2025-02-28,9.5504,9.7005,8.7333,9.6231,28989.380238
2025-03-01,9.615,9.7006,9.3126,9.6248,3877.34146266
2025-03-02,9.6169,10.438,9.3704,10.303,21375.2284611
2025-03-03,10.424,10.424,8.611,8.7821,52716.20633781
2025-03-04,8.7435,8.8573,8.1534,8.7812,62860.93963678
2025-03-05,8.7498,9.2285,8.6953,9.2285,10171.30075534
2025-03-06,9.1916,9.372,8.9333,9.0025,15532.59969106
2025-03-07,9.0107,9.2829,8.551,8.8934,13947.47160754
2025-03-08,8.8956,8.9612,8.6452,8.7625,2819.88769703
2025-03-09,8.7987,8.7988,7.8798,7.9375,10703.31964605
2025-03-10,7.9781,8.4001,7.3952,7.4502,10176.11464677
2025-03-11,7.4511,7.9537,6.9543,7.7391,50579.44318165
2025-03-12,7.7467,8.0706,7.5196,7.9427,21221.46203073
2025-03-13,7.935,8.0008,7.5106,7.7116,14157.70898313
2025-03-14,7.7076,8.1537,7.6871,8.0225,9404.29614025
2025-03-15,8.002,8.2223,7.9628,8.1902,3125.24476038
2025-03-16,8.1882,8.2435,7.7549,7.7769,5702.73771598
2025-03-17,7.8052,8.4478,7.8052,8.1953,19348.55260266
2025-03-18,8.1836,8.3932,7.8632,8.383,10636.50063431
2025-03-19,8.3771,8.774,8.3287,8.5678,49135.63884819
2025-03-20,8.5671,8.6296,8.2069,8.2561,10468.50543345
2025-03-21,8.2703,8.3223,8.0184,8.0778,6677.39252199
2025-03-22,8.0716,8.2566,8.0522,8.1007,2697.77872015
2025-03-23,8.1228,8.1944,7.9542,8.1154,1863.37793364
2025-03-24,8.0947,8.4581,7.9916,8.2227,67116.94838366
2025-03-25,8.1905,8.2186,7.8858,8.0148,26926.28295513
2025-03-26,7.9973,8.034,7.6281,7.7147,27340.24489299
2025-03-27,7.7034,7.8191,7.3605,7.4284,33117.61942118
2025-03-28,7.4271,7.4402,6.6558,6.8018,74655.47306229
2025-03-29,6.802,6.8217,6.3248,6.422,71079.44787647
2025-03-30,6.4223,6.5047,5.8683,5.9237,100736.68219097
2025-03-31,5.9248,5.9488,4.5206,5.3165,361572.21370087
2025-04-01,5.3361,5.7917,5.1837,5.5069,187446.74068426
2025-04-02,5.5014,5.5288,4.402,4.6077,347489.21648014
2025-04-03,4.5978,4.8244,4.4579,4.7417,243139.19861175
2025-04-04,4.7732,4.9592,4.5254,4.8382,156584.43652222
2025-04-05,4.8468,4.8833,4.6493,4.7534,33241.75606345
2025-04-06,4.755,5.1443,4.673,4.7308,162273.24746018
2025-04-07,4.7392,5.0159,4.3044,4.7904,191202.96654109
2025-04-08,4.7989,5.2717,4.7502,5.175,184528.48365722
2025-04-09,5.1573,5.932,5.1325,5.5984,272827.50692658
2025-04-10,5.5922,5.9187,5.2271,5.2836,114190.92069441
2025-04-11,5.2941,5.6183,5.172,5.5029,40817.73600826
2025-04-12,5.4918,5.6711,5.3297,5.589,72222.73850076
2025-04-13,5.5862,5.8431,5.164,5.2574,63273.43415292
2025-04-14,5.2562,5.4278,5.1958,5.2295,17592.28839398
2025-04-15,5.1701,5.4327,5.0737,5.3301,12866.81866487
2025-04-16,5.3134,5.6365,5.2437,5.5254,54843.74100631
2025-04-17,5.5174,5.543,5.334,5.467,12893.97297004
2025-04-18,5.4369,5.6334,5.2912,5.5195,13102.32077599
2025-04-19,5.2863,5.8,5.2862,5.6036,6964.60412307
2025-04-20,5.6033,5.7873,5.4698,5.568,7046.02705695
2025-04-21,5.5485,5.7492,5.4952,5.5154,14426.43903028
2025-04-22,5.4958,5.9115,5.3236,5.848,30565.73964228
2025-04-23,5.8424,6.0982,5.8069,6.041,19267.17289932
2025-04-24,6.0599,6.2754,5.862,6.2754,50388.8447998
2025-04-25,6.2699,6.5822,6.2433,6.4628,55279.86084176
2025-04-26,6.4899,6.5615,6.254,6.4532,11642.82745651
2025-04-27,6.4367,6.6531,6.188,6.2025,47682.58223207
2025-04-28,6.1931,6.4086,5.9964,6.3095,11551.70297818
2025-04-29,6.3164,6.3469,6.054,6.1179,14654.16790467
2025-04-30,6.118,6.2164,5.8043,6.0525,13083.53961134
2025-05-01,6.0723,6.2618,6.0206,6.1977,4834.24068243
2025-05-02,6.2195,6.2819,6.1315,6.1658,2712.36519844
2025-05-03,6.1658,6.1712,5.7816,5.8532,9505.39021052
2025-05-04,5.8444,5.8852,5.5596,5.6339,4701.29558525
2025-05-05,5.6308,5.8191,5.6048,5.7167,4758.60674538
2025-05-06,5.7052,5.7296,5.15,5.386,94213.79289321
2025-05-07,5.3746,5.6899,5.3744,5.6634,23041.77306193
2025-05-08,5.666,6.353,5.6551,6.3005,79182.67431354
2025-05-09,6.3131,6.6935,6.2695,6.55,34280.042555859996
2025-05-10,6.629,7.1367,6.4973,7.1324,33106.61731715
2025-05-11,7.1207,7.6406,6.8348,7.1,85103.79364924
2025-05-12,7.0851,8.32,6.9096,7.3091,129452.1275783
2025-05-13,7.2975,7.5029,6.9351,7.3936,59553.73951869
2025-05-14,7.3952,7.4708,6.994,7.0509,23689.73587622
2025-05-15,7.0208,7.1132,6.5561,6.7,44093.97198506
2025-05-16,6.7017,6.8731,6.5713,6.6187,16677.15392777
2025-05-17,6.652,6.652,6.3204,6.4474,41584.08330907
2025-05-18,6.4458,6.8178,6.27,6.7098,24407.35312121
2025-05-19,6.6777,6.6981,6.1407,6.485,18901.12168693
2025-05-20,6.4984,6.6162,6.3183,6.5549,7876.33977389
2025-05-21,6.583,6.7622,6.3836,6.6802,18804.61782213
2025-05-22,6.6716,7.1284,6.6716,7.0398,26612.88163646
2025-05-23,7.0177,7.1792,6.434,6.4644,29936.14693403
2025-05-24,6.4433,6.6285,6.4433,6.4631,12893.7911723
2025-05-25,6.4852,6.5337,6.2288,6.5118,10592.01770294
2025-05-26,6.4918,6.6561,6.455,6.4879,13619.60195511
2025-05-27,6.4495,6.7621,6.3491,6.6543,9955.93469021
2025-05-28,6.628,6.7595,6.4147,6.5496,5192.33467352
2025-05-29,6.5399,6.7124,6.4211,6.4211,10177.16072748
2025-05-30,6.4316,6.4643,5.7852,5.7852,26114.22675584
2025-05-31,5.8002,5.9484,5.5238,5.8902,18681.41372491
2025-06-01,5.8876,5.9797,5.7502,5.9797,1793.03023651
2025-06-02,5.9643,6.1505,5.8191,6.1505,2578.44623416
2025-06-03,6.1638,6.2562,6.0959,6.1695,3459.66090066
2025-06-04,6.3388,6.3388,5.9531,6.0125,1759.00299337
2025-06-05,5.9806,6.1068,5.5517,5.6789,4756.4544947
2025-06-06,5.6772,5.9903,5.6462,5.8196,4612.7148049200005
2025-06-07,5.8212,6.0989,5.8212,6.0709,983.2007592
2025-06-08,5.994,6.053,5.9319,5.9454,2454.54306041
2025-06-09,5.9766,6.3123,5.8014,6.2746,1006.45986612
2025-06-10,6.314,6.4742,6.1998,6.4512,15484.03304233
2025-06-11,6.4278,6.4569,6.16,6.199,3149.16573993
2025-06-12,6.1955,6.2163,5.8126,5.8126,848.69147455
2025-06-13,5.8112,5.8112,5.4165,5.69,10318.81505093
2025-06-14,5.7416,5.7786,5.4505,5.5676,1705.26445851
2025-06-15,5.5975,5.6093,5.4514,5.5669,722.1087583
2025-06-16,5.5688,5.8989,5.5469,5.6813,3870.97986959
2025-06-17,5.6274,5.7235,5.3642,5.4387,2266.17289504
2025-06-18,5.4338,5.5542,5.2614,5.5179,3149.7337036
2025-06-19,5.5512,5.6561,5.49,5.5956,1163.42900905
2025-06-20,5.5997,5.71,5.3,5.3695,2116.23352911
2025-06-21,5.4431,5.4646,5.0031,5.0941,4039.1780283
2025-06-22,5.1541,5.199,4.7529,4.9937,5694.57806856
2025-06-23,5.0307,5.6112,5.0307,5.5868,9336.99177823
2025-06-24,5.5664,5.6846,5.542,5.6383,3519.20872529
2025-06-25,5.6383,5.6492,5.44,5.4656,1447.24069186
2025-06-26,5.5456,5.551,5.33,5.3474,1078.12559876
2025-06-27,5.3674,5.3989,5.2452,5.3772,1262.97344626
2025-06-28,5.3807,5.4884,5.3198,5.4564,145.62055246
2025-06-29,5.511,5.7804,5.4492,5.6966,2126.24675234
2025-06-30,5.7011,5.7011,5.4037,5.4665,3979.37271797
2025-07-01,5.4359,5.441,5.2146,5.2366,7582.24295148
2025-07-02,5.2286,5.809,5.2286,5.6916,7141.08089942
2025-07-03,5.7234,5.814,5.627,5.6996,11904.62375442
2025-07-04,5.6892,5.7003,5.3646,5.404,7581.32986751
2025-07-05,5.3982,5.4081,5.3,5.3,608.14352844
2025-07-06,5.3997,5.5177,5.3784,5.4739,1961.56532841
2025-07-07,5.4535,5.529,5.3656,5.4024,5292.23164661
2025-07-08,5.4084,5.557,5.364,5.5306,12480.8423158
2025-07-09,5.5001,5.9475,5.4944,5.9062,41329.1951936
2025-07-10,5.9246,6.2682,5.8262,6.1802,47027.69853449
2025-07-11,6.2304,6.4218,6.0362,6.1217,14200.11125993
2025-07-12,6.0922,6.3616,6.0,6.1395,5197.6363980900005
2025-07-13,6.1402,6.3989,6.1402,6.2713,8597.20950133
2025-07-14,6.3412,6.6585,6.2512,6.349,3939.66614218
2025-07-15,6.2375,6.5252,6.1275,6.5252,1581.42862503
2025-07-16,6.5172,6.8007,6.4561,6.6379,2874.65683292
2025-07-17,6.6588,6.8175,6.4258,6.7987,2677.53024766
2025-07-18,6.791,7.3,6.7231,6.8705,7546.77302875
2025-07-19,6.8984,7.192,6.688,7.1407,8129.68464863
2025-07-20,7.1612,7.9,7.0789,7.513,24826.02049145
2025-07-21,7.5194,7.6443,7.2999,7.4279,16880.83638878
2025-07-22,7.4708,7.4708,7.023,7.3224,5110.47210258
2025-07-23,7.2722,7.2722,6.5,6.6886,7457.20412282
2025-07-24,6.6757,6.794,6.2721,6.5146,1313.05324661
2025-07-25,6.4774,6.5714,6.3096,6.5596,2337.16187946
2025-07-26,6.5785,6.7464,6.53,6.6385,534.9460133
2025-07-27,6.595,6.8568,6.5878,6.7866,3547.4894685599998
2025-07-28,6.88,6.9486,6.3617,6.398,5715.17770167
2025-07-29,6.4131,6.8159,6.2929,6.4893,24736.06356337
2025-07-30,6.5101,6.5101,6.0032,6.31,62045.02799652
2025-07-31,6.3509,6.5343,6.0,6.0,34178.09005969
2025-08-01,6.0129,6.029,5.6063,5.7761,22807.9224282
2025-08-02,5.7865,5.8571,5.5755,5.6725,2083.26646837
2025-08-03,5.609,5.8668,5.5974,5.8176,954.23169819
2025-08-04,5.9562,6.0969,5.8605,6.0595,2405.72898248
2025-08-05,6.14,6.2048,5.8255,5.9268,1033.00156217
2025-08-06,5.8537,6.0436,5.7758,6.0086,443.75196565000005
2025-08-07,5.9541,6.3271,5.9541,6.3257,13615.25139864
2025-08-08,6.3174,6.4829,6.2139,6.4585,184209.34164931
2025-08-09,6.486,6.6736,6.4491,6.5946,16657.18596709
2025-08-10,6.5969,6.7,6.3452,6.5247,3846.08656116
2025-08-11,6.5088,6.6639,6.1721,6.2335,6625.38895132
2025-08-12,6.2251,6.6687,6.1129,6.6217,14492.33370695
2025-08-13,6.62,6.8239,6.5265,6.8239,7789.85079445
2025-08-14,6.7972,6.8611,6.1016,6.2135,38086.10105579
2025-08-15,6.2156,6.3615,5.99,6.1823,13904.75916202
2025-08-16,6.1811,6.3783,6.1792,6.3442,34277.57615533
2025-08-17,6.3477,6.5134,6.2963,6.329,44724.00800858
2025-08-18,6.3331,6.3453,5.995,6.0929,26913.54318933
2025-08-19,6.0869,6.1642,5.86,5.86,29042.03859548
2025-08-20,5.9217,6.5628,5.9183,6.3321,17362.84613586
2025-08-21,6.3154,6.9998,6.3001,6.6741,60771.46090639
2025-08-22,6.5939,7.2205,6.4693,7.0331,13698.13451839
2025-08-23,7.0376,7.5311,7.0376,7.2217,5772.80728568
2025-08-24,7.2583,8.48,6.91,7.7727,39916.37774701
2025-08-25,7.8232,8.54,7.1339,7.3113,35274.30029864
2025-08-26,7.2227,7.2227,6.862,7.0501,29590.29586902
2025-08-27,7.0291,7.2912,6.8997,7.0905,6185.07839022
2025-08-28,7.0529,7.1749,6.9157,7.1381,5438.46959441
2025-08-29,7.1255,7.2334,6.5572,6.6785,13684.0963057
2025-08-30,6.6794,7.1906,6.6639,6.9417,13336.82839134
2025-08-31,6.931,7.0156,6.6907,6.6907,5894.16790657
2025-09-01,6.7005,6.7858,6.3238,6.4464,13478.261143
2025-09-02,6.4483,6.6883,6.419,6.5833,15102.9512863
2025-09-03,6.5689,6.7029,6.4615,6.6044,3974.09636451
2025-09-04,6.6469,6.6469,6.3416,6.4222,6041.62046942
2025-09-05,6.4497,6.6311,6.4031,6.4941,14662.51891113
2025-09-06,6.5035,6.5275,6.4256,6.4645,685.35654654
2025-09-07,6.4901,6.6694,6.4901,6.6694,2761.43748773
2025-09-08,6.634,6.7474,6.5768,6.6699,2859.75003895
2025-09-09,6.7049,6.7934,6.5039,6.579,2865.6499713
2025-09-10,6.543,6.7515,6.5345,6.6842,2892.71114467
2025-09-11,6.6815,6.7407,6.6096,6.7324,1861.79181715
2025-09-12,6.7416,6.8398,6.6635,6.8396,1644.46773306
2025-09-13,6.8471,6.9537,6.7943,6.9257,2588.98223955
2025-09-14,6.9313,6.9313,6.7111,6.7423,5015.7540463099995
2025-09-15,6.7571,6.824,6.4207,6.5453,3922.88313483
2025-09-16,6.5352,6.696,6.491,6.6534,3516.68566258
2025-09-17,6.6515,6.8233,6.4608,6.7865,5443.09111542
2025-09-18,6.808,6.8287,6.707,6.7805,1237.01181763
2025-09-19,6.7948,6.8665,6.543,6.5935,2412.24068367
2025-09-20,6.6078,6.7095,6.566,6.621,667.25051976
2025-09-21,6.6217,6.6444,6.4625,6.5035,388.56165082
2025-09-22,6.45,6.45,5.778,6.0075,51319.34217556
2025-09-23,6.0058,6.0354,5.8728,5.9307,2974.49193261
2025-09-24,5.9781,6.0687,5.802,5.959,4041.84915646
2025-09-25,5.9539,5.9539,5.5102,5.5896,4099.2989553
2025-09-26,5.6014,5.7607,5.5619,5.7131,573.53901445
2025-09-27,5.7437,5.7461,5.6506,5.6681,544.0626784899999
2025-09-28,5.6965,5.8531,5.5445,5.8376,561.18547891
2025-09-29,5.8305,5.8443,5.6712,5.8021,608.03082923
2025-09-30,5.7618,5.8043,5.6142,5.7682,521.44904022
2025-10-01,5.7906,6.1115,5.7438,6.0831,4972.54151339
2025-10-02,6.073,6.3595,6.0535,6.2779,24783.70393247
2025-10-03,6.2594,6.4775,6.1788,6.3788,14131.80635752
2025-10-04,6.3951,6.4605,6.1014,6.2123,7456.12453603
2025-10-05,6.2075,6.5334,6.1901,6.2287,7315.78469194
2025-10-06,6.1877,6.4542,6.1877,6.3583,4474.05009703
2025-10-07,6.3633,6.3633,5.9586,6.0731,6349.53671109
2025-10-08,6.1633,6.4079,6.0802,6.319,12103.44452346
2025-10-09,6.3023,6.3601,5.95,6.0942,3831.50878851
2025-10-10,6.1105,6.5169,3.7382,4.3715,133842.74233534
2025-10-11,4.4635,4.7243,4.3021,4.4732,32540.23589979
2025-10-12,4.4879,5.2098,4.3923,5.0966,18953.01306727
2025-10-13,5.1269,5.639,5.0668,5.5944,27694.06189334
2025-10-14,5.5797,5.6294,5.138,5.45,14144.61288919
2025-10-15,5.4456,5.587,5.1711,5.2435,1151.50397772
2025-10-16,5.2376,5.34,5.0096,5.066,3568.02039328
2025-10-17,5.1083,5.1529,4.732,5.0457,2986.52051519
2025-10-18,5.1014,5.204,5.0034,5.0598,4556.19618605
2025-10-19,5.0492,5.31,5.0137,5.1625,1140.63607797
2025-10-20,5.1475,5.28,5.1134,5.2233,8416.47500387
2025-10-21,5.2053,5.4269,4.9754,5.072,12225.63693617
2025-10-22,5.0869,5.1422,4.8404,4.9936,26299.28976575
2025-10-23,5.0029,5.228,5.001,5.1409,26077.27339359
2025-10-24,5.1572,5.2116,5.0764,5.1808,23227.28680058
2025-10-25,5.1789,5.197,5.0933,5.1842,22480.00950393
2025-10-26,5.175,5.3705,5.14,5.3654,9301.19970034
2025-10-27,5.3647,5.41,5.2076,5.2603,2805.67722984
2025-10-28,5.2561,5.3318,5.0281,5.1513,887.81314572
2025-10-29,5.1124,5.2508,5.0797,5.1545,8747.46325865
2025-10-30,5.1648,5.3063,4.7212,4.8884,5675.18301027
2025-10-31,4.8901,5.0151,4.8797,4.9699,1280.06208009
2025-11-01,5.0049,5.2967,4.972,5.2716,10488.71698748
2025-11-02,5.249,5.3792,5.1048,5.2931,9481.89420476
2025-11-03,5.2821,5.2866,4.623,4.8698,54978.206208
2025-11-04,4.8889,5.116,4.4911,4.808,36490.67095632
2025-11-05,4.7788,5.0086,4.5487,4.9423,18683.35650256
2025-11-06,4.9254,4.9301,4.6623,4.8415,8499.27297607
2025-11-07,4.8694,5.91,4.8614,5.7701,16468.91482201
2025-11-08,5.8007,5.8875,5.3324,5.4711,6873.5664801
2025-11-09,5.4527,5.5589,5.2563,5.4268,4934.92962952
2025-11-10,5.5044,5.5161,5.2572,5.3907,22045.73102633
2025-11-11,5.4099,5.4971,5.0729,5.073,11494.794456239999
2025-11-12,5.0703,5.2599,4.8969,5.0055,13220.91670447
2025-11-13,5.0115,5.151,4.7,4.8492,9335.8991589
2025-11-14,4.8319,4.896,4.6645,4.7556,17812.81840646
2025-11-15,4.7616,4.9499,4.7607,4.8617,874.78776234
2025-11-16,4.8134,4.8657,4.555,4.6647,17342.89855782
2025-11-17,4.6864,4.8354,4.5343,4.6916,13558.11834439
2025-11-18,4.6738,4.8338,4.6131,4.7664,14288.02947213
2025-11-19,4.7763,4.7871,4.4487,4.6524,18556.93100814
2025-11-20,4.6075,4.7287,4.3542,4.4823,8640.06125089
2025-11-21,4.5032,4.5356,4.0,4.174,15835.21944934
2025-11-22,4.1643,5.74,4.0331,4.1649,162733.21674629
2025-11-23,4.113,4.2512,4.1099,4.1469,82950.90374651
2025-11-24,4.1532,4.4446,4.1196,4.3252,4972.25298854
2025-11-25,4.3262,4.3712,4.213,4.3232,2155.01290381
2025-11-26,4.35,4.47,4.2501,4.3958,1510.67577255
2025-11-27,4.3657,4.45,4.3556,4.3832,418.5469988
2025-11-28,4.3983,4.5379,4.3327,4.4218,5105.32774358
2025-11-29,4.4072,4.4621,4.3431,4.3746,1973.63880983
2025-11-30,4.341,4.3684,4.2529,4.2529,3453.32126616
2025-12-01,4.2768,4.3022,3.9401,4.0464,13589.8576795
2025-12-02,4.0392,4.3462,3.9978,4.3462,10898.97929075
2025-12-03,4.283,4.3872,4.1932,4.342,2947.55554731
2025-12-04,4.3429,4.3572,4.1358,4.1979,11683.76622222
2025-12-05,4.1862,4.3,4.0706,4.1352,8291.57669027
2025-12-06,4.1496,4.2262,4.1038,4.1402,1828.43529949
2025-12-07,4.1614,4.1743,3.95,4.0676,5893.3633043
2025-12-08,4.0427,4.1762,4.0427,4.1394,2340.1726483400003
2025-12-09,4.1,4.4198,4.0649,4.349,3951.6162199
2025-12-10,4.3393,4.3417,4.1926,4.1926,7004.80188733
2025-12-11,4.1858,4.2278,4.05,4.1622,10597.09867762
2025-12-12,4.1693,4.2295,3.95,4.0495,14926.4347265
2025-12-13,4.0616,4.1359,4.0563,4.0715,1546.83507289
2025-12-14,4.0594,4.0864,3.8721,3.9222,2649.44617535
2025-12-15,3.9197,4.0254,3.6551,3.7244,9848.97332977
2025-12-16,3.7091,3.8284,3.6822,3.775,3764.36845784
2025-12-17,3.7891,3.8437,3.5745,3.634,1352.4338509
2025-12-18,3.6103,3.7035,3.4294,3.5208,4252.69434371
2025-12-19,3.495,3.6422,3.4482,3.6076,4024.62816536
2025-12-20,3.6025,3.663,3.5988,3.6418,5410.83568385
2025-12-21,3.6186,3.6441,3.4629,3.5203,1171.73381711
2025-12-22,3.5299,3.6752,3.5259,3.6001,2563.91450555
2025-12-23,3.5775,3.5931,3.4989,3.5853,3110.1229418
2025-12-24,3.557,3.5881,3.4842,3.5787,3618.45199946
2025-12-25,3.5799,3.6688,3.5286,3.5945,3508.6291045
2025-12-26,3.52,3.6745,3.52,3.5569,3951.3547684
2025-12-27,3.5634,3.7562,3.5457,3.7562,3563.31514318
2025-12-28,3.7574,3.8569,3.69,3.7355,6910.16138467
2025-12-29,3.7112,3.9113,3.6855,3.7472,11001.39425033
2025-12-30,3.7791,3.8581,3.6872,3.7786,5242.21149624
2025-12-31,3.7527,3.8416,3.495,3.5102,9867.45845259
2026-01-01,3.5248,3.7385,3.5248,3.6749,2395.37586471
2026-01-02,3.6724,3.8497,3.6222,3.8442,6478.22399466
2026-01-03,3.8374,3.9051,3.7301,3.8197,1590.95551648
2026-01-04,3.8293,4.0235,3.8142,3.9064,1197.73860675
2026-01-05,3.9417,4.1665,3.8496,4.0199,2729.30033461
2026-01-06,4.0727,4.1842,3.8932,4.1034,881.22120248
2026-01-07,4.0589,4.1696,4.0014,4.0381,208.48265435
2026-01-08,3.9919,4.1706,3.8774,3.9874,1768.98947786
2026-01-09,3.9971,4.0424,3.9248,3.9487,804.17827548
2026-01-10,3.9513,4.0175,3.9148,3.9764,373.35587791
2026-01-11,3.9577,3.9873,3.8413,3.8718,803.77156202
2026-01-12,3.8737,3.9154,3.7188,3.7331,1904.32057818
2026-01-13,3.7166,4.0411,3.6953,4.0142,6150.51420476
2026-01-14,4.0056,4.1334,3.9651,4.0163,2691.20193007
2026-01-15,4.0017,4.0191,3.823,3.8497,5100.2618142
2026-01-16,3.8258,3.9226,3.745,3.9144,9140.84832418
2026-01-17,3.9173,4.1107,3.9173,4.0497,5642.39260248
2026-01-18,4.0619,4.1024,3.8835,3.8835,12480.22008619
2026-01-19,3.8755,3.92,3.5555,3.7652,17653.23183528
2026-01-20,3.7841,3.8316,3.6023,3.6236,5907.09860172
2026-01-21,3.626,3.7785,3.5216,3.6451,11931.51392493
2026-01-22,3.69,3.7578,3.5903,3.6489,14589.44491077
2026-01-23,3.6563,3.7671,3.6342,3.6703,4488.69503589
2026-01-24,3.6565,3.6778,3.6398,3.6398,185.82335183
2026-01-25,3.6331,3.655,3.4,3.4753,8605.61792441
2026-01-26,3.4821,3.583,3.4652,3.5725,4332.22399213
2026-01-27,3.5729,3.7496,3.4822,3.5901,6141.79380563
2026-01-28,3.5751,3.584,3.5344,3.5634,388.69137704
2026-01-29,3.5436,3.5638,3.289,3.3454,2752.9317478899998
2026-01-30,3.3524,3.398,3.2568,3.3377,3001.15075507
2026-01-31,3.3388,3.3545,2.7917,3.0404,5978.7882605
2026-02-01,3.0494,3.1751,3.0227,3.1396,5984.89521319
2026-02-02,3.1554,3.3482,3.0368,3.2746,9020.48062517
2026-02-03,3.2725,3.3032,3.0602,3.1908,7105.19873953
2026-02-04,3.1973,3.2671,3.055,3.1314,7552.74105362
2026-02-05,3.1316,3.1465,2.6647,2.6789,26415.97397258
2026-02-06,2.6911,3.0,2.4189,2.9189,14816.37453085
2026-02-07,2.9138,2.9265,2.7588,2.7889,2320.78083629
2026-02-08,2.7994,2.8248,2.7266,2.7266,774.7139837
2026-02-09,2.7429,2.7923,2.664,2.7155,2078.08662986
2026-02-10,2.7084,2.7084,2.5941,2.6311,7177.28001256
2026-02-11,2.6381,2.7637,2.5612,2.6663,2429.70509845
2026-02-12,2.6716,2.7858,2.6583,2.7206,5437.4573187000005
2026-02-13,2.7225,2.8737,2.7225,2.863,1960.57285304
2026-02-14,2.8523,2.9604,2.8431,2.9585,648.3909542800001
2026-02-15,2.9655,2.9712,2.7985,2.8277,1378.36710145
2026-02-16,2.8286,2.9114,2.8002,2.867,2871.78746689
2026-02-17,2.867,2.8798,2.7743,2.805,3534.69876668
2026-02-18,2.8116,2.8589,2.7,2.7178,4670.50306492
2026-02-19,2.7216,2.7433,2.6519,2.6747,4233.09962393
2026-02-20,2.6884,2.7854,2.6814,2.7765,911.22212537
2026-02-21,2.7841,2.8061,2.7542,2.7562,784.43537629
2026-02-22,2.7537,2.7537,2.6678,2.6833,453.12048796
2026-02-23,2.6733,2.6814,2.5699,2.6659,1099.3147655
2026-02-24,2.6677,2.6867,2.5803,2.6062,1123.22313345
2026-02-25,2.6043,2.8911,2.6043,2.7957,3825.51594151
2026-02-26,2.8013,2.8526,2.7334,2.7873,1195.44192295
2026-02-27,2.775,2.86,2.6906,2.7272,1662.35580594
2026-02-28,2.7305,2.7429,2.5321,2.719,2570.90134861
2026-03-01,2.7332,2.8224,2.5516,2.5788,2201.00726735
2026-03-02,2.5917,2.7382,2.5784,2.6811,2127.18334679
2026-03-03,2.67,2.67,2.53,2.57,5350.54052881
2026-03-04,2.5836,2.762,2.544,2.6888,11562.13078785
2026-03-05,2.6732,2.6822,2.5737,2.6023,3120.69388516
2026-03-06,2.616,2.6375,2.52,2.5416,2123.95383525
2026-03-07,2.5555,2.556,2.4757,2.505,9547.91426845
2026-03-08,2.497,2.5151,2.45,2.4649,7789.78714401
2026-03-09,2.4685,2.5435,2.4685,2.4786,1399.14582509
2026-03-10,2.492,2.58,2.492,2.5167,2794.99657909
2026-03-11,2.5207,2.6117,2.5191,2.5999,1506.74758625
2026-03-12,2.5978,2.6518,2.5404,2.6406,1750.9539612
2026-03-13,2.6556,2.7022,2.6386,2.6789,3351.7038070500003
2026-03-14,2.6742,2.6742,2.5556,2.5556,258.10274842
2026-03-15,2.5857,3.3,2.5837,2.9207,22466.76922531
2026-03-16,2.9006,2.9414,2.7728,2.831,10202.34769387
2026-03-17,2.8563,2.8958,2.7692,2.8788,2765.3184437
2026-03-18,2.8972,2.8972,2.6998,2.717,3508.3698651
2026-03-19,2.718,2.8658,2.6938,2.7137,1617.13381947
2026-03-20,2.7235,2.7676,2.7,2.7609,1285.10116443
2026-03-21,2.7493,2.7572,2.6255,2.6255,634.57926119
2026-03-22,2.6236,2.6605,2.5812,2.6203,1213.30573002
2026-03-23,2.6,2.7298,2.5938,2.7045,2416.86824502
2026-03-24,2.7084,2.8789,2.6823,2.8035,2025.45644144
2026-03-25,2.8094,2.8673,2.7716,2.8439,285.67888669
2026-03-26,2.7756,2.8068,2.644,2.6725,526.00931549
2026-03-27,2.6779,2.6997,2.5769,2.6047,1751.70460121
2026-03-28,2.6047,2.6474,2.5748,2.6062,1026.7551247
2026-03-29,2.5871,2.595,2.5627,2.5627,294.12861343
2026-03-30,2.5627,2.6848,2.5546,2.6313,1568.29791844
2026-03-31,2.6183,2.7154,2.5549,2.6987,1726.6336166400001
2026-04-01,2.6934,2.8279,2.6799,2.7661,868.40968802
2026-04-02,2.7972,2.8075,2.6551,2.6786,1687.28875876
2026-04-03,2.6683,2.9093,2.6683,2.8418,3142.0514136
2026-04-04,2.8437,2.8808,2.789,2.7926,1175.53371779
2026-04-05,2.8093,2.8125,2.7457,2.7858,397.18122197
2026-04-06,2.7919,2.8444,2.7717,2.7717,664.75089124
2026-04-07,2.7663,2.8463,2.7284,2.8458,1261.38848509
2026-04-08,2.8519,2.8738,2.7764,2.7955,1416.9459358000001
2026-04-09,2.7787,2.815,2.7744,2.7795,360.99647441999997
2026-04-10,2.7922,2.9927,2.7917,2.8653,6394.95208098
2026-04-11,2.86,2.9171,2.8388,2.896,2630.75905597
2026-04-12,2.896,2.896,2.7313,2.7313,1455.31059804
2026-04-13,2.7439,2.8614,2.7331,2.8576,1496.20334001
2026-04-14,2.8689,2.8712,2.8092,2.838,1289.15308056
2026-04-15,2.8386,2.8943,2.8012,2.884,3081.62292246
2026-04-16,2.8997,2.9999,2.884,2.9999,2517.24706565
2026-04-17,2.9656,3.0799,2.9339,3.0488,1577.59300895
2026-04-18,3.0398,3.0754,2.893,2.9129,1495.67533536
2026-04-19,2.9127,2.9127,2.8137,2.8137,859.30747701
2026-04-20,2.8136,2.9169,2.7986,2.878,1329.36355433
2026-04-21,2.8986,2.8986,2.8118,2.8204,1218.92407828
2026-04-22,2.8496,2.955,2.8269,2.8603,2541.58206035
2026-04-23,2.8625,2.9072,2.8126,2.88,1087.58691351
2026-04-24,2.8857,2.9069,2.8589,2.9069,222.65142036
2026-04-25,2.9069,2.9309,2.8437,2.865,3163.0188237
2026-04-26,2.867,2.9621,2.867,2.9568,596.22259946
2026-04-27,2.9275,2.949,2.8397,2.877,1489.15599847
2026-04-28,2.8771,2.9036,2.8337,2.874,274.76207433
2026-04-29,2.9014,2.906,2.69,2.7533,18468.92479835
2026-04-30,2.7572,2.7697,2.7135,2.7135,1251.65121069
2026-05-01,2.722,2.7745,2.6993,2.744,1198.46275963
2026-05-02,2.7571,2.7878,2.7412,2.7827,1123.42711928
2026-05-03,2.7769,2.7873,2.7485,2.7555,1605.99985494
2026-05-04,2.755,2.8195,2.7385,2.7463,6226.95414314
2026-05-05,2.7631,2.8939,2.7631,2.8497,6829.74333851
2026-05-06,2.8475,3.489,2.8468,2.9284,23161.08931636
2026-05-07,2.9234,3.0341,2.905,2.9765,1334.7951755899999
2026-05-08,2.968,3.1276,2.9293,3.1223,2571.17333205
2026-05-09,3.1283,3.3233,3.0596,3.0708,2164.56619445
2026-05-10,3.0568,3.2219,3.0306,3.2219,2364.91938773
2026-05-11,3.2214,3.2962,3.1418,3.2521,5272.86858277
2026-05-12,3.2497,3.3504,3.1493,3.2916,704.05291014
2026-05-13,3.2916,3.4156,3.1394,3.1883,2272.8142444600003
2026-05-14,3.1688,3.2326,3.0989,3.1539,713.4983872
2026-05-15,3.1682,3.1682,2.9505,2.9965,6578.79857152
2026-05-16,2.9971,3.0417,2.8808,2.9499,1682.61462313
2026-05-17,2.9316,2.9568,2.7996,2.8119,1186.43140248
2026-05-18,2.8383,2.8926,2.8072,2.8924,2315.5440688
2026-05-19,2.8983,2.9229,2.8072,2.8243,1768.33968067
2026-05-20,2.8299,2.9206,2.8109,2.8806,1941.9383017
2026-05-21,2.9096,2.9519,2.8771,2.9122,412.33044652
2026-05-22,2.9405,2.9537,2.8294,2.8294,204.046596
2026-05-23,2.8406,2.97,2.749,2.9083,1682.39075329
2026-05-24,2.9067,2.9104,2.7832,2.8194,1006.86180533
2026-05-25,2.8183,2.8815,2.8126,2.8414,1149.10631454
2026-05-26,2.829,2.9043,2.8,2.8201,1583.23327408
2026-05-27,2.8257,2.8772,2.7649,2.7772,844.05037184
2026-05-28,2.762,2.7787,2.6365,2.7244,12960.92775277
2026-05-29,2.7361,2.7589,2.6586,2.7345,4089.73471807
2026-05-30,2.7392,2.7912,2.6994,2.7127,1010.6763439
2026-05-31,2.713,2.734,2.6643,2.7126,385.78574691
2026-06-01,2.7316,2.7447,2.62,2.6925,1718.33012496
2026-06-02,2.6794,2.698,2.4654,2.5032,8013.7225321999995
2026-06-03,2.5082,2.5875,2.458,2.479,2303.3410596
2026-06-04,2.4887,2.4937,2.2772,2.3731,6800.0929421499995
2026-06-05,2.3646,2.3727,2.1192,2.2052,4831.21865954
2026-06-06,2.1524,2.7434,2.031,2.1325,10022.22461824
2026-06-07,2.1928,2.2,2.1111,2.1769,777.27340901
2026-06-08,2.1389,2.2326,2.1389,2.218,727.50871623
2026-06-09,2.1111,2.1858,2.1111,2.1858,141.26717055
2026-06-10,2.1285,2.1698,2.072,2.12,4267.39417949
2026-06-11,2.1393,2.2737,2.1393,2.1815,13136.41926437
2026-06-12,2.1867,2.2068,2.1493,2.18,1665.66823911
2026-06-13,2.2073,2.2764,2.1784,2.2387,3187.25819712
2026-06-14,2.203,2.2726,2.1402,2.2406,5625.78976471
2026-06-15,2.2408,2.3327,2.2389,2.287,1149.92285289
2026-06-16,2.2976,2.3152,2.2472,2.2582,508.48956103
2026-06-17,2.2922,2.3347,2.2355,2.2688,2457.70919791
2026-06-18,2.2558,2.2746,2.1457,2.1909,6005.32812607
2026-06-19,2.1946,2.4,2.1586,2.21,5202.45489663
2026-06-20,2.2384,2.3533,2.2112,2.2507,2865.3194764
2026-06-21,2.244,2.253,2.1308,2.1691,3286.68379303
2026-06-22,2.1409,2.1868,2.1191,2.1191,383.05042380000003
2026-06-23,2.1868,2.1868,2.0286,2.0717,10798.98766362
2026-06-24,2.0693,2.0906,1.9473,2.0129,6072.85237279
2026-06-25,2.0006,2.0227,1.8851,1.9263,1521.06890724
2026-06-26,1.9075,1.982,1.8571,1.9291,2063.8592553
2026-06-27,1.9225,1.95,1.8909,1.8909,623.55921629
2026-06-28,1.8976,1.9304,1.8924,1.9066,2413.48197999
2026-06-29,1.8951,1.9522,1.8494,1.9101,7224.78976884
2026-06-30,1.9111,1.98,1.55,1.612,98072.58606457
2026-07-01,1.612,1.9313,1.612,1.8365,5464.26718439
2026-07-02,1.8511,1.9798,1.8511,1.871,4501.5928323
2026-07-03,1.95,2.0098,1.4583,1.96,103466.62124506
