time,open,high,low,close,volume
2016-08-01,19.45,19.55,19.35,19.43,11579290.0
2016-08-02,19.65,19.71,19.56,19.6,9386641.0
2016-08-03,19.52,19.52,19.35,19.38,7124717.0
2016-08-04,19.28,19.445,19.27,19.35,5468041.0
2016-08-05,18.93,18.93,18.71,18.71,15081690.0
2016-08-08,18.76,18.875,18.725,18.74,6084219.0
2016-08-09,18.85,18.885,18.78,18.87,4752141.0
2016-08-10,19.29,19.32,19.1284,19.16,8649733.0
2016-08-11,19.16,19.26,18.95,18.96,8100722.0
2016-08-12,19.15,19.19,18.68,18.72,9832983.0
2016-08-15,18.77,18.89,18.76,18.83,4447977.0
2016-08-16,18.77,18.95,18.73,18.82,9690559.0
2016-08-17,18.72,18.82,18.41,18.68,14612020.0
2016-08-18,18.79,18.85,18.7001,18.77,6256544.0
2016-08-19,18.4,18.48,18.33,18.35,11492870.0
2016-08-22,18.01,18.03,17.9,17.97,12273480.0
2016-08-23,18.05,18.1,17.91,17.93,8260314.0
2016-08-24,17.775,17.78,17.6,17.62,11810470.0
2016-08-25,17.61,17.705,17.6,17.63,6660732.0
2016-08-26,17.79,18.12,17.62,17.72,16054470.0
2016-08-29,17.68,17.93,17.66,17.9,6196723.0
2016-08-30,17.8,17.86,17.6437,17.67,10112150.0
2016-08-31,17.7,17.8,17.69,17.72,4344309.0
2016-09-01,17.74,17.99,17.69,17.94,11183330.0
2016-09-02,18.26,18.44,18.16,18.44,12217490.0
2016-09-06,18.66,19.116,18.63,19.05,15724960.0
2016-09-07,18.98,18.99,18.73,18.78,7415020.0
2016-09-08,18.78,18.87,18.5692,18.62,8349438.0
2016-09-09,18.49,18.5,18.1,18.11,12600270.0
2016-09-12,17.92,18.2199,17.85,18.17,11549710.0
2016-09-13,18.09,18.11,17.84,17.93,8802051.0
2016-09-14,18.05,18.14,18.0,18.02,4761216.0
2016-09-15,18.02,18.16,17.87,18.04,8199173.0
2016-09-16,17.77,17.88,17.74,17.86,8058720.0
2016-09-19,18.275,18.32,18.18,18.2,5489228.0
2016-09-20,18.15,18.3,18.115,18.27,3052552.0
2016-09-21,18.61,18.87,18.54,18.85,17214450.0
2016-09-22,18.98,19.05,18.85,18.9,9239534.0
2016-09-23,18.81,18.85,18.59,18.68,6946324.0
2016-09-26,18.64,18.67,18.37,18.41,6700983.0
2016-09-27,18.25,18.3,18.01,18.17,7778609.0
2016-09-28,18.09,18.24,17.96,18.21,6987752.0
2016-09-29,18.14,18.24,18.05,18.11,5775815.0
2016-09-30,18.65,18.67,18.13,18.2,11580930.0
2016-10-03,18.1,18.11,17.76,17.87,18044080.0
2016-10-04,17.58,17.58,16.82,16.94,27910710.0
2016-10-05,17.0,17.01,16.66,16.85,18162150.0
2016-10-06,16.51,16.56,16.24,16.44,18462390.0
2016-10-07,16.7,16.74,16.23,16.6,20240570.0
2016-10-10,16.75,16.83,16.7,16.73,8437095.0
2016-10-11,16.7,16.73,16.5599,16.56,7177808.0
2016-10-12,16.6,16.71,16.53,16.65,6301065.0
2016-10-13,16.6,16.66,16.535,16.61,6255822.0
2016-10-14,16.56,16.69,16.48,16.56,8322289.0
2016-10-17,16.54,16.6,16.5,16.57,3552924.0
2016-10-18,16.69,16.8,16.62,16.72,8172439.0
2016-10-19,16.8,16.845,16.675,16.79,8580037.0
2016-10-20,16.8,16.83,16.56,16.64,7037502.0
2016-10-21,16.65,16.66,16.57,16.65,4149526.0
2016-10-24,16.96,16.98,16.64,16.7,5792065.0
2016-10-25,16.8,16.92,16.77,16.86,6572144.0
2016-10-26,16.81,16.87,16.68,16.71,5791842.0
2016-10-27,16.75,16.77,16.675,16.73,4050424.0
2016-10-28,16.82,17.01,16.73,16.87,9810365.0
2016-10-31,16.94,17.0,16.87,16.97,6049908.0
2016-11-01,17.37,17.55,17.32,17.41,12888480.0
2016-11-02,17.62,17.79,17.55,17.56,10931950.0
2016-11-03,17.26,17.5,17.24,17.42,7916201.0
2016-11-04,17.47,17.54,17.4,17.46,5668112.0
2016-11-07,17.31,17.32,17.09,17.29,7073381.0
2016-11-08,17.37,17.78,17.34,17.4,11204660.0
2016-11-09,17.86,17.87,17.4,17.45,16732830.0
2016-11-10,17.65,17.8011,17.475,17.56,17497810.0
2016-11-11,17.49,17.5,16.31,16.47,50028180.0
2016-11-14,16.19,16.23,15.78,16.0,28798670.0
2016-11-15,16.04,16.26,16.01,16.19,10303680.0
2016-11-16,16.2,16.21,16.0,16.09,7006276.0
2016-11-17,16.11,16.17,15.73,15.84,20966890.0
2016-11-18,15.78,15.85,15.6,15.73,9994612.0
2016-11-21,15.76,15.86,15.67,15.72,8405375.0
2016-11-22,15.88,15.9,15.6932,15.8,6667081.0
2016-11-23,15.5,15.62,15.3401,15.52,12231470.0
2016-11-25,15.7,15.72,15.595,15.63,4894601.0
2016-11-28,15.72,15.839,15.63,15.77,6824679.0
2016-11-29,15.59,15.87,15.58,15.78,4755755.0
2016-11-30,15.78,15.8148,15.57,15.66,8659197.0
2016-12-01,15.51,15.82,15.45,15.66,8477519.0
2016-12-02,15.7,15.94,15.68,15.83,8064719.0
2016-12-05,15.75,16.0,15.67,15.88,7196460.0
2016-12-06,15.86,16.01,15.83,15.85,4645188.0
2016-12-07,16.17,16.34,16.1601,16.23,10074390.0
2016-12-08,16.14,16.2,16.08,16.14,5835080.0
2016-12-09,16.15,16.18,15.92,15.97,7899128.0
2016-12-12,16.24,16.29,16.16,16.19,7345684.0
2016-12-13,16.18,16.24,15.9,16.04,8204569.0
2016-12-14,16.24,16.33,15.8725,15.93,15823370.0
2016-12-15,15.25,15.3,15.061,15.18,22099730.0
2016-12-16,15.22,15.42,15.12,15.27,8582270.0
2016-12-19,15.24,15.26,15.09,15.17,6793179.0
2016-12-20,14.86,15.26,14.85,15.24,10728130.0
2016-12-21,15.26,15.3,15.07,15.12,6044985.0
2016-12-22,15.05,15.2,14.95,14.98,7319159.0
2016-12-23,14.95,14.99,14.88,14.91,7893520.0
2016-12-27,14.99,15.15,14.9744,15.13,5557582.0
2016-12-28,15.08,15.22,15.0401,15.2,5797757.0
2016-12-29,15.21,15.4,15.17,15.32,8173996.0
2016-12-30,15.37,15.41,15.02,15.11,8558310.0
2017-01-03,15.25,15.64,15.19,15.44,11025220.0
2017-01-04,15.58,15.66,15.49,15.58,6140001.0
2017-01-05,15.73,15.85,15.66,15.76,7773263.0
2017-01-06,15.57,15.7,15.55,15.64,6096837.0
2017-01-09,15.69,15.83,15.65,15.7,7287879.0
2017-01-10,15.8,16.03,15.8,15.91,7861867.0
2017-01-11,15.77,16.0,15.67,15.87,7945580.0
2017-01-12,15.98,16.07,15.86,15.91,6086830.0
2017-01-13,15.82,15.95,15.73,15.94,5279427.0
2017-01-17,16.21,16.32,16.17,16.28,7880568.0
2017-01-18,16.28,16.43,16.15,16.19,8196671.0
2017-01-19,15.945,16.17,15.87,16.12,7696353.0
2017-01-20,16.12,16.27,16.02,16.19,8458784.0
2017-01-23,16.23,16.31,16.18,16.29,4205208.0
2017-01-24,16.28,16.39,16.14,16.22,7346270.0
2017-01-25,15.96,16.13,15.91,16.1,8317480.0
2017-01-26,15.94,16.0225,15.84,15.93,5937672.0
2017-01-27,15.9,16.35,15.85,16.22,8210485.0
2017-01-30,16.28,16.3717,16.18,16.23,6465188.0
2017-01-31,16.56,16.69,16.5,16.63,11060040.0
2017-02-01,16.54,16.72,16.45,16.61,7604277.0
2017-02-02,16.73,16.76,16.5,16.56,5403613.0
2017-02-03,16.49,16.63,16.47,16.57,5385147.0
2017-02-06,16.71,16.83,16.66,16.82,6719312.0
2017-02-07,16.76,16.87,16.75,16.79,4524519.0
2017-02-08,16.88,16.94,16.76,16.84,4533119.0
2017-02-09,16.89,16.92,16.691,16.75,4808701.0
2017-02-10,16.75,17.07,16.75,17.02,8805661.0
2017-02-13,16.96,16.98,16.83,16.89,5947136.0
2017-02-14,17.11,17.12,16.81,17.01,8063790.0
2017-02-15,16.91,17.05,16.89,17.04,4080188.0
2017-02-16,17.11,17.19,17.08,17.15,4989320.0
2017-02-17,17.06,17.13,17.04,17.06,4637756.0
2017-02-21,16.96,17.14,16.9,17.03,4798056.0
2017-02-22,17.06,17.11,16.985,17.11,4656723.0
2017-02-23,17.23,17.27,17.11,17.24,4873876.0
2017-02-24,17.37,17.45,17.29,17.4,8025632.0
2017-02-27,17.41,17.53,17.265,17.27,8482295.0
2017-02-28,17.42,17.495,17.34,17.37,6976534.0
2017-03-01,17.34,17.49,17.33,17.44,6242606.0
2017-03-02,17.34,17.4,16.75,16.8,15841670.0
2017-03-03,16.81,17.04,16.73,16.98,8777806.0
2017-03-06,16.93,16.93,16.77,16.83,5616603.0
2017-03-07,16.63,16.69,16.545,16.55,6594968.0
2017-03-08,16.41,16.44,16.31,16.32,6853522.0
2017-03-09,16.32,16.34,16.04,16.06,8458594.0
2017-03-10,16.07,16.16,16.0,16.15,6805514.0
2017-03-13,16.08,16.13,16.06,16.07,4252633.0
2017-03-14,16.05,16.12,15.97,15.99,4759645.0
2017-03-15,16.03,16.445,15.94,16.43,9711507.0
2017-03-16,16.56,16.57,16.34,16.4,5720659.0
2017-03-17,16.41,16.5,16.4,16.47,3077546.0
2017-03-20,16.49,16.53,16.44,16.5069,2600410.0
2017-03-21,16.6,16.675,16.57,16.61,5530370.0
2017-03-22,16.61,16.6599,16.56,16.62,3133586.0
2017-03-23,16.73,16.75,16.62,16.67,3976805.0
2017-03-24,16.71,16.845,16.69,16.81,5577051.0
2017-03-27,17.11,17.17,17.05,17.15,9622396.0
2017-03-28,17.2,17.27,17.11,17.18,7425327.0
2017-03-29,17.14,17.28,17.13,17.25,4463222.0
2017-03-30,17.18,17.33,17.14,17.15,5996963.0
2017-03-31,17.23,17.3,17.2,17.25,4728676.0
2017-04-03,17.21,17.295,17.2,17.24,4045302.0
2017-04-04,17.33,17.39,17.23,17.33,4371062.0
2017-04-05,17.23,17.34,17.17,17.32,5673563.0
2017-04-06,17.22,17.31,17.19,17.26,3934598.0
2017-04-07,17.4,17.42,16.915,17.03,10869780.0
2017-04-10,16.93,17.03,16.8,17.0,5545339.0
2017-04-11,17.1,17.35,17.09,17.31,7553176.0
2017-04-12,17.37,17.47,17.28,17.46,6476911.0
2017-04-13,17.57,17.59,17.4309,17.53,8285111.0
2017-04-17,17.53,17.58,17.38,17.43,5062807.0
2017-04-18,17.42,17.44,17.115,17.34,11433710.0
2017-04-19,17.27,17.29,17.14,17.18,7424832.0
2017-04-20,17.11,17.19,16.92,17.06,10702380.0
2017-04-21,16.97,17.02,16.865,17.02,10719380.0
2017-04-24,16.84,16.99,16.79,16.98,6881192.0
2017-04-25,16.74,16.8,16.62,16.68,8453999.0
2017-04-26,16.57,16.6,16.4,16.57,9664857.0
2017-04-27,16.49,16.49,16.35,16.37,9597199.0
2017-04-28,16.31,16.39,16.25,16.3,7520777.0
2017-05-01,16.22,16.28,15.9,15.99,13631210.0
2017-05-02,15.97,15.98,15.89,15.93,7089747.0
2017-05-03,15.79,15.8,15.58,15.59,10527480.0
2017-05-04,15.48,15.57,15.35,15.43,12115380.0
2017-05-05,15.43,15.51,15.36,15.5,8385936.0
2017-05-08,15.43,15.47,15.38,15.41,6141131.0
2017-05-09,15.35,15.35,15.21,15.3,7623908.0
2017-05-10,15.38,15.4,15.32,15.35,6764578.0
2017-05-11,15.37,15.47,15.35,15.45,6976645.0
2017-05-12,15.57,15.61,15.53,15.57,6329841.0
2017-05-15,15.865,15.88,15.72,15.75,6764813.0
2017-05-16,15.82,15.98,15.8,15.93,6882176.0
2017-05-17,16.08,16.13,15.87,16.0,11151380.0
2017-05-18,15.88,15.89,15.56,15.71,9204140.0
2017-05-19,15.94,15.96,15.85,15.94,6121727.0
2017-05-22,16.1,16.29,16.09,16.23,6456629.0
2017-05-23,16.34,16.38,16.1135,16.15,8052286.0
2017-05-24,16.12,16.28,16.1,16.28,6470580.0
2017-05-25,16.29,16.32,16.2106,16.23,4171224.0
2017-05-26,16.38,16.45,16.3141,16.4,5718704.0
2017-05-30,16.39,16.52,16.39,16.47,6492587.0
2017-05-31,16.35,16.495,16.33,16.39,5178610.0
2017-06-01,16.16,16.41,16.14,16.38,5241332.0
2017-06-02,16.45,16.64,16.44,16.59,6853758.0
2017-06-05,16.64,16.71,16.595,16.63,4482677.0
2017-06-06,16.73,16.8,16.69,16.76,5423420.0
2017-06-07,16.7,16.78,16.5743,16.65,4308977.0
2017-06-08,16.68,16.68,16.37,16.49,7438146.0
2017-06-09,16.32,16.35,16.25,16.28,5441006.0
2017-06-12,16.11,16.18,16.0,16.04,5965985.0
2017-06-13,15.85,16.0,15.82,15.95,9312310.0
2017-06-14,16.3,16.37,15.94,15.95,13648720.0
2017-06-15,15.82,15.94,15.79,15.88,6265907.0
2017-06-16,15.81,15.82,15.75,15.79,4806504.0
2017-06-19,15.68,15.7,15.6,15.61,7443328.0
2017-06-20,15.57,15.61,15.51,15.59,6191911.0
2017-06-21,15.52,15.585,15.5,15.54,5998318.0
2017-06-22,15.68,15.73,15.63,15.68,5290575.0
2017-06-23,15.83,15.8456,15.7602,15.79,5237641.0
2017-06-26,15.71,15.735,15.65,15.68,3803532.0
2017-06-27,15.73,15.85,15.675,15.79,4349831.0
2017-06-28,15.89,15.92,15.816,15.92,4774563.0
2017-06-29,15.74,15.85,15.71,15.73,5028954.0
2017-06-30,15.72,15.78,15.7,15.71,3820063.0
2017-07-03,15.37,15.43,15.23,15.3,7903599.0
2017-07-05,15.07,15.19,15.04,15.18,9522169.0
2017-07-06,15.15,15.17,15.075,15.15,5004719.0
2017-07-07,14.95,14.96,14.53,14.73,19127570.0
2017-07-10,14.46,14.9,14.44,14.83,14635920.0
2017-07-11,14.85,15.0,14.76,14.99,7769720.0
2017-07-12,15.09,15.12,15.0233,15.05,8271789.0
2017-07-13,15.04,15.05,14.84,14.87,7213610.0
2017-07-14,15.14,15.22,15.01,15.08,7841320.0
2017-07-17,15.27,15.32,15.22,15.22,7561592.0
2017-07-18,15.37,15.45,15.3233,15.38,7766400.0
2017-07-19,15.43,15.48,15.33,15.4,5128676.0
2017-07-20,15.38,15.53,15.3,15.42,7552776.0
2017-07-21,15.57,15.629,15.52,15.6,7449708.0
2017-07-24,15.66,15.67,15.54,15.58,5809894.0
2017-07-25,15.62,15.72,15.56,15.59,6716799.0
2017-07-26,15.56,15.79,15.52,15.75,9824884.0
2017-07-27,15.9,15.9,15.65,15.68,7374358.0
2017-07-28,15.76,15.84,15.74,15.81,5839950.0
2017-07-31,15.9,15.96,15.86,15.9,5667500.0
2017-08-01,15.83,15.92,15.79,15.79,6409656.0
2017-08-02,15.69,15.86,15.66,15.67,6311525.0
2017-08-03,15.72,15.79,15.7,15.72,5362158.0
2017-08-04,15.54,15.56,15.31,15.38,12169240.0
2017-08-07,15.27,15.41,15.27,15.33,4188490.0
2017-08-08,15.51,15.58,15.36,15.56,7404270.0
2017-08-09,15.86,16.01,15.83,15.98,12530270.0
2017-08-10,16.26,16.28,16.1,16.18,10514780.0
2017-08-11,16.09,16.18,16.03,16.17,6298393.0
2017-08-14,16.14,16.22,16.08,16.13,5288739.0
2017-08-15,15.71,15.84,15.68,15.74,8831538.0
2017-08-16,15.77,16.18,15.77,16.15,9810867.0
2017-08-17,16.18,16.2288,16.04,16.12,6393870.0
2017-08-18,16.21,16.24,16.04,16.1,8797635.0
2017-08-21,16.12,16.19,16.05,16.07,4981394.0
2017-08-22,16.14,16.16,15.95,16.07,5127338.0
2017-08-23,16.12,16.16,16.04,16.15,3168288.0
2017-08-24,16.04,16.08,15.95,16.03,4151072.0
2017-08-25,16.18,16.21,15.81,16.11,11914560.0
2017-08-28,16.24,16.52,16.2108,16.5,10940160.0
2017-08-29,16.67,16.68,16.32,16.42,12348670.0
2017-08-30,16.44,16.5,16.42,16.46,3299405.0
2017-08-31,16.46,16.66,16.4576,16.65,6444533.0
2017-09-01,16.71,16.77,16.55,16.73,7277519.0
2017-09-05,16.94,17.01,16.83,16.91,10760740.0
2017-09-06,16.99,17.0,16.83,16.87,8540363.0
2017-09-07,16.99,17.14,16.965,17.1,9220645.0
2017-09-08,17.12,17.13,16.9199,17.02,7803047.0
2017-09-11,16.85,16.93,16.76,16.77,7276774.0
2017-09-12,16.83,16.9199,16.8001,16.89,4294124.0
2017-09-13,16.81,16.83,16.69,16.76,6739176.0
2017-09-14,16.71,16.81,16.7,16.77,4060685.0
2017-09-15,16.72,16.72,16.61,16.62,4175032.0
2017-09-18,16.39,16.41,16.12,16.27,11591660.0
2017-09-19,16.27,16.38,16.245,16.36,4235424.0
2017-09-20,16.31,16.43,16.03,16.19,10527630.0
2017-09-21,15.96,16.105,15.941,16.03,7142398.0
2017-09-22,16.01,16.0899,15.9801,16.05,3621204.0
2017-09-25,15.95,16.22,15.91,16.21,8922482.0
2017-09-26,16.02,16.02,15.85,15.91,7681897.0
2017-09-27,15.82,15.975,15.82,15.83,9019337.0
2017-09-28,15.88,15.96,15.8,15.92,4344038.0
2017-09-29,15.87,15.9039,15.71,15.74,6312469.0
2017-10-02,15.75,15.806,15.66,15.67,5110981.0
2017-10-03,15.69,15.745,15.68,15.71,3838606.0
2017-10-04,15.72,15.76,15.62,15.69,6700754.0
2017-10-05,15.76,15.81,15.66,15.69,4529059.0
2017-10-06,15.67,15.93,15.42,15.85,12121840.0
2017-10-09,15.95,16.04,15.9366,16.02,5574484.0
2017-10-10,16.23,16.29,16.15,16.15,8351038.0
2017-10-11,16.2,16.28,16.11,16.25,6932030.0
2017-10-12,16.22,16.3,16.16,16.26,4340248.0
2017-10-13,16.38,16.43,16.31,16.41,6616726.0
2017-10-16,16.43,16.49,16.15,16.25,7902367.0
2017-10-17,16.11,16.17,16.02,16.09,7723173.0
2017-10-18,16.06,16.09,16.01,16.06,4114695.0
2017-10-19,16.06,16.305,16.05,16.27,7652627.0
2017-10-20,16.17,16.26,15.98,16.08,8784776.0
2017-10-23,15.97,16.16,15.92,16.14,6318740.0
2017-10-24,16.02,16.1,15.94,16.02,6171232.0
2017-10-25,16.04,16.05,15.935,16.01,4316228.0
2017-10-26,15.97,16.0,15.8153,15.85,6605161.0
2017-10-27,15.74,15.929,15.695,15.91,7225532.0
2017-10-30,15.86,15.9572,15.8048,15.91,3852757.0
2017-10-31,15.82,15.85,15.71,15.79,10656670.0
2017-11-01,15.95,16.235,15.9301,16.18,10686710.0
2017-11-02,16.18,16.28,16.09,16.17,5496520.0
2017-11-03,16.2,16.22,15.84,15.92,6778118.0
2017-11-06,15.94,16.3,15.94,16.27,9799937.0
2017-11-07,16.21,16.23,15.9725,16.01,6463475.0
2017-11-08,16.14,16.29,16.05,16.06,6396364.0
2017-11-09,16.02,16.1,15.99,16.07,4291436.0
2017-11-10,16.1,16.15,15.85,15.95,7895177.0
2017-11-13,16.04,16.12,15.99,16.09,5958440.0
2017-11-14,16.01,16.14,15.925,16.08,6727762.0
2017-11-15,16.19,16.21,16.0,16.03,6370336.0
2017-11-16,16.1,16.17,16.09,16.12,4403323.0
2017-11-17,16.14,16.41,16.1,16.31,9004734.0
2017-11-20,16.14,16.17,15.9,15.98,12867980.0
2017-11-21,16.04,16.105,15.99,16.01,5834587.0
2017-11-22,16.15,16.205,16.13,16.17,5598927.0
2017-11-24,16.1,16.18,16.05,16.08,2423836.0
2017-11-27,16.2,16.21,16.06,16.1,4959258.0
2017-11-28,16.11,16.1199,15.82,15.91,13157160.0
2017-11-29,15.76,15.79,15.59,15.64,9089262.0
2017-11-30,15.47,15.555,15.4,15.51,11034330.0
2017-12-01,15.42,15.63,15.33,15.53,14631940.0
2017-12-04,15.45,15.45,15.34,15.44,6855944.0
2017-12-05,15.29,15.29,15.13,15.23,10120600.0
2017-12-06,15.11,15.18,15.02,15.1,8101810.0
2017-12-07,14.92,14.97,14.77,14.87,11100280.0
2017-12-08,14.93,15.005,14.8862,14.96,6580110.0
2017-12-11,14.88,14.935,14.81,14.85,6198764.0
2017-12-12,14.78,14.88,14.74,14.86,7051258.0
2017-12-13,14.86,15.25,14.799,15.15,15267230.0
2017-12-14,15.05,15.05,14.935,15.02,7594437.0
2017-12-15,15.14,15.17,15.08,15.15,7125694.0
2017-12-18,15.2,15.26,15.18,15.22,4682359.0
2017-12-19,15.2,15.24,15.14,15.22,5050918.0
2017-12-20,15.29,15.33,15.24,15.25,4515076.0
2017-12-21,15.22,15.32,15.2,15.22,3908970.0
2017-12-22,15.34,15.491,15.31,15.4,8326275.0
2017-12-26,15.55,15.63,15.53,15.59,6379780.0
2017-12-27,15.67,15.78,15.65,15.73,6516472.0
2017-12-28,15.85,15.9201,15.82,15.88,10093810.0
2017-12-29,16.02,16.15,15.925,15.99,13884040.0
2018-01-02,16.13,16.23,16.12,16.21,8935316.0
2018-01-03,16.19,16.26,16.0939,16.17,9125309.0
2018-01-04,16.21,16.3,16.19,16.23,7459509.0
2018-01-05,16.18,16.29,16.161,16.22,5649832.0
2018-01-08,16.17,16.19,16.07,16.15,6704258.0
2018-01-09,16.01,16.065,15.95,16.03,6973482.0
2018-01-10,16.07,16.1,16.0,16.02,8167753.0
2018-01-11,16.01,16.07,15.91,16.01,5975963.0
2018-01-12,16.1,16.31,16.08,16.27,9838631.0
2018-01-16,16.13,16.25,16.09,16.25,8976670.0
2018-01-17,16.18,16.23,16.02,16.06,10706370.0
2018-01-18,16.075,16.16,15.95,15.97,8512327.0
2018-01-19,16.05,16.12,16.02,16.05,7673499.0
2018-01-22,16.07,16.09,16.0,16.04,4587022.0
2018-01-23,15.86,16.09,15.791,16.08,9708669.0
2018-01-24,16.38,16.62,16.35,16.56,17239160.0
2018-01-25,16.54,16.64,16.16,16.31,17379600.0
2018-01-26,16.38,16.5,16.36,16.41,7148417.0
2018-01-29,16.29,16.29,16.13,16.21,7177351.0
2018-01-30,16.31,16.32,16.1,16.15,8424068.0
2018-01-31,16.26,16.41,16.1738,16.35,12322530.0
2018-02-01,16.16,16.275,16.13,16.25,6984057.0
2018-02-02,16.02,16.02,15.63,15.66,17877610.0
2018-02-05,15.91,15.93,15.72,15.74,11690880.0
2018-02-06,15.75,15.7555,15.63,15.65,10019840.0
2018-02-07,15.53,15.5799,15.34,15.41,11933430.0
2018-02-08,15.52,15.535,15.41,15.46,8684835.0
2018-02-09,15.4,15.4,15.26,15.39,8530004.0
2018-02-12,15.51,15.68,15.49,15.57,10636400.0
2018-02-13,15.59,15.66,15.51,15.62,5352052.0
2018-02-14,15.66,15.97,15.64,15.91,14549450.0
2018-02-15,15.91,15.94,15.69,15.91,9015440.0
2018-02-16,15.83,15.881,15.67,15.73,7202096.0
2018-02-20,15.69,15.725,15.49,15.54,8762450.0
2018-02-21,15.63,15.81,15.52,15.54,10419050.0
2018-02-22,15.63,15.74,15.601,15.66,5644979.0
2018-02-23,15.62,15.63,15.56,15.59,4306911.0
2018-02-26,15.67,15.69,15.55,15.68,4885905.0
2018-02-27,15.64,15.65,15.39,15.48,7693739.0
2018-02-28,15.51,15.57,15.435,15.46,4052072.0
2018-03-01,15.33,15.605,15.23,15.54,10567620.0
2018-03-02,15.61,15.6298,15.49,15.56,6298726.0
2018-03-05,15.49,15.51,15.42,15.49,4054888.0
2018-03-06,15.69,15.9,15.68,15.78,11451400.0
2018-03-07,15.65,15.65,15.49,15.53,8254017.0
2018-03-08,15.55,15.57,15.49,15.55,6898032.0
2018-03-09,15.5,15.74,15.47,15.63,7955951.0
2018-03-12,15.54,15.62,15.51,15.61,4990085.0
2018-03-13,15.63,15.68,15.53,15.61,6471049.0
2018-03-14,15.61,15.63,15.56,15.61,4068569.0
2018-03-15,15.52,15.52,15.43,15.45,5759098.0
2018-03-16,15.46,15.48,15.28,15.39,6681566.0
2018-03-19,15.36,15.42,15.31,15.39,4884310.0
2018-03-20,15.33,15.33,15.19,15.28,7422887.0
2018-03-21,15.51,15.71,15.42,15.65,12885160.0
2018-03-22,15.52,15.535,15.4,15.44,10588990.0
2018-03-23,15.68,15.71,15.57,15.58,9554696.0
2018-03-26,15.73,15.82,15.71,15.72,8501706.0
2018-03-27,15.62,15.6343,15.52,15.57,9360601.0
2018-03-28,15.43,15.43,15.32,15.36,10904230.0
2018-03-29,15.31,15.43,15.3,15.41,6911880.0
2018-04-02,15.62,15.72,15.58,15.65,9470545.0
2018-04-03,15.51,15.53,15.41,15.46,5830983.0
2018-04-04,15.38,15.449,15.315,15.38,8219844.0
2018-04-05,15.28,15.48,15.27,15.45,6117294.0
2018-04-06,15.52,15.55,15.39,15.43,6904749.0
2018-04-09,15.47,15.6,15.43,15.56,6558283.0
2018-04-10,15.66,15.69,15.57,15.62,7254740.0
2018-04-11,15.67,15.9,15.65,15.69,13815740.0
2018-04-12,15.58,15.59,15.5,15.52,7486297.0
2018-04-13,15.64,15.73,15.64,15.68,6157543.0
2018-04-16,15.77,15.81,15.69,15.72,5228234.0
2018-04-17,15.72,15.83,15.69,15.8,6926405.0
2018-04-18,16.15,16.26,16.09,16.18,19791420.0
2018-04-19,16.27,16.35,16.1,16.26,17015950.0
2018-04-20,16.15,16.22,16.11,16.13,8050240.0
2018-04-23,15.79,15.81,15.63,15.67,15505370.0
2018-04-24,15.69,15.787,15.67,15.76,7465392.0
2018-04-25,15.62,15.64,15.554,15.61,6277456.0
2018-04-26,15.63,15.64,15.47,15.58,8407553.0
2018-04-27,15.54,15.59,15.49,15.57,5690301.0
2018-04-30,15.31,15.5,15.26,15.38,13940460.0
2018-05-01,15.3,15.315,15.12,15.24,14153900.0
2018-05-02,15.44,15.57,15.38,15.42,10559450.0
2018-05-03,15.56,15.585,15.4438,15.46,6537596.0
2018-05-04,15.43,15.55,15.4132,15.54,4827530.0
2018-05-07,15.5,15.55,15.47,15.52,3327754.0
2018-05-08,15.49,15.5638,15.36,15.51,9527672.0
2018-05-09,15.55,15.65,15.52,15.53,6849823.0
2018-05-10,15.73,15.78,15.68,15.74,8453736.0
2018-05-11,15.83,15.85,15.68,15.7,6679282.0
2018-05-14,15.68,15.709,15.535,15.56,7358578.0
2018-05-15,15.32,15.36,15.26,15.33,10275070.0
2018-05-16,15.35,15.47,15.3154,15.41,7636227.0
2018-05-17,15.5,15.53,15.46,15.47,4986866.0
2018-05-18,15.43,15.51,15.42,15.48,3882685.0
2018-05-21,15.53,15.56,15.46,15.54,4403851.0
2018-05-22,15.66,15.69,15.5523,15.58,5557559.0
2018-05-23,15.4,15.53,15.37,15.5,7297023.0
2018-05-24,15.61,15.72,15.59,15.69,7043277.0
2018-05-25,15.65,15.67,15.52,15.53,5167673.0
2018-05-29,15.42,15.505,15.39,15.44,9718176.0
2018-05-30,15.48,15.59,15.47,15.55,4684268.0
2018-05-31,15.53,15.6,15.45,15.46,5552934.0
2018-06-01,15.46,15.54,15.41,15.44,6197622.0
2018-06-04,15.53,15.56,15.44,15.45,3993240.0
2018-06-05,15.47,15.57,15.4358,15.52,6567421.0
2018-06-06,15.7,15.755,15.65,15.7,8714558.0
2018-06-07,15.82,15.91,15.68,15.72,8909893.0
2018-06-08,15.82,15.83,15.7238,15.78,4128920.0
2018-06-11,15.88,15.955,15.88,15.94,10119990.0
2018-06-12,15.88,15.955,15.83,15.87,6500855.0
2018-06-13,15.97,16.11,15.825,16.08,12225120.0
2018-06-14,16.16,16.28,16.14,16.17,13463690.0
2018-06-15,15.96,15.96,15.49,15.6,24859350.0
2018-06-18,15.56,15.5866,15.45,15.51,8991134.0
2018-06-19,15.37,15.42,15.331,15.36,10822310.0
2018-06-20,15.36,15.385,15.31,15.34,7774075.0
2018-06-21,15.37,15.4,15.31,15.36,7073675.0
2018-06-22,15.42,15.52,15.38,15.5,7710089.0
2018-06-25,15.39,15.4,15.33,15.37,5508488.0
2018-06-26,15.33,15.3675,15.29,15.33,6085945.0
2018-06-27,15.24,15.31,15.03,15.12,12635660.0
2018-06-28,15.1,15.11,14.985,15.07,8800665.0
2018-06-29,15.08,15.22,15.04,15.15,7984600.0
2018-07-02,14.96,15.0,14.84,14.91,9147202.0
2018-07-03,15.05,15.1,15.03,15.03,4606008.0
2018-07-05,15.07,15.15,15.04,15.1,7141066.0
2018-07-06,15.06,15.1,15.03,15.08,4790992.0
2018-07-09,15.21,15.25,15.13,15.17,6841267.0
2018-07-10,15.14,15.16,15.08,15.12,4288423.0
2018-07-11,14.98,14.9972,14.85,14.86,10383180.0
2018-07-12,14.98,15.06,14.94,15.0,6960875.0
2018-07-13,14.88,14.945,14.82,14.88,8574031.0
2018-07-16,14.85,14.88,14.81,14.85,4575951.0
2018-07-17,14.68,14.76,14.62,14.67,18087250.0
2018-07-18,14.55,14.66,14.5,14.63,8062784.0
2018-07-19,14.36,14.55,14.35,14.42,16127120.0
2018-07-20,14.52,14.62,14.485,14.59,10571850.0
2018-07-23,14.52,14.54,14.43,14.47,6379056.0
2018-07-24,14.59,14.68,14.54,14.58,7540227.0
2018-07-25,14.68,14.7,14.6005,14.68,7195733.0
2018-07-26,14.57,14.6448,14.48,14.49,8332241.0
2018-07-27,14.56,14.62,14.54,14.57,5957717.0
2018-07-30,14.56,14.627,14.55,14.58,3655813.0
2018-07-31,14.58,14.685,14.53,14.61,6921566.0
2018-08-01,14.55,14.56,14.47,14.48,5023772.0
2018-08-02,14.48,14.51,14.38,14.43,8213423.0
2018-08-03,14.53,14.635,14.4801,14.5,7559245.0
2018-08-06,14.43,14.4487,14.38,14.4,3537954.0
2018-08-07,14.5,14.5,14.425,14.43,4175134.0
2018-08-08,14.49,14.53,14.43,14.5,5084833.0
2018-08-09,14.53,14.587,14.5,14.52,4020549.0
2018-08-10,14.42,14.5136,14.38,14.41,6272579.0
2018-08-13,14.35,14.35,14.085,14.1,12229420.0
2018-08-14,14.14,14.21,14.11,14.17,5688092.0
2018-08-15,13.88,13.88,13.51,13.57,25226380.0
2018-08-16,13.79,13.95,13.77,13.77,12649060.0
2018-08-17,13.82,13.94,13.75,13.92,7177856.0
2018-08-20,13.86,13.9,13.775,13.88,6981756.0
2018-08-21,13.89,13.92,13.845,13.89,4002611.0
2018-08-22,13.89,13.91,13.82,13.88,5318969.0
2018-08-23,13.74,13.78,13.62,13.65,6911603.0
2018-08-24,13.85,13.99,13.825,13.92,8721780.0
2018-08-27,13.93,14.03,13.93,13.99,11767740.0
2018-08-28,14.02,14.05,13.79,13.84,10725840.0
2018-08-29,13.88,13.91,13.82,13.87,7311106.0
2018-08-30,13.77,13.77,13.645,13.7,9430981.0
2018-08-31,13.68,13.74,13.62,13.65,6536435.0
2018-09-04,13.23,13.325,13.171,13.31,15851770.0
2018-09-05,13.37,13.39,13.32,13.35,6810487.0
2018-09-06,13.36,13.4371,13.27,13.31,9358748.0
2018-09-07,13.32,13.41,13.27,13.32,7206119.0
2018-09-10,13.37,13.375,13.29,13.31,4393450.0
2018-09-11,13.21,13.31,13.11,13.28,8080168.0
2018-09-12,13.25,13.43,13.2341,13.39,9091572.0
2018-09-13,13.45,13.5,13.325,13.35,10770970.0
2018-09-14,13.35,13.38,13.22,13.23,7614142.0
2018-09-17,13.33,13.4,13.3,13.31,6839344.0
2018-09-18,13.34,13.37,13.251,13.31,5833883.0
2018-09-19,13.37,13.485,13.34,13.4,14136980.0
2018-09-20,13.41,13.46,13.36,13.45,9183446.0
2018-09-21,13.34,13.5384,13.32,13.44,11079080.0
2018-09-24,13.44,13.53,13.41,13.41,9671966.0
2018-09-25,13.57,13.69,13.57,13.59,11302760.0
2018-09-26,13.52,13.6,13.45,13.49,10002210.0
2018-09-27,13.36,13.45,13.33,13.41,6534766.0
2018-09-28,13.63,13.84,13.62,13.73,15281910.0
2018-10-01,13.533,13.65,13.51,13.62,9287505.0
2018-10-02,13.9,14.02,13.76,13.79,20930420.0
2018-10-03,13.84,13.89,13.74,13.78,8549214.0
2018-10-04,13.85,13.87,13.66,13.71,9241938.0
2018-10-05,13.81,13.83,13.7,13.75,7015978.0
2018-10-08,13.46,13.53,13.4,13.53,9286838.0
2018-10-09,13.48,13.55,13.405,13.53,6389778.0
2018-10-10,13.49,13.5,13.385,13.45,8625695.0
2018-10-11,13.59,13.7466,13.555,13.67,15822980.0
2018-10-12,13.78,13.81,13.67,13.74,8082000.0
2018-10-15,13.83,13.88,13.77,13.8,6604502.0
2018-10-16,13.91,13.93,13.76,13.78,7548832.0
2018-10-17,13.79,13.845,13.72,13.74,7070847.0
2018-10-18,13.7,13.78,13.65,13.7,6015151.0
2018-10-19,13.8,13.83,13.72,13.74,4864483.0
2018-10-22,13.69,13.7,13.64,13.68,4817460.0
2018-10-23,13.89,13.915,13.82,13.83,8087926.0
2018-10-24,13.85,13.88,13.76,13.79,6575599.0
2018-10-25,13.77,13.79,13.71,13.74,6664413.0
2018-10-26,13.8,13.88,13.77,13.81,7860024.0
2018-10-29,13.8,13.8,13.53,13.59,9771613.0
2018-10-30,13.57,13.63,13.56,13.61,5979485.0
2018-10-31,13.44,13.47,13.385,13.41,9352614.0
2018-11-01,13.72,13.92,13.69,13.83,11925300.0
2018-11-02,13.91,14.01,13.82,13.86,9781212.0
2018-11-05,13.77,13.83,13.72,13.76,5177152.0
2018-11-06,13.71,13.725,13.61,13.65,5152186.0
2018-11-07,13.75,13.7699,13.67,13.67,4200268.0
2018-11-08,13.56,13.615,13.51,13.56,5514175.0
2018-11-09,13.37,13.37,13.25,13.32,12227170.0
2018-11-12,13.22,13.22,13.15,13.17,5985231.0
2018-11-13,13.16,13.24,13.11,13.15,10739530.0
2018-11-14,13.16,13.34,13.1403,13.28,11361280.0
2018-11-15,13.31,13.48,13.3,13.42,7407373.0
2018-11-16,13.52,13.55,13.47,13.53,8750909.0
2018-11-19,13.53,13.57,13.49,13.55,6229887.0
2018-11-20,13.53,13.54,13.3601,13.45,6921608.0
2018-11-21,13.58,13.67,13.58,13.6,5733043.0
2018-11-23,13.43,13.45,13.395,13.42,3310644.0
2018-11-26,13.43,13.46,13.36,13.39,5099987.0
2018-11-27,13.4,13.42,13.23,13.29,7161251.0
2018-11-28,13.31,13.525,13.2632,13.43,8929365.0
2018-11-29,13.47,13.52,13.4,13.43,6866908.0
2018-11-30,13.3,13.32,13.2,13.32,7259868.0
2018-12-03,13.63,13.65,13.48,13.49,11924280.0
2018-12-04,13.74,13.77,13.62,13.62,10207730.0
2018-12-06,13.54,13.61,13.52,13.6,6351961.0
2018-12-07,13.64,13.76,13.63,13.73,8442716.0
2018-12-10,13.63,13.71,13.6,13.65,6420106.0
2018-12-11,13.76,13.82,13.63,13.66,6799028.0
2018-12-12,13.8,13.89,13.79,13.82,7021003.0
2018-12-13,13.84,13.88,13.8,13.86,4870031.0
2018-12-14,13.62,13.735,13.6,13.7,8673745.0
2018-12-17,13.71,13.8056,13.68,13.77,6500295.0
2018-12-18,13.75,13.82,13.72,13.75,6808492.0
2018-12-19,13.81,13.93,13.65,13.69,16732090.0
2018-12-20,13.88,13.94,13.8,13.85,13576550.0
2018-12-21,13.82,13.84,13.71,13.74,7221628.0
2018-12-24,13.79,13.91,13.79,13.87,6303906.0
2018-12-26,14.1,14.24,14.05,14.11,15130190.0
2018-12-27,14.25,14.335,14.2134,14.3,13956730.0
2018-12-28,14.4,14.445,14.325,14.42,11441020.0
2018-12-31,14.42,14.56,14.41,14.52,10893850.0
2019-01-02,14.46,14.66,14.45,14.56,12281650.0
2019-01-03,14.69,14.79,14.63,14.75,12919660.0
2019-01-04,14.73,14.79,14.63,14.73,17848590.0
2019-01-07,14.76,14.78,14.66,14.67,7430349.0
2019-01-08,14.65,14.725,14.64,14.69,6775747.0
2019-01-09,14.68,14.81,14.66,14.78,11010450.0
2019-01-10,14.68,14.72,14.59,14.6,8697868.0
2019-01-11,14.62,14.7,14.595,14.64,4940838.0
2019-01-14,14.67,14.7,14.62,14.66,4368923.0
2019-01-15,14.71,14.735,14.59,14.6,15518150.0
2019-01-16,14.65,14.69,14.61,14.63,6583492.0
2019-01-17,14.55,14.6,14.51,14.57,7608026.0
2019-01-18,14.45,14.5,14.37,14.37,9388775.0
2019-01-22,14.33,14.405,14.3,14.39,8539323.0
2019-01-23,14.35,14.43,14.32,14.42,5687132.0
2019-01-24,14.4,14.42,14.33,14.36,3807940.0
2019-01-25,14.58,14.76,14.58,14.74,10681920.0
2019-01-28,14.66,14.8,14.645,14.79,7751225.0
2019-01-29,14.88,14.91,14.835,14.88,6477210.0
2019-01-30,14.92,15.115,14.88,15.05,12454660.0
2019-01-31,15.17,15.19,15.03,15.05,8508628.0
2019-02-01,15.05,15.08,14.91,14.92,6652533.0
2019-02-04,14.83,14.93,14.82,14.88,5917717.0
2019-02-05,14.91,14.93,14.835,14.87,5943212.0
2019-02-06,14.85,14.8563,14.67,14.68,7818542.0
2019-02-07,14.7,14.78,14.69,14.77,7336335.0
2019-02-08,14.79,14.87,14.76,14.83,5287515.0
2019-02-11,14.72,14.8,14.71,14.72,3485520.0
2019-02-12,14.75,14.76,14.7,14.73,4313512.0
2019-02-13,14.74,14.8384,14.58,14.59,7896170.0
2019-02-14,14.57,14.67,14.55,14.65,6542582.0
2019-02-15,14.7,14.83,14.63,14.82,6506777.0
2019-02-19,14.84,15.02,14.84,15.02,7939305.0
2019-02-20,15.07,15.21,15.03,15.07,9501140.0
2019-02-21,14.95,14.97,14.83,14.83,7561329.0
2019-02-22,14.92,14.99,14.9,14.95,4114033.0
2019-02-25,14.97,14.99,14.861,14.9,5508333.0
2019-02-26,14.94,14.945,14.83,14.94,4878719.0
2019-02-27,14.87,14.87,14.73,14.75,6791706.0
2019-02-28,14.75,14.75,14.61,14.63,5910434.0
2019-03-01,14.49,14.55,14.2,14.2,17579540.0
2019-03-04,14.16,14.19,14.12,14.15,9025967.0
2019-03-05,14.15,14.21,14.11,14.2,7147933.0
2019-03-06,14.17,14.17,14.11,14.15,6299311.0
2019-03-07,14.07,14.14,14.05,14.09,6000476.0
2019-03-08,14.32,14.42,14.3,14.41,8966932.0
2019-03-11,14.36,14.37,14.2629,14.37,6609509.0
2019-03-12,14.46,14.51,14.405,14.48,7793108.0
2019-03-13,14.51,14.545,14.48,14.51,4718530.0
2019-03-14,14.25,14.27,14.2,14.24,7674930.0
2019-03-15,14.39,14.43,14.33,14.33,5594642.0
2019-03-18,14.41,14.4666,14.36,14.39,4616220.0
2019-03-19,14.46,14.48,14.39,14.4,4290575.0
2019-03-20,14.45,14.59,14.32,14.54,13562650.0
2019-03-21,14.56,14.56,14.42,14.5,8084496.0
2019-03-22,14.45,14.49,14.41,14.45,4446913.0
2019-03-25,14.54,14.61,14.52,14.56,7321209.0
2019-03-26,14.54,14.54,14.43,14.47,4876765.0
2019-03-27,14.42,14.4362,14.31,14.32,8431545.0
2019-03-28,14.17,14.17,14.04,14.07,15694800.0
2019-03-29,14.24,14.25,14.17,14.18,8460273.0
2019-04-01,14.24,14.25,14.14,14.15,7036713.0
2019-04-02,14.07,14.17,14.05,14.16,5549208.0
2019-04-03,14.1,14.22,14.1,14.2,7055968.0
2019-04-04,14.02,14.23,13.97,14.22,12107910.0
2019-04-05,14.21,14.24,14.13,14.17,6308969.0
2019-04-08,14.3,14.31,14.245,14.31,7110933.0
2019-04-09,14.35,14.35,14.26,14.28,5532232.0
2019-04-10,14.25,14.34,14.25,14.28,4836759.0
2019-04-11,14.12,14.165,13.97,14.02,13574450.0
2019-04-12,14.09,14.17,14.035,14.05,7300297.0
2019-04-15,13.96,14.1,13.92,14.06,10211720.0
2019-04-16,13.99,14.08,13.97,14.07,11775630.0
2019-04-17,14.1,14.11,13.99,14.05,6207996.0
2019-04-18,14.03,14.08,14.03,14.06,5079756.0
2019-04-22,14.08,14.1,14.0445,14.08,5204577.0
2019-04-23,13.86,13.93,13.83,13.91,7051320.0
2019-04-24,13.92,14.05,13.92,14.0,4856171.0
2019-04-25,14.02,14.08,13.98,14.0,4319512.0
2019-04-26,14.09,14.14,14.04,14.1,6323618.0
2019-04-29,14.01,14.01,13.95,13.99,3614749.0
2019-04-30,13.94,14.04,13.91,14.02,6561167.0
2019-05-01,13.89,13.93,13.69,13.75,21701240.0
2019-05-02,13.72,13.75,13.65,13.71,6896142.0
2019-05-03,13.87,14.03,13.86,13.96,11477020.0
2019-05-06,13.87,13.99,13.86,13.98,5917677.0
2019-05-07,13.95,13.9805,13.92,13.98,4725364.0
2019-05-08,13.96,13.98,13.89,13.89,4686850.0
2019-05-09,13.78,13.88,13.77,13.83,4294998.0
2019-05-10,13.83,13.87,13.8101,13.84,3084113.0
2019-05-13,13.86,13.87,13.8,13.84,5973289.0
2019-05-14,13.87,13.92,13.8299,13.86,7100054.0
2019-05-15,13.88,13.89,13.83,13.85,5351401.0
2019-05-16,13.81,13.82,13.6,13.65,11341610.0
2019-05-17,13.53,13.54,13.49,13.52,7504723.0
2019-05-20,13.52,13.57,13.5,13.55,4386488.0
2019-05-21,13.51,13.56,13.47,13.53,3969696.0
2019-05-22,13.55,13.58,13.52,13.54,4528120.0
2019-05-23,13.61,13.72,13.6,13.68,6396443.0
2019-05-24,13.66,13.67,13.6144,13.65,3010736.0
2019-05-28,13.45,13.46,13.39,13.46,9200679.0
2019-05-29,13.55,13.57,13.49,13.52,5308994.0
2019-05-30,13.55,13.66,13.53,13.6,4695268.0
2019-05-31,13.61,13.76,13.595,13.65,8236048.0
2019-06-03,13.77,13.9,13.75,13.87,13206790.0
2019-06-04,13.83,13.92,13.79,13.89,9325958.0
2019-06-05,14.01,14.03,13.8301,13.88,16061080.0
2019-06-06,14.0,14.01,13.92,13.92,7343760.0
2019-06-07,14.06,14.2,14.04,14.06,15937360.0
2019-06-10,13.83,13.85,13.72,13.78,11276110.0
2019-06-11,13.78,13.865,13.77,13.81,5760889.0
2019-06-12,13.84,13.9,13.82,13.84,5578327.0
2019-06-13,13.88,13.99,13.86,13.96,6789190.0
2019-06-14,14.01,14.05,13.85,13.91,9711084.0
2019-06-17,13.97,13.97,13.88,13.9,3905757.0
2019-06-18,14.01,14.14,13.94,14.05,12976740.0
2019-06-19,14.02,14.17,13.999,14.17,13453960.0
2019-06-20,14.39,14.5367,14.35,14.45,21668680.0
2019-06-21,14.36,14.4,14.245,14.36,12708820.0
2019-06-24,14.35,14.49,14.35,14.46,14157620.0
2019-06-25,14.43,14.51,14.3,14.38,24459390.0
2019-06-26,14.31,14.38,14.26,14.32,9171240.0
2019-06-27,14.22,14.29,14.2,14.28,10633630.0
2019-06-28,14.28,14.36,14.249,14.33,15532390.0
2019-07-01,14.24,14.33,14.17,14.18,10326590.0
2019-07-02,14.14,14.32,14.12,14.29,13887100.0
2019-07-03,14.34,14.36,14.29,14.32,8250777.0
2019-07-05,14.09,14.1,13.95,14.06,17275110.0
2019-07-08,14.12,14.13,14.04,14.05,9461919.0
2019-07-09,14.09,14.17,14.045,14.14,8468362.0
2019-07-10,14.27,14.29,14.15,14.26,14062800.0
2019-07-11,14.23,14.275,14.14,14.17,8932466.0
2019-07-12,14.18,14.285,14.14,14.26,7983460.0
2019-07-15,14.29,14.43,14.28,14.42,17348940.0
2019-07-16,14.505,14.7,14.5,14.54,39105550.0
2019-07-17,14.75,14.98,14.74,14.94,27911790.0
2019-07-18,15.07,15.32,15.01,15.29,38318790.0
2019-07-19,15.4,15.54,15.0335,15.17,41873580.0
2019-07-22,15.3,15.39,15.28,15.35,18111290.0
2019-07-23,15.41,15.49,15.33,15.34,23827080.0
2019-07-24,15.54,15.59,15.48,15.52,15739910.0
2019-07-25,15.47,15.48,15.27,15.36,19998730.0
2019-07-26,15.42,15.43,15.2901,15.31,10282910.0
2019-07-29,15.36,15.43,15.3,15.4,10652840.0
2019-07-30,15.45,15.55,15.39,15.5,9505368.0
2019-07-31,15.39,15.43,15.16,15.21,28741410.0
2019-08-01,15.0,15.34,14.98,15.34,28690670.0
2019-08-02,15.09,15.274,15.08,15.19,20157540.0
2019-08-05,15.37,15.49,15.221,15.33,31227080.0
2019-08-06,15.4,15.43,15.32,15.38,12926210.0
2019-08-07,15.85,16.15,15.83,15.97,49867910.0
2019-08-08,15.78,15.99,15.74,15.89,23338170.0
2019-08-09,15.85,15.9673,15.7841,15.89,14846740.0
2019-08-12,15.86,16.07,15.84,15.98,20240610.0
2019-08-13,16.18,16.19,15.47,15.87,37886830.0
2019-08-14,16.12,16.2166,15.98,16.08,36647560.0
2019-08-15,16.13,16.18,16.0632,16.13,17074290.0
2019-08-16,16.1,16.14,15.97,16.02,16425870.0
2019-08-19,15.87,15.94,15.78,15.79,14622950.0
2019-08-20,15.91,16.09,15.91,16.05,12229810.0
2019-08-21,15.99,16.1,15.95,16.05,12415800.0
2019-08-22,15.98,16.05,15.95,15.97,7015141.0
2019-08-23,16.04,16.36,15.98,16.35,25982990.0
2019-08-26,16.5,16.63,16.4499,16.52,22964250.0
2019-08-27,16.84,17.04,16.77,17.03,38883750.0
2019-08-28,17.15,17.25,17.01,17.17,30880890.0
2019-08-29,17.36,17.41,16.88,17.07,52544420.0
2019-08-30,17.09,17.26,17.0,17.15,28394820.0
2019-09-03,17.59,17.94,17.52,17.89,40489690.0
2019-09-04,18.08,18.35,18.05,18.34,34346830.0
2019-09-05,17.98,17.98,17.29,17.41,53330600.0
2019-09-06,17.49,17.59,16.8,16.87,68358110.0
2019-09-09,16.93,17.01,16.8,16.83,26029990.0
2019-09-10,16.96,17.01,16.85,16.85,22611940.0
2019-09-11,16.8,16.98,16.79,16.95,16979420.0
2019-09-12,16.98,17.11,16.85,16.92,29348650.0
2019-09-13,16.9,16.94,16.28,16.31,42316980.0
2019-09-16,16.71,16.84,16.6,16.74,21190040.0
2019-09-17,16.73,16.92,16.66,16.86,12810580.0
2019-09-18,16.75,16.84,16.38,16.55,29102320.0
2019-09-19,16.72,16.75,16.61,16.62,10573710.0
2019-09-20,16.65,16.8,16.61,16.8,14290130.0
2019-09-23,17.29,17.51,17.26,17.51,24268610.0
2019-09-24,17.2,17.46,17.07,17.44,27662440.0
2019-09-25,17.29,17.35,16.67,16.71,29554790.0
2019-09-26,16.76,16.8888,16.6342,16.67,20381050.0
2019-09-27,16.26,16.49,16.19,16.36,25369400.0
2019-09-30,16.03,16.1,15.83,15.92,29355950.0
2019-10-01,15.96,16.2098,15.9137,16.15,23358780.0
2019-10-02,16.33,16.54,16.27,16.43,21350760.0
2019-10-03,16.38,16.65,16.37,16.43,24527000.0
2019-10-04,16.3,16.46,16.25,16.41,17226390.0
2019-10-07,16.38,16.46,16.28,16.3,8412018.0
2019-10-08,16.6,16.66,16.49,16.61,19979260.0
2019-10-09,16.68,16.68,16.54,16.6,15513320.0
2019-10-10,16.47,16.49,16.29,16.37,15081950.0
2019-10-11,16.38,16.42,16.21,16.37,28144180.0
2019-10-14,16.43,16.55,16.4,16.49,10411430.0
2019-10-15,16.39,16.3902,16.2114,16.27,19757050.0
2019-10-16,16.25,16.29,16.15,16.26,15311860.0
2019-10-17,16.4,16.5,16.36,16.4,14245340.0
2019-10-18,16.38,16.445,16.35,16.41,15862010.0
2019-10-21,16.65,16.68,16.38,16.41,17782570.0
2019-10-22,16.4,16.46,16.29,16.37,12075740.0
2019-10-23,16.43,16.47,16.38,16.39,8540320.0
2019-10-24,16.61,16.69,16.5701,16.65,14953450.0
2019-10-25,17.08,17.11,16.685,16.89,25824830.0
2019-10-28,16.8,16.81,16.62,16.68,13873300.0
2019-10-29,16.53,16.74,16.5,16.65,13722360.0
2019-10-30,16.68,16.73,16.44,16.73,15563710.0
2019-10-31,16.86,17.0,16.81,16.92,15539200.0
2019-11-01,16.86,16.93,16.8171,16.92,13063190.0
2019-11-04,16.94,16.97,16.7901,16.85,12990080.0
2019-11-05,16.59,16.63,16.39,16.44,22623350.0
2019-11-06,16.43,16.5,16.39,16.47,11237970.0
2019-11-07,16.44,16.46,15.84,16.0,31701720.0
2019-11-08,15.77,15.88,15.7,15.7,20154820.0
2019-11-11,15.74,15.8,15.57,15.75,15008500.0
2019-11-12,15.69,15.73,15.55,15.72,13814110.0
2019-11-13,15.82,15.9,15.76,15.83,12097840.0
2019-11-14,15.87,15.97,15.77,15.9,9141394.0
2019-11-15,15.81,15.9,15.79,15.85,9715041.0
2019-11-18,15.88,15.94,15.84,15.92,7990749.0
2019-11-19,15.88,16.06,15.87,16.02,8945838.0
2019-11-20,15.97,16.05,15.9199,16.04,11763420.0
2019-11-21,16.0,16.0565,15.945,15.99,8211398.0
2019-11-22,15.98,16.0101,15.88,15.9,7819144.0
2019-11-25,15.81,15.885,15.77,15.78,8823366.0
2019-11-26,15.82,15.99,15.72,15.99,11261960.0
2019-11-27,15.85,15.9,15.82,15.84,14430010.0
2019-11-29,15.79,15.93,15.76,15.92,6371708.0
2019-12-02,15.8,15.87,15.77,15.8,9184706.0
2019-12-03,16.02,16.08,16.0,16.05,13113180.0
2019-12-04,15.95,15.9501,15.7,15.76,15152020.0
2019-12-05,15.74,15.9,15.74,15.85,9091979.0
2019-12-06,15.61,15.61,15.44,15.48,19256550.0
2019-12-09,15.5,15.54,15.48,15.5,6761395.0
2019-12-10,15.59,15.62,15.52,15.57,5869536.0
2019-12-11,15.59,15.85,15.56,15.75,12816240.0
2019-12-12,15.96,15.96,15.665,15.85,15772010.0
2019-12-13,15.78,15.86,15.74,15.84,11152490.0
2019-12-16,15.89,15.95,15.85,15.91,9581236.0
2019-12-17,15.9,15.93,15.84,15.88,5863132.0
2019-12-18,15.82,15.9,15.82,15.9,4459068.0
2019-12-19,15.87,16.0,15.8411,15.94,8034180.0
2019-12-20,16.07,16.12,15.96,16.04,11683210.0
2019-12-23,16.16,16.3042,16.16,16.28,12808740.0
2019-12-24,16.46,16.615,16.45,16.58,11735250.0
2019-12-26,16.78,16.86,16.58,16.73,16468760.0
2019-12-27,16.7,16.7899,16.57,16.58,12694910.0
2019-12-30,16.7,16.78,16.67,16.74,10857200.0
2019-12-31,16.77,16.81,16.64,16.68,11184530.0
2020-01-02,16.84,16.9,16.7507,16.81,13492430.0
2020-01-03,16.92,16.95,16.8,16.84,13528880.0
2020-01-06,17.17,17.18,16.8201,16.94,18069220.0
2020-01-07,16.98,17.21,16.93,17.17,16001210.0
2020-01-08,17.16,17.1885,16.86,16.93,29947700.0
2020-01-09,16.72,16.76,16.62,16.72,14807330.0
2020-01-10,16.8,16.9566,16.78,16.89,9406627.0
2020-01-13,16.84,16.85,16.73,16.78,10658670.0
2020-01-14,16.6,16.68,16.54,16.62,12185320.0
2020-01-15,16.73,16.85,16.705,16.81,10948910.0
2020-01-16,16.78,16.825,16.72,16.77,8376483.0
2020-01-17,16.83,16.89,16.74,16.82,12339230.0
2020-01-21,16.5,16.71,16.46,16.64,13645130.0
2020-01-22,16.71,16.75,16.62,16.66,7441784.0
2020-01-23,16.58,16.69,16.56,16.61,10803410.0
2020-01-24,16.69,16.95,16.675,16.91,16075050.0
2020-01-27,17.04,17.06,16.84,16.89,11885600.0
2020-01-28,16.58,16.605,16.28,16.32,27626330.0
2020-01-29,16.28,16.43,16.27,16.41,9629913.0
2020-01-30,16.73,16.85,16.59,16.68,22673760.0
2020-01-31,16.69,16.9,16.68,16.82,17223370.0
2020-02-03,16.61,16.6161,16.43,16.5,17770560.0
2020-02-04,16.52,16.5399,16.3642,16.45,13522260.0
2020-02-05,16.45,16.4811,16.39,16.46,8713851.0
2020-02-06,16.65,16.66,16.55,16.63,10583480.0
2020-02-07,16.61,16.64,16.47,16.54,11066420.0
2020-02-10,16.59,16.66,16.54,16.61,7382747.0
2020-02-11,16.54,16.55,16.4,16.48,10832680.0
2020-02-12,16.35,16.4,16.3,16.33,10358680.0
2020-02-13,16.53,16.55,16.45,16.46,7589232.0
2020-02-14,16.61,16.616,16.54,16.56,8611213.0
2020-02-18,16.78,17.02,16.73,17.01,18508010.0
2020-02-19,17.04,17.24,16.99,17.23,16491210.0
2020-02-20,17.09,17.2,17.07,17.14,13454320.0
2020-02-21,17.27,17.41,17.24,17.28,18341670.0
2020-02-24,17.56,17.69,17.3,17.4,29339010.0
2020-02-25,17.13,17.2,16.665,16.71,42614670.0
2020-02-26,16.7,16.8199,16.6,16.68,22378770.0
2020-02-27,16.79,16.84,16.45,16.47,40098570.0
2020-02-28,15.89,15.89,15.28,15.53,68672690.0
2020-03-02,15.61,15.7093,15.53,15.56,29297880.0
2020-03-03,15.73,16.31,15.7,16.02,51453110.0
2020-03-04,16.01,16.105,15.94,16.09,15904610.0
2020-03-05,16.12,16.3,16.1,16.3,16083990.0
2020-03-06,16.24,16.26,15.89,16.18,27540450.0
2020-03-09,15.78,15.95,15.63,15.88,34388950.0
2020-03-10,15.88,15.89,15.685,15.73,26387320.0
2020-03-11,15.8,15.86,15.55,15.63,26575220.0
2020-03-12,15.0,15.125,14.4835,14.62,60548670.0
2020-03-13,14.67,14.69,13.47,13.69,66735960.0
2020-03-16,11.83,12.41,11.675,12.0,56056820.0
2020-03-17,11.64,12.38,11.52,11.88,55691240.0
2020-03-18,11.44,11.62,10.86,11.21,63234610.0
2020-03-19,11.34,11.44,11.04,11.32,52642210.0
2020-03-20,11.72,11.925,11.5201,11.62,41231770.0
2020-03-23,11.97,12.39,11.87,12.31,47133090.0
2020-03-24,13.23,13.38,12.87,13.29,41209450.0
2020-03-25,13.26,13.6499,13.19,13.51,40503420.0
2020-03-26,13.59,13.71,13.35,13.53,35076450.0
2020-03-27,13.51,13.53,13.29,13.44,19555560.0
2020-03-30,13.06,13.27,12.88,13.16,26617550.0
2020-03-31,13.12,13.32,12.95,13.05,23214820.0
2020-04-01,13.0,13.14,12.87,13.02,17824220.0
2020-04-02,13.42,13.5902,13.345,13.53,20635360.0
2020-04-03,13.48,13.5401,13.33,13.46,15810610.0
2020-04-06,13.57,14.09,13.47,14.03,33922460.0
2020-04-07,14.21,14.23,13.87,13.99,22812230.0
2020-04-08,14.03,14.075,13.87,13.94,14213740.0
2020-04-09,14.31,14.519,14.185,14.34,30312880.0
2020-04-13,14.19,14.49,14.13,14.4,19793730.0
2020-04-14,14.58,14.795,14.46,14.65,25722510.0
2020-04-15,14.49,14.5,14.25,14.49,18239740.0
2020-04-16,14.37,14.51,14.18,14.51,19663950.0
2020-04-17,14.27,14.31,14.07,14.15,17462360.0
2020-04-20,14.2,14.4,14.19,14.26,18226840.0
2020-04-21,13.66,13.915,13.55,13.88,24274270.0
2020-04-22,14.01,14.14,13.925,14.09,19268560.0
2020-04-23,14.25,14.41,14.085,14.21,21764500.0
2020-04-24,14.28,14.325,14.01,14.21,15131770.0
2020-04-27,14.21,14.23,14.01,14.21,11423500.0
2020-04-28,14.19,14.19,13.97,14.1,11221280.0
2020-04-29,14.18,14.36,14.07,14.28,16889540.0
2020-04-30,14.07,14.17,13.76,13.98,26829130.0
2020-05-01,13.9,14.02,13.75,13.92,16724410.0
2020-05-04,13.81,13.88,13.73,13.77,17912760.0
2020-05-05,13.92,14.03,13.82,13.93,16678430.0
2020-05-06,13.95,14.0,13.88,13.92,10596020.0
2020-05-07,14.06,14.4,14.0301,14.26,37394800.0
2020-05-08,14.36,14.6,14.35,14.44,31544340.0
2020-05-11,14.5,14.52,14.31,14.44,18529390.0
2020-05-12,14.51,14.58,14.39,14.42,19816590.0
2020-05-13,14.45,14.57,14.38,14.55,19797920.0
2020-05-14,14.49,14.83,14.47,14.81,33095800.0
2020-05-15,15.42,15.61,15.24,15.51,54736200.0
2020-05-18,15.95,16.04,15.74,15.79,48124290.0
2020-05-19,16.15,16.32,16.075,16.17,48516910.0
2020-05-20,16.27,16.445,16.21,16.36,39047950.0
2020-05-21,16.13,16.15,15.71,15.96,37580260.0
2020-05-22,15.96,16.09,15.915,16.04,25203360.0
2020-05-26,16.28,16.28,15.86,15.97,30607220.0
2020-05-27,15.75,16.2,15.72,16.15,36108970.0
2020-05-28,16.24,16.3361,16.1,16.19,30255740.0
2020-05-29,16.55,16.7,16.49,16.66,42255860.0
2020-06-01,16.86,17.1,16.83,17.1,31283170.0
2020-06-02,17.06,17.07,16.57,16.84,32202590.0
2020-06-03,16.5,16.56,16.27,16.48,36302870.0
2020-06-04,16.54,16.6389,16.36,16.54,20272500.0
2020-06-05,16.18,16.23,16.04,16.2,27360390.0
2020-06-08,16.35,16.6,16.275,16.59,25594820.0
2020-06-09,16.43,16.57,16.3617,16.42,18582710.0
2020-06-10,16.7,16.96,16.3601,16.96,40556950.0
2020-06-11,16.75,16.88,16.28,16.44,41000090.0
2020-06-12,16.44,16.55,16.21,16.28,31220550.0
2020-06-15,15.87,16.28,15.79,16.23,28946330.0
2020-06-16,16.2,16.38,16.18,16.26,23368020.0
2020-06-17,16.34,16.41,16.245,16.33,13485680.0
2020-06-18,16.2,16.255,16.12,16.21,15444940.0
2020-06-19,16.43,16.6,16.36,16.49,26968820.0
2020-06-22,16.72,16.81,16.46,16.5,26625380.0
2020-06-23,16.73,16.77,16.64,16.76,25742470.0
2020-06-24,16.36,16.62,16.24,16.28,25976500.0
2020-06-25,16.5,16.61,16.41,16.59,16699830.0
2020-06-26,16.49,16.735,16.29,16.63,26029210.0
2020-06-29,16.58,16.66,16.49,16.65,13861900.0
2020-06-30,16.65,17.01,16.65,17.01,37872860.0
2020-07-01,17.01,17.03,16.615,16.82,36577140.0
2020-07-02,16.7,16.89,16.671,16.71,18564070.0
2020-07-06,17.08,17.16,16.95,17.05,24977640.0
2020-07-07,16.93,17.1197,16.92,17.01,25945180.0
2020-07-08,17.33,17.49,17.3,17.49,37782450.0
2020-07-09,17.7,17.74,17.2233,17.38,40376180.0
2020-07-10,17.49,17.53,17.3,17.43,20454510.0
2020-07-13,17.99,18.08,17.71,17.73,49876290.0
2020-07-14,17.71,18.0,17.67,17.97,35495230.0
2020-07-15,17.89,18.17,17.83,18.17,36148450.0
2020-07-16,17.98,18.06,17.78,17.78,29566990.0
2020-07-17,17.98,18.07,17.89,18.01,34200140.0
2020-07-20,18.36,18.57,18.23,18.53,41717150.0
2020-07-21,19.52,19.88,19.42,19.67,76947270.0
2020-07-22,20.65,21.45,20.51,21.44,125780300.0
2020-07-23,21.1,21.51,20.72,21.03,95257090.0
2020-07-24,21.34,21.36,20.93,21.21,49831670.0
2020-07-27,22.56,22.85,22.42,22.83,94894560.0
2020-07-28,22.31,22.97,22.07,22.77,94721850.0
2020-07-29,22.68,23.25,21.71,22.57,83963380.0
2020-07-30,21.7,22.01,21.4,21.76,60066520.0
2020-07-31,22.21,22.67,22.11,22.65,49164100.0
2020-08-03,22.59,22.775,22.38,22.74,40947460.0
2020-08-04,22.7,24.25,22.62,24.25,75735420.0
2020-08-05,25.12,25.28,24.61,25.05,92854820.0
2020-08-06,26.31,26.9,25.88,26.88,108854600.0
2020-08-07,26.28,26.375,25.48,26.19,123705200.0
2020-08-10,26.59,27.39,26.57,27.0,81732460.0
2020-08-11,25.23,25.52,23.055,23.33,165630300.0
2020-08-12,24.15,24.42,23.39,23.42,80902870.0
2020-08-13,24.65,25.81,24.57,25.45,95485030.0
2020-08-14,25.11,25.23,23.975,24.58,73263640.0
2020-08-17,25.48,25.67,25.24,25.62,49360450.0
2020-08-18,26.42,26.485,25.23,25.88,58275790.0
2020-08-19,25.94,26.0499,24.7,24.88,72926350.0
2020-08-20,24.93,25.64,24.88,25.61,43984010.0
2020-08-21,24.87,25.02,24.42,24.9,55295520.0
2020-08-24,25.08,25.1,24.52,24.6,37090410.0
2020-08-25,24.73,24.77,24.26,24.76,34800080.0
2020-08-26,24.63,25.57,24.61,25.57,55145540.0
2020-08-27,25.89,25.9,24.68,25.16,63820730.0
2020-08-28,25.61,25.81,25.47,25.61,35855800.0
2020-08-31,26.04,26.42,25.95,26.23,36721090.0
2020-09-01,26.73,26.75,25.67,26.14,49242740.0
2020-09-02,25.72,25.73,25.2,25.55,43040970.0
2020-09-03,25.39,25.51,24.6427,24.74,64081580.0
2020-09-04,24.85,25.14,24.47,25.06,48439270.0
2020-09-08,24.44,25.09,24.05,24.75,44508490.0
2020-09-09,24.98,25.25,24.88,25.18,28197160.0
2020-09-10,25.53,25.57,24.84,24.86,47518580.0
2020-09-11,25.03,25.17,24.731,24.9,27839250.0
2020-09-14,25.13,25.42,25.13,25.29,26044330.0
2020-09-15,25.44,25.5,25.135,25.23,26323690.0
2020-09-16,25.46,25.54,25.0,25.23,36351720.0
2020-09-17,24.65,25.24,24.51,25.23,28618640.0
2020-09-18,24.98,25.26,24.92,24.93,23915530.0
2020-09-21,24.2,24.34,22.06,23.03,99141370.0
2020-09-22,22.81,22.98,22.46,22.79,32002300.0
2020-09-23,21.93,22.07,21.02,21.17,98246390.0
2020-09-24,20.58,21.73,20.45,21.56,72093000.0
2020-09-25,21.16,21.535,21.11,21.3,34913050.0
2020-09-28,21.726,22.08,21.5,22.02,31756790.0
2020-09-29,22.24,22.71,22.165,22.5,33384080.0
2020-09-30,22.27,22.38,21.53,21.64,43717720.0
2020-10-01,22.01,22.5,21.76,22.09,35290690.0
2020-10-02,22.25,22.52,22.04,22.13,25735110.0
2020-10-05,22.32,22.81,22.3,22.62,22288140.0
2020-10-06,22.62,22.73,21.6211,21.73,31901990.0
2020-10-07,21.98,22.32,21.89,22.09,18967290.0
2020-10-08,22.39,22.53,22.01,22.18,20342220.0
2020-10-09,22.8,23.42,22.77,23.41,39187410.0
2020-10-12,23.34,23.5,23.06,23.33,25221690.0
2020-10-13,22.7,22.7,22.27,22.49,42797010.0
2020-10-14,22.8,22.92,22.47,22.54,26426440.0
2020-10-15,22.05,22.62,22.0,22.59,24000850.0
2020-10-16,22.76,22.81,22.42,22.42,19144080.0
2020-10-19,23.04,23.0702,22.515,22.58,25444640.0
2020-10-20,22.86,23.19,22.81,23.02,26084730.0
2020-10-21,23.31,23.53,23.17,23.29,23803600.0
2020-10-22,23.05,23.09,22.67,22.96,19961830.0
2020-10-23,23.02,23.025,22.7,22.94,18613950.0
2020-10-26,22.66,22.81,22.515,22.61,17609230.0
2020-10-27,22.61,22.8,22.51,22.73,15354680.0
2020-10-28,21.82,21.8781,21.42,21.78,38142200.0
2020-10-29,21.29,21.94,21.27,21.71,23123460.0
2020-10-30,22.04,22.115,21.78,21.99,22128970.0
2020-11-02,22.27,22.44,22.09,22.41,18598970.0
2020-11-03,22.63,22.65,22.38,22.44,18195990.0
2020-11-04,22.35,22.5,22.1,22.24,31130600.0
2020-11-05,23.02,23.66,23.0,23.61,57395790.0
2020-11-06,23.92,23.96,23.4838,23.79,32804490.0
2020-11-09,22.78,22.79,21.92,22.5,70211980.0
2020-11-10,22.62,22.78,22.4,22.43,25237860.0
2020-11-11,22.23,22.58,22.2,22.52,17925550.0
2020-11-12,22.54,22.695,22.495,22.55,14173290.0
2020-11-13,23.04,23.085,22.88,22.9,15646720.0
2020-11-16,22.87,23.1,22.815,23.02,19862940.0
2020-11-17,22.85,22.9,22.65,22.74,15381540.0
2020-11-18,22.72,22.9781,22.54,22.55,16177190.0
2020-11-19,22.12,22.445,22.075,22.42,14985350.0
2020-11-20,22.71,22.8059,22.47,22.49,15531900.0
2020-11-23,22.36,22.37,21.78,21.93,30528430.0
2020-11-24,21.5,21.69,21.41,21.63,31397040.0
2020-11-25,21.72,21.85,21.64,21.72,13571300.0
2020-11-27,20.95,21.1676,20.91,21.05,19804420.0
2020-11-30,20.67,21.09,20.6,21.05,20579980.0
2020-12-01,21.93,22.37,21.8505,22.3,32968950.0
2020-12-02,22.095,22.3892,21.98,22.33,19383720.0
2020-12-03,22.34,22.44,22.07,22.43,18680410.0
2020-12-04,22.41,22.59,22.25,22.48,20904030.0
2020-12-07,22.259,23.04,22.25,22.82,28112490.0
2020-12-08,22.92,23.12,22.73,22.82,16554580.0
2020-12-09,22.54,22.57,21.93,22.23,31349890.0
2020-12-10,22.38,22.58,22.185,22.32,13565720.0
2020-12-11,22.23,22.43,22.19,22.26,10761980.0
2020-12-14,22.35,22.53,22.12,22.16,16111140.0
2020-12-15,22.66,22.83,22.6,22.8,17286680.0
2020-12-16,23.22,23.65,22.96,23.62,45978800.0
2020-12-17,24.085,24.27,23.95,24.15,39546230.0
2020-12-18,24.02,24.13,23.865,23.96,29676310.0
2020-12-21,24.116,24.5,24.1,24.38,44728940.0
2020-12-22,24.02,24.13,23.31,23.43,42312180.0
2020-12-23,23.7,23.98,23.68,23.8,24702530.0
2020-12-24,23.72,24.028,23.68,23.96,10558560.0
2020-12-28,24.67,24.84,24.365,24.43,29575640.0
2020-12-29,24.36,24.53,24.11,24.39,23871450.0
2020-12-30,24.42,24.77,24.37,24.76,18836150.0
2020-12-31,24.61,24.725,24.37,24.57,24639740.0
2021-01-04,25.54,25.61,24.865,25.35,54025960.0
2021-01-05,25.46,25.74,25.28,25.67,32882000.0
2021-01-06,25.34,25.4,24.72,25.34,54978680.0
2021-01-07,25.22,25.37,25.05,25.26,27335820.0
2021-01-08,24.73,24.759,22.74,23.51,107226800.0
2021-01-11,22.95,23.49,22.92,23.21,42427400.0
2021-01-12,23.55,23.825,23.375,23.72,28423080.0
2021-01-13,23.58,23.74,23.38,23.44,23619520.0
2021-01-14,23.61,24.07,23.59,23.71,35838280.0
2021-01-15,23.17,23.36,22.835,22.95,41576440.0
2021-01-19,23.48,23.52,23.22,23.38,26077140.0
2021-01-20,23.65,24.05,23.62,24.01,26653480.0
2021-01-21,24.01,24.21,23.84,24.15,19598370.0
2021-01-22,23.515,23.775,23.38,23.66,19320590.0
2021-01-25,23.84,23.89,23.37,23.55,22030500.0
2021-01-26,23.65,23.83,23.55,23.65,13923920.0
2021-01-27,23.335,23.6181,22.94,23.42,36774380.0
2021-01-28,24.53,25.1,23.83,24.72,152066900.0
2021-01-29,25.31,25.48,24.775,24.99,113552000.0
2021-02-01,27.76,27.98,26.1,26.76,280615000.0
2021-02-02,25.54,25.55,24.4101,24.54,124327400.0
2021-02-03,25.0,25.1,24.79,24.93,54593280.0
2021-02-04,24.38,24.5389,24.06,24.48,51529190.0
2021-02-05,24.7401,25.14,24.6501,24.95,33704040.0
2021-02-08,25.51,25.63,25.37,25.39,40683250.0
2021-02-09,25.565,25.62,25.14,25.28,31182510.0
2021-02-10,25.44,25.4641,24.9101,25.07,36120080.0
2021-02-11,25.26,25.3399,24.91,25.09,29925510.0
2021-02-12,25.13,25.4881,25.05,25.31,24872360.0
2021-02-16,25.155,25.7,25.05,25.26,45946630.0
2021-02-17,25.16,25.435,24.93,25.4,32372700.0
2021-02-18,25.23,25.38,24.95,25.06,22250870.0
2021-02-19,25.42,25.62,25.2,25.26,39603390.0
2021-02-22,25.49,26.28,25.43,26.27,55307690.0
2021-02-23,25.83,25.85,25.29,25.71,40191360.0
2021-02-24,25.48,25.97,25.365,25.94,24093140.0
2021-02-25,25.81,26.02,25.4,25.4,38673990.0
2021-02-26,24.9999,25.0111,24.27,24.66,54587120.0
2021-03-01,24.96,25.0404,24.545,24.6,35637540.0
2021-03-02,24.5,24.99,24.4401,24.8,29101950.0
2021-03-03,24.31,24.605,23.99,24.28,41733430.0
2021-03-04,24.11,24.43,23.265,23.56,63992610.0
2021-03-05,23.59,23.59,23.05,23.36,30560470.0
2021-03-08,23.43,23.57,23.28,23.32,18703120.0
2021-03-09,24.04,24.265,24.0129,24.05,29023990.0
2021-03-10,24.18,24.35,24.03,24.32,20388750.0
2021-03-11,24.18,24.33,23.98,24.25,23587840.0
2021-03-12,23.64,24.0789,23.57,24.03,23409770.0
2021-03-15,24.27,24.41,24.13,24.33,21947790.0
2021-03-16,24.07,24.28,23.98,24.1,19951240.0
2021-03-17,24.12,24.625,24.04,24.42,45692550.0
2021-03-18,24.0,24.47,23.99,24.1,40337680.0
2021-03-19,24.26,24.379,24.12,24.31,22871480.0
2021-03-22,23.79,23.955,23.711,23.94,23780960.0
2021-03-23,23.49,23.54,23.21,23.22,28806840.0
2021-03-24,23.47,23.5099,23.22,23.24,18289620.0
2021-03-25,23.075,23.38,23.0289,23.29,29613100.0
2021-03-26,23.2,23.31,23.09,23.23,14587610.0
2021-03-29,23.09,23.14,22.6993,22.91,27664910.0
2021-03-30,22.4399,22.4895,22.1301,22.26,31973570.0
2021-03-31,22.31,22.76,22.26,22.7,24331340.0
2021-04-01,22.87,23.15,22.8,23.15,21555370.0
2021-04-05,23.04,23.2,22.89,23.09,13959600.0
2021-04-06,23.28,23.48,23.2501,23.34,18963130.0
2021-04-07,23.25,23.47,23.2,23.33,12932740.0
2021-04-08,23.68,23.78,23.58,23.62,16756090.0
2021-04-09,23.29,23.485,23.25,23.41,15692790.0
2021-04-12,23.28,23.32,22.93,23.04,22788370.0
2021-04-13,23.51,23.655,23.465,23.51,18876640.0
2021-04-14,23.43,23.65,23.425,23.59,11107150.0
2021-04-15,23.7795,24.1299,23.7622,24.03,29376610.0
2021-04-16,24.2,24.22,24.06,24.09,20854460.0
2021-04-19,23.93,24.045,23.785,23.98,16333330.0
2021-04-20,23.9,24.22,23.9,23.96,20911620.0
2021-04-21,24.15,24.735,24.1243,24.7,32992880.0
2021-04-22,24.43,24.47,24.11,24.21,25916430.0
2021-04-23,24.33,24.39,23.9801,24.14,18442150.0
2021-04-26,24.326,24.33,24.175,24.3,11054460.0
2021-04-27,24.45,24.525,24.345,24.39,12866190.0
2021-04-28,24.1,24.4,23.97,24.4,20534540.0
2021-04-29,24.22,24.27,23.855,24.25,23251470.0
2021-04-30,24.21,24.27,23.9496,24.01,16806780.0
2021-05-03,24.611,25.05,24.51,24.96,36331500.0
2021-05-04,25.0,25.16,24.21,24.57,37719430.0
2021-05-05,24.5,24.5999,24.425,24.57,7161114.0
2021-05-06,24.9,25.48,24.8999,25.37,32473600.0
2021-05-07,25.282,25.5,25.17,25.47,25364440.0
2021-05-10,25.8,25.87,25.26,25.35,28424210.0
2021-05-11,25.23,25.67,25.19,25.67,23444050.0
2021-05-12,25.402,25.565,25.05,25.09,35338050.0
2021-05-13,24.97,25.19,24.92,25.16,25131030.0
2021-05-14,25.39,25.5,25.29,25.46,22955710.0
2021-05-17,25.56,26.25,25.55,26.19,41805790.0
2021-05-18,26.37,26.39,25.98,26.15,28338870.0
2021-05-19,25.69,26.2,25.49,25.73,43585720.0
2021-05-20,25.81,25.98,25.65,25.79,20364600.0
2021-05-21,25.98,25.985,25.23,25.53,31146280.0
2021-05-24,25.73,25.89,25.645,25.75,15601750.0
2021-05-25,25.53,26.01,25.51,25.99,24282060.0
2021-05-26,25.87,25.96,25.6,25.67,23720330.0
2021-05-27,25.67,25.87,25.53,25.85,18584760.0
2021-05-28,25.63,25.95,25.6181,25.9,22529810.0
2021-06-01,26.38,26.43,25.83,25.84,26118360.0
2021-06-02,25.96,26.15,25.89,26.15,14522780.0
2021-06-03,25.442,25.49,25.07,25.46,31455710.0
2021-06-04,25.718,25.83,25.7,25.78,19065430.0
2021-06-07,25.8,25.925,25.715,25.9,17188690.0
2021-06-08,25.72,25.8,25.51,25.61,23460090.0
2021-06-09,25.83,25.97,25.715,25.78,21620890.0
2021-06-10,25.74,26.01,25.66,25.97,24057230.0
2021-06-11,26.14,26.21,25.87,25.87,24834400.0
2021-06-14,25.59,25.9889,25.56,25.84,22004420.0
2021-06-15,25.68,25.705,25.405,25.65,18546690.0
2021-06-16,25.72,25.81,25.25,25.26,41137110.0
2021-06-17,24.36,24.47,23.89,24.05,74182560.0
2021-06-18,24.09,24.22,23.87,23.88,34088250.0
2021-06-21,24.08,24.1399,23.95,24.08,20624810.0
2021-06-22,23.96,24.0,23.843,23.85,17654510.0
2021-06-23,24.05,24.38,23.905,23.93,18041970.0
2021-06-24,24.2,24.27,23.98,24.04,20312410.0
2021-06-25,24.328,24.33,24.08,24.18,12456440.0
2021-06-28,24.23,24.3098,24.16,24.21,13712250.0
2021-06-29,23.85,23.9699,23.75,23.89,19437920.0
2021-06-30,23.988,24.25,23.95,24.22,19309730.0
2021-07-01,24.34,24.3581,24.055,24.11,14288000.0
2021-07-02,24.477,24.63,24.3,24.55,21321980.0
2021-07-06,24.65,24.69,24.11,24.23,23825250.0
2021-07-07,24.39,24.44,24.08,24.24,24910740.0
2021-07-08,24.244,24.26,23.92,24.01,22355050.0
2021-07-09,24.07,24.29,24.05,24.19,11456640.0
2021-07-12,24.2,24.34,24.05,24.28,13849860.0
2021-07-13,24.15,24.305,24.05,24.08,16394590.0
2021-07-14,24.51,24.53,24.15,24.33,26679010.0
2021-07-15,24.38,24.44,24.275,24.38,13954920.0
2021-07-16,24.16,24.23,23.72,23.77,32456970.0
2021-07-19,23.474,23.51,23.18,23.29,36393430.0
2021-07-20,23.24,23.35,23.0,23.14,25553460.0
2021-07-21,23.19,23.46,23.18,23.42,17069040.0
2021-07-22,23.32,23.5985,23.1801,23.56,14274960.0
2021-07-23,23.35,23.41,23.17,23.35,13999090.0
2021-07-26,23.35,23.4499,23.32,23.36,11047680.0
2021-07-27,23.3,23.3099,22.69,22.96,27749020.0
2021-07-28,22.9,23.18,22.81,23.17,19356600.0
2021-07-29,23.64,23.91,23.64,23.72,28655120.0
2021-07-30,23.67,23.735,23.49,23.63,13908400.0
2021-08-02,23.47,23.67,23.47,23.53,14364350.0
2021-08-03,23.66,23.72,23.56,23.68,11872480.0
2021-08-04,24.02,24.0699,23.46,23.54,23504550.0
2021-08-05,23.55,23.5701,23.24,23.3,14401730.0
2021-08-06,22.67,22.69,22.42,22.52,35763890.0
2021-08-09,22.09,22.16,21.53,21.75,44597710.0
2021-08-10,21.6,21.7582,21.55,21.62,17390780.0
2021-08-11,21.77,21.86,21.63,21.84,15281490.0
2021-08-12,21.63,21.63,21.32,21.5,17865180.0
2021-08-13,21.76,22.09,21.7,21.97,20165290.0
2021-08-16,22.0,22.15,21.8901,22.1,13552380.0
2021-08-17,22.03,22.15,21.84,21.9,17660430.0
2021-08-18,21.88,21.88,21.58,21.76,19311720.0
2021-08-19,21.67,21.69,21.43,21.51,16659680.0
2021-08-20,21.45,21.54,21.195,21.35,16170050.0
2021-08-23,21.85,21.95,21.72,21.88,17623920.0
2021-08-24,22.1,22.2,21.975,22.08,17851340.0
2021-08-25,22.08,22.13,21.84,22.09,15318930.0
2021-08-26,21.9,21.98,21.71,21.85,15730720.0
2021-08-27,21.71,22.3467,21.62,22.33,38221980.0
2021-08-30,22.35,22.3791,22.15,22.26,12848420.0
2021-08-31,22.31,22.38,22.05,22.14,17200010.0
2021-09-01,22.36,22.48,22.31,22.37,17441660.0
2021-09-02,22.27,22.27,22.035,22.14,16651150.0
2021-09-03,22.6,23.04,22.54,22.88,28100980.0
2021-09-07,22.67,22.7495,22.38,22.51,22422120.0
2021-09-08,22.47,22.49,22.14,22.17,23791200.0
2021-09-09,22.44,22.45,22.17,22.27,18791230.0
2021-09-10,22.31,22.38,21.99,21.99,17930310.0
2021-09-13,21.8,22.1,21.77,21.99,18019650.0
2021-09-14,22.04,22.19,21.8738,22.1,19070070.0
2021-09-15,22.06,22.145,21.95,22.07,13448160.0
2021-09-16,21.335,21.35,20.93,21.25,52910400.0
2021-09-17,20.99,21.01,20.68,20.74,44713890.0
2021-09-20,20.64,20.845,20.52,20.59,24491880.0
2021-09-21,20.87,21.045,20.7239,20.84,23205410.0
2021-09-22,21.09,21.435,20.92,20.99,46929110.0
2021-09-23,20.94,21.05,20.8799,20.91,22303150.0
2021-09-24,20.51,20.825,20.48,20.71,23093570.0
2021-09-27,20.97,21.16,20.88,20.94,17405550.0
2021-09-28,20.83,20.8802,20.59,20.78,29154760.0
2021-09-29,20.15,20.23,19.83,19.95,56579730.0
2021-09-30,20.19,20.59,20.1429,20.52,61442880.0
2021-10-01,20.81,20.915,20.68,20.83,29866020.0
2021-10-04,20.76,21.03,20.7,20.98,25183910.0
2021-10-05,20.84,20.98,20.71,20.92,21548890.0
2021-10-06,20.75,21.01,20.65,20.96,22553290.0
2021-10-07,20.792,21.1,20.775,20.9,19484280.0
2021-10-08,21.39,21.44,20.94,20.95,33300400.0
2021-10-11,20.97,21.13,20.88,20.88,15152020.0
2021-10-12,20.85,21.09,20.8,20.93,23052090.0
2021-10-13,21.09,21.53,21.08,21.33,37984740.0
2021-10-14,21.62,21.84,21.49,21.8,28993830.0
2021-10-15,21.59,21.7,21.47,21.58,23904000.0
2021-10-18,21.57,21.58,21.3,21.49,16090870.0
2021-10-19,22.23,22.31,21.85,21.89,39515000.0
2021-10-20,22.2,22.61,22.12,22.53,31563860.0
2021-10-21,22.37,22.435,22.22,22.35,15172860.0
2021-10-22,22.59,22.98,22.393,22.54,39029950.0
2021-10-25,22.65,22.79,22.55,22.74,14958270.0
2021-10-26,22.38,22.4,22.1,22.37,21431510.0
2021-10-27,22.35,22.455,22.17,22.29,19097690.0
2021-10-28,22.37,22.45,22.1701,22.27,12812490.0
2021-10-29,22.07,22.15,21.89,22.09,19160360.0
2021-11-01,22.24,22.31,22.1441,22.23,17311080.0
2021-11-02,21.93,21.95,21.64,21.8,24914960.0
2021-11-03,21.41,21.84,21.31,21.81,37161010.0
2021-11-04,22.1,22.255,21.98,22.0,27818230.0
2021-11-05,22.25,22.36,22.03,22.35,22311020.0
2021-11-08,22.54,22.69,22.455,22.65,16458760.0
2021-11-09,22.52,22.63,22.23,22.53,18973660.0
2021-11-10,23.15,23.26,22.69,22.87,46183390.0
2021-11-11,23.22,23.38,23.165,23.35,23239900.0
2021-11-12,23.18,23.5,23.13,23.42,24315820.0
2021-11-15,23.19,23.31,23.05,23.24,20072240.0
2021-11-16,23.15,23.29,22.9147,22.96,21687340.0
2021-11-17,23.22,23.325,23.09,23.17,15596190.0
2021-11-18,23.02,23.11,22.92,22.96,12880580.0
2021-11-19,23.0,23.12,22.72,22.75,23754320.0
2021-11-22,22.67,22.7701,22.3,22.34,26721810.0
2021-11-23,21.71,21.93,21.533,21.92,32566000.0
2021-11-24,21.73,21.8306,21.67,21.79,20225350.0
2021-11-26,21.79,21.79,21.2,21.37,23137150.0
2021-11-29,21.31,21.37,21.05,21.16,22115700.0
2021-11-30,21.2,21.57,20.99,21.06,29616220.0
2021-12-01,20.98,21.075,20.52,20.57,41882780.0
2021-12-02,20.74,20.76,20.55,20.69,25783250.0
2021-12-03,20.71,20.87,20.38,20.85,22835050.0
2021-12-06,20.54,20.76,20.465,20.71,18193250.0
2021-12-07,20.68,20.91,20.67,20.81,18763320.0
2021-12-08,20.7,20.8,20.6344,20.76,14075440.0
2021-12-09,20.46,20.49,20.27,20.3,23767500.0
2021-12-10,20.52,20.5399,20.4046,20.5,17760780.0
2021-12-13,20.65,20.74,20.59,20.61,16422350.0
2021-12-14,20.13,20.35,20.09,20.31,19912440.0
2021-12-15,20.17,20.465,19.8,20.41,44633660.0
2021-12-16,20.61,20.84,20.6,20.79,26368170.0
2021-12-17,20.85,20.91,20.68,20.68,19977370.0
2021-12-20,20.6,20.66,20.52,20.57,12493180.0
2021-12-21,20.88,20.93,20.74,20.77,11231470.0
2021-12-22,20.98,21.12,20.86,21.1,16909910.0
2021-12-23,21.1,21.21,20.95,21.16,12824460.0
2021-12-27,21.19,21.38,21.16,21.33,15173050.0
2021-12-28,21.41,21.51,21.25,21.27,14845550.0
2021-12-29,20.9,21.15,20.885,21.11,11755720.0
2021-12-30,21.21,21.3701,21.2,21.34,11646630.0
2021-12-31,21.5,21.5861,21.3682,21.51,15618530.0
2022-01-03,21.04,21.25,20.965,21.18,18043550.0
2022-01-04,21.23,21.3654,21.19,21.32,12946910.0
2022-01-05,21.39,21.505,21.0,21.0,22571360.0
2022-01-06,20.38,20.63,20.35,20.51,27161100.0
2022-01-07,20.52,20.75,20.3734,20.62,23522180.0
2022-01-10,20.6,20.825,20.57,20.76,17015100.0
2022-01-11,20.84,21.09,20.77,21.05,23681500.0
2022-01-12,21.18,21.48,21.17,21.45,23394770.0
2022-01-13,21.45,21.48,21.26,21.33,25395100.0
2022-01-14,21.24,21.33,21.1,21.2,22448750.0
2022-01-18,21.63,21.8505,21.525,21.69,33268460.0
2022-01-19,22.01,22.39,21.945,22.37,43721600.0
2022-01-20,22.66,22.84,22.56,22.62,44986870.0
2022-01-21,22.69,22.71,22.34,22.38,40713830.0
2022-01-24,22.02,22.15,21.78,22.11,37842100.0
2022-01-25,21.83,22.165,21.81,22.02,30586780.0
2022-01-26,21.88,22.12,21.661,21.72,42075690.0
2022-01-27,21.07,21.295,20.87,21.02,45559800.0
2022-01-28,20.78,20.9,20.4799,20.71,29449400.0
2022-01-31,20.75,20.85,20.66,20.8,19718320.0
2022-02-01,21.17,21.25,20.815,20.94,34540450.0
2022-02-02,20.96,21.095,20.77,20.93,19816500.0
2022-02-03,20.7,20.82,20.34,20.71,28800620.0
2022-02-04,20.66,20.96,20.66,20.79,24572240.0
2022-02-07,21.14,21.36,21.09,21.27,22887970.0
2022-02-08,21.27,21.5,21.2294,21.45,16005850.0
2022-02-09,21.44,21.59,21.36,21.53,17908350.0
2022-02-10,21.53,21.92,21.4101,21.42,36468030.0
2022-02-11,21.3,21.9,21.28,21.83,47248840.0
2022-02-14,22.05,22.13,21.92,22.05,27999310.0
2022-02-15,21.41,21.65,21.32,21.61,27015340.0
2022-02-16,21.61,21.88,21.61,21.87,24804880.0
2022-02-17,21.89,22.11,21.8446,22.04,33940990.0
2022-02-18,22.15,22.24,22.06,22.12,23016910.0
2022-02-22,22.39,22.52,22.29,22.31,38336310.0
2022-02-23,22.4,22.73,22.39,22.73,35427160.0
2022-02-24,23.39,23.4,22.03,22.31,85973320.0
2022-02-25,22.18,22.42,22.06,22.4,37032270.0
2022-02-28,22.71,22.72,22.3601,22.62,42783670.0
2022-03-01,22.84,23.608,22.84,23.54,60537640.0
2022-03-02,23.21,23.46,23.04,23.37,56359580.0
2022-03-03,23.3,23.34,23.07,23.29,44272360.0
2022-03-04,23.39,23.79,23.35,23.64,61610680.0
2022-03-07,23.54,23.77,23.43,23.7,51534340.0
2022-03-08,24.27,24.9,24.0,24.45,114432100.0
2022-03-09,23.95,24.17,23.4793,23.8,58012940.0
2022-03-10,24.0,24.09,23.72,24.01,37767610.0
2022-03-11,23.75,24.03,23.68,23.87,32083140.0
2022-03-14,23.37,23.37,23.03,23.16,31301120.0
2022-03-15,22.87,23.1499,22.75,23.0,25150020.0
2022-03-16,22.97,23.145,22.6,23.11,32895320.0
2022-03-17,23.34,23.6,23.33,23.33,24339600.0
2022-03-18,23.13,23.26,22.94,23.02,23821940.0
2022-03-21,23.06,23.38,23.05,23.28,26595690.0
2022-03-22,22.95,22.98,22.7,22.88,18806960.0
2022-03-23,23.12,23.29,22.955,23.24,20826720.0
2022-03-24,23.58,23.89,23.545,23.61,32930610.0
2022-03-25,23.48,23.57,23.3237,23.48,17909210.0
2022-03-28,23.13,23.225,22.9,22.93,21405200.0
2022-03-29,22.35,22.94,22.21,22.91,30815060.0
2022-03-30,22.98,23.155,22.91,22.94,25616620.0
2022-03-31,23.11,23.1899,22.86,22.88,27145250.0
2022-04-01,22.59,22.92,22.57,22.74,47311830.0
2022-04-04,22.67,22.8161,22.425,22.63,34757060.0
2022-04-05,22.9,23.04,22.36,22.36,42303290.0
2022-04-06,22.53,22.695,22.3804,22.57,32631200.0
2022-04-07,22.44,22.79,22.39,22.7,33647600.0
2022-04-08,22.57,22.92,22.56,22.82,30242680.0
2022-04-11,23.4,23.41,22.91,23.15,40735790.0
2022-04-12,23.4,23.655,23.23,23.47,40646630.0
2022-04-13,23.67,23.86,23.59,23.75,32672510.0
2022-04-14,23.6,23.68,23.37,23.64,31607180.0
2022-04-18,24.04,24.1553,23.82,23.87,45390310.0
2022-04-19,23.58,23.625,23.14,23.24,35867320.0
2022-04-20,23.1,23.3,23.0821,23.28,23415510.0
2022-04-21,22.93,22.94,22.55,22.79,37513510.0
2022-04-22,22.36,22.529,22.27,22.31,32779480.0
2022-04-25,21.81,21.92,21.65,21.83,38780880.0
2022-04-26,21.84,21.94,21.6,21.65,30841240.0
2022-04-27,21.76,21.815,21.46,21.49,30704240.0
2022-04-28,21.23,21.45,21.19,21.42,28124640.0
2022-04-29,21.32,21.44,20.99,21.04,32119250.0
2022-05-02,20.63,21.02,20.42,20.87,38907770.0
2022-05-03,20.85,21.09,20.77,20.83,29437660.0
2022-05-04,20.71,21.3,20.5054,21.28,53387960.0
2022-05-05,21.32,21.33,20.6005,20.78,38950570.0
2022-05-06,20.71,20.845,20.56,20.66,36791400.0
2022-05-09,20.38,20.4,20.01,20.03,40850940.0
2022-05-10,20.29,20.33,19.54,19.55,48854540.0
2022-05-11,20.08,20.28,19.85,19.87,35527530.0
2022-05-12,19.5,19.5305,19.025,19.12,35998020.0
2022-05-13,19.06,19.47,19.01,19.42,32770770.0
2022-05-16,19.63,20.02,19.622,19.93,36114030.0
2022-05-17,20.01,20.1,19.855,19.92,23772640.0
2022-05-18,19.93,19.965,19.72,19.73,22132290.0
2022-05-19,20.11,20.3,20.1,20.27,24877320.0
2022-05-20,20.16,20.21,19.94,20.07,19639310.0
2022-05-23,20.21,20.25,20.0,20.1,17547610.0
2022-05-24,20.28,20.5,20.24,20.39,22182500.0
2022-05-25,20.21,20.36,20.125,20.34,18273510.0
2022-05-26,20.14,20.38,20.1299,20.31,14580970.0
2022-05-27,20.62,20.65,20.325,20.36,22191560.0
2022-05-31,20.16,20.28,19.84,19.84,29472960.0
2022-06-01,20.19,20.28,19.985,20.13,25934450.0
2022-06-02,20.35,20.5999,20.35,20.59,21958270.0
2022-06-03,20.53,20.5827,20.15,20.23,21578980.0
2022-06-06,20.61,20.64,20.32,20.37,18624310.0
2022-06-07,20.27,20.57,20.23,20.52,17528870.0
2022-06-08,20.36,20.5,20.28,20.35,15871280.0
2022-06-09,20.28,20.3,19.88,19.97,22778280.0
2022-06-10,19.79,20.3,19.6556,20.19,32953650.0
2022-06-13,19.69,19.71,19.34,19.5,44676130.0
2022-06-14,19.56,19.59,19.28,19.37,23906650.0
2022-06-15,19.9,20.16,19.67,19.96,42638700.0
2022-06-16,19.93,20.2699,19.815,20.24,27706400.0
2022-06-17,20.1,20.14,19.9,19.98,20090010.0
2022-06-21,20.09,20.245,19.96,19.98,19273850.0
2022-06-22,19.82,19.925,19.695,19.76,21420720.0
2022-06-23,19.74,19.84,19.2929,19.37,29995370.0
2022-06-24,19.27,19.58,19.15,19.51,16678470.0
2022-06-27,19.69,19.7,19.4746,19.49,15466970.0
2022-06-28,19.52,19.53,19.184,19.19,18331250.0
2022-06-29,19.26,19.29,19.03,19.14,15636340.0
2022-06-30,18.99,19.08,18.64,18.64,33205730.0
2022-07-01,18.1,18.3799,17.99,18.31,42504310.0
2022-07-05,18.03,18.085,17.59,17.73,35121210.0
2022-07-06,17.8,17.85,17.48,17.69,27849940.0
2022-07-07,17.81,17.9799,17.695,17.75,17741800.0
2022-07-08,17.8,17.94,17.63,17.79,14195760.0
2022-07-11,17.71,17.83,17.58,17.58,20437900.0
2022-07-12,17.5,17.65,17.41,17.44,17349350.0
2022-07-13,17.5,17.9,17.4227,17.69,27336960.0
2022-07-14,16.91,17.0589,16.73,17.0,33595950.0
2022-07-15,17.15,17.255,16.9899,17.19,20381350.0
2022-07-18,17.44,17.54,17.19,17.22,20458790.0
2022-07-19,17.3,17.39,17.27,17.29,24751080.0
2022-07-20,17.58,17.62,17.19,17.19,18738610.0
2022-07-21,17.07,17.4,17.06,17.4,20773880.0
2022-07-22,17.28,17.48,17.07,17.14,24517590.0
2022-07-25,17.06,17.08,16.88,16.98,25644380.0
2022-07-26,17.16,17.2603,17.115,17.16,28040110.0
2022-07-27,17.17,17.65,17.01,17.6,37684640.0
2022-07-28,18.16,18.44,18.06,18.43,31578220.0
2022-07-29,18.43,18.73,18.34,18.7,17388900.0
2022-08-01,18.72,18.845,18.65,18.79,25230060.0
2022-08-02,18.73,18.8299,18.4,18.41,27922080.0
2022-08-03,18.45,18.54,18.3,18.49,15163900.0
2022-08-04,18.47,18.69,18.4003,18.64,14091130.0
2022-08-05,18.16,18.44,18.11,18.33,15896220.0
2022-08-08,18.77,19.115,18.7429,19.03,20744630.0
2022-08-09,19.02,19.07,18.825,18.93,20591620.0
2022-08-10,19.0,19.22,18.91,18.95,27189070.0
2022-08-11,18.87,18.985,18.66,18.67,16253830.0
2022-08-12,18.82,19.21,18.81,19.17,16767390.0
2022-08-15,18.67,18.8,18.55,18.68,19897300.0
2022-08-16,18.5,18.64,18.49,18.57,20876780.0
2022-08-17,18.36,18.42,18.15,18.25,23675400.0
2022-08-18,18.29,18.35,17.96,18.04,20007510.0
2022-08-19,17.76,17.78,17.53,17.55,19196700.0
2022-08-22,17.47,17.6,17.32,17.5,21747540.0
2022-08-23,17.4,17.77,17.4,17.62,20127030.0
2022-08-24,17.51,17.73,17.47,17.63,16954840.0
2022-08-25,17.72,17.775,17.605,17.73,16618730.0
2022-08-26,17.82,17.91,17.35,17.36,19412700.0
2022-08-29,17.24,17.43,17.215,17.29,18893470.0
2022-08-30,17.22,17.23,16.915,16.96,21271870.0
2022-08-31,16.7,16.82,16.58,16.58,18799770.0
2022-09-01,16.39,16.4751,16.19,16.38,18413770.0
2022-09-02,16.63,16.8599,16.48,16.57,15875160.0
2022-09-06,16.82,16.86,16.53,16.54,10812350.0
2022-09-07,16.64,17.02,16.61,17.0,15468390.0
2022-09-08,17.06,17.13,16.88,17.03,13095370.0
2022-09-09,17.13,17.39,17.1138,17.32,9813460.0
2022-09-12,18.17,18.435,17.985,18.17,30176830.0
2022-09-13,18.04,18.2,17.82,17.83,20777180.0
2022-09-14,18.06,18.15,17.92,18.0,16309270.0
2022-09-15,17.86,18.05,17.61,17.63,17477280.0
2022-09-16,17.57,18.08,17.45,17.99,21175780.0
2022-09-19,17.72,18.0,17.705,17.99,16756470.0
2022-09-20,17.66,17.78,17.56,17.73,10478770.0
2022-09-21,18.02,18.36,17.82,18.06,36671630.0
2022-09-22,18.13,18.185,17.9,18.09,12553440.0
2022-09-23,17.64,17.65,17.3,17.36,23917090.0
2022-09-26,17.37,17.54,16.8901,16.92,19179190.0
2022-09-27,17.16,17.3,16.8739,16.9,18080150.0
2022-09-28,16.99,17.49,16.985,17.45,22513400.0
2022-09-29,17.28,17.38,17.03,17.37,16727330.0
2022-09-30,17.41,17.775,17.4,17.5,14446120.0
2022-10-03,18.47,19.1,18.4001,19.1,40558200.0
2022-10-04,19.3,19.56,19.2099,19.36,22227780.0
2022-10-05,18.69,19.11,18.3684,18.99,23878400.0
2022-10-06,18.86,19.06,18.75,19.04,11261230.0
2022-10-07,18.79,18.876,18.42,18.5,24621140.0
2022-10-10,18.21,18.235,17.98,18.09,17979140.0
2022-10-11,17.89,18.08,17.5606,17.68,23821920.0
2022-10-12,17.53,17.68,17.37,17.59,21216870.0
2022-10-13,17.14,17.5155,17.04,17.39,26705320.0
2022-10-14,17.18,17.195,16.662,16.81,24636150.0
2022-10-17,17.33,17.4499,17.11,17.12,17937390.0
2022-10-18,17.36,17.4095,17.075,17.23,11236320.0
2022-10-19,16.99,17.0755,16.91,17.01,9941278.0
2022-10-20,17.06,17.5,17.03,17.17,17615560.0
2022-10-21,17.21,17.78,17.13,17.76,28680280.0
2022-10-24,17.66,17.7699,17.51,17.68,12953840.0
2022-10-25,17.71,17.9,17.7,17.86,13857100.0
2022-10-26,17.9,18.1199,17.9,17.98,17092680.0
2022-10-27,18.02,18.1,17.89,17.98,14108110.0
2022-10-28,17.7,17.85,17.49,17.74,10708890.0
2022-10-31,17.46,17.72,17.4095,17.62,10005030.0
2022-11-01,18.321,18.37,17.94,18.05,20107590.0
2022-11-02,18.24,18.49,17.73,17.73,24802270.0
2022-11-03,17.46,18.0,17.44,17.94,19125330.0
2022-11-04,18.741,19.26,18.665,19.26,34818860.0
2022-11-07,19.22,19.34,19.13,19.15,12869730.0
2022-11-08,19.26,19.91,19.21,19.7,31329630.0
2022-11-09,19.66,19.895,19.33,19.36,17422800.0
2022-11-10,19.975,20.07,19.76,19.97,21968310.0
2022-11-11,19.76,19.95,19.66,19.95,12472170.0
2022-11-14,19.95,20.33,19.93,20.24,14503020.0
2022-11-15,20.08,20.115,19.695,19.88,23955430.0
2022-11-16,19.95,20.0,19.7,19.74,10180610.0
2022-11-17,19.25,19.3299,19.125,19.29,12895420.0
2022-11-18,19.31,19.46,19.1811,19.25,15315790.0
2022-11-21,19.211,19.245,19.02,19.2,10468110.0
2022-11-22,19.425,19.52,19.2501,19.43,10140070.0
2022-11-23,19.53,19.88,19.5,19.81,12773550.0
2022-11-25,19.59,19.755,19.5617,19.72,7784754.0
2022-11-28,19.66,19.69,19.2,19.26,20288020.0
2022-11-29,19.5,19.75,19.5,19.56,11253030.0
2022-11-30,20.121,20.43,19.805,20.43,26502130.0
2022-12-01,20.63,20.98,20.59,20.98,24949610.0
2022-12-02,20.73,21.39,20.67,21.29,23150110.0
2022-12-05,20.91,20.95,20.4,20.44,24402750.0
2022-12-06,20.62,20.75,20.27,20.44,16489570.0
2022-12-07,20.67,21.01,20.655,20.92,22573400.0
2022-12-08,21.32,21.37,21.14,21.21,17948270.0
2022-12-09,21.451,21.8,21.2635,21.56,18975700.0
2022-12-12,21.58,21.62,21.26,21.46,20222250.0
2022-12-13,22.09,22.2,21.685,21.83,24657060.0
2022-12-14,21.93,22.135,21.52,21.99,24341150.0
2022-12-15,21.45,21.57,21.15,21.24,19921900.0
2022-12-16,21.16,21.4,21.13,21.37,15975990.0
2022-12-19,21.35,21.38,21.01,21.12,12704580.0
2022-12-20,21.95,22.32,21.86,22.23,28496730.0
2022-12-21,22.09,22.2699,22.01,22.07,11636960.0
2022-12-22,21.65,21.79,21.52,21.69,15133480.0
2022-12-23,21.78,21.945,21.685,21.85,10922260.0
2022-12-27,21.96,22.35,21.92,22.11,12346860.0
2022-12-28,21.931,21.97,21.595,21.6,10915060.0
2022-12-29,22.06,22.14,21.95,21.97,11896350.0
2022-12-30,21.92,22.03,21.64,22.02,14250960.0
2023-01-03,22.45,22.54,22.03,22.05,18122090.0
2023-01-04,22.28,22.36,21.7003,21.89,17246410.0
2023-01-05,21.499,21.53,21.27,21.39,16539890.0
2023-01-06,21.71,22.0,21.605,21.92,17021390.0
2023-01-09,22.001,22.14,21.69,21.74,15588180.0
2023-01-10,21.74,21.87,21.6401,21.73,10051190.0
2023-01-11,21.855,21.88,21.3607,21.55,13848050.0
2023-01-12,22.0,22.0666,21.69,21.88,18514110.0
2023-01-13,21.88,22.35,21.86,22.33,18425400.0
2023-01-17,22.2,22.2082,21.92,22.01,23059390.0
2023-01-18,22.3,22.4,21.55,21.57,24553470.0
2023-01-19,21.65,22.03,21.571,21.96,15361240.0
2023-01-20,22.01,22.07,21.8116,22.02,14299660.0
2023-01-23,21.18,21.62,20.93,21.58,30123250.0
2023-01-24,21.5,21.83,21.35,21.76,15461640.0
2023-01-25,21.63,22.02,21.58,21.97,12824940.0
2023-01-26,22.19,22.22,21.81,21.99,18177800.0
2023-01-27,21.71,21.7899,21.434,21.68,15244130.0
2023-01-30,21.799,21.8199,21.645,21.66,8337122.0
2023-01-31,21.58,21.86,21.54,21.83,10471370.0
2023-02-01,21.8,22.11,21.49,22.08,23818160.0
2023-02-02,22.5,22.52,21.54,21.57,22808390.0
2023-02-03,20.861,21.055,20.5,20.57,36695750.0
2023-02-06,20.55,20.65,20.37,20.48,15824840.0
2023-02-07,20.41,20.636,20.275,20.38,16209480.0
2023-02-08,20.59,20.6413,20.42,20.48,10688530.0
2023-02-09,20.661,20.68,20.15,20.18,19233500.0
2023-02-10,20.41,20.45,20.1524,20.24,11028750.0
2023-02-13,20.15,20.25,20.04,20.2,12376280.0
2023-02-14,19.95,20.22,19.87,20.12,14586470.0
2023-02-15,19.78,19.95,19.77,19.89,13301900.0
2023-02-16,19.74,20.02,19.7144,19.84,16692900.0
2023-02-17,19.589,20.06,19.55,20.01,15129060.0
2023-02-21,20.13,20.2099,20.0,20.07,11158670.0
2023-02-22,20.03,20.0501,19.71,19.75,15142700.0
2023-02-23,19.84,19.8903,19.55,19.63,13610710.0
2023-02-24,19.275,19.36,19.06,19.09,24859810.0
2023-02-27,19.09,19.14,18.89,18.93,26063830.0
2023-02-28,18.98,19.31,18.9,19.22,14396070.0
2023-03-01,19.28,19.47,19.22,19.29,14873120.0
2023-03-02,19.05,19.2499,19.02,19.24,8938569.0
2023-03-03,19.3,19.56,19.15,19.55,12419170.0
2023-03-06,19.46,19.485,19.28,19.32,7902884.0
2023-03-07,18.98,18.99,18.41,18.45,26097530.0
2023-03-08,18.43,18.595,18.39,18.4,13896590.0
2023-03-09,18.49,18.66,18.38,18.44,11895500.0
2023-03-10,18.89,19.11,18.75,18.86,21470120.0
2023-03-13,19.71,20.16,19.675,20.0,37152340.0
2023-03-14,20.05,20.21,19.87,19.89,29462940.0
2023-03-15,20.39,20.4353,19.87,20.0,50880530.0
2023-03-16,20.15,20.18,19.72,19.92,27767620.0
2023-03-17,20.18,20.775,20.15,20.63,29318250.0
2023-03-20,20.58,20.75,20.45,20.69,14306290.0
2023-03-21,20.69,20.695,20.365,20.54,15197970.0
2023-03-22,20.52,21.21,20.505,21.1,25323500.0
2023-03-23,21.11,21.35,21.02,21.28,19286830.0
2023-03-24,21.52,21.5793,21.2049,21.22,15759620.0
2023-03-27,21.08,21.235,21.0,21.22,11703640.0
2023-03-28,21.14,21.4899,21.1212,21.43,11221270.0
2023-03-29,21.32,21.53,21.3,21.44,11804320.0
2023-03-30,21.68,21.96,21.56,21.94,14724450.0
2023-03-31,22.03,22.2,21.99,22.12,18212360.0
2023-04-03,21.96,22.2399,21.9249,22.06,18134850.0
2023-04-04,22.13,23.0,22.095,22.97,35724670.0
2023-04-05,22.82,22.98,22.64,22.94,20676790.0
2023-04-06,22.79,22.975,22.58,22.89,13297370.0
2023-04-10,22.82,22.89,22.72,22.88,12751580.0
2023-04-11,22.9,23.1,22.85,23.04,14526530.0
2023-04-12,23.37,23.47,23.05,23.43,21592380.0
2023-04-13,23.69,23.86,23.56,23.74,30298750.0
2023-04-14,23.84,23.89,23.1,23.31,34948620.0
2023-04-17,23.29,23.33,22.79,23.02,24471570.0
2023-04-18,22.93,23.27,22.9,23.15,14353770.0
2023-04-19,23.08,23.32,23.06,23.23,18571330.0
2023-04-20,23.23,23.42,23.05,23.17,15332340.0
2023-04-21,23.18,23.32,22.88,22.98,17623890.0
2023-04-24,22.93,23.18,22.84,23.08,13576620.0
2023-04-25,22.93,23.03,22.63,22.99,22711410.0
2023-04-26,23.12,23.12,22.71,22.83,20916810.0
2023-04-27,22.59,22.93,22.515,22.89,16054220.0
2023-04-28,22.88,23.03,22.745,23.0,14213300.0
2023-05-01,23.691,23.71,22.86,22.89,30354750.0
2023-05-02,22.67,23.41,22.64,23.35,27235290.0
2023-05-03,23.29,23.5289,23.16,23.43,20545290.0
2023-05-04,23.42,23.94,23.42,23.94,31012650.0
2023-05-05,23.38,23.59,23.12,23.57,26200180.0
2023-05-08,23.5,23.5962,23.43,23.49,11445890.0
2023-05-09,23.4,23.5825,23.37,23.48,11470320.0
2023-05-10,23.6,23.6552,23.165,23.31,18265580.0
2023-05-11,22.629,22.72,22.17,22.2,29635330.0
2023-05-12,22.06,22.19,21.91,22.02,18629950.0
2023-05-15,22.14,22.24,22.02,22.1,11308560.0
2023-05-16,22.0,22.11,21.7,21.81,17274120.0
2023-05-17,21.92,21.92,21.615,21.82,14587560.0
2023-05-18,21.61,21.63,21.42,21.56,17283540.0
2023-05-19,21.7,22.0589,21.58,21.86,20547920.0
2023-05-22,21.86,21.945,21.67,21.67,12665500.0
2023-05-23,21.56,21.71,21.47,21.51,15236300.0
2023-05-24,21.41,21.4399,21.14,21.16,19508540.0
2023-05-25,21.18,21.19,20.84,20.86,14846600.0
2023-05-26,21.26,21.43,21.135,21.38,13685070.0
2023-05-30,21.2506,21.3694,21.125,21.3,9121112.0
2023-05-31,21.4,21.685,21.19,21.61,18058470.0
2023-06-01,21.59,21.97,21.58,21.95,17940640.0
2023-06-02,21.97,22.0,21.65,21.69,13006970.0
2023-06-05,21.52,21.75,21.46,21.64,9562068.0
2023-06-06,21.63,21.705,21.43,21.65,9406931.0
2023-06-07,21.7,22.09,21.5,21.51,16744540.0
2023-06-08,22.01,22.36,22.01,22.3,20402790.0
2023-06-09,22.26,22.516,22.21,22.27,10976130.0
2023-06-12,22.06,22.12,21.92,22.08,12288410.0
2023-06-13,22.11,22.21,21.66,21.74,14921900.0
2023-06-14,21.96,22.11,21.8901,21.97,11298600.0
2023-06-15,21.67,21.945,21.665,21.94,11361030.0
2023-06-16,22.08,22.22,21.92,22.18,10974120.0
2023-06-20,21.41,21.445,21.165,21.26,24042200.0
2023-06-21,20.95,20.9709,20.65,20.84,19678000.0
2023-06-22,20.63,20.71,20.46,20.53,17066520.0
2023-06-23,20.65,20.83,20.46,20.58,13003760.0
2023-06-26,20.85,21.0,20.735,20.9,12880100.0
2023-06-27,21.17,21.2,20.885,20.98,14341690.0
2023-06-28,20.86,20.99,20.71,20.84,8188353.0
2023-06-29,20.56,20.82,20.45,20.72,13780880.0
2023-06-30,20.65,20.9699,20.57,20.89,10504640.0
2023-07-03,21.05,21.18,21.0,21.01,9134951.0
2023-07-05,21.32,21.35,21.1,21.21,13306200.0
2023-07-06,21.02,21.03,20.6714,20.83,12544360.0
2023-07-07,20.92,21.24,20.92,21.18,10657890.0
2023-07-10,21.05,21.25,21.05,21.24,8670769.0
2023-07-11,21.25,21.3,21.1248,21.2,6771672.0
2023-07-12,21.91,22.16,21.8801,22.15,24114720.0
2023-07-13,22.49,22.78,22.4146,22.78,22406740.0
2023-07-14,22.79,22.96,22.71,22.86,16802410.0
2023-07-17,22.69,22.82,22.57,22.79,9101942.0
2023-07-18,22.81,23.1,22.73,22.99,14769810.0
2023-07-19,23.0,23.155,22.92,23.1,12889290.0
2023-07-20,23.1,23.1299,22.67,22.68,16215150.0
2023-07-21,22.68,22.7109,22.56,22.57,11278980.0
2023-07-24,22.4,22.46,22.2648,22.33,15105390.0
2023-07-25,22.57,22.69,22.46,22.62,10753400.0
2023-07-26,22.58,22.9699,22.5,22.91,24549840.0
2023-07-27,22.5,22.52,22.06,22.11,27325220.0
2023-07-28,22.26,22.39,22.19,22.32,10629060.0
2023-07-31,22.48,22.79,22.48,22.69,14038870.0
2023-08-01,22.31,22.44,22.135,22.29,11600180.0
2023-08-02,22.19,22.22,21.695,21.75,16400830.0
2023-08-03,21.65,21.75,21.5847,21.63,16334790.0
2023-08-04,21.68,21.83,21.59,21.66,12397420.0
2023-08-07,21.59,21.6,21.16,21.21,11803120.0
2023-08-08,20.87,20.99,20.7999,20.9,16557900.0
2023-08-09,20.85,21.0,20.75,20.8,11966190.0
2023-08-10,20.88,21.1,20.77,20.83,13574860.0
2023-08-11,20.82,20.96,20.7601,20.8,8428788.0
2023-08-14,20.7,20.805,20.52,20.72,10036240.0
2023-08-15,20.63,20.83,20.52,20.67,11894810.0
2023-08-16,20.74,20.84,20.55,20.56,13151830.0
2023-08-17,21.06,21.08,20.71,20.8,16299580.0
2023-08-18,20.84,20.935,20.78,20.87,10430280.0
2023-08-21,21.31,21.38,21.01,21.36,12346300.0
2023-08-22,21.37,21.49,21.28,21.46,12970740.0
2023-08-23,22.05,22.3375,22.03,22.29,25176870.0
2023-08-24,22.2,22.31,22.055,22.11,13804070.0
2023-08-25,22.11,22.355,21.93,22.22,22742140.0
2023-08-28,22.08,22.335,22.04,22.22,7536640.0
2023-08-29,22.24,22.74,22.1934,22.71,19726870.0
2023-08-30,22.85,22.94,22.55,22.57,13091160.0
2023-08-31,22.53,22.62,22.3448,22.39,10536610.0
2023-09-01,22.61,22.7009,22.15,22.17,12818470.0
2023-09-05,21.82,21.8899,21.56,21.59,15054100.0
2023-09-06,21.16,21.4101,21.1,21.24,14534140.0
2023-09-07,21.08,21.17,21.01,21.05,10926890.0
2023-09-08,21.06,21.2399,20.9603,21.01,11665950.0
2023-09-11,21.24,21.2699,21.04,21.16,8858929.0
2023-09-12,21.0,21.22,20.97,21.13,8738452.0
2023-09-13,21.01,21.11,20.91,20.93,11886060.0
2023-09-14,20.6,20.86,20.45,20.73,26204950.0
2023-09-15,21.19,21.35,21.1,21.11,22811320.0
2023-09-18,21.22,21.32,21.05,21.3,11481340.0
2023-09-19,21.37,21.4,21.1701,21.27,10111170.0
2023-09-20,21.32,21.63,21.3003,21.34,17354040.0
2023-09-21,21.04,21.52,21.0,21.44,12395270.0
2023-09-22,21.65,21.75,21.56,21.58,11352620.0
2023-09-25,21.48,21.5593,21.125,21.2,14549080.0
2023-09-26,21.0,21.16,20.94,20.96,18268190.0
2023-09-27,20.71,20.8,20.54,20.7,15636840.0
2023-09-28,20.64,20.84,20.5301,20.74,14007740.0
2023-09-29,21.39,21.4299,20.275,20.34,36658570.0
2023-10-02,19.69,19.74,19.4,19.42,41002750.0
2023-10-03,19.26,19.62,19.21,19.44,32235850.0
2023-10-04,19.41,19.42,18.97,19.31,25140970.0
2023-10-05,19.32,19.4,18.98,19.25,16430490.0
2023-10-06,19.66,19.8198,19.26,19.73,28298500.0
2023-10-09,19.84,20.08,19.8,20.06,13077410.0
2023-10-10,19.97,20.0799,19.88,19.98,12114980.0
2023-10-11,20.19,20.27,20.07,20.18,20080530.0
2023-10-12,20.24,20.32,19.935,19.96,16915490.0
2023-10-13,20.49,20.91,20.47,20.78,28959580.0
2023-10-16,20.72,20.83,20.66,20.68,11982500.0
2023-10-17,20.79,21.085,20.725,20.92,16481960.0
2023-10-18,21.21,21.33,20.78,20.95,20065650.0
2023-10-19,20.94,21.1567,20.745,21.11,20356660.0
2023-10-20,21.16,21.72,21.16,21.4,35245740.0
2023-10-23,21.2,21.2671,21.0,21.05,14074090.0
2023-10-24,20.92,21.09,20.86,21.02,11491710.0
2023-10-25,20.91,21.08,20.665,20.94,17639760.0
2023-10-26,20.91,20.97,20.565,20.85,14326610.0
2023-10-27,20.92,21.185,20.76,21.18,18629990.0
2023-10-30,21.59,21.61,21.23,21.34,15304600.0
2023-10-31,21.14,21.36,20.835,20.98,17624920.0
2023-11-01,20.82,21.09,20.66,20.97,25224380.0
2023-11-02,21.07,21.0971,20.7663,20.87,12232460.0
2023-11-03,21.03,21.35,20.99,21.22,21259920.0
2023-11-06,21.22,21.23,21.07,21.08,10278190.0
2023-11-07,20.73,20.76,20.5748,20.73,16082210.0
2023-11-08,20.81,20.935,20.615,20.65,14361180.0
2023-11-09,20.75,21.07,20.65,20.69,18731990.0
2023-11-10,20.55,20.6,20.34,20.34,14059610.0
2023-11-13,20.18,20.49,20.1,20.43,11091090.0
2023-11-14,20.92,21.24,20.8732,21.17,21723860.0
2023-11-15,21.36,21.52,21.24,21.45,18585620.0
2023-11-16,21.88,22.06,21.73,21.76,20259160.0
2023-11-17,21.79,21.855,21.6796,21.75,12296970.0
2023-11-20,21.42,21.605,21.3837,21.48,9696838.0
2023-11-21,21.88,22.0,21.735,21.77,15212960.0
2023-11-22,21.7,21.815,21.57,21.67,11151880.0
2023-11-24,22.02,22.29,22.0,22.27,10803300.0
2023-11-27,22.67,22.705,22.5,22.56,19785610.0
2023-11-28,22.68,22.92,22.5909,22.92,17064430.0
2023-11-29,22.96,23.13,22.82,22.88,16675170.0
2023-11-30,22.97,23.145,22.85,23.13,14364260.0
2023-12-01,23.09,23.3712,23.05,23.33,22107810.0
2023-12-04,22.75,22.92,22.3601,22.46,30668290.0
2023-12-05,22.281,22.375,21.95,22.12,27205060.0
2023-12-06,22.17,22.2,21.869,21.93,13374500.0
2023-12-07,21.89,21.91,21.6,21.79,16758460.0
2023-12-08,21.35,21.56,21.015,21.1,28746450.0
2023-12-11,20.965,21.0,20.81,20.91,22883660.0
2023-12-12,20.965,20.975,20.78,20.84,12118700.0
2023-12-13,20.75,21.78,20.6123,21.77,35068020.0
2023-12-14,21.99,22.18,21.99,22.15,21384060.0
2023-12-15,21.98,22.025,21.75,21.83,13077980.0
2023-12-18,21.88,21.88,21.66,21.8,12927450.0
2023-12-19,21.91,22.13,21.89,22.03,12752750.0
2023-12-20,22.26,22.31,22.04,22.04,12523600.0
2023-12-21,22.28,22.42,22.195,22.31,17063590.0
2023-12-22,22.41,22.5252,22.05,22.12,17235830.0
2023-12-26,22.21,22.22,22.04,22.2,11861740.0
2023-12-27,22.1,22.395,22.09,22.23,13898440.0
2023-12-28,22.17,22.25,21.96,21.99,11257820.0
2023-12-29,21.62,21.95,21.56,21.78,13161230.0
2024-01-02,21.89,21.99,21.64,21.65,13277810.0
2024-01-03,21.08,21.22,20.91,21.06,26373830.0
2024-01-04,20.92,21.1,20.77,21.08,11971960.0
2024-01-05,21.15,21.53,21.0344,21.21,21401780.0
2024-01-08,21.07,21.245,21.0,21.13,9527905.0
2024-01-09,21.22,21.25,20.96,21.0,10772340.0
2024-01-10,20.93,21.0175,20.85,20.94,12093720.0
2024-01-11,20.97,21.0722,20.57,20.82,21816130.0
2024-01-12,21.39,21.54,21.11,21.19,18914510.0
2024-01-16,21.14,21.1698,20.92,20.96,16953010.0
2024-01-17,20.779,20.7954,20.61,20.65,18249130.0
2024-01-18,20.56,20.84,20.535,20.81,10585880.0
2024-01-19,20.77,20.77,20.56,20.67,12574470.0
2024-01-22,20.12,20.41,20.07,20.22,18292230.0
2024-01-23,20.44,20.56,20.4,20.53,13096660.0
2024-01-24,20.98,21.0,20.7,20.71,24238800.0
2024-01-25,20.95,21.07,20.79,20.94,15755440.0
2024-01-26,20.81,20.9212,20.7701,20.86,7980560.0
2024-01-29,21.03,21.25,20.835,21.21,14309380.0
2024-01-30,21.29,21.33,20.9901,21.19,10734400.0
2024-01-31,21.2,21.35,20.84,20.91,19870400.0
2024-02-01,20.94,21.28,20.88,21.21,28714420.0
2024-02-02,20.61,20.79,20.5,20.75,24324380.0
2024-02-05,20.44,20.55,20.38,20.47,16531730.0
2024-02-06,20.43,20.58,20.3926,20.51,9007543.0
2024-02-07,20.43,20.54,20.32,20.33,12084060.0
2024-02-08,20.44,20.71,20.3801,20.65,16547610.0
2024-02-09,20.56,20.72,20.46,20.68,10620950.0
2024-02-12,20.63,20.84,20.6,20.76,11006450.0
2024-02-13,20.43,20.44,20.11,20.2,22824200.0
2024-02-14,20.23,20.55,20.21,20.44,13085090.0
2024-02-15,20.84,21.0799,20.83,20.94,26720400.0
2024-02-16,21.07,21.5,20.91,21.39,20251780.0
2024-02-20,21.17,21.19,21.03,21.07,9047232.0
2024-02-21,21.09,21.095,20.815,20.96,9415462.0
2024-02-22,20.92,20.97,20.8,20.82,16728580.0
2024-02-23,20.8,21.04,20.69,20.99,15186490.0
2024-02-26,20.61,20.6899,20.54,20.62,14409310.0
2024-02-27,20.72,20.74,20.51,20.57,10175100.0
2024-02-28,20.51,20.555,20.45,20.55,8303843.0
2024-02-29,20.75,20.79,20.615,20.73,10459570.0
2024-03-01,20.8,21.28,20.64,21.17,23570230.0
2024-03-04,21.43,21.9,21.39,21.86,26016590.0
2024-03-05,21.96,22.06,21.64,21.67,22277040.0
2024-03-06,21.86,22.2299,21.86,22.1,31037660.0
2024-03-07,22.14,22.41,22.12,22.24,18890510.0
2024-03-08,22.23,22.45,22.12,22.23,27245880.0
2024-03-11,22.33,22.435,22.235,22.35,15364530.0
2024-03-12,22.21,22.22,21.9651,22.09,16339630.0
2024-03-13,22.31,22.8775,22.26,22.79,27121540.0
2024-03-14,22.91,22.94,22.62,22.73,14705290.0
2024-03-15,23.05,23.275,22.9701,23.03,28077930.0
2024-03-18,23.13,23.13,22.85,22.91,11920430.0
2024-03-19,22.79,22.84,22.615,22.79,13406930.0
2024-03-20,22.71,23.45,22.7,23.29,31945050.0
2024-03-21,23.14,23.16,22.53,22.65,31163650.0
2024-03-22,22.65,22.82,22.52,22.56,17183600.0
2024-03-25,22.6,22.73,22.55,22.58,10066740.0
2024-03-26,22.61,22.615,22.29,22.34,18183620.0
2024-03-27,22.34,22.555,22.34,22.51,12551830.0
2024-03-28,22.48,22.8,22.415,22.75,29105430.0
2024-04-01,23.187,23.2,22.63,22.86,22490730.0
2024-04-02,23.33,23.8951,23.24,23.84,58416690.0
2024-04-03,24.27,24.76,24.17,24.73,61360130.0
2024-04-04,24.571,24.95,24.385,24.49,54231420.0
2024-04-05,24.49,25.14,24.392,25.03,43238220.0
2024-04-08,25.36,25.4899,24.9,25.4,40708910.0
2024-04-09,25.75,25.9,25.255,25.72,41006130.0
2024-04-10,25.33,26.08,25.17,25.45,50614100.0
2024-04-11,25.69,26.04,25.38,26.01,28595210.0
2024-04-12,26.8,27.24,25.52,25.63,117678300.0
2024-04-15,26.21,26.42,25.69,26.41,51965110.0
2024-04-16,26.07,26.07,25.55,25.8,56256220.0
2024-04-17,26.13,26.3376,25.71,25.85,46667340.0
2024-04-18,26.11,26.16,25.74,25.86,26818160.0
2024-04-19,25.93,26.3203,25.9044,26.2,29321210.0
2024-04-22,24.95,25.19,24.79,24.93,37156880.0
2024-04-23,24.66,25.04,24.63,24.99,37046800.0
2024-04-24,24.88,25.05,24.78,24.9,19783640.0
2024-04-25,24.86,25.22,24.81,25.06,32678390.0
2024-04-26,25.19,25.22,24.75,24.89,26821270.0
2024-04-29,24.87,25.0775,24.68,24.83,23922200.0
2024-04-30,24.24,24.37,24.02,24.05,32400080.0
2024-05-01,24.18,24.65,24.09,24.27,42815390.0
2024-05-02,23.95,24.47,23.9201,24.36,24968830.0
2024-05-03,24.21,24.3,23.87,24.22,26859140.0
2024-05-06,24.99,25.13,24.83,25.07,27627360.0
2024-05-07,25.03,25.1,24.875,24.92,14811470.0
2024-05-08,24.89,25.12,24.8218,24.95,16967360.0
2024-05-09,25.32,25.88,25.3,25.86,32734880.0
2024-05-10,25.98,26.05,25.6203,25.77,24489750.0
2024-05-13,25.83,25.9262,25.65,25.8,15222900.0
2024-05-14,26.0,26.27,25.855,26.13,20065030.0
2024-05-15,26.58,27.18,26.0685,27.12,39872400.0
2024-05-16,26.98,27.17,26.79,27.06,19821320.0
2024-05-17,27.86,28.84,27.55,28.79,52708100.0
2024-05-20,28.93,29.56,28.41,28.98,58184710.0
2024-05-21,29.1,29.51,28.82,29.27,30700260.0
2024-05-22,29.06,29.06,28.105,28.22,48609700.0
2024-05-23,28.11,28.28,27.47,27.55,39911250.0
2024-05-24,27.93,27.99,27.61,27.74,14534570.0
2024-05-28,29.3,29.34,28.69,29.24,31041750.0
2024-05-29,29.07,29.47,28.98,29.17,20708370.0
2024-05-30,28.83,29.05,28.315,28.42,22268880.0
2024-05-31,28.77,28.855,27.58,27.76,31957560.0
2024-06-03,27.82,28.145,27.56,27.89,18155950.0
2024-06-04,27.31,27.31,26.84,27.02,28858390.0
2024-06-05,27.12,27.455,26.895,27.4,18175270.0
2024-06-06,27.82,28.63,27.6855,28.53,27649960.0
2024-06-07,27.29,27.3,26.61,26.67,43868920.0
2024-06-10,27.07,27.24,26.85,27.12,17099230.0
2024-06-11,26.73,26.81,26.56,26.71,13338930.0
2024-06-12,27.5,27.5699,26.94,27.03,27934780.0
2024-06-13,26.79,26.93,26.17,26.43,21680280.0
2024-06-14,26.63,27.03,26.5,27.01,25973300.0
2024-06-17,26.9,26.936,26.56,26.92,15015950.0
2024-06-18,26.65,27.01,26.65,26.96,12033450.0
2024-06-20,27.51,28.12,27.41,28.0,22897970.0
2024-06-21,27.55,27.565,26.91,26.98,26983550.0
2024-06-24,27.06,27.14,26.8801,27.0,12836320.0
2024-06-25,26.78,26.7897,26.34,26.4,15555860.0
2024-06-26,26.16,26.4451,26.09,26.31,13855740.0
2024-06-27,26.56,26.66,26.3515,26.45,11124590.0
2024-06-28,26.88,26.89,26.54,26.57,10426510.0
2024-07-01,26.72,26.92,26.6,26.85,12587330.0
2024-07-02,26.85,27.23,26.775,26.97,12171950.0
2024-07-03,27.71,28.01,27.68,27.84,16834190.0
2024-07-05,28.16,28.75,28.0848,28.48,23018610.0
2024-07-08,28.35,28.51,27.79,28.13,19742930.0
2024-07-09,28.32,28.4299,27.87,28.12,14035890.0
2024-07-10,28.29,28.46,27.99,28.16,13142640.0
2024-07-11,28.75,28.91,28.4799,28.68,20141470.0
2024-07-12,28.0,28.3093,27.94,28.12,15380040.0
2024-07-15,28.09,28.39,27.87,28.03,13426730.0
2024-07-16,28.03,28.6797,27.98,28.61,17280200.0
2024-07-17,28.25,28.36,27.43,27.67,34443430.0
2024-07-18,27.76,27.79,27.1401,27.2,15566200.0
2024-07-19,26.4,26.74,26.365,26.69,20111210.0
2024-07-22,26.44,26.66,26.31,26.63,12069800.0
2024-07-23,26.49,26.68,26.42,26.68,10184530.0
2024-07-24,26.73,26.89,26.41,26.43,12474500.0
2024-07-25,25.24,25.54,25.17,25.41,31711430.0
2024-07-26,25.39,25.525,25.21,25.48,12442430.0
2024-07-29,25.54,25.575,24.93,25.44,16616690.0
2024-07-30,25.57,25.935,25.33,25.83,14896290.0
2024-07-31,26.23,26.5,26.06,26.39,23227940.0
2024-08-01,26.53,26.555,25.75,26.03,19796810.0
2024-08-02,26.44,26.4997,25.5,26.04,25324990.0
2024-08-05,24.63,25.0374,24.54,24.86,36392880.0
2024-08-06,24.53,24.89,24.48,24.64,18307960.0
2024-08-07,24.68,24.77,24.25,24.33,12709860.0
2024-08-08,24.72,25.18,24.635,25.01,17704430.0
2024-08-09,25.1,25.2499,24.88,25.0,15934050.0
2024-08-12,25.38,25.6,25.12,25.49,15323080.0
2024-08-13,25.21,25.44,25.1101,25.42,11860540.0
2024-08-14,25.26,25.41,24.8044,25.13,14114370.0
2024-08-15,25.8,26.0187,25.46,25.86,17205980.0
2024-08-16,25.86,26.44,25.77,26.43,19315680.0
2024-08-19,26.45,26.895,26.3701,26.83,20102850.0
2024-08-20,27.3,27.355,26.73,26.87,20454480.0
2024-08-21,26.92,27.1399,26.66,26.95,18449500.0
2024-08-22,26.92,26.93,26.2612,26.39,23972700.0
2024-08-23,26.71,27.27,26.63,27.2,21713300.0
2024-08-26,27.4,27.42,27.125,27.32,8812373.0
2024-08-27,27.25,27.46,27.1,27.36,10591710.0
2024-08-28,26.86,26.86,26.53,26.69,11564230.0
2024-08-29,26.71,27.05,26.63,26.81,11793830.0
2024-08-30,26.68,26.8,26.185,26.35,15762110.0
2024-09-03,25.83,25.846,25.2701,25.58,17149090.0
2024-09-04,25.62,25.8799,25.58,25.68,11322410.0
2024-09-05,26.38,26.61,26.15,26.23,14573640.0
2024-09-06,26.25,26.345,25.27,25.48,23805420.0
2024-09-09,25.72,25.88,25.585,25.85,8774848.0
2024-09-10,25.96,25.96,25.575,25.94,9395367.0
2024-09-11,26.05,26.215,25.62,26.12,11052160.0
2024-09-12,26.64,27.28,26.565,27.27,22552650.0
2024-09-13,27.87,28.205,27.7601,28.02,28629440.0
2024-09-16,28.27,28.29,27.9,28.07,14701630.0
2024-09-17,28.02,28.27,27.835,27.96,15504330.0
2024-09-18,27.95,28.5,27.09,27.24,35165910.0
2024-09-19,28.25,28.39,27.92,28.09,18852820.0
2024-09-20,28.4,28.595,28.18,28.41,21649450.0
2024-09-23,28.23,28.3,27.93,27.98,24206300.0
2024-09-24,28.27,29.44,28.165,29.38,41629940.0
2024-09-25,29.1,29.416,28.8,29.06,26626990.0
2024-09-26,29.32,29.4597,28.9446,29.26,23692040.0
2024-09-27,29.34,29.465,28.59,28.86,27109630.0
2024-09-30,28.51,28.54,28.17,28.41,16606180.0
2024-10-01,28.78,29.06,28.545,28.58,23796390.0
2024-10-02,29.13,29.46,28.68,29.0,21103120.0
2024-10-03,28.91,29.37,28.79,29.23,18907410.0
2024-10-04,29.23,30.07,28.98,29.36,39104900.0
2024-10-07,29.01,29.08,28.705,28.93,20871950.0
2024-10-08,28.41,28.53,27.47,28.01,39037160.0
2024-10-09,27.62,27.9899,27.56,27.86,20157870.0
2024-10-10,27.97,28.43,27.92,28.38,18329140.0
2024-10-11,28.6,28.87,28.59,28.8,17096610.0
2024-10-14,28.47,28.755,28.295,28.54,13515670.0
2024-10-15,28.52,28.9,28.42,28.71,16871730.0
2024-10-16,29.12,29.35,28.77,28.91,17789700.0
2024-10-17,28.92,29.195,28.55,28.89,15369540.0
2024-10-18,29.47,30.72,29.419,30.64,45090390.0
2024-10-21,31.13,31.23,30.5107,30.85,36669690.0
2024-10-22,31.4,31.8,31.24,31.74,37066100.0
2024-10-23,31.1,31.11,30.4801,30.71,37351700.0
2024-10-24,31.19,31.23,30.295,30.69,29251540.0
2024-10-25,30.58,31.02,30.47,30.63,19517550.0
2024-10-28,30.71,30.99,30.615,30.73,16296860.0
2024-10-29,31.17,31.51,31.055,31.39,22508750.0
2024-10-30,30.74,30.975,30.4546,30.81,20900080.0
2024-10-31,30.34,30.36,29.62,29.81,33075020.0
2024-11-01,30.06,30.185,29.475,29.54,22164870.0
2024-11-04,29.8,29.885,29.43,29.63,13044450.0
2024-11-05,29.95,30.015,29.6913,29.75,12188520.0
2024-11-06,28.19,28.6499,28.105,28.43,33037960.0
2024-11-07,28.921,29.2999,28.79,29.11,21432200.0
2024-11-08,28.97,29.0301,28.43,28.48,20235200.0
2024-11-11,27.97,28.02,27.72,27.97,24582570.0
2024-11-12,28.0,28.0887,27.79,28.07,16561240.0
2024-11-13,28.25,28.28,27.595,27.61,16530470.0
2024-11-14,27.59,27.935,27.51,27.81,18059870.0
2024-11-15,28.04,28.075,27.5,27.57,18838440.0
2024-11-18,28.18,28.495,28.16,28.38,15763430.0
2024-11-19,28.46,28.53,28.29,28.5,12751080.0
2024-11-20,28.39,28.4501,28.05,28.1,11137950.0
2024-11-21,28.27,28.3,27.92,28.04,11030530.0
2024-11-22,28.27,28.55,28.2001,28.47,13173880.0
2024-11-25,27.72,27.74,27.4,27.63,22478400.0
2024-11-26,27.8,27.83,27.6,27.8,10484680.0
2024-11-27,27.75,27.835,27.315,27.45,22858650.0
2024-11-29,27.97,28.015,27.815,27.92,9663876.0
2024-12-02,27.85,27.8699,27.61,27.79,9925388.0
2024-12-03,28.23,28.33,27.99,28.28,14543620.0
2024-12-04,28.361,28.6899,28.3,28.53,22762390.0
2024-12-05,28.49,28.5895,28.255,28.56,16122960.0
2024-12-06,28.32,28.495,28.08,28.25,13195510.0
2024-12-09,29.21,29.43,28.9502,28.98,37481110.0
2024-12-10,29.17,29.25,28.97,28.99,43997020.0
2024-12-11,28.95,29.3382,28.9,29.04,23582340.0
2024-12-12,28.62,28.6355,28.12,28.2,34794110.0
2024-12-13,27.84,27.87,27.59,27.75,20326690.0
2024-12-16,27.91,27.91,27.76,27.8,9124917.0
2024-12-17,27.71,27.84,27.47,27.81,17504680.0
2024-12-18,27.556,27.635,26.77,26.85,27794510.0
2024-12-19,26.57,26.65,26.19,26.52,31083850.0
2024-12-20,26.61,27.06,26.58,26.92,17487650.0
2024-12-23,26.93,27.07,26.79,26.99,14473870.0
2024-12-24,27.0,27.05,26.88,27.02,3967749.0
2024-12-26,27.12,27.21,26.93,27.14,8274160.0
2024-12-27,26.89,26.96,26.72,26.76,9643547.0
2024-12-30,26.6,26.61,26.24,26.43,18853860.0
2024-12-31,26.23,26.4399,26.22,26.33,8008410.0
2025-01-02,26.72,26.96,26.7,26.93,12368020.0
2025-01-03,27.19,27.23,26.9101,26.98,8637568.0
2025-01-06,27.13,27.485,27.07,27.24,13037030.0
2025-01-07,27.64,27.6762,27.31,27.33,17407680.0
2025-01-08,27.61,27.65,27.145,27.4,12926270.0
2025-01-10,27.93,27.94,27.55,27.61,24079100.0
2025-01-13,27.0,27.185,26.87,26.96,16965390.0
2025-01-14,27.03,27.305,27.01,27.2,11798040.0
2025-01-15,27.69,27.98,27.465,27.96,19890720.0
2025-01-16,27.98,28.2,27.8801,28.04,20900120.0
2025-01-17,27.5,27.755,27.44,27.61,18974590.0
2025-01-21,27.94,28.07,27.85,28.04,15214410.0
2025-01-22,27.96,28.16,27.82,28.05,21195100.0
2025-01-23,27.52,27.7799,27.4123,27.77,23481070.0
2025-01-24,27.94,28.08,27.805,27.91,13750110.0
2025-01-27,27.5,27.74,27.05,27.46,22691540.0
2025-01-28,27.53,27.76,27.385,27.63,15636500.0
2025-01-29,28.06,28.21,27.85,28.0,28857810.0
2025-01-30,28.65,28.9,28.53,28.72,38787660.0
2025-01-31,28.77,28.845,28.39,28.51,26121560.0
2025-02-03,28.55,28.85,28.2,28.67,31728850.0
2025-02-04,29.11,29.48,29.0212,29.22,41977320.0
2025-02-05,29.36,29.625,29.31,29.35,34873730.0
2025-02-06,29.24,29.41,28.905,29.38,17723150.0
2025-02-07,29.57,29.74,28.94,29.03,26954010.0
2025-02-10,29.15,29.36,29.075,29.2,14171330.0
2025-02-11,28.86,29.1099,28.82,29.0,13779090.0
2025-02-12,29.2,29.47,29.07,29.34,16716630.0
2025-02-13,29.19,29.48,29.12,29.46,17030680.0
2025-02-14,30.24,30.275,29.2,29.31,34965910.0
2025-02-18,29.62,29.96,29.57,29.91,20511070.0
2025-02-19,29.75,29.84,29.53,29.81,13660550.0
2025-02-20,29.98,30.13,29.88,29.95,15420400.0
2025-02-21,30.02,30.03,29.5799,29.59,15515830.0
2025-02-24,29.57,29.615,29.21,29.44,13995200.0
2025-02-25,29.17,29.3,28.47,28.83,22142400.0
2025-02-26,28.78,29.1,28.66,28.94,10231020.0
2025-02-27,28.94,28.94,28.3842,28.4,16680010.0
2025-02-28,28.18,28.4,28.04,28.31,13691960.0
2025-03-03,28.86,28.9899,28.66,28.75,16521970.0
2025-03-04,29.04,29.14,28.64,29.0,13767860.0
2025-03-05,29.23,29.78,29.21,29.77,25486330.0
2025-03-06,29.5,29.83,29.47,29.69,16888480.0
2025-03-07,29.39,29.675,29.22,29.59,18786440.0
2025-03-10,29.56,29.5799,29.06,29.11,15888990.0
2025-03-11,29.59,30.02,29.58,29.96,23227820.0
2025-03-12,30.02,30.335,29.935,30.22,18764800.0
2025-03-13,30.2,30.9,30.13,30.74,37624030.0
2025-03-14,30.91,30.93,30.5101,30.71,23520650.0
2025-03-17,30.42,30.85,30.42,30.81,20973690.0
2025-03-18,31.1,31.15,30.815,30.85,20424560.0
2025-03-19,30.68,30.88,30.445,30.75,23258470.0
2025-03-20,30.27,30.5385,30.23,30.5,12842060.0
2025-03-21,30.21,30.25,29.7211,30.02,17198900.0
2025-03-24,30.13,30.24,29.92,29.96,17493690.0
2025-03-25,30.55,30.755,30.515,30.58,19168010.0
2025-03-26,30.71,30.7599,30.48,30.53,13648350.0
2025-03-27,30.77,31.38,30.68,31.32,34298440.0
2025-03-28,31.39,31.41,30.86,31.0,25160220.0
2025-03-31,30.77,31.02,30.48,30.99,18403280.0
2025-04-01,30.87,30.91,30.435,30.63,22261810.0
2025-04-02,30.74,30.9651,30.64,30.76,20976580.0
2025-04-03,28.949,29.505,28.855,28.89,46008090.0
2025-04-04,27.96,28.02,26.57,27.08,73174470.0
2025-04-07,27.3,27.835,26.92,27.14,37531570.0
2025-04-08,27.63,27.7794,26.96,27.14,19629430.0
2025-04-09,27.61,28.24,27.45,28.06,38180140.0
2025-04-10,28.11,28.42,27.805,28.28,23059810.0
2025-04-11,28.79,29.37,28.68,29.19,36908490.0
2025-04-14,29.1,29.46,28.88,29.38,29268890.0
2025-04-15,29.36,29.46,29.2,29.41,24273710.0
2025-04-16,29.85,30.02,29.7,29.76,21282460.0
2025-04-17,29.54,29.69,29.17,29.55,13649370.0
2025-04-21,29.95,30.0079,29.55,29.79,17295370.0
2025-04-22,29.79,30.15,29.5,29.5,27253640.0
2025-04-23,29.81,30.62,29.71,30.56,31975020.0
2025-04-24,30.31,30.59,30.13,30.56,15405480.0
2025-04-25,29.96,30.1,29.79,30.05,19325990.0
2025-04-28,30.08,30.2,29.83,30.19,18288040.0
2025-04-29,30.45,30.5,29.82,29.83,24967340.0
2025-04-30,29.68,29.81,29.442,29.6,22126720.0
2025-05-01,29.41,29.55,29.17,29.39,14830500.0
2025-05-02,29.62,29.645,29.04,29.12,14040920.0
2025-05-05,29.55,29.56,29.25,29.48,10052320.0
2025-05-06,30.2,30.24,30.0,30.22,17870820.0
2025-05-07,29.77,29.87,29.32,29.49,14119050.0
2025-05-08,29.6,29.7798,29.36,29.46,13209300.0
2025-05-09,29.7,29.89,29.65,29.8,8963013.0
2025-05-12,29.67,29.7403,29.425,29.63,14641980.0
2025-05-13,29.69,30.005,29.6148,29.93,13094080.0
2025-05-14,29.43,29.51,29.16,29.25,14048460.0
2025-05-15,29.25,29.62,29.18,29.61,10062160.0
2025-05-16,29.2,29.38,29.095,29.3,9275626.0
2025-05-19,29.43,29.53,29.305,29.42,11078110.0
2025-05-20,29.53,30.13,29.5,30.13,14474140.0
2025-05-21,30.18,30.525,30.1,30.51,19504910.0
2025-05-22,30.01,30.11,29.78,30.03,15320490.0
2025-05-23,30.19,30.5,30.02,30.45,15098110.0
2025-05-27,30.04,30.25,29.98,30.23,12300990.0
2025-05-28,30.15,30.225,29.96,29.98,11211750.0
2025-05-29,30.29,30.32,30.0501,30.3,12212700.0
2025-05-30,30.12,30.19,29.78,30.0,14305420.0
2025-06-02,30.85,31.6,30.72,31.59,37873270.0
2025-06-03,31.27,31.47,31.07,31.44,23158780.0
2025-06-04,31.32,31.43,31.23,31.34,19730520.0
2025-06-05,32.625,32.775,32.09,32.45,51938530.0
2025-06-06,32.92,32.98,32.5499,32.69,30260240.0
2025-06-09,33.1,33.54,33.0,33.39,33931370.0
2025-06-10,33.31,33.36,33.01,33.23,29120890.0
2025-06-11,32.92,33.04,32.75,32.95,34712150.0
2025-06-12,32.85,33.06,32.79,33.06,21111560.0
2025-06-13,33.02,33.0585,32.79,32.97,21713080.0
2025-06-16,33.1,33.145,32.895,33.03,14883300.0
2025-06-17,33.63,33.865,33.4501,33.74,26824900.0
2025-06-18,33.735,33.75,33.205,33.27,21945620.0
2025-06-20,32.78,32.79,32.57,32.72,25415250.0
2025-06-23,32.81,33.045,32.78,32.96,18661950.0
2025-06-24,32.55,32.63,32.06,32.61,20982360.0
2025-06-25,32.53,33.01,32.49,33.01,12254290.0
2025-06-26,33.13,33.365,33.0,33.34,15255190.0
2025-06-27,32.56,32.9,32.53,32.62,17596330.0
2025-06-30,32.72,32.82,32.62,32.81,10565320.0
2025-07-01,32.93,33.12,32.71,32.73,13436390.0
2025-07-02,33.03,33.24,32.93,33.24,13673470.0
2025-07-03,33.415,33.55,33.29,33.51,10356220.0
2025-07-07,33.06,33.44,33.02,33.43,12132960.0
2025-07-08,33.33,33.36,32.97,33.29,17473120.0
2025-07-09,33.09,33.1399,32.96,33.0,17764090.0
2025-07-10,33.31,33.76,33.1108,33.75,44301490.0
2025-07-11,34.2,35.07,34.15,35.03,57917770.0
2025-07-14,35.22,35.29,34.61,34.63,40685410.0
2025-07-15,34.69,34.7197,34.125,34.26,34082260.0
2025-07-16,34.39,34.565,34.05,34.41,26483170.0
2025-07-17,34.3,34.68,34.175,34.65,14813460.0
2025-07-18,34.79,34.86,34.605,34.61,18305350.0
2025-07-21,35.11,35.49,35.09,35.35,28710470.0
2025-07-22,35.55,35.72,35.17,35.72,25205280.0
2025-07-23,35.76,35.91,35.465,35.69,21882760.0
2025-07-24,35.36,35.5499,35.24,35.49,11319790.0
2025-07-25,35.28,35.39,34.475,34.66,24958310.0
2025-07-28,34.65,34.685,34.43,34.64,16543350.0
2025-07-29,34.64,34.7799,34.48,34.66,10705700.0
2025-07-30,34.12,34.295,33.4,33.51,35325630.0
2025-07-31,33.3,33.35,33.1001,33.32,15454450.0
2025-08-01,33.76,33.77,33.39,33.59,16787160.0
2025-08-04,33.93,34.049,33.8501,33.98,9725836.0
2025-08-05,34.01,34.41,33.9906,34.35,16451160.0
2025-08-06,34.39,34.465,34.29,34.35,8747632.0
2025-08-07,34.85,34.99,34.52,34.76,21996130.0
2025-08-08,34.78,34.89,34.51,34.88,15786090.0
2025-08-11,34.34,34.43,34.18,34.18,10749340.0
2025-08-12,34.24,34.5318,34.11,34.41,12143900.0
2025-08-13,34.87,35.04,34.85,35.0,13185610.0
2025-08-14,34.65,34.7454,34.35,34.5,15819730.0
2025-08-15,34.34,34.52,34.2201,34.5,13881750.0
2025-08-18,34.66,34.68,34.4701,34.55,8670779.0
2025-08-19,34.47,34.54,33.85,33.87,18812900.0
2025-08-20,34.21,34.45,34.195,34.43,10903380.0
2025-08-21,34.48,34.69,34.45,34.61,10597930.0
2025-08-22,34.46,35.4651,34.4001,35.34,26003280.0
2025-08-25,35.07,35.35,35.02,35.02,10286440.0
2025-08-26,34.9,35.1,34.88,35.02,13836600.0
2025-08-27,34.73,35.08,34.61,34.99,10084240.0
2025-08-28,35.41,35.52,35.225,35.52,21079110.0
2025-08-29,35.35,36.29,35.32,36.19,28952950.0
2025-09-02,36.625,37.17,36.43,37.15,35875340.0
2025-09-03,37.33,37.64,37.18,37.34,27291240.0
2025-09-04,37.2,37.22,36.6301,36.93,45258540.0
2025-09-05,37.41,37.6,36.97,37.21,25435550.0
2025-09-08,37.565,37.825,37.36,37.51,25019720.0
2025-09-09,37.43,37.58,37.0101,37.18,24001240.0
2025-09-10,37.35,37.485,37.24,37.41,17743560.0
2025-09-11,37.37,37.915,37.325,37.79,19051460.0
2025-09-12,38.24,38.445,38.15,38.34,19902340.0
2025-09-15,38.3,38.79,38.25,38.76,22225100.0
2025-09-16,39.0,39.01,38.34,38.6,25319750.0
2025-09-17,38.04,38.34,37.35,37.79,31045450.0
2025-09-18,37.855,38.0,37.61,37.99,13289170.0
2025-09-19,38.26,39.12,38.19,39.04,36776300.0
2025-09-22,39.5,40.05,39.34,40.04,32055380.0
2025-09-23,40.31,40.36,39.79,39.96,28492560.0
2025-09-24,40.13,40.16,39.635,39.82,31533210.0
2025-09-25,40.46,41.055,40.115,41.03,36395830.0
2025-09-26,41.23,42.33,41.09,41.86,44578530.0
2025-09-29,42.455,42.75,42.18,42.5,41290340.0
2025-09-30,41.79,42.46,41.7,42.37,34884240.0
2025-10-01,43.03,43.4,42.87,42.91,44341800.0
2025-10-02,43.57,43.59,41.66,42.53,58242300.0
2025-10-03,43.33,43.95,43.045,43.52,47523540.0
2025-10-06,44.005,44.26,43.885,44.06,34114000.0
2025-10-07,43.97,43.99,42.95,43.39,42769080.0
2025-10-08,44.43,45.01,44.275,44.56,59455740.0
2025-10-09,46.27,46.35,42.8149,44.71,110701700.0
2025-10-10,45.48,45.995,44.88,45.43,67017000.0
2025-10-13,46.94,47.44,46.58,47.26,57830360.0
2025-10-14,45.99,47.26,45.77,46.8,57821450.0
2025-10-15,47.75,48.405,47.42,48.33,41672870.0
2025-10-16,48.1,49.25,48.0,49.17,48853000.0
2025-10-17,48.46,48.59,45.88,46.99,86492640.0
2025-10-20,47.76,47.83,47.06,47.72,35933500.0
2025-10-21,45.19,45.38,43.3101,43.79,81395270.0
2025-10-22,43.74,44.13,43.28,43.88,43269980.0
2025-10-23,44.72,44.865,44.17,44.18,24565620.0
2025-10-24,44.08,44.39,43.84,43.99,24014020.0
2025-10-27,42.97,43.06,41.7,42.4,42914130.0
2025-10-28,42.36,42.9099,42.23,42.7,27782020.0
2025-10-29,43.84,43.935,42.83,43.23,27351680.0
2025-10-30,43.68,44.435,43.54,44.34,30333240.0
2025-10-31,44.48,44.52,43.89,44.01,21310920.0
2025-11-03,44.254,44.358,43.56,43.76,17946700.0
2025-11-04,43.04,43.435,42.51,42.74,26679120.0
2025-11-05,43.49,43.79,43.35,43.65,16178520.0
2025-11-06,43.66,43.9,43.235,43.55,15957870.0
2025-11-07,44.02,44.23,43.51,43.92,16493110.0
2025-11-10,45.17,45.87,45.005,45.79,20763790.0
2025-11-11,46.28,46.48,45.6,46.45,19693670.0
2025-11-12,47.1,48.6999,46.89,48.32,51559720.0
2025-11-13,48.29,48.4151,47.21,47.42,39328400.0
2025-11-14,45.77,46.705,45.4,45.96,31793460.0
2025-11-17,45.81,46.26,44.945,45.47,23581990.0
2025-11-18,45.87,46.44,45.59,46.1,20909400.0
2025-11-19,46.8,47.5,45.69,46.45,30797070.0
2025-11-20,46.26,46.635,45.535,45.78,28460430.0
2025-11-21,44.9,45.95,44.76,45.3,26351870.0
2025-11-24,45.41,46.635,45.355,46.63,21486800.0
2025-11-25,46.55,46.77,45.97,46.67,24006640.0
2025-11-26,47.31,48.45,47.145,48.4,26280260.0
2025-11-28,49.67,51.27,49.58,51.21,41350010.0
2025-12-01,51.99,53.36,51.61,52.52,66064100.0
2025-12-02,52.83,53.2,51.765,53.13,43952650.0
2025-12-03,52.99,53.389,52.42,53.07,33817720.0
2025-12-04,52.28,52.36,51.135,51.76,48740290.0
2025-12-05,52.71,53.82,52.53,52.95,43566010.0
2025-12-08,52.89,52.965,52.26,52.71,19711180.0
2025-12-09,53.39,55.185,53.36,55.17,59738850.0
2025-12-10,55.13,56.215,54.48,56.07,54915010.0
2025-12-11,56.77,58.295,56.465,57.62,67910900.0
2025-12-12,58.53,58.56,55.13,56.1,78667370.0
2025-12-15,57.84,58.2,57.02,58.11,43227800.0
2025-12-16,57.61,57.99,57.1001,57.73,32461260.0
2025-12-17,59.27,60.64,59.045,60.26,65127980.0
2025-12-18,59.82,60.025,58.58,59.32,47603350.0
2025-12-19,59.79,61.16,59.69,60.93,42610050.0
2025-12-22,62.6,62.82,61.74,62.47,50621720.0
2025-12-23,63.68,64.875,62.37,64.84,75680000.0
2025-12-24,65.08,65.525,63.605,65.22,58825950.0
2025-12-26,67.83,71.225,67.345,71.12,139161200.0
2025-12-29,65.657,66.485,63.92,66.01,153207900.0
2025-12-30,69.105,70.76,68.0307,68.98,117759200.0
2025-12-31,65.54,66.88,63.53,64.42,114745300.0
2026-01-02,67.3,67.36,64.745,65.75,75553310.0
2026-01-05,69.45,70.6,68.52,69.08,103313300.0
2026-01-06,71.43,73.84,71.35,73.71,105539100.0
2026-01-07,69.82,71.545,69.22,70.96,93679520.0
2026-01-08,67.24,69.77,66.92,69.71,77918290.0
2026-01-09,71.31,72.99,70.8713,72.38,90650130.0
2026-01-12,76.11,78.18,76.0,77.23,105429600.0
2026-01-13,80.03,80.8,77.86,78.6,140656900.0
2026-01-14,83.34,84.78,81.28,84.56,177419400.0
2026-01-15,80.74,84.33,80.54,83.32,160702100.0
2026-01-16,80.33,81.52,78.745,81.02,132767200.0
2026-01-20,86.19,86.33,84.3805,85.39,101272300.0
2026-01-21,85.6,85.895,81.89,83.96,141683900.0
2026-01-22,84.79,87.52,84.71,87.13,86965020.0
2026-01-23,90.19,92.9799,89.665,92.91,143739100.0
2026-01-26,99.37,106.7,96.51,98.34,393030300.0
2026-01-27,97.98,101.74,95.07,101.59,215489700.0
2026-01-28,102.78,106.45,100.0,105.6,184566000.0
2026-01-29,109.53,109.83,96.74,105.57,246351300.0
2026-01-30,89.33,92.14,69.12,75.44,510687700.0
2026-02-02,73.8,74.92,68.26,72.44,220063200.0
2026-02-03,79.05,80.72,74.91,76.96,175508800.0
2026-02-04,82.6,82.8,75.76,79.18,130805800.0
2026-02-05,68.23,70.52,65.51,66.69,170928000.0
2026-02-06,67.72,70.84,67.455,70.19,71262670.0
2026-02-09,72.88,76.16,72.55,76.04,88229120.0
2026-02-10,74.72,75.245,72.455,73.41,68588500.0
2026-02-11,76.92,76.99,74.8,76.56,75806850.0
2026-02-12,75.185,75.67,67.355,67.73,128437700.0
2026-02-13,71.21,71.3199,68.86,69.72,69570800.0
2026-02-17,67.27,67.7,65.14,66.37,82561700.0
2026-02-18,69.66,70.97,69.07,70.09,63749360.0
2026-02-19,70.68,71.67,69.85,71.01,49022460.0
2026-02-20,73.11,76.68,72.25,76.62,86636800.0
2026-02-23,78.4,80.695,77.905,80.57,94752140.0
2026-02-24,78.23,79.9399,77.94,79.08,56012580.0
2026-02-25,81.86,82.73,79.88,80.04,64933070.0
2026-02-26,78.76,80.57,72.5169,80.45,52050400.0
2026-02-27,83.25,85.27,82.36,84.99,69525170.0
2026-03-02,81.17,82.3738,78.34,81.57,96957600.0
2026-03-03,74.21,76.14,71.68,74.68,89651700.0
2026-03-04,76.34,77.06,74.41,75.34,39022460.0
2026-03-05,74.94,75.52,73.01,74.27,49446280.0
2026-03-06,75.09,76.97,74.58,75.94,40550720.0
2026-03-09,76.43,78.56,75.2375,78.26,34865490.0
2026-03-10,80.89,81.2788,78.7312,80.09,37263670.0
2026-03-11,78.03,78.0636,76.45,77.91,30665410.0
2026-03-12,78.53,78.54,76.36,76.48,29762310.0
2026-03-13,76.07,76.28,71.915,72.69,46251910.0
2026-03-16,73.26,73.96,72.01,73.22,37193130.0
2026-03-17,73.16,73.72,70.84,71.66,32991840.0
2026-03-18,69.51,70.55,68.66,68.7,46745880.0
2026-03-19,61.9,65.74,60.8501,65.68,96191600.0
2026-03-20,64.68,64.96,61.25,61.52,56912250.0
2026-03-23,61.3,64.11,60.98,62.47,72440030.0
2026-03-24,61.62,63.69,61.269,62.95,48267960.0
2026-03-25,66.04,66.4,64.48,65.21,38165920.0
2026-03-26,62.1,63.135,60.37,60.77,56080490.0
2026-03-27,61.43,64.875,61.22,63.44,52470820.0
2026-03-30,64.46,64.63,63.02,63.52,30511950.0
2026-03-31,65.84,68.2,65.69,68.14,42141650.0
2026-04-01,67.96,68.905,67.375,68.14,38360670.0
2026-04-02,63.55,66.23,63.49,65.79,37002900.0
2026-04-06,65.85,66.29,65.22,66.09,18134490.0
2026-04-07,65.28,66.19,63.2,65.94,30458560.0
2026-04-08,69.728,69.93,66.52,67.47,31631920.0
2026-04-09,67.615,69.34,67.17,68.39,27209990.0
2026-04-10,69.1,69.5499,68.56,69.08,20820570.0
2026-04-13,67.17,68.68,66.58,68.28,25330550.0
2026-04-14,70.332,72.065,70.27,72.04,33053310.0
2026-04-15,71.92,72.9,71.35,71.84,23587680.0
2026-04-16,71.92,72.22,70.655,71.24,21529670.0
2026-04-17,73.89,75.16,73.42,73.63,9999999.0
2026-04-20,73.63,73.63,73.63,73.63,
2026-04-21,70.99,71.56,68.35,68.49,31486980.0
2026-04-22,70.55,70.96,70.23,70.37,14416140.0
2026-04-23,68.77,69.24,67.515,68.38,21937400.0
2026-04-24,68.29,69.415,68.1,68.79,16377890.0
2026-04-27,68.3,68.55,67.55,68.33,13347200.0
2026-04-28,65.79,66.54,65.37,66.2,21555760.0
2026-04-29,64.955,65.265,64.13,64.84,18681750.0
2026-04-30,66.7,66.81,65.875,66.66,16140680.0
2026-05-01,67.58,69.65,67.51,68.29,20237190.0
2026-05-04,66.394,67.58,65.61,65.94,20986370.0
2026-05-05,66.77,66.95,65.85,65.91,12632130.0
2026-05-06,69.555,70.39,69.44,70.13,24490770.0
2026-05-07,73.28,74.325,71.16,71.6,33453090.0
2026-05-08,73.29,73.83,72.28,73.01,19125980.0
2026-05-11,77.05,78.0,76.141,78.0,38320830.0
2026-05-12,76.5,78.62,75.145,78.55,30999490.0
2026-05-13,78.66,80.86,78.27,79.35,31013610.0
2026-05-14,77.29,77.29,75.39,75.51,27151510.0
2026-05-15,69.74,70.06,68.545,69.04,45770130.0
2026-05-18,70.23,70.77,68.88,69.94,22926620.0
2026-05-19,66.68,67.8,66.11,66.9,23057280.0
2026-05-20,67.82,69.33,67.33,68.73,22463150.0
2026-05-21,67.68,69.75,67.31,69.45,17099100.0
2026-05-22,68.86,69.06,67.795,68.36,14406290.0
2026-05-26,69.02,69.73,68.585,69.72,15492510.0
2026-05-27,66.884,67.915,66.88,67.5,15831750.0
2026-05-28,66.55,68.76,66.155,68.36,18944970.0
2026-05-29,68.56,69.345,67.48,68.33,16549310.0
2026-06-01,67.49,68.235,66.8,67.67,16531530.0
2026-06-02,68.69,69.03,67.63,67.99,11642590.0
2026-06-03,67.0,67.14,66.1,66.21,13716210.0
2026-06-04,67.5,67.72,66.2,66.98,11803550.0
2026-06-05,64.06,64.245,61.355,61.57,37795070.0
2026-06-08,62.03,62.295,61.235,61.58,22342230.0
2026-06-09,61.82,62.425,58.22,59.01,34115090.0
2026-06-10,58.19,59.47,57.625,57.66,28661820.0
2026-06-11,57.45,61.1,57.3,60.82,30766060.0
2026-06-12,60.53,61.825,59.865,61.29,21271710.0
2026-06-15,64.28,64.5,63.24,63.47,19878900.0
2026-06-16,63.7,63.845,62.76,63.39,16353820.0
2026-06-17,63.544,64.69,60.385,60.61,33399780.0
2026-06-18,60.74,61.12,58.85,59.51,28928220.0
2026-06-22,60.09,60.33,58.75,58.91,16469780.0
2026-06-23,56.16,56.51,55.465,55.73,20777790.0
2026-06-24,52.94,53.895,50.31,51.78,51913720.0
2026-06-25,52.71,53.2,51.5,52.36,24748960.0
2026-06-26,52.87,53.87,52.4593,53.28,15469230.0
2026-06-29,52.775,52.93,51.93,52.68,14264350.0
2026-06-30,53.33,54.645,53.185,53.47,15720010.0
2026-07-01,53.33,55.16,53.225,53.58,16209130.0
2026-07-02,55.11,56.13,54.57,55.02,16965290.0
2026-07-06,55.742,56.37,55.61,56.11,13649050.0
2026-07-07,55.39,55.935,53.745,54.46,14497810.0
2026-07-08,52.76,53.09,51.72,52.83,20091230.0
2026-07-09,54.11,54.775,53.99,54.14,11833000.0
2026-07-10,53.69,54.29,53.23,53.95,11734300.0
2026-07-13,52.95,53.0,51.78,52.16,17653070.0
2026-07-14,53.53,53.935,52.855,53.17,13208720.0
2026-07-15,52.71,52.9,51.1906,52.21,16315320.0
2026-07-16,50.91,51.08,50.02,50.39,19377910.0
2026-07-17,49.7,50.82,49.61,50.78,15482030.0
2026-07-20,51.2,51.7,50.95,50.98,12897580.0
2026-07-21,52.86,53.52,52.66,53.08,12776300.0
2026-07-22,53.78,55.08,53.78,53.92,13925340.0
2026-07-23,52.09,52.46,51.77,52.06,13724970.0
2026-07-24,52.34,53.325,52.3,52.59,11134380.0
2026-07-27,53.04,53.325,52.5699,52.93,13115190.0
2026-07-28,51.61,52.01,51.185,51.7,10764260.0
2026-07-29,51.72,53.555,51.27,51.77,20374090.0
2026-07-30,52.35,53.55,52.205,53.5,16206560.0
2026-07-31,51.95,52.415,51.54,52.36,11609650.0
