time,open,high,low,close,volume
2016-08-01,24.74,24.76,24.71,24.74,705803.0
2016-08-02,24.6,24.61,24.55,24.57,1902255.0
2016-08-03,24.66,24.71,24.6401,24.71,1458737.0
2016-08-04,24.74,24.765,24.7201,24.75,349942.0
2016-08-05,24.92,24.96,24.845,24.88,834661.0
2016-08-08,24.93,24.93,24.9,24.9,601795.0
2016-08-09,24.9,24.91,24.83,24.85,671678.0
2016-08-10,24.7,24.75,24.691,24.72,1372095.0
2016-08-11,24.75,24.7963,24.705,24.79,740501.0
2016-08-12,24.67,24.75,24.655,24.75,745911.0
2016-08-15,24.73,24.73,24.68,24.71,538965.0
2016-08-16,24.56,24.5674,24.48,24.49,1974609.0
2016-08-17,24.53,24.58,24.4307,24.51,1489965.0
2016-08-18,24.43,24.44,24.32,24.33,1147702.0
2016-08-19,24.45,24.46,24.42,24.42,1072220.0
2016-08-22,24.46,24.47,24.42,24.45,1017395.0
2016-08-23,24.41,24.44,24.392,24.43,1427522.0
2016-08-24,24.49,24.54,24.48,24.5,1047415.0
2016-08-25,24.47,24.51,24.46,24.5,987194.0
2016-08-26,24.45,24.71,24.36,24.68,2873893.0
2016-08-29,24.76,24.77,24.69,24.7,1152879.0
2016-08-30,24.78,24.86,24.77,24.83,4898824.0
2016-08-31,24.86,24.87,24.8,24.82,2955843.0
2016-09-01,24.85,24.87,24.72,24.73,1397616.0
2016-09-02,24.68,24.81,24.67,24.79,2454084.0
2016-09-06,24.72,24.73,24.5,24.5,3033404.0
2016-09-07,24.5,24.57,24.48,24.54,1175228.0
2016-09-08,24.44,24.59,24.42,24.57,1294957.0
2016-09-09,24.65,24.7,24.631,24.64,1208016.0
2016-09-12,24.64,24.66,24.54,24.6,1337456.0
2016-09-13,24.67,24.73,24.62,24.7,771446.0
2016-09-14,24.7,24.71,24.6001,24.64,413570.0
2016-09-15,24.65,24.685,24.6,24.63,993975.0
2016-09-16,24.78,24.84,24.75,24.83,1459632.0
2016-09-19,24.75,24.77,24.718,24.77,2600974.0
2016-09-20,24.78,24.82,24.77,24.81,2402948.0
2016-09-21,24.8,24.83,24.65,24.7,1220684.0
2016-09-22,24.58,24.67,24.56,24.67,1275780.0
2016-09-23,24.71,24.72,24.66,24.68,632208.0
2016-09-26,24.61,24.63,24.5799,24.63,362369.0
2016-09-27,24.69,24.72,24.6407,24.65,317165.0
2016-09-28,24.68,24.74,24.65,24.67,259993.0
2016-09-29,24.71,24.72,24.633,24.69,959118.0
2016-09-30,24.68,24.72,24.64,24.68,1338592.0
2016-10-03,24.7,24.76,24.7,24.73,732529.0
2016-10-04,24.87,24.93,24.78,24.84,1734684.0
2016-10-05,24.85,24.91,24.84,24.87,4292531.0
2016-10-06,24.95,25.03,24.94,25.0,1200932.0
2016-10-07,24.97,25.07,24.935,24.96,2114232.0
2016-10-10,25.05,25.08,25.0117,25.06,818633.0
2016-10-11,25.15,25.28,25.14,25.25,2255994.0
2016-10-12,25.31,25.35,25.26,25.32,1502058.0
2016-10-13,25.27,25.3,25.21,25.23,919729.0
2016-10-14,25.31,25.37,25.27,25.36,689548.0
2016-10-17,25.33,25.34,25.28,25.3,945154.0
2016-10-18,25.3,25.3299,25.27,25.32,1219271.0
2016-10-19,25.31,25.34,25.2815,25.33,1853029.0
2016-10-20,25.38,25.44,25.365,25.41,676320.0
2016-10-21,25.5,25.54,25.49,25.5,3574024.0
2016-10-24,25.49,25.55,25.48,25.53,721202.0
2016-10-25,25.6,25.62,25.49,25.52,1204381.0
2016-10-26,25.45,25.51,25.42,25.51,833819.0
2016-10-27,25.5,25.5939,25.48,25.56,1390325.0
2016-10-28,25.54,25.54,25.39,25.41,1992438.0
2016-10-31,25.48,25.51,25.42,25.42,1010035.0
2016-11-01,25.34,25.35,25.24,25.29,2885436.0
2016-11-02,25.19,25.21,25.12,25.2,1744286.0
2016-11-03,25.18,25.2,25.1,25.13,1328490.0
2016-11-04,25.14,25.15,25.06,25.06,940881.0
2016-11-07,25.25,25.31,25.25,25.27,2672709.0
2016-11-08,25.27,25.34,25.25,25.34,912209.0
2016-11-09,25.38,25.5,25.37,25.5,2429073.0
2016-11-10,25.57,25.62,25.5,25.55,2705395.0
2016-11-11,25.52,25.62,25.51,25.59,1098721.0
2016-11-14,25.83,25.9,25.8,25.84,7033292.0
2016-11-15,25.88,25.915,25.84,25.88,4437978.0
2016-11-16,25.91,25.995,25.8901,25.95,3750548.0
2016-11-17,25.91,26.1,25.91,26.1,2051758.0
2016-11-18,26.16,26.24,26.12,26.19,1549397.0
2016-11-21,26.11,26.17,26.0615,26.09,3162105.0
2016-11-22,26.11,26.2,26.09,26.13,2045228.0
2016-11-23,26.3,26.35,26.2501,26.29,2359799.0
2016-11-25,26.19,26.25,26.16,26.24,3108255.0
2016-11-28,26.24,26.2499,26.16,26.17,2103252.0
2016-11-29,26.21,26.222,26.08,26.11,1772330.0
2016-11-30,26.21,26.3201,26.19,26.25,3417026.0
2016-12-01,26.2,26.25,26.1,26.11,1638164.0
2016-12-02,26.07,26.1011,26.03,26.05,1791614.0
2016-12-05,25.96,25.98,25.805,25.88,4565684.0
2016-12-06,25.94,26.0,25.91,25.98,2428050.0
2016-12-07,25.96,25.96,25.89,25.9,1902592.0
2016-12-08,26.08,26.17,26.0399,26.13,2134990.0
2016-12-09,26.23,26.3,26.21,26.24,1499849.0
2016-12-12,26.12,26.1814,26.06,26.09,1717610.0
2016-12-13,26.1,26.14,26.04,26.12,1766731.0
2016-12-14,26.08,26.44,26.03,26.37,3032321.0
2016-12-15,26.59,26.76,26.57,26.66,3598856.0
2016-12-16,26.65,26.67,26.5,26.57,2103604.0
2016-12-19,26.6,26.656,26.5344,26.65,1333502.0
2016-12-20,26.75,26.7675,26.66,26.7,2896431.0
2016-12-21,26.59,26.645,26.56,26.62,1278790.0
2016-12-22,26.59,26.66,26.51,26.65,1713850.0
2016-12-23,26.65,26.667,26.59,26.63,909346.0
2016-12-27,26.65,26.65,26.62,26.62,655265.0
2016-12-28,26.73,26.77,26.66,26.69,1247437.0
2016-12-29,26.63,26.63,26.53,26.54,1331837.0
2016-12-30,26.44,26.46,26.35,26.46,1767608.0
2017-01-03,26.71,26.83,26.61,26.7,3455461.0
2017-01-04,26.57,26.59,26.465,26.5,3534316.0
2017-01-05,26.37,26.38,26.18,26.22,4268031.0
2017-01-06,26.39,26.44,26.295,26.41,3202459.0
2017-01-09,26.42,26.4399,26.31,26.34,3506071.0
2017-01-10,26.33,26.38,26.2644,26.35,2059975.0
2017-01-11,26.5,26.605,26.17,26.29,4496632.0
2017-01-12,26.13,26.229,26.05,26.19,2173915.0
2017-01-13,26.18,26.279,26.13,26.16,1828391.0
2017-01-17,25.93,25.97,25.91,25.92,3444290.0
2017-01-18,26.02,26.175,25.9685,26.16,3939621.0
2017-01-19,26.21,26.28,26.11,26.12,1595546.0
2017-01-20,26.13,26.17,26.02,26.03,11995970.0
2017-01-23,25.95,25.9911,25.86,25.89,2300566.0
2017-01-24,25.89,25.93,25.815,25.9,1638241.0
2017-01-25,25.89,25.91,25.81,25.81,2168661.0
2017-01-26,25.96,26.03,25.93,25.98,3848091.0
2017-01-27,25.95,26.0111,25.93,25.99,2262326.0
2017-01-30,26.05,26.06,25.91,25.94,1139182.0
2017-01-31,25.77,25.777,25.68,25.73,3569255.0
2017-02-01,25.82,25.85,25.71,25.75,4271287.0
2017-02-02,25.69,25.8,25.65,25.79,1361513.0
2017-02-03,25.82,25.82,25.71,25.78,2033204.0
2017-02-06,25.86,25.89,25.78,25.8,1703311.0
2017-02-07,25.96,26.0055,25.861,25.93,1600473.0
2017-02-08,25.9,25.92,25.8427,25.9,1412316.0
2017-02-09,25.9,26.01,25.89,26.0,1189525.0
2017-02-10,26.09,26.1,25.985,26.03,1022132.0
2017-02-13,26.08,26.12,26.07,26.09,1089619.0
2017-02-14,26.06,26.19,26.055,26.15,2502019.0
2017-02-15,26.24,26.2552,26.09,26.1,934412.0
2017-02-16,26.0,26.01,25.93,25.95,2129415.0
2017-02-17,25.96,26.08,25.96,26.08,999053.0
2017-02-21,26.21,26.25,26.17,26.2,1421798.0
2017-02-22,26.23,26.27,26.13,26.14,2048684.0
2017-02-23,26.11,26.1281,26.055,26.08,1291596.0
2017-02-24,26.08,26.13,26.0565,26.13,714586.0
2017-02-27,26.07,26.14,26.01,26.13,768628.0
2017-02-28,26.08,26.15,26.03,26.11,2266890.0
2017-03-01,26.32,26.335,26.23,26.29,1646379.0
2017-03-02,26.39,26.42,26.345,26.4,2871218.0
2017-03-03,26.31,26.36,26.17,26.17,2932583.0
2017-03-06,26.2,26.28,26.2,26.26,1043220.0
2017-03-07,26.31,26.32,26.2557,26.29,687239.0
2017-03-08,26.34,26.39,26.33,26.38,1171798.0
2017-03-09,26.31,26.36,26.29,26.33,1519763.0
2017-03-10,26.26,26.28,26.12,26.15,2008620.0
2017-03-13,26.16,26.19,26.13,26.19,1252066.0
2017-03-14,26.25,26.28,26.2,26.28,1214083.0
2017-03-15,26.25,26.2531,25.97,25.97,3031365.0
2017-03-16,25.92,25.97,25.88,25.88,2800238.0
2017-03-17,25.91,25.92,25.86,25.89,1814681.0
2017-03-20,25.87,25.93,25.86,25.8976,742928.0
2017-03-21,25.77,25.77,25.72,25.74,1933763.0
2017-03-22,25.73,25.76,25.695,25.72,970219.0
2017-03-23,25.73,25.769,25.72,25.75,1110827.0
2017-03-24,25.74,25.76,25.69,25.74,2017571.0
2017-03-27,25.53,25.61,25.52,25.6,1813518.0
2017-03-28,25.6,25.7553,25.58,25.74,1657628.0
2017-03-29,25.84,25.85,25.79,25.79,550687.0
2017-03-30,25.83,25.96,25.8061,25.96,1195287.0
2017-03-31,25.92,25.97,25.89,25.95,880097.0
2017-04-03,25.97,26.0,25.94,25.95,645045.0
2017-04-04,25.99,26.01,25.96,25.98,813117.0
2017-04-05,25.99,26.105,25.9401,25.97,4699449.0
2017-04-06,25.98,26.03,25.97,26.03,807893.0
2017-04-07,26.07,26.16,26.0422,26.15,1037551.0
2017-04-10,26.12,26.13,26.08,26.1,666812.0
2017-04-11,26.05,26.05,25.99,26.02,651535.0
2017-04-12,26.02,26.055,25.87,25.89,1544782.0
2017-04-13,25.91,25.985,25.91,25.98,820585.0
2017-04-17,25.89,25.93,25.8301,25.91,880787.0
2017-04-18,25.78,25.82,25.69,25.69,1290899.0
2017-04-19,25.76,25.8,25.75,25.78,417536.0
2017-04-20,25.71,25.79,25.68,25.79,668860.0
2017-04-21,25.8,25.84,25.79,25.81,742549.0
2017-04-24,25.57,25.62,25.57,25.57,1622564.0
2017-04-25,25.59,25.59,25.481,25.5,1678033.0
2017-04-26,25.6,25.6499,25.54,25.56,863570.0
2017-04-27,25.61,25.6566,25.58,25.6,724554.0
2017-04-28,25.56,25.596,25.54,25.57,840156.0
2017-05-01,25.56,25.5973,25.53,25.59,617674.0
2017-05-02,25.59,25.62,25.55,25.55,332528.0
2017-05-03,25.58,25.6599,25.55,25.65,877001.0
2017-05-04,25.61,25.61,25.49,25.49,885380.0
2017-05-05,25.51,25.52,25.44,25.45,680479.0
2017-05-08,25.55,25.61,25.55,25.59,718472.0
2017-05-09,25.7,25.7488,25.6701,25.72,1846521.0
2017-05-10,25.7,25.76,25.7,25.73,549418.0
2017-05-11,25.76,25.76,25.71,25.74,349090.0
2017-05-12,25.65,25.65,25.61,25.61,690773.0
2017-05-15,25.52,25.5699,25.52,25.54,739750.0
2017-05-16,25.39,25.41,25.33,25.35,1745208.0
2017-05-17,25.28,25.29,25.18,25.18,1256346.0
2017-05-18,25.21,25.33,25.1949,25.27,1206901.0
2017-05-19,25.12,25.14,25.07,25.09,1152004.0
2017-05-22,25.04,25.06,25.0,25.05,1133585.0
2017-05-23,25.03,25.1686,25.021,25.16,1008850.0
2017-05-24,25.16,25.1799,25.08,25.08,1116015.0
2017-05-25,25.09,25.1338,25.08,25.11,1103127.0
2017-05-26,25.18,25.2,25.15,25.17,413438.0
2017-05-30,25.16,25.1767,25.12,25.14,1113821.0
2017-05-31,25.1,25.1,25.02,25.08,959023.0
2017-06-01,25.13,25.135,25.09,25.11,917092.0
2017-06-02,25.02,25.03,24.97,24.99,1415973.0
2017-06-05,25.02,25.0389,25.0,25.01,1086067.0
2017-06-06,24.96,24.99,24.9425,24.95,895735.0
2017-06-07,25.01,25.05,24.9425,24.98,521478.0
2017-06-08,25.05,25.11,25.05,25.07,724274.0
2017-06-09,25.2,25.2,25.13,25.15,652142.0
2017-06-12,25.12,25.16,25.1047,25.11,429793.0
2017-06-13,25.09,25.1,25.06,25.08,398022.0
2017-06-14,24.95,25.108,24.905,25.06,1676673.0
2017-06-15,25.18,25.23,25.18,25.21,1147375.0
2017-06-16,25.17,25.18,25.1,25.12,916693.0
2017-06-19,25.16,25.23,25.15,25.23,637336.0
2017-06-20,25.23,25.29,25.23,25.27,615420.0
2017-06-21,25.26,25.27,25.2,25.22,1105757.0
2017-06-22,25.22,25.25,25.2,25.23,896783.0
2017-06-23,25.18,25.18,25.12,25.15,323118.0
2017-06-26,25.12,25.2,25.11,25.19,596625.0
2017-06-27,25.02,25.04,24.91,24.91,1282645.0
2017-06-28,24.92,24.92,24.8101,24.83,944504.0
2017-06-29,24.81,24.81,24.71,24.71,1829488.0
2017-06-30,24.76,24.785,24.73,24.75,1529748.0
2017-07-03,24.87,24.9,24.85,24.9,794291.0
2017-07-05,24.96,24.96,24.895,24.91,1570208.0
2017-07-06,24.83,24.85,24.79,24.8,358346.0
2017-07-07,24.85,24.885,24.83,24.84,376388.0
2017-07-10,24.87,24.88,24.84,24.85,212858.0
2017-07-11,24.87,24.88,24.75,24.76,1556811.0
2017-07-12,24.79,24.83,24.75,24.76,900924.0
2017-07-13,24.77,24.82,24.76,24.77,411520.0
2017-07-14,24.67,24.68,24.61,24.62,767792.0
2017-07-17,24.62,24.64,24.59,24.62,508491.0
2017-07-18,24.48,24.505,24.45,24.49,970524.0
2017-07-19,24.5,24.55,24.5,24.55,785589.0
2017-07-20,24.51,24.52,24.35,24.4,1016170.0
2017-07-21,24.37,24.38,24.3,24.32,644571.0
2017-07-24,24.33,24.37,24.32,24.33,419120.0
2017-07-25,24.3,24.37,24.26,24.37,757945.0
2017-07-26,24.38,24.4099,24.1801,24.23,1329515.0
2017-07-27,24.28,24.375,24.26,24.32,1390749.0
2017-07-28,24.24,24.25,24.16,24.17,859217.0
2017-07-31,24.21,24.22,24.041,24.07,1431980.0
2017-08-01,24.08,24.13,24.04,24.11,1145811.0
2017-08-02,24.1,24.1083,23.98,24.08,2221816.0
2017-08-03,24.1,24.11,24.02,24.02,2070632.0
2017-08-04,24.12,24.2998,24.11,24.23,2537818.0
2017-08-07,24.27,24.27,24.21,24.22,852701.0
2017-08-08,24.19,24.33,24.1744,24.26,1390172.0
2017-08-09,24.3,24.325,24.23,24.24,1164765.0
2017-08-10,24.26,24.28,24.1901,24.2,947592.0
2017-08-11,24.16,24.2056,24.09,24.11,1472127.0
2017-08-14,24.2,24.23,24.18,24.21,832223.0
2017-08-15,24.36,24.379,24.3,24.32,914451.0
2017-08-16,24.39,24.39,24.22,24.24,756898.0
2017-08-17,24.32,24.32,24.25,24.29,542624.0
2017-08-18,24.21,24.27,24.2,24.21,247141.0
2017-08-21,24.18,24.19,24.11,24.14,632867.0
2017-08-22,24.21,24.2599,24.21,24.24,558260.0
2017-08-23,24.2,24.21,24.14,24.14,686946.0
2017-08-24,24.18,24.2,24.16,24.19,807614.0
2017-08-25,24.16,24.21,23.97,23.99,1768732.0
2017-08-28,23.98,23.98,23.9,23.92,1282570.0
2017-08-29,23.81,23.95,23.81,23.95,1601833.0
2017-08-30,24.03,24.11,24.01,24.1,1435216.0
2017-08-31,24.14,24.15,24.03,24.03,1254207.0
2017-09-01,24.02,24.11,24.0,24.08,1087676.0
2017-09-05,24.01,24.01,23.92,23.95,702813.0
2017-09-06,23.94,23.96,23.865,23.93,3111565.0
2017-09-07,23.77,23.83,23.7299,23.76,2717552.0
2017-09-08,23.67,23.7299,23.66,23.7,922311.0
2017-09-11,23.81,23.87,23.78,23.86,1451143.0
2017-09-12,23.87,23.89,23.8201,23.85,2010902.0
2017-09-13,23.87,24.02,23.87,23.99,1975966.0
2017-09-14,23.99,23.99,23.9,23.92,1643261.0
2017-09-15,23.84,23.87,23.78,23.84,1469519.0
2017-09-18,23.87,23.935,23.83,23.9,611066.0
2017-09-19,23.84,23.9,23.81,23.83,582313.0
2017-09-20,23.82,24.07,23.7431,24.02,2368766.0
2017-09-21,24.0,24.0,23.91,23.95,1204082.0
2017-09-22,23.9,23.94,23.855,23.93,1051737.0
2017-09-25,24.02,24.08,24.0,24.07,1238074.0
2017-09-26,24.16,24.225,24.12,24.15,1076032.0
2017-09-27,24.29,24.3,24.2,24.27,1619527.0
2017-09-28,24.23,24.23,24.18,24.2,816716.0
2017-09-29,24.17,24.225,24.15,24.18,641839.0
2017-10-02,24.3,24.36,24.27,24.32,1225690.0
2017-10-03,24.32,24.325,24.27,24.31,442916.0
2017-10-04,24.28,24.3035,24.26,24.28,637424.0
2017-10-05,24.36,24.415,24.341,24.41,831421.0
2017-10-06,24.45,24.47,24.3542,24.37,1172138.0
2017-10-09,24.36,24.37,24.31,24.33,1368345.0
2017-10-10,24.25,24.25,24.18,24.2,2710776.0
2017-10-11,24.16,24.1871,24.1201,24.13,1299433.0
2017-10-12,24.18,24.2161,24.1404,24.18,1161864.0
2017-10-13,24.1,24.1911,24.09,24.18,824079.0
2017-10-16,24.22,24.2501,24.18,24.24,733545.0
2017-10-17,24.32,24.355,24.28,24.3,1242464.0
2017-10-18,24.33,24.335,24.26,24.27,726147.0
2017-10-19,24.22,24.24,24.175,24.21,490110.0
2017-10-20,24.31,24.37,24.3009,24.35,577945.0
2017-10-23,24.43,24.44,24.37,24.38,610204.0
2017-10-24,24.41,24.43,24.36,24.42,419841.0
2017-10-25,24.36,24.385,24.33,24.36,459524.0
2017-10-26,24.44,24.63,24.44,24.62,2746232.0
2017-10-27,24.71,24.75,24.65,24.68,2014848.0
2017-10-30,24.63,24.66,24.55,24.56,705550.0
2017-10-31,24.6,24.6127,24.56,24.58,683171.0
2017-11-01,24.65,24.66,24.58,24.63,1327484.0
2017-11-02,24.64,24.645,24.55,24.63,1168197.0
2017-11-03,24.6,24.71,24.6,24.69,1159984.0
2017-11-06,24.72,24.72,24.63,24.63,753826.0
2017-11-07,24.7,24.74,24.66,24.67,830043.0
2017-11-08,24.66,24.6895,24.65,24.66,1050827.0
2017-11-09,24.64,24.65,24.54,24.56,794937.0
2017-11-10,24.54,24.55,24.5,24.54,779299.0
2017-11-13,24.56,24.59,24.55,24.56,383570.0
2017-11-14,24.45,24.4799,24.37,24.39,2394611.0
2017-11-15,24.35,24.41,24.33,24.38,975960.0
2017-11-16,24.4,24.4261,24.38,24.41,751678.0
2017-11-17,24.37,24.3941,24.32,24.34,969823.0
2017-11-20,24.39,24.47,24.3899,24.46,737893.0
2017-11-21,24.45,24.45,24.4,24.43,914135.0
2017-11-22,24.36,24.36,24.23,24.24,1565154.0
2017-11-24,24.14,24.14,24.1,24.13,751918.0
2017-11-27,24.07,24.17,24.06,24.16,1222303.0
2017-11-28,24.19,24.27,24.19,24.26,1448130.0
2017-11-29,24.27,24.2985,24.22,24.25,869722.0
2017-11-30,24.22,24.23,24.1241,24.19,2147576.0
2017-12-01,24.24,24.259,24.0899,24.17,1941674.0
2017-12-04,24.25,24.28,24.24,24.25,1310827.0
2017-12-05,24.3,24.32,24.26,24.29,593863.0
2017-12-06,24.31,24.37,24.31,24.35,327660.0
2017-12-07,24.39,24.4099,24.335,24.4,431289.0
2017-12-08,24.42,24.47,24.4144,24.44,369897.0
2017-12-11,24.42,24.45,24.38,24.44,562945.0
2017-12-12,24.49,24.52,24.47,24.48,503279.0
2017-12-13,24.44,24.46,24.3,24.31,2250760.0
2017-12-14,24.36,24.4,24.31,24.33,1208632.0
2017-12-15,24.36,24.45,24.36,24.43,1388919.0
2017-12-18,24.31,24.37,24.281,24.37,1257354.0
2017-12-19,24.36,24.37,24.3,24.3,591757.0
2017-12-20,24.31,24.3199,24.235,24.27,421534.0
2017-12-21,24.3,24.3099,24.25,24.26,1462991.0
2017-12-22,24.29,24.319,24.27,24.27,184671.0
2017-12-26,24.26,24.2625,24.24,24.25,517476.0
2017-12-27,24.19,24.22,24.18,24.2,678727.0
2017-12-28,24.13,24.15,24.11,24.13,426059.0
2017-12-29,24.04,24.05,23.98,24.03,1459202.0
2018-01-02,23.93,23.97,23.92,23.93,545890.0
2018-01-03,23.98,24.03,23.97,24.02,679928.0
2018-01-04,23.95,23.96,23.92,23.94,650476.0
2018-01-05,23.98,24.0,23.95,23.96,369778.0
2018-01-08,24.06,24.08,24.04,24.07,969842.0
2018-01-09,24.11,24.139,24.1,24.12,1158372.0
2018-01-10,24.0,24.0899,24.0,24.06,485090.0
2018-01-11,23.98,23.98,23.93,23.96,586802.0
2018-01-12,23.8,23.82,23.705,23.71,1098238.0
2018-01-16,23.66,23.68,23.55,23.58,2526931.0
2018-01-17,23.64,23.6599,23.52,23.64,1057647.0
2018-01-18,23.62,23.64,23.58,23.61,425689.0
2018-01-19,23.6,23.65,23.5845,23.65,748878.0
2018-01-22,23.59,23.64,23.561,23.57,1338447.0
2018-01-23,23.56,23.57,23.4901,23.51,735474.0
2018-01-24,23.31,23.32,23.25,23.28,2078012.0
2018-01-25,23.17,23.38,23.085,23.31,4502091.0
2018-01-26,23.27,23.28,23.19,23.26,1603519.0
2018-01-29,23.34,23.39,23.3004,23.32,1410669.0
2018-01-30,23.22,23.32,23.21,23.28,1466600.0
2018-01-31,23.21,23.31,23.17,23.25,1401817.0
2018-02-01,23.24,23.25,23.11,23.13,1738319.0
2018-02-02,23.27,23.35,23.225,23.27,3708768.0
2018-02-05,23.35,23.4,23.34,23.37,3407115.0
2018-02-06,23.48,23.51,23.37,23.42,2694819.0
2018-02-07,23.47,23.6099,23.45,23.6,2399374.0
2018-02-08,23.52,23.61,23.51,23.6,1663496.0
2018-02-09,23.61,23.65,23.58,23.62,1841316.0
2018-02-12,23.6,23.6,23.53,23.54,1097551.0
2018-02-13,23.43,23.44,23.39,23.41,1307845.0
2018-02-14,23.47,23.48,23.23,23.23,1639464.0
2018-02-15,23.18,23.23,23.12,23.13,1538027.0
2018-02-16,23.25,23.3099,23.2,23.29,812073.0
2018-02-20,23.4,23.45,23.39,23.44,1366796.0
2018-02-21,23.46,23.55,23.4002,23.53,1137938.0
2018-02-22,23.47,23.4801,23.42,23.45,2011906.0
2018-02-23,23.49,23.519,23.46,23.5,523268.0
2018-02-26,23.49,23.53,23.47,23.47,1095355.0
2018-02-27,23.53,23.6462,23.52,23.62,1527105.0
2018-02-28,23.65,23.7099,23.6401,23.69,1119498.0
2018-03-01,23.74,23.77,23.58,23.61,1405755.0
2018-03-02,23.54,23.56,23.5,23.51,601110.0
2018-03-05,23.56,23.5661,23.4906,23.51,1274339.0
2018-03-06,23.46,23.46,23.41,23.45,1483163.0
2018-03-07,23.42,23.54,23.41,23.43,442544.0
2018-03-08,23.46,23.595,23.46,23.58,520163.0
2018-03-09,23.6,23.6,23.531,23.55,641062.0
2018-03-12,23.55,23.57,23.495,23.52,1024814.0
2018-03-13,23.5,23.53,23.43,23.46,609603.0
2018-03-14,23.47,23.51,23.46,23.47,1280373.0
2018-03-15,23.5,23.59,23.5,23.56,564252.0
2018-03-16,23.56,23.65,23.56,23.62,782543.0
2018-03-19,23.54,23.56,23.485,23.52,403351.0
2018-03-20,23.59,23.66,23.59,23.66,841109.0
2018-03-21,23.58,23.62,23.46,23.47,1043766.0
2018-03-22,23.5,23.5511,23.49,23.5,723559.0
2018-03-23,23.45,23.47,23.3999,23.42,798671.0
2018-03-26,23.34,23.355,23.29,23.31,1186385.0
2018-03-27,23.42,23.439,23.3736,23.42,533400.0
2018-03-28,23.5,23.63,23.5,23.63,696457.0
2018-03-29,23.56,23.63,23.56,23.61,942635.0
2018-04-02,23.54,23.62,23.54,23.6,301101.0
2018-04-03,23.64,23.66,23.615,23.64,541302.0
2018-04-04,23.6,23.63,23.57,23.63,634547.0
2018-04-05,23.68,23.745,23.66,23.72,719879.0
2018-04-06,23.63,23.665,23.61,23.63,1083630.0
2018-04-09,23.56,23.58,23.55,23.57,2411085.0
2018-04-10,23.5,23.55,23.48,23.51,876764.0
2018-04-11,23.49,23.52,23.43,23.49,696700.0
2018-04-12,23.58,23.5992,23.52,23.54,1713325.0
2018-04-13,23.55,23.56,23.52,23.54,1506534.0
2018-04-16,23.44,23.48,23.4328,23.46,512361.0
2018-04-17,23.5,23.5171,23.46,23.46,574028.0
2018-04-18,23.48,23.52,23.46,23.51,388046.0
2018-04-19,23.49,23.6,23.49,23.58,299117.0
2018-04-20,23.69,23.74,23.6731,23.72,1690891.0
2018-04-23,23.8,23.88,23.8,23.87,1482897.0
2018-04-24,23.86,23.8764,23.81,23.84,1062558.0
2018-04-25,23.93,23.96,23.905,23.94,816433.0
2018-04-26,23.89,24.06,23.89,24.05,958537.0
2018-04-27,24.1,24.12,24.03,24.03,826849.0
2018-04-30,24.13,24.14,24.07,24.13,782691.0
2018-05-01,24.25,24.3152,24.24,24.29,2809870.0
2018-05-02,24.29,24.4,24.23,24.4,1756827.0
2018-05-03,24.31,24.35,24.265,24.3,883235.0
2018-05-04,24.39,24.41,24.313,24.33,925168.0
2018-05-07,24.4,24.42,24.355,24.38,997080.0
2018-05-08,24.48,24.5161,24.43,24.47,766044.0
2018-05-09,24.44,24.48,24.42,24.47,582996.0
2018-05-10,24.36,24.45,24.33,24.36,672181.0
2018-05-11,24.29,24.35,24.28,24.32,369568.0
2018-05-14,24.26,24.36,24.25,24.35,946779.0
2018-05-15,24.54,24.58,24.47,24.5,1044402.0
2018-05-16,24.56,24.6,24.53,24.56,2209074.0
2018-05-17,24.6,24.62,24.56,24.59,796701.0
2018-05-18,24.67,24.68,24.61,24.64,484010.0
2018-05-21,24.66,24.69,24.61,24.62,971589.0
2018-05-22,24.6,24.64,24.59,24.61,740936.0
2018-05-23,24.74,24.79,24.71,24.71,2260788.0
2018-05-24,24.7,24.7,24.631,24.68,471593.0
2018-05-25,24.8,24.81,24.771,24.8,604682.0
2018-05-29,24.92,25.0,24.91,24.97,1098327.0
2018-05-30,24.85,24.865,24.76,24.78,2345974.0
2018-05-31,24.78,24.82,24.741,24.76,3064336.0
2018-06-01,24.79,24.8799,24.7701,24.8,1583448.0
2018-06-04,24.72,24.8,24.7016,24.78,2888876.0
2018-06-05,24.8,24.8499,24.7,24.75,1837187.0
2018-06-06,24.65,24.68,24.6,24.68,1524822.0
2018-06-07,24.59,24.63,24.58,24.63,1027124.0
2018-06-08,24.68,24.69,24.64,24.64,586528.0
2018-06-11,24.64,24.6699,24.6139,24.66,948360.0
2018-06-12,24.66,24.75,24.64,24.71,1051324.0
2018-06-13,24.69,24.78,24.64,24.67,1800803.0
2018-06-14,24.82,24.99,24.815,24.99,3826300.0
2018-06-15,24.96,25.0,24.95,24.97,1226680.0
2018-06-18,25.0,25.0064,24.97,24.97,1156267.0
2018-06-19,25.07,25.09,25.03,25.04,849557.0
2018-06-20,25.04,25.075,25.031,25.06,1258104.0
2018-06-21,25.04,25.06,24.95,24.99,3080002.0
2018-06-22,24.92,24.99,24.9,24.9,1596716.0
2018-06-25,24.88,24.9,24.84,24.86,941909.0
2018-06-26,24.92,24.99,24.91,24.99,1220599.0
2018-06-27,25.04,25.17,25.04,25.14,1612511.0
2018-06-28,25.15,25.17,25.09,25.14,798921.0
2018-06-29,25.02,25.04,24.94,24.94,1144953.0
2018-07-02,25.11,25.11,25.055,25.06,788553.0
2018-07-03,25.0,25.0,24.96,24.98,492107.0
2018-07-05,24.92,24.95,24.8866,24.9,860802.0
2018-07-06,24.81,24.84,24.78,24.82,727582.0
2018-07-09,24.77,24.8684,24.76,24.83,791846.0
2018-07-10,24.9,24.92,24.84,24.84,873157.0
2018-07-11,24.84,25.03,24.84,25.01,795613.0
2018-07-12,25.03,25.04,24.99,25.03,1109780.0
2018-07-13,25.08,25.1,25.0,25.0,543700.0
2018-07-16,24.95,24.989,24.93,24.96,458497.0
2018-07-17,25.0,25.11,25.0,25.07,1234211.0
2018-07-18,25.15,25.15,25.08,25.1,507540.0
2018-07-19,25.23,25.2399,25.07,25.15,1390189.0
2018-07-20,24.99,25.0099,24.93,24.95,1051525.0
2018-07-23,24.95,25.02,24.95,24.99,1576343.0
2018-07-24,24.99,25.012,24.94,25.0,353929.0
2018-07-25,24.94,25.0,24.87,24.88,398144.0
2018-07-26,24.97,25.05,24.96,25.05,1280030.0
2018-07-27,25.04,25.04,25.01,25.02,439724.0
2018-07-30,24.97,24.97,24.91,24.93,591303.0
2018-07-31,24.96,24.99,24.935,24.98,576406.0
2018-08-01,25.01,25.03,24.99,25.01,445773.0
2018-08-02,25.1,25.17,25.08,25.15,906699.0
2018-08-03,25.19,25.19,25.11,25.17,730739.0
2018-08-06,25.23,25.25,25.2,25.21,648244.0
2018-08-07,25.15,25.195,25.135,25.18,304948.0
2018-08-08,25.18,25.2,25.14,25.15,288492.0
2018-08-09,25.19,25.3,25.18,25.3,474361.0
2018-08-10,25.49,25.52,25.42,25.48,718391.0
2018-08-13,25.47,25.525,25.44,25.49,700805.0
2018-08-14,25.5,25.62,25.49,25.59,1770646.0
2018-08-15,25.66,25.67,25.5801,25.59,877883.0
2018-08-16,25.56,25.615,25.5,25.57,640777.0
2018-08-17,25.49,25.505,25.44,25.44,1018797.0
2018-08-20,25.44,25.47,25.37,25.38,606185.0
2018-08-21,25.3,25.32,25.1734,25.23,1564650.0
2018-08-22,25.16,25.21,25.14,25.16,983320.0
2018-08-23,25.28,25.35,25.23,25.32,1141964.0
2018-08-24,25.25,25.27,25.1601,25.2,767538.0
2018-08-27,25.16,25.17,25.08,25.1,1301899.0
2018-08-28,25.01,25.1,25.01,25.1,993533.0
2018-08-29,25.1,25.135,25.045,25.06,597200.0
2018-08-30,25.11,25.15,25.08,25.08,609976.0
2018-08-31,25.16,25.24,25.121,25.19,988557.0
2018-09-04,25.32,25.37,25.29,25.3,2664652.0
2018-09-05,25.21,25.26,25.205,25.21,476964.0
2018-09-06,25.19,25.24,25.1701,25.21,873671.0
2018-09-07,25.25,25.3093,25.2301,25.28,741029.0
2018-09-10,25.23,25.24,25.2,25.23,954997.0
2018-09-11,25.25,25.28,25.2342,25.25,621877.0
2018-09-12,25.22,25.24,25.12,25.16,850056.0
2018-09-13,25.05,25.11,25.04,25.09,518573.0
2018-09-14,25.12,25.21,25.1,25.18,1536371.0
2018-09-17,25.07,25.0884,25.055,25.06,338370.0
2018-09-18,25.05,25.13,25.02,25.1,393490.0
2018-09-19,25.1,25.13,25.0566,25.09,267867.0
2018-09-20,24.94,24.98,24.9,24.91,1247809.0
2018-09-21,25.01,25.03,24.97,24.99,742741.0
2018-09-24,24.91,25.01,24.8901,24.99,2013463.0
2018-09-25,24.97,25.01,24.9433,25.01,695073.0
2018-09-26,25.06,25.06,24.93,25.02,629057.0
2018-09-27,25.17,25.215,25.12,25.2,2658160.0
2018-09-28,25.3,25.3136,25.22,25.26,1125301.0
2018-10-01,25.27,25.33,25.2516,25.3,1595100.0
2018-10-02,25.37,25.3885,25.315,25.34,1471815.0
2018-10-03,25.38,25.45,25.37,25.42,1033837.0
2018-10-04,25.43,25.4799,25.38,25.43,1018010.0
2018-10-05,25.41,25.45,25.39,25.4,1279525.0
2018-10-08,25.5,25.51,25.43,25.43,761246.0
2018-10-09,25.51,25.54,25.41,25.42,898675.0
2018-10-10,25.39,25.415,25.35,25.39,1051552.0
2018-10-11,25.29,25.34,25.245,25.25,446714.0
2018-10-12,25.31,25.355,25.3,25.33,1070388.0
2018-10-15,25.27,25.29,25.245,25.27,422668.0
2018-10-16,25.21,25.28,25.21,25.28,244940.0
2018-10-17,25.36,25.4299,25.3315,25.41,641535.0
2018-10-18,25.44,25.53,25.42,25.52,541917.0
2018-10-19,25.51,25.52,25.415,25.47,667183.0
2018-10-22,25.52,25.568,25.52,25.56,1247042.0
2018-10-23,25.54,25.5599,25.49,25.52,711343.0
2018-10-24,25.66,25.675,25.62,25.65,1189192.0
2018-10-25,25.66,25.75,25.66,25.72,1760082.0
2018-10-26,25.75,25.75,25.63,25.65,585119.0
2018-10-29,25.71,25.745,25.69,25.72,400702.0
2018-10-30,25.76,25.8385,25.745,25.83,571714.0
2018-10-31,25.86,25.88,25.8,25.82,814130.0
2018-11-01,25.72,25.72,25.62,25.65,781368.0
2018-11-02,25.67,25.74,25.6201,25.71,802948.0
2018-11-05,25.71,25.71,25.64,25.7,752773.0
2018-11-06,25.67,25.68,25.63,25.64,422171.0
2018-11-07,25.52,25.6199,25.52,25.59,892782.0
2018-11-08,25.64,25.78,25.61,25.74,960488.0
2018-11-09,25.81,25.85,25.77,25.79,756914.0
2018-11-12,25.95,26.02,25.92,26.02,617088.0
2018-11-13,25.95,25.97,25.88,25.93,1204595.0
2018-11-14,25.93,25.94,25.795,25.84,714057.0
2018-11-15,25.94,25.94,25.835,25.9,475771.0
2018-11-16,25.74,25.75,25.7,25.71,991353.0
2018-11-19,25.69,25.71,25.64,25.69,496732.0
2018-11-20,25.72,25.85,25.72,25.82,374792.0
2018-11-21,25.77,25.82,25.76,25.82,514610.0
2018-11-23,25.82,25.88,25.82,25.87,147191.0
2018-11-26,25.82,25.92,25.82,25.92,244737.0
2018-11-27,25.9,26.03,25.9,25.99,1076007.0
2018-11-28,26.0,26.04,25.805,25.86,1654299.0
2018-11-29,25.85,25.88,25.82,25.82,535929.0
2018-11-30,25.88,25.985,25.88,25.92,325739.0
2018-12-03,25.88,25.93,25.87,25.93,478647.0
2018-12-04,25.78,25.93,25.78,25.88,879058.0
2018-12-06,25.87,25.8836,25.7901,25.87,492067.0
2018-12-07,25.82,25.85,25.775,25.8,1236624.0
2018-12-10,25.85,25.99,25.85,25.97,1093146.0
2018-12-11,25.99,26.0785,25.98,26.04,554634.0
2018-12-12,26.0,26.0,25.9,25.94,874322.0
2018-12-13,25.96,26.01,25.9302,25.94,832851.0
2018-12-14,26.09,26.1201,26.04,26.04,446579.0
2018-12-17,25.98,26.0,25.94,25.97,437321.0
2018-12-18,25.91,25.975,25.91,25.96,903568.0
2018-12-19,25.88,25.97,25.8116,25.97,849985.0
2018-12-20,25.82,25.87,25.71,25.77,1127516.0
2018-12-21,25.82,25.97,25.82,25.94,1156729.0
2018-12-24,25.62,25.62,25.49,25.55,907081.0
2018-12-26,25.58,25.72,25.56,25.68,723749.0
2018-12-27,25.66,25.66,25.52,25.57,571585.0
2018-12-28,25.47,25.5539,25.47,25.5,892142.0
2018-12-31,25.52,25.53,25.45,25.45,625279.0
2019-01-02,25.66,25.7,25.62,25.64,1241619.0
2019-01-03,25.61,25.61,25.5,25.5,486249.0
2019-01-04,25.62,25.62,25.46,25.46,1367339.0
2019-01-07,25.36,25.39,25.34,25.35,946491.0
2019-01-08,25.42,25.4532,25.4,25.43,1928952.0
2019-01-09,25.35,25.3701,25.19,25.19,1292313.0
2019-01-10,25.26,25.35,25.26,25.34,691351.0
2019-01-11,25.33,25.3947,25.33,25.36,624739.0
2019-01-14,25.34,25.37,25.32,25.36,596999.0
2019-01-15,25.41,25.5389,25.385,25.45,1286521.0
2019-01-16,25.46,25.5,25.46,25.48,268853.0
2019-01-17,25.48,25.5467,25.47,25.48,330376.0
2019-01-18,25.49,25.59,25.49,25.56,1957677.0
2019-01-22,25.63,25.63,25.5414,25.56,794735.0
2019-01-23,25.55,25.5767,25.5,25.5,1153815.0
2019-01-24,25.53,25.68,25.53,25.65,267438.0
2019-01-25,25.55,25.55,25.43,25.44,619066.0
2019-01-28,25.44,25.47,25.4,25.46,932663.0
2019-01-29,25.46,25.47,25.42,25.47,591154.0
2019-01-30,25.47,25.5,25.3,25.34,1213092.0
2019-01-31,25.31,25.41,25.31,25.39,1454955.0
2019-02-01,25.35,25.42,25.35,25.39,1043553.0
2019-02-04,25.46,25.5,25.46,25.46,806681.0
2019-02-05,25.506,25.56,25.48,25.53,633033.0
2019-02-06,25.55,25.64,25.55,25.63,575216.0
2019-02-07,25.65,25.69,25.64,25.69,396912.0
2019-02-08,25.69,25.72,25.67,25.72,263784.0
2019-02-11,25.78,25.85,25.78,25.82,824128.0
2019-02-12,25.8,25.8184,25.72,25.73,436962.0
2019-02-13,25.82,25.87,25.77,25.87,374054.0
2019-02-14,25.84,25.895,25.82,25.84,522583.0
2019-02-15,25.83,25.88,25.78,25.79,480017.0
2019-02-19,25.79,25.79,25.68,25.69,1069232.0
2019-02-20,25.72,25.73,25.645,25.71,352199.0
2019-02-21,25.69,25.75,25.69,25.73,209094.0
2019-02-22,25.73,25.7493,25.69,25.72,165794.0
2019-02-25,25.68,25.74,25.68,25.7,372089.0
2019-02-26,25.66,25.7058,25.56,25.6,391441.0
2019-02-27,25.57,25.64,25.57,25.62,389115.0
2019-02-28,25.61,25.67,25.6041,25.64,340512.0
2019-03-01,25.63,25.75,25.61,25.74,886690.0
2019-03-04,25.77,25.82,25.77,25.77,254119.0
2019-03-05,25.81,25.88,25.8,25.84,426182.0
2019-03-06,25.83,25.85,25.82,25.84,782642.0
2019-03-07,25.95,26.07,25.95,26.07,689652.0
2019-03-08,25.99,25.99,25.96,25.99,512375.0
2019-03-11,25.95,25.99,25.93,25.93,605714.0
2019-03-12,25.9,25.91,25.85,25.88,593835.0
2019-03-13,25.84,25.85,25.75,25.76,519832.0
2019-03-14,25.83,25.85,25.8159,25.84,266451.0
2019-03-15,25.82,25.82,25.77,25.8,349825.0
2019-03-18,25.75,25.81,25.75,25.77,381499.0
2019-03-19,25.73,25.76,25.72,25.74,269406.0
2019-03-20,25.75,25.7753,25.56,25.59,1034514.0
2019-03-21,25.69,25.81,25.68,25.75,575836.0
2019-03-22,25.8,25.86,25.79,25.8,690068.0
2019-03-25,25.76,25.81,25.76,25.8,416081.0
2019-03-26,25.83,25.88,25.8201,25.88,253961.0
2019-03-27,25.89,25.92,25.87,25.91,225278.0
2019-03-28,25.99,26.0299,25.97,26.0,315018.0
2019-03-29,25.98,26.03,25.9701,26.03,582415.0
2019-04-01,25.97,26.03,25.96,26.01,877341.0
2019-04-02,26.05,26.0961,26.03,26.04,325470.0
2019-04-03,25.98,26.0,25.95,26.0,2471187.0
2019-04-04,26.05,26.05,26.025,26.03,294035.0
2019-04-05,26.04,26.09,26.04,26.06,222425.0
2019-04-08,25.975,26.0,25.96,25.97,329832.0
2019-04-09,25.93,25.98,25.93,25.98,958751.0
2019-04-10,26.02,26.02,25.93,25.94,1064281.0
2019-04-11,26.01,26.03,25.98,26.02,287087.0
2019-04-12,25.92,25.98,25.91,25.96,336354.0
2019-04-15,25.93,25.97,25.93,25.95,197473.0
2019-04-16,25.99,26.01,25.96,26.01,267244.0
2019-04-17,25.99,26.005,25.975,25.99,162203.0
2019-04-18,26.09,26.14,26.0799,26.13,491735.0
2019-04-22,26.09,26.1,26.07,26.07,230265.0
2019-04-23,26.18,26.22,26.16,26.16,733957.0
2019-04-24,26.23,26.34,26.19,26.29,565392.0
2019-04-25,26.33,26.35,26.295,26.34,709893.0
2019-04-26,26.3,26.31,26.251,26.31,268283.0
2019-04-29,26.31,26.33,26.25,26.25,293453.0
2019-04-30,26.16,26.205,26.15,26.17,1107346.0
2019-05-01,26.14,26.225,26.07,26.2,732946.0
2019-05-02,26.21,26.27,26.21,26.26,240073.0
2019-05-03,26.27,26.275,26.16,26.16,1292744.0
2019-05-06,26.22,26.23,26.17,26.18,453107.0
2019-05-07,26.21,26.25,26.19,26.2,451289.0
2019-05-08,26.19,26.23,26.17,26.21,254085.0
2019-05-09,26.21,26.23,26.115,26.16,205028.0
2019-05-10,26.12,26.1584,26.09,26.15,273181.0
2019-05-13,26.07,26.1599,26.07,26.15,395418.0
2019-05-14,26.19,26.21,26.19,26.21,200058.0
2019-05-15,26.24,26.255,26.1924,26.22,414656.0
2019-05-16,26.26,26.32,26.26,26.29,169412.0
2019-05-17,26.3,26.35,26.3,26.35,399682.0
2019-05-20,26.34,26.34,26.32,26.33,400391.0
2019-05-21,26.37,26.39,26.31,26.37,758703.0
2019-05-22,26.37,26.39,26.36,26.39,311507.0
2019-05-23,26.46,26.47,26.31,26.34,538395.0
2019-05-24,26.3,26.31,26.25,26.25,227996.0
2019-05-28,26.3,26.375,26.3,26.36,455032.0
2019-05-29,26.4,26.43,26.38,26.42,355212.0
2019-05-30,26.44,26.461,26.415,26.43,228269.0
2019-05-31,26.39,26.3911,26.3101,26.32,569585.0
2019-06-03,26.3,26.3,26.15,26.18,2164116.0
2019-06-04,26.2,26.2154,26.13,26.15,880797.0
2019-06-05,26.13,26.24,26.11,26.24,1373689.0
2019-06-06,26.15,26.19,26.09,26.15,567043.0
2019-06-07,26.06,26.08,25.999,26.04,685129.0
2019-06-10,26.08,26.1399,26.07,26.07,497715.0
2019-06-11,26.08,26.1075,26.06,26.08,160543.0
2019-06-12,26.11,26.16,26.07,26.15,407239.0
2019-06-13,26.17,26.19,26.15,26.17,288791.0
2019-06-14,26.26,26.33,26.24,26.31,541078.0
2019-06-17,26.27,26.33,26.27,26.32,225978.0
2019-06-18,26.29,26.38,26.29,26.36,782377.0
2019-06-19,26.31,26.33,26.19,26.24,853571.0
2019-06-20,26.09,26.12,26.07,26.08,652289.0
2019-06-21,26.06,26.09,25.95,25.95,1123409.0
2019-06-24,25.94,25.96,25.9,25.91,3073770.0
2019-06-25,25.91,26.01,25.89,25.97,1605690.0
2019-06-26,25.98,26.005,25.9301,25.99,224305.0
2019-06-27,25.98,26.0,25.975,25.99,753248.0
2019-06-28,25.97,26.01,25.935,25.97,286059.0
2019-07-01,26.05,26.17,26.0416,26.16,1022317.0
2019-07-02,26.12,26.16,26.09,26.14,383917.0
2019-07-03,26.12,26.16,26.09,26.14,677846.0
2019-07-05,26.27,26.335,26.27,26.28,389674.0
2019-07-08,26.31,26.34,26.3025,26.33,316898.0
2019-07-09,26.36,26.37,26.34,26.35,370394.0
2019-07-10,26.29,26.305,26.231,26.24,540536.0
2019-07-11,26.23,26.27,26.23,26.24,158898.0
2019-07-12,26.24,26.24,26.17,26.19,208948.0
2019-07-15,26.19,26.23,26.19,26.23,217888.0
2019-07-16,26.3,26.3567,26.3,26.35,485557.0
2019-07-17,26.34,26.34,26.2835,26.3,260026.0
2019-07-18,26.3,26.32,26.16,26.16,350643.0
2019-07-19,26.28,26.33,26.255,26.29,332069.0
2019-07-22,26.32,26.34,26.305,26.34,286088.0
2019-07-23,26.43,26.47,26.43,26.46,309892.0
2019-07-24,26.45,26.48,26.42,26.46,292332.0
2019-07-25,26.44,26.525,26.41,26.51,1315564.0
2019-07-26,26.52,26.5757,26.52,26.55,438534.0
2019-07-29,26.59,26.6,26.56,26.57,803922.0
2019-07-30,26.59,26.61,26.57,26.57,274318.0
2019-07-31,26.58,26.74,26.55,26.73,810438.0
2019-08-01,26.8,26.8,26.64,26.65,1117914.0
2019-08-02,26.66,26.66,26.58,26.59,370880.0
2019-08-05,26.48,26.5,26.415,26.46,1188791.0
2019-08-06,26.49,26.51,26.45,26.49,369938.0
2019-08-07,26.44,26.48,26.4,26.47,1999910.0
2019-08-08,26.51,26.51,26.42,26.49,2407921.0
2019-08-09,26.46,26.485,26.41,26.46,523625.0
2019-08-12,26.43,26.45,26.41,26.44,685083.0
2019-08-13,26.44,26.56,26.43,26.56,483834.0
2019-08-14,26.55,26.62,26.53,26.62,813742.0
2019-08-15,26.6,26.67,26.59,26.64,2435298.0
2019-08-16,26.71,26.71,26.64,26.66,730631.0
2019-08-19,26.68,26.73,26.67,26.72,518054.0
2019-08-20,26.73,26.74,26.65,26.66,516659.0
2019-08-21,26.67,26.71,26.655,26.69,1076892.0
2019-08-22,26.67,26.7,26.64,26.67,299591.0
2019-08-23,26.7,26.77,26.5111,26.52,2521919.0
2019-08-26,26.62,26.66,26.61,26.66,487832.0
2019-08-27,26.62,26.64,26.6089,26.64,284912.0
2019-08-28,26.68,26.708,26.67,26.7,808658.0
2019-08-29,26.73,26.79,26.7,26.77,1463495.0
2019-08-30,26.79,26.92,26.75,26.87,623619.0
2019-09-03,26.99,27.01,26.9,26.93,1803561.0
2019-09-04,26.82,26.83,26.7501,26.76,1136589.0
2019-09-05,26.68,26.77,26.67,26.77,799863.0
2019-09-06,26.73,26.78,26.7,26.78,813307.0
2019-09-09,26.74,26.75,26.7,26.73,936088.0
2019-09-10,26.75,26.77,26.735,26.76,286901.0
2019-09-11,26.84,26.87,26.83,26.84,449527.0
2019-09-12,26.88,26.9,26.72,26.76,450363.0
2019-09-13,26.71,26.75,26.7,26.72,2010786.0
2019-09-16,26.8,26.86,26.8,26.84,433071.0
2019-09-17,26.82,26.84,26.7184,26.72,395394.0
2019-09-18,26.76,26.86,26.75,26.82,895744.0
2019-09-19,26.76,26.79,26.73,26.76,517202.0
2019-09-20,26.83,26.86,26.82,26.83,303228.0
2019-09-23,26.89,26.89,26.85,26.87,355259.0
2019-09-24,26.85,26.85,26.77,26.77,513605.0
2019-09-25,26.9,26.99,26.88,26.98,897913.0
2019-09-26,26.95,27.0599,26.93,27.05,821465.0
2019-09-27,27.04,27.04,26.98,27.01,394275.0
2019-09-30,27.1,27.11,27.06,27.1,427510.0
2019-10-01,27.16,27.17,27.002,27.01,972732.0
2019-10-02,27.03,27.04,26.98,26.99,713350.0
2019-10-03,27.0,27.01,26.9,26.98,896430.0
2019-10-04,26.98,27.0,26.95,26.96,2127329.0
2019-10-07,26.95,27.01,26.94,27.01,452859.0
2019-10-08,27.0,27.08,27.0,27.05,1320554.0
2019-10-09,27.0,27.0543,27.0,27.03,345971.0
2019-10-10,26.96,26.99,26.912,26.92,467333.0
2019-10-11,26.82,26.86,26.7949,26.82,560274.0
2019-10-14,26.88,26.9,26.86,26.9,336675.0
2019-10-15,26.91,26.925,26.81,26.82,414209.0
2019-10-16,26.8,26.82,26.73,26.75,614588.0
2019-10-17,26.66,26.68,26.631,26.65,545396.0
2019-10-18,26.61,26.63,26.55,26.55,399271.0
2019-10-21,26.54,26.59,26.54,26.57,391115.0
2019-10-22,26.61,26.64,26.56,26.63,2289345.0
2019-10-23,26.64,26.66,26.6,26.62,408149.0
2019-10-24,26.61,26.72,26.61,26.7,624880.0
2019-10-25,26.71,26.75,26.6923,26.73,377709.0
2019-10-28,26.71,26.72,26.69,26.71,505758.0
2019-10-29,26.71,26.72,26.6702,26.7,325401.0
2019-10-30,26.7,26.78,26.63,26.64,319203.0
2019-10-31,26.61,26.64,26.585,26.59,293479.0
2019-11-01,26.6,26.61,26.56,26.58,648818.0
2019-11-04,26.62,26.68,26.61,26.68,389170.0
2019-11-05,26.73,26.795,26.72,26.78,1795591.0
2019-11-06,26.75,26.7901,26.75,26.78,425177.0
2019-11-07,26.8,26.87,26.8,26.84,548188.0
2019-11-08,26.91,26.92,26.88,26.9,237363.0
2019-11-11,26.87,26.87,26.85,26.86,135529.0
2019-11-12,26.9,26.92,26.88,26.9,347465.0
2019-11-13,26.92,26.92,26.89,26.89,154467.0
2019-11-14,26.91,26.925,26.845,26.87,123196.0
2019-11-15,26.83,26.84,26.81,26.81,441246.0
2019-11-18,26.785,26.79,26.73,26.76,799150.0
2019-11-19,26.77,26.79,26.76,26.79,269756.0
2019-11-20,26.8,26.8259,26.785,26.79,480815.0
2019-11-21,26.79,26.845,26.78,26.83,111453.0
2019-11-22,26.81,26.92,26.81,26.91,225837.0
2019-11-25,26.93,26.94,26.89,26.93,602150.0
2019-11-26,26.92,26.94,26.9,26.9,308217.0
2019-11-27,26.94,26.96,26.93,26.94,176022.0
2019-11-29,26.95,26.98,26.9013,26.91,2004193.0
2019-12-02,26.88,26.89,26.79,26.8,705270.0
2019-12-03,26.77,26.79,26.75,26.77,499982.0
2019-12-04,26.7,26.76,26.68,26.74,316991.0
2019-12-05,26.72,26.72,26.68,26.68,270774.0
2019-12-06,26.76,26.82,26.75,26.78,313411.0
2019-12-09,26.74,26.78,26.74,26.75,377810.0
2019-12-10,26.71,26.75,26.695,26.72,205727.0
2019-12-11,26.7,26.72,26.59,26.62,552279.0
2019-12-12,26.61,26.74,26.61,26.66,627339.0
2019-12-13,26.58,26.66,26.58,26.66,291692.0
2019-12-16,26.59,26.63,26.5724,26.61,814435.0
2019-12-17,26.64,26.66,26.63,26.66,199290.0
2019-12-18,26.69,26.715,26.68,26.71,237864.0
2019-12-19,26.72,26.73,26.69,26.71,427325.0
2019-12-20,26.76,26.81,26.76,26.8,687171.0
2019-12-23,26.37,26.37,26.24,26.26,826033.0
2019-12-24,26.27,26.28,26.2402,26.26,274221.0
2019-12-26,26.24,26.255,26.21,26.22,235145.0
2019-12-27,26.12,26.135,26.07,26.09,573305.0
2019-12-30,26.04,26.05,26.0,26.04,527627.0
2019-12-31,25.96,25.98,25.93,25.97,505246.0
2020-01-02,26.05,26.08,25.9931,26.06,556563.0
2020-01-03,26.12,26.12,26.04,26.09,663488.0
2020-01-06,26.02,26.05,26.015,26.03,308777.0
2020-01-07,26.1,26.14,26.1,26.12,145119.0
2020-01-08,26.15,26.21,26.1438,26.19,685630.0
2020-01-09,26.24,26.2799,26.24,26.24,167038.0
2020-01-10,26.26,26.265,26.21,26.22,211778.0
2020-01-13,26.25,26.26,26.2147,26.22,217040.0
2020-01-14,26.27,26.28,26.22,26.23,589921.0
2020-01-15,26.18,26.215,26.18,26.19,242464.0
2020-01-16,26.19,26.24,26.19,26.23,108632.0
2020-01-17,26.29,26.32,26.29,26.32,284450.0
2020-01-21,26.26,26.31,26.26,26.3,327248.0
2020-01-22,26.27,26.33,26.27,26.28,216524.0
2020-01-23,26.33,26.37,26.315,26.35,126443.0
2020-01-24,26.38,26.42,26.38,26.39,221794.0
2020-01-27,26.4,26.435,26.4,26.43,226828.0
2020-01-28,26.46,26.48,26.43,26.43,158358.0
2020-01-29,26.48,26.49,26.44,26.47,152723.0
2020-01-30,26.43,26.44,26.39,26.39,160926.0
2020-01-31,26.35,26.36,26.27,26.28,784779.0
2020-02-03,26.38,26.425,26.38,26.41,860575.0
2020-02-04,26.43,26.45,26.43,26.45,469390.0
2020-02-05,26.52,26.55,26.5001,26.55,388136.0
2020-02-06,26.55,26.62,26.55,26.6,140631.0
2020-02-07,26.59,26.66,26.589,26.66,95737.0
2020-02-10,26.68,26.71,26.655,26.7,256134.0
2020-02-11,26.69,26.69,26.655,26.67,268936.0
2020-02-12,26.66,26.75,26.66,26.74,172364.0
2020-02-13,26.74,26.77,26.7248,26.77,592376.0
2020-02-14,26.77,26.78,26.73,26.76,162619.0
2020-02-18,26.86,26.87,26.8025,26.86,148429.0
2020-02-19,26.91,26.94,26.9,26.91,246106.0
2020-02-20,26.94,26.99,26.9334,26.99,385580.0
2020-02-21,26.94,26.94,26.815,26.83,1200490.0
2020-02-24,26.87,26.88,26.78,26.84,335768.0
2020-02-25,26.83,26.8411,26.73,26.76,354983.0
2020-02-26,26.79,26.835,26.76,26.78,1037608.0
2020-02-27,26.64,26.68,26.5903,26.62,1103558.0
2020-02-28,26.62,26.71,26.49,26.53,4081116.0
2020-03-02,26.41,26.42,26.29,26.39,1447348.0
2020-03-03,26.39,26.3901,26.23,26.28,1429517.0
2020-03-04,26.37,26.41,26.34,26.37,613887.0
2020-03-05,26.24,26.28,26.16,26.17,848276.0
2020-03-06,25.93,26.04,25.92,26.02,1574767.0
2020-03-09,25.74,25.745,24.64,25.74,2684448.0
2020-03-10,25.91,26.1635,25.91,26.12,5135662.0
2020-03-11,26.04,26.1725,26.01,26.16,736744.0
2020-03-12,26.25,26.655,26.19,26.44,3224851.0
2020-03-13,26.57,27.97,26.54,27.44,1333523.0
2020-03-16,26.65,26.69,26.33,26.56,1673192.0
2020-03-17,26.93,27.1,26.91,27.03,1456036.0
2020-03-18,27.23,28.01,27.2211,27.44,4116339.0
2020-03-19,28.89,28.9,27.75,28.09,4056482.0
2020-03-20,28.0,28.075,27.6808,28.01,6811681.0
2020-03-23,27.86,28.0,27.73,27.97,2220367.0
2020-03-24,27.55,27.74,27.51,27.65,5991033.0
2020-03-25,27.55,27.64,27.3011,27.39,4433204.0
2020-03-26,27.15,27.1586,26.94,26.95,7220993.0
2020-03-27,27.08,27.11,26.67,26.73,4150557.0
2020-03-30,26.89,26.95,26.84,26.85,2272519.0
2020-03-31,26.98,27.05,26.7901,26.83,1534853.0
2020-04-01,26.99,27.05,26.95,27.0,3000045.0
2020-04-02,27.12,27.205,27.04,27.14,3650062.0
2020-04-03,27.26,27.35,27.24,27.29,3110963.0
2020-04-06,27.27,27.355,27.25,27.3,1705108.0
2020-04-07,27.01,27.1,27.0,27.05,2140258.0
2020-04-08,27.07,27.15,27.07,27.15,2153481.0
2020-04-09,26.95,27.0,26.89,26.95,1685470.0
2020-04-13,26.94,26.97,26.88,26.91,1185558.0
2020-04-14,26.82,26.84,26.755,26.76,2435856.0
2020-04-15,27.05,27.06,26.88,26.96,2069751.0
2020-04-16,27.02,27.18,26.99,27.08,2609293.0
2020-04-17,27.02,27.035,26.9743,27.01,881619.0
2020-04-20,27.07,27.1,27.01,27.1,1298904.0
2020-04-21,27.2,27.22,27.1,27.14,1643816.0
2020-04-22,27.1,27.23,27.1,27.22,950821.0
2020-04-23,27.24,27.2599,27.1,27.23,1491141.0
2020-04-24,27.2,27.225,27.16,27.17,843615.0
2020-04-27,27.06,27.13,27.05,27.1,2184157.0
2020-04-28,26.98,27.08,26.97,27.07,1051422.0
2020-04-29,26.98,27.04,26.94,26.96,781896.0
2020-04-30,26.97,26.9973,26.7565,26.79,1839198.0
2020-05-01,26.79,26.84,26.74,26.82,1096139.0
2020-05-04,26.93,26.975,26.905,26.97,1000537.0
2020-05-05,27.0,27.03,26.9,26.99,4938168.0
2020-05-06,27.07,27.13,27.04,27.12,755084.0
2020-05-07,27.15,27.18,27.011,27.04,653193.0
2020-05-08,27.03,27.0566,26.9101,27.03,1091328.0
2020-05-11,27.08,27.16,27.055,27.13,4346153.0
2020-05-12,27.02,27.08,26.99,27.08,629395.0
2020-05-13,27.02,27.15,27.0,27.13,827032.0
2020-05-14,27.19,27.21,27.13,27.16,940259.0
2020-05-15,27.12,27.2,27.09,27.18,450757.0
2020-05-18,27.08,27.0952,26.95,26.96,1819824.0
2020-05-19,26.93,26.945,26.87,26.94,803594.0
2020-05-20,26.83,26.86,26.79,26.85,1790199.0
2020-05-21,26.84,26.94,26.8325,26.91,1025449.0
2020-05-22,27.0,27.03,26.98,26.99,2072166.0
2020-05-26,26.81,26.82,26.75,26.79,1059947.0
2020-05-27,26.78,26.8699,26.76,26.78,581947.0
2020-05-28,26.72,26.74,26.61,26.64,3065105.0
2020-05-29,26.58,26.6515,26.53,26.6,1369332.0
2020-06-01,26.53,26.55,26.45,26.45,1381432.0
2020-06-02,26.4,26.44,26.36,26.42,787430.0
2020-06-03,26.38,26.39,26.26,26.26,6785442.0
2020-06-04,26.28,26.28,26.1,26.16,3238724.0
2020-06-05,26.16,26.23,26.14,26.21,4095401.0
2020-06-08,26.16,26.185,26.12,26.14,1794667.0
2020-06-09,26.14,26.15,26.025,26.06,1034089.0
2020-06-10,25.99,26.07,25.88,25.93,1231223.0
2020-06-11,26.04,26.1999,25.97,26.19,1079778.0
2020-06-12,26.18,26.37,26.135,26.26,1784938.0
2020-06-15,26.28,26.295,26.11,26.15,725974.0
2020-06-16,26.17,26.3,26.17,26.23,1421417.0
2020-06-17,26.24,26.33,26.24,26.25,751281.0
2020-06-18,26.31,26.38,26.29,26.35,616000.0
2020-06-19,26.3,26.42,26.3,26.38,1957919.0
2020-06-22,26.32,26.32,26.2139,26.24,935080.0
2020-06-23,26.1,26.15,26.05,26.15,1564192.0
2020-06-24,26.21,26.29,26.2,26.27,1174937.0
2020-06-25,26.35,26.37,26.31,26.31,1144843.0
2020-06-26,26.33,26.41,26.315,26.35,556240.0
2020-06-29,26.28,26.39,26.28,26.36,551374.0
2020-06-30,26.39,26.41,26.28,26.32,995434.0
2020-07-01,26.31,26.325,26.225,26.26,736878.0
2020-07-02,26.24,26.325,26.2,26.28,519257.0
2020-07-06,26.12,26.17,26.09,26.14,984084.0
2020-07-07,26.15,26.22,26.145,26.2,598251.0
2020-07-08,26.14,26.15,26.05,26.06,438952.0
2020-07-09,26.04,26.16,26.03,26.15,629160.0
2020-07-10,26.09,26.13,26.061,26.11,219471.0
2020-07-13,26.07,26.09,26.01,26.07,374767.0
2020-07-14,26.09,26.09,25.99,26.02,774408.0
2020-07-15,25.9,25.975,25.87,25.95,525366.0
2020-07-16,25.98,26.05,25.91,26.04,373850.0
2020-07-17,25.97,25.97,25.91,25.93,420200.0
2020-07-20,25.93,25.9685,25.88,25.89,296508.0
2020-07-21,25.86,25.8677,25.675,25.73,1351008.0
2020-07-22,25.65,25.675,25.62,25.66,653756.0
2020-07-23,25.68,25.69,25.56,25.61,1249871.0
2020-07-24,25.55,25.58,25.49,25.5,1095160.0
2020-07-27,25.33,25.35,25.2516,25.31,1412942.0
2020-07-28,25.33,25.3583,25.29,25.35,1246295.0
2020-07-29,25.28,25.28,25.17,25.23,1282620.0
2020-07-30,25.2,25.25,25.12,25.13,537223.0
2020-07-31,25.15,25.2894,25.13,25.28,1742388.0
2020-08-03,25.39,25.41,25.27,25.28,1447421.0
2020-08-04,25.34,25.35,25.19,25.19,1094395.0
2020-08-05,25.06,25.11,25.0142,25.08,1266182.0
2020-08-06,25.09,25.1575,25.04,25.08,767154.0
2020-08-07,25.25,25.31,25.22,25.23,1201671.0
2020-08-10,25.27,25.3,25.21,25.27,1037623.0
2020-08-11,25.26,25.33,25.22,25.31,1124551.0
2020-08-12,25.23,25.27,25.19,25.23,607831.0
2020-08-13,25.17,25.24,25.11,25.22,1077619.0
2020-08-14,25.17,25.1925,25.13,25.18,1913529.0
2020-08-17,25.12,25.12,25.07,25.07,951881.0
2020-08-18,24.92,24.9756,24.89,24.93,1104753.0
2020-08-19,24.95,25.15,24.923,25.13,1512828.0
2020-08-20,25.19,25.19,25.06,25.06,933177.0
2020-08-21,25.2,25.26,25.18,25.18,1667835.0
2020-08-24,25.11,25.22,25.11,25.22,450577.0
2020-08-25,25.14,25.19,25.12,25.13,869189.0
2020-08-26,25.19,25.19,25.0831,25.1,879909.0
2020-08-27,25.02,25.22,25.0,25.13,698361.0
2020-08-28,24.96,25.005,24.92,24.93,1200597.0
2020-08-31,24.9,24.939,24.845,24.9,1732214.0
2020-09-01,24.8,24.965,24.8,24.95,1022905.0
2020-09-02,25.05,25.095,25.03,25.04,1923933.0
2020-09-03,25.07,25.13,25.04,25.05,1004443.0
2020-09-04,25.14,25.182,25.04,25.09,1193358.0
2020-09-08,25.21,25.25,25.182,25.22,1556859.0
2020-09-09,25.2,25.2,25.1531,25.18,646303.0
2020-09-10,25.07,25.24,25.04,25.23,950307.0
2020-09-11,25.17,25.23,25.17,25.18,467916.0
2020-09-14,25.1,25.145,25.08,25.12,611868.0
2020-09-15,25.1,25.17,25.09,25.14,448535.0
2020-09-16,25.1,25.195,25.08,25.17,602013.0
2020-09-17,25.2,25.2011,25.08,25.08,875649.0
2020-09-18,25.11,25.13,25.05,25.11,820056.0
2020-09-21,25.24,25.34,25.23,25.29,1408674.0
2020-09-22,25.3,25.42,25.28,25.38,1328304.0
2020-09-23,25.45,25.54,25.4,25.52,12116360.0
2020-09-24,25.54,25.56,25.44,25.48,2385001.0
2020-09-25,25.57,25.6,25.54,25.55,1410530.0
2020-09-28,25.45,25.5,25.43,25.47,756524.0
2020-09-29,25.4,25.415,25.35,25.35,1239005.0
2020-09-30,25.4,25.4499,25.3,25.35,1217995.0
2020-10-01,25.33,25.38,25.31,25.31,916019.0
2020-10-02,25.37,25.38,25.33,25.37,1354392.0
2020-10-05,25.27,25.27,25.22,25.26,1047147.0
2020-10-06,25.22,25.3499,25.22,25.33,2282989.0
2020-10-07,25.31,25.32,25.28,25.3,1158621.0
2020-10-08,25.3,25.35,25.28,25.29,885342.0
2020-10-09,25.17,25.2,25.12,25.14,1993428.0
2020-10-12,25.13,25.14,25.11,25.11,676223.0
2020-10-13,25.22,25.27,25.21,25.26,12537570.0
2020-10-14,25.21,25.23,25.17,25.2,879529.0
2020-10-15,25.32,25.35,25.3,25.32,1417194.0
2020-10-16,25.28,25.3,25.2601,25.29,951274.0
2020-10-19,25.17,25.225,25.16,25.21,545928.0
2020-10-20,25.15,25.17,25.1,25.13,1538473.0
2020-10-21,25.05,25.05,24.9565,25.0,1624015.0
2020-10-22,25.04,25.1,25.04,25.1,1276077.0
2020-10-23,25.03,25.095,25.025,25.04,481506.0
2020-10-26,25.09,25.13,25.09,25.13,368349.0
2020-10-27,25.06,25.09,25.04,25.08,181782.0
2020-10-28,25.23,25.27,25.2,25.24,648732.0
2020-10-29,25.3,25.4089,25.3,25.34,1219822.0
2020-10-30,25.32,25.4,25.3012,25.37,609035.0
2020-11-02,25.42,25.43,25.38,25.4,1713459.0
2020-11-03,25.23,25.27,25.18,25.26,6207805.0
2020-11-04,25.27,25.3,25.185,25.22,1126611.0
2020-11-05,25.01,25.0689,24.95,24.98,1557023.0
2020-11-06,24.92,24.97,24.87,24.89,3497039.0
2020-11-09,24.86,25.09,24.86,25.05,1846459.0
2020-11-10,25.0,25.055,24.995,25.05,734356.0
2020-11-11,25.12,25.145,25.08,25.08,495737.0
2020-11-12,25.1,25.1059,25.0513,25.08,497394.0
2020-11-13,25.05,25.06,25.02,25.03,1037798.0
2020-11-16,25.01,25.02,24.97,24.97,2991656.0
2020-11-17,24.91,24.95,24.91,24.93,1027290.0
2020-11-18,24.92,24.94,24.88,24.94,408364.0
2020-11-19,25.01,25.01,24.89,24.9,302811.0
2020-11-20,24.89,24.94,24.89,24.93,333784.0
2020-11-23,24.85,25.0307,24.84,24.97,749618.0
2020-11-24,24.94,24.9683,24.85,24.85,666328.0
2020-11-25,24.85,24.87,24.7959,24.81,599299.0
2020-11-27,24.8,24.8,24.75,24.76,198278.0
2020-11-30,24.69,24.82,24.68,24.82,435759.0
2020-12-01,24.72,24.75,24.58,24.6,980879.0
2020-12-02,24.63,24.635,24.5601,24.57,1125243.0
2020-12-03,24.44,24.485,24.41,24.44,1003138.0
2020-12-04,24.41,24.5,24.4,24.47,1834397.0
2020-12-07,24.48,24.5199,24.44,24.51,896967.0
2020-12-08,24.49,24.55,24.49,24.54,612363.0
2020-12-09,24.51,24.6,24.49,24.55,518673.0
2020-12-10,24.55,24.55,24.45,24.48,608707.0
2020-12-11,24.52,24.55,24.51,24.54,1017727.0
2020-12-14,24.41,24.5,24.4,24.47,455368.0
2020-12-15,24.42,24.45,24.38,24.39,853925.0
2020-12-16,24.33,24.46,24.315,24.36,749756.0
2020-12-17,24.22,24.24,24.19,24.23,921953.0
2020-12-18,24.27,24.3,24.25,24.26,898403.0
2020-12-21,24.37,24.38,24.26,24.31,618922.0
2020-12-22,24.34,24.45,24.34,24.44,1286901.0
2020-12-23,24.33,24.38,24.295,24.33,758646.0
2020-12-24,24.33,24.36,24.325,24.35,280533.0
2020-12-28,24.31,24.37,24.28,24.35,1036126.0
2020-12-29,24.27,24.29,24.22,24.27,1444737.0
2020-12-30,24.2,24.21,24.155,24.17,1463938.0
2020-12-31,24.17,24.27,24.165,24.24,801542.0
2021-01-04,24.13,24.26,24.13,24.26,1322760.0
2021-01-05,24.2,24.22,24.11,24.12,723277.0
2021-01-06,24.18,24.22,24.09,24.09,1042808.0
2021-01-07,24.21,24.27,24.21,24.23,1018080.0
2021-01-08,24.19,24.34,24.18,24.27,1677687.0
2021-01-11,24.44,24.47,24.371,24.42,1447798.0
2021-01-12,24.41,24.41,24.27,24.29,1360526.0
2021-01-13,24.36,24.39,24.32,24.37,956781.0
2021-01-14,24.41,24.42,24.2813,24.32,614536.0
2021-01-15,24.42,24.48,24.41,24.48,1177566.0
2021-01-19,24.39,24.43,24.38,24.41,1408585.0
2021-01-20,24.43,24.4599,24.375,24.4,489290.0
2021-01-21,24.33,24.35,24.28,24.29,804667.0
2021-01-22,24.35,24.35,24.2999,24.34,847142.0
2021-01-25,24.35,24.4099,24.34,24.37,580608.0
2021-01-26,24.33,24.35,24.29,24.3,857386.0
2021-01-27,24.41,24.505,24.39,24.45,982246.0
2021-01-28,24.42,24.425,24.37,24.39,663678.0
2021-01-29,24.37,24.43,24.37,24.42,875959.0
2021-02-01,24.48,24.55,24.47,24.54,2183138.0
2021-02-02,24.57,24.61,24.5519,24.57,1459172.0
2021-02-03,24.58,24.61,24.56,24.56,1656945.0
2021-02-04,24.63,24.69,24.63,24.67,1394404.0
2021-02-05,24.59,24.6,24.53,24.53,1402458.0
2021-02-08,24.54,24.55,24.5,24.52,1732485.0
2021-02-09,24.42,24.44,24.37,24.39,2006948.0
2021-02-10,24.35,24.38,24.335,24.38,654129.0
2021-02-11,24.35,24.3884,24.34,24.37,256964.0
2021-02-12,24.44,24.45,24.36,24.39,501802.0
2021-02-16,24.4,24.425,24.3713,24.39,1107524.0
2021-02-17,24.51,24.54,24.49,24.49,937941.0
2021-02-18,24.43,24.475,24.4,24.41,585323.0
2021-02-19,24.35,24.3799,24.3181,24.35,1163294.0
2021-02-22,24.3,24.33,24.25,24.28,706793.0
2021-02-23,24.3,24.33,24.26,24.3,441574.0
2021-02-24,24.34,24.3781,24.26,24.26,913821.0
2021-02-25,24.19,24.34,24.17,24.34,952187.0
2021-02-26,24.39,24.52,24.39,24.52,1347736.0
2021-03-01,24.5,24.56,24.5,24.54,2243747.0
2021-03-02,24.53,24.555,24.45,24.45,1381602.0
2021-03-03,24.53,24.54,24.47,24.52,1015208.0
2021-03-04,24.57,24.71,24.53,24.68,2128014.0
2021-03-05,24.74,24.81,24.7301,24.77,2630998.0
2021-03-08,24.85,24.91,24.83,24.91,1656325.0
2021-03-09,24.8,24.82,24.77,24.77,1468072.0
2021-03-10,24.75,24.8187,24.73,24.73,2050255.0
2021-03-11,24.7,24.74,24.61,24.61,1643377.0
2021-03-12,24.76,24.78,24.6801,24.69,789082.0
2021-03-15,24.76,24.7789,24.72,24.74,504721.0
2021-03-16,24.75,24.8,24.7301,24.74,338800.0
2021-03-17,24.75,24.79,24.61,24.62,3055708.0
2021-03-18,24.74,24.77,24.69,24.77,901891.0
2021-03-19,24.81,24.84,24.76,24.78,2222463.0
2021-03-22,24.74,24.77,24.71,24.73,850783.0
2021-03-23,24.84,24.88,24.82,24.88,1252395.0
2021-03-24,24.93,24.95,24.89,24.94,1726770.0
2021-03-25,24.94,25.04,24.94,25.01,1476692.0
2021-03-26,25.0,25.01,24.96,24.98,654772.0
2021-03-29,24.99,25.04,24.97,25.04,1128419.0
2021-03-30,25.12,25.15,25.11,25.14,750211.0
2021-03-31,25.11,25.121,25.05,25.12,1381777.0
2021-04-01,25.05,25.09,25.01,25.01,1955686.0
2021-04-05,24.99,25.0,24.92,24.93,1704569.0
2021-04-06,24.91,24.92,24.86,24.87,1845891.0
2021-04-07,24.85,24.92,24.82,24.9,758910.0
2021-04-08,24.84,24.84,24.78,24.79,581950.0
2021-04-09,24.85,24.86,24.8001,24.81,691179.0
2021-04-12,24.79,24.8225,24.79,24.8,479868.0
2021-04-13,24.78,24.78,24.71,24.71,498723.0
2021-04-14,24.69,24.72,24.65,24.68,632455.0
2021-04-15,24.66,24.7,24.6512,24.68,390279.0
2021-04-16,24.65,24.67,24.63,24.65,431691.0
2021-04-19,24.53,24.56,24.51,24.51,1068085.0
2021-04-20,24.52,24.57,24.5,24.55,827240.0
2021-04-21,24.6,24.6199,24.52,24.52,417341.0
2021-04-22,24.55,24.61,24.5475,24.59,358310.0
2021-04-23,24.48,24.53,24.44,24.45,567793.0
2021-04-26,24.48,24.49,24.43,24.45,802008.0
2021-04-27,24.47,24.49,24.4401,24.46,364769.0
2021-04-28,24.5,24.51,24.37,24.37,473037.0
2021-04-29,24.39,24.43,24.38,24.38,266281.0
2021-04-30,24.45,24.58,24.45,24.58,1124659.0
2021-05-03,24.52,24.52,24.45,24.47,1026568.0
2021-05-04,24.55,24.59,24.53,24.58,1225580.0
2021-05-05,24.58,24.59,24.55,24.57,1427771.0
2021-05-06,24.5,24.5,24.45,24.45,476241.0
2021-05-07,24.38,24.4,24.27,24.27,1844699.0
2021-05-10,24.22,24.28,24.22,24.27,659636.0
2021-05-11,24.25,24.2601,24.22,24.25,549537.0
2021-05-12,24.36,24.43,24.33,24.43,2379943.0
2021-05-13,24.41,24.45,24.38,24.39,450542.0
2021-05-14,24.31,24.32,24.29,24.29,638575.0
2021-05-17,24.3,24.31,24.25,24.26,251844.0
2021-05-18,24.15,24.19,24.14,24.15,673734.0
2021-05-19,24.2,24.29,24.1411,24.26,1294599.0
2021-05-20,24.2,24.2,24.14,24.14,848730.0
2021-05-21,24.17,24.26,24.17,24.22,685865.0
2021-05-24,24.18,24.19,24.15,24.16,715981.0
2021-05-25,24.13,24.1698,24.11,24.13,618829.0
2021-05-26,24.19,24.24,24.1419,24.22,336312.0
2021-05-27,24.22,24.2399,24.19,24.2,354571.0
2021-05-28,24.3,24.3011,24.205,24.22,602777.0
2021-06-01,24.15,24.18,24.12,24.18,740200.0
2021-06-02,24.22,24.2399,24.18,24.18,1497396.0
2021-06-03,24.28,24.36,24.28,24.33,2083233.0
2021-06-04,24.24,24.25,24.21,24.24,1383328.0
2021-06-07,24.21,24.23,24.18,24.2,842863.0
2021-06-08,24.24,24.2484,24.205,24.23,690993.0
2021-06-09,24.17,24.2599,24.16,24.25,814720.0
2021-06-10,24.29,24.29,24.2,24.23,769581.0
2021-06-11,24.3,24.375,24.3,24.35,1090054.0
2021-06-14,24.31,24.35,24.31,24.33,905939.0
2021-06-15,24.34,24.365,24.34,24.35,469653.0
2021-06-16,24.35,24.56,24.3385,24.55,1917618.0
2021-06-17,24.66,24.75,24.64,24.74,1970518.0
2021-06-18,24.81,24.85,24.79,24.82,1275915.0
2021-06-21,24.74,24.76,24.69,24.7,655150.0
2021-06-22,24.73,24.76,24.65,24.66,454711.0
2021-06-23,24.63,24.7099,24.61,24.7,1048423.0
2021-06-24,24.68,24.72,24.66,24.68,414191.0
2021-06-25,24.63,24.7085,24.6101,24.69,356901.0
2021-06-28,24.71,24.73,24.68,24.7,777570.0
2021-06-29,24.77,24.79,24.74,24.76,634336.0
2021-06-30,24.79,24.86,24.79,24.83,869630.0
2021-07-01,24.84,24.9,24.8119,24.9,2239583.0
2021-07-02,24.88,24.9,24.79,24.8,1107391.0
2021-07-06,24.86,24.9199,24.84,24.89,1152111.0
2021-07-07,24.9,24.9699,24.88,24.93,699105.0
2021-07-08,24.82,24.86,24.805,24.83,1236846.0
2021-07-09,24.79,24.81,24.76,24.77,1252187.0
2021-07-12,24.82,24.82,24.7701,24.8,426661.0
2021-07-13,24.91,24.95,24.8503,24.95,1477456.0
2021-07-14,24.84,24.86,24.83,24.83,890071.0
2021-07-15,24.88,24.92,24.8608,24.9,376880.0
2021-07-16,24.91,24.94,24.8911,24.93,812622.0
2021-07-19,24.93,24.9799,24.9001,24.97,1113009.0
2021-07-20,25.04,25.05,24.99,25.0,1459215.0
2021-07-21,25.02,25.03,24.93,24.94,754917.0
2021-07-22,24.86,24.98,24.86,24.97,953487.0
2021-07-23,24.97,25.005,24.97,24.98,429229.0
2021-07-26,24.94,24.94,24.87,24.9,449434.0
2021-07-27,24.86,24.9,24.82,24.86,787308.0
2021-07-28,24.9,24.94,24.79,24.79,749470.0
2021-07-29,24.72,24.73,24.69,24.7,826188.0
2021-07-30,24.72,24.78,24.7,24.77,623971.0
2021-08-02,24.72,24.7599,24.705,24.74,908200.0
2021-08-03,24.72,24.769,24.72,24.75,584113.0
2021-08-04,24.68,24.81,24.675,24.79,651905.0
2021-08-05,24.79,24.805,24.7601,24.79,154494.0
2021-08-06,24.9,24.95,24.88,24.93,1315537.0
2021-08-09,24.92,24.99,24.92,24.98,432624.0
2021-08-10,25.03,25.03,25.0,25.0,868882.0
2021-08-11,24.96,24.9899,24.9333,24.95,993657.0
2021-08-12,24.98,25.0,24.97,24.98,178929.0
2021-08-13,24.91,24.93,24.84,24.86,741025.0
2021-08-16,24.86,24.89,24.85,24.88,487238.0
2021-08-17,24.96,25.03,24.96,25.03,1009407.0
2021-08-18,25.01,25.06,24.97,25.03,537401.0
2021-08-19,25.1,25.15,25.08,25.15,990395.0
2021-08-20,25.15,25.16,25.11,25.12,775803.0
2021-08-23,25.02,25.04,24.97,24.97,1123403.0
2021-08-24,24.98,24.9975,24.93,24.95,1077061.0
2021-08-25,24.99,25.02,24.93,24.93,668388.0
2021-08-26,24.97,25.0099,24.97,25.0,322032.0
2021-08-27,25.01,25.0271,24.88,24.89,860356.0
2021-08-30,24.89,24.92,24.88,24.89,380212.0
2021-08-31,24.85,24.91,24.831,24.89,697161.0
2021-09-01,24.83,24.85,24.81,24.84,1026674.0
2021-09-02,24.81,24.825,24.77,24.78,806600.0
2021-09-03,24.72,24.75,24.7,24.73,726480.0
2021-09-07,24.82,24.86,24.8,24.85,452689.0
2021-09-08,24.9,24.94,24.87,24.89,1004797.0
2021-09-09,24.83,24.8762,24.805,24.83,197674.0
2021-09-10,24.82,24.88,24.8101,24.87,399631.0
2021-09-13,24.9,24.9,24.86,24.87,157523.0
2021-09-14,24.8,24.89,24.79,24.87,380466.0
2021-09-15,24.83,24.855,24.82,24.82,187790.0
2021-09-16,24.94,24.96,24.93,24.93,424211.0
2021-09-17,24.97,25.03,24.95,25.02,2018401.0
2021-09-20,25.05,25.06,25.0128,25.03,1385953.0
2021-09-21,25.02,25.0499,25.005,25.01,624983.0
2021-09-22,25.03,25.11,24.965,25.08,883605.0
2021-09-23,25.0,25.01,24.96,24.98,515700.0
2021-09-24,25.06,25.07,25.0322,25.05,459201.0
2021-09-27,25.09,25.09,25.0501,25.08,255504.0
2021-09-28,25.15,25.19,25.13,25.17,2258181.0
2021-09-29,25.25,25.35,25.24,25.35,843273.0
2021-09-30,25.33,25.35,25.27,25.31,778328.0
2021-10-01,25.23,25.28,25.23,25.26,1521878.0
2021-10-04,25.18,25.1999,25.15,25.18,875071.0
2021-10-05,25.25,25.25,25.19,25.23,647968.0
2021-10-06,25.33,25.3499,25.29,25.3,1121586.0
2021-10-07,25.29,25.3,25.26,25.29,480018.0
2021-10-08,25.25,25.285,25.24,25.27,383547.0
2021-10-11,25.28,25.34,25.2559,25.34,1882669.0
2021-10-12,25.35,25.3899,25.34,25.37,778819.0
2021-10-13,25.3,25.31,25.23,25.23,759775.0
2021-10-14,25.2,25.24,25.2,25.23,508974.0
2021-10-15,25.22,25.245,25.19,25.2,488245.0
2021-10-18,25.22,25.24,25.18,25.21,1630641.0
2021-10-19,25.13,25.165,25.11,25.15,968695.0
2021-10-20,25.14,25.16,25.09,25.11,780497.0
2021-10-21,25.11,25.17,25.1,25.17,538807.0
2021-10-22,25.13,25.16,25.095,25.12,378431.0
2021-10-25,25.17,25.19,25.16,25.16,354877.0
2021-10-26,25.16,25.23,25.16,25.21,784011.0
2021-10-27,25.16,25.2,25.135,25.2,336084.0
2021-10-28,25.13,25.13,25.02,25.05,567777.0
2021-10-29,25.12,25.2974,25.12,25.25,799206.0
2021-11-01,25.24,25.25,25.17,25.17,2226220.0
2021-11-02,25.21,25.255,25.2,25.23,1107793.0
2021-11-03,25.25,25.27,25.16,25.17,1701648.0
2021-11-04,25.27,25.34,25.27,25.3,1068894.0
2021-11-05,25.33,25.3653,25.27,25.28,636739.0
2021-11-08,25.25,25.26,25.21,25.23,604895.0
2021-11-09,25.21,25.25,25.18,25.2,305487.0
2021-11-10,25.26,25.47,25.2425,25.47,1698476.0
2021-11-11,25.47,25.53,25.47,25.53,567976.0
2021-11-12,25.54,25.545,25.48,25.5,259489.0
2021-11-15,25.51,25.64,25.4901,25.64,505625.0
2021-11-16,25.68,25.74,25.65,25.74,1412053.0
2021-11-17,25.72,25.75,25.6701,25.69,683014.0
2021-11-18,25.67,25.69,25.62,25.62,708066.0
2021-11-19,25.7,25.76,25.69,25.75,679940.0
2021-11-22,25.85,25.89,25.81,25.88,1090239.0
2021-11-23,25.89,25.9,25.8401,25.87,776408.0
2021-11-24,25.98,25.9999,25.94,25.97,1009224.0
2021-11-26,25.81,25.82,25.74,25.77,1100364.0
2021-11-29,25.83,25.86,25.81,25.82,750034.0
2021-11-30,25.65,25.9156,25.62,25.7,2115618.0
2021-12-01,25.7,25.7799,25.65,25.77,1827180.0
2021-12-02,25.7,25.79,25.7,25.78,732386.0
2021-12-03,25.79,25.86,25.74,25.77,1324105.0
2021-12-06,25.8,25.85,25.79,25.81,682110.0
2021-12-07,25.89,25.89,25.81,25.82,2785147.0
2021-12-08,25.78,25.785,25.69,25.7,584581.0
2021-12-09,25.76,25.83,25.75,25.79,751817.0
2021-12-10,25.8,25.8335,25.73,25.75,560652.0
2021-12-13,25.76,25.84,25.76,25.83,711733.0
2021-12-14,25.81,25.89,25.802,25.88,621709.0
2021-12-15,25.89,25.98,25.815,25.84,735014.0
2021-12-16,25.73,25.7799,25.71,25.73,1118627.0
2021-12-17,25.76,25.91,25.76,25.91,545228.0
2021-12-20,25.85,25.89,25.83,25.88,1423008.0
2021-12-21,25.87,25.9099,25.85,25.85,887009.0
2021-12-22,25.8,25.81,25.74,25.75,2101630.0
2021-12-23,25.81,25.81,25.73,25.73,2216503.0
2021-12-27,25.78,25.78,25.74,25.74,1346321.0
2021-12-28,25.76,25.805,25.7542,25.77,820235.0
2021-12-29,25.74,25.74,25.66,25.7,1252091.0
2021-12-30,25.74,25.775,25.705,25.74,367629.0
2021-12-31,25.69,25.71,25.62,25.63,1161351.0
2022-01-03,25.74,25.81,25.74,25.79,3449519.0
2022-01-04,25.81,25.82,25.74,25.81,1310259.0
2022-01-05,25.72,25.79,25.69,25.78,1029896.0
2022-01-06,25.77,25.8153,25.735,25.8,1398562.0
2022-01-07,25.74,25.7455,25.64,25.66,540460.0
2022-01-10,25.77,25.78,25.7,25.72,1004338.0
2022-01-11,25.71,25.74,25.61,25.61,1311651.0
2022-01-12,25.53,25.53,25.425,25.44,3489370.0
2022-01-13,25.37,25.43,25.36,25.43,3801187.0
2022-01-14,25.44,25.5251,25.42,25.5,2302959.0
2022-01-18,25.6,25.67,25.58,25.66,1940357.0
2022-01-19,25.59,25.62,25.57,25.6,1510070.0
2022-01-20,25.59,25.68,25.56,25.68,1033025.0
2022-01-21,25.58,25.62,25.58,25.61,1224509.0
2022-01-24,25.72,25.75,25.6601,25.69,1946293.0
2022-01-25,25.76,25.78,25.69,25.7,1312765.0
2022-01-26,25.71,25.86,25.705,25.84,1583277.0
2022-01-27,26.01,26.065,25.9801,26.06,1530349.0
2022-01-28,26.04,26.0675,26.0,26.05,1791481.0
2022-01-31,25.97,25.985,25.85,25.87,2055777.0
2022-02-01,25.8,25.85,25.79,25.8,4019788.0
2022-02-02,25.7,25.74,25.68,25.7,4401627.0
2022-02-03,25.61,25.62,25.51,25.57,6513988.0
2022-02-04,25.6,25.63,25.54,25.55,2243956.0
2022-02-07,25.59,25.59,25.5301,25.56,1159946.0
2022-02-08,25.59,25.63,25.58,25.6,1591098.0
2022-02-09,25.56,25.595,25.54,25.57,638752.0
2022-02-10,25.68,25.7,25.4799,25.61,2931485.0
2022-02-11,25.66,25.735,25.61,25.72,2208733.0
2022-02-14,25.78,25.82,25.75,25.79,1933917.0
2022-02-15,25.73,25.78,25.68,25.69,1250995.0
2022-02-16,25.68,25.68,25.61,25.64,695207.0
2022-02-17,25.65,25.67,25.62,25.65,859496.0
2022-02-18,25.67,25.75,25.6601,25.72,1144360.0
2022-02-22,25.71,25.73,25.665,25.73,1171675.0
2022-02-23,25.69,25.77,25.6701,25.76,1214303.0
2022-02-24,26.04,26.16,25.94,25.97,4162368.0
2022-02-25,25.93,25.94,25.84,25.84,1293629.0
2022-02-28,25.93,25.93,25.86,25.88,1352474.0
2022-03-01,26.0,26.12,25.98,26.08,2498056.0
2022-03-02,26.12,26.19,26.0401,26.06,1451448.0
2022-03-03,26.13,26.22,26.11,26.16,1780830.0
2022-03-04,26.45,26.465,26.355,26.36,3232859.0
2022-03-07,26.43,26.58,26.4201,26.55,2508004.0
2022-03-08,26.5,26.565,26.4126,26.5,1497242.0
2022-03-09,26.25,26.31,26.19,26.24,1594895.0
2022-03-10,26.31,26.38,26.2901,26.37,1098070.0
2022-03-11,26.39,26.56,26.3607,26.51,1661355.0
2022-03-14,26.46,26.51,26.4,26.5,1739479.0
2022-03-15,26.4,26.52,26.371,26.47,762677.0
2022-03-16,26.37,26.4999,26.28,26.28,1958470.0
2022-03-17,26.27,26.29,26.1316,26.22,3088610.0
2022-03-18,26.36,26.37,26.24,26.25,913747.0
2022-03-21,26.27,26.35,26.25,26.35,1232279.0
2022-03-22,26.32,26.36,26.29,26.34,928511.0
2022-03-23,26.41,26.44,26.36,26.37,465835.0
2022-03-24,26.43,26.46,26.3701,26.4,1666296.0
2022-03-25,26.39,26.43,26.35,26.41,599200.0
2022-03-28,26.56,26.56,26.4601,26.49,1086710.0
2022-03-29,26.25,26.35,26.21,26.33,1542221.0
2022-03-30,26.17,26.2,26.13,26.19,3972286.0
2022-03-31,26.28,26.32,26.19,26.3,1679240.0
2022-04-01,26.37,26.4,26.34,26.34,1824194.0
2022-04-04,26.43,26.48,26.41,26.46,1158114.0
2022-04-05,26.45,26.6,26.415,26.6,2081727.0
2022-04-06,26.56,26.6799,26.55,26.62,1653505.0
2022-04-07,26.6,26.685,26.58,26.67,880486.0
2022-04-08,26.75,26.78,26.66,26.67,1706732.0
2022-04-11,26.72,26.74,26.685,26.73,797179.0
2022-04-12,26.71,26.82,26.69,26.82,1410207.0
2022-04-13,26.86,26.87,26.68,26.71,2906658.0
2022-04-14,26.8,26.93,26.8,26.83,1525669.0
2022-04-18,26.88,26.955,26.8601,26.94,1149049.0
2022-04-19,26.99,27.01,26.95,27.0,1498547.0
2022-04-20,26.84,26.859,26.785,26.81,1235248.0
2022-04-21,26.77,26.91,26.75,26.89,2180294.0
2022-04-22,26.98,27.09,26.965,27.05,1207339.0
2022-04-25,27.18,27.225,27.15,27.18,2316425.0
2022-04-26,27.25,27.36,27.24,27.35,2241430.0
2022-04-27,27.55,27.6056,27.48,27.52,3872385.0
2022-04-28,27.72,27.77,27.67,27.68,2433764.0
2022-04-29,27.6,27.62,27.48,27.57,3029150.0
2022-05-02,27.68,27.74,27.62,27.71,2294066.0
2022-05-03,27.58,27.69,27.56,27.66,2199569.0
2022-05-04,27.6,27.705,27.39,27.43,10608840.0
2022-05-05,27.6,27.79,27.6,27.66,3165505.0
2022-05-06,27.63,27.74,27.6001,27.71,2506464.0
2022-05-09,27.74,27.805,27.64,27.72,3017681.0
2022-05-10,27.7,27.8,27.7,27.78,10162040.0
2022-05-11,27.71,27.81,27.63,27.81,2300189.0
2022-05-12,27.92,28.05,27.8939,28.05,3214864.0
2022-05-13,28.07,28.07,27.93,27.97,2855647.0
2022-05-16,27.93,27.97,27.84,27.86,1721905.0
2022-05-17,27.67,27.69,27.61,27.63,7703781.0
2022-05-18,27.69,27.78,27.63,27.77,2183970.0
2022-05-19,27.56,27.56,27.44,27.48,6258384.0
2022-05-20,27.53,27.61,27.52,27.54,2677628.0
2022-05-23,27.35,27.3699,27.27,27.29,3716740.0
2022-05-24,27.26,27.27,27.1601,27.21,3642670.0
2022-05-25,27.33,27.3699,27.2629,27.31,1545161.0
2022-05-26,27.26,27.275,27.2,27.22,1289391.0
2022-05-27,27.18,27.24,27.12,27.16,2677962.0
2022-05-31,27.24,27.285,27.17,27.21,2716158.0
2022-06-01,27.24,27.4583,27.23,27.42,3746360.0
2022-06-02,27.29,27.325,27.18,27.18,6240982.0
2022-06-03,27.25,27.33,27.21,27.3,5713908.0
2022-06-06,27.29,27.39,27.28,27.36,2805851.0
2022-06-07,27.46,27.46,27.3235,27.33,1496562.0
2022-06-08,27.36,27.41,27.325,27.41,1002510.0
2022-06-09,27.43,27.615,27.395,27.61,4253584.0
2022-06-10,27.78,27.85,27.77,27.83,2510903.0
2022-06-13,28.0,28.125,27.97,28.1,6183805.0
2022-06-14,28.04,28.2099,28.03,28.16,4136687.0
2022-06-15,28.1,28.21,27.9201,27.94,5882042.0
2022-06-16,27.88,27.9552,27.59,27.67,4908011.0
2022-06-17,27.91,28.045,27.9042,27.95,2106909.0
2022-06-21,27.84,27.9,27.79,27.85,2527889.0
2022-06-22,27.85,27.8507,27.71,27.81,1780946.0
2022-06-23,27.85,27.91,27.77,27.84,2163513.0
2022-06-24,27.82,27.845,27.7445,27.78,1427109.0
2022-06-27,27.74,27.76,27.66,27.73,1464935.0
2022-06-28,27.86,27.91,27.83,27.89,1676881.0
2022-06-29,27.96,28.0599,27.95,28.05,2025351.0
2022-06-30,28.07,28.0899,27.93,27.96,2113450.0
2022-07-01,28.14,28.2075,28.0448,28.05,2964631.0
2022-07-05,28.45,28.52,28.41,28.45,3325534.0
2022-07-06,28.56,28.645,28.53,28.58,4650619.0
2022-07-07,28.58,28.64,28.53,28.59,2323695.0
2022-07-08,28.6,28.6699,28.53,28.57,1736262.0
2022-07-11,28.86,28.92,28.8,28.9,4233469.0
2022-07-12,28.89,28.91,28.8,28.89,1586734.0
2022-07-13,28.95,28.965,28.7,28.83,1624205.0
2022-07-14,29.14,29.2,28.9501,29.03,3071131.0
2022-07-15,28.93,28.9604,28.82,28.86,2392006.0
2022-07-18,28.68,28.71,28.54,28.7,3623254.0
2022-07-19,28.48,28.525,28.4299,28.52,3228221.0
2022-07-20,28.49,28.66,28.48,28.6,2222148.0
2022-07-21,28.64,28.6706,28.52,28.52,2831755.0
2022-07-22,28.52,28.5301,28.35,28.48,3151340.0
2022-07-25,28.39,28.49,28.38,28.44,2012632.0
2022-07-26,28.58,28.66,28.5769,28.66,2452418.0
2022-07-27,28.6,28.7,28.39,28.42,4947698.0
2022-07-28,28.44,28.5373,28.39,28.4,2361514.0
2022-07-29,28.46,28.495,28.29,28.29,5538646.0
2022-08-01,28.19,28.215,28.12,28.18,5826926.0
2022-08-02,28.25,28.41,28.21,28.36,15058800.0
2022-08-03,28.41,28.5493,28.4039,28.44,2811273.0
2022-08-04,28.43,28.4451,28.24,28.26,2536106.0
2022-08-05,28.54,28.56,28.46,28.5,3199496.0
2022-08-08,28.43,28.47,28.362,28.46,2803435.0
2022-08-09,28.36,28.45,28.35,28.43,1437630.0
2022-08-10,28.12,28.16,27.98,28.12,6198217.0
2022-08-11,28.03,28.14,27.98,28.14,2889325.0
2022-08-12,28.23,28.32,28.21,28.25,3069958.0
2022-08-15,28.34,28.5,28.34,28.5,4475383.0
2022-08-16,28.54,28.54,28.43,28.49,3038709.0
2022-08-17,28.54,28.58,28.46,28.53,2704771.0
2022-08-18,28.58,28.79,28.5762,28.75,2970322.0
2022-08-19,28.91,28.96,28.885,28.93,3143718.0
2022-08-22,29.01,29.2,29.01,29.17,4688228.0
2022-08-23,29.16,29.1699,28.925,29.05,14555270.0
2022-08-24,29.17,29.21,29.0,29.07,4544581.0
2022-08-25,29.06,29.0951,28.98,29.02,2440261.0
2022-08-26,28.86,29.15,28.795,29.13,2743789.0
2022-08-29,29.12,29.175,29.055,29.14,3901992.0
2022-08-30,29.07,29.22,29.05,29.13,2619696.0
2022-08-31,29.2,29.215,29.03,29.11,2497760.0
2022-09-01,29.29,29.4658,29.27,29.37,4864244.0
2022-09-02,29.25,29.39,29.18,29.38,2678633.0
2022-09-06,29.53,29.625,29.47,29.55,15048790.0
2022-09-07,29.64,29.65,29.34,29.34,3382923.0
2022-09-08,29.47,29.51,29.37,29.4,2431072.0
2022-09-09,29.2,29.2282,29.15,29.19,3388928.0
2022-09-12,29.03,29.06,28.95,29.04,3580943.0
2022-09-13,29.31,29.46,29.2499,29.44,7862094.0
2022-09-14,29.36,29.4199,29.31,29.38,2120709.0
2022-09-15,29.41,29.43,29.345,29.4,2349455.0
2022-09-16,29.5,29.515,29.3392,29.4,3646510.0
2022-09-19,29.5,29.5144,29.36,29.38,1741671.0
2022-09-20,29.53,29.56,29.46,29.52,2065091.0
2022-09-21,29.66,29.92,29.64,29.81,4722023.0
2022-09-22,29.77,29.89,29.732,29.85,2584203.0
2022-09-23,30.05,30.37,30.05,30.32,4964328.0
2022-09-26,30.44,30.7,30.39,30.66,7720994.0
2022-09-27,30.59,30.76,30.52,30.67,7688611.0
2022-09-28,30.7,30.73,30.23,30.27,9864731.0
2022-09-29,30.31,30.355,30.12,30.15,6257254.0
2022-09-30,30.27,30.27,30.09,30.15,4762038.0
2022-10-03,30.165,30.2199,29.962,30.01,3431981.0
2022-10-04,29.82,29.84,29.58,29.6,12310590.0
2022-10-05,29.92,30.03,29.84,29.88,4948996.0
2022-10-06,30.06,30.2,30.0,30.18,3243712.0
2022-10-07,30.24,30.34,30.161,30.3,4732991.0
2022-10-10,30.42,30.48,30.32,30.43,4099564.0
2022-10-11,30.41,30.49,30.21,30.45,4843125.0
2022-10-12,30.46,30.53,30.38,30.45,2466552.0
2022-10-13,30.56,30.5761,30.14,30.25,7358252.0
2022-10-14,30.33,30.49,30.305,30.46,3994721.0
2022-10-17,30.25,30.2675,30.09,30.15,4010009.0
2022-10-18,30.08,30.2299,30.06,30.13,5326527.0
2022-10-19,30.31,30.41,30.27,30.35,3372908.0
2022-10-20,30.31,30.4,30.16,30.37,3437528.0
2022-10-21,30.47,30.49,30.05,30.11,6352432.0
2022-10-24,30.21,30.225,30.065,30.14,3132178.0
2022-10-25,29.95,29.95,29.79,29.81,5338916.0
2022-10-26,29.685,29.69,29.48,29.5,7681018.0
2022-10-27,29.68,29.75,29.53,29.73,4313016.0
2022-10-28,29.78,29.87,29.74,29.78,2480019.0
2022-10-31,29.981,30.0499,29.955,30.03,2920785.0
2022-11-01,29.84,30.075,29.82,30.02,3313748.0
2022-11-02,29.92,30.15,29.7,30.15,5319892.0
2022-11-03,30.4,30.43,30.27,30.4,8854483.0
2022-11-04,30.03,30.13,29.8,29.83,5481392.0
2022-11-07,29.71,29.765,29.62,29.66,3220175.0
2022-11-08,29.69,29.7,29.44,29.53,4722273.0
2022-11-09,29.68,29.8,29.54,29.75,2870793.0
2022-11-10,29.26,29.3,29.07,29.07,10429170.0
2022-11-11,28.811,28.895,28.6133,28.65,8430885.0
2022-11-14,28.83,28.8699,28.7,28.78,6588465.0
2022-11-15,28.55,28.85,28.52,28.68,5245239.0
2022-11-16,28.6,28.72,28.58,28.62,2510649.0
2022-11-17,28.83,28.875,28.73,28.73,3651968.0
2022-11-18,28.75,28.835,28.7,28.81,3321424.0
2022-11-21,29.03,29.105,29.0,29.06,3623272.0
2022-11-22,28.97,28.99,28.87,28.88,3116292.0
2022-11-23,28.8,28.8052,28.571,28.58,4713236.0
2022-11-25,28.66,28.69,28.57,28.58,1306413.0
2022-11-28,28.56,28.8,28.53,28.79,2836633.0
2022-11-29,28.8,28.84,28.7,28.84,1322534.0
2022-11-30,28.72,28.92,28.54,28.61,4062322.0
2022-12-01,28.31,28.38,28.24,28.26,6989549.0
2022-12-02,28.36,28.44,28.2,28.23,3845591.0
2022-12-05,28.249,28.47,28.22,28.46,5149210.0
2022-12-06,28.4,28.5299,28.34,28.48,4039378.0
2022-12-07,28.37,28.4555,28.35,28.39,2869868.0
2022-12-08,28.36,28.4,28.29,28.3,2483418.0
2022-12-09,28.34,28.39,28.23,28.36,2642984.0
2022-12-12,28.34,28.45,28.29,28.38,4195225.0
2022-12-13,28.029,28.15,28.02,28.13,9962163.0
2022-12-14,28.09,28.17,27.95,28.0,5789148.0
2022-12-15,28.06,28.35,28.035,28.26,9087002.0
2022-12-16,28.28,28.33,28.2,28.31,5050292.0
2022-12-19,28.03,28.12,27.99,28.07,5859361.0
2022-12-20,27.92,27.9382,27.81,27.88,3683595.0
2022-12-21,27.92,27.99,27.87,27.95,4431777.0
2022-12-22,28.0,28.06,27.9749,27.99,2744638.0
2022-12-23,28.01,28.05,27.945,27.98,1852301.0
2022-12-27,28.0,28.01,27.92,27.97,3022416.0
2022-12-28,27.92,28.07,27.88,28.07,1992120.0
2022-12-29,27.95,27.98,27.87,27.9,2110509.0
2022-12-30,27.86,27.929,27.77,27.81,3437230.0
2023-01-03,28.07,28.1599,27.9901,28.11,4482567.0
2023-01-04,27.97,28.0689,27.94,28.01,1979142.0
2023-01-05,28.201,28.3,28.19,28.27,3417767.0
2023-01-06,28.26,28.3278,27.9,27.9,3793977.0
2023-01-09,27.78,27.7899,27.66,27.73,9855120.0
2023-01-10,27.73,27.79,27.69,27.75,1670154.0
2023-01-11,27.74,27.805,27.72,27.75,1929830.0
2023-01-12,27.57,27.745,27.44,27.48,4370486.0
2023-01-13,27.55,27.56,27.46,27.47,2049503.0
2023-01-17,27.44,27.58,27.41,27.55,2566944.0
2023-01-18,27.33,27.566,27.3123,27.55,3212964.0
2023-01-19,27.5,27.57,27.44,27.48,2509112.0
2023-01-20,27.56,27.6,27.44,27.44,2634992.0
2023-01-23,27.51,27.5299,27.4411,27.48,3615646.0
2023-01-24,27.49,27.58,27.43,27.45,1753977.0
2023-01-25,27.44,27.47,27.345,27.36,2230984.0
2023-01-26,27.4,27.52,27.39,27.43,2657089.0
2023-01-27,27.52,27.54,27.44,27.47,2554438.0
2023-01-30,27.48,27.57,27.445,27.57,3006503.0
2023-01-31,27.55,27.61,27.5,27.51,2126339.0
2023-02-01,27.43,27.51,27.22,27.25,7137953.0
2023-02-02,27.32,27.48,27.31,27.43,4302143.0
2023-02-03,27.65,27.79,27.6,27.79,7868236.0
2023-02-06,27.9,28.01,27.87,27.95,6884374.0
2023-02-07,28.01,28.06,27.7901,27.9,4282759.0
2023-02-08,27.88,27.94,27.8601,27.93,1416508.0
2023-02-09,27.71,27.89,27.71,27.89,3609015.0
2023-02-10,27.9,28.01,27.88,27.98,3201923.0
2023-02-13,27.99,28.0,27.8836,27.9,2010618.0
2023-02-14,27.92,27.97,27.78,27.88,3456909.0
2023-02-15,28.09,28.1356,28.06,28.07,4807971.0
2023-02-16,28.14,28.1799,28.06,28.11,4101825.0
2023-02-17,28.19,28.2301,28.07,28.09,4187783.0
2023-02-21,28.13,28.2,28.06,28.18,2532007.0
2023-02-22,28.18,28.29,28.14,28.27,1745208.0
2023-02-23,28.27,28.35,28.245,28.28,4056551.0
2023-02-24,28.49,28.5,28.44,28.49,4869346.0
2023-02-27,28.379,28.3954,28.2901,28.34,3470276.0
2023-02-28,28.31,28.42,28.26,28.42,4060401.0
2023-03-01,28.26,28.34,28.22,28.27,3932261.0
2023-03-02,28.46,28.49,28.4,28.42,3976396.0
2023-03-03,28.37,28.4499,28.3,28.31,2795081.0
2023-03-06,28.28,28.305,28.21,28.27,4169059.0
2023-03-07,28.35,28.63,28.34,28.62,4149326.0
2023-03-08,28.61,28.67,28.5499,28.61,3127649.0
2023-03-09,28.55,28.56,28.5,28.53,2749270.0
2023-03-10,28.35,28.37,28.195,28.35,5632846.0
2023-03-13,28.16,28.19,28.06,28.09,5300226.0
2023-03-14,28.11,28.195,28.08,28.09,3386419.0
2023-03-15,28.47,28.5136,28.375,28.39,5141870.0
2023-03-16,28.39,28.41,28.3137,28.36,2670134.0
2023-03-17,28.29,28.325,28.15,28.2,2192368.0
2023-03-20,28.06,28.09,28.04,28.04,2226288.0
2023-03-21,27.99,28.065,27.97,28.03,2354906.0
2023-03-22,27.99,28.04,27.71,27.82,5645553.0
2023-03-23,27.78,27.885,27.73,27.86,3328878.0
2023-03-24,28.0,28.06,28.0,28.03,2368681.0
2023-03-27,27.99,28.0,27.94,27.94,1910560.0
2023-03-28,27.88,27.92,27.83,27.84,2077155.0
2023-03-29,27.91,27.945,27.87,27.91,1684131.0
2023-03-30,27.78,27.81,27.76,27.78,1006600.0
2023-03-31,27.84,27.9,27.79,27.88,2569758.0
2023-04-03,27.83,27.86,27.74,27.75,1753502.0
2023-04-04,27.75,27.76,27.6,27.64,2610690.0
2023-04-05,27.65,27.76,27.5901,27.72,2528892.0
2023-04-06,27.79,27.8,27.69,27.74,2156563.0
2023-04-10,27.93,27.98,27.9,27.9,1882512.0
2023-04-11,27.79,27.85,27.7701,27.8,785124.0
2023-04-12,27.65,27.7,27.62,27.65,2645671.0
2023-04-13,27.5,27.5256,27.4608,27.52,2468314.0
2023-04-14,27.57,27.72,27.56,27.68,2777446.0
2023-04-17,27.78,27.86,27.76,27.82,2011699.0
2023-04-18,27.77,27.79,27.72,27.72,1713376.0
2023-04-19,27.76,27.8,27.725,27.78,2011198.0
2023-04-20,27.76,27.78,27.71,27.78,1992418.0
2023-04-21,27.74,27.86,27.73,27.75,1885498.0
2023-04-24,27.71,27.73,27.64,27.66,1424516.0
2023-04-25,27.72,27.815,27.72,27.79,2056509.0
2023-04-26,27.57,27.71,27.56,27.7,2395069.0
2023-04-27,27.77,27.79,27.69,27.71,1971178.0
2023-04-28,27.8,27.836,27.7,27.75,3285777.0
2023-05-01,27.77,27.91,27.765,27.89,3558828.0
2023-05-02,27.93,27.97,27.81,27.82,7964757.0
2023-05-03,27.72,27.74,27.595,27.67,3155002.0
2023-05-04,27.7,27.745,27.65,27.7,3589377.0
2023-05-05,27.75,27.77,27.64,27.66,2238116.0
2023-05-08,27.63,27.71,27.62,27.7,1426673.0
2023-05-09,27.81,27.83,27.755,27.79,1240325.0
2023-05-10,27.71,27.775,27.685,27.74,1378974.0
2023-05-11,27.88,27.94,27.8601,27.92,3647196.0
2023-05-12,27.97,28.1,27.96,28.1,2961147.0
2023-05-15,28.05,28.0699,28.02,28.02,1000257.0
2023-05-16,28.05,28.105,28.0,28.09,2217444.0
2023-05-17,28.15,28.22,28.125,28.14,1376265.0
2023-05-18,28.29,28.37,28.29,28.35,2358149.0
2023-05-19,28.3,28.335,28.21,28.27,1897384.0
2023-05-22,28.29,28.32,28.25,28.29,1093438.0
2023-05-23,28.36,28.395,28.3101,28.37,925510.0
2023-05-24,28.38,28.485,28.375,28.47,2664166.0
2023-05-25,28.54,28.6052,28.54,28.6,2450128.0
2023-05-26,28.56,28.64,28.54,28.59,1989385.0
2023-05-30,28.52,28.59,28.52,28.56,2059022.0
2023-05-31,28.64,28.72,28.59,28.61,1903432.0
2023-06-01,28.56,28.56,27.4,28.27,5617573.0
2023-06-02,28.41,28.5751,28.4,28.57,7704544.0
2023-06-05,28.64,28.65,28.52,28.52,2170560.0
2023-06-06,28.65,28.665,28.59,28.61,704023.0
2023-06-07,28.55,28.629,28.475,28.62,890226.0
2023-06-08,28.49,28.49,28.39,28.39,1922174.0
2023-06-09,28.45,28.49,28.42,28.48,1252134.0
2023-06-12,28.47,28.5399,28.46,28.49,1207567.0
2023-06-13,28.4,28.445,28.36,28.4,2690308.0
2023-06-14,28.29,28.41,28.24,28.26,6221177.0
2023-06-15,28.27,28.27,28.09,28.1,1918361.0
2023-06-16,28.11,28.1901,28.09,28.15,1682422.0
2023-06-20,28.24,28.3,28.225,28.23,1405734.0
2023-06-21,28.26,28.28,28.09,28.1,1237713.0
2023-06-22,28.16,28.22,28.1201,28.2,1311126.0
2023-06-23,28.31,28.39,28.3,28.35,1626922.0
2023-06-26,28.32,28.34,28.2901,28.32,1055888.0
2023-06-27,28.22,28.29,28.2,28.25,1113716.0
2023-06-28,28.37,28.435,28.34,28.38,1333175.0
2023-06-29,28.5,28.525,28.4399,28.5,722610.0
2023-06-30,28.43,28.445,28.35,28.38,1516980.0
2023-07-03,28.42,28.4342,28.35,28.41,847261.0
2023-07-05,28.42,28.54,28.42,28.54,828362.0
2023-07-06,28.47,28.6,28.46,28.47,882768.0
2023-07-07,28.39,28.4,28.2201,28.23,1959493.0
2023-07-10,28.27,28.2885,28.15,28.16,1270726.0
2023-07-11,28.13,28.165,28.07,28.09,2024986.0
2023-07-12,27.89,27.89,27.76,27.76,1288114.0
2023-07-13,27.66,27.67,27.55,27.57,1183679.0
2023-07-14,27.59,27.64,27.5609,27.62,838292.0
2023-07-17,27.65,27.69,27.59,27.59,1196872.0
2023-07-18,27.61,27.67,27.58,27.61,671952.0
2023-07-19,27.71,27.79,27.6803,27.72,1566959.0
2023-07-20,27.79,27.92,27.7799,27.88,2486584.0
2023-07-21,27.94,28.0008,27.935,27.96,2215686.0
2023-07-24,28.03,28.07,27.98,28.06,1487746.0
2023-07-25,28.14,28.14,28.03,28.03,1526189.0
2023-07-26,28.02,28.05,27.92,27.95,1435650.0
2023-07-27,28.1,28.216,28.1,28.21,3183547.0
2023-07-28,28.18,28.1999,28.09,28.17,1144752.0
2023-07-31,28.2,28.24,28.135,28.22,889012.0
2023-08-01,28.34,28.39,28.3025,28.35,1082029.0
2023-08-02,28.4,28.4999,28.4,28.45,727315.0
2023-08-03,28.49,28.505,28.39,28.43,519608.0
2023-08-04,28.26,28.31,28.22,28.29,851820.0
2023-08-07,28.31,28.36,28.29,28.31,348343.0
2023-08-08,28.48,28.53,28.44,28.44,649240.0
2023-08-09,28.43,28.46,28.39,28.46,889064.0
2023-08-10,28.4,28.51,28.33,28.51,1192438.0
2023-08-11,28.54,28.5899,28.49,28.57,1444904.0
2023-08-14,28.71,28.7451,28.5949,28.67,846890.0
2023-08-15,28.61,28.7,28.58,28.68,952914.0
2023-08-16,28.68,28.78,28.65,28.76,1066895.0
2023-08-17,28.67,28.81,28.6644,28.75,686728.0
2023-08-18,28.79,28.8095,28.7338,28.77,677115.0
2023-08-21,28.75,28.79,28.72,28.74,2276655.0
2023-08-22,28.8,28.86,28.79,28.84,649069.0
2023-08-23,28.87,28.8797,28.74,28.74,2112758.0
2023-08-24,28.89,28.97,28.84,28.97,1421041.0
2023-08-25,28.97,29.09,28.89,29.01,2377413.0
2023-08-28,28.99,29.01,28.96,28.96,710662.0
2023-08-29,29.07,29.07,28.79,28.8,2199148.0
2023-08-30,28.71,28.755,28.66,28.75,2983629.0
2023-08-31,28.86,28.92,28.86,28.89,2707844.0
2023-09-01,28.82,29.08,28.81,29.07,1260471.0
2023-09-05,29.16,29.25,29.155,29.22,1215555.0
2023-09-06,29.21,29.29,29.1806,29.23,647568.0
2023-09-07,29.29,29.34,29.2799,29.3,1034581.0
2023-09-08,29.29,29.33,29.208,29.33,1033469.0
2023-09-11,29.2,29.22,29.15,29.19,630468.0
2023-09-12,29.27,29.28,29.21,29.24,1827181.0
2023-09-13,29.23,29.26,29.185,29.26,549401.0
2023-09-14,29.37,29.45,29.33,29.44,1268512.0
2023-09-15,29.42,29.44,29.365,29.42,1295907.0
2023-09-18,29.4,29.44,29.3401,29.37,479566.0
2023-09-19,29.35,29.4,29.33,29.39,366527.0
2023-09-20,29.35,29.455,29.26,29.44,828479.0
2023-09-21,29.5,29.53,29.44,29.46,981559.0
2023-09-22,29.53,29.5552,29.46,29.53,1065162.0
2023-09-25,29.62,29.69,29.6122,29.64,1412582.0
2023-09-26,29.66,29.74,29.65,29.73,1642651.0
2023-09-27,29.8,29.9099,29.79,29.87,1609904.0
2023-09-28,29.76,29.79,29.685,29.71,1106364.0
2023-09-29,29.65,29.75,29.65,29.73,1590281.0
2023-10-02,29.85,29.97,29.85,29.96,3727350.0
2023-10-03,30.0,30.07,29.92,29.99,2486354.0
2023-10-04,29.89,29.98,29.88,29.9,1114855.0
2023-10-05,29.86,29.9,29.8,29.8,1368308.0
2023-10-06,29.91,29.95,29.7001,29.74,1491991.0
2023-10-09,29.82,29.8299,29.73,29.73,1777668.0
2023-10-10,29.71,29.73,29.635,29.66,2275942.0
2023-10-11,29.64,29.74,29.61,29.66,1343605.0
2023-10-12,29.76,29.92,29.76,29.91,1691075.0
2023-10-13,29.91,29.975,29.9,29.93,942234.0
2023-10-16,29.87,29.9199,29.8,29.8,761470.0
2023-10-17,29.88,29.89,29.77,29.81,603386.0
2023-10-18,29.88,29.95,29.86,29.92,799045.0
2023-10-19,29.89,29.91,29.77,29.83,1728957.0
2023-10-20,29.84,29.88,29.82,29.84,769469.0
2023-10-23,29.84,29.87,29.66,29.69,1462923.0
2023-10-24,29.8,29.885,29.79,29.86,1564939.0
2023-10-25,29.94,29.955,29.875,29.94,1347081.0
2023-10-26,29.99,30.065,29.97,30.01,1026392.0
2023-10-27,29.95,30.0,29.915,29.97,1032351.0
2023-10-30,29.92,29.93,29.84,29.85,719486.0
2023-10-31,29.95,30.07,29.9303,30.03,970378.0
2023-11-01,30.13,30.165,30.02,30.04,3264614.0
2023-11-02,29.84,29.9359,29.81,29.89,1849898.0
2023-11-03,29.65,29.6951,29.5548,29.61,3525393.0
2023-11-06,29.59,29.65,29.56,29.64,1530039.0
2023-11-07,29.77,29.7957,29.702,29.74,1004601.0
2023-11-08,29.79,29.8,29.71,29.73,585343.0
2023-11-09,29.74,29.87,29.7,29.86,1062429.0
2023-11-10,29.84,29.89,29.8201,29.84,836205.0
2023-11-13,29.85,29.88,29.7784,29.8,3831765.0
2023-11-14,29.51,29.5159,29.32,29.33,2938464.0
2023-11-15,29.42,29.48,29.3849,29.44,1378304.0
2023-11-16,29.42,29.47,29.345,29.46,790879.0
2023-11-17,29.39,29.415,29.3,29.3,1455137.0
2023-11-20,29.25,29.26,29.1701,29.21,1715388.0
2023-11-21,29.14,29.28,29.1376,29.24,1349738.0
2023-11-22,29.38,29.4399,29.34,29.34,4330287.0
2023-11-24,29.26,29.27,29.2,29.21,983609.0
2023-11-27,29.2,29.23,29.15,29.15,1450441.0
2023-11-28,29.1,29.1253,29.0,29.05,1524057.0
2023-11-29,29.07,29.1152,29.015,29.08,1900390.0
2023-11-30,29.23,29.3,29.1901,29.29,4121136.0
2023-12-01,29.31,29.34,29.1603,29.2,2520384.0
2023-12-04,29.35,29.3899,29.2899,29.33,2271836.0
2023-12-05,29.37,29.4566,29.315,29.44,1836837.0
2023-12-06,29.4,29.51,29.4,29.51,1537544.0
2023-12-07,29.41,29.4301,29.25,29.35,2570373.0
2023-12-08,29.51,29.51,29.39,29.46,1460907.0
2023-12-11,29.52,29.54,29.47,29.5,956184.0
2023-12-12,29.46,29.495,29.41,29.42,1034235.0
2023-12-13,29.4,29.465,29.122,29.17,1509364.0
2023-12-14,28.99,29.0067,28.86,28.9,3746205.0
2023-12-15,29.03,29.11,29.02,29.09,4411503.0
2023-12-18,27.32,27.37,27.31,27.34,1916928.0
2023-12-19,27.27,27.28,27.21,27.22,2544512.0
2023-12-20,27.25,27.35,27.24,27.34,2362532.0
2023-12-21,27.18,27.245,27.16,27.16,1696193.0
2023-12-22,27.11,27.17,27.07,27.15,1511493.0
2023-12-26,27.12,27.13,27.08,27.09,1106196.0
2023-12-27,27.04,27.0414,26.925,26.95,783735.0
2023-12-28,26.98,27.07,26.915,27.04,2087094.0
2023-12-29,27.08,27.1,27.015,27.09,983794.0
2024-01-02,27.29,27.33,27.26,27.32,2109528.0
2024-01-03,27.42,27.4665,27.36,27.41,1222947.0
2024-01-04,27.42,27.4253,27.35,27.41,2839477.0
2024-01-05,27.43,27.4402,27.26,27.41,1082262.0
2024-01-08,27.38,27.39,27.3142,27.36,1193155.0
2024-01-09,27.39,27.48,27.38,27.45,407259.0
2024-01-10,27.44,27.46,27.39,27.4,1514949.0
2024-01-11,27.45,27.52,27.381,27.42,1172983.0
2024-01-12,27.4,27.4599,27.35,27.45,849261.0
2024-01-16,27.63,27.71,27.62,27.69,1061534.0
2024-01-17,27.75,27.79,27.705,27.71,930052.0
2024-01-18,27.75,27.78,27.7334,27.74,2123695.0
2024-01-19,27.74,27.76,27.69,27.7,1116658.0
2024-01-22,27.69,27.725,27.6601,27.71,2171706.0
2024-01-23,27.75,27.8494,27.75,27.78,996905.0
2024-01-24,27.57,27.71,27.56,27.7,851221.0
2024-01-25,27.72,27.83,27.72,27.78,1250926.0
2024-01-26,27.74,27.78,27.7139,27.78,1154743.0
2024-01-29,27.85,27.88,27.765,27.78,1286162.0
2024-01-30,27.76,27.83,27.725,27.76,460552.0
2024-01-31,27.71,27.86,27.65,27.83,3424496.0
2024-02-01,27.81,27.84,27.66,27.69,3755513.0
2024-02-02,27.88,27.97,27.86,27.94,3215974.0
2024-02-05,28.06,28.13,28.055,28.09,3422797.0
2024-02-06,28.1,28.105,28.0,28.01,621898.0
2024-02-07,28.0,28.01,27.955,27.98,849024.0
2024-02-08,28.06,28.08,28.0,28.01,1687052.0
2024-02-09,28.02,28.03,27.98,27.99,1118163.0
2024-02-12,28.03,28.07,28.0,28.02,1127726.0
2024-02-13,28.18,28.26,28.18,28.24,3597018.0
2024-02-14,28.24,28.24,28.17,28.19,3242196.0
2024-02-15,28.11,28.14,28.06,28.08,948915.0
2024-02-16,28.18,28.18,28.07,28.09,643532.0
2024-02-20,28.0,28.06,27.9701,28.05,1142660.0
2024-02-21,28.04,28.08,28.02,28.02,878636.0
2024-02-22,28.06,28.08,28.02,28.02,895293.0
2024-02-23,28.01,28.05,27.995,28.04,538676.0
2024-02-26,27.99,28.02,27.98,27.99,636762.0
2024-02-27,28.01,28.03,27.9701,28.01,1424934.0
2024-02-28,28.05,28.075,28.0201,28.03,502929.0
2024-02-29,28.0,28.12,27.971,28.09,1038652.0
2024-03-01,28.11,28.16,28.03,28.04,779850.0
2024-03-04,28.04,28.05,28.0001,28.04,853208.0
2024-03-05,28.03,28.05,27.96,28.01,1249312.0
2024-03-06,27.95,27.96,27.87,27.91,841596.0
2024-03-07,27.86,27.88,27.765,27.77,1081546.0
2024-03-08,27.71,27.78,27.7,27.78,940132.0
2024-03-11,27.79,27.83,27.78,27.81,541917.0
2024-03-12,27.85,27.9,27.82,27.83,831951.0
2024-03-13,27.81,27.83,27.755,27.8,304718.0
2024-03-14,27.86,27.97,27.855,27.95,1063011.0
2024-03-15,27.99,28.0,27.96,27.98,396554.0
2024-03-18,27.99,28.05,27.99,28.04,659699.0
2024-03-19,28.12,28.14,28.09,28.11,909003.0
2024-03-20,28.19,28.2,27.98,27.98,838039.0
2024-03-21,28.08,28.18,28.065,28.17,719599.0
2024-03-22,28.26,28.32,28.235,28.32,736535.0
2024-03-25,28.25,28.26,28.22,28.25,255255.0
2024-03-26,28.22,28.275,28.21,28.27,245787.0
2024-03-27,28.3,28.3203,28.28,28.29,209610.0
2024-03-28,28.32,28.37,28.3,28.37,392037.0
2024-04-01,28.38,28.51,28.37,28.48,664397.0
2024-04-02,28.46,28.46,28.4043,28.44,582069.0
2024-04-03,28.41,28.42,28.29,28.31,3024930.0
2024-04-04,28.23,28.31,28.22,28.31,1404862.0
2024-04-05,28.41,28.43,28.31,28.34,469217.0
2024-04-08,28.33,28.33,28.2844,28.3,379209.0
2024-04-09,28.23,28.31,28.22,28.29,600372.0
2024-04-10,28.49,28.62,28.49,28.59,1016763.0
2024-04-11,28.56,28.685,28.5567,28.61,1112616.0
2024-04-12,28.82,28.8575,28.8,28.84,620833.0
2024-04-15,28.85,28.895,28.835,28.89,614116.0
2024-04-16,28.89,28.97,28.86,28.93,1490793.0
2024-04-17,28.88,28.9173,28.8,28.84,1293519.0
2024-04-18,28.84,28.9,28.83,28.9,826444.0
2024-04-19,28.84,28.92,28.82,28.9,830956.0
2024-04-22,28.97,28.97,28.8818,28.91,302633.0
2024-04-23,28.88,28.8896,28.76,28.79,780945.0
2024-04-24,28.81,28.8599,28.8,28.82,299693.0
2024-04-25,28.87,28.88,28.75,28.76,639799.0
2024-04-26,28.85,28.95,28.835,28.89,1018623.0
2024-04-29,28.85,28.875,28.745,28.8,783188.0
2024-04-30,28.89,28.98,28.86,28.98,819885.0
2024-05-01,28.97,28.99,28.82,28.95,3025261.0
2024-05-02,28.85,28.885,28.72,28.73,1344691.0
2024-05-03,28.6,28.695,28.55,28.65,856397.0
2024-05-06,28.63,28.69,28.63,28.68,1364984.0
2024-05-07,28.68,28.775,28.665,28.76,450311.0
2024-05-08,28.8,28.819,28.775,28.8,361705.0
2024-05-09,28.78,28.79,28.7,28.7,388386.0
2024-05-10,28.73,28.78,28.7,28.74,406160.0
2024-05-13,28.69,28.75,28.69,28.73,371696.0
2024-05-14,28.69,28.705,28.67,28.67,525190.0
2024-05-15,28.56,28.635,28.49,28.49,705639.0
2024-05-16,28.56,28.585,28.52,28.56,1726931.0
2024-05-17,28.61,28.6197,28.5301,28.56,697983.0
2024-05-20,28.58,28.6,28.57,28.6,295954.0
2024-05-21,28.61,28.63,28.5801,28.6,281187.0
2024-05-22,28.65,28.7099,28.625,28.69,309399.0
2024-05-23,28.63,28.75,28.62,28.75,326271.0
2024-05-24,28.67,28.69,28.63,28.66,253080.0
2024-05-28,28.56,28.64,28.56,28.62,402219.0
2024-05-29,28.7,28.78,28.6801,28.78,383023.0
2024-05-30,28.69,28.7,28.6501,28.69,322379.0
2024-05-31,28.62,28.69,28.59,28.67,797197.0
2024-06-03,28.64,28.655,28.52,28.52,786920.0
2024-06-04,28.58,28.586,28.51,28.53,540299.0
2024-06-05,28.55,28.63,28.5412,28.57,1348637.0
2024-06-06,28.58,28.5969,28.53,28.53,222470.0
2024-06-07,28.72,28.78,28.72,28.77,369520.0
2024-06-10,28.89,28.9,28.83,28.84,752810.0
2024-06-11,28.92,28.93,28.855,28.88,396636.0
2024-06-12,28.63,28.75,28.61,28.75,835249.0
2024-06-13,28.6,28.895,28.57,28.86,2156721.0
2024-06-14,29.03,29.06,28.97,28.99,434485.0
2024-06-17,28.98,29.0089,28.92,28.92,204940.0
2024-06-18,28.95,28.95,28.88,28.91,179569.0
2024-06-20,28.97,29.03,28.96,29.03,346926.0
2024-06-21,29.08,29.1169,29.07,29.1,935054.0
2024-06-24,29.0,29.035,28.975,29.0,1158705.0
2024-06-25,29.06,29.09,29.0201,29.03,872369.0
2024-06-26,29.17,29.2,29.13,29.17,334713.0
2024-06-27,29.09,29.14,29.075,29.13,314458.0
2024-06-28,29.15,29.18,29.1001,29.13,941171.0
2024-07-01,29.08,29.175,29.04,29.14,771107.0
2024-07-02,29.14,29.16,29.085,29.1,544055.0
2024-07-03,29.03,29.03,28.923,28.98,1535735.0
2024-07-05,28.92,28.97,28.88,28.88,969287.0
2024-07-08,28.88,28.94,28.87,28.93,333862.0
2024-07-09,28.95,28.99,28.93,28.97,633241.0
2024-07-10,28.96,28.96,28.935,28.94,929617.0
2024-07-11,28.75,28.805,28.715,28.79,1004773.0
2024-07-12,28.72,28.745,28.6801,28.69,1111371.0
2024-07-15,28.69,28.76,28.68,28.74,1727041.0
2024-07-16,28.8,28.8173,28.74,28.74,382608.0
2024-07-17,28.62,28.65,28.585,28.61,1065906.0
2024-07-18,28.67,28.755,28.66,28.74,1840595.0
2024-07-19,28.78,28.82,28.78,28.82,378043.0
2024-07-22,28.81,28.83,28.8,28.8,1065642.0
2024-07-23,28.85,28.8699,28.83,28.85,358960.0
2024-07-24,28.78,28.84,28.755,28.84,313773.0
2024-07-25,28.84,28.855,28.785,28.84,271992.0
2024-07-26,28.81,28.84,28.8,28.82,230371.0
2024-07-29,28.92,28.9598,28.8901,28.9,1107027.0
2024-07-30,28.95,28.97,28.895,28.92,273794.0
2024-07-31,28.75,28.87,28.735,28.76,533436.0
2024-08-01,28.83,28.89,28.79,28.86,1206473.0
2024-08-02,28.63,28.63,28.54,28.57,1180297.0
2024-08-05,28.32,28.475,28.305,28.41,2084281.0
2024-08-06,28.53,28.5301,28.48,28.5,787289.0
2024-08-07,28.58,28.5919,28.5401,28.56,921977.0
2024-08-08,28.63,28.671,28.5898,28.6,304940.0
2024-08-09,28.58,28.585,28.545,28.57,350507.0
2024-08-12,28.61,28.625,28.57,28.57,181628.0
2024-08-13,28.53,28.5303,28.42,28.42,229367.0
2024-08-14,28.43,28.45,28.35,28.45,615946.0
2024-08-15,28.6,28.6,28.52,28.55,378412.0
2024-08-16,28.48,28.525,28.41,28.41,320239.0
2024-08-19,28.37,28.37,28.26,28.26,4595732.0
2024-08-20,28.21,28.23,28.14,28.16,487190.0
2024-08-21,28.16,28.23,28.0107,28.07,568515.0
2024-08-22,28.12,28.23,28.12,28.2,3506430.0
2024-08-23,28.2,28.21,27.9407,27.96,968469.0
2024-08-26,28.01,28.0399,27.9801,28.02,318322.0
2024-08-27,28.01,28.02,27.93,27.93,1806506.0
2024-08-28,28.09,28.12,28.04,28.09,588164.0
2024-08-29,28.18,28.24,28.16,28.19,1798970.0
2024-08-30,28.25,28.3,28.21,28.27,2138636.0
2024-09-03,28.26,28.35,28.23,28.32,2698746.0
2024-09-04,28.27,28.28,28.165,28.18,738615.0
2024-09-05,28.14,28.21,28.1,28.14,426539.0
2024-09-06,28.17,28.23,28.06,28.18,759092.0
2024-09-09,28.26,28.3,28.2524,28.3,361657.0
2024-09-10,28.32,28.35,28.3,28.31,371574.0
2024-09-11,28.34,28.3547,28.3138,28.34,332837.0
2024-09-12,28.3,28.3225,28.21,28.22,330253.0
2024-09-13,28.14,28.2,28.13,28.18,957334.0
2024-09-16,28.07,28.13,28.0601,28.09,1623776.0
2024-09-17,28.12,28.18,28.12,28.18,455994.0
2024-09-18,28.09,28.225,27.965,28.21,638835.0
2024-09-19,28.18,28.215,28.07,28.09,331089.0
2024-09-20,28.15,28.205,28.1,28.14,370014.0
2024-09-23,28.17,28.2099,28.1395,28.18,310911.0
2024-09-24,28.12,28.16,28.02,28.02,212972.0
2024-09-25,28.02,28.215,28.01,28.21,263300.0
2024-09-26,28.15,28.2,28.07,28.08,389373.0
2024-09-27,28.02,28.105,28.0,28.07,845275.0
2024-09-30,28.07,28.21,28.07,28.18,1322286.0
2024-10-01,28.27,28.35,28.235,28.3,1300157.0
2024-10-02,28.37,28.44,28.37,28.42,814990.0
2024-10-03,28.5,28.565,28.48,28.51,1203662.0
2024-10-04,28.7,28.73,28.661,28.67,456190.0
2024-10-07,28.68,28.7,28.645,28.69,283323.0
2024-10-08,28.66,28.73,28.66,28.69,5172291.0
2024-10-09,28.77,28.82,28.7599,28.82,222301.0
2024-10-10,28.8,28.9,28.7999,28.81,349867.0
2024-10-11,28.82,28.84,28.8,28.83,270167.0
2024-10-14,28.92,28.96,28.88,28.92,1291921.0
2024-10-15,28.87,28.96,28.87,28.94,373803.0
2024-10-16,28.95,29.04,28.94,29.02,191546.0
2024-10-17,29.1,29.11,29.065,29.11,720000.0
2024-10-18,29.03,29.05,29.01,29.03,352866.0
2024-10-21,29.06,29.18,29.0598,29.16,304531.0
2024-10-22,29.17,29.2,29.15,29.19,197570.0
2024-10-23,29.28,29.34,29.28,29.29,1481672.0
2024-10-24,29.23,29.26,29.18,29.18,294386.0
2024-10-25,29.2,29.29,29.195,29.28,211423.0
2024-10-28,29.25,29.3,29.2499,29.28,208687.0
2024-10-29,29.37,29.38,29.27,29.29,423883.0
2024-10-30,29.3,29.31,29.2,29.22,394993.0
2024-10-31,29.18,29.275,29.165,29.2,754366.0
2024-11-01,29.21,29.33,29.2,29.32,591060.0
2024-11-04,29.16,29.21,29.13,29.21,504856.0
2024-11-05,29.13,29.1747,29.0629,29.09,1181641.0
2024-11-06,29.61,29.6247,29.49,29.56,1287589.0
2024-11-07,29.37,29.42,29.29,29.32,1276593.0
2024-11-08,29.44,29.595,29.428,29.52,439944.0
2024-11-11,29.69,29.74,29.68,29.69,1832835.0
2024-11-12,29.8,29.885,29.7901,29.82,1604516.0
2024-11-13,29.83,29.99,29.83,29.99,779129.0
2024-11-14,30.0,30.13,29.95,30.11,678232.0
2024-11-15,30.06,30.105,30.0,30.08,738188.0
2024-11-18,30.01,30.02,29.8946,29.93,1559098.0
2024-11-19,29.91,29.97,29.9,29.92,707377.0
2024-11-20,30.05,30.12,30.0496,30.07,717875.0
2024-11-21,30.06,30.195,29.99,30.17,706186.0
2024-11-22,30.31,30.41,30.2824,30.33,337564.0
2024-11-25,30.06,30.1999,30.05,30.12,1070008.0
2024-11-26,30.13,30.218,30.105,30.16,904919.0
2024-11-27,29.94,30.0,29.845,29.9,780743.0
2024-11-29,29.91,29.9401,29.85,29.85,475175.0
2024-12-02,30.03,30.12,29.9781,30.03,850164.0
2024-12-03,29.95,30.03,29.9401,30.02,375717.0
2024-12-04,30.07,30.095,29.9401,30.01,475107.0
2024-12-05,29.89,29.935,29.8404,29.85,1047045.0
2024-12-06,29.86,29.9862,29.85,29.93,557458.0
2024-12-09,29.9,30.0,29.88,29.98,1351717.0
2024-12-10,30.04,30.12,30.03,30.05,480273.0
2024-12-11,30.09,30.1673,30.0803,30.15,1269362.0
2024-12-12,30.17,30.25,30.1,30.25,815640.0
2024-12-13,30.22,30.2656,30.2148,30.26,1272767.0
2024-12-16,30.25,30.2953,30.185,30.21,1629853.0
2024-12-17,30.23,30.26,30.185,30.24,392138.0
2024-12-18,30.28,30.6299,30.24,30.59,988683.0
2024-12-19,30.57,30.69,30.5525,30.65,715325.0
2024-12-20,30.59,30.5982,30.44,30.5,992302.0
2024-12-23,29.29,29.345,29.2501,29.29,818702.0
2024-12-24,29.3,29.37,29.28,29.37,388592.0
2024-12-26,29.34,29.35,29.2799,29.31,554778.0
2024-12-27,29.26,29.31,29.25,29.26,462204.0
2024-12-30,29.33,29.39,29.29,29.29,775065.0
2024-12-31,29.35,29.455,29.335,29.42,752363.0
2025-01-02,29.51,29.705,29.492,29.67,1397580.0
2025-01-03,29.63,29.68,29.56,29.58,7967970.0
2025-01-06,29.39,29.425,29.3499,29.39,3883286.0
2025-01-07,29.37,29.5,29.36,29.5,1505568.0
2025-01-08,29.65,29.655,29.58,29.61,2158791.0
2025-01-10,29.74,29.815,29.681,29.76,1410004.0
2025-01-13,29.85,29.9,29.82,29.85,1352593.0
2025-01-14,29.76,29.775,29.66,29.66,1161128.0
2025-01-15,29.53,29.6958,29.5,29.61,1056175.0
2025-01-16,29.67,29.71,29.565,29.61,658279.0
2025-01-17,29.69,29.725,29.58,29.72,1072260.0
2025-01-21,29.44,29.475,29.3201,29.34,1743140.0
2025-01-22,29.37,29.4196,29.36,29.39,1497365.0
2025-01-23,29.41,29.49,29.32,29.38,876471.0
2025-01-24,29.24,29.26,29.135,29.2,10044750.0
2025-01-27,29.12,29.22,29.12,29.21,977961.0
2025-01-28,29.32,29.365,29.31,29.33,390113.0
2025-01-29,29.41,29.43,29.34,29.39,1136669.0
2025-01-30,29.3,29.44,29.2801,29.39,897088.0
2025-01-31,29.47,29.52,29.322,29.51,811018.0
2025-02-03,29.73,29.7799,29.54,29.64,2511684.0
2025-02-04,29.49,29.5078,29.37,29.37,1148375.0
2025-02-05,29.26,29.32,29.21,29.32,1628288.0
2025-02-06,29.38,29.4101,29.29,29.3,1254383.0
2025-02-07,29.32,29.49,29.31,29.43,1054527.0
2025-02-10,29.51,29.53,29.47,29.52,754332.0
2025-02-11,29.46,29.48,29.36,29.42,973446.0
2025-02-12,29.49,29.535,29.33,29.44,865744.0
2025-02-13,29.38,29.4,29.17,29.2,1642617.0
2025-02-14,29.08,29.12,29.055,29.12,658593.0
2025-02-18,29.17,29.21,29.1379,29.18,1484882.0
2025-02-19,29.22,29.29,29.19,29.21,518584.0
2025-02-20,29.13,29.135,28.98,28.98,1311329.0
2025-02-21,29.09,29.11,29.035,29.08,680637.0
2025-02-24,29.09,29.125,29.04,29.1,885677.0
2025-02-25,29.03,29.07,28.97,28.99,1099409.0
2025-02-26,29.07,29.1,28.98,29.05,610400.0
2025-02-27,29.22,29.2899,29.19,29.26,1078911.0
2025-02-28,29.3,29.4,29.275,29.39,2018271.0
2025-03-03,29.16,29.18,29.08,29.11,1346663.0
2025-03-04,29.01,29.06,28.845,28.85,971065.0
2025-03-05,28.58,28.6,28.48,28.5,1374192.0
2025-03-06,28.41,28.505,28.35,28.48,575511.0
2025-03-07,28.31,28.43,28.295,28.39,531348.0
2025-03-10,28.36,28.45,28.35,28.41,1299895.0
2025-03-11,28.26,28.31,28.22,28.25,1346953.0
2025-03-12,28.35,28.38,28.265,28.32,408729.0
2025-03-13,28.43,28.44,28.36,28.42,468945.0
2025-03-14,28.37,28.41,28.35,28.39,1693602.0
2025-03-17,28.33,28.34,28.2618,28.28,569874.0
2025-03-18,28.32,28.35,28.24,28.26,457644.0
2025-03-19,28.36,28.4321,28.305,28.33,382645.0
2025-03-20,28.48,28.5,28.41,28.41,765347.0
2025-03-21,28.48,28.53,28.46,28.5,621589.0
2025-03-24,28.5,28.605,28.5,28.55,551009.0
2025-03-25,28.49,28.54,28.4608,28.52,329123.0
2025-03-26,28.6,28.65,28.555,28.65,319076.0
2025-03-27,28.6,28.615,28.51,28.56,618156.0
2025-03-28,28.54,28.56,28.47,28.51,364731.0
2025-03-31,28.51,28.595,28.51,28.54,980881.0
2025-04-01,28.57,28.5977,28.52,28.57,371279.0
2025-04-02,28.49,28.52,28.42,28.45,382753.0
2025-04-03,27.85,28.02,27.785,27.95,5057762.0
2025-04-04,28.04,28.3,28.015,28.26,1486067.0
2025-04-07,28.25,28.42,28.25,28.38,2740472.0
2025-04-08,28.26,28.39,28.195,28.25,491668.0
2025-04-09,27.98,28.34,27.98,28.29,1720938.0
2025-04-10,27.88,27.9,27.6301,27.7,1867585.0
2025-04-11,27.31,27.56,27.29,27.45,1811560.0
2025-04-14,27.48,27.5,27.33,27.36,967979.0
2025-04-15,27.42,27.533,27.39,27.51,757764.0
2025-04-16,27.34,27.37,27.235,27.28,1330531.0
2025-04-17,27.33,27.36,27.27,27.3,499944.0
2025-04-21,27.02,27.08,26.99,27.04,1208917.0
2025-04-22,27.09,27.21,27.055,27.19,2219235.0
2025-04-23,27.28,27.4656,27.25,27.44,3933451.0
2025-04-24,27.32,27.38,27.285,27.32,757110.0
2025-04-25,27.42,27.45,27.35,27.39,680645.0
2025-04-28,27.38,27.385,27.21,27.22,520428.0
2025-04-29,27.25,27.32,27.235,27.31,852381.0
2025-04-30,27.37,27.42,27.33,27.41,829286.0
2025-05-01,27.49,27.63,27.48,27.57,1921407.0
2025-05-02,27.44,27.545,27.36,27.53,1285621.0
2025-05-05,27.39,27.5155,27.39,27.48,617675.0
2025-05-06,27.37,27.4,27.305,27.31,649983.0
2025-05-07,27.39,27.52,27.36,27.51,812228.0
2025-05-08,27.52,27.77,27.51,27.74,869600.0
2025-05-09,27.65,27.6769,27.5901,27.66,1307051.0
2025-05-12,27.975,28.1093,27.95,28.05,1948689.0
2025-05-13,27.94,27.9554,27.81,27.81,736933.0
2025-05-14,27.73,27.87,27.705,27.87,1026587.0
2025-05-15,27.78,27.84,27.75,27.8,850483.0
2025-05-16,27.81,27.9248,27.771,27.88,807779.0
2025-05-19,27.65,27.721,27.64,27.69,894436.0
2025-05-20,27.71,27.71,27.59,27.61,430275.0
2025-05-21,27.48,27.5,27.4,27.49,859200.0
2025-05-22,27.54,27.63,27.53,27.57,656658.0
2025-05-23,27.44,27.4699,27.34,27.37,1261335.0
2025-05-27,27.4,27.52,27.4,27.52,1060546.0
2025-05-28,27.58,27.61,27.525,27.61,801325.0
2025-05-29,27.48,27.5,27.415,27.46,980363.0
2025-05-30,27.51,27.5499,27.44,27.45,1030002.0
2025-06-02,27.33,27.3465,27.2543,27.26,1051213.0
2025-06-03,27.41,27.45,27.38,27.44,1306936.0
2025-06-04,27.37,27.3908,27.2831,27.32,769772.0
2025-06-05,27.2,27.3259,27.195,27.3,1105546.0
2025-06-06,27.47,27.48,27.395,27.44,758375.0
2025-06-09,27.45,27.45,27.37,27.37,604624.0
2025-06-10,27.35,27.43,27.35,27.4,732129.0
2025-06-11,27.35,27.37,27.27,27.3,833495.0
2025-06-12,27.09,27.135,27.06,27.1,1260794.0
2025-06-13,27.27,27.2888,27.1401,27.17,2720948.0
2025-06-16,27.1,27.2,27.05,27.2,1534081.0
2025-06-17,27.19,27.4,27.19,27.38,2361395.0
2025-06-18,27.35,27.445,27.29,27.43,2202591.0
2025-06-20,27.36,27.415,27.333,27.4,1191604.0
2025-06-23,27.52,27.53,27.27,27.29,2885642.0
2025-06-24,27.21,27.2248,27.1,27.15,1538778.0
2025-06-25,27.22,27.22,27.07,27.08,1828565.0
2025-06-26,26.96,27.005,26.9,26.97,1559949.0
2025-06-27,26.99,27.05,26.95,27.02,1373652.0
2025-06-30,27.0,27.0049,26.87,26.88,1023052.0
2025-07-01,26.83,26.91,26.805,26.87,1503867.0
2025-07-02,26.94,26.97,26.85,26.85,774485.0
2025-07-03,26.95,27.0,26.91,26.98,1148886.0
2025-07-07,27.03,27.1399,27.02,27.07,1337763.0
2025-07-08,27.15,27.1899,27.08,27.09,1337321.0
2025-07-09,27.1,27.13,27.08,27.09,703234.0
2025-07-10,27.14,27.21,27.12,27.14,1247288.0
2025-07-11,27.19,27.235,27.155,27.22,597525.0
2025-07-14,27.25,27.3,27.22,27.29,1313450.0
2025-07-15,27.3,27.458,27.2949,27.44,1713345.0
2025-07-16,27.47,27.51,27.1833,27.34,2539602.0
2025-07-17,27.46,27.4899,27.44,27.46,1520159.0
2025-07-18,27.33,27.42,27.31,27.42,910762.0
2025-07-21,27.3,27.32,27.19,27.24,2401320.0
2025-07-22,27.23,27.2478,27.09,27.1,1688577.0
2025-07-23,27.16,27.1776,27.0515,27.06,2129521.0
2025-07-24,27.1,27.135,27.0501,27.13,895141.0
2025-07-25,27.25,27.2752,27.19,27.19,870998.0
2025-07-28,27.4,27.5099,27.3726,27.5,1843222.0
2025-07-29,27.62,27.64,27.55,27.57,1876416.0
2025-07-30,27.76,27.855,27.67,27.84,1900263.0
2025-07-31,27.9,27.9199,27.82,27.9,1316258.0
2025-08-01,27.57,27.66,27.53,27.57,3105636.0
2025-08-04,27.52,27.5755,27.5,27.56,935557.0
2025-08-05,27.59,27.63,27.5247,27.56,1073681.0
2025-08-06,27.47,27.4799,27.3701,27.4,1137477.0
2025-08-07,27.41,27.485,27.38,27.38,1405546.0
2025-08-08,27.42,27.45,27.39,27.43,490936.0
2025-08-11,27.5,27.5566,27.4835,27.54,1225238.0
2025-08-12,27.51,27.51,27.34,27.4,863149.0
2025-08-13,27.33,27.33,27.2732,27.33,962304.0
2025-08-14,27.41,27.47,27.395,27.43,657099.0
2025-08-15,27.34,27.3581,27.305,27.34,660551.0
2025-08-18,27.39,27.44,27.39,27.41,645966.0
2025-08-19,27.42,27.48,27.41,27.48,582282.0
2025-08-20,27.45,27.47,27.42,27.46,658659.0
2025-08-21,27.5,27.6,27.495,27.6,1186365.0
2025-08-22,27.61,27.615,27.285,27.33,1553091.0
2025-08-25,27.39,27.57,27.3646,27.55,791297.0
2025-08-26,27.49,27.5081,27.445,27.48,675492.0
2025-08-27,27.61,27.61,27.47,27.49,524022.0
2025-08-28,27.44,27.4575,27.36,27.39,819406.0
2025-08-29,27.46,27.47,27.37,27.37,661863.0
2025-09-02,27.57,27.57,27.4602,27.55,931749.0
2025-09-03,27.53,27.56,27.46,27.5,577170.0
2025-09-04,27.53,27.59,27.53,27.54,906043.0
2025-09-05,27.38,27.42,27.31,27.4,1127438.0
2025-09-08,27.33,27.3799,27.31,27.31,513891.0
2025-09-09,27.33,27.43,27.292,27.42,385171.0
2025-09-10,27.41,27.45,27.37,27.44,465546.0
2025-09-11,27.41,27.41,27.345,27.35,925975.0
2025-09-12,27.45,27.45,27.375,27.39,1069984.0
2025-09-15,27.34,27.355,27.3,27.3,587211.0
2025-09-16,27.21,27.215,27.105,27.13,875068.0
2025-09-17,27.17,27.23,27.01,27.22,1662187.0
2025-09-18,27.33,27.41,27.3201,27.35,1542066.0
2025-09-19,27.42,27.4366,27.3803,27.43,715361.0
2025-09-22,27.36,27.405,27.33,27.33,805541.0
2025-09-23,27.35,27.37,27.3,27.31,886100.0
2025-09-24,27.49,27.52,27.4741,27.51,802159.0
2025-09-25,27.59,27.72,27.585,27.7,1273581.0
2025-09-26,27.66,27.66,27.59,27.6,605780.0
2025-09-29,27.51,27.5551,27.495,27.54,748837.0
2025-09-30,27.53,27.54,27.4635,27.51,1106837.0
2025-10-01,27.43,27.53,27.415,27.5,1273375.0
2025-10-02,27.48,27.61,27.48,27.54,949498.0
2025-10-03,27.51,27.5265,27.47,27.49,707686.0
2025-10-06,27.66,27.6676,27.59,27.62,967771.0
2025-10-07,27.72,27.78,27.6922,27.78,891043.0
2025-10-08,27.83,27.9,27.81,27.84,937431.0
2025-10-09,27.88,28.0557,27.875,28.03,2422369.0
2025-10-10,28.01,28.01,27.85,27.89,1210550.0
2025-10-13,27.96,27.9999,27.95,27.99,580678.0
2025-10-14,27.98,28.0,27.9,27.91,805525.0
2025-10-15,27.89,27.89,27.8,27.83,1133489.0
2025-10-16,27.79,27.81,27.71,27.72,868094.0
2025-10-17,27.75,27.7958,27.74,27.75,670739.0
2025-10-20,27.78,27.82,27.76,27.82,714542.0
2025-10-21,27.91,27.93,27.8699,27.93,1433428.0
2025-10-22,27.96,27.96,27.8701,27.9,1081101.0
2025-10-23,27.95,27.95,27.91,27.91,501326.0
2025-10-24,27.91,27.955,27.9,27.91,692048.0
2025-10-27,27.89,27.9269,27.875,27.88,818304.0
2025-10-28,27.91,27.9255,27.84,27.86,1573863.0
2025-10-29,27.91,28.06,27.85,28.02,1969089.0
2025-10-30,28.12,28.13,28.075,28.13,1519054.0
2025-10-31,28.16,28.21,28.16,28.21,972814.0
2025-11-03,28.26,28.28,28.1843,28.23,852260.0
2025-11-04,28.31,28.3464,28.282,28.32,1204633.0
2025-11-05,28.35,28.3785,28.32,28.33,1340064.0
2025-11-06,28.24,28.26,28.175,28.18,1293800.0
2025-11-07,28.15,28.1782,28.11,28.16,1150800.0
2025-11-10,28.17,28.215,28.16,28.18,998331.0
2025-11-11,28.1,28.145,28.091,28.14,1384049.0
2025-11-12,28.21,28.22,28.13,28.15,1043867.0
2025-11-13,28.1,28.11,28.02,28.07,1014149.0
2025-11-14,28.07,28.1399,28.0601,28.11,1099343.0
2025-11-17,28.17,28.2,28.15,28.18,1188452.0
2025-11-18,28.18,28.23,28.15,28.21,1428076.0
2025-11-19,28.29,28.4,28.27,28.39,1917150.0
2025-11-20,28.35,28.41,28.3301,28.41,1493080.0
2025-11-21,28.43,28.45,28.373,28.39,1305192.0
2025-11-24,28.38,28.42,28.3736,28.39,995985.0
2025-11-25,28.32,28.3273,28.24,28.31,1281553.0
2025-11-26,28.33,28.33,28.22,28.23,1130525.0
2025-11-28,28.27,28.27,28.18,28.21,1215809.0
2025-12-01,28.12,28.21,28.11,28.2,2996316.0
2025-12-02,28.22,28.25,28.18,28.19,1528463.0
2025-12-03,28.09,28.1,28.02,28.05,1962494.0
2025-12-04,28.02,28.11,28.02,28.11,1479810.0
2025-12-05,28.08,28.1275,28.06,28.08,1639751.0
2025-12-08,28.08,28.16,28.08,28.12,1143415.0
2025-12-09,28.14,28.195,28.13,28.16,1191877.0
2025-12-10,28.16,28.16,27.98,28.01,2309548.0
2025-12-11,27.9,27.935,27.86,27.91,1142963.0
2025-12-12,27.95,27.98,27.925,27.95,1141753.0
2025-12-15,27.91,27.96,27.88,27.93,568375.0
2025-12-16,27.85,27.935,27.81,27.9,881375.0
2025-12-17,27.99,27.99,27.915,27.96,655381.0
2025-12-18,27.93,28.005,27.93,27.98,764295.0
2025-12-19,28.02,28.07,28.01,28.07,553340.0
2025-12-22,27.02,27.0357,26.995,27.03,1148617.0
2025-12-23,26.97,26.99,26.925,26.94,1032808.0
2025-12-24,26.94,26.956,26.93,26.95,699444.0
2025-12-26,26.92,27.0,26.92,26.97,743496.0
2025-12-29,26.96,27.015,26.94,26.98,794822.0
2025-12-30,27.02,27.05,27.0,27.05,627488.0
2025-12-31,27.06,27.11,27.03,27.03,575872.0
2026-01-02,27.08,27.1202,27.035,27.11,2375036.0
2026-01-05,27.17,27.186,27.05,27.07,1632853.0
2026-01-06,27.1,27.1601,27.09,27.16,1253207.0
2026-01-07,27.15,27.2,27.14,27.2,1122926.0
2026-01-08,27.25,27.28,27.22,27.27,591004.0
2026-01-09,27.3,27.355,27.3,27.33,806915.0
2026-01-12,27.25,27.28,27.2202,27.28,991741.0
2026-01-13,27.27,27.365,27.27,27.35,748002.0
2026-01-14,27.31,27.35,27.28,27.33,535720.0
2026-01-15,27.41,27.445,27.39,27.43,700112.0
2026-01-16,27.38,27.45,27.365,27.43,1463106.0
2026-01-20,27.17,27.225,27.15,27.21,931670.0
2026-01-21,27.18,27.295,27.175,27.27,1005429.0
2026-01-22,27.21,27.22,27.1201,27.15,826819.0
2026-01-23,27.13,27.138,26.905,26.91,686353.0
2026-01-26,26.81,26.82,26.7207,26.78,1392548.0
2026-01-27,26.66,26.6685,26.395,26.47,1780762.0
2026-01-28,26.6,26.735,26.561,26.63,2744728.0
2026-01-29,26.57,26.709,26.57,26.59,1592485.0
2026-01-30,26.73,26.85,26.7,26.85,2763763.0
2026-02-02,26.96,27.03,26.912,26.99,2780901.0
2026-02-03,26.98,26.99,26.9,26.92,1164969.0
2026-02-04,26.97,27.025,26.95,27.01,1122413.0
2026-02-05,27.01,27.09,27.0,27.09,1840456.0
2026-02-06,27.02,27.02,26.9701,27.01,1305341.0
2026-02-09,26.81,26.845,26.775,26.79,1345298.0
2026-02-10,26.73,26.81,26.73,26.8,1037913.0
2026-02-11,26.82,26.865,26.7599,26.83,1454386.0
2026-02-12,26.81,26.855,26.7701,26.82,1103152.0
2026-02-13,26.82,26.885,26.8,26.82,840570.0
2026-02-17,26.95,27.01,26.8901,26.91,1048619.0
2026-02-18,26.99,27.08,26.965,27.08,1865715.0
2026-02-19,27.16,27.1694,27.095,27.12,937769.0
2026-02-20,27.14,27.16,27.0383,27.09,1281572.0
2026-02-23,27.07,27.09,27.02,27.09,713807.0
2026-02-24,27.13,27.15,27.085,27.11,817346.0
2026-02-25,27.14,27.14,27.054,27.08,1029118.0
2026-02-26,27.09,27.17,27.0601,27.1,1355076.0
2026-02-27,27.1,27.12,27.05,27.08,1037373.0
2026-03-02,27.32,27.3999,27.275,27.33,3348964.0
2026-03-03,27.54,27.65,27.45,27.46,3237226.0
2026-03-04,27.42,27.455,27.39,27.41,2493262.0
2026-03-05,27.49,27.59,27.475,27.48,4091313.0
2026-03-06,27.57,27.59,27.435,27.47,3315917.0
2026-03-09,27.51,27.59,27.4101,27.46,4290514.0
2026-03-10,27.36,27.475,27.34,27.45,3283509.0
2026-03-11,27.52,27.57,27.465,27.55,3203225.0
2026-03-12,27.63,27.71,27.615,27.68,2316085.0
2026-03-13,27.77,27.91,27.745,27.89,4225696.0
2026-03-16,27.74,27.78,27.68,27.73,7286159.0
2026-03-17,27.67,27.705,27.64,27.68,3599414.0
2026-03-18,27.74,27.85,27.704,27.85,4278505.0
2026-03-19,27.79,27.8101,27.5,27.58,5031416.0
2026-03-20,27.66,27.75,27.655,27.68,4216880.0
2026-03-23,27.6,27.6399,27.48,27.56,4152985.0
2026-03-24,27.66,27.71,27.58,27.65,3132183.0
2026-03-25,27.63,27.715,27.63,27.7,3161360.0
2026-03-26,27.76,27.815,27.72,27.81,2410180.0
2026-03-27,27.83,27.88,27.775,27.84,2421260.0
2026-03-30,27.91,28.0,27.91,27.98,2470839.0
2026-03-31,27.85,27.89,27.7701,27.78,3450272.0
2026-04-01,27.67,27.74,27.625,27.73,4154910.0
2026-04-02,27.85,27.89,27.78,27.86,3579388.0
2026-04-06,27.81,27.87,27.77,27.83,3497244.0
2026-04-07,27.83,27.8401,27.725,27.75,3871922.0
2026-04-08,27.45,27.61,27.45,27.53,5402975.0
2026-04-09,27.51,27.5599,27.44,27.48,3167619.0
2026-04-10,27.42,27.49,27.42,27.44,4866157.0
2026-04-13,27.54,27.54,27.38,27.38,3728946.0
2026-04-14,27.3,27.325,27.27,27.32,4075735.0
2026-04-15,27.31,27.34,27.2801,27.29,1926255.0
2026-04-16,27.34,27.38,27.33,27.37,1324749.0
2026-04-17,27.24,27.36,27.2,27.36,1974665.0
2026-04-20,27.35,27.375,27.3,27.32,1209512.0
2026-04-21,27.35,27.47,27.34,27.47,1641316.0
2026-04-22,27.44,27.49,27.4,27.48,768540.0
2026-04-23,27.53,27.5775,27.465,27.53,830311.0
2026-04-24,27.5,27.525,27.45,27.48,1463799.0
2026-04-27,27.41,27.46,27.39,27.45,1210303.0
2026-04-28,27.53,27.5485,27.49,27.53,3308723.0
2026-04-29,27.56,27.63,27.545,27.61,2659170.0
2026-04-30,27.48,27.495,27.34,27.36,3653131.0
2026-05-01,27.33,27.42,27.26,27.41,2575481.0
2026-05-04,27.43,27.505,27.42,27.48,1855890.0
2026-05-05,27.48,27.5,27.4425,27.5,691858.0
2026-05-06,27.34,27.37,27.32,27.35,2479297.0
2026-05-07,27.32,27.41,27.3,27.41,1528575.0
2026-05-08,27.32,27.351,27.31,27.34,1070318.0
2026-05-11,27.35,27.36,27.33,27.35,959218.0
2026-05-12,27.48,27.505,27.44,27.45,2008038.0
2026-05-13,27.52,27.535,27.5,27.51,2113638.0
2026-05-14,27.55,27.63,27.54,27.62,2309310.0
2026-05-15,27.72,27.77,27.71,27.77,1851111.0
2026-05-18,27.68,27.7301,27.67,27.7,2992076.0
2026-05-19,27.79,27.81,27.7599,27.79,1914825.0
2026-05-20,27.79,27.82,27.67,27.73,2509496.0
2026-05-21,27.8,27.8299,27.7101,27.73,1832406.0
2026-05-22,27.76,27.82,27.75,27.77,2022997.0
2026-05-26,27.75,27.78,27.73,27.75,1929256.0
2026-05-27,27.72,27.79,27.71,27.75,2693276.0
2026-05-28,27.77,27.79,27.69,27.7,2942178.0
2026-05-29,27.71,27.735,27.63,27.66,4610343.0
2026-06-01,27.77,27.83,27.745,27.76,2057423.0
2026-06-02,27.74,27.81,27.74,27.76,2048225.0
2026-06-03,27.86,27.88,27.83,27.86,1725569.0
2026-06-04,27.79,27.85,27.78,27.84,880080.0
2026-06-05,27.92,28.0464,27.9001,28.02,2008928.0
2026-06-08,27.99,28.04,27.97,28.03,2424943.0
2026-06-09,27.96,28.05,27.94,28.01,2008194.0
2026-06-10,27.98,28.05,27.95,28.05,1741950.0
2026-06-11,28.08,28.125,27.915,27.95,2647878.0
2026-06-12,27.96,27.99,27.94,27.95,2225491.0
2026-06-15,27.89,27.97,27.87,27.97,4139451.0
2026-06-16,27.96,27.9699,27.89,27.93,1794332.0
2026-06-17,27.94,28.22,27.935,28.18,2963942.0
2026-06-18,28.23,28.315,28.21,28.3,2055269.0
2026-06-22,28.34,28.37,28.2901,28.36,2516185.0
2026-06-23,28.43,28.48,28.4,28.45,2495031.0
2026-06-24,28.54,28.5599,28.49,28.53,2043804.0
2026-06-25,28.492,28.51,28.44,28.48,2076336.0
2026-06-26,28.39,28.47,28.375,28.46,1893354.0
2026-06-29,28.44,28.44,28.37,28.37,1750462.0
2026-06-30,28.45,28.465,28.375,28.41,1484169.0
2026-07-01,28.48,28.49,28.42,28.49,1996384.0
2026-07-02,28.29,28.345,28.27,28.34,2644879.0
2026-07-06,28.39,28.41,28.31,28.32,2837940.0
2026-07-07,28.34,28.41,28.33,28.4,1901989.0
2026-07-08,28.41,28.46,28.3501,28.36,1338364.0
2026-07-09,28.35,28.37,28.33,28.36,1543385.0
2026-07-10,28.36,28.39,28.3123,28.39,1810549.0
2026-07-13,28.38,28.5,28.3748,28.5,3188051.0
2026-07-14,28.32,28.4,28.29,28.39,2503527.0
2026-07-15,28.37,28.37,28.22,28.25,2209526.0
2026-07-16,28.28,28.35,28.28,28.34,2893845.0
2026-07-17,28.38,28.38,28.325,28.33,1134150.0
2026-07-20,28.38,28.43,28.38,28.39,1898101.0
2026-07-21,28.43,28.48,28.42,28.48,1231367.0
2026-07-22,28.43,28.47,28.43,28.45,1230816.0
2026-07-23,28.54,28.5899,28.525,28.56,1529300.0
2026-07-24,28.58,28.58,28.515,28.58,1113505.0
2026-07-27,28.56,28.6,28.55,28.6,1604410.0
2026-07-28,28.59,28.6,28.515,28.58,1037731.0
2026-07-29,28.57,28.5899,28.3,28.42,2289425.0
2026-07-30,28.36,28.36,28.12,28.14,4811386.0
2026-07-31,28.24,28.31,28.1301,28.17,2731210.0
