time,open,high,low,close,volume
2016-11-30,7.649,9.5549,7.004,9.0275,1247.6656025100003
2016-12-01,9.1124,9.1124,8.3579,8.5982,3251.99547541
2016-12-02,8.5111,8.5111,7.9128,8.2119,4260.38923307
2016-12-03,8.2119,8.46,8.0774,8.1,810.49581715
2016-12-04,8.2,8.4,7.76,7.76,1492.7304733
2016-12-05,7.8947,8.0658,7.6101,7.7836,476.8068305399999
2016-12-06,7.8469,7.89,7.0014,7.3231,2101.99185187
2016-12-07,7.424,7.9799,7.2601,7.8638,513.0614093600001
2016-12-08,7.8959,8.0058,7.6894,7.7923,148.73047129
2016-12-09,7.79,8.01,7.79,7.955,14.957334029999998
2016-12-10,7.974,7.9753,7.6501,7.7133,217.09719795999993
2016-12-11,7.765,8.054,7.72,7.9225,441.2845871699999
2016-12-12,7.9149,7.9865,7.8251,7.9865,925.44230691
2016-12-13,8.077,8.169,7.9298,8.169,274.49501767
2016-12-14,8.17,8.5499,8.118,8.4528,2204.7639383000005
2016-12-15,8.3512,8.4897,8.2667,8.4443,3389.392845720002
2016-12-16,8.4443,8.5117,8.3814,8.5117,601.25480638
2016-12-17,8.4722,8.4722,8.25,8.2648,1595.81862253
2016-12-18,8.4173,8.85,8.399,8.7303,883.7671788
2016-12-19,8.51,8.7234,8.39,8.7234,326.2058439499999
2016-12-20,8.7258,8.7258,8.36,8.39,2368.58405021
2016-12-21,8.3636,8.6344,8.2,8.3111,1989.837134459999
2016-12-22,8.4624,9.47,8.2689,8.9248,1894.5753955300004
2016-12-23,8.909,9.7,8.8888,9.5,2500.5051675299997
2016-12-24,9.55,9.7,9.4436,9.657,405.4335457800001
2016-12-25,9.6171,9.9493,9.2844,9.7,3684.465014849999
2016-12-26,9.7483,10.399,9.7483,10.25,3149.63128739
2016-12-27,10.299,13.0,10.151,12.619,6375.17852283
2016-12-28,12.835,14.75,12.048,14.372,4350.09160548
2016-12-29,14.0,14.358,12.285,13.1,1208.7055163699968
2016-12-30,13.001,13.3,12.1,12.749,627.41589011
2016-12-31,13.0,13.92,12.9,13.486,444.07848425
2017-01-01,13.648,14.1,13.45,13.882,1380.1684534799995
2017-01-02,13.886,17.4,13.777,16.196,6147.678207010001
2017-01-03,16.05,16.953,14.9,15.692,4417.38631634
2017-01-04,16.0,18.4,15.79,18.364,5230.694189799999
2017-01-05,18.071,18.6,14.001,15.8,7068.401810660001
2017-01-06,16.443,16.443,13.364,13.875,5972.1246259599975
2017-01-07,13.843,13.843,12.25,13.0,7695.892395220005
2017-01-08,13.0,13.9,12.842,13.553,1827.1828614099998
2017-01-09,13.403,13.695,12.718,13.694,4429.701551169997
2017-01-10,13.533,13.965,13.339,13.339,1247.0880307900004
2017-01-11,13.315,13.6,11.061,11.686,6521.67213896
2017-01-12,11.378,12.249,11.25,11.843,5781.688564379998
2017-01-13,11.867,12.0,10.932,11.293,4553.540829040002
2017-01-14,11.426,11.699,10.98,11.1,2387.6073055900006
2017-01-15,11.099,11.1,9.9,10.7,5087.918755010002
2017-01-16,10.699,11.0,10.304,10.6,3796.0006787800025
2017-01-17,10.6,15.7,10.5,12.364,13863.90056625
2017-01-18,12.362,12.7,11.6,12.031,1678.395909709999
2017-01-19,12.178,12.351,11.601,12.072,1095.5582076100009
2017-01-20,12.144,12.144,11.8,11.94,3249.634700119999
2017-01-21,11.93,12.274,11.874,12.11,6992.539702079999
2017-01-22,12.11,12.21,11.712,12.159,7753.4193154899995
2017-01-23,12.125,12.251,12.0,12.121,638.0009293200002
2017-01-24,12.083,12.21,11.671,11.713,16619.162682049988
2017-01-25,11.794,11.905,11.342,11.764,4766.129826310004
2017-01-26,11.781,12.147,11.621,11.855,773.7397108000016
2017-01-27,11.956,12.19,11.569,12.19,4245.767759699999
2017-01-28,12.2,13.079,12.2,12.9,18700.593978460016
2017-01-29,12.893,13.195,12.473,12.59,3183.4590240700004
2017-01-30,12.594,12.842,12.437,12.686,2348.7141640499995
2017-01-31,12.653,13.226,12.653,12.973,6325.867971489992
2017-02-01,12.903,13.2,12.845,13.2,6493.931343329999
2017-02-02,13.089,13.399,13.068,13.18,9499.922786709998
2017-02-03,13.06,13.109,12.011,12.695,5465.593126559992
2017-02-04,12.692,13.0,12.3,12.551,3700.1528235899987
2017-02-05,12.608,12.89,12.55,12.55,1464.5521722300002
2017-02-06,12.5,12.73,12.35,12.7,1245.54062784
2017-02-07,12.655,13.069,12.45,12.604,4264.788762809999
2017-02-08,12.64,12.779,12.3,12.71,3306.9780926000003
2017-02-09,12.629,12.83,11.71,11.802,4113.281789899999
2017-02-10,12.099,12.182,11.855,12.108,6189.88197594
2017-02-11,12.123,12.322,12.085,12.25,803.5722043799998
2017-02-12,12.253,12.368,12.157,12.276,704.5888014200002
2017-02-13,12.195,12.387,12.118,12.265,853.10964037
2017-02-14,12.239,13.255,12.142,13.085,4388.758575549998
2017-02-15,13.103,13.848,12.939,13.6,6706.076538039994
2017-02-16,13.6,13.6,12.93,13.206,7143.736671900001
2017-02-17,13.217,13.471,13.122,13.471,1058.41663097
2017-02-18,13.471,13.696,13.2,13.37,2876.96803121
2017-02-19,13.45,13.45,13.1,13.1,513.3914789
2017-02-20,13.05,13.05,11.481,12.3,13163.645523130017
2017-02-21,12.3,12.551,12.01,12.519,6472.26057764997
2017-02-22,12.411,12.96,12.2,12.84,3074.0778504900004
2017-02-23,12.771,13.1,12.71,12.953,3638.5751532199893
2017-02-24,13.05,13.14,11.61,12.085,28730.58790496016
2017-02-25,12.1,12.25,11.761,11.849,4050.215518910002
2017-02-26,11.888,12.21,11.771,11.96,2068.630583299999
2017-02-27,11.99,12.228,11.99,12.037,2878.36196503
2017-02-28,12.009,12.374,11.65,12.358,10141.523075839998
2017-03-01,12.303,13.02,12.1,12.451,37005.49727112001
2017-03-02,12.35,13.471,12.17,13.114,10238.203474240008
2017-03-03,13.05,14.688,12.9,14.054,27440.619735960023
2017-03-04,13.807,14.3,13.27,13.68,6759.03254607
2017-03-05,13.762,15.748,13.762,15.251,6136.847804189994
2017-03-06,15.185,15.866,14.92,15.4,5682.775761089998
2017-03-07,15.4,15.4,13.584,13.65,7770.869314099994
2017-03-08,13.654,13.798,12.51,12.51,6170.17764315999
2017-03-09,12.5,13.684,12.4,13.045,9367.864536520006
2017-03-10,13.047,13.54,12.25,13.19,23600.169360150026
2017-03-11,13.025,14.7,12.946,14.7,10776.620654890006
2017-03-12,14.691,17.026,14.4,16.574,21521.812332919977
2017-03-13,16.85,19.357,16.633,18.188,19475.609839539993
2017-03-14,18.19,18.499,17.132,17.766,18319.02781548002
2017-03-15,17.837,19.834,17.41,19.067,24762.368615290037
2017-03-16,19.09,23.0,18.538,22.165,50763.30198848993
2017-03-17,22.178,25.849,20.001,21.846,78782.55341286985
2017-03-18,21.791,21.879,18.122,19.893,43421.88861148994
2017-03-19,20.043,24.369,20.043,22.7,32976.11263493999
2017-03-20,22.813,24.465,22.1,22.4,15407.972803139975
2017-03-21,22.3,22.961,20.662,21.247,48462.410712389894
2017-03-22,21.27,22.247,20.196,21.14,26766.82282598
2017-03-23,21.241,22.452,20.5,21.7,11307.216629879986
2017-03-24,21.671,23.9,20.66,21.609,33725.02023097998
2017-03-25,21.16,22.0,19.7,20.0,26334.165370040002
2017-03-26,20.121,20.746,19.1,19.546,13061.545462059992
2017-03-27,19.455,19.999,17.5,19.236,23889.747015450008
2017-03-28,19.26,20.21,17.835,19.597,18890.28210453001
2017-03-29,19.6,21.369,19.175,20.945,18612.108047229918
2017-03-30,20.912,21.24,19.807,19.895,11870.117252230017
2017-03-31,19.882,20.775,19.435,20.211,18154.689589220012
2017-04-01,20.096,21.5,19.001,21.5,18615.52016338995
2017-04-02,21.061,21.253,19.668,19.816,15718.323619239982
2017-04-03,19.884,21.011,19.5,20.2,13325.873017230026
2017-04-04,20.111,20.8,19.761,20.306,11562.137320889971
2017-04-05,20.326,20.52,19.695,19.769,16395.911874040004
2017-04-06,19.735,20.211,18.59,19.383,24959.974617549953
2017-04-07,19.344,20.344,19.205,19.7,6452.110059380009
2017-04-08,19.738,21.556,19.417,21.082,9862.034506870014
2017-04-09,21.005,21.584,19.97,21.061,11202.034891970014
2017-04-10,21.311,22.8,21.089,22.307,15629.859456730002
2017-04-11,22.447,22.516,21.537,21.788,8863.719139730001
2017-04-12,21.74,22.71,21.561,22.25,11155.165962219997
2017-04-13,22.142,22.487,21.534,21.809,8964.337679080001
2017-04-14,21.751,22.293,20.04,21.25,19529.39581481003
2017-04-15,21.1,21.5,20.84,20.951,11620.186245080004
2017-04-16,21.067,21.107,20.642,20.916,6165.024410180003
2017-04-17,20.8,22.0,20.8,21.15,23535.319133800043
2017-04-18,21.121,21.992,21.017,21.946,11377.131434140005
2017-04-19,21.945,21.945,21.16,21.165,10971.773286310008
2017-04-20,21.417,22.0,21.0,21.0,13614.083054639976
2017-04-21,21.0,21.789,20.8,21.76,23828.06126037009
2017-04-22,21.76,21.984,21.332,21.875,11879.18683197004
2017-04-23,21.852,22.01,21.519,21.82,14179.559885049988
2017-04-24,21.801,22.05,21.05,21.057,17598.074553270006
2017-04-25,21.217,21.804,21.05,21.351,3540.3641962700003
2017-04-26,21.351,21.63,20.402,21.179,16260.775721519987
2017-04-27,21.179,23.846,21.014,23.05,66522.60606154003
2017-04-28,23.586,24.2,22.805,24.123,48212.43267651
2017-04-29,23.987,25.018,23.75,24.538,22516.292487680013
2017-04-30,24.538,26.312,24.5,25.25,34471.879166029925
2017-05-01,25.25,25.8,23.651,24.632,41486.8620473899
2017-05-02,24.523,25.08,23.89,24.775,19458.649393809967
2017-05-03,24.829,27.537,24.429,27.413,38339.05913423997
2017-05-04,27.483,27.96,25.403,27.3,59745.25434701996
2017-05-05,27.3,31.44,24.9,28.5,74939.74164851988
2017-05-06,28.59,30.4,27.501,29.219,25901.208184489955
2017-05-07,29.106,35.447,28.639,33.786,63863.117577230005
2017-05-08,33.969,35.9,29.064,30.25,65951.21122457992
2017-05-09,30.399,31.478,26.666,28.661,36659.68761742989
2017-05-10,28.66,31.498,28.012,30.454,22029.778988030026
2017-05-11,30.49,30.689,29.336,29.981,15105.019749590045
2017-05-12,30.291,30.8,29.007,29.181,10852.730084230005
2017-05-13,29.093,29.409,27.826,29.186,13716.643257990007
2017-05-14,29.21,29.696,28.073,28.9,3362.953789730003
2017-05-15,28.898,29.037,27.779,28.513,7121.768936170001
2017-05-16,28.265,28.265,26.561,26.784,6026.950440129998
2017-05-17,27.165,28.673,26.0,27.835,7078.789850829997
2017-05-18,27.854,31.812,27.799,31.041,24799.7552981099
2017-05-19,31.263,32.473,31.0,31.897,13874.111868719969
2017-05-20,31.995,37.45,31.273,35.719,40037.41796191986
2017-05-21,35.282,36.528,32.472,34.648,27715.39141320991
2017-05-22,34.648,40.877,33.002,36.165,62130.3498221702
2017-05-23,36.166,56.933,35.85,55.5,45288.27514552926
2017-05-24,56.447,58.485,40.68,45.0,79486.38078456
2017-05-25,44.106,49.0,36.011,39.974,51321.78541095978
2017-05-26,39.657,42.999,34.451,37.3,32665.135655739963
2017-05-27,37.268,39.455,27.527,32.439,49988.51704247009
2017-05-28,32.499,38.0,32.05,34.945,17313.700937999958
2017-05-29,35.214,43.0,34.037,39.967,32443.458624949963
2017-05-30,40.013,45.0,38.702,39.295,30644.978291759962
2017-05-31,39.156,42.272,37.038,40.456,22307.945143399986
2017-06-01,40.488,44.398,40.391,42.112,12058.97217307996
2017-06-02,41.873,43.137,41.084,42.492,6817.555505600001
2017-06-03,42.899,43.212,40.893,40.893,5604.693738869999
2017-06-04,41.125,42.769,40.5,42.161,13356.876299880008
2017-06-05,42.476,47.999,42.268,47.587,27449.557386600012
2017-06-06,47.303,54.553,45.128,54.553,46720.60303534001
2017-06-07,54.544,61.638,51.5,52.083,69176.1254253902
2017-06-08,52.019,56.105,50.305,55.75,19372.628055149966
2017-06-09,55.843,57.1,54.961,55.449,11096.054327579997
2017-06-10,55.643,56.101,50.51,50.601,20493.287306159964
2017-06-11,51.155,58.14,50.6,58.14,28512.16148752002
2017-06-12,58.14,59.43,16.0,49.001,110772.11244609072
2017-06-13,49.0,52.5,48.041,51.653,18247.064247519866
2017-06-14,51.363,52.519,43.0,45.0,33694.40052997995
2017-06-15,45.129,46.206,37.406,45.5,19892.43319121006
2017-06-16,45.022,47.6,43.213,47.031,8545.960190769994
2017-06-17,47.04,52.899,46.032,52.609,16190.632494059977
2017-06-18,52.007,53.549,47.679,49.556,9999.246484580002
2017-06-19,49.256,51.459,49.0,50.269,6013.515804230001
2017-06-20,50.269,53.285,50.269,51.157,10300.059842320003
2017-06-21,51.401,52.44,46.419,48.476,13258.743666639995
2017-06-22,48.543,50.4,47.552,49.97,4355.105478989998
2017-06-23,49.97,52.0,49.491,51.5,5736.964356729995
2017-06-24,51.1,51.1,46.0,46.997,11781.631360040003
2017-06-25,46.405,47.901,42.596,44.694,13316.61032927997
2017-06-26,44.502,46.809,38.501,43.107,21290.735622590022
2017-06-27,42.888,44.0,36.61,43.429,19799.93903043005
2017-06-28,43.423,46.72,41.4,46.714,10777.451027680016
2017-06-29,46.391,47.265,43.291,44.287,10199.640981949991
2017-06-30,44.553,45.126,42.931,43.17,5428.990384579998
2017-07-01,43.264,43.487,38.665,40.145,12712.040293950015
2017-07-02,40.046,42.281,39.266,41.724,4797.04036845
2017-07-03,41.817,44.186,41.024,43.958,10322.00640271
2017-07-04,43.935,45.646,43.362,45.3,9655.829472960007
2017-07-05,45.324,46.5,44.183,45.996,8686.630828270036
2017-07-06,46.0,50.242,45.862,50.233,18871.646571550027
2017-07-07,50.231,50.52,43.5,43.953,20720.61503940995
2017-07-08,43.752,46.141,41.5,46.141,13297.288454500014
2017-07-09,46.021,46.948,44.251,44.709,6577.634484720019
2017-07-10,44.606,44.82,38.02,39.6,11413.504264589994
2017-07-11,40.291,41.0,35.01,36.696,19001.034409600015
2017-07-12,36.696,44.659,35.034,40.276,24892.580699709873
2017-07-13,40.247,40.5,36.889,37.921,9302.50180846
2017-07-14,37.62,38.208,34.08,35.532,10321.04478611
2017-07-15,35.462,35.462,31.31,31.835,11486.84628772
2017-07-16,31.96,32.714,28.0,29.4,29254.26464532
2017-07-17,29.542,34.99,29.262,34.569,17180.83536873
2017-07-18,34.85,37.789,32.682,36.66,12349.79040626
2017-07-19,36.661,37.6,33.985,34.784,7399.87542294
2017-07-20,34.78,41.02,34.492,39.736,17794.27540226
2017-07-21,40.428,41.724,39.459,40.352,9526.24933364
2017-07-22,40.35,44.99,40.0,44.986,11595.89655464
2017-07-23,44.982,44.99,41.418,42.564,10418.99580767
2017-07-24,42.452,45.9,41.507,45.83,8641.54572863
2017-07-25,45.829,46.0,38.071,40.949,11616.51628312
2017-07-26,40.95,48.5,38.454,45.431,32226.95927478
2017-07-27,46.0,47.713,43.526,45.233,23812.45217513
2017-07-28,45.578,45.927,41.558,44.01,13651.88846074
2017-07-29,43.678,44.374,42.107,43.664,3764.50425758
2017-07-30,43.684,43.916,39.539,39.781,12567.41092744
2017-07-31,39.76,40.991,38.998,39.977,7875.82914237
2017-08-01,39.954,45.4,39.6,44.448,16944.81900855
2017-08-02,44.399,44.449,42.549,44.1,5205.9746440300005
2017-08-03,43.804,44.4,43.019,43.67,5002.06677981
2017-08-04,43.62,45.45,43.022,45.289,4964.13004111
2017-08-05,45.29,49.99,45.29,48.693,22374.54390771
2017-08-06,48.723,49.99,47.285,47.856,7920.33329794
2017-08-07,47.8,50.5,47.313,50.5,10059.92652331
2017-08-08,50.398,53.0,49.75,52.116,13058.70990151
2017-08-09,51.769,53.43,48.596,51.065,14547.38775931
2017-08-10,51.066,51.304,49.183,49.183,9085.47277432
2017-08-11,49.28,51.59,48.603,50.335,7365.4112241
2017-08-12,50.572,51.58,45.51,49.383,12715.55547667
2017-08-13,49.586,50.138,45.0,48.0,17096.55462778
2017-08-14,47.839,49.967,46.03,49.96,12897.5079902
2017-08-15,49.885,50.35,45.0,48.638,21649.17953247
2017-08-16,49.023,49.199,47.0,48.703,7804.92212567
2017-08-17,48.704,49.47,46.812,47.17,10443.45285689
2017-08-18,47.568,49.12,45.5,46.601,13103.01229715
2017-08-19,46.684,58.499,46.678,55.781,47696.3317114
2017-08-20,55.5,56.824,51.9,54.766,17457.96303419
2017-08-21,54.781,99.0,52.504,77.84,253867.02113279
2017-08-22,77.839,96.675,71.253,90.539,175674.96918024
2017-08-23,90.799,100.39,85.0,90.333,133138.11672966
2017-08-24,90.249,94.0,79.01,86.27,92769.4057342
2017-08-25,85.971,109.75,85.0,107.68,129821.57975794
2017-08-26,107.68,148.9,103.88,137.56,302673.46094499
2017-08-27,137.57,139.45,124.0,130.66,86528.70028107
2017-08-28,130.3,154.99,127.79,144.9,197189.7521918
2017-08-29,144.51,147.0,127.0,133.0,81751.76295093
2017-08-30,133.04,137.78,122.11,133.5,62338.08376137
2017-08-31,133.62,143.92,132.18,140.96,54728.83780237
2017-09-01,141.0,153.5,135.5,143.21,89310.90065709
2017-09-02,143.15,143.15,118.45,123.31,81977.61684287
2017-09-03,123.31,130.16,110.99,126.04,81324.1824863
2017-09-04,126.14,126.49,99.995,104.65,103702.88438272
2017-09-05,104.68,122.0,94.1,118.72,94477.88651525
2017-09-06,118.73,124.59,113.7,122.0,45135.36955271
2017-09-07,122.0,124.6,116.4,121.69,37664.04410166
2017-09-08,121.59,135.81,110.5,117.19,81170.82597974
2017-09-09,117.37,119.19,111.33,116.42,29578.17109577
2017-09-10,116.01,117.34,103.0,112.58,52355.29222366
2017-09-11,112.58,116.1,109.07,112.2,19859.83610641
2017-09-12,112.19,116.49,108.15,112.19,39361.94198328
2017-09-13,111.65,112.51,101.06,110.38,64711.72411904
2017-09-14,110.0,119.9,85.01,85.533,101676.22575671
2017-09-15,85.989,104.99,61.5,100.06,141732.168538
2017-09-16,99.853,105.0,92.061,96.0,32254.2331133
2017-09-17,96.0,97.141,89.002,93.815,24028.06965344
2017-09-18,94.359,103.31,93.838,101.57,48865.25332749
2017-09-19,101.62,102.63,93.632,97.863,22695.26123009
2017-09-20,98.053,98.605,92.369,95.233,19442.67758881
2017-09-21,95.226,96.25,84.001,85.9,24341.69117824
2017-09-22,85.921,89.881,83.869,87.385,13412.92440927
2017-09-23,87.477,92.48,86.46,91.874,16793.53779499
2017-09-24,91.874,91.874,87.42,89.05,13238.04369635
2017-09-25,89.106,95.0,89.0,94.007,25486.39334448
2017-09-26,94.135,95.817,91.59,93.502,16582.417692940002
2017-09-27,93.682,105.0,93.131,102.18,47708.023091330004
2017-09-28,102.29,102.89,95.887,98.0,32611.90653801
2017-09-29,98.536,98.987,91.23,94.673,32857.9083141
2017-09-30,94.33,97.001,94.209,96.058,11990.10316938
2017-10-01,96.059,96.471,91.665,93.649,13318.501748
2017-10-02,93.238,94.329,90.836,91.375,16455.4482059
2017-10-03,91.535,95.298,87.0,93.263,33302.79347018
2017-10-04,92.842,93.624,88.26,89.878,22938.98002326
2017-10-05,90.306,92.452,86.968,91.483,15095.67689444
2017-10-06,91.484,93.0,90.399,90.795,10978.38558436
2017-10-07,90.801,92.629,88.616,91.638,11628.44679794
2017-10-08,91.592,92.439,89.75,90.082,12207.77962127
2017-10-09,89.812,90.211,82.056,85.371,25385.64152124
2017-10-10,85.445,88.487,84.0,86.473,15175.52848164
2017-10-11,86.88,88.557,85.701,87.773,10227.20774301
2017-10-12,87.576,89.898,85.277,86.791,19883.61078468
2017-10-13,86.904,98.087,85.012,95.027,83706.93257165
2017-10-14,94.479,103.54,93.5,100.0,37067.8043031
2017-10-15,100.01,101.3,91.246,95.082,38725.92423161
2017-10-16,95.308,98.702,92.877,95.653,17814.03699341
2017-10-17,95.8,97.993,90.13,91.231,29010.50733808
2017-10-18,91.0,91.386,85.801,89.204,25714.139890809998
2017-10-19,89.197,92.59,87.491,88.419,19634.09170999
2017-10-20,88.36,93.239,88.0,89.901,21308.22324855
2017-10-21,89.892,89.976,82.1,87.797,22748.51354637
2017-10-22,87.843,89.246,84.856,86.429,21629.09140187
2017-10-23,86.592,87.1,81.516,85.478,25250.0929498
2017-10-24,85.275,92.078,81.799,88.298,36864.17947724
2017-10-25,88.155,95.0,85.11,87.269,56890.54152551
2017-10-26,87.494,89.947,86.855,88.164,9099.61417461
2017-10-27,88.629,89.0,86.0,86.116,17621.8305228
2017-10-28,86.9,87.5,84.854,85.535,10962.10522058
2017-10-29,85.764,91.322,85.456,88.501,20058.47838433
2017-10-30,88.501,90.998,87.904,88.744,15944.95646014
2017-10-31,88.872,89.48,87.285,87.6,15123.5837246
2017-11-01,87.556,88.19,84.352,85.183,23754.5953759
2017-11-02,85.186,86.88,78.62,83.209,56452.06719964
2017-11-03,83.196,90.0,82.871,87.732,47081.28915948
2017-11-04,87.336,88.489,85.01,87.01,22932.70307179
2017-11-05,87.416,88.3,85.44,85.896,15200.38695089
2017-11-06,86.02,101.74,85.323,101.56,150530.08078582
2017-11-07,101.47,104.03,93.01,98.49,125466.3904503
2017-11-08,98.512,116.5,98.0,112.4,109040.17998417
2017-11-09,112.96,123.23,110.17,121.64,87129.40503349
2017-11-10,120.78,121.87,100.01,104.64,108092.37000051
2017-11-11,104.64,128.0,100.42,118.65,142693.67237599
2017-11-12,118.62,138.0,108.0,124.0,169309.92810677
2017-11-13,124.0,134.87,116.22,122.07,90551.97228355
2017-11-14,122.06,123.08,116.05,121.0,32799.63542642
2017-11-15,121.22,123.95,117.01,120.23,43523.71985836
2017-11-16,120.46,128.37,118.13,120.22,62475.51824518
2017-11-17,120.24,126.5,118.53,126.18,44595.21330606
2017-11-18,126.5,134.83,122.64,130.81,57440.23644328
2017-11-19,130.45,133.81,126.93,129.7,33451.39198983
2017-11-20,129.58,142.5,127.99,136.5,55850.35265005
2017-11-21,136.59,143.49,127.72,141.84,72540.54234071
2017-11-22,141.85,173.4,136.26,165.41,181752.13747055
2017-11-23,165.43,173.88,154.61,157.01,101667.32263904
2017-11-24,157.0,162.7,153.23,158.33,49718.62977711
2017-11-25,158.36,171.0,157.8,167.83,65974.24461532
2017-11-26,168.22,168.51,157.76,162.73,43222.52905136
2017-11-27,162.33,173.19,157.89,172.86,64873.34999332
2017-11-28,172.86,197.0,170.03,196.99,153370.58714847
2017-11-29,197.0,208.2,149.97,167.23,203764.86837148
2017-11-30,167.81,189.84,150.06,174.98,119309.12348272
2017-12-01,174.39,189.85,165.2,188.95,45835.88847322
2017-12-02,188.5,204.37,182.08,200.41,58782.39217149
2017-12-03,200.9,207.49,182.1,196.0,104322.95339102
2017-12-04,196.0,210.0,186.0,209.0,53956.69021228
2017-12-05,208.99,248.5,206.6,247.01,185517.75354784
2017-12-06,247.22,296.0,212.0,251.0,213277.8484108
2017-12-07,250.46,277.9,233.0,256.63,130623.08061807
2017-12-08,256.7,267.0,232.64,261.51,80640.62989278
2017-12-09,261.68,272.26,241.0,255.43,95240.79073784
2017-12-10,254.08,254.86,215.0,240.81,94851.97850781
2017-12-11,240.79,277.57,238.51,277.57,79039.45528778
2017-12-12,277.73,320.0,275.02,305.0,162791.44841144
2017-12-13,304.99,331.5,271.49,298.67,140682.33801625
2017-12-14,298.67,332.5,292.0,319.0,107550.86748521
2017-12-15,319.0,319.08,280.75,309.2,55813.91367538
2017-12-16,310.16,333.73,307.71,323.04,70804.81033963
2017-12-17,323.0,359.7,318.3,345.33,127845.7964552
2017-12-18,345.32,376.99,321.0,372.9,74580.9043903
2017-12-19,373.14,394.23,328.0,355.4,153876.06553778
2017-12-20,355.37,477.0,316.42,470.99,149024.95517414
2017-12-21,470.99,473.9,375.78,420.37,110399.80321615
2017-12-22,420.27,424.74,151.26,315.05,164376.15844719
2017-12-23,315.05,380.99,305.59,342.54,61857.55677725
2017-12-24,342.46,354.5,278.02,329.99,74551.55232803
2017-12-25,329.94,349.0,310.14,332.53,36459.9060169
2017-12-26,334.35,362.68,330.0,357.09,46625.11010648
2017-12-27,357.1,409.81,341.65,376.1,73080.97658549
2017-12-28,374.85,376.56,320.0,349.01,50600.37498455
2017-12-29,349.91,368.69,333.16,348.0,49115.72457881
2017-12-30,348.16,352.27,286.24,303.16,50743.37926488
2017-12-31,302.32,340.14,298.72,330.48,21965.02568983
2018-01-01,330.4,347.57,316.06,337.35,23179.85827695
2018-01-02,338.45,370.52,320.0,364.23,69192.53215781
2018-01-03,365.16,390.0,359.01,386.0,45182.37902053
2018-01-04,385.38,389.44,352.29,372.5,48177.2146078
2018-01-05,372.5,377.3,340.03,357.62,52505.26174241
2018-01-06,356.43,395.49,350.08,392.63,69331.3292162
2018-01-07,392.97,420.0,391.0,399.53,74333.2186445
2018-01-08,399.79,406.23,350.0,400.87,62860.32030452
2018-01-09,400.87,448.54,392.02,410.0,110904.26101073
2018-01-10,409.87,417.36,360.41,402.85,86320.08280131
2018-01-11,403.41,417.72,340.0,352.38,57975.5489136
2018-01-12,352.67,392.0,340.0,388.21,34837.71696435
2018-01-13,388.2,428.68,385.27,415.95,58722.35341608
2018-01-14,415.49,434.99,373.04,392.81,38559.18211161
2018-01-15,392.61,449.18,381.58,412.64,59300.65002846
2018-01-16,412.66,417.55,255.66,310.06,116331.6213117
2018-01-17,310.09,325.0,236.55,318.9,75738.92454578
2018-01-18,318.88,345.95,297.79,306.63,48651.18047826
2018-01-19,306.57,366.65,300.96,362.84,73287.06761192
2018-01-20,362.84,407.09,353.59,382.79,67636.55153812
2018-01-21,382.2,388.98,328.29,346.21,36485.47758286
2018-01-22,347.67,354.97,285.0,313.86,50724.42408427
2018-01-23,314.42,322.38,283.65,306.24,54193.88464776
2018-01-24,307.31,324.7,296.66,319.53,19694.38886241
2018-01-25,318.95,326.23,305.02,315.4,17693.69405169
2018-01-26,315.47,329.0,288.32,321.93,27611.25345133
2018-01-27,322.85,334.84,308.74,323.03,18346.57592783
2018-01-28,323.23,340.91,321.49,334.66,22718.41437957
2018-01-29,334.61,339.51,310.73,314.13,14150.13771002
2018-01-30,315.08,316.06,267.51,275.8,37255.99779415
2018-01-31,276.17,284.17,265.5,274.04,17408.41839648
2018-02-01,274.52,278.87,232.26,242.2,28933.74488723
2018-02-02,242.37,300.0,190.0,236.86,74198.70872534
2018-02-03,237.75,258.95,213.45,252.01,19387.82801251
2018-02-04,252.35,257.8,211.37,219.65,21323.26643973
2018-02-05,219.0,222.27,165.84,180.14,58218.30645301
2018-02-06,180.16,212.95,150.0,209.4,60946.16417313
2018-02-07,209.4,231.52,189.26,206.39,44673.02151378
2018-02-08,205.49,255.41,205.49,246.31,29236.85886134
2018-02-09,246.37,258.74,230.37,257.7,27675.35740328
2018-02-10,257.54,269.12,240.0,246.11,28090.51938659
2018-02-11,246.24,246.24,216.24,227.07,23370.68898772
2018-02-12,228.61,252.39,227.85,246.33,10788.21956376
2018-02-13,247.01,248.55,228.0,232.91,12721.56779264
2018-02-14,232.91,274.99,232.91,274.74,38665.91511223
2018-02-15,273.94,299.99,261.86,294.15,37047.17340665
2018-02-16,294.17,298.07,274.63,292.89,24851.29283508
2018-02-17,292.37,330.0,289.13,320.41,35952.18153392
2018-02-18,320.0,323.17,286.2,293.34,22347.54648695
2018-02-19,293.33,317.81,291.49,313.18,16984.30160896
2018-02-20,314.0,318.89,296.17,298.46,17299.43814
2018-02-21,298.15,330.0,280.82,305.9,58744.91300583
2018-02-22,307.87,316.6,271.47,273.49,48328.14869542
2018-02-23,273.8,293.99,262.11,278.23,33563.85826719
2018-02-24,277.1,288.6,257.49,266.84,21718.29949718
2018-02-25,266.12,278.73,260.66,276.17,9137.76436972
2018-02-26,276.12,296.69,264.81,291.43,19956.41588358
2018-02-27,291.17,308.78,284.51,299.43,22035.95844515
2018-02-28,299.84,308.0,281.3,283.55,12567.69061487
2018-03-01,284.16,314.86,281.38,311.95,17039.7215152
2018-03-02,311.87,352.7,306.09,342.8,80670.91917963
2018-03-03,342.8,373.82,341.1,348.94,80811.9138567
2018-03-04,348.46,369.51,335.0,368.17,48174.72148631
2018-03-05,367.98,379.9,355.0,368.85,49238.98849049
2018-03-06,368.38,369.02,337.45,343.72,38723.09162245
2018-03-07,342.86,362.2,315.17,335.84,78303.12178704
2018-03-08,335.85,335.85,272.45,275.0,75268.57801762
2018-03-09,275.0,285.2,239.24,284.44,116199.29722461
2018-03-10,284.44,293.54,250.52,253.81,57875.16042025
2018-03-11,253.15,286.15,241.85,279.9,49024.36519191
2018-03-12,280.52,286.52,247.75,256.88,38490.01061064
2018-03-13,257.36,266.75,243.15,246.63,48875.59955989
2018-03-14,247.0,251.28,204.76,213.73,51862.12789319
2018-03-15,213.65,224.71,195.16,211.74,57675.49311165
2018-03-16,211.21,222.0,202.02,215.0,44403.99043517
2018-03-17,213.85,215.78,191.17,195.88,31490.17381047
2018-03-18,195.18,209.34,173.42,208.63,55598.15785735
2018-03-19,209.24,222.63,200.59,217.11,40218.19769053
2018-03-20,216.59,232.6,204.81,223.28,33138.37199553
2018-03-21,223.06,235.96,211.82,217.42,33938.4989901
2018-03-22,216.9,223.45,202.12,210.98,26367.28977152
2018-03-23,210.99,215.29,196.63,214.42,26046.20237615
2018-03-24,214.44,216.5,205.57,206.21,12284.76802816
2018-03-25,206.41,213.9,201.11,209.86,12983.03491589
2018-03-26,210.68,211.64,186.82,195.26,20289.48147562
2018-03-27,195.47,197.23,182.79,186.6,23470.18063788
2018-03-28,186.63,205.11,184.56,198.41,24094.47794986
2018-03-29,198.65,200.5,173.0,175.44,39855.59546277
2018-03-30,175.44,180.78,161.11,171.67,37713.83203409
2018-03-31,172.21,182.0,170.5,177.89,15049.08044654
2018-04-01,178.36,181.88,162.86,174.52,24222.37598481
2018-04-02,174.54,180.86,172.46,176.33,12839.11729879
2018-04-03,176.33,191.49,176.33,188.0,20910.3435522
2018-04-04,187.92,188.56,167.01,169.1,22710.73376139
2018-04-05,169.23,174.3,163.5,171.8,20947.98632351
2018-04-06,172.38,175.23,161.1,161.4,14735.79274974
2018-04-07,161.2,173.92,161.1,168.62,11768.05308251
2018-04-08,169.02,174.84,167.93,174.07,8225.78441514
2018-04-09,174.06,180.17,162.2,166.19,19700.20171116
2018-04-10,166.19,167.84,163.2,165.65,8609.68311606
2018-04-11,165.58,169.84,163.61,169.11,28479.28753813
2018-04-12,169.11,196.24,165.05,192.22,47184.45585439
2018-04-13,193.11,201.74,184.43,188.51,36480.97152617
2018-04-14,189.07,198.0,187.28,190.25,11107.1315424
2018-04-15,190.3,205.0,190.3,200.96,28543.91214992
2018-04-16,200.94,203.4,188.2,193.99,19248.98236781
2018-04-17,194.03,202.49,192.95,195.1,17847.39248197
2018-04-18,195.02,233.97,194.48,228.62,81158.88459788
2018-04-19,228.62,239.5,225.0,237.7,46948.9717412
2018-04-20,237.7,273.73,237.7,271.87,50272.80170955
2018-04-21,272.7,272.7,238.1,255.65,30240.10137751
2018-04-22,255.86,283.99,248.37,268.69,35305.60489617
2018-04-23,268.35,287.86,268.15,283.02,28300.95679664
2018-04-24,283.02,299.0,278.72,292.56,40219.18759924
2018-04-25,292.45,292.45,246.79,255.98,64197.22839227
2018-04-26,256.2,276.7,247.61,267.96,31939.79423357
2018-04-27,267.56,268.58,249.76,251.1,27516.44739153
2018-04-28,251.1,265.13,249.44,261.48,25919.09840352
2018-04-29,260.99,264.32,241.82,255.81,29460.4169214
2018-04-30,256.0,259.82,235.5,241.77,38122.56900577
2018-05-01,241.7,242.03,227.78,239.3,25319.49635781
2018-05-02,239.31,253.91,238.03,249.92,32211.36477776
2018-05-03,249.94,258.5,242.0,246.29,56683.03978875
2018-05-04,246.2,250.0,236.68,242.29,34286.2957796
2018-05-05,241.95,248.39,239.97,241.11,23183.24150306
2018-05-06,241.03,243.68,232.0,235.71,21810.10516082
2018-05-07,236.04,236.47,221.01,232.94,22919.84319524
2018-05-08,232.86,235.19,219.19,222.49,16359.67380711
2018-05-09,222.52,233.73,215.59,227.05,21986.14408842
2018-05-10,227.14,233.92,216.25,216.88,22817.11975743
2018-05-11,216.88,216.88,195.95,196.74,44885.44831304
2018-05-12,197.04,205.0,190.25,200.66,29008.40350397
2018-05-13,201.07,212.81,201.07,207.0,21082.21811357
2018-05-14,207.0,217.88,194.9,212.85,32361.67662982
2018-05-15,212.91,219.18,200.54,202.56,27927.50568455
2018-05-16,202.78,203.38,192.0,198.76,13659.04388714
2018-05-17,198.76,203.62,189.83,190.48,11970.77094848
2018-05-18,190.18,213.27,185.24,203.49,44329.29332782
2018-05-19,203.48,203.83,196.23,197.73,8942.07137071
2018-05-20,197.34,206.56,196.02,203.68,13219.2989427
2018-05-21,203.6,204.53,194.1,198.01,6927.41974911
2018-05-22,198.09,198.28,174.62,174.66,33220.2631766
2018-05-23,174.98,179.34,165.04,170.96,31175.16366675
2018-05-24,170.97,177.3,160.43,171.17,33846.34754895
2018-05-25,171.87,173.98,161.55,164.51,10244.9923896
2018-05-26,164.45,169.21,162.43,164.94,7766.41562817
2018-05-27,164.94,171.2,160.49,166.2,11579.94722057
2018-05-28,166.15,168.09,148.31,148.9,22412.396156580002
2018-05-29,148.89,166.96,145.81,157.01,56349.67383118
2018-05-30,157.01,161.0,151.9,154.48,10669.86149795
2018-05-31,154.49,159.3,153.91,155.14,12443.04116177
2018-06-01,155.22,158.59,152.67,157.51,8518.27294745
2018-06-02,157.52,167.98,155.94,162.63,21556.62732785
2018-06-03,162.3,177.78,162.29,168.77,24657.67060488
2018-06-04,168.97,170.29,156.92,159.48,12528.96679307
2018-06-05,159.68,169.67,156.4,167.12,17341.62775334
2018-06-06,167.23,168.17,160.51,164.56,13014.36525381
2018-06-07,164.56,171.21,162.53,163.8,15494.9703012
2018-06-08,163.79,165.68,156.29,158.3,15490.27779832
2018-06-09,158.3,160.26,153.62,154.42,7130.4230793
2018-06-10,154.01,154.4,130.79,139.34,47314.8219411
2018-06-11,139.34,139.83,131.32,137.6,11140.61782976
2018-06-12,137.6,137.99,119.32,124.83,28550.46197999
2018-06-13,124.9,126.0,102.0,121.78,59700.94505581
2018-06-14,121.76,133.9,118.01,132.38,52055.33059463
2018-06-15,132.85,133.29,121.02,121.73,21938.17889956
2018-06-16,121.8,128.2,119.48,126.17,23598.37525159
2018-06-17,126.36,126.83,122.39,123.19,6632.41082072
2018-06-18,123.2,129.41,118.8,127.0,18871.79888779
2018-06-19,127.0,130.93,123.74,126.11,17067.78275125
2018-06-20,126.11,126.2,119.26,122.57,13262.02684911
2018-06-21,122.41,124.52,120.85,123.49,7223.80102625
2018-06-22,123.31,123.74,106.3,109.99,35958.35596194
2018-06-23,110.25,170.0,109.65,114.65,26884.9093582
2018-06-24,114.66,125.57,107.14,120.79,30908.12479056
2018-06-25,121.24,129.78,120.2,126.81,21608.32335376
2018-06-26,126.81,130.0,119.36,119.9,18896.45738638
2018-06-27,119.89,131.09,118.56,128.64,26061.24461022
2018-06-28,128.63,135.0,113.54,116.42,49006.28773664
2018-06-29,116.42,128.12,114.29,126.45,23498.36792254
2018-06-30,126.5,140.0,124.47,130.83,53352.36984248
2018-07-01,130.82,134.26,124.7,129.9,23329.02725395
2018-07-02,130.18,144.19,125.58,140.5,42491.82581783
2018-07-03,140.74,144.0,135.82,138.36,27821.31722855
2018-07-04,138.63,146.11,136.48,138.48,15258.82989863
2018-07-05,138.76,140.93,133.59,137.67,27607.25526154
2018-07-06,137.67,138.54,130.22,133.22,15955.68215752
2018-07-07,133.37,135.07,128.88,133.89,8148.86514019
2018-07-08,133.89,139.28,133.45,137.62,13500.48712608
2018-07-09,137.57,141.73,134.47,135.0,15438.0731129
2018-07-10,135.0,136.74,83.51,120.6,36934.35460652
2018-07-11,120.87,137.16,120.67,124.8,36275.34606778
2018-07-12,124.79,125.58,116.25,120.33,18212.78445381
2018-07-13,120.63,125.8,112.68,121.64,16278.54598631
2018-07-14,121.64,124.7,120.42,122.79,3920.10766233
2018-07-15,122.78,126.31,118.28,123.63,12728.89725673
2018-07-16,124.01,136.4,122.63,135.59,24091.87694397
2018-07-17,135.59,148.95,134.79,143.9,27698.86292533
2018-07-18,143.89,150.0,137.47,139.87,17209.9463857
2018-07-19,139.53,144.06,138.14,139.35,8375.84361027
2018-07-20,139.25,140.0,127.1,130.05,28140.95400319
2018-07-21,129.96,133.1,127.04,132.3,5153.20155815
2018-07-22,132.1,133.77,128.0,128.18,7872.22612999
2018-07-23,128.18,143.44,127.72,133.3,33881.62529521
2018-07-24,133.49,149.5,133.0,147.94,33880.81017678
2018-07-25,147.46,149.7,138.44,143.4,20125.42393565
2018-07-26,143.5,145.22,135.71,136.6,11362.47768911
2018-07-27,136.74,142.88,134.77,140.28,6180.90658801
2018-07-28,140.28,142.77,138.15,140.12,6232.45988728
2018-07-29,140.22,142.48,134.06,135.81,6967.10457547
2018-07-30,135.75,136.65,128.57,132.12,8721.78571742
2018-07-31,131.78,134.78,121.21,122.05,15629.81157663
2018-08-01,122.01,130.42,119.64,128.2,16256.41013517
2018-08-02,128.2,131.03,120.14,122.4,9639.15370133
2018-08-03,122.09,122.64,114.76,120.2,11079.64158802
2018-08-04,119.97,121.73,112.77,113.78,11479.05584248
2018-08-05,113.94,118.04,111.54,117.57,7375.46117304
2018-08-06,117.48,121.64,112.0,113.35,8246.18120484
2018-08-07,113.17,118.02,107.09,107.82,15524.44373992
2018-08-08,107.59,107.62,92.923,94.639,34936.4656717
2018-08-09,94.63,102.37,94.317,100.09,17450.49358274
2018-08-10,100.13,100.99,90.1,91.541,17276.69724835
2018-08-11,91.542,97.0,87.023,92.88,40218.776847940004
2018-08-12,92.979,95.643,91.045,92.977,10335.17748742
2018-08-13,93.028,97.968,87.49,87.691,15188.36481943
2018-08-14,87.602,87.602,76.074,84.207,39238.36382912
2018-08-15,84.212,94.182,84.212,89.308,24302.69707817
2018-08-16,89.09,93.089,85.598,91.531,13823.39955975
2018-08-17,91.155,101.78,90.664,99.505,20385.91029536
2018-08-18,99.505,109.22,94.31,98.049,28988.34606366
2018-08-19,97.97,99.493,94.341,98.636,7903.12749604
2018-08-20,98.536,102.6,92.3,92.502,16704.86494557
2018-08-21,92.379,97.119,91.49,94.742,6228.72420102
2018-08-22,94.685,98.799,87.382,89.56,16820.95502221
2018-08-23,89.573,91.596,88.397,90.168,4968.84574361
2018-08-24,89.979,94.299,88.348,93.753,7771.41176178
2018-08-25,93.49,97.306,91.825,92.638,10104.68206552
2018-08-26,92.42,94.978,90.07,94.832,6325.90638808
2018-08-27,94.941,106.46,93.349,105.29,18729.65818745
2018-08-28,105.12,108.22,102.33,107.56,16419.25009936
2018-08-29,107.73,108.88,100.59,103.52,10670.5130373
2018-08-30,103.56,106.46,97.0,103.27,18471.49130086
2018-08-31,103.26,118.46,102.64,116.07,62857.0072326
2018-09-01,116.21,124.9,115.37,121.03,65728.5812605
2018-09-02,121.1,126.14,116.44,120.0,39237.08359067
2018-09-03,119.99,137.49,118.87,134.87,64716.23910398
2018-09-04,134.81,142.71,134.28,138.16,62874.79438433
2018-09-05,138.18,140.0,113.05,115.14,96293.41547268
2018-09-06,114.95,118.49,107.97,117.32,62980.87415976
2018-09-07,117.47,119.87,109.9,110.69,27147.31732746
2018-09-08,110.69,114.87,101.0,103.8,34221.94676822
2018-09-09,103.81,111.02,100.5,105.02,25557.54772287
2018-09-10,105.13,109.55,103.17,105.95,13714.32582827
2018-09-11,105.59,109.04,101.1,105.12,21021.67436267
2018-09-12,105.12,105.98,96.39,104.2,26405.35954866
2018-09-13,104.21,116.88,104.21,112.15,41200.92921656
2018-09-14,112.32,117.66,108.88,116.61,31106.81247581
2018-09-15,116.68,122.6,115.72,118.92,26770.58952029
2018-09-16,118.92,119.01,112.97,117.18,18152.7061651
2018-09-17,116.98,120.47,106.1,106.1,42887.30744797
2018-09-18,106.1,113.25,103.19,112.01,24469.90635276
2018-09-19,111.62,112.79,104.09,109.57,16162.7499258
2018-09-20,109.68,116.51,109.38,115.79,17349.87001652
2018-09-21,115.8,125.0,115.77,124.49,32989.70290275
2018-09-22,124.47,126.18,118.68,122.39,19217.53032204
2018-09-23,122.53,128.65,120.46,122.49,18616.86600433
2018-09-24,122.26,123.31,114.2,115.03,21923.86217622
2018-09-25,115.03,116.87,110.85,116.8,18687.60994962
2018-09-26,116.8,117.86,112.12,115.06,13075.26770465
2018-09-27,115.11,121.88,112.91,119.11,20473.88414918
2018-09-28,119.11,122.14,115.15,117.16,16597.01274841
2018-09-29,117.16,117.89,107.8,114.59,31787.43967074
2018-09-30,114.42,117.0,113.76,115.82,7111.19228734
2018-10-01,115.82,117.4,112.55,114.48,11592.45871509
2018-10-02,114.71,120.61,112.13,116.81,20810.9258265
2018-10-03,116.29,117.8,111.0,114.5,17558.37554057
2018-10-04,114.51,116.96,113.4,114.66,7777.61407098
2018-10-05,114.71,115.77,113.55,115.56,12072.88683764
2018-10-06,115.54,115.98,113.4,115.13,8054.53331454
2018-10-07,115.23,115.44,112.0,113.71,7821.79604914
2018-10-08,113.72,115.99,112.93,114.45,7212.63660883
2018-10-09,114.42,115.09,113.0,113.79,7512.39166375
2018-10-10,113.92,115.45,111.48,115.05,9262.65779937
2018-10-11,115.1,115.45,100.74,100.91,25852.31854016
2018-10-12,100.73,105.23,100.01,101.78,6731.39852886
2018-10-13,101.55,104.36,101.42,103.92,9193.06362994
2018-10-14,104.04,104.97,101.19,101.43,6221.61210258
2018-10-15,101.41,124.99,100.75,109.93,41720.63672928
2018-10-16,109.93,112.44,108.14,111.63,4677.95627792
2018-10-17,111.71,112.07,107.71,109.61,7961.46760538
2018-10-18,109.53,110.51,104.12,105.54,6399.4222036
2018-10-19,105.57,107.82,104.86,105.4,4753.04341342
2018-10-20,105.2,107.58,105.06,106.03,4346.09146254
2018-10-21,106.0,108.67,105.89,106.83,5879.96398828
2018-10-22,107.07,108.04,106.15,107.8,4180.82276892
2018-10-23,107.94,112.35,107.29,110.19,14589.19539062
2018-10-24,110.18,111.24,108.22,108.29,6906.30266552
2018-10-25,108.3,108.5,106.58,107.83,5781.11001381
2018-10-26,107.79,108.01,105.94,106.25,10440.52778635
2018-10-27,106.25,106.33,104.23,104.71,3856.31643203
2018-10-28,104.66,105.99,102.71,105.42,4452.49710776
2018-10-29,105.26,105.51,101.14,101.91,7698.181709
2018-10-30,101.87,103.75,101.87,103.47,3228.05775594
2018-10-31,103.42,106.52,102.92,105.37,8545.77855371
2018-11-01,105.36,105.5,102.96,104.94,5666.64443678
2018-11-02,104.94,107.78,104.37,106.8,7435.80099103
2018-11-03,106.79,108.19,104.86,107.31,9368.26900605
2018-11-04,107.38,113.91,105.65,113.04,12994.14598746
2018-11-05,113.21,114.17,110.25,112.62,9325.926153
2018-11-06,112.63,114.84,111.08,113.91,18946.23994128
2018-11-07,113.92,114.73,110.06,112.4,11074.10225014
2018-11-08,112.38,112.98,108.69,109.23,13478.40766097
2018-11-09,109.19,109.56,106.0,107.8,10305.43727631
2018-11-10,107.79,107.81,104.0,105.53,9008.60101036
2018-11-11,105.36,107.5,102.6,107.43,10782.95857522
2018-11-12,107.39,108.19,106.07,106.66,6458.52030217
2018-11-13,106.5,107.78,105.38,106.69,6306.98184865
2018-11-14,106.74,106.76,85.039,93.294,43618.0265406
2018-11-15,93.676,94.895,81.721,90.224,45264.84350505
2018-11-16,89.981,90.364,87.274,88.08,14323.60867069
2018-11-17,88.068,89.989,85.972,89.24,14405.11490321
2018-11-18,89.24,93.102,88.767,90.0,27985.41378705
2018-11-19,90.188,90.328,73.128,73.578,48809.34266666
2018-11-20,73.603,76.827,64.525,68.099,76498.04461191
2018-11-21,68.031,71.932,65.291,69.889,30467.82481654
2018-11-22,69.682,71.914,65.501,65.854,19329.62411988
2018-11-23,65.892,68.657,63.0,68.075,29324.33098232
2018-11-24,68.009,70.796,59.0,59.349,33542.472491219996
2018-11-25,59.35,60.889,54.081,58.981,54916.38225483
2018-11-26,59.128,61.117,53.162,54.44,36806.88111473
2018-11-27,54.437,59.981,53.1,58.407,26711.21579391
2018-11-28,58.432,66.479,58.087,64.188,29078.91581627
2018-11-29,64.446,65.646,59.349,61.743,19695.080780880002
2018-11-30,61.997,62.724,55.934,58.632,13779.72213407
2018-12-01,58.423,62.013,57.127,60.333,19922.1700925
2018-12-02,60.221,62.988,58.31,59.387,10887.86154149
2018-12-03,59.679,59.931,53.523,54.987,20884.44028139
2018-12-04,54.882,60.147,53.695,57.483,16786.52355209
2018-12-05,57.442,57.8,52.0,52.04,14525.29992404
2018-12-06,52.049,54.182,46.556,46.807,37107.34666878
2018-12-07,46.807,49.0,43.06,47.3,52410.80587017
2018-12-08,47.314,49.956,43.44,45.829,28421.69383193
2018-12-09,45.749,50.222,43.5,48.194,20056.4725457
2018-12-10,48.174,48.98,44.378,44.949,23800.79479549
2018-12-11,44.981,45.132,42.418,42.852,20974.50785259
2018-12-12,42.807,45.826,42.491,44.653,14476.75349903
2018-12-13,44.562,44.703,41.0,41.532,26621.53059867
2018-12-14,41.623,43.415,39.012,39.373,28022.37403668
2018-12-15,39.371,40.311,38.5,39.523,21356.60723157
2018-12-16,39.48,41.63,39.378,39.815,29152.40766605
2018-12-17,39.814,46.2,39.639,44.74,33596.76378871
2018-12-18,44.715,49.118,43.629,47.818,30375.78649091
2018-12-19,47.87,51.863,46.366,46.852,44327.72213515
2018-12-20,46.767,56.68,46.452,56.418,51204.34670196
2018-12-21,56.312,57.174,51.493,53.136,40138.4622038
2018-12-22,52.938,53.998,51.0,53.179,26379.07234928
2018-12-23,53.213,56.5,52.967,54.105,27268.8069572
2018-12-24,54.154,60.05,54.045,56.95,37128.69545326
2018-12-25,56.977,57.288,49.115,51.88,39425.84017674
2018-12-26,51.966,53.661,47.983,50.472,31765.47808674
2018-12-27,50.358,50.415,44.225,45.021,22397.58175312
2018-12-28,45.17,53.226,44.563,51.29,27419.30892997
2018-12-29,51.29,51.848,48.652,48.733,20862.52811603
2018-12-30,48.878,50.284,48.203,49.66,19950.47183931
2018-12-31,49.816,49.834,45.795,47.164,14170.62182421
2019-01-01,47.171,49.834,46.382,49.708,12898.19525219
2019-01-02,49.707,55.285,49.15,53.91,36994.88842069
2019-01-03,53.996,54.217,50.643,50.9,15426.11890304
2019-01-04,50.945,52.312,50.3,51.889,19103.61098787
2019-01-05,51.766,53.133,50.558,50.663,20812.07615664
2019-01-06,50.583,56.531,50.346,56.321,23438.73211217
2019-01-07,56.329,57.0,53.71,54.151,18333.58825223
2019-01-08,54.189,56.272,53.385,54.059,12574.41983943
2019-01-09,54.053,55.88,52.5,53.326,16031.97641748
2019-01-10,53.331,54.601,44.278,45.798,69521.70108658
2019-01-11,45.882,47.317,45.306,46.106,20081.48284916
2019-01-12,46.163,46.3,44.635,45.541,15171.25246825
2019-01-13,45.556,46.095,43.008,43.5,13738.86766301
2019-01-14,43.513,47.723,43.465,46.645,17220.90514653
2019-01-15,46.588,47.685,44.355,45.356,16994.36613053
2019-01-16,45.346,46.706,44.975,46.557,11280.34292399
2019-01-17,46.557,46.924,44.572,46.126,17401.68653648
2019-01-18,46.146,46.263,44.964,45.317,11403.41348162
2019-01-19,45.346,47.6,45.344,46.717,10765.23546324
2019-01-20,46.638,46.971,43.39,44.01,13636.77343324
2019-01-21,44.011,44.898,43.56,44.638,15430.57127775
2019-01-22,44.655,47.07,44.362,46.477,15325.66832097
2019-01-23,46.538,46.744,45.011,45.394,14320.03748564
2019-01-24,45.398,47.831,45.231,46.47,16938.22034743
2019-01-25,46.638,47.593,45.54,47.388,12674.39580951
2019-01-26,47.388,47.66,46.113,46.153,5404.15239029
2019-01-27,46.228,47.039,45.231,46.8,8011.2260763799995
2019-01-28,46.852,46.994,43.58,44.12,21054.95286108
2019-01-29,43.985,44.757,43.117,43.844,11947.33195978
2019-01-30,43.831,45.503,43.204,44.82,7789.04304203
2019-01-31,44.82,45.388,43.74,44.224,4908.77446243
2019-02-01,44.224,44.95,43.232,44.332,5359.72413588
2019-02-02,44.3,44.437,42.081,43.903,20493.50949565
2019-02-03,43.984,44.575,42.787,43.502,18285.48116201
2019-02-04,43.463,43.68,42.509,43.134,5159.59620764
2019-02-05,43.135,44.171,43.029,43.844,8652.92564967
2019-02-06,43.844,43.999,42.548,43.705,12486.11955315
2019-02-07,43.688,44.369,43.193,43.711,11511.35576307
2019-02-08,43.712,50.69,43.669,48.958,30922.339031479998
2019-02-09,48.911,49.674,48.448,49.082,8506.69751454
2019-02-10,49.083,50.571,47.457,50.57,10354.8105506
2019-02-11,50.55,50.586,47.605,48.68,16642.36736984
2019-02-12,48.608,50.226,47.755,49.721,6449.24541776
2019-02-13,49.68,51.4,49.419,49.65,19970.68751163
2019-02-14,49.62,50.146,46.41,47.25,26922.46772698
2019-02-15,47.242,49.247,47.0,47.873,12840.19983225
2019-02-16,47.977,49.341,47.324,47.324,5679.84355297
2019-02-17,47.333,49.013,47.263,48.658,8966.12033048
2019-02-18,48.659,52.885,48.503,52.176,18992.09821535
2019-02-19,52.18,54.29,51.749,52.581,22335.05080359
2019-02-20,52.465,53.413,50.861,52.656,20623.53153968
2019-02-21,52.651,52.683,50.163,50.523,9241.71401557
2019-02-22,50.523,52.73,50.523,52.632,6220.24400305
2019-02-23,52.644,55.623,51.545,54.991,20679.40420246
2019-02-24,54.994,56.8,48.175,48.212,38022.88304841
2019-02-25,48.247,49.998,48.244,49.606,9588.04693493
2019-02-26,49.587,49.651,48.562,49.1,7708.10115539
2019-02-27,49.066,49.82,48.211,49.82,11113.21850135
2019-02-28,49.886,50.446,48.71,48.824,11423.27626938
2019-03-01,48.812,49.909,48.528,49.44,4286.37536848
2019-03-02,49.434,49.738,48.49,49.659,5147.87227806
2019-03-03,49.692,50.0,49.142,49.797,3152.08542715
2019-03-04,49.849,50.461,47.08,48.094,16039.45624998
2019-03-05,48.094,50.7,47.598,50.161,9903.08757204
2019-03-06,50.279,50.816,49.521,50.8,4859.37163635
2019-03-07,50.758,52.276,50.75,50.922,14534.99241312
2019-03-08,50.922,51.438,48.791,49.79,12067.94995034
2019-03-09,49.79,51.373,49.53,50.502,10173.80919281
2019-03-10,50.621,50.767,49.98,50.658,2308.75793943
2019-03-11,50.716,50.716,48.806,50.192,8614.32829623
2019-03-12,50.286,51.173,49.006,51.05,6579.67588058
2019-03-13,51.05,52.132,50.613,51.549,9575.23971619
2019-03-14,51.451,52.9,50.074,51.96,11896.5070727
2019-03-15,51.886,53.273,51.698,53.108,8665.78305539
2019-03-16,53.109,55.539,53.109,54.55,10510.50793381
2019-03-17,54.534,54.534,52.511,53.569,8547.074772940001
2019-03-18,53.581,54.161,52.369,53.066,7560.69188857
2019-03-19,52.794,54.56,52.753,54.086,12411.93464496
2019-03-20,54.106,55.75,53.339,55.259,11919.26351279
2019-03-21,55.373,55.373,52.069,53.18,10140.72825417
2019-03-22,53.067,53.882,52.66,53.492,5527.06753592
2019-03-23,53.506,54.0,52.761,53.405,2113.41555854
2019-03-24,53.397,53.615,52.907,53.352,3067.67816993
2019-03-25,53.352,53.581,50.656,51.689,7562.21901852
2019-03-26,51.668,52.483,50.373,52.448,9407.59048733
2019-03-27,52.423,54.32,52.282,54.19,8262.9653179
2019-03-28,54.167,54.185,53.019,53.555,8992.29640775
2019-03-29,53.577,55.419,53.06,54.56,14927.42701461
2019-03-30,54.574,54.99,53.9,54.296,6810.22929297
2019-03-31,54.313,57.954,53.804,56.92,30405.3248872
2019-04-01,56.971,60.87,56.499,60.837,42254.50929442
2019-04-02,60.83,70.928,59.765,69.583,65193.61471672
2019-04-03,69.582,73.002,62.84,65.915,46474.0198283
2019-04-04,65.948,67.5,62.102,64.24,12570.88423416
2019-04-05,64.185,69.99,64.061,69.99,10490.75257268
2019-04-06,69.989,71.187,66.557,68.543,8535.53609871
2019-04-07,68.607,71.174,68.251,70.605,6682.80626834
2019-04-08,70.509,73.02,69.0,71.714,12386.07352978
2019-04-09,71.714,71.714,68.032,68.588,14507.28397572
2019-04-10,68.581,72.375,68.544,70.933,7671.67653557
2019-04-11,70.598,71.376,62.5,66.437,26085.3248313
2019-04-12,66.415,68.98,65.309,66.441,11393.19357956
2019-04-13,66.437,67.2,64.35,65.58,3320.9025274699998
2019-04-14,65.578,67.81,64.585,67.144,3216.70211514
2019-04-15,67.149,67.507,63.537,64.209,6361.69849087
2019-04-16,64.054,70.547,63.551,69.122,8730.44602393
2019-04-17,68.886,70.38,66.947,67.77,7423.90871933
2019-04-18,67.836,70.856,67.833,69.733,10068.05351351
2019-04-19,69.678,70.236,67.657,69.04,5850.69011225
2019-04-20,68.987,70.672,68.631,69.953,4363.42485367
2019-04-21,69.879,70.527,67.515,69.219,4159.36048669
2019-04-22,69.031,69.7,68.338,68.867,4700.84274835
2019-04-23,68.895,71.544,68.36,69.075,10444.71575389
2019-04-24,69.075,71.156,65.099,68.111,14760.42478386
2019-04-25,68.115,68.265,60.106,61.421,24556.44911214
2019-04-26,61.38,65.435,60.243,63.538,10938.74232158
2019-04-27,63.644,65.7,63.086,64.482,5532.12267725
2019-04-28,64.343,65.851,63.449,64.065,3208.07231384
2019-04-29,63.867,65.227,62.022,64.0,5060.55771951
2019-04-30,63.933,66.0,63.735,65.99,3595.76451913
2019-05-01,65.991,68.498,65.991,68.498,5434.3985725
2019-05-02,68.566,69.74,66.881,67.961,6229.2034016
2019-05-03,67.785,71.79,67.289,70.395,9505.78879901
2019-05-04,70.637,71.949,68.373,71.581,5888.28761609
2019-05-05,71.597,72.4,68.85,69.911,4123.01909757
2019-05-06,69.981,71.795,68.292,71.12,5879.96403419
2019-05-07,71.44,74.773,69.103,69.204,10501.31802593
2019-05-08,69.034,70.911,67.873,70.376,3927.3601775
2019-05-09,70.601,71.783,65.545,66.522,8430.61061025
2019-05-10,66.56,69.991,65.885,69.54,7974.83375248
2019-05-11,69.551,81.238,69.388,78.27,15748.14848758
2019-05-12,77.827,80.799,72.503,75.85,22167.61010637
2019-05-13,75.749,82.499,74.716,79.09,18320.13241759
2019-05-14,79.162,84.031,79.162,83.262,14203.72876001
2019-05-15,83.251,94.967,82.272,93.503,17497.37581939
2019-05-16,93.562,97.0,84.339,86.891,15853.0951415
2019-05-17,86.689,86.9,77.51,83.384,16928.78373167
2019-05-18,83.124,83.962,79.049,79.853,3935.43491697
2019-05-19,79.904,90.912,79.778,90.405,11715.93590787
2019-05-20,90.149,90.149,84.298,87.7,9361.56131799
2019-05-21,88.0,92.771,87.586,88.862,7031.91447221
2019-05-22,88.745,91.5,83.23,83.248,11713.77073102
2019-05-23,83.248,85.58,80.816,84.78,5455.8101467100005
2019-05-24,85.143,87.391,83.906,85.737,4976.50570227
2019-05-25,85.848,87.801,85.652,86.971,3541.80319407
2019-05-26,87.13,93.814,85.347,92.414,8532.14871392
2019-05-27,92.97,99.0,92.97,98.444,30441.65767396
2019-05-28,97.743,98.84,94.971,96.004,6641.21061434
2019-05-29,95.976,96.903,90.9,94.163,17148.89440999
2019-05-30,94.151,98.98,88.081,91.783,27489.85830371
2019-05-31,91.706,93.351,89.017,93.351,4652.2404933
2019-06-01,93.258,93.831,91.175,92.86,4054.7105772
2019-06-02,92.953,96.294,92.894,95.169,7035.76706265
2019-06-03,94.763,95.889,88.623,89.1,8763.15868263
2019-06-04,88.896,88.896,81.206,83.506,16500.29814344
2019-06-05,83.645,87.236,83.014,85.06,4325.76701298
2019-06-06,84.999,87.449,83.088,87.094,8124.93066752
2019-06-07,87.221,89.817,85.595,88.026,7408.74576904
2019-06-08,87.935,88.787,86.279,87.514,1932.2809831499999
2019-06-09,87.514,88.194,81.98,83.645,3617.67329414
2019-06-10,83.092,87.791,82.21,86.908,6931.40976581
2019-06-11,87.12,87.809,85.507,86.611,3517.30866693
2019-06-12,86.671,90.952,85.817,90.487,17401.75345109
2019-06-13,90.525,92.298,89.49,89.579,4991.83814271
2019-06-14,89.68,91.047,87.434,90.798,4001.96538837
2019-06-15,90.78,95.946,90.26,95.207,8270.490527
2019-06-16,95.381,98.078,94.022,96.252,9436.22399922
2019-06-17,96.206,100.0,96.206,99.014,9147.31469286
2019-06-18,99.067,99.619,94.793,96.635,18222.80790647
2019-06-19,96.663,102.46,96.145,101.04,16835.17788252
2019-06-20,100.96,108.98,100.41,105.45,32959.33307874
2019-06-21,105.87,110.28,105.71,110.28,20441.43300042
2019-06-22,110.26,119.07,109.18,115.4,36061.95775598
2019-06-23,115.33,121.12,114.7,115.77,18493.79371444
2019-06-24,115.9,119.99,112.09,117.96,7374.44344944
2019-06-25,117.95,118.42,111.0,111.83,15669.80755192
2019-06-26,111.73,112.36,101.01,103.29,52698.62629395977
2019-06-27,103.33,105.1,88.609,95.028,35629.95586652515
2019-06-28,95.214,102.01,92.909,101.63,15120.607992070749
2019-06-29,101.2,101.63,91.341,99.69,9788.376457978517
2019-06-30,100.0,101.0,86.832,88.196,10858.154058128295
2019-07-01,88.217,94.864,84.688,89.155,17197.01137592242
2019-07-02,89.09,89.737,82.617,86.99,18152.045867302666
2019-07-03,86.922,92.673,85.8,89.979,24031.932914731686
2019-07-04,90.257,93.64,87.746,88.119,9966.542181516137
2019-07-05,87.788,92.845,86.18,89.292,6718.807534897053
2019-07-06,90.099,99.515,90.099,94.552,15451.309288411265
2019-07-07,94.444,107.69,93.443,107.31,16924.652102667806
2019-07-08,107.43,108.84,100.76,101.77,49418.870926423464
2019-07-09,101.68,104.89,97.454,99.688,13211.784460318446
2019-07-10,99.353,102.41,92.205,94.941,12528.123855915226
2019-07-11,94.859,94.926,87.0,89.626,14590.762030665079
2019-07-12,89.174,98.34,86.152,98.257,9218.27402218
2019-07-13,98.14,98.14,88.77,93.397,5892.57002528
2019-07-14,93.364,94.203,84.19,86.296,9090.3913214
2019-07-15,86.279,90.114,76.2,88.576,22471.15102722
2019-07-16,88.659,89.004,73.473,74.002,14415.35300643
2019-07-17,74.297,80.59,71.842,76.39,10074.61705236
2019-07-18,76.468,85.464,75.017,83.91,11738.12417782
2019-07-19,84.015,84.649,80.377,82.374,6900.03881368
2019-07-20,82.599,87.81,81.494,85.285,6534.35832811
2019-07-21,85.181,87.89,82.878,84.045,6329.11204843
2019-07-22,84.305,85.769,81.085,83.622,7378.69569086
2019-07-23,83.481,83.9,80.108,81.04,5521.6864307
2019-07-24,81.002,81.95,78.433,80.599,9774.79663599
2019-07-25,80.547,83.718,80.26,80.885,11280.44823057
2019-07-26,80.855,81.29,78.84,80.627,3167.48151607
2019-07-27,80.422,83.271,77.213,78.759,4611.8246906
2019-07-28,78.886,83.423,76.716,80.46,6239.15297062
2019-07-29,80.265,81.568,77.681,78.38,7768.68247245
2019-07-30,77.992,80.97,77.635,78.315,4089.82324305
2019-07-31,78.311,82.995,78.135,80.758,8000.53622577
2019-08-01,80.692,82.886,79.828,82.272,1478.01967732
2019-08-02,82.371,85.113,81.876,84.007,4422.02196664
2019-08-03,84.146,88.16,83.821,87.914,3969.2666213
2019-08-04,87.921,89.0,85.782,88.234,3695.93265327
2019-08-05,88.103,95.146,88.103,93.704,8623.26620928
2019-08-06,93.632,97.0,88.2,89.961,13209.8758115
2019-08-07,89.679,97.82,88.89,97.561,7655.28056567
2019-08-08,97.755,97.948,91.557,96.227,10445.11426118
2019-08-09,96.264,96.382,91.267,93.729,6718.84870192
2019-08-10,94.103,95.189,90.083,90.7,4488.36707048
2019-08-11,90.533,93.0,89.559,92.783,3046.91981855
2019-08-12,92.394,92.394,90.159,91.464,1552.41269683
2019-08-13,91.431,91.625,84.683,85.837,8623.72002737
2019-08-14,85.667,85.798,78.42,79.094,7439.39518486
2019-08-15,79.242,82.954,74.072,82.351,11810.50244289
2019-08-16,82.517,83.429,77.88,82.366,5797.69019023
2019-08-17,82.435,83.976,80.862,81.8,3200.53217244
2019-08-18,81.917,88.103,81.813,87.931,3809.48066812
2019-08-19,88.097,90.79,84.83,90.1,6960.02868996
2019-08-20,89.7,91.438,84.351,86.088,6090.68240628
2019-08-21,86.236,86.405,79.12,80.952,4573.66558579
2019-08-22,80.952,83.362,78.706,82.048,1746.72320269
2019-08-23,82.078,83.7,81.295,82.204,2384.32151645
2019-08-24,82.189,82.316,78.422,80.586,2534.48528196
2019-08-25,80.585,82.896,78.783,80.604,2310.54352905
2019-08-26,80.46,84.997,79.096,79.815,3256.56162441
2019-08-27,79.603,79.89,77.735,78.563,2079.01624709
2019-08-28,78.478,79.861,72.0,72.151,5436.51908103
2019-08-29,72.179,72.242,67.0,67.047,4968.12818287
2019-08-30,67.194,68.543,66.0,68.146,2670.31680142
2019-08-31,68.146,68.528,66.334,67.34,1810.9934569700001
2019-09-01,67.34,74.728,67.0,71.676,6141.06572407
2019-09-02,71.897,74.435,70.033,73.542,3961.84228517
2019-09-03,73.475,75.644,73.035,74.929,4682.46441099
2019-09-04,74.776,75.023,71.73,74.022,2168.45027962
2019-09-05,73.85,76.565,73.699,76.051,4267.01813712
2019-09-06,76.051,80.118,74.912,75.295,8867.71362849
2019-09-07,75.095,78.682,74.0,78.384,3815.23978855
2019-09-08,78.371,79.379,75.536,77.05,7509.13976148
2019-09-09,77.257,77.835,74.492,75.128,2567.29882906
2019-09-10,75.084,76.205,71.657,72.415,9656.00424113
2019-09-11,72.397,74.244,69.732,74.244,9161.29178336
2019-09-12,74.244,75.689,71.626,75.124,9877.77025018
2019-09-13,75.124,77.138,72.522,77.127,3862.3608426
2019-09-14,77.125,77.206,74.079,76.222,4333.46668635
2019-09-15,76.222,76.783,74.368,75.736,5290.31200728
2019-09-16,75.69,76.624,71.628,75.685,6142.32934276
2019-09-17,75.698,76.064,73.269,74.608,6176.90954715
2019-09-18,73.975,82.429,73.975,81.254,19854.21392058
2019-09-19,81.074,81.779,72.64,75.936,18073.47726873
2019-09-20,76.41,78.337,72.481,74.059,6568.29701272
2019-09-21,74.074,74.074,72.2,72.658,2625.12048704
2019-09-22,72.538,74.256,71.0,73.319,8260.31053581
2019-09-23,73.168,73.168,68.103,68.557,5210.43918543
2019-09-24,68.555,70.214,56.683,58.9,20148.71603818
2019-09-25,59.491,61.294,57.63,60.04,7604.36285334
2019-09-26,60.12,60.179,54.66,57.501,9092.56695726
2019-09-27,57.501,59.32,55.352,57.734,15249.47091832
2019-09-28,57.705,58.971,56.379,57.97,3368.38184359
2019-09-29,57.963,57.968,54.598,56.134,2082.8476844
2019-09-30,56.138,57.741,53.5,57.011,5102.5362637
2019-10-01,56.986,58.481,55.604,55.936,6176.49618619
2019-10-02,55.958,57.077,54.645,56.229,3191.47500396
2019-10-03,56.331,57.46,54.392,56.389,10170.27521215
2019-10-04,56.468,57.983,54.006,57.303,7473.14546396
2019-10-05,57.311,58.116,55.453,56.609,3058.51745661
2019-10-06,56.609,56.717,54.387,54.896,2801.51853366
2019-10-07,54.896,57.447,54.322,56.293,5006.95126814
2019-10-08,56.417,57.228,55.194,55.889,2744.64827729
2019-10-09,55.559,58.598,55.112,57.393,7016.58570703
2019-10-10,57.399,57.655,55.292,55.907,3735.74796575
2019-10-11,55.869,57.004,54.041,54.118,4192.85399789
2019-10-12,54.124,54.983,53.511,53.8,2899.99978581
2019-10-13,53.637,54.13,52.02,53.364,3690.60699746
2019-10-14,53.354,53.77,52.424,53.027,3034.89296659
2019-10-15,53.299,54.05,51.782,52.103,5381.23911139
2019-10-16,52.125,55.365,51.806,54.94,23423.63115795
2019-10-17,54.81,60.919,54.583,56.126,28387.45042801
2019-10-18,56.083,58.483,55.293,55.297,19411.79034562
2019-10-19,55.295,55.373,53.734,54.761,8840.11624246
2019-10-20,54.756,57.61,53.935,56.64,4054.96053049
2019-10-21,56.741,59.405,56.067,57.76,7386.90515564
2019-10-22,57.662,58.777,56.205,56.817,5993.6898901
2019-10-23,56.803,57.357,52.151,53.461,13882.42351903
2019-10-24,53.354,54.92,51.197,53.64,7030.93375191
2019-10-25,53.539,61.78,52.511,59.063,8629.81656027
2019-10-26,59.291,66.567,54.884,57.068,21673.76225387
2019-10-27,56.99,61.389,55.847,59.714,6294.0822187
2019-10-28,60.014,61.917,58.925,59.171,3707.31103227
2019-10-29,59.199,63.289,58.626,59.656,9071.23042994
2019-10-30,59.595,59.794,57.526,58.476,1468.08154482
2019-10-31,59.09,60.174,57.206,59.066,7009.55722075
2019-11-01,59.193,61.642,58.63,60.858,2927.59484455
2019-11-02,61.271,63.687,60.754,62.394,3999.42784317
2019-11-03,62.568,65.099,61.29,63.634,10141.13915544
2019-11-04,63.427,64.841,62.244,63.312,3147.25406371
2019-11-05,63.237,63.959,61.559,63.128,6980.25420643
2019-11-06,62.809,64.791,62.696,64.2,2622.97011021
2019-11-07,64.2,67.393,62.816,63.232,6940.26836101
2019-11-08,62.99,63.654,60.0,60.942,8173.86290484
2019-11-09,60.93,62.53,60.601,62.007,1848.22820829
2019-11-10,62.162,64.977,61.977,63.982,2786.10816938
2019-11-11,64.029,64.029,61.086,61.79,2098.20025841
2019-11-12,61.656,65.933,61.656,62.322,5090.42070502
2019-11-13,62.437,65.6,61.974,65.434,2970.7082684
2019-11-14,65.589,65.64,63.77,64.983,3015.52766971
2019-11-15,65.081,66.264,61.913,61.913,3534.53835152
2019-11-16,62.027,62.966,61.2,61.577,1188.88340416
2019-11-17,61.523,63.432,61.523,61.962,897.79112574
2019-11-18,61.984,62.234,57.8,58.621,6021.12279467
2019-11-19,58.548,59.82,58.065,58.583,815.4308533
2019-11-20,58.701,59.314,57.85,58.023,1209.89889915
2019-11-21,57.861,58.737,53.5,54.23,3485.63994762
2019-11-22,54.567,55.124,48.0,51.376,6676.7877334
2019-11-23,51.234,52.271,50.35,52.074,2845.36016822
2019-11-24,52.08,52.306,47.463,47.738,2760.56859769
2019-11-25,47.672,52.829,46.101,50.157,6591.15805158
2019-11-26,50.257,52.333,49.828,51.497,1883.87213659
2019-11-27,51.446,57.406,50.3,55.921,6236.17580767
2019-11-28,56.22,56.92,53.888,54.37,2116.13227353
2019-11-29,54.503,56.547,54.367,56.12,2385.81558444
2019-11-30,56.117,56.416,53.959,55.09,963.77183595
2019-12-01,55.014,55.014,52.727,53.733,1236.99743558
2019-12-02,53.742,54.9,52.483,54.604,2701.26260846
2019-12-03,54.604,56.001,53.695,53.695,2536.78405617
2019-12-04,53.695,58.422,52.075,53.258,3519.72367935
2019-12-05,52.92,54.72,52.348,54.3,2158.6608605
2019-12-06,54.037,55.935,53.943,54.345,3155.06622686
2019-12-07,54.549,55.275,53.811,54.615,1463.41882478
2019-12-08,54.547,55.074,53.783,54.143,733.15969451
2019-12-09,54.067,54.714,53.294,54.384,2790.78822574
2019-12-10,54.569,54.984,52.427,52.948,4550.08095774
2019-12-11,52.975,53.732,52.774,53.195,1002.48508879
2019-12-12,53.249,54.106,52.209,53.073,2363.67149384
2019-12-13,53.103,53.471,52.43,52.718,1032.28632748
2019-12-14,52.711,52.799,51.118,51.475,2730.78757889
2019-12-15,51.347,52.192,50.779,50.932,813.10016826
2019-12-16,50.93,51.265,48.43,49.302,1941.87022591
2019-12-17,49.495,49.556,44.812,45.433,4092.23941666
2019-12-18,45.22,49.483,44.069,47.862,5061.59936145
2019-12-19,48.039,50.075,46.271,47.558,8324.22964103
2019-12-20,47.621,47.682,46.78,46.95,1145.9090093300001
2019-12-21,46.838,46.838,45.246,45.246,2375.51499155
2019-12-22,45.254,48.054,45.175,47.59,9614.24974505
2019-12-23,47.54,48.714,47.074,47.271,2424.28997602
2019-12-24,47.383,47.962,45.724,45.837,1434.67124438
2019-12-25,45.889,46.714,45.31,46.032,757.15355877
2019-12-26,45.871,46.785,45.075,45.554,1243.29961379
2019-12-27,45.607,46.138,44.647,45.428,1330.65860763
2019-12-28,45.404,45.99,45.144,45.683,694.34646724
2019-12-29,45.554,47.32,45.432,46.776,1804.51364614
2019-12-30,46.655,46.77,45.743,46.198,685.18412185
2019-12-31,45.935,46.147,44.536,44.868,1512.23071365
2020-01-01,44.613,46.142,44.499,45.878,2400.55374215
2020-01-02,45.974,46.142,44.537,45.643,2595.63394288
2020-01-03,45.714,51.949,45.714,50.996,157003.37332298
2020-01-04,50.996,51.578,50.0,50.52,4463.3812363
2020-01-05,50.487,54.399,50.484,53.633,6518.29512444
2020-01-06,53.644,59.19,53.616,58.848,21323.68087408
2020-01-07,59.046,59.858,55.355,58.86,8534.56684185
2020-01-08,58.53,60.0,55.428,59.4,8579.8874719
2020-01-09,59.001,59.571,56.812,58.92,5442.26065057
2020-01-10,58.922,59.57,56.752,58.571,4260.88137187
2020-01-11,58.188,64.414,57.905,58.111,12480.49615231
2020-01-12,58.039,59.821,57.006,59.214,3679.14349467
2020-01-13,59.257,59.294,56.733,58.004,3850.78240894
2020-01-14,57.678,62.773,57.664,62.706,19300.19456588
2020-01-15,61.952,69.18,61.395,68.149,20154.98421923
2020-01-16,68.278,68.741,62.389,65.638,21064.63899946
2020-01-17,65.695,71.833,63.954,68.615,12281.97124938
2020-01-18,68.5,70.923,66.0,66.947,8312.63597264
2020-01-19,66.872,69.168,62.565,64.992,8669.18969621
2020-01-20,65.155,66.396,62.102,65.0,5625.41312672
2020-01-21,65.001,66.84,64.125,65.846,2957.0098604
2020-01-22,65.818,66.483,64.244,64.876,1553.89557905
2020-01-23,64.963,64.963,60.898,62.608,8319.79530735
2020-01-24,62.471,62.985,58.1,61.613,7946.4743122
2020-01-25,61.612,62.412,59.761,61.501,4255.68430512
2020-01-26,61.444,64.661,61.0,63.654,3477.24197177
2020-01-27,64.186,66.254,63.531,65.639,2751.90480965
2020-01-28,66.237,67.929,65.143,67.929,3100.370993
2020-01-29,67.996,70.715,67.531,69.772,4645.77997175
2020-01-30,69.701,75.035,68.184,74.854,13529.39068039
2020-01-31,74.817,75.98,69.519,72.138,10968.327971409999
2020-02-01,72.401,73.963,71.205,73.382,3556.65295882
2020-02-02,73.39,78.343,71.096,75.0,8163.17057223
2020-02-03,74.986,78.244,74.143,77.018,10286.67368143
2020-02-04,76.882,77.195,73.9,75.244,7641.89824143
2020-02-05,75.334,79.263,74.753,77.977,14464.91199038
2020-02-06,77.962,80.138,76.579,78.106,13528.77003897
2020-02-07,78.315,80.619,77.838,79.505,8751.03434173
2020-02-08,78.979,81.631,77.1,80.698,3939.30137757
2020-02-09,80.396,87.668,80.395,87.668,9974.07793803
2020-02-10,87.648,87.675,82.905,84.723,6595.98931776
2020-02-11,84.661,89.887,82.686,89.706,7200.60851892
2020-02-12,89.719,95.153,89.718,94.633,9423.79841906
2020-02-13,94.831,95.863,89.628,92.034,6682.26936201
2020-02-14,92.377,95.152,90.912,95.049,9141.30831009
2020-02-15,95.026,96.846,86.296,89.012,7613.08074164
2020-02-16,88.998,91.866,79.555,88.015,14743.31226503
2020-02-17,87.902,89.035,79.621,82.804,6023.64731482
2020-02-18,82.694,87.587,81.274,86.287,7422.03163542
2020-02-19,86.438,87.423,76.4,77.794,6325.6423123800005
2020-02-20,77.431,79.078,75.001,76.642,10738.07696348
2020-02-21,76.246,82.024,75.754,80.291,6783.00516902
2020-02-22,80.291,82.824,78.226,79.032,2212.60515098
2020-02-23,79.116,85.758,78.971,85.459,4036.28550355
2020-02-24,85.304,86.499,76.88,79.055,6601.39869838
2020-02-25,78.906,82.105,75.545,76.683,2645.51017785
2020-02-26,76.476,77.926,68.596,70.879,6061.76008828
2020-02-27,70.687,72.606,67.0,69.91,4011.42739003
2020-02-28,70.293,71.45,66.147,68.557,3177.1176945
2020-02-29,69.034,69.329,66.21,66.224,1830.83049977
2020-03-01,66.189,67.968,63.534,64.91,3906.22509496
2020-03-02,64.572,69.461,64.49,68.938,2138.62135341
2020-03-03,68.878,69.13,65.306,66.189,1857.97077732
2020-03-04,66.19,68.185,65.11,65.802,2872.64050689
2020-03-05,66.1,70.609,66.1,68.534,4596.87051569
2020-03-06,68.642,69.941,67.74,69.313,3525.85363716
2020-03-07,69.45,69.967,65.486,65.81,4732.11588427
2020-03-08,65.908,65.908,56.348,56.669,16276.96866505
2020-03-09,56.742,57.93,52.725,55.874,10233.79950557
2020-03-10,55.999,57.138,53.816,54.978,3279.40587069
2020-03-11,55.126,55.755,51.263,54.362,3276.31019051
2020-03-12,54.643,54.683,31.21,32.339,92593.895457
2020-03-13,32.555,40.585,26.102,37.163,62206.68477197
2020-03-14,37.132,40.366,35.749,36.471,14579.36719674
2020-03-15,36.398,41.735,35.967,38.137,7660.1090366
2020-03-16,38.137,38.86,29.164,34.306,36839.80235355
2020-03-17,34.403,37.607,33.951,36.538,10445.48433882
2020-03-18,36.585,37.596,34.248,37.233,7238.9740213000005
2020-03-19,37.327,43.041,36.283,40.977,20921.9784512
2020-03-20,41.143,45.422,36.391,40.414,14685.17503059
2020-03-21,40.273,42.801,38.536,41.125,6048.55159083
2020-03-22,41.078,42.695,37.768,38.206,5678.61428279
2020-03-23,38.202,44.619,37.576,44.525,29335.27556285
2020-03-24,44.594,48.0,43.363,47.225,20672.89714817
2020-03-25,47.205,48.106,45.143,46.928,5116.39989344
2020-03-26,47.203,51.189,47.203,50.471,9171.14281947
2020-03-27,50.458,51.685,46.95,47.67,15370.65799141
2020-03-28,47.499,48.391,44.846,47.174,7419.22686712
2020-03-29,47.126,47.364,44.055,44.149,7731.46702379
2020-03-30,44.231,47.901,43.858,46.761,3957.32226058
2020-03-31,46.613,48.491,46.466,47.787,3035.78820566
2020-04-01,47.841,49.086,46.665,48.678,3606.05097423
2020-04-02,48.836,53.421,48.185,50.766,11687.08478181
2020-04-03,50.609,54.44,50.448,53.0,3772.77424771
2020-04-04,53.0,55.474,52.246,54.253,4581.85965821
2020-04-05,54.213,54.413,52.609,53.307,1866.5637614
2020-04-06,53.307,59.162,53.307,59.162,4212.01672108
2020-04-07,59.03,60.3,54.945,56.07,3789.76677548
2020-04-08,55.906,58.318,55.629,57.936,4333.78749582
2020-04-09,57.766,59.177,56.163,58.497,4159.20259097
2020-04-10,58.496,58.496,52.697,53.579,8210.55619075
2020-04-11,53.844,54.881,52.594,53.901,3931.71115989
2020-04-12,53.935,55.726,52.988,53.9,2731.26154698
2020-04-13,53.714,53.771,51.074,53.091,2908.31124262
2020-04-14,53.106,55.332,52.829,54.169,1885.92806889
2020-04-15,54.09,55.441,53.268,53.291,3602.25100201
2020-04-16,53.258,58.0,51.769,56.87,8312.46652789
2020-04-17,56.997,57.294,56.061,56.288,1385.52901994
2020-04-18,56.333,58.99,55.979,58.149,2289.62208027
2020-04-19,58.008,58.615,56.55,57.17,2823.4981227
2020-04-20,57.117,58.5,54.001,54.882,5273.76160157
2020-04-21,54.808,56.002,54.164,55.34,1676.29673296
2020-04-22,55.333,57.659,54.821,57.021,2444.11684034
2020-04-23,57.117,61.0,56.406,59.212,5262.1313183
2020-04-24,59.381,62.439,59.381,60.671,4471.37006324
2020-04-25,60.733,62.5,59.623,60.503,7310.56052915
2020-04-26,60.389,61.936,59.966,61.287,2413.34679156
2020-04-27,61.505,62.41,60.972,62.315,1644.36748921
2020-04-28,62.2,63.75,61.109,62.169,1723.99386894
2020-04-29,62.103,67.206,61.683,65.998,9545.41104104
2020-04-30,66.003,68.265,61.312,62.3,11948.22084717
2020-05-01,62.278,64.992,62.278,63.306,4605.06891599
2020-05-02,63.351,64.9,63.298,64.472,2103.84190349
2020-05-03,64.481,65.0,61.873,62.543,4720.63644933
2020-05-04,62.3,62.607,58.263,60.895,3981.0341252
2020-05-05,61.187,61.934,59.689,60.311,2247.23553493
2020-05-06,59.96,62.082,57.298,57.893,2992.9374704
2020-05-07,57.69,64.999,57.446,64.691,3817.9687465
2020-05-08,64.781,65.873,63.125,63.304,10672.81343909
2020-05-09,63.256,64.731,62.597,63.047,2060.71620911
2020-05-10,62.948,62.948,52.926,58.736,10261.54911866
2020-05-11,58.872,61.721,55.929,59.339,2945.2262327
2020-05-12,59.56,62.268,59.093,61.464,2418.68996956
2020-05-13,61.798,66.301,61.454,65.095,11613.8849719
2020-05-14,65.201,65.716,62.461,65.336,3715.64298083
2020-05-15,65.3,65.803,62.367,62.617,2484.59311714
2020-05-16,62.564,65.918,62.035,65.308,834.06574375
2020-05-17,65.306,67.525,64.582,65.075,10132.54922359
2020-05-18,65.415,67.663,65.164,66.709,2632.08384672
2020-05-19,66.517,67.414,65.046,66.593,2437.60109757
2020-05-20,66.771,67.132,63.373,64.542,2345.67929009
2020-05-21,64.62,65.004,60.1,61.491,4182.382143
2020-05-22,61.378,63.394,61.057,62.77,2620.24033644
2020-05-23,62.958,65.025,62.508,63.532,8815.31232074
2020-05-24,63.455,63.736,60.626,60.626,1580.6686945
2020-05-25,60.571,62.362,60.0,61.498,1860.78010701
2020-05-26,61.683,62.311,60.913,61.832,768.76261546
2020-05-27,62.047,65.736,61.603,64.387,4751.51579613
2020-05-28,64.46,67.577,63.412,67.381,3250.16636781
2020-05-29,67.283,68.327,66.001,66.037,2430.30081367
2020-05-30,66.056,68.73,65.452,68.49,3074.50699654
2020-05-31,68.364,68.646,64.059,65.019,3574.67416298
2020-06-01,64.692,68.566,63.418,67.78,3231.19617314
2020-06-02,67.957,70.225,63.5,66.454,7930.21756403
2020-06-03,66.557,68.245,66.23,67.301,1997.79009169
2020-06-04,67.199,68.792,65.611,68.012,9503.68127176
2020-06-05,68.516,69.493,67.251,67.647,1640.9159244
2020-06-06,67.365,68.099,67.059,67.71,758.22578497
2020-06-07,67.665,68.162,64.711,66.466,3145.05037168
2020-06-08,66.443,68.529,66.266,68.392,1840.99428292
2020-06-09,68.628,69.02,67.3,68.177,1860.38008016
2020-06-10,68.116,69.799,67.562,69.721,3164.64355938
2020-06-11,69.8,70.019,62.704,63.811,6498.50632644
2020-06-12,63.641,66.45,63.072,65.615,2356.21636423
2020-06-13,65.579,66.562,65.009,66.562,901.44308586
2020-06-14,66.483,66.601,64.501,65.453,1749.46247784
2020-06-15,65.398,65.475,61.804,64.764,4277.33893161
2020-06-16,64.406,65.997,64.406,65.832,1398.9638880100001
2020-06-17,65.952,66.957,64.817,65.105,4790.35968946
2020-06-18,65.228,65.911,64.416,65.059,1586.16799255
2020-06-19,64.981,65.234,63.44,64.165,2619.18291767
2020-06-20,64.242,64.516,63.54,64.097,1183.16630629
2020-06-21,64.114,65.0,64.061,64.5,1715.98266624
2020-06-22,64.503,67.187,64.503,66.103,4857.72838396
2020-06-23,66.278,67.444,65.495,66.92,2267.90581808
2020-06-24,66.986,67.518,63.946,64.926,3419.30990743
2020-06-25,64.844,65.238,63.054,64.572,3145.03097232
2020-06-26,64.223,64.592,63.113,64.031,1373.78043694
2020-06-27,63.995,64.35,60.061,62.026,5535.30958264
2020-06-28,61.974,63.655,61.864,63.131,1046.72280442
2020-06-29,63.461,64.88,62.536,64.137,5142.77917118
2020-06-30,64.339,64.516,63.434,63.66,2218.4132941899998
2020-07-01,63.397,64.716,63.299,64.662,4067.23886874
2020-07-02,64.619,66.701,62.623,65.324,8262.19900452
2020-07-03,65.106,65.77,62.505,62.694,3879.61971454
2020-07-04,62.694,64.982,62.694,64.269,2287.2548288
2020-07-05,64.344,64.559,61.471,63.469,5208.63227279
2020-07-06,63.469,65.203,62.917,64.984,2546.73967823
2020-07-07,65.093,65.279,63.828,64.53,4049.00177774
2020-07-08,64.8,67.352,64.8,66.3,6926.01635917
2020-07-09,66.369,69.462,65.125,67.691,7878.68968127
2020-07-10,67.345,68.385,65.198,67.615,5639.56511696
2020-07-11,67.398,69.837,67.398,68.692,1593.13513827
2020-07-12,68.707,70.254,68.293,69.297,5876.70578373
2020-07-13,69.438,70.219,68.0,69.181,4153.85014884
2020-07-14,69.14,69.233,67.0,67.886,2862.54851642
2020-07-15,68.234,72.51,67.669,70.85,7132.2029511
2020-07-16,70.85,71.604,66.804,67.743,6238.26515462
2020-07-17,67.703,68.524,67.2,67.715,1869.10407023
2020-07-18,67.68,69.315,67.073,68.415,2244.38473398
2020-07-19,68.372,69.274,67.885,69.173,3152.4744759
2020-07-20,69.301,70.35,68.901,69.28,2258.3569043
2020-07-21,69.38,71.874,69.171,70.069,1761.92004255
2020-07-22,69.972,71.603,69.451,71.525,1082.83529514
2020-07-23,71.686,74.0,71.007,73.201,4260.97799475
2020-07-24,73.104,73.104,71.555,71.824,5227.59147572
2020-07-25,71.797,74.078,71.777,73.619,2960.09497778
2020-07-26,73.62,78.589,73.284,78.27,7574.60812806
2020-07-27,78.144,79.542,75.144,78.569,6785.72715745
2020-07-28,78.647,83.318,78.642,81.393,3517.93348454
2020-07-29,81.56,82.902,78.996,79.258,2064.33724409
2020-07-30,78.75,82.873,78.714,81.014,2262.31862722
2020-07-31,81.198,84.663,80.741,84.663,1606.4860436
2020-08-01,84.686,89.952,83.551,89.81,4383.61982831
2020-08-02,89.634,90.819,78.909,84.978,10154.02116863
2020-08-03,84.976,89.494,84.018,89.005,2082.96327661
2020-08-04,89.168,89.719,85.288,87.331,1977.67898814
2020-08-05,87.498,90.872,86.148,90.313,2277.29004278
2020-08-06,90.338,96.257,88.585,95.385,9916.46048331
2020-08-07,95.323,95.482,90.666,93.847,14809.41858374
2020-08-08,93.75,95.292,91.825,94.993,1972.90391185
2020-08-09,94.747,94.99,92.311,92.749,1276.16360775
2020-08-10,93.154,94.526,89.228,93.545,5845.99400386
2020-08-11,93.783,94.873,84.478,87.409,4555.41170358
2020-08-12,86.97,89.55,83.818,89.322,1422.48498923
2020-08-13,89.165,92.546,85.651,92.216,3844.86309809
2020-08-14,92.094,93.733,89.899,91.583,2271.09060089
2020-08-15,91.497,91.812,89.346,90.017,8765.63967378
2020-08-16,89.988,91.439,88.212,91.229,2779.08832694
2020-08-17,91.271,95.321,89.607,93.619,8132.16111161
2020-08-18,94.187,97.228,91.465,93.618,7132.05232847
2020-08-19,93.722,94.512,88.817,91.963,8418.26280972
2020-08-20,91.987,101.58,91.508,101.44,6231.8154653
2020-08-21,101.68,105.99,92.127,92.188,15528.05274322
2020-08-22,92.126,95.0,88.624,94.881,3218.03238653
2020-08-23,94.719,94.871,90.68,91.51,1371.0013554
2020-08-24,91.324,94.353,90.4,93.807,1692.52081484
2020-08-25,93.83,93.919,85.98,88.685,5097.26815136
2020-08-26,88.685,89.788,87.202,89.118,2463.43714348
2020-08-27,88.993,90.837,85.98,89.634,2489.91809772
2020-08-28,89.832,95.547,88.992,94.436,3317.6106296899998
2020-08-29,94.686,95.825,92.653,92.836,1662.08903856
2020-08-30,92.836,96.924,92.836,96.294,3845.71515055
2020-08-31,96.414,96.7,93.223,93.369,3174.36965462
2020-09-01,93.221,97.807,91.631,97.168,6212.69509892
2020-09-02,97.19,97.191,88.306,91.226,4657.59822155
2020-09-03,91.0,91.482,75.928,77.54,11400.4684628
2020-09-04,77.379,83.672,76.429,82.329,5027.04791902
2020-09-05,82.409,83.738,74.276,77.999,4728.68542353
2020-09-06,77.927,81.282,75.536,80.541,1948.7283094699999
2020-09-07,80.162,83.22,77.04,82.789,2396.25754692
2020-09-08,83.159,85.232,78.961,84.125,3891.22376497
2020-09-09,84.314,85.974,82.5,84.543,1036.52217566
2020-09-10,84.484,86.732,84.003,85.796,1517.87975243
2020-09-11,86.065,86.065,83.197,84.237,2390.64432524
2020-09-12,84.249,87.228,83.144,86.808,2938.76641306
2020-09-13,86.678,90.278,85.362,85.779,3924.29299025
2020-09-14,86.048,92.497,84.415,91.766,5097.35153439
2020-09-15,92.049,93.0,88.229,91.05,2574.8770692900002
2020-09-16,91.241,92.775,87.183,88.419,2335.93410338
2020-09-17,88.369,94.154,87.505,92.635,12334.89936663
2020-09-18,93.011,95.35,91.391,91.939,1239.8583751
2020-09-19,92.577,95.555,91.764,94.564,1718.52393231
2020-09-20,94.796,94.796,90.833,92.952,2747.09612488
2020-09-21,92.699,94.559,85.997,89.47,4131.01730718
2020-09-22,89.17,97.168,87.353,92.753,5470.60541062
2020-09-23,92.788,94.168,86.537,87.266,2025.61258487
2020-09-24,86.943,92.249,86.932,91.783,1779.04221944
2020-09-25,92.028,94.295,90.546,93.177,1251.27108045
2020-09-26,93.266,95.604,92.487,94.529,1162.73784485
2020-09-27,95.243,100.0,93.806,97.621,6203.75726624
2020-09-28,97.401,98.963,94.8,94.917,2598.00927277
2020-09-29,95.127,101.24,94.501,100.71,3155.33231342
2020-09-30,100.72,110.49,98.011,108.18,18803.24076367
2020-10-01,108.73,113.43,101.75,103.8,15738.27883363
2020-10-02,103.78,105.64,93.661,101.84,9214.10202713
2020-10-03,101.7,104.18,100.9,103.77,1848.30352895
2020-10-04,103.67,109.3,101.47,105.62,4961.3054454
2020-10-05,105.62,114.0,104.23,112.68,8779.22975294
2020-10-06,112.97,114.0,105.47,106.75,14166.85372145
2020-10-07,106.63,112.88,102.4,110.22,7640.79626784
2020-10-08,110.33,113.07,107.51,111.49,8617.21989421
2020-10-09,111.51,118.27,108.56,116.22,6412.51219428
2020-10-10,116.17,118.95,115.56,115.9,2084.82774342
2020-10-11,116.02,126.0,115.68,125.86,9455.62877143
2020-10-12,125.82,135.33,125.14,129.58,18788.885922909998
2020-10-13,129.35,132.1,124.0,128.14,7525.92648502
2020-10-14,128.23,133.85,125.43,128.87,5178.9295653
2020-10-15,128.27,132.4,123.67,130.29,3644.82263924
2020-10-16,130.38,133.06,119.07,120.77,9029.71824819
2020-10-17,120.65,122.76,119.31,120.07,3633.92948292
2020-10-18,119.98,124.48,119.98,124.44,3152.80381175
2020-10-19,124.44,130.4,122.57,125.85,4273.57214454
2020-10-20,125.82,127.35,117.46,118.35,7697.73480825
2020-10-21,118.08,126.49,116.79,121.51,4088.97617823
2020-10-22,121.64,129.7,119.57,127.16,5430.46478883
2020-10-23,127.58,127.58,122.53,127.5,4037.64949668
2020-10-24,127.53,130.25,125.42,129.14,1317.61585443
2020-10-25,129.55,134.45,127.84,131.11,5024.35898043
2020-10-26,130.93,139.48,129.22,131.58,9860.03903269
2020-10-27,131.57,137.98,131.49,133.93,5664.7688064
2020-10-28,133.3,135.32,123.38,126.43,9543.58796227
2020-10-29,126.27,128.55,121.67,124.48,2755.34417194
2020-10-30,124.36,125.29,118.1,123.45,4334.99518648
2020-10-31,123.12,128.0,121.45,126.45,4081.55709637
2020-11-01,126.45,127.19,123.4,127.04,1095.80575416
2020-11-02,127.23,128.29,115.3,119.03,5848.05267606
2020-11-03,118.92,121.41,116.26,120.92,5945.3487534
2020-11-04,121.48,121.69,113.9,115.66,4896.54767731
2020-11-05,115.97,120.12,110.8,119.38,9772.75109364
2020-11-06,119.44,124.15,116.51,119.09,7892.95979197
2020-11-07,119.36,125.9,109.91,111.17,13550.95051868
2020-11-08,111.12,120.92,109.93,120.47,4396.26842327
2020-11-09,120.4,122.14,114.0,115.83,6161.93688489
2020-11-10,116.07,117.96,114.08,115.52,1345.18610389
2020-11-11,115.7,118.09,113.17,113.17,1620.97861065
2020-11-12,113.11,115.22,110.3,111.93,2379.75190307
2020-11-13,112.27,114.92,111.59,113.92,2562.6940399
2020-11-14,114.03,117.53,113.13,116.75,1836.81977169
2020-11-15,116.75,117.8,113.01,114.65,1875.8720444
2020-11-16,114.63,119.98,113.56,118.38,2956.17082553
2020-11-17,118.49,125.61,117.62,125.61,4987.47971539
2020-11-18,125.58,126.55,118.89,123.69,6561.66727604
2020-11-19,123.65,123.65,117.12,118.61,4423.91988148
2020-11-20,118.55,123.26,118.11,121.14,3755.43779744
2020-11-21,121.12,129.5,119.5,127.85,8889.28627665
2020-11-22,128.12,129.5,118.92,123.42,5837.68254053
2020-11-23,123.56,131.07,122.5,129.8,14544.34944071
2020-11-24,129.88,142.71,126.73,135.06,19604.09514251
2020-11-25,134.93,138.44,125.47,129.0,11864.4103819
2020-11-26,128.92,132.33,108.19,120.46,20628.64885343
2020-11-27,120.42,122.27,111.66,117.33,8622.25339243
2020-11-28,117.47,125.25,114.4,121.89,2166.42375143
2020-11-29,122.01,126.0,119.48,123.91,3536.94104067
2020-11-30,124.0,130.55,121.79,130.55,6344.59943061
2020-12-01,130.58,133.05,120.81,126.17,17276.43181752
2020-12-02,126.02,129.41,124.38,127.88,2289.89978799
2020-12-03,127.87,133.69,126.54,133.19,5924.49955152
2020-12-04,133.78,135.66,126.2,126.77,3485.95898029
2020-12-05,126.71,133.53,124.16,133.5,1421.47548638
2020-12-06,133.56,134.7,128.52,134.54,1554.10961665
2020-12-07,134.67,144.0,134.23,138.95,18023.91866669
2020-12-08,138.8,143.23,132.93,135.7,6726.54808431
2020-12-09,135.8,137.44,127.11,132.64,13528.47492719
2020-12-10,132.64,135.09,129.41,133.52,2633.38423563
2020-12-11,133.94,142.52,130.02,141.33,5855.85851644
2020-12-12,141.37,149.36,141.17,146.72,20888.45018824
2020-12-13,146.79,152.1,143.79,152.1,12308.6753943
2020-12-14,151.93,158.13,150.36,152.58,13432.47798695
2020-12-15,152.67,155.73,151.0,151.0,5808.57095271
2020-12-16,150.91,159.06,147.62,158.67,9252.97131186
2020-12-17,158.8,163.0,153.68,160.2,13688.23224839
2020-12-18,160.19,160.19,152.98,154.69,2009.80207126
2020-12-19,154.61,158.49,153.82,154.68,1967.80026314
2020-12-20,154.67,156.86,150.71,152.31,7242.60922406
2020-12-21,152.11,153.57,142.44,145.66,6606.53193396
2020-12-22,145.55,157.49,143.7,156.7,4017.64537536
2020-12-23,156.65,168.66,147.71,150.7,23293.61151615
2020-12-24,150.13,158.28,146.42,156.69,3472.97659482
2020-12-25,156.77,161.1,152.55,159.45,3221.3653499
2020-12-26,159.72,167.88,159.01,167.67,3488.55096274
2020-12-27,167.77,170.03,155.18,156.71,11535.74017451
2020-12-28,156.71,168.38,156.4,166.73,3036.59993556
2020-12-29,166.34,167.32,154.72,161.59,5131.00115262
2020-12-30,161.41,164.38,157.34,159.72,2984.6214139100002
2020-12-31,159.86,161.48,154.73,156.16,2240.00412686
2021-01-01,156.24,169.0,130.86,135.66,28496.1781735
2021-01-02,135.67,145.58,128.71,143.47,20246.765093770002
2021-01-03,143.49,144.94,131.71,137.9,17103.08351162
2021-01-04,138.13,144.09,128.51,133.69,10501.79211465
2021-01-05,133.73,139.75,129.02,136.03,4868.01309072
2021-01-06,136.71,142.52,132.73,142.35,6303.08343779
2021-01-07,142.44,153.02,138.59,142.58,14356.013236
2021-01-08,142.61,150.44,135.19,141.97,7235.3938544
2021-01-09,141.53,148.98,138.76,147.5,5665.47379075
2021-01-10,147.88,190.0,147.88,184.81,42616.01244529
2021-01-11,185.27,186.52,142.0,158.54,39097.19333444
2021-01-12,157.97,174.01,154.15,159.26,17562.25308145
2021-01-13,158.34,173.02,152.48,171.6,3452.37949481
2021-01-14,171.37,171.37,161.0,163.24,4878.50759931
2021-01-15,163.86,167.19,147.39,157.04,4037.6585303800002
2021-01-16,157.7,162.13,152.5,156.02,3003.69543802
2021-01-17,155.77,164.99,150.11,160.11,2093.05945732
2021-01-18,160.25,160.79,150.75,157.29,2708.92072068
2021-01-19,157.14,165.69,153.15,156.72,5942.81249615
2021-01-20,157.15,161.24,145.87,153.05,10344.38567682
2021-01-21,153.15,153.4,127.81,130.8,20252.670812200002
2021-01-22,130.56,141.27,122.43,136.37,5158.06057585
2021-01-23,135.13,141.61,133.9,138.66,2082.16380993
2021-01-24,138.95,143.17,134.37,138.1,1507.16895789
2021-01-25,138.2,145.45,136.94,137.11,5450.49441175
2021-01-26,136.99,140.52,133.67,138.27,1894.04816255
2021-01-27,138.07,138.09,125.37,126.05,3947.57457321
2021-01-28,125.47,140.46,123.88,135.3,8208.54493242
2021-01-29,135.49,151.49,132.39,140.41,14866.99485273
2021-01-30,140.49,142.27,136.32,139.92,2106.94853571
2021-01-31,139.34,140.45,132.37,137.81,1686.9601135
2021-02-01,137.76,146.34,135.88,143.49,3334.26563796
2021-02-02,143.77,152.68,142.98,151.53,2852.37446439
2021-02-03,152.31,155.52,150.56,154.92,2941.618743
2021-02-04,154.94,155.57,147.69,148.25,8963.18053991
2021-02-05,148.45,155.28,147.3,155.14,3630.49660227
2021-02-06,155.18,158.0,152.05,152.53,1382.36067909
2021-02-07,152.23,157.11,147.23,150.67,22409.97023116
2021-02-08,150.22,164.29,147.4,163.18,5554.05359701
2021-02-09,163.48,174.87,158.5,169.85,9310.97620449
2021-02-10,170.0,182.61,165.5,175.8,9093.23064611
2021-02-11,175.9,192.18,170.63,190.39,14142.69013309
2021-02-12,190.93,215.58,190.59,201.22,15204.60974996
2021-02-13,201.02,253.19,197.38,241.98,39566.20416395
2021-02-14,241.28,243.06,223.02,229.78,12036.84912719
2021-02-15,229.73,233.66,203.1,227.74,13949.6020318
2021-02-16,228.38,234.51,209.7,221.33,8675.30483648
2021-02-17,221.44,273.42,221.03,270.67,24428.69563606
2021-02-18,271.49,276.36,252.24,262.5,18206.06195851
2021-02-19,262.5,283.47,252.67,281.53,13548.55585536
2021-02-20,282.19,288.0,242.14,255.92,27561.75031317
2021-02-21,254.4,261.06,243.7,247.0,6365.06662188
2021-02-22,247.0,248.0,195.0,224.63,45953.40387524
2021-02-23,224.63,225.14,171.55,220.7,37788.92477777
2021-02-24,220.82,225.0,198.01,204.12,16510.68484051
2021-02-25,204.29,218.51,196.65,198.5,4322.46460494
2021-02-26,198.47,217.2,193.31,203.99,6299.008937
2021-02-27,203.82,223.0,203.33,209.78,3573.47864914
2021-02-28,208.2,227.43,198.82,219.44,7426.71733435
2021-03-01,219.47,230.89,210.75,230.16,5486.80860857
2021-03-02,230.3,232.4,211.51,221.14,4212.91663465
2021-03-03,219.76,229.07,216.25,219.55,3663.56669212
2021-03-04,219.11,224.03,210.01,217.55,2101.62490961
2021-03-05,216.89,216.89,203.0,206.39,16410.80271684
2021-03-06,206.33,209.01,198.64,204.63,9223.96898702
2021-03-07,205.1,210.22,202.39,209.04,2485.8561393200002
2021-03-08,209.04,221.47,204.51,221.47,7576.9220647
2021-03-09,221.38,229.15,218.51,225.24,8210.781061919999
2021-03-10,225.73,227.56,215.4,220.61,4951.39009337
2021-03-11,220.29,226.0,212.92,221.62,8451.85888313
2021-03-12,221.44,225.78,215.96,223.13,2857.65676419
2021-03-13,222.94,239.43,218.14,239.1,4677.09653341
2021-03-14,239.21,240.99,229.0,232.11,4732.80999501
2021-03-15,232.11,237.63,215.66,222.14,5815.60057496
2021-03-16,221.66,229.76,212.58,229.67,6670.22929872
2021-03-17,229.81,236.48,226.34,236.23,5960.91548145
2021-03-18,236.53,240.28,228.0,228.01,3719.127423
2021-03-19,227.89,236.38,223.85,231.76,2447.21568858
2021-03-20,231.95,237.72,230.59,232.06,1413.99710486
2021-03-21,231.22,236.71,225.61,231.91,1730.5494708
2021-03-22,231.56,232.88,217.18,217.28,2091.55989355
2021-03-23,217.35,225.18,211.6,218.13,2982.31298196
2021-03-24,217.84,229.82,206.74,211.1,1651.63160958
2021-03-25,210.72,221.03,204.66,214.16,4618.52277681
2021-03-26,215.2,225.72,215.2,221.35,2674.6108157
2021-03-27,221.5,223.78,214.0,221.09,1047.73699209
2021-03-28,221.21,232.83,218.0,232.55,3489.39393784
2021-03-29,232.81,243.34,230.65,234.31,8185.34848338
2021-03-30,234.02,247.25,232.67,244.67,4533.74064764
2021-03-31,245.26,263.67,242.4,246.83,12435.13318007
2021-04-01,245.97,255.0,244.39,250.57,2051.39882842
2021-04-02,250.66,261.75,249.07,257.36,3548.09077867
2021-04-03,257.58,266.8,252.72,257.14,11419.92794897
2021-04-04,256.5,272.32,247.0,264.17,13016.1283325
2021-04-05,263.89,268.84,260.02,265.66,3611.8588508
2021-04-06,265.7,277.4,261.73,270.84,5109.3255967000005
2021-04-07,271.05,279.79,253.34,257.12,8431.50805422
2021-04-08,257.74,272.19,251.33,269.81,3621.86073006
2021-04-09,270.6,290.0,266.27,273.36,5793.2481834
2021-04-10,273.22,298.76,273.21,291.6,6785.02485909
2021-04-11,292.7,329.63,291.23,329.15,7773.73824867
2021-04-12,329.34,344.95,314.23,314.23,10205.9131227
2021-04-13,314.99,330.72,307.66,327.05,5039.70393984
2021-04-14,327.05,330.75,309.0,321.07,5566.00903407
2021-04-15,320.89,348.0,317.77,344.41,5188.63686517
2021-04-16,344.41,347.1,313.37,340.95,5067.52693182
2021-04-17,340.95,374.86,340.62,363.14,8160.70953153
2021-04-18,362.9,375.44,288.02,339.04,14762.02673884
2021-04-19,338.27,366.36,305.87,357.0,11700.53149921
2021-04-20,358.42,414.76,328.68,404.85,19803.90477641
2021-04-21,403.76,424.99,373.85,375.25,14443.75843394
2021-04-22,374.88,390.49,344.49,347.47,5995.92095132
2021-04-23,346.41,355.09,301.33,354.53,11807.06838814
2021-04-24,354.41,397.72,338.32,382.0,7998.04253219
2021-04-25,383.12,406.38,336.14,355.91,8467.26986015
2021-04-26,355.03,405.34,342.66,405.34,8240.90065574
2021-04-27,406.37,412.75,385.0,402.43,3935.3823353
2021-04-28,400.4,439.79,400.35,413.87,16305.21941168
2021-04-29,413.26,425.83,399.26,407.37,5772.96950121
2021-04-30,407.52,422.32,403.08,422.32,4999.26906345
2021-05-01,421.04,434.2,415.01,425.85,2414.87027962
2021-05-02,425.85,426.65,400.86,405.43,1569.1472001
2021-05-03,405.47,425.85,400.03,411.46,3278.11384516
2021-05-04,411.59,411.59,379.38,381.69,7886.30606211
2021-05-05,379.89,418.73,376.73,418.18,3648.52522101
2021-05-06,417.8,435.74,404.88,422.36,5078.68033811
2021-05-07,423.04,518.76,422.65,456.5,55806.05866633
2021-05-08,455.5,486.31,452.25,476.1,7814.32380728
2021-05-09,475.53,486.0,446.61,484.7,4703.77116405
2021-05-10,483.53,496.96,426.0,440.59,5118.25495875
2021-05-11,439.68,454.81,420.02,452.94,13149.97081283
2021-05-12,453.47,478.8,390.0,396.92,7281.1487032
2021-05-13,395.62,420.75,371.01,402.82,9890.78062802
2021-05-14,402.53,422.73,396.97,413.62,5511.51718387
2021-05-15,414.65,442.64,382.46,383.24,5988.54088463
2021-05-16,383.31,405.01,373.33,392.29,5321.62695222
2021-05-17,390.91,390.91,332.33,339.99,8930.77732408
2021-05-18,339.7,360.04,327.45,342.31,8781.09735193
2021-05-19,342.82,347.0,155.94,202.02,56686.57515833
2021-05-20,201.91,292.26,186.26,284.99,30721.80889882
2021-05-21,282.1,330.0,227.87,257.21,37255.66831685
2021-05-22,257.14,262.67,223.12,231.23,7691.92716527
2021-05-23,231.9,261.6,178.05,226.27,46803.81898808
2021-05-24,226.55,256.68,215.93,255.75,13015.84505082
2021-05-25,256.68,265.0,227.68,247.26,5596.740717
2021-05-26,247.67,274.87,243.11,268.77,7646.92349001
2021-05-27,268.56,269.06,243.65,252.58,5923.30060113
2021-05-28,252.83,267.2,219.19,262.53,9498.85251701
2021-05-29,262.28,297.0,229.4,241.97,14938.77723747
2021-05-30,242.44,267.73,225.72,261.32,3584.8119222
2021-05-31,261.73,275.81,242.62,272.61,7907.9972865
2021-06-01,271.61,276.0,253.06,265.76,2813.02908097
2021-06-02,266.12,294.82,262.7,294.36,5254.25238981
2021-06-03,293.84,315.38,285.77,308.68,8770.98025049
2021-06-04,309.79,311.4,268.08,288.33,5164.21780909
2021-06-05,288.33,295.0,257.76,264.7,3922.93837327
2021-06-06,264.11,277.36,262.44,271.39,1223.61832459
2021-06-07,272.57,281.32,247.35,249.46,3299.91921217
2021-06-08,248.79,255.64,222.56,253.91,6173.64423786
2021-06-09,253.46,274.9,237.83,274.1,5639.41256312
2021-06-10,274.68,282.43,254.5,255.44,4582.6995157
2021-06-11,255.23,258.2,240.41,242.2,1970.23965801
2021-06-12,240.67,251.67,232.44,242.99,1754.33492823
2021-06-13,243.4,262.24,237.41,260.7,1315.36357819
2021-06-14,261.03,275.32,258.71,275.15,2004.69786666
2021-06-15,275.34,285.49,272.31,278.26,1711.56825126
2021-06-16,277.75,288.68,259.84,262.64,3459.74011142
2021-06-17,263.15,281.5,262.18,276.86,2119.16837882
2021-06-18,276.8,279.98,261.06,264.77,3585.42273731
2021-06-19,265.41,282.46,263.01,267.97,2574.44461113
2021-06-20,267.97,271.23,248.74,264.88,3949.83844151
2021-06-21,265.02,266.1,200.46,204.55,4069.70514017
2021-06-22,203.94,226.55,182.98,201.74,15261.1121999
2021-06-23,201.11,223.83,193.32,218.76,5864.32983621
2021-06-24,219.24,227.51,204.71,225.26,1720.51095703
2021-06-25,226.05,227.33,192.88,194.77,3359.15069284
2021-06-26,194.52,203.32,185.47,202.92,3704.6244304800002
2021-06-27,202.92,212.24,195.77,211.08,1327.07308367
2021-06-28,211.8,217.51,206.16,213.07,6359.34878974
2021-06-29,213.38,227.08,212.77,217.88,1680.19160508
2021-06-30,216.95,223.88,212.13,222.88,958.12700914
2021-07-01,222.84,222.84,203.2,205.59,2825.6985699
2021-07-02,205.48,211.77,199.38,211.54,1017.67077928
2021-07-03,211.52,216.27,206.81,214.99,1315.06438617
2021-07-04,214.9,225.0,213.1,219.89,1943.84702929
2021-07-05,220.04,220.34,205.4,214.08,3490.33226211
2021-07-06,214.12,222.25,212.06,222.2,2452.34327887
2021-07-07,221.91,231.41,214.44,214.74,2555.44161273
2021-07-08,214.38,215.43,201.79,205.12,2491.63012745
2021-07-09,204.74,214.57,199.63,212.57,2510.12879117
2021-07-10,212.68,217.38,206.84,209.41,1980.64630083
2021-07-11,209.63,214.64,207.79,211.66,938.15272953
2021-07-12,211.02,216.8,202.77,206.24,2383.07427976
2021-07-13,205.96,211.4,200.23,203.54,2508.44000768
2021-07-14,203.67,205.18,192.03,203.19,3620.81552449
2021-07-15,203.84,205.43,190.15,196.46,3286.48353453
2021-07-16,196.75,200.27,191.5,193.03,1790.44630933
2021-07-17,193.09,199.67,191.38,197.95,1874.90524289
2021-07-18,197.71,204.87,197.08,199.51,2276.40689508
2021-07-19,199.02,200.46,187.62,189.05,5209.11423272
2021-07-20,189.05,191.55,179.05,183.11,7154.72922208
2021-07-21,182.89,200.38,179.2,196.53,3787.33164923
2021-07-22,196.86,202.31,190.2,197.89,1236.14599052
2021-07-23,198.05,203.88,194.54,203.76,1945.28799242
2021-07-24,204.1,211.0,201.96,208.83,1576.7204033
2021-07-25,208.67,214.64,204.37,212.66,1419.06631212
2021-07-26,212.6,235.05,212.44,218.59,4246.28612572
2021-07-27,218.34,226.47,214.33,225.93,2569.13549964
2021-07-28,225.74,235.36,222.33,235.36,2971.7109958
2021-07-29,235.43,247.95,231.07,241.52,3307.46255679
2021-07-30,241.87,245.27,230.31,242.03,2921.76138826
2021-07-31,241.87,249.0,234.52,239.91,4680.93186361
2021-08-01,239.96,249.37,232.56,235.96,3455.24603764
2021-08-02,236.89,244.21,228.62,232.3,3540.66926445
2021-08-03,232.59,236.82,223.99,225.45,3351.64729494
2021-08-04,226.56,245.68,223.41,244.87,2299.75188448
2021-08-05,244.64,254.16,237.42,252.77,4336.67582781
2021-08-06,252.77,268.0,250.84,263.0,6195.88556074
2021-08-07,262.69,275.77,259.12,271.26,4417.69487831
2021-08-08,271.4,274.7,255.92,256.39,8951.01155687
2021-08-09,257.23,271.88,253.92,269.72,13451.23808522
2021-08-10,268.64,270.4,255.24,265.98,25469.82983677
2021-08-11,266.66,279.17,265.99,268.66,5663.44870616
2021-08-12,267.65,276.35,252.24,257.36,4406.56444072
2021-08-13,257.45,273.43,255.1,273.36,3541.10996277
2021-08-14,273.44,279.2,265.16,271.65,3214.64159604
2021-08-15,271.38,274.99,261.93,272.07,3903.47623563
2021-08-16,272.4,285.0,266.5,268.4,10379.86985317
2021-08-17,266.49,277.89,255.59,255.59,5715.6751958
2021-08-18,256.02,262.33,244.89,252.78,8334.22170321
2021-08-19,252.59,264.14,247.19,264.14,2052.64328145
2021-08-20,264.2,283.3,262.27,281.84,6248.48540759
2021-08-21,281.95,293.34,272.95,287.84,7862.96341727
2021-08-22,288.29,306.37,276.28,305.92,8957.57511208
2021-08-23,306.36,335.37,301.8,318.5,44169.92219756
2021-08-24,317.89,339.49,303.0,308.08,20109.31607739
2021-08-25,308.87,325.25,298.25,313.11,9021.2182486
2021-08-26,314.17,317.67,286.62,291.5,8148.5500174
2021-08-27,291.5,316.58,286.13,314.3,7357.20278827
2021-08-28,315.41,316.7,298.5,300.52,2911.4649367
2021-08-29,300.58,307.25,281.72,291.33,38648.84830839
2021-08-30,291.68,294.97,280.76,281.85,3070.48866114
2021-08-31,281.83,292.65,279.45,286.42,1873.08514385
2021-09-01,285.89,303.28,280.2,303.24,6038.1238325
2021-09-02,303.12,310.21,298.29,302.73,4089.1393489
2021-09-03,302.73,310.03,296.67,303.9,2697.11714089
2021-09-04,303.9,311.09,299.06,305.01,2006.31586197
2021-09-05,304.88,319.14,299.65,315.41,4435.97087834
2021-09-06,314.23,321.76,301.18,315.38,3654.72313609
2021-09-07,315.03,315.94,233.14,263.02,36897.43915102
2021-09-08,263.24,270.71,245.41,257.09,9187.91048664
2021-09-09,257.54,266.85,253.66,261.76,6557.00413468
2021-09-10,261.68,268.18,244.52,249.06,5350.61354552
2021-09-11,249.58,258.54,247.82,249.58,3198.26000732
2021-09-12,249.45,258.3,246.38,256.13,3429.94463401
2021-09-13,256.44,270.32,241.46,263.38,11028.63963417
2021-09-14,263.15,274.86,255.95,269.35,7386.98167946
2021-09-15,268.52,274.48,265.16,268.9,3528.83660894
2021-09-16,269.57,273.17,260.14,264.55,7719.21239124
2021-09-17,264.33,268.09,256.85,262.67,4115.22566714
2021-09-18,262.35,271.71,260.21,271.69,3432.36108354
2021-09-19,271.64,276.48,257.8,259.71,7356.88168261
2021-09-20,259.73,261.16,226.23,231.51,17985.38296943
2021-09-21,231.96,237.25,212.71,218.3,17169.14405821
2021-09-22,218.3,248.28,214.91,245.42,25898.98293931
2021-09-23,245.01,251.15,243.88,248.7,5648.81604868
2021-09-24,249.7,254.98,223.53,233.48,7138.48688347
2021-09-25,233.72,242.19,230.5,235.81,2057.20931163
2021-09-26,235.95,237.04,222.33,234.6,3749.32430359
2021-09-27,234.28,248.03,234.17,235.18,5097.27784774
2021-09-28,234.37,243.69,228.45,229.3,6073.66310109
2021-09-29,229.84,240.59,228.99,233.85,3078.81394772
2021-09-30,232.97,255.85,232.9,251.0,9014.56250611
2021-10-01,251.18,261.85,243.4,257.98,3893.45179714
2021-10-02,257.86,262.46,252.0,252.79,1639.79013116
2021-10-03,252.87,263.78,250.59,259.38,3126.2633436300002
2021-10-04,258.89,267.24,251.82,264.05,5893.05972186
2021-10-05,265.19,276.37,261.41,270.94,11462.98697446
2021-10-06,271.0,294.7,262.6,287.55,13822.96113812
2021-10-07,286.94,296.59,275.65,277.77,11654.23926366
2021-10-08,278.14,286.63,276.57,276.97,5633.18873746
2021-10-09,278.19,282.12,273.69,278.32,1837.06021147
2021-10-10,278.23,282.57,269.2,270.24,2327.51094924
2021-10-11,269.88,280.04,265.76,276.8,4422.02495145
2021-10-12,276.8,280.65,268.06,277.07,4214.15403627
2021-10-13,277.07,283.12,269.4,274.64,1481.74112458
2021-10-14,274.48,274.69,264.04,266.59,3203.57189471
2021-10-15,266.91,279.48,260.56,274.04,9258.70426917
2021-10-16,274.03,275.0,265.1,268.02,3027.88454377
2021-10-17,267.53,268.24,253.3,260.57,3690.16825658
2021-10-18,261.32,264.34,252.78,256.21,4100.52502094
2021-10-19,256.25,260.74,251.34,254.78,4450.63645478
2021-10-20,254.78,265.86,253.3,259.97,3303.78716259
2021-10-21,260.05,275.24,257.78,270.75,4849.73530302
2021-10-22,270.87,274.68,264.7,266.82,2626.77201073
2021-10-23,266.44,269.81,261.49,267.5,1496.5288218
2021-10-24,267.24,295.17,266.81,289.28,16795.00671342
2021-10-25,289.39,298.57,284.08,286.57,10226.38148914
2021-10-26,286.56,293.9,279.17,279.78,10139.1151856
2021-10-27,279.94,283.19,247.19,255.59,9737.06993947
2021-10-28,256.18,270.94,253.14,267.57,4395.66901738
2021-10-29,267.0,270.97,265.22,268.59,3573.91281238
2021-10-30,268.83,269.83,260.7,262.93,6976.05709609
2021-10-31,263.25,276.06,262.72,274.91,6346.96193263
2021-11-01,275.07,278.52,267.37,271.25,4416.92006879
2021-11-02,271.1,277.29,267.76,275.09,1806.35358325
2021-11-03,275.26,275.26,264.07,265.82,1800.94836073
2021-11-04,266.26,266.78,256.01,260.59,1332.13707793
2021-11-05,261.04,262.81,253.2,255.0,12860.93921458
2021-11-06,254.27,262.59,249.0,259.64,2395.96174307
2021-11-07,259.57,266.92,258.93,266.92,2347.53368767
2021-11-08,266.71,275.02,262.06,274.99,3568.43569362
2021-11-09,274.94,294.14,269.48,288.92,15571.5943473
2021-11-10,289.34,292.81,260.66,267.29,10325.09764178
2021-11-11,267.21,270.94,261.21,263.92,4241.27234008
2021-11-12,263.58,266.78,252.51,260.59,4911.82664075
2021-11-13,261.19,274.62,258.31,270.64,3480.40099979
2021-11-14,270.78,281.52,266.62,274.88,3455.21676737
2021-11-15,274.93,278.69,265.22,267.8,3350.55167195
2021-11-16,267.8,267.8,230.76,240.93,9116.27694787
2021-11-17,241.72,244.26,230.7,241.7,3365.92376792
2021-11-18,240.8,244.21,224.45,226.4,4006.01384742
2021-11-19,227.55,239.95,224.39,239.06,3155.81152937
2021-11-20,238.77,252.18,237.64,247.14,3056.57752452
2021-11-21,247.63,253.92,242.46,251.08,2148.5081927
2021-11-22,250.53,251.28,229.15,231.89,2682.49271346
2021-11-23,231.77,239.36,226.0,237.41,6804.58049091
2021-11-24,237.26,246.9,233.41,244.03,16785.05221974
2021-11-25,244.12,251.12,241.89,248.65,10772.61647147
2021-11-26,248.52,249.76,217.69,226.37,12794.99531793
2021-11-27,227.34,234.05,226.1,228.34,3822.65924039
2021-11-28,228.3,239.64,220.13,239.18,9143.5401389
2021-11-29,239.07,240.36,233.66,235.96,7034.40822283
2021-11-30,236.55,250.99,228.66,238.23,4644.44145154
2021-12-01,238.19,243.33,227.2,230.84,2735.67063893
2021-12-02,230.76,242.06,225.83,238.91,8815.41061395
2021-12-03,239.06,244.0,218.0,223.53,12362.19070689
2021-12-04,223.43,225.63,177.1,205.0,21555.42150439
2021-12-05,205.07,206.39,193.83,201.7,5362.36485865
2021-12-06,201.71,203.94,186.56,201.25,4940.14375255
2021-12-07,202.19,208.3,199.92,207.08,3281.74525255
2021-12-08,207.54,214.16,200.7,209.85,5212.8124545
2021-12-09,209.8,210.78,188.36,189.24,2724.66082087
2021-12-10,189.42,197.86,185.74,190.44,5940.59270683
2021-12-11,190.58,199.85,187.25,198.33,2213.96614947
2021-12-12,198.61,202.48,191.93,197.99,2321.98486592
2021-12-13,198.45,199.35,181.97,184.35,3819.68405418
2021-12-14,183.64,188.37,180.35,187.38,2166.92775473
2021-12-15,186.63,190.82,179.04,188.25,2175.92742483
2021-12-16,188.33,199.21,185.3,187.19,3323.40335738
2021-12-17,187.05,188.66,176.93,181.68,2247.05751243
2021-12-18,181.73,186.07,178.15,181.4,1884.80267855
2021-12-19,181.73,186.23,178.22,183.84,2289.1424679799998
2021-12-20,183.41,193.41,179.49,188.96,7083.33313651
2021-12-21,189.37,197.91,187.59,189.3,6686.17870246
2021-12-22,189.63,194.54,186.32,190.45,5015.44890499
2021-12-23,190.95,215.51,187.78,209.78,10276.06255673
2021-12-24,209.19,210.2,200.43,204.19,2745.58619434
2021-12-25,204.81,218.29,203.31,211.28,6059.52274742
2021-12-26,211.21,217.34,206.42,216.46,3500.67847006
2021-12-27,217.22,236.61,215.49,220.75,7705.06425149
2021-12-28,220.95,220.98,207.22,209.19,5503.4356236
2021-12-29,209.03,218.61,203.16,214.61,5160.66427089
2021-12-30,215.24,228.86,209.57,225.41,7152.05916903
2021-12-31,225.66,235.44,223.06,228.51,10048.68249746
2022-01-01,228.81,254.53,228.81,250.66,21637.07925295
2022-01-02,250.68,251.77,236.79,239.68,7593.94385253
2022-01-03,239.67,239.67,223.43,231.84,4819.1409321
2022-01-04,231.95,233.65,220.04,222.18,5272.76519249
2022-01-05,222.2,225.48,200.67,206.75,9885.26608562
2022-01-06,206.49,206.6,194.03,204.69,6859.274541
2022-01-07,204.84,208.76,192.05,194.6,6833.81054591
2022-01-08,195.13,197.53,179.53,184.09,5110.21216474
2022-01-09,184.07,194.7,183.05,190.8,4733.93335664
2022-01-10,190.85,194.35,177.79,182.85,11200.57574026
2022-01-11,182.53,193.72,181.33,193.37,12028.1543428
2022-01-12,193.27,201.38,193.26,199.0,7763.8347287999995
2022-01-13,199.01,230.57,198.34,223.45,29855.41637051
2022-01-14,224.05,231.76,217.24,229.82,21070.46687882
2022-01-15,229.92,231.05,217.22,217.76,4292.49459406
2022-01-16,217.54,228.43,212.76,224.15,5573.88898531
2022-01-17,223.84,231.0,211.8,214.38,10305.42465329
2022-01-18,214.39,218.53,199.82,204.35,9520.73927378
2022-01-19,204.24,213.0,198.95,201.62,15296.23458724
2022-01-20,201.34,209.92,188.08,188.58,3030.30023288
2022-01-21,188.28,192.18,167.64,173.04,12328.77693694
2022-01-22,172.99,175.59,140.75,152.02,19779.71992854
2022-01-23,152.34,159.03,148.33,157.04,5202.09338739
2022-01-24,156.82,156.88,134.66,146.62,8778.34892695
2022-01-25,147.0,148.26,139.81,144.4,2749.62693227
2022-01-26,144.95,158.2,142.8,148.37,3318.58738138
2022-01-27,148.21,149.8,139.49,144.88,3458.78212719
2022-01-28,144.88,149.43,141.08,149.1,2108.88544966
2022-01-29,149.08,155.71,148.8,153.78,6460.56788021
2022-01-30,153.74,155.17,145.75,147.97,2149.10155028
2022-01-31,148.06,148.14,140.71,147.49,1986.95356385
2022-02-01,146.89,148.16,143.56,146.24,1998.32909474
2022-02-02,146.08,151.95,144.09,145.18,27044.48165328
2022-02-03,144.87,147.38,140.78,147.07,11906.042022669999
2022-02-04,147.07,165.95,147.07,165.53,6714.06130633
2022-02-05,165.24,170.37,162.19,168.82,2697.52460346
2022-02-06,168.75,174.53,166.85,173.76,1935.8103616399999
2022-02-07,174.08,185.45,171.2,185.09,3546.50882775
2022-02-08,184.84,187.75,174.74,178.72,17112.26563943
2022-02-09,178.92,185.99,175.79,185.99,7510.516493069999
2022-02-10,186.04,187.33,177.45,179.41,4336.95489184
2022-02-11,179.16,181.51,166.21,169.29,3459.51395769
2022-02-12,169.46,175.19,164.08,173.71,4155.28008656
2022-02-13,173.59,175.2,170.89,173.89,1276.14933241
2022-02-14,174.33,177.44,168.06,176.46,1835.09524351
2022-02-15,176.6,183.44,174.51,182.65,5362.93474863
2022-02-16,182.62,183.8,178.2,179.03,1732.70887452
2022-02-17,179.14,180.96,163.09,163.97,5785.57934437
2022-02-18,163.73,167.01,159.02,160.27,6944.45990827
2022-02-19,160.36,165.57,158.28,161.31,4613.25921723
2022-02-20,161.01,161.68,151.14,153.91,2394.23031309
2022-02-21,154.24,161.81,147.55,148.07,3575.07043591
2022-02-22,148.23,151.58,140.81,151.04,2652.35649958
2022-02-23,151.08,156.23,148.61,149.0,1422.3351216199999
2022-02-24,149.0,151.66,132.29,147.43,6049.39246786
2022-02-25,147.6,156.06,145.27,153.78,4756.5042623
2022-02-26,154.35,159.97,152.01,157.74,1288.02015335
2022-02-27,157.83,159.81,148.5,150.74,1559.03016654
2022-02-28,150.95,171.01,148.92,170.4,5474.19410018
2022-03-01,170.49,179.95,170.43,177.98,2805.40686334
2022-03-02,177.82,181.37,173.14,177.63,1987.31601347
2022-03-03,177.95,181.28,170.64,172.34,2144.64277324
2022-03-04,172.21,179.53,156.25,159.83,2751.00282583
2022-03-05,160.11,166.27,155.71,165.9,2922.06208556
2022-03-06,166.51,173.41,158.7,158.82,3181.52871028
2022-03-07,159.17,162.75,153.7,158.11,2271.72269596
2022-03-08,158.04,207.77,157.19,203.59,7070.28018153
2022-03-09,203.0,208.23,185.72,188.39,10619.34091601
2022-03-10,188.69,192.38,165.15,179.39,6694.15148409
2022-03-11,178.41,178.41,167.03,170.6,5784.81958745
2022-03-12,170.34,186.62,169.49,185.29,8442.79762373
2022-03-13,185.18,194.49,174.87,175.77,10019.02485322
2022-03-14,175.32,186.31,174.0,185.84,3648.85020758
2022-03-15,186.21,191.23,177.16,183.21,4581.27579853
2022-03-16,183.3,193.91,182.66,189.35,10942.04055903
2022-03-17,189.67,191.89,185.53,187.73,2232.70857945
2022-03-18,187.83,196.62,186.2,195.28,2897.38484303
2022-03-19,194.93,202.18,191.1,197.51,5239.75958612
2022-03-20,197.75,204.88,194.15,194.84,4175.50181528
2022-03-21,194.23,195.47,188.12,191.3,9151.4302217
2022-03-22,191.11,197.87,189.55,193.8,1840.38163868
2022-03-23,194.05,197.43,190.96,197.38,910.16994279
2022-03-24,197.16,204.4,193.78,203.93,2158.97876951
2022-03-25,204.25,204.83,199.02,199.72,2136.19694075
2022-03-26,199.64,209.92,199.63,206.97,4177.04402932
2022-03-27,206.8,215.84,205.25,215.81,2690.34159547
2022-03-28,215.71,221.46,212.71,214.73,3083.54984153
2022-03-29,214.38,225.81,214.38,221.94,4364.15019924
2022-03-30,221.72,223.41,215.85,221.7,1873.07059431
2022-03-31,221.49,223.3,211.04,212.5,2629.4212443
2022-04-01,212.96,222.0,208.86,218.22,2873.67455316
2022-04-02,218.16,223.16,211.96,212.5,4366.05815417
2022-04-03,212.52,218.88,209.35,217.14,1860.19992687
2022-04-04,217.39,224.13,211.35,221.95,4055.04249847
2022-04-05,222.14,228.55,217.91,222.3,7066.76366704
2022-04-06,222.27,224.55,211.47,213.01,8727.16363575
2022-04-07,212.96,228.26,212.82,226.19,7575.45796135
2022-04-08,226.23,227.43,215.02,216.9,6027.67506836
2022-04-09,217.14,245.0,216.27,239.63,17088.21214537
2022-04-10,240.18,245.01,228.97,235.55,18438.3485264
2022-04-11,235.82,244.02,215.23,225.69,20391.18629165
2022-04-12,226.2,250.71,224.81,232.41,16847.80481993
2022-04-13,232.5,239.18,227.72,237.07,6192.51519797
2022-04-14,237.2,240.54,224.02,229.41,5511.13550454
2022-04-15,229.22,240.45,228.08,239.48,3393.0869133
2022-04-16,239.77,239.77,228.3,236.25,2312.20784467
2022-04-17,236.45,243.56,235.12,241.53,4591.80245473
2022-04-18,241.39,271.63,233.79,266.27,12289.50644066
2022-04-19,266.75,268.79,250.43,254.23,6128.86232543
2022-04-20,254.09,271.84,252.11,266.72,10164.66316958
2022-04-21,267.04,289.7,266.41,278.78,15363.26040577
2022-04-22,278.7,289.84,261.49,268.23,9979.94779432
2022-04-23,268.44,279.14,262.77,267.01,2997.73179203
2022-04-24,266.65,269.4,248.15,252.82,4022.50508906
2022-04-25,252.77,260.15,237.45,254.6,6378.38910054
2022-04-26,254.5,264.52,227.32,230.4,6998.64186357
2022-04-27,230.22,236.04,221.2,229.44,5592.41386022
2022-04-28,229.36,237.69,223.66,227.34,7483.20774235
2022-04-29,227.38,236.0,217.0,220.79,9885.89436139
2022-04-30,220.42,234.3,212.26,214.44,14359.02688733
2022-05-01,214.22,228.01,208.26,212.29,7684.58659756
2022-05-02,212.07,216.73,196.2,199.58,11438.85656982
2022-05-03,199.31,215.98,198.86,207.03,11324.01314178
2022-05-04,207.34,225.53,206.1,225.53,7636.14045655
2022-05-05,225.78,229.68,197.32,206.79,10237.47527159
2022-05-06,206.48,218.97,200.24,218.97,7854.63288055
2022-05-07,218.97,223.35,199.0,204.79,12600.98733726
2022-05-08,204.48,222.4,199.59,217.64,15050.90154011
2022-05-09,217.13,221.25,172.57,173.18,24672.39773424
2022-05-10,173.58,189.53,150.44,163.32,22986.56050489
2022-05-11,163.06,176.93,137.45,139.96,25218.78891481
2022-05-12,140.96,156.09,117.4,138.97,14674.09124455
2022-05-13,138.69,155.58,135.8,143.99,6906.60218244
2022-05-14,144.0,155.28,135.34,153.73,9066.48757818
2022-05-15,153.68,172.92,151.08,171.86,18569.74233741
2022-05-16,172.08,175.95,160.0,162.29,14482.25772939
2022-05-17,162.43,177.55,162.19,172.71,11449.68871938
2022-05-18,172.79,175.77,154.36,154.98,12229.36254333
2022-05-19,155.06,170.4,150.97,166.17,10796.66056887
2022-05-20,165.96,181.62,163.59,174.17,21902.35418113
2022-05-21,173.97,181.28,170.39,175.7,10434.11245717
2022-05-22,175.93,188.48,172.42,187.1,6538.98638607
2022-05-23,186.85,199.68,182.0,185.11,15142.12356049
2022-05-24,185.2,196.45,183.52,193.02,9567.54763492
2022-05-25,193.09,205.45,191.62,204.41,12244.32709444
2022-05-26,204.01,206.79,185.0,189.37,11319.4356618
2022-05-27,189.75,190.48,176.17,180.93,9696.14711465
2022-05-28,180.92,184.26,173.93,175.93,4489.45244612
2022-05-29,176.05,188.21,167.43,185.92,6373.83126708
2022-05-30,186.16,209.9,182.48,204.49,12030.07571428
2022-05-31,204.38,208.87,191.61,198.35,12977.47222198
2022-06-01,198.38,204.25,193.23,198.63,15437.1731258
2022-06-02,198.87,204.16,192.63,201.58,6096.37474373
2022-06-03,201.62,203.01,187.58,193.79,5149.03272569
2022-06-04,193.67,196.17,188.36,189.2,4475.7967567900005
2022-06-05,189.04,191.84,185.86,188.01,5431.5704972
2022-06-06,187.88,195.76,187.88,189.47,3363.33325035
2022-06-07,189.19,195.27,180.01,187.23,7034.64607252
2022-06-08,187.33,189.65,182.24,186.77,5283.8469195
2022-06-09,187.04,189.71,182.61,185.97,3016.65091662
2022-06-10,185.81,186.65,172.28,174.12,6214.0204635
2022-06-11,174.34,178.59,160.95,166.45,11811.91546918
2022-06-12,166.71,167.25,152.91,158.21,8096.61395229
2022-06-13,158.33,160.51,128.32,132.56,22373.64836605
2022-06-14,132.73,134.26,116.16,118.38,19729.49095629
2022-06-15,118.38,119.5,104.11,118.56,30668.74783114
2022-06-16,118.77,121.19,104.41,106.64,19494.23926909
2022-06-17,106.7,116.34,106.26,114.19,16768.01660907
2022-06-18,114.12,115.34,96.77,104.36,12702.58731229
2022-06-19,104.24,115.31,100.06,114.35,11062.95335236
2022-06-20,114.12,117.84,108.5,117.41,4458.28367526
2022-06-21,117.29,125.0,115.7,118.45,9964.12855271
2022-06-22,118.23,118.32,111.02,111.08,3758.6972136
2022-06-23,110.87,122.75,110.61,122.67,2691.29397572
2022-06-24,122.59,128.76,122.33,126.37,2450.76688992
2022-06-25,126.58,128.16,120.85,127.9,2220.27160545
2022-06-26,127.54,134.22,124.89,125.2,4994.34966176
2022-06-27,125.45,130.63,119.8,120.48,6291.40580132
2022-06-28,120.71,123.22,116.02,117.66,3345.57079506
2022-06-29,117.69,124.9,116.68,118.67,8201.95173996
2022-06-30,118.98,119.63,108.13,112.61,6186.47964362
2022-07-01,112.9,117.39,110.79,115.15,5362.33633626
2022-07-02,115.47,119.19,113.37,115.91,5581.96986021
2022-07-03,116.1,117.83,114.02,116.36,2064.01370365
2022-07-04,116.14,124.57,114.9,123.98,2684.0463377
2022-07-05,124.19,125.39,118.64,122.31,3194.99204128
2022-07-06,122.59,126.69,120.94,125.51,2688.42427219
2022-07-07,125.72,131.44,125.14,130.35,3020.11574705
2022-07-08,130.57,133.62,125.19,125.19,2114.28753289
2022-07-09,125.33,129.11,125.02,127.3,3224.50115915
2022-07-10,127.15,129.53,120.55,129.53,4490.57372309
2022-07-11,129.9,133.08,125.51,127.0,10541.45635789
2022-07-12,126.83,129.23,122.74,122.74,4731.68668378
2022-07-13,122.87,125.78,117.49,124.25,3062.56318873
2022-07-14,124.33,134.99,123.21,133.77,3680.834946
2022-07-15,133.88,141.67,132.47,138.81,4364.62926668
2022-07-16,139.02,145.23,135.54,139.05,7481.48182859
2022-07-17,139.05,142.46,134.36,135.73,3335.22534161
2022-07-18,135.91,149.01,135.84,147.18,5584.56048121
2022-07-19,147.03,150.38,139.99,146.23,11219.9691545
2022-07-20,146.47,153.47,143.2,151.21,9135.11534486
2022-07-21,151.36,153.47,146.06,151.08,10559.23474832
2022-07-22,150.81,154.09,148.13,149.19,8320.73009447
2022-07-23,148.8,151.31,142.47,146.2,4976.87467705
2022-07-24,146.26,154.12,146.26,151.63,2067.62606765
2022-07-25,151.46,152.26,142.43,143.38,6064.86617788
2022-07-26,142.98,151.55,137.79,151.24,8366.70026907
2022-07-27,151.24,163.92,150.02,161.56,10714.19319251
2022-07-28,161.62,167.0,156.62,162.32,5524.19825165
2022-07-29,162.32,166.39,158.89,160.17,4585.68963746
2022-07-30,160.41,163.69,154.61,155.72,2855.21618356
2022-07-31,155.75,159.89,153.68,154.9,2288.46961348
2022-08-01,154.82,161.52,152.06,160.5,2426.63191347
2022-08-02,160.5,161.82,153.87,156.97,1893.20534731
2022-08-03,157.07,164.15,155.23,156.59,4331.00909899
2022-08-04,156.59,162.96,156.3,159.58,4451.71858788
2022-08-05,159.37,162.35,156.51,161.56,2524.97348658
2022-08-06,161.91,165.19,160.17,160.45,2033.63193871
2022-08-07,160.59,171.16,158.04,164.63,5483.51117236
2022-08-08,164.83,170.34,162.19,167.16,4754.97470016
2022-08-09,167.06,172.32,155.5,157.93,7792.04792148
2022-08-10,158.14,169.54,154.5,167.67,4345.29778169
2022-08-11,167.44,169.01,156.62,158.8,4096.58039905
2022-08-12,158.86,166.83,156.65,165.84,3178.24664397
2022-08-13,166.3,168.19,164.3,166.36,3357.46884524
2022-08-14,166.32,169.23,163.55,166.29,4896.28218091
2022-08-15,165.92,169.83,161.47,163.16,7175.56779112
2022-08-16,163.15,174.2,162.04,169.51,6484.09538774
2022-08-17,169.68,170.92,158.71,168.81,5903.19499859
2022-08-18,169.07,170.51,158.92,160.93,4531.13265886
2022-08-19,160.98,161.03,141.85,142.16,9981.91274417
2022-08-20,142.16,149.81,142.16,148.75,3576.2304696
2022-08-21,148.75,157.6,148.65,154.2,3067.78073064
2022-08-22,154.2,154.79,150.5,154.05,2858.46548886
2022-08-23,153.95,155.97,150.11,154.39,1491.77953072
2022-08-24,154.39,154.84,150.34,150.92,1006.77975296
2022-08-25,150.8,155.45,150.11,154.01,1840.65869598
2022-08-26,153.82,155.31,141.15,142.65,2288.44521738
2022-08-27,142.61,146.31,141.63,145.15,3015.41714662
2022-08-28,144.87,149.38,144.05,146.41,2659.53752825
2022-08-29,146.63,153.15,144.72,152.52,3051.17001473
2022-08-30,152.74,152.99,147.11,148.94,2025.70414384
2022-08-31,149.01,152.58,148.35,149.16,1091.48147407
2022-09-01,149.18,155.3,148.41,154.73,2966.99758798
2022-09-02,154.82,154.96,150.3,153.48,2391.44654794
2022-09-03,153.08,155.0,151.44,154.24,1587.63370563
2022-09-04,154.39,156.35,153.61,155.69,1513.50360531
2022-09-05,155.63,157.98,154.7,157.39,1163.62426457
2022-09-06,157.62,160.05,144.56,144.86,3998.83333846
2022-09-07,144.87,152.25,141.6,149.45,4022.59735477
2022-09-08,149.33,152.56,147.71,152.11,2012.4604663
2022-09-09,152.11,161.83,151.65,161.51,5883.04306649
2022-09-10,161.53,162.04,157.06,157.68,2460.44153815
2022-09-11,157.85,159.59,154.43,159.03,1020.77776451
2022-09-12,159.07,166.6,158.18,164.42,3202.85952968
2022-09-13,164.24,165.49,145.27,145.29,3750.84241346
2022-09-14,145.45,151.66,144.95,149.9,1858.06909171
2022-09-15,149.9,151.81,144.0,145.95,3308.32309486
2022-09-16,145.85,149.51,144.02,149.13,1980.55517466
2022-09-17,149.04,151.97,147.36,147.5,1354.48231693
2022-09-18,147.52,149.0,137.78,140.5,5245.17099039
2022-09-19,140.31,141.97,135.01,140.4,2165.65918864
2022-09-20,140.66,143.53,139.57,142.56,2604.19847683
2022-09-21,142.5,145.39,134.38,135.18,2409.73273945
2022-09-22,135.32,144.35,134.07,144.19,1660.66346751
2022-09-23,144.39,146.37,137.81,141.45,1568.24647649
2022-09-24,141.56,144.26,140.54,141.83,1868.40082733
2022-09-25,141.94,144.73,140.13,141.19,1428.55098114
2022-09-26,140.94,146.18,139.81,146.02,1578.25211347
2022-09-27,145.93,153.52,143.14,144.31,3230.93313939
2022-09-28,144.39,148.32,140.31,147.23,3418.42010625
2022-09-29,147.2,149.55,146.08,148.47,2104.0672018
2022-09-30,148.47,150.9,146.26,147.45,1917.23521992
2022-10-01,147.45,150.27,140.74,141.33,3684.35566803
2022-10-02,141.07,141.96,136.38,137.06,2775.584489
2022-10-03,137.06,141.79,136.52,141.67,2817.48091833
2022-10-04,141.67,147.8,141.67,146.62,1835.29182471
2022-10-05,146.75,148.27,143.67,146.09,2818.46657428
2022-10-06,146.22,152.55,143.45,149.12,6597.34395515
2022-10-07,148.95,149.57,143.7,146.54,5305.0937713
2022-10-08,146.53,148.37,145.06,147.85,3030.78041298
2022-10-09,147.78,148.97,145.14,145.7,3579.10277689
2022-10-10,145.53,147.8,141.83,142.23,3020.51351908
2022-10-11,142.23,145.33,140.07,144.68,3243.34039536
2022-10-12,144.72,146.48,142.59,144.85,1907.11841539
2022-10-13,145.07,145.28,134.55,142.88,5455.85687815
2022-10-14,142.69,145.97,139.81,140.58,2807.10524826
2022-10-15,140.67,142.16,139.06,139.61,9923.15092603
2022-10-16,139.62,143.49,139.62,143.1,2911.064477
2022-10-17,143.1,145.14,142.54,143.59,4846.7022187
2022-10-18,143.73,148.18,142.67,146.22,12089.94541836
2022-10-19,146.09,148.67,144.7,145.2,6185.64631907
2022-10-20,144.97,148.83,140.07,141.28,9608.36887281
2022-10-21,141.08,143.53,136.92,140.79,10048.02110775
2022-10-22,140.79,143.27,139.52,143.02,10460.2663938
2022-10-23,143.08,145.06,142.23,144.56,7554.26193212
2022-10-24,144.65,145.02,141.58,143.22,6245.73899859
2022-10-25,143.08,146.6,142.81,144.18,5751.37530519
2022-10-26,144.36,148.01,144.09,146.89,1877.47300073
2022-10-27,146.89,150.3,145.02,145.78,7227.56236365
2022-10-28,145.78,148.46,143.95,146.94,3224.26098644
2022-10-29,146.94,149.69,145.89,149.13,3289.4647503
2022-10-30,149.02,150.87,146.31,147.58,3388.27285787
2022-10-31,147.58,151.05,146.02,149.64,2794.81342818
2022-11-01,149.51,151.42,148.36,149.7,2385.37992513
2022-11-02,149.78,151.42,145.02,146.98,3850.18631112
2022-11-03,146.83,150.47,146.81,149.38,2588.13204519
2022-11-04,149.48,158.69,149.02,158.69,4061.78587711
2022-11-05,158.53,162.12,156.52,157.36,5155.66360041
2022-11-06,157.36,160.65,154.37,155.17,3049.47037514
2022-11-07,154.8,159.58,153.47,155.22,2402.99366277
2022-11-08,155.22,157.27,127.58,138.41,10726.83726036
2022-11-09,138.41,140.01,116.07,119.33,14406.96464929
2022-11-10,119.33,134.56,118.3,133.3,7623.50915622
2022-11-11,133.08,134.51,122.47,128.24,6255.25041532
2022-11-12,128.47,130.02,125.02,128.58,3257.97662615
2022-11-13,128.36,131.55,126.5,127.52,3986.60953317
2022-11-14,127.28,130.67,122.02,129.91,3946.68800919
2022-11-15,129.76,132.84,127.54,128.86,2171.31889978
2022-11-16,129.05,132.71,126.8,132.15,2569.59935951
2022-11-17,132.31,133.02,130.23,133.02,2504.88754757
2022-11-18,132.98,134.56,131.06,133.28,1077.85084434
2022-11-19,133.04,134.53,131.83,134.24,842.5510842
2022-11-20,134.26,134.37,128.44,129.58,1785.31280636
2022-11-21,129.49,135.63,125.91,126.34,8474.79580636
2022-11-22,125.84,134.23,125.27,134.23,6075.68819511
2022-11-23,134.23,137.22,133.11,134.93,12404.29034243
2022-11-24,135.18,137.58,133.24,136.78,10869.18704967
2022-11-25,136.61,138.52,133.74,136.44,5272.77114585
2022-11-26,136.47,139.71,135.72,138.94,2098.63690942
2022-11-27,138.76,140.57,136.45,136.51,5693.10246405
2022-11-28,136.79,137.21,132.96,134.85,3116.88354337
2022-11-29,134.68,140.0,134.48,137.44,3064.46115116
2022-11-30,138.04,142.99,137.93,142.2,3300.8232833
2022-12-01,142.01,144.97,141.43,144.58,9747.08097148
2022-12-02,144.47,146.78,143.07,145.64,3666.89186281
2022-12-03,145.41,148.26,143.78,145.31,7410.56190032
2022-12-04,145.17,147.43,142.19,142.29,4366.75758833
2022-12-05,142.14,146.06,141.66,145.28,3437.0096308399998
2022-12-06,145.37,146.11,142.02,143.44,4235.89200519
2022-12-07,143.7,144.46,141.18,143.95,2632.54753833
2022-12-08,144.23,148.97,142.93,147.82,3308.27604449
2022-12-09,147.92,149.62,146.49,149.25,1394.01550104
2022-12-10,149.06,151.21,148.43,149.51,987.88337977
2022-12-11,149.51,152.16,149.2,150.87,1675.56418489
2022-12-12,150.78,152.29,148.13,150.74,2216.98732786
2022-12-13,150.76,153.28,148.5,151.51,1523.6568262600001
2022-12-14,151.67,152.5,146.89,148.92,2769.53235193
2022-12-15,148.69,150.0,146.54,149.32,3064.39982168
2022-12-16,149.18,149.6,140.34,142.42,2460.76091404
2022-12-17,142.16,144.55,138.62,143.56,2239.73000934
2022-12-18,143.44,146.06,142.88,144.28,717.0867697799999
2022-12-19,144.49,145.8,143.35,144.14,1885.63123699
2022-12-20,144.17,147.84,143.78,147.04,1991.6009998499999
2022-12-21,147.31,148.88,146.63,147.38,1127.17646258
2022-12-22,147.36,147.91,143.8,145.54,757.4466323199999
2022-12-23,145.5,146.93,140.01,143.38,2017.30528254
2022-12-24,143.24,144.29,141.94,143.6,392.79411015
2022-12-25,143.81,145.69,143.39,145.38,771.08675051
2022-12-26,145.23,147.52,144.52,146.88,623.75694229
2022-12-27,147.05,147.49,144.01,145.73,1297.34122876
2022-12-28,145.5,147.05,143.89,146.76,1411.17845884
2022-12-29,146.96,147.17,145.1,145.64,1299.07900724
2022-12-30,145.78,146.63,144.31,146.07,1075.06456123
2022-12-31,146.24,148.8,145.5,147.51,890.23339535
2023-01-01,147.33,149.49,146.53,148.63,629.19219042
2023-01-02,148.81,150.38,148.0,148.0,1083.18144816
2023-01-03,148.04,149.33,147.69,148.46,1031.07144421
2023-01-04,148.47,152.77,148.47,151.13,2645.15515148
2023-01-05,151.08,156.97,150.86,155.9,1189.64551469
2023-01-06,155.9,158.9,152.68,154.9,2085.77685342
2023-01-07,155.09,156.06,153.79,155.9,898.38457753
2023-01-08,156.04,159.23,154.2,156.63,1802.50701348
2023-01-09,155.71,160.64,155.34,158.86,3581.31968436
2023-01-10,158.76,163.2,157.68,161.3,1479.42223731
2023-01-11,161.42,171.85,160.23,168.88,2106.29676328
2023-01-12,168.79,171.22,164.0,166.59,3083.79884652
2023-01-13,166.62,170.65,164.02,170.64,1981.41638848
2023-01-14,170.41,188.12,170.23,175.76,8192.72438186
2023-01-15,175.42,177.37,171.72,174.68,3240.43846378
2023-01-16,174.45,176.86,165.47,168.06,6101.97550758
2023-01-17,167.77,174.78,165.61,171.84,1758.16179975
2023-01-18,171.84,174.91,160.98,162.97,4711.68392084
2023-01-19,162.85,166.02,156.9,165.59,2578.51062556
2023-01-20,165.82,173.84,165.06,173.31,1942.2489816
2023-01-21,173.0,181.95,171.35,172.79,3582.14789361
2023-01-22,172.7,181.67,172.48,176.99,4489.33933972
2023-01-23,177.12,180.42,175.27,179.33,2144.7301362
2023-01-24,179.1,180.28,167.32,171.96,3302.28327823
2023-01-25,172.17,175.97,166.01,173.42,1725.79231213
2023-01-26,173.65,178.07,170.74,171.86,2747.68435335
2023-01-27,171.68,180.5,167.36,179.84,2742.01018827
2023-01-28,180.0,186.18,177.94,184.31,3021.63307921
2023-01-29,184.23,187.25,182.05,186.07,1763.02221059
2023-01-30,186.3,186.51,174.65,175.94,2099.99304847
2023-01-31,176.17,180.49,172.0,177.47,3641.75746932
2023-02-01,177.57,178.66,172.75,177.68,2734.96794906
2023-02-02,177.81,180.77,171.91,173.25,6577.18788765
2023-02-03,173.43,175.52,170.58,171.78,6084.15913328
2023-02-04,171.67,174.87,170.88,172.33,1724.04390282
2023-02-05,172.17,173.8,165.04,166.65,6139.53036176
2023-02-06,166.79,168.56,163.39,164.83,3259.03046209
2023-02-07,164.15,168.23,163.71,168.19,1678.23747814
2023-02-08,168.49,169.16,163.02,165.46,1099.51733799
2023-02-09,165.56,168.25,149.37,152.53,2921.44086758
2023-02-10,152.71,158.55,151.56,154.73,1811.57599647
2023-02-11,154.52,161.76,153.94,161.47,1283.53645534
2023-02-12,161.54,163.35,157.98,159.59,1249.91659829
2023-02-13,159.74,162.02,153.6,155.91,1556.42374781
2023-02-14,155.8,159.3,153.87,158.3,1271.38313528
2023-02-15,158.53,165.68,156.95,165.68,1738.78989752
2023-02-16,165.97,167.0,155.54,155.75,1650.1035968
2023-02-17,155.65,162.22,155.02,159.62,1308.49671258
2023-02-18,159.62,163.72,158.8,161.79,845.6666004699999
2023-02-19,161.91,166.41,159.43,162.2,2588.18271923
2023-02-20,162.42,168.89,160.45,161.55,3913.53030701
2023-02-21,161.72,163.2,156.82,159.5,1076.67571164
2023-02-22,159.5,159.91,155.82,157.9,909.840239
2023-02-23,157.67,159.42,150.22,152.03,1302.50245627
2023-02-24,151.81,154.54,148.7,150.37,1796.99741049
2023-02-25,150.62,151.64,145.2,149.2,1726.35073471
2023-02-26,148.91,152.33,148.35,151.31,1360.13095214
2023-02-27,151.17,152.33,146.44,149.88,1442.41875776
2023-02-28,149.75,152.32,148.99,150.24,1203.01500339
2023-03-01,150.43,153.65,150.36,152.8,1446.32687439
2023-03-02,152.6,153.28,148.65,151.04,2209.49856052
2023-03-03,151.12,151.32,140.69,144.93,1638.16975577
2023-03-04,145.06,147.72,144.08,146.72,2843.69443255
2023-03-05,146.51,150.17,146.21,149.49,976.50418049
2023-03-06,149.3,154.12,148.3,153.98,1204.59433947
2023-03-07,154.14,155.76,148.21,150.35,2732.19147972
2023-03-08,150.14,151.48,143.0,143.13,2781.42384326
2023-03-09,143.32,152.49,140.2,142.67,3848.93826183
2023-03-10,142.27,142.43,132.21,135.32,3509.67980109
2023-03-11,135.49,142.5,132.8,140.5,6642.00627698
2023-03-12,140.53,150.66,139.62,150.33,2939.73433875
2023-03-13,150.06,155.63,146.19,152.54,4106.49185024
2023-03-14,152.81,158.01,147.1,149.88,10179.83903864
2023-03-15,150.08,152.3,142.55,146.46,6465.52285545
2023-03-16,146.6,149.89,144.52,149.4,2689.07438121
2023-03-17,149.3,153.88,149.18,153.51,3432.43832371
2023-03-18,153.39,154.22,146.27,149.21,1929.74660845
2023-03-19,148.99,158.49,148.64,153.23,3736.64815285
2023-03-20,153.38,155.61,149.65,151.71,1331.96449089
2023-03-21,151.8,156.97,149.1,153.14,2018.24335345
2023-03-22,152.99,154.75,145.47,148.78,2245.60538154
2023-03-23,148.56,156.76,148.56,156.62,3618.89732943
2023-03-24,156.75,163.11,154.84,161.92,5738.15120788
2023-03-25,162.06,164.82,159.89,159.96,2895.16871994
2023-03-26,159.8,165.9,159.0,161.49,1799.41256991
2023-03-27,161.4,164.84,151.35,151.71,10637.42718979
2023-03-28,151.51,156.12,149.65,153.81,2510.01769296
2023-03-29,154.02,159.95,153.79,158.84,1095.27490754
2023-03-30,158.97,163.28,154.58,155.31,1783.82439977
2023-03-31,155.44,158.29,154.69,157.51,1541.23033364
2023-04-01,157.57,157.64,153.85,156.94,449.14927455
2023-04-02,157.16,160.87,156.06,160.18,1005.80249727
2023-04-03,160.09,161.86,155.26,156.45,1161.25217927
2023-04-04,156.62,159.42,155.8,158.59,411.36556815
2023-04-05,158.34,160.17,155.77,158.02,698.70818702
2023-04-06,157.71,158.49,156.15,156.51,205.76307738
2023-04-07,156.38,157.68,155.09,156.62,206.15070837
2023-04-08,156.82,158.9,156.76,158.2,123.08555817
2023-04-09,158.24,160.38,157.69,160.15,77.30970219
2023-04-10,160.69,160.78,155.11,159.0,1323.56446206
2023-04-11,159.31,162.53,158.8,161.76,509.01922079
2023-04-12,162.25,162.74,158.95,162.3,750.37456952
2023-04-13,162.11,163.87,161.58,161.94,1254.04368558
2023-04-14,161.65,164.63,159.14,161.93,1383.27125795
2023-04-15,161.55,163.5,161.27,162.37,346.98927209
2023-04-16,162.13,164.01,160.89,163.31,381.13399468
2023-04-17,163.56,163.56,159.4,159.49,682.49950961
2023-04-18,159.4,163.35,158.72,162.81,685.91982248
2023-04-19,162.78,162.78,151.67,152.69,2465.10242727
2023-04-20,152.95,156.05,151.06,153.47,471.26961979
2023-04-21,154.42,155.68,149.72,151.0,480.2746815
2023-04-22,150.99,157.57,150.59,157.57,337.53477433
2023-04-23,157.61,159.16,155.83,157.65,760.97893912
2023-04-24,157.73,158.94,156.24,157.52,318.89150321
2023-04-25,157.51,159.97,154.52,159.97,553.3346843
2023-04-26,159.97,162.48,152.42,156.77,1318.51787051
2023-04-27,156.64,158.97,153.53,153.86,945.7342618
2023-04-28,153.94,156.23,152.44,153.37,1262.61560889
2023-04-29,153.38,156.23,152.72,154.66,654.73569305
2023-04-30,154.62,156.97,153.91,155.9,348.6953142
2023-05-01,155.65,156.0,151.2,152.65,1734.4537191699999
2023-05-02,153.0,154.93,152.58,152.58,952.3040899599999
2023-05-03,152.94,155.23,151.22,154.97,1506.14059641
2023-05-04,155.2,156.8,154.81,155.4,599.48444198
2023-05-05,155.1,158.59,154.9,158.39,873.81277241
2023-05-06,158.18,159.05,153.94,156.8,821.69772352
2023-05-07,156.61,158.95,156.18,156.9,644.53600323
2023-05-08,157.06,157.65,150.0,153.5,1295.24539809
2023-05-09,153.7,155.28,152.34,154.98,241.858992
2023-05-10,155.25,156.19,151.0,153.64,569.738938
2023-05-11,153.53,155.37,151.4,152.76,618.56781401
2023-05-12,152.58,153.7,150.18,153.59,415.86916485
2023-05-13,153.89,153.89,152.61,152.95,136.35343976
2023-05-14,153.3,154.2,152.74,154.03,240.94060894
2023-05-15,153.9,154.65,152.33,152.33,197.91106945
2023-05-16,152.36,152.9,150.78,151.71,159.13181792
2023-05-17,151.81,152.52,151.24,151.66,194.74506560999998
2023-05-18,151.45,152.21,149.47,151.25,140.38033743
2023-05-19,151.22,152.44,149.79,150.58,302.72697958
2023-05-20,150.37,151.7,149.91,150.46,173.52841814
2023-05-21,150.58,150.85,148.97,150.29,172.00541658
2023-05-22,150.57,152.67,149.11,151.51,198.63732893
2023-05-23,152.2,153.08,151.14,151.69,113.11101458
2023-05-24,151.48,151.96,148.45,150.22,262.55795661999997
2023-05-25,150.41,151.72,149.34,151.32,184.62241168
2023-05-26,150.89,151.88,150.6,150.77,906.88120687
2023-05-27,150.72,151.58,150.62,151.46,115.85554867
2023-05-28,151.31,156.86,151.31,155.62,839.4804493
2023-05-29,155.31,156.71,153.08,154.09,285.90555961
2023-05-30,154.3,154.8,152.55,153.16,322.85043817
2023-05-31,153.12,153.53,145.0,146.31,2406.02571359
2023-06-01,146.02,148.72,145.23,146.42,313.81939676
2023-06-02,146.5,147.5,145.1,146.05,312.32043594
2023-06-03,145.8,148.69,145.63,148.54,145.89860769
2023-06-04,148.24,150.14,148.18,148.35,122.33761853
2023-06-05,148.15,148.54,137.5,141.43,1074.40192967
2023-06-06,141.16,147.51,139.02,147.27,431.8021505
2023-06-07,147.0,148.22,143.54,145.15,531.49648357
2023-06-08,145.28,146.18,142.39,142.68,539.7413360099999
2023-06-09,142.36,143.41,141.02,143.14,324.33041778
2023-06-10,143.36,144.04,126.79,138.0,5774.16806766
2023-06-11,137.42,138.99,135.64,138.33,265.7613043
2023-06-12,138.08,140.91,135.95,140.31,615.55585863
2023-06-13,140.66,141.75,136.98,137.02,290.0454329
2023-06-14,137.23,137.3,131.55,134.06,871.73366394
2023-06-15,134.08,135.33,131.78,134.75,759.28746217
2023-06-16,134.27,137.3,132.79,134.83,823.52666078
2023-06-17,134.61,137.17,134.47,136.37,135.02413483
2023-06-18,136.78,141.2,136.05,137.39,175.85293454
2023-06-19,137.55,139.54,136.38,138.16,779.82254072
2023-06-20,138.41,142.97,137.35,141.81,1563.21941199
2023-06-21,141.75,145.97,141.55,145.32,1999.9004065899999
2023-06-22,145.8,153.35,145.8,150.1,1394.38144784
2023-06-23,150.2,155.38,149.16,154.84,307.17525545
2023-06-24,155.43,159.76,153.54,156.77,552.05124241
2023-06-25,156.83,166.35,156.13,163.45,732.11144897
2023-06-26,162.91,166.07,158.66,163.78,783.92709179
2023-06-27,163.94,170.91,163.94,167.7,496.97869235
2023-06-28,167.7,170.73,162.46,164.68,757.25682678
2023-06-29,164.8,167.41,160.67,163.85,805.3139753
2023-06-30,163.78,169.78,160.58,168.39,1462.29101518
2023-07-01,168.49,169.22,166.68,167.26,174.68583918
2023-07-02,166.74,168.75,163.02,168.59,1048.79339313
2023-07-03,168.97,172.6,167.5,168.95,1164.31871963
2023-07-04,168.4,171.08,166.14,166.14,168.90071747
2023-07-05,166.41,169.24,161.95,166.82,476.65297403
2023-07-06,167.31,170.0,164.72,165.98,413.4800483
2023-07-07,165.33,168.62,163.79,165.53,234.68895708
2023-07-08,165.69,168.85,165.3,167.38,500.51616823
2023-07-09,167.28,168.76,165.18,165.87,453.49603865
2023-07-10,165.15,166.89,163.18,163.62,580.45552511
2023-07-11,163.8,165.88,163.19,165.38,124.02651557
2023-07-12,165.14,165.28,163.21,163.6,723.64057051
2023-07-13,163.61,167.76,161.94,164.91,718.34073644
2023-07-14,165.12,166.8,155.4,160.77,2369.1960981
2023-07-15,159.29,166.27,158.91,164.77,1126.49042872
2023-07-16,164.85,166.25,163.15,165.63,621.39778974
2023-07-17,165.78,169.28,163.52,168.37,621.01165955
2023-07-18,168.39,168.95,164.46,166.94,233.26871341
2023-07-19,167.2,170.46,165.48,165.94,487.1067817
2023-07-20,165.64,169.01,163.34,166.33,5462.53268011
2023-07-21,166.07,166.37,160.96,162.01,1032.04770623
2023-07-22,162.05,163.96,161.21,162.44,1073.38520435
2023-07-23,162.11,166.49,161.69,164.03,212.75732462
2023-07-24,163.62,164.74,160.45,161.14,546.68303449
2023-07-25,160.96,163.5,160.07,163.01,497.16310768
2023-07-26,162.7,163.78,161.59,163.39,704.48688735
2023-07-27,163.17,164.19,161.65,162.13,163.14832712999998
2023-07-28,162.47,164.65,162.02,163.58,103.19698976
2023-07-29,163.27,164.53,162.43,163.78,38.88393145
2023-07-30,163.47,163.96,158.39,160.44,97.33011014
2023-07-31,160.24,161.93,160.07,161.62,291.12514629
2023-08-01,161.21,163.64,157.57,160.37,1009.53132609
2023-08-02,160.36,161.11,159.02,160.0,539.71313001
2023-08-03,160.18,161.8,160.01,160.45,697.36179713
2023-08-04,160.31,162.0,157.43,158.44,1693.68746438
2023-08-05,158.84,161.39,157.96,159.79,305.82692729
2023-08-06,159.56,161.13,159.41,159.78,223.02579151
2023-08-07,160.1,160.87,157.46,158.67,349.88851251
2023-08-08,158.41,160.11,158.08,159.11,207.77487349
2023-08-09,158.92,159.72,156.75,157.39,246.02717207999999
2023-08-10,157.14,157.71,154.45,156.0,308.77833015
2023-08-11,156.24,158.07,156.05,156.83,215.67468882
2023-08-12,156.93,158.32,156.76,157.87,405.21231815
2023-08-13,157.91,159.67,157.17,158.51,147.52941497
2023-08-14,158.2,160.0,158.2,158.46,702.16060124
2023-08-15,158.6,158.84,155.17,155.41,379.18908746
2023-08-16,155.27,156.46,153.02,154.19,1244.72934652
2023-08-17,153.73,154.64,134.61,141.71,2402.53495693
2023-08-18,141.56,145.37,141.0,143.48,567.38649796
2023-08-19,143.87,145.38,143.11,144.41,94.4319441
2023-08-20,144.34,149.0,143.62,147.4,318.83914262
2023-08-21,147.15,149.97,144.6,149.78,287.2084647
2023-08-22,149.57,149.74,143.79,145.43,700.95439877
2023-08-23,145.82,146.22,142.84,143.02,525.7415443
2023-08-24,143.05,143.05,135.87,138.54,2229.77401423
2023-08-25,138.64,140.32,137.27,140.27,749.52153431
2023-08-26,140.44,145.1,140.04,143.2,1095.71409532
2023-08-27,143.39,145.97,142.87,145.43,279.50192989
2023-08-28,145.33,146.97,142.73,145.33,928.5814593700001
2023-08-29,145.72,148.76,143.09,146.8,522.43413399
2023-08-30,147.47,148.26,140.76,142.01,630.76899831
2023-08-31,142.26,144.96,139.96,142.9,741.95410072
2023-09-01,143.24,144.87,138.82,141.08,2492.44089742
2023-09-02,140.81,141.73,139.12,140.13,350.52410253
2023-09-03,139.92,141.4,139.21,140.85,250.21821204
2023-09-04,141.33,143.63,140.8,141.25,375.78344136
2023-09-05,141.26,141.26,137.56,137.74,267.0203734
2023-09-06,137.65,142.87,137.65,142.15,748.17920191
2023-09-07,142.57,143.47,141.28,143.43,252.25672631
2023-09-08,143.63,144.45,140.78,143.93,871.08271866
2023-09-09,143.8,144.1,142.27,143.47,267.27479131
2023-09-10,142.99,143.99,141.91,142.99,318.65328075
2023-09-11,143.06,143.94,138.19,140.11,564.0416436099999
2023-09-12,139.9,143.07,139.26,140.83,314.44813665
2023-09-13,140.79,145.6,140.79,142.99,1743.47431911
2023-09-14,143.19,147.0,142.26,146.49,252.50358179
2023-09-15,146.57,149.33,146.29,147.83,1669.96761065
2023-09-16,148.18,148.18,144.26,144.6,309.07321241
2023-09-17,144.61,146.34,143.44,145.78,178.50519673
2023-09-18,146.03,147.91,145.21,145.92,356.56330203
2023-09-19,146.03,148.58,145.88,147.72,363.05148207
2023-09-20,147.44,148.57,145.98,148.14,121.60843944
2023-09-21,148.28,148.48,145.28,145.41,93.80718775
2023-09-22,145.12,147.1,144.8,145.06,114.3992197
2023-09-23,145.32,145.68,141.73,141.97,814.4760647
2023-09-24,142.04,144.86,141.68,143.89,561.20748036
2023-09-25,143.78,145.6,143.27,144.67,117.90289224
2023-09-26,144.56,145.34,143.45,144.95,41.64235869
2023-09-27,144.69,146.73,144.35,146.73,881.2458811
2023-09-28,146.75,147.72,145.54,146.17,410.72062053
2023-09-29,146.2,146.92,144.98,146.92,356.78718308
2023-09-30,147.06,148.08,145.3,146.64,251.54615508
2023-10-01,146.35,150.0,145.6,149.18,286.45011053
2023-10-02,149.19,150.0,145.56,146.36,493.79498514
2023-10-03,146.05,147.82,145.17,147.01,481.68848136
2023-10-04,147.31,150.82,145.99,150.63,281.64504539
2023-10-05,150.43,151.46,148.52,149.39,209.51056634
2023-10-06,149.5,152.8,148.66,152.02,483.04580991
2023-10-07,152.21,155.43,151.13,155.25,281.87578103
2023-10-08,155.06,156.82,153.48,156.4,242.74113546
2023-10-09,156.15,156.31,152.2,154.33,335.35919397
2023-10-10,154.17,154.78,152.06,152.25,116.75726265
2023-10-11,152.51,154.02,151.2,154.02,226.64820253
2023-10-12,154.04,154.36,151.28,152.69,605.6924096
2023-10-13,152.58,154.88,151.11,153.73,212.35846082999998
2023-10-14,153.94,154.45,151.83,152.85,55.44413807
2023-10-15,152.71,153.49,152.24,152.57,76.4233897
2023-10-16,152.38,154.66,151.18,152.48,555.08128269
2023-10-17,152.39,152.39,149.63,150.64,1645.92869317
2023-10-18,150.53,152.48,149.76,149.76,383.7442052
2023-10-19,149.7,152.82,146.85,152.82,523.01401189
2023-10-20,152.76,157.26,152.0,154.83,1564.24415009
2023-10-21,154.5,158.15,154.46,157.88,353.20971813
2023-10-22,157.97,160.0,156.33,159.07,366.3636464
2023-10-23,159.3,162.0,156.93,161.03,754.29990409
2023-10-24,161.17,163.85,155.27,158.24,917.48542811
2023-10-25,158.25,160.61,155.0,159.96,544.87331338
2023-10-26,160.34,162.65,156.68,159.61,1505.60271421
2023-10-27,159.94,161.31,157.27,160.94,252.14273722
2023-10-28,160.88,162.92,159.58,162.26,674.64479376
2023-10-29,161.99,174.82,160.16,174.72,4790.77076969
2023-10-30,174.06,175.02,164.85,172.72,674.05952075
2023-10-31,172.64,173.66,168.65,172.68,366.63928579
2023-11-01,172.21,173.12,169.56,171.49,1233.61924504
2023-11-02,172.02,172.65,167.96,171.19,771.82425587
2023-11-03,170.5,173.31,168.67,171.09,289.17138581
2023-11-04,171.4,171.79,165.44,168.57,581.89395526
2023-11-05,168.71,170.93,167.18,169.56,1014.64600114
2023-11-06,169.03,169.71,164.66,165.38,631.09366696
2023-11-07,165.27,168.36,161.98,166.4,382.99966201
2023-11-08,166.35,167.87,164.38,167.24,320.03558532
2023-11-09,167.46,171.42,157.22,170.19,2382.70750448
2023-11-10,169.98,173.86,167.73,170.88,508.5463891
2023-11-11,171.02,172.4,168.02,169.35,995.26882078
2023-11-12,169.38,171.57,166.61,171.13,263.89359117
2023-11-13,171.55,172.85,162.91,162.91,370.36798267
2023-11-14,162.73,166.28,159.09,163.1,211.22834577
2023-11-15,163.67,166.47,157.92,160.75,419.08507846
2023-11-16,161.76,162.96,157.5,160.77,129.21276459
2023-11-17,160.86,167.0,160.76,162.88,442.89117448
2023-11-18,162.64,162.79,159.27,160.73,223.02871801
2023-11-19,160.11,164.19,159.83,164.19,202.49259925
2023-11-20,164.04,164.9,161.89,163.42,168.78862176
2023-11-21,163.83,165.8,158.43,158.94,237.9609815
2023-11-22,158.84,163.9,158.39,163.15,632.49695494
2023-11-23,163.48,167.7,163.24,165.92,627.97234849
2023-11-24,165.9,171.5,165.89,170.0,982.41176228
2023-11-25,170.45,172.66,169.72,171.74,300.33437256
2023-11-26,172.03,173.01,168.02,169.58,797.4216798699999
2023-11-27,169.17,170.26,164.9,166.75,729.6898780399999
2023-11-28,166.13,167.73,164.1,167.62,639.12435352
2023-11-29,167.44,167.59,165.07,165.82,560.0822697
2023-11-30,166.19,170.26,165.79,169.69,761.02251967
2023-12-01,169.81,171.87,169.45,171.73,397.5292645
2023-12-02,171.51,173.58,170.27,172.68,615.87193975
2023-12-03,172.61,173.47,170.74,172.07,191.09597301
2023-12-04,172.06,174.27,166.81,170.02,980.36214842
2023-12-05,170.43,172.7,167.79,171.15,2337.930227
2023-12-06,171.13,173.96,170.38,170.52,2203.90193076
2023-12-07,170.74,177.0,170.74,172.81,1540.62629169
2023-12-08,173.14,175.48,172.18,174.34,720.85330829
2023-12-09,174.36,177.1,173.83,174.87,330.11848982
2023-12-10,175.74,178.59,174.52,176.21,500.16641162
2023-12-11,176.27,176.74,160.51,171.85,2870.37000383
2023-12-12,171.37,173.29,167.85,170.7,1150.95102474
2023-12-13,170.76,170.79,166.95,169.28,2011.65502579
2023-12-14,169.27,169.3,166.17,168.26,1456.37934802
2023-12-15,168.75,172.85,167.87,168.21,1133.47294624
2023-12-16,168.19,172.39,167.42,169.41,905.71073547
2023-12-17,168.55,170.62,167.48,167.78,761.39903666
2023-12-18,168.18,173.99,166.45,173.86,1063.82277149
2023-12-19,173.85,175.96,168.09,170.86,406.96002198
2023-12-20,171.5,175.0,170.98,174.91,424.77617208
2023-12-21,174.83,176.32,172.52,173.42,748.99305485
2023-12-22,173.84,177.0,171.5,177.0,885.5894509999999
2023-12-23,177.07,179.28,174.81,178.71,1177.78071913
2023-12-24,178.69,179.28,170.96,171.47,666.15492982
2023-12-25,171.5,175.06,170.54,174.81,322.65250084999997
2023-12-26,174.78,176.73,170.68,173.95,679.45617764
2023-12-27,174.19,176.62,172.71,175.68,601.58573973
2023-12-28,175.71,180.75,172.61,174.65,858.87111246
2023-12-29,175.03,175.73,162.56,166.76,3460.4987596
2023-12-30,166.54,169.18,162.4,166.06,1000.36725544
2023-12-31,166.24,168.41,163.95,165.35,816.91847688
2024-01-01,165.52,170.08,163.51,170.08,1208.60167975
2024-01-02,170.08,174.23,167.48,167.74,2072.01875029
2024-01-03,167.78,169.84,149.03,153.95,6091.01401987
2024-01-04,154.22,165.09,149.13,164.91,4521.06698238
2024-01-05,164.82,165.25,153.65,155.83,887.32917932
2024-01-06,155.84,158.82,150.0,152.8,4341.85319017
2024-01-07,152.68,155.13,144.32,146.0,1693.16571103
2024-01-08,146.01,154.77,143.02,148.05,7487.95869418
2024-01-09,147.36,148.61,142.81,144.25,1389.2154129
2024-01-10,144.19,151.49,143.71,148.87,1776.56477796
2024-01-11,148.56,154.42,148.26,152.56,2495.61833277
2024-01-12,152.67,161.77,149.16,151.94,1148.44849557
2024-01-13,151.93,156.38,148.53,155.72,2563.28741108
2024-01-14,155.81,159.77,152.97,154.2,582.68863141
2024-01-15,154.07,158.56,153.13,157.09,1498.28304071
2024-01-16,157.1,160.01,153.87,157.36,765.09834314
2024-01-17,157.57,160.52,155.7,157.71,1916.71255738
2024-01-18,158.1,164.27,151.98,153.21,2131.79451325
2024-01-19,153.21,158.97,150.2,158.56,1218.58635354
2024-01-20,158.25,159.79,156.14,157.05,1139.31750556
2024-01-21,157.05,163.49,155.51,157.57,945.59393441
2024-01-22,158.2,160.3,149.75,150.76,1631.83724672
2024-01-23,150.69,154.97,146.63,150.46,1019.9272287699999
2024-01-24,150.5,155.69,149.22,152.77,968.62773167
2024-01-25,152.65,157.97,152.11,157.71,764.31483535
2024-01-26,157.36,162.38,156.18,159.37,1286.91386116
2024-01-27,159.38,161.98,157.6,160.54,393.65788574
2024-01-28,160.32,162.41,158.79,160.89,608.21050518
2024-01-29,160.16,169.8,159.97,168.13,1714.28318995
2024-01-30,168.15,171.86,159.8,160.07,741.91275488
2024-01-31,159.81,166.85,158.5,163.7,852.88690265
2024-02-01,163.69,169.53,163.69,166.4,1544.19532289
2024-02-02,165.72,171.0,165.37,168.62,611.21879348
2024-02-03,169.36,169.88,162.52,165.41,1354.53961485
2024-02-04,165.33,167.74,164.8,165.9,573.48896354
2024-02-05,166.05,168.04,163.36,165.44,256.87932703
2024-02-06,164.91,166.74,100.27,104.8,33351.60261127
2024-02-07,104.59,134.5,103.7,130.27,17592.65429736
2024-02-08,130.61,131.97,117.79,128.34,5278.29729982
2024-02-09,127.71,129.0,119.92,121.85,3623.25036141
2024-02-10,121.72,123.6,115.48,119.18,2022.12568363
2024-02-11,119.01,123.2,116.93,120.57,1599.81863528
2024-02-12,120.77,128.4,118.06,126.32,5441.58106453
2024-02-13,126.7,128.73,122.21,128.2,6858.01306895
2024-02-14,127.94,131.67,126.55,128.1,4810.45712799
2024-02-15,128.17,129.03,124.47,125.71,3179.50843071
2024-02-16,125.8,128.87,120.22,122.9,2695.54412494
2024-02-17,122.47,122.47,118.26,121.17,1531.03913863
2024-02-18,121.08,123.34,118.73,122.2,1687.23514305
2024-02-19,121.87,123.04,109.65,113.17,7994.20489053
2024-02-20,112.78,126.76,112.37,123.83,5434.00455972
2024-02-21,124.1,125.74,116.43,123.1,2187.5751425
2024-02-22,123.15,124.93,121.19,123.97,1243.61929444
2024-02-23,123.88,124.5,120.89,123.77,1665.88864244
2024-02-24,124.16,125.07,122.08,123.71,2148.23108551
2024-02-25,123.81,128.7,123.14,128.3,1028.19106979
2024-02-26,127.76,134.24,127.6,132.49,2464.77805617
2024-02-27,132.81,144.46,132.51,136.79,4595.51776477
2024-02-28,137.47,141.18,133.82,134.7,2381.30629049
2024-02-29,134.44,141.09,133.97,138.04,1955.26579884
2024-03-01,138.08,146.0,137.23,144.2,2289.98474703
2024-03-02,144.02,146.31,140.03,146.31,1872.47299327
2024-03-03,146.34,153.42,143.94,151.1,1969.64734185
2024-03-04,150.9,150.97,143.12,149.47,3500.01962263
2024-03-05,149.59,150.48,131.88,141.08,4799.19592707
2024-03-06,141.48,151.49,138.37,144.09,4387.9719639899995
2024-03-07,144.24,148.53,138.23,143.98,3369.3603972299998
2024-03-08,143.51,150.67,142.43,147.24,2634.8968753599997
2024-03-09,146.69,148.3,140.86,143.17,6027.17558889
2024-03-10,143.16,148.5,141.87,146.37,2263.2790775099998
2024-03-11,146.29,146.74,142.19,144.92,3613.64445751
2024-03-12,144.54,147.17,142.03,144.78,4048.27773775
2024-03-13,144.65,150.15,143.81,149.79,1871.02920845
2024-03-14,149.97,150.96,140.82,146.33,1911.36432191
2024-03-15,146.49,147.43,138.75,141.93,1517.38099248
2024-03-16,142.71,148.87,135.01,138.51,2822.35383828
2024-03-17,139.54,145.24,136.54,139.64,1116.70247394
2024-03-18,140.71,141.91,136.63,140.98,1162.54562575
2024-03-19,140.71,141.54,128.69,134.3,2507.9154306699998
2024-03-20,134.16,142.68,129.37,139.71,3111.94298595
2024-03-21,139.99,144.86,137.92,138.35,2173.87503624
2024-03-22,138.08,141.01,131.16,134.55,1245.49629931
2024-03-23,134.84,140.12,133.66,138.82,1898.77924571
2024-03-24,139.41,143.82,139.41,141.9,2431.43894119
2024-03-25,141.64,143.15,139.81,142.47,1641.62137439
2024-03-26,142.55,143.23,132.88,135.19,4059.87156616
2024-03-27,135.07,141.2,134.2,138.0,2298.06883116
2024-03-28,138.03,140.25,134.92,135.13,1592.3773372
2024-03-29,134.83,137.43,129.67,132.54,2798.16600334
2024-03-30,132.5,133.59,126.83,128.88,1808.56346562
2024-03-31,129.05,130.03,127.41,128.62,2942.41829722
2024-04-01,128.44,129.56,119.46,122.86,2987.93222999
2024-04-02,123.13,123.52,116.22,122.26,2106.25165614
2024-04-03,122.07,129.62,120.06,128.56,2771.09342516
2024-04-04,128.4,132.21,127.38,131.7,3812.47089739
2024-04-05,131.7,132.16,125.03,126.64,2395.05365189
2024-04-06,126.5,132.66,126.5,131.88,1751.59571784
2024-04-07,131.86,135.21,128.46,131.07,3229.92121395
2024-04-08,131.39,136.91,130.33,136.41,4042.41836653
2024-04-09,136.79,140.0,129.83,133.43,7193.50708991
2024-04-10,133.31,136.73,130.1,133.7,2588.39619333
2024-04-11,133.43,135.73,132.1,133.62,1050.2914985099999
2024-04-12,133.55,135.21,117.13,122.88,4690.34530084
2024-04-13,122.25,128.95,104.55,115.35,5168.41263729
2024-04-14,115.06,124.27,113.32,121.64,14093.21576419
2024-04-15,121.04,127.19,117.47,123.16,2472.11397517
2024-04-16,122.99,123.81,114.5,122.16,4735.26670964
2024-04-17,121.52,125.23,116.29,117.08,3817.00954922
2024-04-18,117.32,119.52,112.93,116.34,3661.65938866
2024-04-19,116.26,121.72,110.66,116.71,3403.65511028
2024-04-20,117.18,122.0,116.71,122.0,1335.85897992
2024-04-21,121.59,125.17,115.89,118.92,1986.65696865
2024-04-22,118.95,124.01,118.95,121.13,3060.42849809
2024-04-23,121.27,124.31,120.27,121.51,4539.18946492
2024-04-24,121.69,122.64,118.54,119.14,3095.57266941
2024-04-25,119.59,121.77,117.0,120.0,4047.74716138
2024-04-26,120.71,122.74,119.13,120.24,3067.47230718
2024-04-27,120.35,123.31,118.05,123.17,2969.86883852
2024-04-28,122.7,130.15,121.62,126.57,2170.30325717
2024-04-29,126.52,129.83,122.0,129.09,5469.02754169
2024-04-30,129.06,132.03,117.81,119.71,2095.99826337
2024-05-01,120.05,123.87,116.32,123.74,1621.48584855
2024-05-02,123.87,126.04,120.27,123.1,2647.8357493
2024-05-03,123.13,126.66,121.88,125.35,3190.58431023
2024-05-04,125.97,129.59,122.5,123.23,2156.16538484
2024-05-05,123.8,134.69,123.13,134.31,3969.15103345
2024-05-06,134.51,134.81,129.23,130.56,2447.99667612
2024-05-07,130.21,133.43,126.35,127.92,2279.83088496
2024-05-08,127.89,131.99,127.14,131.99,1652.9495327299999
2024-05-09,131.87,135.17,128.81,132.61,2135.16927462
2024-05-10,132.59,134.11,130.8,132.56,1248.26725048
2024-05-11,132.79,133.43,129.26,131.77,859.31689367
2024-05-12,132.1,134.89,132.1,133.54,598.68944281
2024-05-13,133.73,137.36,131.01,135.52,2156.69065834
2024-05-14,135.78,136.12,132.01,132.11,624.0762621599999
2024-05-15,132.45,136.0,130.79,134.6,1548.64306792
2024-05-16,134.81,135.37,130.21,134.04,2318.92097443
2024-05-17,134.18,135.58,132.63,134.93,909.21932019
2024-05-18,135.07,137.96,134.62,136.07,1631.67894077
2024-05-19,135.91,136.38,134.07,134.44,458.41127167
2024-05-20,134.56,136.78,134.02,135.04,1830.29132614
2024-05-21,135.08,142.19,134.28,136.14,4398.84523539
2024-05-22,136.17,139.68,135.41,138.63,3385.09337628
2024-05-23,138.83,141.79,137.03,138.85,1470.9041824
2024-05-24,139.06,143.9,138.41,141.2,1312.88750602
2024-05-25,141.17,142.4,140.07,141.34,952.80161423
2024-05-26,141.59,143.3,140.44,142.21,3567.53022234
2024-05-27,141.77,144.26,140.7,141.58,1571.68525592
2024-05-28,141.44,145.0,140.9,141.7,2934.6231
2024-05-29,141.58,143.66,137.38,140.04,1735.07369474
2024-05-30,140.07,146.93,140.07,146.04,4261.82711801
2024-05-31,146.71,149.22,143.6,148.79,1716.18242669
2024-06-01,148.44,151.35,147.12,148.91,1378.52163676
2024-06-02,149.25,152.79,149.16,152.67,831.42997825
2024-06-03,152.8,158.69,151.63,155.07,2483.08891734
2024-06-04,155.18,160.12,154.73,160.12,945.1299763
2024-06-05,160.16,165.32,159.21,163.03,1457.65023398
2024-06-06,163.11,166.3,162.19,164.77,3099.1450543
2024-06-07,164.63,174.48,153.65,154.02,2838.55832335
2024-06-08,154.08,169.54,154.08,169.54,5201.59092653
2024-06-09,168.77,175.22,166.63,174.18,4741.39633589
2024-06-10,174.4,183.0,174.04,178.46,4180.59638634
2024-06-11,179.2,181.1,167.59,173.95,3676.59084846
2024-06-12,174.82,182.7,174.15,180.97,3446.52802088
2024-06-13,180.47,181.52,171.45,171.83,6888.3162435
2024-06-14,171.52,176.97,164.17,170.53,3926.25725345
2024-06-15,170.15,178.22,168.66,177.48,1800.10563121
2024-06-16,176.29,178.0,172.0,177.31,1309.76323871
2024-06-17,176.8,178.15,170.06,174.24,4987.8119165
2024-06-18,173.9,174.61,166.89,170.14,4118.11534851
2024-06-19,169.66,172.3,166.82,168.54,1399.84148162
2024-06-20,168.68,172.73,167.23,170.09,1383.70331424
2024-06-21,170.34,173.56,158.49,160.28,2710.18629229
2024-06-22,160.76,168.03,160.76,166.67,512.5283845499999
2024-06-23,167.27,168.32,161.78,164.51,283.48117599
2024-06-24,164.44,167.41,155.87,159.31,4856.82862943
2024-06-25,159.25,164.74,158.75,162.19,796.55563949
2024-06-26,162.41,166.2,161.62,164.68,549.01183464
2024-06-27,164.98,167.63,164.07,166.32,665.94710202
2024-06-28,166.33,169.19,166.21,168.29,834.32895014
2024-06-29,168.59,168.59,165.46,165.46,664.80409559
2024-06-30,165.99,169.95,165.52,168.37,415.28305426
2024-07-01,168.65,173.73,167.45,168.15,2079.86795316
2024-07-02,168.49,170.68,167.43,169.09,1275.76992137
2024-07-03,169.12,171.11,165.14,165.5,1406.76001465
2024-07-04,165.89,166.13,155.0,155.75,2353.9623275
2024-07-05,155.55,156.37,133.68,155.44,5116.49796369
2024-07-06,155.38,159.04,153.56,158.61,1181.52547099
2024-07-07,158.28,160.0,149.31,149.31,688.45464633
2024-07-08,149.6,155.48,145.0,154.53,2339.50293516
2024-07-09,154.75,155.71,152.2,155.49,1067.67101701
2024-07-10,155.42,159.21,153.04,156.11,1110.73006897
2024-07-11,155.65,159.63,155.65,158.7,874.01674862
2024-07-12,158.52,160.28,157.28,159.74,1185.98801146
2024-07-13,160.03,162.89,156.9,157.37,1102.71774097
2024-07-14,157.3,160.13,154.82,160.06,2207.60323065
2024-07-15,160.16,161.8,157.18,158.71,2897.9580505
2024-07-16,158.98,164.22,157.14,162.04,2365.36839353
2024-07-17,163.04,164.24,159.09,160.42,775.67881378
2024-07-18,160.44,161.76,159.97,160.91,534.72610623
2024-07-19,161.22,163.05,158.3,161.21,1375.71727096
2024-07-20,161.4,164.69,161.22,163.47,1144.80076252
2024-07-21,163.33,165.08,162.14,164.67,1421.3392001299999
2024-07-22,164.9,165.66,160.29,161.44,1272.12642705
2024-07-23,161.06,161.9,158.09,161.07,579.34084669
2024-07-24,160.98,164.46,159.71,160.37,757.65233383
2024-07-25,160.27,163.2,152.22,162.92,1151.76120146
2024-07-26,163.19,175.69,161.25,162.01,3603.15167463
2024-07-27,161.59,165.73,161.1,163.03,526.41317424
2024-07-28,162.59,165.34,160.24,164.62,460.1623465
2024-07-29,165.03,166.07,161.25,161.62,726.21692148
2024-07-30,161.33,165.07,156.45,158.05,1624.37267904
2024-07-31,158.24,161.08,156.03,157.72,326.98839213
2024-08-01,158.04,158.7,150.29,156.69,2562.79360689
2024-08-02,156.92,166.0,155.9,158.42,3119.41384216
2024-08-03,158.42,161.51,141.25,149.63,4118.11204192
2024-08-04,149.14,154.21,145.07,150.37,2948.43232064
2024-08-05,150.67,154.28,136.03,146.04,5764.18365985
2024-08-06,146.19,151.97,146.17,147.81,1648.11005501
2024-08-07,148.23,153.15,143.89,146.12,1909.29718606
2024-08-08,146.24,159.15,145.92,158.57,1720.01124828
2024-08-09,158.77,159.39,152.52,153.11,630.70438502
2024-08-10,152.77,153.36,147.98,150.76,436.09023218
2024-08-11,150.9,151.91,148.62,149.02,615.46067787
2024-08-12,149.48,150.87,147.87,150.8,992.92652477
2024-08-13,150.81,151.25,147.43,147.53,346.65507463
2024-08-14,147.72,152.0,147.72,151.36,635.49239576
2024-08-15,151.44,153.52,148.05,149.54,809.36092284
2024-08-16,149.62,150.41,148.22,148.84,549.22089449
2024-08-17,148.55,150.45,148.55,150.45,290.98700211
2024-08-18,150.45,152.4,149.94,151.54,1084.95949787
2024-08-19,151.39,157.13,150.36,155.23,1026.79085841
2024-08-20,154.9,161.23,154.3,160.19,3113.64759268
2024-08-21,159.88,162.44,156.94,162.12,1324.28089246
2024-08-22,161.69,170.0,160.01,169.04,3032.81922797
2024-08-23,168.72,173.63,163.55,173.37,2891.60189802
2024-08-24,173.33,176.12,167.88,169.88,1583.87413121
2024-08-25,169.96,171.88,165.86,166.64,1418.28319642
2024-08-26,166.76,167.8,162.59,166.88,2528.32110728
2024-08-27,166.49,168.46,155.57,155.57,2559.05883212
2024-08-28,156.44,160.37,153.89,158.38,1956.59414377
2024-08-29,158.26,166.71,156.19,162.11,1097.35169533
2024-08-30,161.71,168.73,161.07,168.73,666.5731967199999
2024-08-31,168.73,172.54,161.94,169.1,2353.4328189
2024-09-01,169.91,172.0,164.09,169.52,1185.92148569
2024-09-02,169.46,171.18,167.39,171.1,1058.42774813
2024-09-03,170.07,175.63,170.02,173.18,1632.11982667
2024-09-04,173.35,175.92,170.35,171.22,936.35145892
2024-09-05,171.06,176.75,170.37,172.89,843.04287335
2024-09-06,172.72,174.09,164.69,165.7,2038.51723945
2024-09-07,165.47,173.12,162.83,167.9,1571.2989554
2024-09-08,168.17,176.65,168.17,172.25,1279.90973159
2024-09-09,172.7,174.36,170.36,170.86,998.09466173
2024-09-10,171.73,171.73,166.42,167.95,551.80595564
2024-09-11,167.67,173.92,166.76,173.5,2502.0891601
2024-09-12,173.31,175.34,169.82,172.39,1231.65759942
2024-09-13,172.51,173.08,169.96,170.51,1192.0460228499999
2024-09-14,170.45,171.47,168.23,169.99,795.28066816
2024-09-15,170.18,171.75,169.46,170.73,926.30589152
2024-09-16,170.62,172.12,168.5,170.76,1469.01397758
2024-09-17,171.07,172.98,169.43,172.78,579.48506871
2024-09-18,172.82,175.0,170.58,171.55,936.08410099
2024-09-19,171.63,177.56,170.82,175.5,1087.18959934
2024-09-20,175.6,178.76,175.21,175.25,865.28959195
2024-09-21,175.65,178.84,174.0,177.26,441.43490985
2024-09-22,177.43,177.58,174.65,176.64,417.7280153
2024-09-23,176.56,177.05,171.89,171.96,1066.45724298
2024-09-24,171.66,172.15,166.0,169.41,2347.50366062
2024-09-25,169.07,170.28,165.03,165.74,1444.60152818
2024-09-26,166.21,166.89,163.46,164.31,1826.56930495
2024-09-27,164.61,164.61,161.65,164.36,1889.21199171
2024-09-28,164.25,166.1,157.86,158.79,1162.9274599
2024-09-29,158.67,158.93,152.23,153.35,621.52835723
2024-09-30,153.11,155.84,150.05,154.42,801.58218564
2024-10-01,154.42,155.27,140.43,144.92,1753.26744006
2024-10-02,145.39,149.76,135.42,136.78,8029.54204386
2024-10-03,136.75,145.38,135.45,144.44,1755.2690659
2024-10-04,144.45,151.15,143.54,149.17,963.01247928
2024-10-05,149.48,155.22,149.23,152.98,1116.2915316
2024-10-06,152.57,155.14,146.78,148.0,745.17178543
2024-10-07,147.85,148.73,144.12,144.69,442.89371569
2024-10-08,144.47,151.9,144.21,149.71,1747.11
2024-10-09,149.49,154.79,146.51,147.7,1533.89398297
2024-10-10,147.36,154.36,147.36,153.13,1502.06627997
2024-10-11,152.94,155.0,150.77,152.02,499.76451172
2024-10-12,152.22,154.84,150.35,150.83,983.2511757
2024-10-13,151.2,152.67,148.23,148.72,2582.74806353
2024-10-14,148.77,156.97,148.6,156.88,2183.74656587
2024-10-15,157.14,158.3,152.0,153.27,1272.71613656
2024-10-16,153.48,159.39,153.43,155.58,2027.28625758
2024-10-17,156.28,158.66,153.41,157.7,2514.50082683
2024-10-18,157.75,162.7,157.04,160.48,1450.4128803
2024-10-19,159.68,162.06,159.04,160.54,370.93084959
2024-10-20,160.78,163.75,159.01,163.38,1511.52635732
2024-10-21,163.09,163.09,153.52,155.36,643.85077741
2024-10-22,155.48,158.37,154.56,156.8,897.44565659
2024-10-23,157.17,158.21,154.9,156.91,857.3087275299999
2024-10-24,157.01,158.62,154.54,157.2,460.90825147
2024-10-25,157.34,159.57,155.0,157.6,555.51666592
2024-10-26,157.51,160.95,156.89,160.25,1496.22847121
2024-10-27,160.68,164.27,159.85,162.98,1129.01161261
2024-10-28,163.19,164.1,160.21,163.39,2037.95883465
2024-10-29,162.88,165.74,161.87,161.98,594.82494779
2024-10-30,162.22,165.04,161.57,162.23,420.19736351
2024-10-31,162.03,162.28,155.2,155.6,541.46544076
2024-11-01,155.88,159.78,151.66,156.67,1760.71733296
2024-11-02,156.09,159.82,152.69,153.97,537.4309859699999
2024-11-03,153.53,158.26,153.53,156.98,1006.93691733
2024-11-04,156.94,161.67,156.4,158.42,564.83825152
2024-11-05,158.63,163.22,157.42,157.42,1033.51090242
2024-11-06,158.87,163.47,158.23,160.84,1526.31094222
2024-11-07,160.93,168.0,160.85,163.25,1346.5882766
2024-11-08,163.25,166.88,163.25,165.59,1126.76325408
2024-11-09,165.37,165.76,161.3,163.59,493.60204636
2024-11-10,163.03,165.92,161.38,162.13,1368.4113989
2024-11-11,161.16,161.93,155.48,156.93,2305.93315509
2024-11-12,157.0,160.02,150.09,150.49,4682.39216924
2024-11-13,150.32,152.25,145.24,150.22,4295.49572311
2024-11-14,150.68,150.75,143.74,147.27,2536.42418928
2024-11-15,147.39,150.08,141.0,141.79,3575.17104637
2024-11-16,141.76,152.2,141.76,151.05,3465.76757025
2024-11-17,150.67,157.77,147.01,156.2,2221.52864801
2024-11-18,156.11,160.57,152.97,156.28,2516.65029658
2024-11-19,156.1,166.14,154.63,161.34,3407.17747286
2024-11-20,162.28,163.2,158.24,160.23,1280.7624258
2024-11-21,160.3,163.51,159.04,160.44,2881.72269171
2024-11-22,160.61,161.94,156.81,161.94,4089.26822864
2024-11-23,161.86,164.27,158.84,160.91,2087.22837703
2024-11-24,160.85,166.26,157.21,161.73,2521.68473194
2024-11-25,161.72,166.0,155.81,156.4,1094.85670706
2024-11-26,155.9,164.46,151.22,160.64,1662.0022333699999
2024-11-27,160.16,160.54,149.98,156.24,3006.73240653
2024-11-28,155.94,160.65,155.48,159.34,1294.85477528
2024-11-29,159.57,160.53,155.56,159.2,2049.40483913
2024-11-30,159.56,163.7,158.16,162.1,2428.92762062
2024-12-01,162.1,165.23,161.43,162.1,1417.9871715699999
2024-12-02,163.34,178.02,160.25,174.13,4707.1724078
2024-12-03,173.98,214.85,166.22,203.18,14510.80531352
2024-12-04,203.52,212.76,186.8,196.08,6169.38281326
2024-12-05,196.42,212.57,184.78,193.22,4756.9544847199995
2024-12-06,192.86,205.26,192.83,198.03,2378.10266354
2024-12-07,199.81,203.93,193.65,200.58,1669.58602238
2024-12-08,200.8,225.03,195.95,222.62,4523.76947169
2024-12-09,222.08,226.9,152.6,176.29,9088.16158966
2024-12-10,176.02,180.51,164.94,179.42,12950.67676099
2024-12-11,179.63,200.17,175.68,200.17,5322.10315455
2024-12-12,200.49,215.66,193.96,199.16,7079.78533754
2024-12-13,199.33,214.66,198.21,206.85,7290.4919383
2024-12-14,207.07,220.82,202.59,210.34,3713.27594311
2024-12-15,209.94,222.95,205.83,221.59,2814.94228748
2024-12-16,222.43,230.57,207.51,211.39,9250.16580846
2024-12-17,211.54,225.13,208.47,213.33,3386.55103255
2024-12-18,213.39,224.6,209.61,212.12,3509.10572685
2024-12-19,212.6,215.74,189.77,193.73,7146.70529498
2024-12-20,194.61,201.74,166.91,195.97,13524.20727659
2024-12-21,196.97,197.04,181.26,183.78,3005.36309829
2024-12-22,183.64,198.31,181.59,190.19,5276.60241764
2024-12-23,190.38,194.37,185.29,191.53,2447.55373073
2024-12-24,191.12,193.68,184.54,190.57,1328.58368659
2024-12-25,190.22,200.0,190.05,190.86,1339.70070294
2024-12-26,191.22,194.3,187.19,188.63,3180.0832405
2024-12-27,188.79,196.0,187.08,192.83,800.71321569
2024-12-28,193.21,200.67,193.21,197.51,1709.50763367
2024-12-29,197.1,198.02,189.3,192.97,4145.87635374
2024-12-30,192.96,197.45,183.53,191.13,2167.39383281
2024-12-31,189.9,197.79,186.56,193.87,1611.26536957
2025-01-01,194.49,197.39,192.54,196.25,519.48765822
2025-01-02,196.09,197.36,192.39,197.36,682.30375299
2025-01-03,196.85,206.31,196.19,201.24,1361.21498498
2025-01-04,201.57,201.89,193.17,194.63,3511.13814726
2025-01-05,194.19,198.7,188.39,196.76,1903.47654613
2025-01-06,197.51,206.45,196.7,203.18,1625.17860245
2025-01-07,204.32,206.04,193.25,193.87,857.17914637
2025-01-08,193.33,201.97,183.69,200.99,3057.87653343
2025-01-09,200.82,200.82,189.58,190.75,3468.11349757
2025-01-10,191.07,200.91,189.77,199.21,2678.94851198
2025-01-11,199.5,200.09,194.09,198.41,1959.39811351
2025-01-12,198.89,208.13,195.42,200.42,4529.5275701
2025-01-13,200.11,204.6,190.59,202.53,5395.3828841
2025-01-14,202.27,210.05,202.23,205.96,1976.45469959
2025-01-15,205.75,211.53,203.88,208.76,4048.7182715
2025-01-16,208.43,222.16,206.19,222.16,3626.31826123
2025-01-17,221.53,235.45,217.47,230.23,2996.46590141
2025-01-18,229.95,231.95,212.7,218.39,3115.36290511
2025-01-19,217.44,223.36,199.13,203.72,4211.3249094
2025-01-20,203.23,214.23,196.18,207.61,2275.39308222
2025-01-21,207.46,219.44,202.5,214.79,992.65952834
2025-01-22,215.0,223.74,211.73,222.54,3088.04314022
2025-01-23,223.32,226.91,212.9,220.51,2525.65773218
2025-01-24,220.81,222.44,212.85,220.71,1179.3829148
2025-01-25,219.55,223.38,216.79,221.95,2947.44621854
2025-01-26,220.69,225.45,218.62,218.67,1218.72564068
2025-01-27,219.16,223.9,209.01,214.94,2590.39437865
2025-01-28,214.96,225.8,212.46,218.35,1746.04566101
2025-01-29,218.47,225.61,216.49,221.86,2002.12982966
2025-01-30,222.59,242.41,222.16,232.71,5364.2740485799995
2025-01-31,233.12,240.19,231.16,239.92,2353.917877
2025-02-01,238.22,242.63,232.51,234.09,2640.38981588
2025-02-02,233.28,240.08,217.0,221.85,2111.13246644
2025-02-03,222.22,226.99,188.95,225.8,7817.20823302
2025-02-04,226.09,235.37,216.23,220.64,2965.93145943
2025-02-05,219.97,228.99,217.44,226.8,2110.27503337
2025-02-06,227.31,239.41,221.0,222.75,2822.91026606
2025-02-07,223.34,228.28,193.49,205.69,5633.83065312
2025-02-08,205.86,219.31,204.85,214.24,1358.3810247
2025-02-09,213.54,223.07,213.54,220.57,1494.97649164
2025-02-10,220.52,226.19,219.26,221.79,2393.1470476
2025-02-11,222.04,228.02,219.07,222.72,1974.6577143
2025-02-12,223.61,228.63,219.46,227.36,2684.00171854
2025-02-13,227.28,228.93,221.52,224.94,718.784943
2025-02-14,225.99,232.0,225.34,228.87,1258.10103721
2025-02-15,229.79,237.97,229.09,229.95,1258.72787979
2025-02-16,229.71,235.98,227.56,229.7,2359.61468213
2025-02-17,229.96,239.54,229.35,238.82,1637.73795246
2025-02-18,238.76,240.0,229.91,237.03,1515.24148762
2025-02-19,237.03,242.99,233.72,239.48,3079.43280304
2025-02-20,240.14,240.19,227.81,229.46,2356.81140613
2025-02-21,229.37,238.79,227.5,233.6,1424.1951894
2025-02-22,233.51,237.51,231.0,234.94,571.34534123
2025-02-23,235.14,238.13,231.31,236.58,1916.05421606
2025-02-24,236.64,237.74,227.09,227.28,889.11575214
2025-02-25,227.28,231.59,213.3,217.07,4670.61611493
2025-02-26,216.43,225.07,211.33,214.35,2042.9142795
2025-02-27,214.8,216.9,207.17,209.46,2257.68858682
2025-02-28,210.35,220.2,205.95,217.91,3293.18243263
2025-03-01,217.82,227.43,216.17,223.82,1935.12244332
2025-03-02,224.39,231.19,223.04,230.25,2196.18125177
2025-03-03,230.59,235.34,214.35,218.92,4455.37563839
2025-03-04,220.29,224.97,212.04,224.61,2011.01276732
2025-03-05,224.95,231.34,223.34,227.65,5090.31417414
2025-03-06,228.29,234.52,225.0,229.2,1606.8446455399999
2025-03-07,228.99,230.2,217.55,217.55,1585.21789701
2025-03-08,217.05,229.0,215.4,221.49,1446.32883371
2025-03-09,221.66,222.3,211.54,211.91,750.63782826
2025-03-10,212.52,214.06,197.41,201.71,3144.39272767
2025-03-11,202.09,214.34,197.35,211.91,1567.58348645
2025-03-12,212.68,213.18,204.91,208.89,947.44168584
2025-03-13,209.09,211.59,205.51,207.97,1239.78728501
2025-03-14,207.28,211.89,206.19,210.71,1762.39071679
2025-03-15,210.51,213.89,208.33,213.57,1000.82356961
2025-03-16,213.79,215.19,208.91,209.51,938.60976722
2025-03-17,209.89,212.98,208.58,212.92,1079.23282194
2025-03-18,212.51,213.01,205.46,209.22,1251.92009108
2025-03-19,209.63,211.09,204.86,207.38,1876.79181054
2025-03-20,208.13,211.63,207.19,210.54,823.67776193
2025-03-21,210.87,214.32,206.75,212.79,1000.42159119
2025-03-22,213.71,218.0,213.2,214.46,1379.9103777999999
2025-03-23,215.09,218.19,215.09,217.14,569.52909627
2025-03-24,217.25,222.35,216.64,219.29,1032.7021385
2025-03-25,219.49,225.09,218.84,219.98,1332.28101696
2025-03-26,220.29,228.73,220.29,223.16,1045.63512335
2025-03-27,223.86,225.73,221.04,225.73,437.8181408
2025-03-28,225.31,226.82,215.89,218.53,820.3894467
2025-03-29,217.9,220.04,213.52,215.91,536.69641164
2025-03-30,216.14,219.34,215.72,218.34,1133.50860324
2025-03-31,218.54,218.54,213.92,214.99,1570.48066896
2025-04-01,215.54,219.54,215.03,216.43,745.8033892999999
2025-04-02,216.61,222.46,213.43,214.91,1175.47007798
2025-04-03,215.27,218.39,207.48,215.34,1823.04631542
2025-04-04,215.17,218.95,213.11,215.6,1589.01864953
2025-04-05,215.59,218.84,211.41,213.73,1099.83286465
2025-04-06,213.69,215.91,196.09,198.73,2199.63451564
2025-04-07,198.48,204.76,185.09,203.53,3134.13003168
2025-04-08,203.81,208.25,194.51,194.51,1087.67632932
2025-04-09,196.13,205.35,192.31,202.51,1821.62266923
2025-04-10,202.33,204.88,198.31,200.71,1390.2315798500001
2025-04-11,200.94,206.73,200.11,206.44,1061.70960201
2025-04-12,206.37,209.66,204.5,207.34,1219.53840021
2025-04-13,207.39,212.14,200.83,203.28,898.0157276
2025-04-14,203.34,216.49,203.34,214.54,3003.8624709
2025-04-15,214.54,217.01,210.76,215.55,1096.34434582
2025-04-16,215.74,219.99,214.99,218.56,772.85362697
2025-04-17,218.69,219.61,215.11,216.15,1878.2995177
2025-04-18,217.13,220.02,214.54,215.51,875.59566229
2025-04-19,215.51,216.1,210.32,215.59,1127.65288289
2025-04-20,215.69,218.92,212.77,213.91,779.31720676
2025-04-21,214.14,216.39,212.91,215.91,974.0323185999999
2025-04-22,215.87,226.54,214.79,226.54,1085.09287806
2025-04-23,226.31,230.3,224.48,230.3,2639.66662401
2025-04-24,230.22,230.72,221.46,227.66,954.12832254
2025-04-25,227.46,230.88,227.11,227.72,1255.2598996899999
2025-04-26,228.13,230.66,227.02,230.63,385.21169783
2025-04-27,230.67,234.35,227.62,234.35,397.35667284
2025-04-28,234.71,328.0,234.44,259.59,20883.10416574
2025-04-29,259.07,280.25,258.72,270.11,7747.06363083
2025-04-30,270.49,282.3,267.11,278.99,4593.30213289
2025-05-01,278.98,289.0,270.71,271.11,2295.31987554
2025-05-02,270.91,290.0,270.31,281.81,3989.15422161
2025-05-03,281.56,285.59,271.17,278.69,2052.25207167
2025-05-04,278.38,282.57,266.04,282.57,1675.30505003
2025-05-05,282.23,283.79,271.09,282.12,1617.90477488
2025-05-06,282.14,291.16,274.2,288.29,1831.73981436
2025-05-07,288.59,290.99,279.0,283.24,2267.22821194
2025-05-08,282.73,300.39,281.24,299.13,3388.21129034
2025-05-09,298.94,315.81,295.92,315.81,2804.27646575
2025-05-10,315.99,333.04,309.14,325.95,1998.2108221
2025-05-11,325.8,341.56,317.77,331.64,2156.70271741
2025-05-12,331.65,350.0,330.03,337.44,3813.5692885
2025-05-13,337.07,346.06,331.1,341.76,2766.67108822
2025-05-14,341.99,349.1,336.87,340.14,1547.64573482
2025-05-15,342.41,348.68,331.91,334.81,1549.20537713
2025-05-16,335.94,342.54,331.9,334.51,1217.43054623
2025-05-17,333.73,339.99,332.28,335.92,477.95320800999997
2025-05-18,336.5,345.0,335.25,337.18,432.67976845
2025-05-19,337.06,345.66,335.82,342.51,822.93413566
2025-05-20,343.15,356.37,342.84,351.9,968.61021537
2025-05-21,351.8,400.43,350.1,398.63,3977.52762459
2025-05-22,394.69,410.21,383.31,385.74,2494.55780662
2025-05-23,385.26,402.18,376.71,391.27,2250.14493342
2025-05-24,391.33,406.23,383.91,402.92,4202.7923616
2025-05-25,402.97,417.87,394.68,417.71,1826.38412816
2025-05-26,417.58,420.19,393.95,402.15,2680.34922067
2025-05-27,402.07,404.55,369.91,370.85,3458.20185143
2025-05-28,369.71,369.71,320.59,346.52,8321.80527667
2025-05-29,346.7,351.02,333.19,338.37,3374.88019876
2025-05-30,338.85,341.33,324.87,325.25,3468.1106002799997
2025-05-31,324.25,330.66,313.59,325.63,4067.2724774
2025-06-01,324.62,349.04,320.55,348.22,1766.5238844
2025-06-02,347.68,368.67,340.89,357.83,3286.40242495
2025-06-03,358.67,370.78,341.45,344.41,2932.46502018
2025-06-04,344.19,352.35,301.31,313.08,2321.60761151
2025-06-05,312.89,338.22,309.76,317.6,3486.53249267
2025-06-06,317.17,339.89,316.28,322.78,1731.38799921
2025-06-07,323.2,330.62,320.39,329.0,850.3712395
2025-06-08,328.25,336.62,323.93,327.02,1611.41683004
2025-06-09,327.48,335.39,324.88,334.13,985.67343922
2025-06-10,333.33,342.14,328.26,337.83,1137.80467718
2025-06-11,338.78,344.78,324.55,330.39,2379.42362551
2025-06-12,330.33,331.49,314.51,319.01,1656.34940801
2025-06-13,315.92,322.76,299.98,311.71,2174.87550352
2025-06-14,312.76,318.59,306.91,312.42,1449.68012739
2025-06-15,312.51,319.29,310.87,316.26,1019.15475221
2025-06-16,314.85,331.99,313.79,321.76,1377.01305891
2025-06-17,321.71,330.36,316.98,320.05,2111.12868629
2025-06-18,319.86,332.52,314.66,315.93,2469.86453838
2025-06-19,317.52,323.4,302.71,310.66,2292.59231909
2025-06-20,309.49,319.05,304.32,310.55,1764.63163429
2025-06-21,310.33,317.59,305.78,308.22,989.38640789
2025-06-22,309.19,313.92,289.11,298.78,2548.03333522
2025-06-23,298.63,313.33,292.13,311.49,2906.0464565
2025-06-24,312.23,319.66,305.61,313.65,2178.50920739
2025-06-25,315.06,321.78,309.9,311.68,1606.94460136
2025-06-26,310.35,319.78,309.01,311.98,880.71411358
2025-06-27,311.89,312.43,302.27,307.59,1239.48744667
2025-06-28,307.97,316.02,303.87,310.66,1781.88895221
2025-06-29,308.27,323.13,306.29,313.52,2828.76133387
2025-06-30,313.52,329.56,310.77,326.03,3703.6380857999998
2025-07-01,326.03,326.14,310.23,311.17,2491.56579098
2025-07-02,311.17,327.08,310.37,322.06,2459.04178365
2025-07-03,322.07,337.79,315.81,320.49,2736.41359123
2025-07-04,320.39,323.37,312.01,313.55,926.58578032
2025-07-05,313.68,317.51,311.27,316.61,633.44399645
2025-07-06,316.61,322.12,312.46,319.67,906.89489434
2025-07-07,319.67,326.72,314.16,316.14,1231.79252743
2025-07-08,316.27,320.55,309.19,317.19,5610.28774838
2025-07-09,317.35,327.44,314.04,326.38,2072.41060291
2025-07-10,326.13,329.39,321.33,325.89,1920.23320774
2025-07-11,325.7,330.97,322.91,329.28,1617.60785461
2025-07-12,329.34,334.39,325.22,331.69,835.02860426
2025-07-13,331.79,340.92,329.55,335.78,553.79381291
2025-07-14,335.83,356.88,335.83,344.46,1398.15608514
2025-07-15,344.5,345.04,332.1,334.2,1764.32015894
2025-07-16,334.26,338.0,325.05,331.27,2025.99657603
2025-07-17,331.27,344.89,330.53,337.56,1706.17602725
2025-07-18,337.56,340.51,318.11,322.08,3207.12753426
2025-07-19,321.84,327.95,317.92,323.08,624.88618738
2025-07-20,323.08,328.84,322.08,325.31,1375.67296513
2025-07-21,325.3,332.19,312.44,319.56,2738.25720763
2025-07-22,319.72,326.05,315.48,325.31,1595.64126758
2025-07-23,325.25,328.3,307.38,314.24,3728.04906931
2025-07-24,314.19,327.84,309.65,325.93,1877.86418206
2025-07-25,325.93,337.5,318.84,322.46,3144.74563868
2025-07-26,321.7,328.58,319.91,321.12,974.7445972
2025-07-27,321.12,328.88,321.12,325.3,903.28823915
2025-07-28,325.3,331.2,315.51,315.51,1395.05797436
2025-07-29,315.45,324.87,313.12,314.66,960.4115037
2025-07-30,314.41,317.81,303.42,308.89,1855.13133689
2025-07-31,309.04,318.1,303.29,306.82,930.47955458
2025-08-01,305.56,308.24,295.76,297.4,1362.03533766
2025-08-02,297.4,298.9,290.11,295.6,2951.09575849
2025-08-03,295.67,304.97,294.65,303.89,988.83713665
2025-08-04,303.93,314.37,303.93,305.37,2150.06841823
2025-08-05,305.37,305.93,288.52,292.48,2109.30727131
2025-08-06,292.17,295.9,278.86,285.69,1757.3444893
2025-08-07,285.85,287.82,247.48,266.93,10772.5013692
2025-08-08,267.2,277.57,256.51,274.08,26366.74295114
2025-08-09,274.11,285.02,268.97,274.19,4307.149315
2025-08-10,274.2,281.46,262.78,268.49,3989.38440539
2025-08-11,268.49,278.73,264.99,267.83,5023.39004089
2025-08-12,267.46,267.76,243.3,253.59,16196.26427111
2025-08-13,253.59,259.59,245.02,251.88,9505.28954272
2025-08-14,251.82,259.6,240.16,242.95,6829.31505034
2025-08-15,242.9,247.58,233.17,235.96,9715.01776175
2025-08-16,235.96,258.12,233.42,252.41,8304.78781208
2025-08-17,252.4,272.39,252.24,267.66,8487.24631983
2025-08-18,267.6,282.85,265.57,279.37,6120.13924495
2025-08-19,279.28,282.1,259.49,261.15,5843.74973105
2025-08-20,261.17,271.94,249.26,257.21,12221.46759087
2025-08-21,256.91,274.31,254.69,260.93,6184.90286181
2025-08-22,260.93,272.52,257.17,272.51,8079.69667484
2025-08-23,272.49,273.85,260.25,266.42,3958.36508005
2025-08-24,266.41,286.63,266.26,276.89,6423.09601387
2025-08-25,276.92,279.99,265.25,266.33,7683.69898826
2025-08-26,266.41,285.69,261.51,279.64,6714.49592852
2025-08-27,279.55,280.93,267.59,274.5,8184.8850680900005
2025-08-28,274.52,277.29,265.11,267.58,5080.78314157
2025-08-29,267.59,269.71,255.85,263.05,5074.36896995
2025-08-30,263.04,268.75,256.03,259.19,4891.98808824
2025-08-31,259.2,267.19,259.2,261.82,3702.26811668
2025-09-01,262.3,269.87,258.42,260.22,2559.5580465
2025-09-02,260.33,270.6,259.7,270.49,3474.70758018
2025-09-03,270.48,273.0,265.26,270.56,3994.02653113
2025-09-04,270.59,275.07,264.91,269.98,2867.36695871
2025-09-05,270.01,272.92,264.85,269.17,3602.39390654
2025-09-06,269.26,271.29,265.7,268.51,2148.58117209
2025-09-07,268.51,274.25,266.9,271.86,2858.52743179
2025-09-08,272.02,272.94,266.08,266.08,4888.17940072
2025-09-09,266.14,274.44,265.63,266.52,2513.59067459
2025-09-10,266.52,272.3,266.16,268.59,3398.28210201
2025-09-11,268.79,273.7,268.15,270.0,2329.95128974
2025-09-12,270.03,284.04,270.03,284.04,2584.10791028
2025-09-13,284.03,290.23,283.85,286.19,2105.74399842
2025-09-14,286.19,309.04,284.53,306.72,4783.66624495
2025-09-15,306.48,309.38,295.76,306.13,3414.85533696
2025-09-16,306.2,333.99,304.37,319.48,3908.27191373
2025-09-17,319.49,320.09,289.92,301.44,5293.63979362
2025-09-18,301.44,302.72,292.92,298.9,3581.31081505
2025-09-19,298.93,304.23,292.65,294.59,5233.62740937
2025-09-20,294.59,300.0,293.8,299.22,1852.46992743
2025-09-21,299.22,301.81,292.82,293.44,3081.50325186
2025-09-22,293.59,306.62,283.3,289.46,8035.01216884
2025-09-23,289.46,299.19,284.91,292.49,7103.88044036
2025-09-24,292.37,305.38,290.87,293.48,9263.77019021
2025-09-25,293.6,303.65,288.55,288.83,2911.76844613
2025-09-26,288.83,297.68,285.99,288.45,4221.43900034
2025-09-27,288.39,293.59,284.92,286.71,2359.06847979
2025-09-28,286.88,293.0,284.31,290.98,1839.77754501
2025-09-29,290.98,294.41,286.0,293.09,3744.70373432
2025-09-30,293.06,299.45,288.65,295.62,3610.34322734
2025-10-01,295.81,321.6,292.02,313.11,3661.21588629
2025-10-02,313.11,341.19,310.12,333.15,6056.29973433
2025-10-03,333.18,339.79,321.87,323.23,3259.32315633
2025-10-04,323.49,329.89,318.97,329.89,1878.84123775
2025-10-05,329.89,341.44,319.61,321.41,1917.75656042
2025-10-06,321.02,326.6,309.96,310.58,3692.05306752
2025-10-07,310.62,327.39,308.74,318.37,4057.42003217
2025-10-08,318.9,341.98,313.14,333.85,4304.67272541
2025-10-09,334.26,348.25,327.98,342.18,2524.25556575
2025-10-10,342.18,347.5,269.45,295.39,6939.62815944
2025-10-11,293.63,311.73,285.7,299.07,5408.4967208
2025-10-12,299.24,315.39,293.28,304.84,1651.79698411
2025-10-13,304.82,317.67,302.86,310.95,2445.43230772
2025-10-14,310.95,314.3,299.75,312.96,3979.47275798
2025-10-15,312.96,331.86,310.8,317.31,3145.0021439399998
2025-10-16,317.34,322.62,299.07,301.29,2431.0764525
2025-10-17,301.3,302.39,283.3,291.63,3747.524355
2025-10-18,291.36,315.96,290.13,307.82,3190.76384065
2025-10-19,307.8,320.18,307.61,315.83,1030.14601976
2025-10-20,315.83,323.89,308.89,309.3,1499.18184394
2025-10-21,309.88,317.79,302.14,304.97,1615.83878588
2025-10-22,304.99,313.33,304.8,312.28,3493.84419021
2025-10-23,312.37,338.99,310.52,323.36,5914.677157
2025-10-24,323.36,330.61,322.19,327.56,1495.30709192
2025-10-25,327.56,339.98,324.23,333.65,1297.1851569799999
2025-10-26,333.75,351.67,332.97,348.45,2455.83603775
2025-10-27,348.26,350.67,337.53,340.84,1403.55590274
2025-10-28,341.22,346.24,332.96,335.71,2302.91210114
2025-10-29,335.44,345.9,331.08,337.33,1912.92419616
2025-10-30,337.72,341.09,319.44,323.82,1536.19690804
2025-10-31,323.37,335.79,319.67,335.79,1754.57790127
2025-11-01,334.88,356.0,331.96,349.23,4062.44859683
2025-11-02,349.68,364.97,341.31,346.73,2567.55343853
2025-11-03,348.14,352.79,331.35,345.42,2645.9092297400002
2025-11-04,345.12,352.19,327.18,338.92,3242.01885706
2025-11-05,339.35,378.78,326.5,342.58,2170.0470336
2025-11-06,342.8,362.28,340.64,360.89,1071.9439778
2025-11-07,360.03,376.39,354.25,369.7,1894.82797877
2025-11-08,368.28,373.39,356.18,367.12,1654.8594426
2025-11-09,366.22,471.59,366.22,418.11,10512.61767532
2025-11-10,418.46,431.23,379.58,387.4,2053.15560231
2025-11-11,387.88,395.68,360.84,368.09,2133.23962263
2025-11-12,369.88,392.54,367.51,388.51,2142.8223976
2025-11-13,388.32,404.5,372.38,386.99,3581.17204143
2025-11-14,386.18,402.76,374.44,392.82,3663.238893
2025-11-15,393.86,438.63,393.86,418.51,4483.53638672
2025-11-16,419.81,438.94,385.74,408.98,3022.44691882
2025-11-17,408.64,421.01,393.03,409.51,2860.83019846
2025-11-18,408.17,416.28,394.36,403.88,2317.15247971
2025-11-19,404.09,405.25,354.51,366.83,6719.1775302
2025-11-20,367.44,376.87,334.63,339.15,7065.56293949
2025-11-21,340.56,352.65,319.91,336.36,4167.51805165
2025-11-22,336.62,374.0,335.81,370.27,3072.03605052
2025-11-23,369.43,410.8,369.2,389.97,3434.36140426
2025-11-24,389.71,392.82,380.63,387.14,1627.42258835
2025-11-25,388.12,401.76,370.86,385.51,2130.02218193
2025-11-26,386.28,405.64,386.18,398.93,2014.1143539
2025-11-27,399.66,412.74,390.69,409.7,3013.63272249
2025-11-28,409.27,419.77,402.07,411.0,1844.86655095
2025-11-29,412.66,418.81,407.03,415.0,1070.22637981
2025-11-30,413.6,437.98,408.94,436.15,1705.76749406
2025-12-01,434.49,436.38,389.88,406.27,2996.67168007
2025-12-02,407.22,419.62,386.3,398.4,2850.36112382
2025-12-03,397.81,416.84,392.5,408.59,1483.38864191
2025-12-04,407.36,410.2,400.47,403.16,1566.17209939
2025-12-05,403.28,406.56,392.1,399.47,1856.96932158
2025-12-06,399.89,400.45,388.97,392.55,796.83743541
2025-12-07,393.9,394.68,360.61,362.78,2640.3526882
2025-12-08,362.87,382.25,361.23,374.41,2618.89776116
2025-12-09,374.5,388.79,361.82,388.79,2304.38877809
2025-12-10,388.36,409.35,387.11,402.94,2189.10685768
2025-12-11,401.92,417.67,397.56,407.69,2396.59738031
2025-12-12,408.34,419.44,396.32,406.82,1574.41546931
2025-12-13,406.17,419.7,405.37,414.15,704.1925718
2025-12-14,414.68,417.74,407.06,408.55,218.25320554
2025-12-15,409.61,416.97,399.85,410.24,1466.25340747
2025-12-16,411.89,433.99,406.11,430.36,2299.42100344
2025-12-17,429.14,438.18,418.58,418.76,2369.04140642
2025-12-18,418.78,447.23,408.22,415.89,3359.6584494100002
2025-12-19,415.69,446.43,413.8,441.14,2800.33286018
2025-12-20,440.97,498.66,436.1,473.79,4995.1854134
2025-12-21,477.11,477.54,457.66,471.34,2559.87227693
2025-12-22,471.46,484.22,453.22,462.49,2462.10873238
2025-12-23,464.12,465.8,431.91,448.22,2708.39157435
2025-12-24,448.14,449.36,423.64,434.75,3439.10311059
2025-12-25,434.58,447.69,433.13,445.59,1911.93636023
2025-12-26,442.84,450.33,435.14,445.31,1162.07129009
2025-12-27,445.33,463.73,444.32,454.05,2317.32556271
2025-12-28,453.64,463.64,442.97,453.43,1426.09278328
2025-12-29,453.69,462.63,436.94,437.95,1820.75073189
2025-12-30,438.2,441.66,427.84,439.79,1177.52949551
2025-12-31,439.97,444.72,433.49,434.56,1121.51726486
2026-01-01,434.08,435.24,415.6,419.75,1073.97197267
2026-01-02,420.25,426.24,412.3,424.9,1781.97407233
2026-01-03,425.37,437.72,422.0,434.48,3966.19147156
2026-01-04,433.87,441.15,416.26,417.67,11271.57884155
2026-01-05,418.27,439.41,416.67,435.38,2157.0958689
2026-01-06,435.87,449.91,433.88,440.85,1783.64966122
2026-01-07,441.53,456.28,431.61,436.39,2135.26210595
2026-01-08,436.23,474.53,431.0,452.22,3450.81565427
2026-01-09,453.54,463.97,450.16,451.37,2017.94238293
2026-01-10,451.38,472.55,446.85,471.38,1907.26214866
2026-01-11,471.93,561.57,471.82,559.89,7015.84176837
2026-01-12,558.92,641.15,554.61,632.05,12340.33983754
2026-01-13,631.41,695.98,621.48,676.92,8422.15814649
2026-01-14,678.1,800.0,665.42,708.14,10728.71872167
2026-01-15,710.56,752.07,656.92,677.5,14062.15254442
2026-01-16,677.16,720.02,617.53,619.55,9734.05849851
2026-01-17,619.46,641.03,582.25,586.92,6071.16733291
2026-01-18,588.24,616.64,554.45,571.07,7829.55736699
2026-01-19,572.51,649.2,534.65,623.39,7075.25483242
2026-01-20,623.73,625.74,498.8,502.74,15329.1926328
2026-01-21,503.15,546.04,479.77,522.37,10477.49462972
2026-01-22,523.25,533.92,494.0,516.67,5521.26028694
2026-01-23,517.25,535.35,507.15,512.79,4328.97636387
2026-01-24,513.11,530.69,500.09,503.62,4658.07993822
2026-01-25,503.09,508.11,444.0,449.65,10880.49597138
2026-01-26,449.86,477.35,446.26,461.34,4401.42889123
2026-01-27,461.63,480.8,455.88,470.14,6890.3188951600005
2026-01-28,470.08,486.49,463.87,468.48,5618.61758105
2026-01-29,469.12,479.33,431.77,459.78,6658.3078641600005
2026-01-30,460.43,476.6,422.0,461.22,9715.96380636
2026-01-31,460.75,499.43,426.28,465.42,10197.37672383
2026-02-01,465.38,470.03,402.35,404.91,7428.0510455
2026-02-02,405.97,422.27,381.48,386.74,7039.6646609
2026-02-03,387.83,393.45,367.57,377.77,8147.26545055
2026-02-04,377.43,396.08,372.62,382.85,8479.20378227
2026-02-05,382.81,384.03,291.51,292.85,12087.1766928
2026-02-06,293.38,336.5,276.91,321.63,10593.00858865
2026-02-07,321.6,339.73,317.19,330.44,5386.61454114
2026-02-08,330.1,334.3,309.92,319.16,4318.17497025
2026-02-09,319.39,338.65,316.29,335.2,5965.56658509
2026-02-10,335.1,350.01,320.0,346.29,5707.06114876
2026-02-11,346.11,362.98,332.88,347.05,5257.56118763
2026-02-12,346.17,354.47,324.77,337.07,4855.59434589
2026-02-13,337.07,365.19,331.15,352.88,3877.50953744
2026-02-14,352.31,365.03,349.29,358.48,4959.553194
2026-02-15,358.01,358.34,328.62,331.62,4903.43566929
2026-02-16,331.69,333.68,315.59,327.01,4552.31075538
2026-02-17,327.0,344.87,326.48,333.45,4739.57934611
2026-02-18,333.41,344.85,325.82,330.74,4375.5970577
2026-02-19,330.92,339.6,322.96,339.22,4106.60813913
2026-02-20,339.13,340.84,327.76,332.02,3098.03991903
2026-02-21,331.91,334.83,325.45,326.77,2400.70349487
2026-02-22,326.62,328.74,318.06,328.37,2986.78215913
2026-02-23,328.5,328.9,304.74,308.07,4620.99932622
2026-02-24,308.71,329.88,302.73,321.78,4825.61817593
2026-02-25,321.99,349.04,321.18,345.0,5109.41226082
2026-02-26,345.15,351.67,335.12,342.96,3850.99409217
2026-02-27,343.0,355.99,331.69,338.25,5420.85618243
2026-02-28,338.63,344.43,324.34,336.7,5692.89319777
2026-03-01,337.11,350.82,334.51,341.75,3545.32720447
2026-03-02,341.07,386.19,336.35,347.52,9207.65666486
2026-03-03,347.82,348.33,335.74,341.0,4710.36689317
2026-03-04,341.14,365.51,338.45,356.09,5357.31924236
2026-03-05,355.54,375.62,353.74,361.4,5296.77390674
2026-03-06,361.75,366.34,341.52,351.62,2539.01043468
2026-03-07,352.27,353.64,342.88,344.17,2062.41834121
2026-03-08,344.44,347.31,333.84,334.47,1526.87115143
2026-03-09,335.39,352.99,333.56,341.03,2686.50458569
2026-03-10,341.01,353.67,340.34,353.33,2285.63178157
2026-03-11,353.06,363.39,347.3,352.32,1828.13817613
2026-03-12,352.63,359.41,348.64,350.46,2061.71431051
2026-03-13,350.81,362.74,350.63,356.43,1944.18957504
2026-03-14,356.77,369.99,353.71,355.52,2620.59186094
2026-03-15,355.81,360.0,350.45,357.97,1280.17297505
2026-03-16,356.48,382.02,356.48,373.11,3441.10401872
2026-03-17,372.65,377.72,365.45,368.62,3164.57814204
2026-03-18,368.33,371.34,343.53,346.28,2728.87878082
2026-03-19,346.56,350.12,336.34,339.16,3240.19586904
2026-03-20,340.11,351.07,337.53,348.43,3415.24757381
2026-03-21,348.75,350.89,340.8,342.08,1873.85121207
2026-03-22,340.51,364.57,338.63,361.83,2749.89438018
2026-03-23,361.46,365.56,349.96,350.7,2863.48059861
2026-03-24,350.84,354.43,337.37,339.45,3361.65958532
2026-03-25,339.57,342.09,336.51,341.18,953.0583866000001
2026-03-26,340.3,341.01,322.41,328.83,2561.11264075
2026-03-27,328.49,333.97,317.17,325.64,2190.92162345
2026-03-28,325.76,338.44,321.56,329.9,2754.13082586
2026-03-29,330.43,332.14,322.12,326.93,2259.30036841
2026-03-30,327.13,340.43,320.78,321.33,2362.43857645
2026-03-31,321.18,335.36,319.83,333.8,4669.62804109
2026-04-01,334.45,338.74,329.65,337.2,2872.79425939
2026-04-02,336.92,339.6,324.86,325.79,2592.93970028
2026-04-03,326.03,329.42,313.29,315.64,2817.6865978
2026-04-04,315.62,326.05,313.22,324.98,1702.64772039
2026-04-05,324.93,332.22,323.13,331.33,1956.71483839
2026-04-06,331.5,333.31,323.31,326.23,3032.63411772
2026-04-07,326.42,345.02,324.57,344.48,3442.0905445099997
2026-04-08,342.94,358.19,321.07,326.98,6416.74666655
2026-04-09,327.21,350.7,321.26,346.51,4050.15155141
2026-04-10,347.42,350.28,339.65,343.83,3124.71608153
2026-04-11,344.0,345.23,334.68,338.41,2238.90730879
2026-04-12,338.29,343.55,334.42,334.75,2348.6370088
2026-04-13,335.02,347.81,335.02,346.08,3743.98254699
2026-04-14,346.03,355.3,343.47,344.13,3376.88474893
2026-04-15,344.88,351.18,336.14,344.09,5020.9167238
2026-04-16,344.05,347.79,339.15,343.59,1983.31412889
2026-04-17,343.2,355.73,341.34,348.29,5140.72901559
2026-04-18,348.07,351.47,341.99,349.36,2919.10943334
2026-04-19,349.71,355.14,344.47,346.73,2213.79166989
2026-04-20,347.33,355.27,345.4,353.53,3543.11103793
2026-04-21,353.46,394.59,352.29,386.25,7457.74302602
2026-04-22,386.38,397.76,366.35,366.48,6977.22283727
2026-04-23,367.01,381.39,361.11,379.8,4518.45874673
2026-04-24,379.83,390.99,366.24,368.7,5021.73895825
2026-04-25,368.8,378.19,366.35,372.0,1464.26827029
2026-04-26,372.94,406.14,371.83,392.09,2223.31029208
2026-04-27,392.76,395.68,375.87,380.41,3847.21842061
2026-04-28,380.82,385.67,371.75,378.44,3087.97826932
2026-04-29,378.41,387.23,369.69,376.19,4683.40293283
2026-04-30,376.85,383.39,370.43,379.82,4351.71931979
2026-05-01,379.73,390.0,373.21,378.85,4364.4318334
2026-05-02,378.74,387.66,377.48,382.69,2860.35788106
2026-05-03,382.71,398.38,382.18,391.66,1902.88562182
2026-05-04,391.61,409.0,382.27,406.0,4101.68993592
2026-05-05,405.85,428.19,399.01,411.9,4657.18639835
2026-05-06,412.19,438.6,402.91,415.09,11279.76776433
2026-05-07,414.77,421.13,393.7,399.89,7800.99028752
2026-05-08,399.59,406.05,387.45,400.04,7143.70541527
2026-05-09,399.98,417.94,399.98,410.58,5912.61910211
2026-05-10,410.33,414.75,401.81,409.53,5694.73279989
2026-05-11,409.92,420.8,402.65,416.6,12227.1873691
2026-05-12,416.24,419.39,395.38,411.73,7041.89307377
2026-05-13,411.37,415.79,389.03,397.75,7683.04351429
2026-05-14,397.86,405.16,391.05,396.17,6958.29148646
2026-05-15,396.44,398.81,377.83,382.01,8095.27061633
2026-05-16,381.62,388.99,373.43,388.56,7025.55837122
2026-05-17,388.68,398.96,385.53,389.87,5948.86910768
2026-05-18,390.37,395.55,376.79,383.4,8440.95733289
2026-05-19,383.35,399.63,382.51,399.31,6277.03449971
2026-05-20,399.48,408.33,389.82,405.41,8389.91964205
2026-05-21,405.37,410.74,390.96,393.17,7511.23314123
2026-05-22,393.16,393.46,378.02,381.25,7657.79889566
2026-05-23,381.31,387.95,372.41,387.6,5788.31166595
2026-05-24,387.6,400.38,382.85,393.7,5636.85607091
2026-05-25,393.89,400.53,380.71,386.6,7554.96738739
2026-05-26,386.13,393.79,376.8,380.54,5855.7023621
2026-05-27,381.09,401.77,376.31,393.92,3647.4079275999998
2026-05-28,394.29,396.06,346.04,354.25,7316.52006832
2026-05-29,354.58,397.65,352.79,396.99,8089.79525043
2026-05-30,397.01,422.0,366.99,370.37,10442.06639791
2026-05-31,369.54,374.91,358.76,367.78,4657.76975088
2026-06-01,367.94,373.26,340.84,344.37,6186.87669364
2026-06-02,345.17,354.17,321.35,326.44,5137.17710062
2026-06-03,325.68,362.76,325.68,362.71,5394.52059944
2026-06-04,362.24,385.0,338.93,373.23,9348.70777477
2026-06-05,372.74,378.05,301.93,309.44,6982.41376904
2026-06-06,309.69,313.77,292.42,296.09,2250.50372989
2026-06-07,296.09,315.43,292.51,303.51,1600.48196124
2026-06-08,303.89,321.42,299.36,314.89,1874.27267843
2026-06-09,315.09,331.94,304.26,311.49,3687.51661758
2026-06-10,311.69,336.58,306.71,335.31,3361.88016446
2026-06-11,334.92,390.96,333.7,386.09,5662.87814749
2026-06-12,386.12,427.79,344.29,352.91,12874.21808628
2026-06-13,353.29,354.19,333.87,337.41,2033.02424524
2026-06-14,338.09,344.77,332.11,340.49,1517.83872384
2026-06-15,340.29,379.69,331.48,348.09,5137.8972530500005
2026-06-16,348.48,354.67,331.62,345.17,4015.14385398
2026-06-17,345.69,354.03,329.28,336.51,2844.9032609700002
2026-06-18,336.89,338.49,316.43,318.77,2542.30921793
2026-06-19,319.29,335.11,305.05,315.0,2260.85814316
2026-06-20,314.89,323.29,306.17,320.74,1697.46039998
2026-06-21,320.89,324.6,308.56,320.24,1292.59026058
2026-06-22,320.49,334.09,316.91,317.31,1916.17906887
2026-06-23,317.69,330.89,309.65,318.74,4214.13506768
2026-06-24,319.69,333.24,307.12,314.89,2314.05367113
2026-06-25,314.51,323.01,299.51,307.69,2737.41690636
2026-06-26,308.29,324.19,302.38,320.91,1924.16358218
2026-06-27,321.29,323.92,310.58,312.76,2576.25655294
2026-06-28,313.09,316.85,305.52,311.02,1312.94931341
2026-06-29,310.43,316.22,303.35,316.22,1872.740082
2026-06-30,315.0,315.93,301.76,303.87,1611.0042813
2026-07-01,304.08,312.66,301.99,309.11,2923.31005199
2026-07-02,309.01,318.16,305.44,317.92,1960.76303162
2026-07-03,317.66,329.34,314.69,324.09,2454.88293642
2026-07-04,324.49,335.21,319.14,328.4,2859.09978801
2026-07-05,328.11,332.67,322.11,327.76,1522.55297279
2026-07-06,327.31,327.69,316.32,323.31,1693.90712959
2026-07-07,323.04,335.94,321.97,334.74,1312.30205391
2026-07-08,335.29,336.71,317.16,320.12,2299.0374313
2026-07-09,319.71,327.26,313.33,314.06,1409.11801754
2026-07-10,313.71,326.21,313.71,322.49,1305.16698774
2026-07-11,322.89,326.12,319.63,322.91,508.71615514
2026-07-12,322.62,331.1,321.86,324.49,552.30559541
2026-07-13,324.11,332.66,317.5,321.6,1539.40200465
2026-07-14,321.69,331.68,320.38,331.02,1292.93889307
2026-07-15,330.91,335.75,324.32,330.49,1122.33508159
2026-07-16,330.55,338.39,327.71,335.1,770.5130559
2026-07-17,335.14,337.29,321.67,331.33,2034.13274076
2026-07-18,331.5,336.31,327.95,336.03,431.81613531
2026-07-19,336.47,339.7,330.91,336.49,796.58135529
2026-07-20,336.11,338.95,331.71,337.71,790.98983753
2026-07-21,337.31,358.36,336.91,357.31,1872.60708112
2026-07-22,357.69,362.89,344.74,352.96,733.8663295599999
2026-07-23,352.94,357.99,345.47,355.27,1401.75759193
2026-07-24,355.21,367.01,350.93,364.09,1190.13155333
2026-07-25,364.09,372.53,361.33,364.13,1500.85353689
2026-07-26,364.49,370.27,353.41,353.98,2578.25588725
2026-07-27,353.71,354.46,342.56,346.11,1874.11296806
2026-07-28,345.32,345.53,334.51,341.91,1941.68656567
2026-07-29,341.32,354.89,340.63,353.57,3006.74976933
2026-07-30,353.34,368.96,349.73,360.12,2876.46141987
2026-07-31,360.34,361.42,346.68,358.11,1702.35012342
2026-08-01,358.39,367.45,356.66,363.71,1568.54151084
2026-08-02,363.54,365.52,362.1,365.13,499.64405174
