time,open,high,low,close,volume
2017-05-19,0.37999,0.37999,0.25,0.32498,2130933.0088796103
2017-05-20,0.32499,0.37199,0.2911,0.34716,3608873.1289023543
2017-05-21,0.347,0.36998,0.32102,0.328,2597806.7755010473
2017-05-22,0.327,0.3358,0.25,0.29717,6474949.239428466
2017-05-23,0.29912,0.34991,0.28063,0.32158,3255225.478139081
2017-05-24,0.32,0.33304,0.2819,0.2886,4288168.025369318
2017-05-25,0.2886,0.29245,0.22899,0.2382,8004757.920914679
2017-05-26,0.2382,0.32126,0.23609,0.259,6493159.0548232
2017-05-27,0.25881,0.272,0.1445,0.20142,9369145.62064255
2017-05-28,0.20191,0.23438,0.19,0.21631,5838709.807428633
2017-05-29,0.21628,0.23795,0.20194,0.22499,3998030.9890366714
2017-05-30,0.22405,0.23128,0.19305,0.19823,3942879.5772489696
2017-05-31,0.19762,0.244,0.17869,0.23757,6349241.61520095
2017-06-01,0.236,0.3291,0.23387,0.32048,16032858.704375237
2017-06-02,0.32406,0.32437,0.26394,0.28406,6283984.71865451
2017-06-03,0.28397,0.295,0.26016,0.28057,3199897.026969857
2017-06-04,0.28379,0.30249,0.26015,0.28842,4488245.919630077
2017-06-05,0.28842,0.29286,0.27849,0.28304,1975113.3783121493
2017-06-06,0.2846,0.28988,0.26933,0.28112,6718638.420165138
2017-06-07,0.28011,0.29849,0.26839,0.2701,3658666.44321134
2017-06-08,0.27009,0.29576,0.26482,0.28249,2288428.19619042
2017-06-09,0.28426,0.2945,0.2793,0.28032,2379963.7788527375
2017-06-10,0.28036,0.2837,0.25051,0.251,5036157.2162649715
2017-06-11,0.251,0.27189,0.24987,0.26812,4243778.504492655
2017-06-12,0.27,0.2826,0.22001,0.23705,9026799.170415351
2017-06-13,0.23986,0.27544,0.23406,0.2597,3645353.140511035
2017-06-14,0.26,0.29554,0.24249,0.25418,7789503.937821612
2017-06-15,0.25585,0.26097,0.20347,0.24095,3947695.9223126546
2017-06-16,0.2385,0.25024,0.22514,0.24599,2175500.3145679063
2017-06-17,0.24601,0.26195,0.23475,0.257,3964957.7592832013
2017-06-18,0.257,0.27637,0.24347,0.26308,3994007.113991719
2017-06-19,0.264,0.28067,0.25806,0.28066,2812101.6365253283
2017-06-20,0.28066,0.3237,0.275,0.301,8805323.890543638
2017-06-21,0.29983,0.30863,0.25201,0.2691,4723583.148779244
2017-06-22,0.2691,0.28067,0.25823,0.2753,2745498.272218566
2017-06-23,0.2758,0.29474,0.27408,0.291,2893659.5564424032
2017-06-24,0.29071,0.2998,0.2612,0.26901,4036331.6089886585
2017-06-25,0.26968,0.27675,0.24596,0.255,2677183.8479693383
2017-06-26,0.2557,0.26195,0.219,0.24201,7477974.246673044
2017-06-27,0.24201,0.25794,0.216,0.25794,4938016.267551568
2017-06-28,0.25794,0.26645,0.24379,0.263,3326949.0260547604
2017-06-29,0.26297,0.2645,0.242,0.25019,2075640.7569198327
2017-06-30,0.24998,0.2581,0.2413,0.24216,2119465.4818929033
2017-07-01,0.2438,0.2451,0.2259,0.23252,1672767.3049487562
2017-07-02,0.23221,0.24868,0.22901,0.24662,1351885.0121938102
2017-07-03,0.24662,0.2561,0.24086,0.25064,3120909.588997482
2017-07-04,0.2502,0.25653,0.24453,0.246,1689291.7448466201
2017-07-05,0.246,0.25515,0.2422,0.24891,2147110.943806174
2017-07-06,0.25,0.25168,0.2463,0.24857,1579769.7406626712
2017-07-07,0.24857,0.2509,0.22648,0.22741,3397497.137226808
2017-07-08,0.22741,0.23212,0.209,0.23,3768598.196362479
2017-07-09,0.23,0.24255,0.2237,0.22401,1256072.7536126736
2017-07-10,0.22383,0.22497,0.17631,0.18556,6290978.220504593
2017-07-11,0.186,0.1964,0.148,0.17492,14101812.08984972
2017-07-12,0.17319,0.19604,0.16102,0.19456,7330791.006750871
2017-07-13,0.1962,0.21718,0.1785,0.1892,3735659.13007711
2017-07-14,0.19026,0.192,0.17254,0.18248,3260932.64926939
2017-07-15,0.1837,0.18397,0.17167,0.17255,3785017.2902421
2017-07-16,0.1724,0.1744,0.129,0.14707,13767657.49769105
2017-07-17,0.14873,0.17302,0.14337,0.17208,8257615.02389398
2017-07-18,0.173,0.1853,0.16,0.17816,3827882.21213794
2017-07-19,0.17805,0.184,0.15752,0.16259,3904395.10839825
2017-07-20,0.16259,0.19575,0.16259,0.18942,5098031.66538001
2017-07-21,0.19,0.19287,0.18187,0.18351,4018393.41991113
2017-07-22,0.1833,0.20199,0.18101,0.19764,5001855.21544336
2017-07-23,0.1979,0.20743,0.1865,0.1974,6440578.33296186
2017-07-24,0.19701,0.19881,0.19,0.19149,2549462.5454481
2017-07-25,0.19263,0.19356,0.16633,0.17344,5837549.68288151
2017-07-26,0.17479,0.179,0.16409,0.173,3569421.05906113
2017-07-27,0.173,0.17575,0.16889,0.172,2411110.59337019
2017-07-28,0.17277,0.17409,0.15608,0.16326,3553433.50944222
2017-07-29,0.16348,0.1715,0.15429,0.17011,2524893.85881548
2017-07-30,0.16941,0.17194,0.161,0.16416,2001615.96359026
2017-07-31,0.1619,0.168,0.15812,0.164,2621633.43123692
2017-08-01,0.1645,0.18496,0.1586,0.17733,7380861.30418538
2017-08-02,0.17733,0.18,0.16808,0.172,5618019.29007717
2017-08-03,0.1709,0.17773,0.16927,0.17438,2977948.88400095
2017-08-04,0.17438,0.177,0.17075,0.17383,3169065.44744586
2017-08-05,0.17383,0.192,0.17147,0.18444,9223312.21717661
2017-08-06,0.18444,0.1895,0.17804,0.17959,3862163.15120294
2017-08-07,0.18048,0.18228,0.1759,0.17722,6170897.94441121
2017-08-08,0.17883,0.19908,0.1767,0.196,11669174.87427602
2017-08-09,0.196,0.196,0.18,0.18396,6009788.69988771
2017-08-10,0.1835,0.18434,0.1777,0.17998,4859905.94015903
2017-08-11,0.18001,0.185,0.17546,0.17716,10269348.05586947
2017-08-12,0.17725,0.18246,0.17023,0.17051,7261712.70357815
2017-08-13,0.1719,0.17221,0.15844,0.16607,8482281.42326585
2017-08-14,0.16594,0.18049,0.16511,0.16792,6449953.45374354
2017-08-15,0.16792,0.16792,0.15179,0.1573,11082934.49236089
2017-08-16,0.15877,0.1606,0.14818,0.1606,12091304.99692964
2017-08-17,0.16036,0.16119,0.15351,0.15744,7204820.29124182
2017-08-18,0.15742,0.17147,0.1511,0.15674,15061709.08625574
2017-08-19,0.1571,0.1616,0.14738,0.1527,8762407.50558782
2017-08-20,0.15216,0.16158,0.149,0.15805,7873241.58317597
2017-08-21,0.15815,0.20881,0.1518,0.19599,34222661.33873687
2017-08-22,0.1952,0.26104,0.1701,0.24119,80928369.16475162
2017-08-23,0.24203,0.2999,0.2135,0.24638,95232128.82418543
2017-08-24,0.24628,0.28769,0.21107,0.21787,60144509.75719186
2017-08-25,0.21682,0.23089,0.201,0.21691,33703474.45471464
2017-08-26,0.2169,0.23087,0.2056,0.21,14017593.5384125
2017-08-27,0.2096,0.21027,0.192,0.20121,14020520.90085449
2017-08-28,0.20211,0.2425,0.194,0.225,44240204.80795714
2017-08-29,0.22515,0.22673,0.21206,0.21955,23583141.42583632
2017-08-30,0.21955,0.23326,0.21602,0.23191,15967840.13691185
2017-08-31,0.2319,0.26526,0.2271,0.2586,20671762.94579708
2017-09-01,0.2585,0.26,0.241,0.25295,18653141.36466937
2017-09-02,0.25292,0.254,0.21811,0.22363,19227600.61921957
2017-09-03,0.22446,0.238,0.21067,0.22914,13183352.8447055
2017-09-04,0.22914,0.22985,0.1886,0.2024,21014975.84954473
2017-09-05,0.20239,0.2202,0.18862,0.2155,14328420.11580585
2017-09-06,0.2155,0.23289,0.21458,0.2315,11240198.88699724
2017-09-07,0.2315,0.23198,0.22039,0.2274,8023978.26270772
2017-09-08,0.227,0.22928,0.20134,0.21099,12007381.45273126
2017-09-09,0.21103,0.21409,0.20617,0.21345,4021730.07347466
2017-09-10,0.21239,0.2243,0.19699,0.21651,8735842.65494217
2017-09-11,0.21604,0.22184,0.20799,0.2135,10260933.38780982
2017-09-12,0.2134,0.224,0.2052,0.20996,10277798.03929288
2017-09-13,0.20999,0.20999,0.19066,0.19688,9104706.14521244
2017-09-14,0.19689,0.20046,0.16612,0.17138,18361691.33306492
2017-09-15,0.17133,0.19199,0.14765,0.18425,21883579.69020095
2017-09-16,0.18259,0.192,0.17303,0.1818,10604677.63303745
2017-09-17,0.18136,0.18454,0.17131,0.18147,5852187.1295431
2017-09-18,0.1815,0.19427,0.18042,0.19325,14959726.90161431
2017-09-19,0.19335,0.19477,0.18201,0.18517,11028345.90113019
2017-09-20,0.18486,0.18987,0.18047,0.18141,6868243.9890003
2017-09-21,0.18149,0.1835,0.16873,0.17001,10286406.04360509
2017-09-22,0.17048,0.17709,0.1665,0.17137,6231565.36047549
2017-09-23,0.17186,0.1807,0.16938,0.17897,8404199.73838132
2017-09-24,0.17849,0.1799,0.1731,0.17554,4404306.10953388
2017-09-25,0.17572,0.187,0.17389,0.18418,7346268.01594356
2017-09-26,0.1851,0.19698,0.17977,0.18812,17114460.79288612
2017-09-27,0.18859,0.21497,0.18716,0.21,29024794.30763001
2017-09-28,0.21,0.21038,0.19608,0.2016,20837503.02754041
2017-09-29,0.2016,0.2052,0.18746,0.19647,15373456.45849558
2017-09-30,0.19683,0.20586,0.19436,0.2,19108236.68816577
2017-10-01,0.19995,0.20939,0.19573,0.20938,8003818.39223621
2017-10-02,0.20938,0.20977,0.2,0.20291,11490515.78920744
2017-10-03,0.20312,0.206,0.19722,0.20317,7829257.64481651
2017-10-04,0.20264,0.2166,0.20093,0.21309,24128425.77947069
2017-10-05,0.21309,0.24462,0.21309,0.238,68522265.03280708
2017-10-06,0.23805,0.24472,0.23169,0.234,46443455.70609503
2017-10-07,0.234,0.24175,0.2323,0.23912,19346021.05353564
2017-10-08,0.2398,0.284,0.23847,0.28076,68298530.36671054
2017-10-09,0.28061,0.28076,0.23325,0.25,84715749.61653134
2017-10-10,0.25,0.267,0.2415,0.25805,48003928.57281014
2017-10-11,0.25802,0.26589,0.255,0.26331,33373485.59632103
2017-10-12,0.26331,0.26539,0.2452,0.24537,48325250.08977823
2017-10-13,0.24537,0.2657,0.23231,0.26083,73735732.49440134
2017-10-14,0.26083,0.2692,0.254,0.25544,75624133.97707394
2017-10-15,0.25544,0.27,0.24701,0.2642,50461339.20142583
2017-10-16,0.2647,0.3,0.25152,0.2577,150823731.81657082
2017-10-17,0.2577,0.2659,0.21,0.2288,93582486.7431467
2017-10-18,0.2279,0.23454,0.19964,0.2168,72724572.54875894
2017-10-19,0.2169,0.2327,0.206,0.2142,66513012.90803659
2017-10-20,0.2142,0.2234,0.20502,0.208,52258560.82626284
2017-10-21,0.20739,0.21098,0.197,0.21,32784254.9730126
2017-10-22,0.21007,0.21215,0.19449,0.2016,37752946.79147142
2017-10-23,0.20175,0.2019,0.1823,0.19188,32792706.39803771
2017-10-24,0.19179,0.21697,0.18289,0.2041,81895016.62834574
2017-10-25,0.20416,0.20532,0.19562,0.20229,47826862.73971053
2017-10-26,0.20208,0.2048,0.1986,0.20167,10825596.55819211
2017-10-27,0.2018,0.2028,0.19766,0.20045,7762573.73944422
2017-10-28,0.20001,0.2008,0.19671,0.19772,6137563.13881059
2017-10-29,0.19772,0.20659,0.1961,0.2027,13376176.88632958
2017-10-30,0.20266,0.205,0.19996,0.2024,9855935.876973901
2017-10-31,0.2024,0.20345,0.19792,0.19826,8692793.48407089
2017-11-01,0.19793,0.20055,0.1892,0.19149,17803226.93613558
2017-11-02,0.1913,0.20699,0.17421,0.19927,40076149.17801777
2017-11-03,0.2,0.2288,0.1951,0.20584,62279562.60586444
2017-11-04,0.20597,0.20628,0.19924,0.20085,11973336.1967866
2017-11-05,0.2013,0.20342,0.19811,0.19942,11999812.27950923
2017-11-06,0.19935,0.20713,0.19782,0.20189,20416401.05100836
2017-11-07,0.201,0.2065,0.199,0.20543,16891089.8535719
2017-11-08,0.20544,0.22417,0.20233,0.21692,41518834.27577572
2017-11-09,0.21746,0.222,0.212,0.21628,32842471.37415212
2017-11-10,0.2163,0.21853,0.19801,0.20292,35545465.19730532
2017-11-11,0.20295,0.215,0.2015,0.20828,32725590.71126499
2017-11-12,0.20894,0.20894,0.18706,0.19002,92638693.34049533
2017-11-13,0.19007,0.2,0.18932,0.2,36482740.9975299
2017-11-14,0.2,0.211,0.1989,0.20465,26331471.36798958
2017-11-15,0.2051,0.21023,0.20301,0.20848,25973909.70981195
2017-11-16,0.20867,0.2815,0.20574,0.22666,265341795.3994809
2017-11-17,0.2267,0.2436,0.21662,0.22379,83504344.87040874
2017-11-18,0.22419,0.23019,0.21852,0.22743,33380308.2189116
2017-11-19,0.22743,0.23875,0.22375,0.23264,41775944.89469776
2017-11-20,0.23289,0.247,0.23118,0.2411,50566431.37170866
2017-11-21,0.241,0.24501,0.22418,0.23219,49990682.87096236
2017-11-22,0.232,0.2424,0.23158,0.23807,39368732.09091394
2017-11-23,0.23813,0.25109,0.2354,0.23878,62251237.53422949
2017-11-24,0.23878,0.24472,0.22961,0.2406,58769849.31784395
2017-11-25,0.2406,0.25451,0.23863,0.2489,44602061.05606623
2017-11-26,0.24828,0.25049,0.242,0.2454,31086437.24961778
2017-11-27,0.2455,0.25186,0.24,0.2463,49129737.23742449
2017-11-28,0.24719,0.28127,0.24636,0.28025,121902020.2707742
2017-11-29,0.27949,0.28024,0.197,0.23499,131750904.08246484
2017-11-30,0.2357,0.24682,0.21571,0.23487,62879644.51559358
2017-12-01,0.2349,0.2545,0.22451,0.24833,47928261.85385312
2017-12-02,0.24827,0.2502,0.23938,0.24399,30683082.62323215
2017-12-03,0.24388,0.2596,0.23103,0.24489,49972582.12944476
2017-12-04,0.24489,0.24873,0.233,0.24647,41853317.56110591
2017-12-05,0.24638,0.24671,0.22557,0.23113,64826058.54807636
2017-12-06,0.23202,0.2351,0.20876,0.2149,88129620.95235397
2017-12-07,0.21482,0.2191,0.197,0.20569,78166107.46471351
2017-12-08,0.20509,0.25692,0.20056,0.23401,175486033.39719406
2017-12-09,0.23354,0.24539,0.22923,0.2361,74467254.01064856
2017-12-10,0.23587,0.2378,0.22108,0.22798,59974521.07732781
2017-12-11,0.22844,0.24906,0.228,0.24821,52028813.20637218
2017-12-12,0.24821,0.5367,0.24401,0.42385,272315708.4095321
2017-12-13,0.4238,0.59999,0.35169,0.4574,476872180.22875786
2017-12-14,0.45739,0.89882,0.451,0.85999,691292510.7446289
2017-12-15,0.85843,0.865,0.6122,0.73648,388886050.99200517
2017-12-16,0.73648,0.815,0.707,0.73901,163618826.84237087
2017-12-17,0.73883,0.755,0.69522,0.71097,79960401.20577326
2017-12-18,0.71059,0.7933,0.6353,0.75576,159117569.47656792
2017-12-19,0.75575,0.84111,0.70097,0.73,177428878.68557215
2017-12-20,0.73,0.74,0.64468,0.714,128221448.18725584
2017-12-21,0.714,1.14,0.71074,1.125,459524853.6826586
2017-12-22,1.1224,1.25,0.42143,0.98304,497497709.1081027
2017-12-23,0.98798,1.0592,0.90992,0.9981,105811669.84142385
2017-12-24,0.99496,1.0058,0.8011,0.9681,109266715.09616084
2017-12-25,0.9662,1.0148,0.91,0.9714,53005494.55264391
2017-12-26,0.97149,1.095,0.9628,1.07,64744925.75961128
2017-12-27,1.0698,1.2893,1.0622,1.2108,185042523.93553862
2017-12-28,1.2103,1.3072,1.05,1.2525,147130738.90505672
2017-12-29,1.2501,1.9745,1.248,1.915,360721916.5789268
2017-12-30,1.915,2.45,1.73,1.835,431531639.5733841
2017-12-31,1.8425,2.089,1.6033,1.9657,141776922.6586707
2018-01-01,1.9652,2.1,1.802,2.0395,57532145.36866932
2018-01-02,2.0458,2.2158,1.841,2.193,99133678.81365953
2018-01-03,2.1921,2.8599,2.1352,2.7317,209500381.72046888
2018-01-04,2.7311,3.3,2.606,2.7367,276946688.20718485
2018-01-05,2.737,3.059,2.2273,2.4961,201898696.28876132
2018-01-06,2.4987,2.85,2.4463,2.6424,79060690.57320642
2018-01-07,2.6425,2.8099,2.5597,2.7665,50990049.1318618
2018-01-08,2.7665,2.7682,1.91,2.3847,138369940.01987115
2018-01-09,2.384,2.4893,1.9,2.0538,120070081.43124975
2018-01-10,2.0537,2.121,1.61,1.937,210632131.99253637
2018-01-11,1.937,2.25,1.53,1.92,275891592.34109
2018-01-12,1.9192,2.15,1.785,2.015,130695631.59703466
2018-01-13,2.0151,2.091,1.9461,1.9876,53076056.42022502
2018-01-14,1.9873,1.9879,1.73,1.8163,54688517.37531831
2018-01-15,1.8203,1.877,1.615,1.657,50342158.15731098
2018-01-16,1.657,1.6798,0.85,1.1382,381859881.89243734
2018-01-17,1.1349,1.3783,0.85,1.2999,397242322.8647063
2018-01-18,1.3004,1.719,1.213,1.5424,299925674.2426807
2018-01-19,1.5414,1.6759,1.45,1.53,134316578.48105243
2018-01-20,1.528,1.62,1.465,1.5574,80610263.8594796
2018-01-21,1.5578,1.5599,1.301,1.36,123745822.36657262
2018-01-22,1.362,1.4122,1.1223,1.3362,155557571.13976774
2018-01-23,1.3363,1.439,1.1738,1.3322,162482159.83900478
2018-01-24,1.3297,1.4173,1.2754,1.3507,97216560.48984265
2018-01-25,1.3506,1.3772,1.2713,1.2995,51817740.51015994
2018-01-26,1.2964,1.32,1.1032,1.2058,97260052.06730852
2018-01-27,1.2059,1.249,1.169,1.2187,47740891.23786449
2018-01-28,1.2197,1.406,1.214,1.3677,58930046.79663621
2018-01-29,1.3676,1.3763,1.25,1.2671,45657767.54711175
2018-01-30,1.267,1.2715,1.0792,1.114,80646063.1710059
2018-01-31,1.1142,1.1528,1.0234,1.1419,68049566.37614706
2018-02-01,1.1407,1.146,0.90946,0.954,114139631.2425958
2018-02-02,0.95421,0.96707,0.671,0.8987,315310651.4896261
2018-02-03,0.8985,1.0207,0.77802,0.9577,158960146.16558006
2018-02-04,0.9578,0.96879,0.775,0.81549,124182535.27688266
2018-02-05,0.81473,0.8343,0.63702,0.6803,192112182.27533296
2018-02-06,0.68085,0.777,0.5729,0.76,246347067.11722755
2018-02-07,0.76,0.80606,0.6923,0.7157,111198897.49920905
2018-02-08,0.7157,0.79094,0.7081,0.78,85277420.2509821
2018-02-09,0.7799,0.9288,0.73574,0.92121,130949965.21474646
2018-02-10,0.92122,1.2276,0.90531,1.0266,313513161.5782213
2018-02-11,1.0261,1.0399,0.891,0.95958,161143291.1261508
2018-02-12,0.95952,1.0783,0.95299,1.0409,116135481.94367789
2018-02-13,1.0419,1.0483,0.9618,0.984,66336407.45066916
2018-02-14,0.98489,1.155,0.97652,1.1252,104357560.30079947
2018-02-15,1.1261,1.1434,1.0675,1.1026,85566129.29381251
2018-02-16,1.1048,1.1175,1.0617,1.1104,48650669.429125
2018-02-17,1.1106,1.2046,1.101,1.1769,66245483.5324454
2018-02-18,1.1768,1.1799,1.0366,1.069,61907418.54916491
2018-02-19,1.0691,1.1326,1.0649,1.1086,29628868.1696872
2018-02-20,1.1086,1.135,1.0081,1.0266,51618367.07984479
2018-02-21,1.0258,1.0376,0.935,0.95115,67063068.40270376
2018-02-22,0.94945,0.998,0.8611,0.88906,69951854.38104355
2018-02-23,0.88894,0.98249,0.8501,0.93779,58135827.50517426
2018-02-24,0.93754,0.96694,0.86862,0.89947,35626109.23792816
2018-02-25,0.89814,0.92399,0.87607,0.89892,24376090.78392834
2018-02-26,0.90046,0.94187,0.8727,0.93027,34997618.6838928
2018-02-27,0.92883,0.95816,0.91623,0.925,26977823.47583771
2018-02-28,0.92544,0.94605,0.88,0.8841,27514837.36352552
2018-03-01,0.88485,0.94837,0.87207,0.91492,31503243.81397554
2018-03-02,0.9142,0.92138,0.88509,0.89694,17554361.63991409
2018-03-03,0.89693,0.92306,0.88884,0.89725,23966859.96052359
2018-03-04,0.89722,1.0312,0.88012,1.0023,66892103.40999192
2018-03-05,1.0023,1.086,0.9395,0.9396,138843341.63186514
2018-03-06,0.9401,0.97944,0.8863,0.90042,81399064.5173436
2018-03-07,0.9001,0.91365,0.78579,0.85386,90145484.34724388
2018-03-08,0.85384,0.87083,0.78911,0.8031,49458192.25718492
2018-03-09,0.80372,0.84157,0.7309,0.822,89158630.50722498
2018-03-10,0.822,0.84134,0.7656,0.77343,37462618.4128959
2018-03-11,0.77355,0.83012,0.74765,0.817,47704020.17259552
2018-03-12,0.81742,0.82786,0.76417,0.78192,32440167.20516424
2018-03-13,0.78257,0.7985,0.7612,0.77691,24006673.75411909
2018-03-14,0.77691,0.79042,0.651,0.6854,49094602.48860194
2018-03-15,0.68539,0.72436,0.62776,0.68202,72982271.54048458
2018-03-16,0.68197,0.70997,0.65739,0.677,52111891.65603497
2018-03-17,0.67701,0.68453,0.61277,0.62635,37859458.76825381
2018-03-18,0.62635,0.685,0.5367,0.6498,108106525.51988222
2018-03-19,0.64943,0.72512,0.6262,0.71945,85067958.15190005
2018-03-20,0.71945,0.71945,0.65535,0.69915,71515109.25958444
2018-03-21,0.69938,0.7076,0.66138,0.67704,46220334.74339233
2018-03-22,0.6774,0.69021,0.61932,0.65212,41121537.14014387
2018-03-23,0.65238,0.65339,0.6126,0.63975,39299787.034438
2018-03-24,0.63979,0.678,0.62628,0.62768,34008405.46447306
2018-03-25,0.62768,0.6547,0.6211,0.63347,22976107.76402562
2018-03-26,0.63348,0.63696,0.575,0.58766,45420893.36490705
2018-03-27,0.58766,0.60225,0.55601,0.56956,37777823.4708715
2018-03-28,0.56946,0.58903,0.56343,0.57354,21797353.09265402
2018-03-29,0.57276,0.57489,0.49696,0.50252,65712349.7092317
2018-03-30,0.50264,0.52636,0.47,0.49846,76854608.58341493
2018-03-31,0.49938,0.522,0.49156,0.50019,39648428.60612124
2018-04-01,0.50019,0.50975,0.4541,0.47818,41523374.66358984
2018-04-02,0.47824,0.50439,0.4701,0.49338,32104993.3751148
2018-04-03,0.4933,0.55411,0.49123,0.5467,61502833.24978512
2018-04-04,0.54673,0.5525,0.485,0.48994,49467017.89796345
2018-04-05,0.48983,0.498,0.47382,0.48842,39257577.86242499
2018-04-06,0.48902,0.49607,0.458,0.47281,30172272.76259381
2018-04-07,0.47306,0.4972,0.47067,0.48476,26460044.13744103
2018-04-08,0.48476,0.50366,0.4831,0.49752,18116128.52208585
2018-04-09,0.49729,0.51195,0.47323,0.48595,33229674.0449518
2018-04-10,0.48644,0.49359,0.47736,0.49105,14605293.5710427
2018-04-11,0.49105,0.5578,0.48509,0.53946,41611692.48750241
2018-04-12,0.53937,0.66548,0.50229,0.64197,139760623.72642478
2018-04-13,0.6419,0.70823,0.61223,0.64307,132374874.966172
2018-04-14,0.64307,0.673,0.6201,0.64,54826990.84336183
2018-04-15,0.63999,0.69806,0.63999,0.69365,47077094.78005504
2018-04-16,0.69333,0.69549,0.63314,0.66364,41418321.82239849
2018-04-17,0.66364,0.682,0.65,0.65471,39339189.56112531
2018-04-18,0.65471,0.73,0.6515,0.7139,63660562.90322889
2018-04-19,0.714,0.788,0.7035,0.7839,58413631.55957851
2018-04-20,0.7836,0.93679,0.78203,0.9226,158034454.54456702
2018-04-21,0.92261,0.924,0.807,0.86514,106859296.69233395
2018-04-22,0.86543,0.91624,0.83838,0.86222,65787417.58953351
2018-04-23,0.86155,0.88726,0.845,0.87389,48853625.23921101
2018-04-24,0.87529,0.96663,0.86698,0.92099,120315844.06325294
2018-04-25,0.9201,0.92626,0.4901,0.79578,146108339.23059037
2018-04-26,0.79363,0.8485,0.76078,0.84598,74857267.55901588
2018-04-27,0.84528,0.86248,0.80252,0.80607,51037932.91449089
2018-04-28,0.80677,0.8894,0.8015,0.86161,49121213.1668281
2018-04-29,0.86262,0.91,0.82367,0.86852,49652078.2680061
2018-04-30,0.86835,0.87679,0.81638,0.83149,38894106.27457777
2018-05-01,0.83149,0.84411,0.7812,0.83354,44413758.11184113
2018-05-02,0.83399,0.86842,0.82415,0.8598,33761803.85418465
2018-05-03,0.85994,0.89472,0.8376,0.88178,55079993.70511755
2018-05-04,0.88176,0.9339,0.85806,0.88953,68514631.24345689
2018-05-05,0.88962,0.931,0.8885,0.901,41276121.14072667
2018-05-06,0.90168,0.9187,0.84067,0.86411,41992529.87658902
2018-05-07,0.86411,0.8668,0.796,0.82623,48468541.69106909
2018-05-08,0.82612,0.8463,0.7905,0.80636,34726543.80752225
2018-05-09,0.8055,0.8185,0.75719,0.79642,47824867.27278245
2018-05-10,0.79641,0.80471,0.74636,0.74796,38996034.95645172
2018-05-11,0.74797,0.7551,0.64619,0.67801,132178796.89685017
2018-05-12,0.67806,0.71056,0.62655,0.68293,69741575.51997064
2018-05-13,0.68467,0.74787,0.66212,0.72752,47799872.42599455
2018-05-14,0.728,0.75,0.68597,0.72695,67606230.40369168
2018-05-15,0.72602,0.75,0.6805,0.68955,39497973.32566807
2018-05-16,0.69008,0.70943,0.657,0.70755,32816293.39749161
2018-05-17,0.70758,0.71222,0.64972,0.65857,33341775.75793224
2018-05-18,0.65799,0.68385,0.6454,0.67653,41288530.1496524
2018-05-19,0.67652,0.69117,0.65952,0.67476,23762445.92503812
2018-05-20,0.67487,0.7064,0.66728,0.69896,25366373.05359262
2018-05-21,0.69897,0.70309,0.66765,0.67499,21330146.89868979
2018-05-22,0.67513,0.67682,0.63501,0.63767,25851497.04316655
2018-05-23,0.63728,0.64417,0.5749,0.58953,77136203.01426037
2018-05-24,0.59038,0.63763,0.57501,0.62904,55023509.95359774
2018-05-25,0.62902,0.63382,0.59301,0.60553,43499259.21027287
2018-05-26,0.60529,0.62626,0.59729,0.60872,20132327.82862411
2018-05-27,0.60867,0.61249,0.59654,0.60407,20228537.70135286
2018-05-28,0.60481,0.607,0.54535,0.54717,47194213.73152895
2018-05-29,0.54692,0.60975,0.54403,0.60015,45770427.39272489
2018-05-30,0.60081,0.62839,0.583,0.60053,33763536.7449912
2018-05-31,0.60045,0.62142,0.58971,0.611,29087475.53610882
2018-06-01,0.61102,0.625,0.60377,0.62143,24806885.95002966
2018-06-02,0.62144,0.65279,0.61415,0.64306,29783668.14222155
2018-06-03,0.64247,0.68888,0.6381,0.68846,32674571.50265322
2018-06-04,0.68845,0.70503,0.63381,0.65466,42885361.64601849
2018-06-05,0.65565,0.68538,0.63221,0.67436,30928368.10900946
2018-06-06,0.67437,0.6832,0.655,0.67439,21869784.0340088
2018-06-07,0.67419,0.68883,0.66946,0.67771,20823444.60515629
2018-06-08,0.67718,0.67978,0.65865,0.67382,17321008.76096472
2018-06-09,0.6738,0.68015,0.655,0.65687,11064287.13309923
2018-06-10,0.65688,0.65688,0.55046,0.58053,62432962.85905294
2018-06-11,0.58053,0.60066,0.55821,0.59823,27822897.06469564
2018-06-12,0.59822,0.59823,0.54207,0.55661,33772191.27631435
2018-06-13,0.55625,0.562,0.50374,0.52947,47544975.06081658
2018-06-14,0.52941,0.56849,0.51884,0.55713,44822854.8813665
2018-06-15,0.55712,0.56,0.52778,0.53344,26309686.32538388
2018-06-16,0.53298,0.53833,0.518,0.53199,24395824.01232311
2018-06-17,0.53274,0.54112,0.5212,0.52602,12048723.81105833
2018-06-18,0.52568,0.55116,0.50374,0.5392,34604416.39756793
2018-06-19,0.53949,0.561,0.534,0.54921,19582502.70900375
2018-06-20,0.54929,0.55061,0.5224,0.53962,17863451.36702152
2018-06-21,0.54006,0.54965,0.53006,0.53423,11378400.17836464
2018-06-22,0.53422,0.53509,0.46902,0.48133,53063520.66944012
2018-06-23,0.48128,0.49605,0.47298,0.48995,18689402.16264702
2018-06-24,0.49064,0.49648,0.43849,0.47476,42880801.43213609
2018-06-25,0.4748,0.49199,0.47207,0.48053,18211130.81258188
2018-06-26,0.48099,0.48337,0.45073,0.45217,15785736.0570635
2018-06-27,0.45173,0.47587,0.44787,0.4712,22414959.27236283
2018-06-28,0.47108,0.47373,0.44327,0.44656,18435469.81905618
2018-06-29,0.44609,0.46088,0.424,0.45358,27870355.78802133
2018-06-30,0.45363,0.48451,0.45338,0.46842,28100933.09670069
2018-07-01,0.46807,0.46971,0.44971,0.46119,16287630.21004266
2018-07-02,0.46129,0.4958,0.45258,0.49027,27762352.85280633
2018-07-03,0.49047,0.52,0.4782,0.48444,29547506.62076402
2018-07-04,0.48449,0.50749,0.47473,0.4924,24068324.10330951
2018-07-05,0.49161,0.50472,0.4691,0.47671,26624064.03547285
2018-07-06,0.47706,0.48149,0.45898,0.47635,17868250.96244081
2018-07-07,0.47689,0.48743,0.46408,0.4852,13936123.68618884
2018-07-08,0.4852,0.4895,0.47433,0.47867,18664191.42141598
2018-07-09,0.47899,0.48228,0.4712,0.47327,12563143.85148613
2018-07-10,0.4731,0.47405,0.43856,0.44273,25179043.52750405
2018-07-11,0.44286,0.45163,0.43908,0.44903,14055706.79905053
2018-07-12,0.44923,0.44929,0.42416,0.43827,21636227.18791068
2018-07-13,0.43826,0.44513,0.43075,0.4378,15824411.95807954
2018-07-14,0.4375,0.44378,0.43186,0.43862,7351547.62849988
2018-07-15,0.43849,0.45021,0.43567,0.44777,10851981.00456674
2018-07-16,0.44778,0.48481,0.44286,0.48244,26512076.46312176
2018-07-17,0.48252,0.52,0.46882,0.50714,33257798.54203444
2018-07-18,0.50722,0.52467,0.476,0.48951,35751464.54388161
2018-07-19,0.48951,0.49493,0.47141,0.47703,18998951.07748771
2018-07-20,0.47691,0.47691,0.4303,0.4445,31476624.41928325
2018-07-21,0.4445,0.45907,0.43415,0.45462,10594105.37163577
2018-07-22,0.45462,0.46302,0.44628,0.4488,10764147.09393051
2018-07-23,0.44869,0.4645,0.44173,0.44502,19066358.49259923
2018-07-24,0.44502,0.47068,0.438,0.45756,28490557.70775936
2018-07-25,0.45766,0.46893,0.45185,0.45932,17163172.38922295
2018-07-26,0.4592,0.47025,0.447,0.44946,16599703.14082736
2018-07-27,0.44945,0.46044,0.44472,0.4554,13177966.62038872
2018-07-28,0.45566,0.45927,0.44803,0.45856,7815808.31442886
2018-07-29,0.45828,0.4589,0.45042,0.45312,6910213.21474267
2018-07-30,0.45316,0.4563,0.43444,0.44598,16666420.49662044
2018-07-31,0.44599,0.4461,0.42713,0.4355,15588516.53008166
2018-08-01,0.43566,0.4631,0.42577,0.44638,30981192.59415142
2018-08-02,0.44643,0.44872,0.42995,0.43031,12475255.27825682
2018-08-03,0.43027,0.446,0.42523,0.4403,20053328.07330207
2018-08-04,0.44047,0.4452,0.42777,0.4296,10971036.42133497
2018-08-05,0.42959,0.43744,0.42709,0.43482,9920422.24247743
2018-08-06,0.43483,0.43707,0.40261,0.41279,29388161.34651403
2018-08-07,0.41286,0.4157,0.37434,0.37801,48742182.61986843
2018-08-08,0.37801,0.37819,0.31921,0.33226,104456325.82805546
2018-08-09,0.33211,0.35712,0.3278,0.34358,61327676.67465944
2018-08-10,0.34388,0.346,0.31246,0.31841,44633063.16060392
2018-08-11,0.31843,0.31964,0.288,0.2978,53742880.28553122
2018-08-12,0.2979,0.30976,0.29412,0.29556,23473910.63278391
2018-08-13,0.29533,0.30998,0.27087,0.27421,35088026.30858745
2018-08-14,0.27422,0.27756,0.24653,0.27279,48425053.2940349
2018-08-15,0.27279,0.3021,0.27279,0.28049,58759043.82809585
2018-08-16,0.28011,0.30317,0.27558,0.2918,37455190.76791404
2018-08-17,0.29177,0.37418,0.29072,0.36723,77887740.55838625
2018-08-18,0.36749,0.371,0.31315,0.32841,70901459.73600268
2018-08-19,0.3286,0.3522,0.318,0.34093,53220367.72047655
2018-08-20,0.34144,0.35086,0.31314,0.31502,56065208.07014967
2018-08-21,0.31494,0.33831,0.31304,0.33391,40716658.66263084
2018-08-22,0.33409,0.35713,0.31027,0.31776,65803038.505627014
2018-08-23,0.31762,0.32948,0.31513,0.32565,45038543.67512737
2018-08-24,0.32565,0.33094,0.31541,0.3269,36766923.96178921
2018-08-25,0.32677,0.33241,0.32181,0.32722,11456956.37213551
2018-08-26,0.32727,0.32849,0.3181,0.32271,13053796.78886384
2018-08-27,0.3227,0.34016,0.32141,0.339,42922019.13044406
2018-08-28,0.33907,0.357,0.33453,0.35089,63793329.91557968
2018-08-29,0.3509,0.355,0.3381,0.34468,43671638.78343492
2018-08-30,0.34468,0.3465,0.323,0.3348,38802634.34174343
2018-08-31,0.3348,0.34108,0.3273,0.33498,24106862.33746045
2018-09-01,0.33499,0.354,0.33478,0.34722,29111709.08011148
2018-09-02,0.34703,0.34982,0.336,0.34208,25624816.38500407
2018-09-03,0.34199,0.34427,0.33251,0.33431,20703050.81649087
2018-09-04,0.33412,0.34108,0.32771,0.33038,43968856.74098743
2018-09-05,0.33038,0.33352,0.278,0.27888,92916138.4331823
2018-09-06,0.27882,0.30507,0.26698,0.30167,71329203.5220127
2018-09-07,0.30175,0.30419,0.28071,0.2869,35850950.5347997
2018-09-08,0.28706,0.29396,0.26857,0.27678,28842977.43177364
2018-09-09,0.27677,0.291,0.27075,0.27595,40965040.47524686
2018-09-10,0.2764,0.28245,0.26,0.26976,74926332.12007622
2018-09-11,0.26989,0.275,0.25211,0.2633,53078599.24753654
2018-09-12,0.26309,0.27386,0.25325,0.2699,43950173.00964837
2018-09-13,0.26988,0.2858,0.26724,0.27947,43498733.33211764
2018-09-14,0.27947,0.28523,0.271,0.276,33591965.29181974
2018-09-15,0.27601,0.28505,0.27552,0.28029,13704456.94535477
2018-09-16,0.28028,0.28235,0.27348,0.281,15456733.78234863
2018-09-17,0.2812,0.28355,0.26648,0.2704,37269082.09450695
2018-09-18,0.27033,0.33733,0.26886,0.31902,149872186.3662814
2018-09-19,0.31901,0.33563,0.31059,0.32656,103900980.41599034
2018-09-20,0.3266,0.50297,0.3215,0.44828,301103710.40448755
2018-09-21,0.44883,0.79132,0.42604,0.56497,751553292.0836451
2018-09-22,0.56551,0.627,0.49211,0.5741,294461652.31317824
2018-09-23,0.5734,0.6,0.55567,0.5713,104853376.2606739
2018-09-24,0.5715,0.58418,0.48273,0.49219,150857487.71155104
2018-09-25,0.49239,0.54798,0.4355,0.52532,289516851.2568432
2018-09-26,0.52536,0.57454,0.48367,0.51316,318998462.8380349
2018-09-27,0.51322,0.55571,0.50671,0.54333,106348229.65112357
2018-09-28,0.54301,0.55243,0.51227,0.54002,101603300.2715246
2018-09-29,0.54,0.5973,0.523,0.5691,128707125.35428698
2018-09-30,0.56951,0.62435,0.55879,0.58199,147196968.93044853
2018-10-01,0.5818,0.60588,0.53117,0.57785,185598937.690986
2018-10-02,0.57779,0.581,0.51,0.51733,96107027.82341547
2018-10-03,0.51733,0.53954,0.50673,0.52841,98793388.99933732
2018-10-04,0.52858,0.5496,0.52565,0.52882,51481063.81770094
2018-10-05,0.52887,0.533,0.51042,0.52065,65427700.9069743
2018-10-06,0.52092,0.52547,0.46998,0.48881,82445363.2653274
2018-10-07,0.48881,0.49091,0.46772,0.48275,48312906.9586561
2018-10-08,0.48274,0.50203,0.47924,0.49328,55226958.12664769
2018-10-09,0.49306,0.49365,0.46921,0.48185,36664808.6074509
2018-10-10,0.48171,0.48181,0.46208,0.46648,34381511.59498281
2018-10-11,0.4665,0.46658,0.37763,0.38324,150927642.06228277
2018-10-12,0.38288,0.44889,0.37795,0.42041,122613954.16746496
2018-10-13,0.42041,0.43163,0.41695,0.4225,30923572.78212075
2018-10-14,0.4225,0.43,0.39928,0.40942,41097947.67850757
2018-10-15,0.40956,0.525,0.39822,0.4605,180022898.66046408
2018-10-16,0.4608,0.48815,0.45474,0.4842,54029569.88382856
2018-10-17,0.48421,0.4975,0.47139,0.48388,51891470.30292018
2018-10-18,0.48328,0.49438,0.45602,0.46808,44807985.28130581
2018-10-19,0.4682,0.47215,0.45701,0.46059,28653808.00847273
2018-10-20,0.46062,0.47261,0.45617,0.46803,20208916.28205601
2018-10-21,0.46743,0.47809,0.463,0.4647,19725149.02393442
2018-10-22,0.46451,0.46815,0.45538,0.46132,18516746.71889763
2018-10-23,0.4617,0.48534,0.44447,0.4696,57316990.50643113
2018-10-24,0.4696,0.4781,0.4611,0.46392,33501295.27048246
2018-10-25,0.46392,0.47288,0.45745,0.4635,34153797.36912942
2018-10-26,0.46407,0.47075,0.45831,0.46658,25157517.40903394
2018-10-27,0.46658,0.4672,0.45655,0.46052,21253580.05683499
2018-10-28,0.4599,0.468,0.45822,0.464,15055712.09083115
2018-10-29,0.4643,0.4652,0.43513,0.44564,43363109.15414798
2018-10-30,0.4456,0.45346,0.44388,0.44726,20701301.59843376
2018-10-31,0.44727,0.46127,0.43774,0.45382,30899400.968029
2018-11-01,0.4543,0.46115,0.4501,0.46105,19145021.26767997
2018-11-02,0.46105,0.46792,0.459,0.46266,28502175.83684208
2018-11-03,0.4625,0.46455,0.45525,0.4569,12583529.76498476
2018-11-04,0.4573,0.47854,0.44929,0.47008,37351149.54609467
2018-11-05,0.47008,0.50576,0.46412,0.5014,63846845.14004718
2018-11-06,0.5014,0.57,0.50116,0.5548,147164548.2847459
2018-11-07,0.55507,0.55544,0.52837,0.54083,47493513.04211493
2018-11-08,0.54086,0.5463,0.4935,0.49684,69379254.46311636
2018-11-09,0.49745,0.52163,0.49579,0.50448,42036123.84968747
2018-11-10,0.50449,0.51776,0.50316,0.5095,14623807.35539064
2018-11-11,0.5093,0.5121,0.49775,0.51004,15734234.0023223
2018-11-12,0.50989,0.5352,0.50519,0.52403,42086906.83668888
2018-11-13,0.52396,0.53429,0.51147,0.51738,46545708.31505229
2018-11-14,0.5173,0.52,0.4153,0.48448,144539036.7208631
2018-11-15,0.48403,0.49489,0.4326,0.48964,115971256.03493626
2018-11-16,0.48955,0.495,0.465,0.47806,48874276.42953509
2018-11-17,0.47815,0.5048,0.46994,0.4981,40676278.45564655
2018-11-18,0.49789,0.53127,0.49511,0.51573,66122230.49372138
2018-11-19,0.5159,0.5159,0.46618,0.4826,141534144.04458684
2018-11-20,0.4831,0.50888,0.41184,0.44333,192250392.85499567
2018-11-21,0.44395,0.469,0.41803,0.45341,66341555.75247059
2018-11-22,0.4537,0.4571,0.425,0.42749,27891934.62680828
2018-11-23,0.42698,0.43417,0.39866,0.4147,64641095.10940774
2018-11-24,0.41461,0.42873,0.3687,0.38021,89129874.99931338
2018-11-25,0.38,0.39629,0.329,0.38272,188412800.78887078
2018-11-26,0.382,0.3989,0.34607,0.3639,135371903.40215063
2018-11-27,0.36341,0.37922,0.3466,0.36618,70266510.82190679
2018-11-28,0.36606,0.40794,0.36606,0.39499,73597628.65247092
2018-11-29,0.39557,0.39845,0.3726,0.38331,64180067.25019804
2018-11-30,0.38399,0.38575,0.35517,0.36555,49912223.53109271
2018-12-01,0.36518,0.38305,0.3579,0.37701,32915659.20255881
2018-12-02,0.37672,0.38585,0.3666,0.37191,31316052.48102495
2018-12-03,0.37191,0.37252,0.34631,0.34986,39687749.82576227
2018-12-04,0.34941,0.36851,0.34,0.35483,40098815.08385808
2018-12-05,0.35421,0.3558,0.33792,0.33953,46786698.94380777
2018-12-06,0.3389,0.34811,0.3065,0.31065,62948775.32422339
2018-12-07,0.31079,0.3196,0.29225,0.30582,68179487.78328481
2018-12-08,0.3057,0.34078,0.29408,0.31073,54779488.32495381
2018-12-09,0.31059,0.3295,0.30476,0.31697,29363793.48765297
2018-12-10,0.31725,0.32178,0.3002,0.3075,24915210.04985979
2018-12-11,0.3074,0.31901,0.299,0.30391,22703623.63227348
2018-12-12,0.304,0.31858,0.30195,0.31293,19910422.61658386
2018-12-13,0.31275,0.31386,0.30032,0.30409,20675428.0478704
2018-12-14,0.30407,0.30549,0.28804,0.29382,27974721.38305591
2018-12-15,0.29382,0.29717,0.28534,0.29043,15518325.25015226
2018-12-16,0.29032,0.30484,0.29031,0.29307,20959201.1369304
2018-12-17,0.29296,0.34895,0.29073,0.33814,52871712.06664203
2018-12-18,0.33809,0.36183,0.33151,0.36182,51656487.98784813
2018-12-19,0.36182,0.4062,0.35343,0.35786,91922933.29475431
2018-12-20,0.35794,0.40181,0.353,0.38736,73044780.53404377
2018-12-21,0.38781,0.39865,0.36,0.36663,51975367.65713824
2018-12-22,0.36663,0.37694,0.35534,0.37303,27752917.81648225
2018-12-23,0.37273,0.39652,0.37056,0.37995,40646657.93071373
2018-12-24,0.37999,0.46669,0.3797,0.4137,123504534.89127226
2018-12-25,0.4144,0.41709,0.37347,0.39234,54390086.29563145
2018-12-26,0.39287,0.40503,0.36613,0.38774,42590435.50100148
2018-12-27,0.38804,0.38989,0.33872,0.34773,30456365.11451133
2018-12-28,0.34773,0.3959,0.34288,0.38982,46366981.93810163
2018-12-29,0.38982,0.39958,0.37001,0.37556,39992748.71824851
2018-12-30,0.37546,0.38268,0.36847,0.38236,24299170.35600235
2018-12-31,0.38237,0.38961,0.35616,0.36131,42826976.6230429
2019-01-01,0.36131,0.37736,0.35778,0.37719,23748034.93902788
2019-01-02,0.3772,0.39307,0.36967,0.38683,26745684.63990103
2019-01-03,0.38694,0.3876,0.36359,0.36734,19211794.21235785
2019-01-04,0.3677,0.37434,0.3584,0.36855,20900046.95391663
2019-01-05,0.36856,0.37823,0.35014,0.3611,28771292.58317994
2019-01-06,0.361,0.38498,0.35442,0.3768,34540242.49901723
2019-01-07,0.3768,0.38608,0.36812,0.37349,17252576.35394223
2019-01-08,0.3734,0.3825,0.36656,0.37428,25054244.82962333
2019-01-09,0.37429,0.3799,0.36361,0.37601,26263150.36919455
2019-01-10,0.37601,0.405,0.32303,0.33603,83589208.04724076
2019-01-11,0.33631,0.34495,0.33018,0.33597,16100660.12137213
2019-01-12,0.33599,0.341,0.3322,0.33568,9832978.01673558
2019-01-13,0.33568,0.341,0.31819,0.32183,20726847.45180591
2019-01-14,0.32164,0.34788,0.32121,0.3397,27503200.32862034
2019-01-15,0.33961,0.34312,0.32623,0.33123,17906289.94451561
2019-01-16,0.33123,0.34188,0.3289,0.33318,13985687.99159349
2019-01-17,0.33368,0.33788,0.3265,0.33457,16514914.37902817
2019-01-18,0.33425,0.33513,0.32366,0.32757,12110580.14388203
2019-01-19,0.32758,0.34994,0.32758,0.33531,26642270.72627696
2019-01-20,0.3354,0.33797,0.31545,0.32131,22763019.75769555
2019-01-21,0.32141,0.3271,0.31726,0.32213,10982174.38450992
2019-01-22,0.3223,0.32708,0.31,0.324,18991136.77651981
2019-01-23,0.3236,0.32586,0.318,0.32046,8917699.6302341
2019-01-24,0.32026,0.32612,0.318,0.3231,10401775.05977605
2019-01-25,0.32314,0.32467,0.31445,0.31949,8894688.20619873
2019-01-26,0.31943,0.32529,0.3185,0.3185,8655511.02705655
2019-01-27,0.3185,0.31919,0.30688,0.31019,13372613.16087636
2019-01-28,0.31,0.31159,0.28625,0.2977,31193342.53468081
2019-01-29,0.2976,0.2997,0.28524,0.29254,17910868.6349003
2019-01-30,0.29238,0.33298,0.28955,0.32745,49330597.32234063
2019-01-31,0.32742,0.3428,0.30809,0.31544,49070360.00211426
2019-02-01,0.31582,0.31741,0.3008,0.31253,26083292.97197421
2019-02-02,0.31253,0.31884,0.30743,0.3157,18111857.02372523
2019-02-03,0.31583,0.31768,0.30115,0.3059,18787098.04991311
2019-02-04,0.3057,0.30939,0.29816,0.30148,12609726.62691216
2019-02-05,0.30148,0.30604,0.29918,0.3034,8865283.80617264
2019-02-06,0.3037,0.30462,0.291,0.29389,16115222.13573606
2019-02-07,0.2939,0.29896,0.29381,0.29497,8770055.03091001
2019-02-08,0.295,0.3259,0.29266,0.31746,35702296.21457618
2019-02-09,0.31744,0.32144,0.31201,0.31724,12435908.193193961
2019-02-10,0.317,0.31731,0.30366,0.31558,14936775.98517161
2019-02-11,0.31558,0.31559,0.30601,0.30694,11515779.77327772
2019-02-12,0.30717,0.31428,0.301,0.31086,16953693.9278956
2019-02-13,0.31086,0.3189,0.30535,0.30905,20552439.40773595
2019-02-14,0.30906,0.31157,0.30537,0.30643,9323248.16085166
2019-02-15,0.30642,0.31292,0.30338,0.3069,12568288.6481712
2019-02-16,0.3069,0.3095,0.30459,0.30565,8799997.02932239
2019-02-17,0.3055,0.315,0.30149,0.3085,20476633.73076193
2019-02-18,0.3085,0.33753,0.30658,0.32855,52550431.21536114
2019-02-19,0.32872,0.35499,0.32564,0.32906,54699268.56344882
2019-02-20,0.32904,0.34216,0.32363,0.33767,25221858.88609427
2019-02-21,0.3377,0.34118,0.32277,0.32649,24077384.48786951
2019-02-22,0.3266,0.33111,0.32018,0.32841,22824403.48317727
2019-02-23,0.32861,0.34291,0.32402,0.34046,26247498.44370514
2019-02-24,0.34042,0.35178,0.29952,0.30391,61148561.75213652
2019-02-25,0.3039,0.34744,0.30374,0.33533,52833614.60985766
2019-02-26,0.33533,0.34277,0.32024,0.32371,31266644.53067507
2019-02-27,0.3238,0.32723,0.30557,0.3177,28917535.46334011
2019-02-28,0.31754,0.32532,0.31412,0.3208,24284916.38339356
2019-03-01,0.3205,0.33192,0.3187,0.3233,20152114.20507244
2019-03-02,0.3233,0.3252,0.3168,0.3214,13034583.36851457
2019-03-03,0.3213,0.32299,0.31398,0.31756,11120127.62360317
2019-03-04,0.31755,0.31914,0.30457,0.3091,17011456.57789843
2019-03-05,0.3091,0.32556,0.30716,0.32269,18570460.46061582
2019-03-06,0.3227,0.32948,0.31683,0.3236,19355570.90136841
2019-03-07,0.32368,0.3268,0.31917,0.32018,11379033.093208151
2019-03-08,0.32018,0.3232,0.31015,0.31444,15604268.07605753
2019-03-09,0.31427,0.3249,0.31292,0.32019,13223561.08359898
2019-03-10,0.3201,0.32451,0.3145,0.31919,11143627.62843087
2019-03-11,0.31918,0.32076,0.31276,0.31646,17489153.66357326
2019-03-12,0.31647,0.31776,0.31127,0.3166,10855417.41145335
2019-03-13,0.3166,0.33265,0.31344,0.32012,25967827.07441557
2019-03-14,0.31995,0.323,0.29521,0.31728,22669219.49111646
2019-03-15,0.31721,0.32413,0.31657,0.32106,13468669.59677856
2019-03-16,0.32121,0.32977,0.32042,0.32549,18186100.75213771
2019-03-17,0.3255,0.32588,0.321,0.32256,7730799.00295742
2019-03-18,0.32259,0.32666,0.31837,0.32155,14269871.20331544
2019-03-19,0.32155,0.32384,0.31942,0.32314,6161263.2222671
2019-03-20,0.32313,0.32937,0.3177,0.32485,15070232.53432888
2019-03-21,0.3248,0.326,0.30818,0.31499,17235847.91824506
2019-03-22,0.31499,0.31753,0.31179,0.31497,7165852.68794568
2019-03-23,0.31469,0.3175,0.31339,0.316,4278483.56857784
2019-03-24,0.31584,0.31596,0.3074,0.31174,10023548.38776664
2019-03-25,0.31171,0.31236,0.30313,0.30592,9726428.36144018
2019-03-26,0.30592,0.30699,0.2985,0.30699,12772063.04471364
2019-03-27,0.3067,0.31599,0.30435,0.31455,16228402.21027036
2019-03-28,0.31455,0.31483,0.30886,0.31135,8987805.50545824
2019-03-29,0.31127,0.31579,0.30906,0.31342,16493816.09852731
2019-03-30,0.31339,0.32392,0.31252,0.31629,19705910.34142037
2019-03-31,0.31602,0.31647,0.31096,0.31398,10314946.35733324
2019-04-01,0.31397,0.31922,0.31223,0.31722,11007437.22733133
2019-04-02,0.31715,0.36226,0.3159,0.35542,79185791.9732979
2019-04-03,0.3555,0.375,0.32831,0.34271,97970079.8155605
2019-04-04,0.34269,0.35148,0.32759,0.33304,40852410.67054637
2019-04-05,0.33303,0.38353,0.33303,0.36635,76030914.70304196
2019-04-06,0.36705,0.36851,0.3516,0.35619,36499834.88106665
2019-04-07,0.35597,0.371,0.35472,0.367,24385642.03288578
2019-04-08,0.36701,0.3744,0.34992,0.36073,28714583.7607573
2019-04-09,0.36111,0.36111,0.35033,0.35212,12301398.89643787
2019-04-10,0.35212,0.36303,0.34006,0.3535,33359052.37353624
2019-04-11,0.35339,0.35394,0.32265,0.32976,32570950.6048341
2019-04-12,0.33005,0.33242,0.31795,0.32765,16174138.93352849
2019-04-13,0.32765,0.33953,0.32403,0.3286,12656795.85901999
2019-04-14,0.3286,0.33414,0.32451,0.3316,7654113.79403426
2019-04-15,0.33165,0.33534,0.31232,0.32,19488881.35948162
2019-04-16,0.31977,0.329,0.31727,0.32778,11571116.02264549
2019-04-17,0.32782,0.34467,0.32302,0.33812,39930740.91724685
2019-04-18,0.3378,0.3499,0.336,0.33921,17928699.21260538
2019-04-19,0.33895,0.339,0.32902,0.33365,11089734.50724701
2019-04-20,0.33386,0.33694,0.32451,0.32979,10504966.72158942
2019-04-21,0.32962,0.33164,0.31859,0.32359,13525877.63594846
2019-04-22,0.3235,0.33427,0.32087,0.32548,14696735.60150588
2019-04-23,0.3255,0.33135,0.32101,0.32141,15882547.85925938
2019-04-24,0.3214,0.32292,0.28972,0.3029,48087031.21686467
2019-04-25,0.3029,0.3092,0.28248,0.291,28362736.75276258
2019-04-26,0.29077,0.31149,0.28799,0.3092,30630376.60095718
2019-04-27,0.3092,0.31097,0.30259,0.30575,8136996.78450729
2019-04-28,0.30548,0.31397,0.30404,0.30952,10576766.71044282
2019-04-29,0.3094,0.31257,0.29893,0.30712,14624840.5311375
2019-04-30,0.30678,0.328,0.30527,0.32488,20498826.69928258
2019-05-01,0.32489,0.327,0.31366,0.31724,10951139.03067574
2019-05-02,0.31736,0.322,0.31392,0.31547,11329022.2173458
2019-05-03,0.31537,0.3267,0.31228,0.32134,16058925.72630011
2019-05-04,0.3214,0.33274,0.31091,0.31711,13607845.61741245
2019-05-05,0.31711,0.31964,0.3122,0.31437,4611792.99397474
2019-05-06,0.3146,0.32337,0.30926,0.31771,9007767.038442
2019-05-07,0.31812,0.32303,0.311,0.31182,9418838.37338305
2019-05-08,0.31182,0.31425,0.3075,0.31028,7914573.3366889
2019-05-09,0.31053,0.31239,0.29697,0.2991,10968938.50490981
2019-05-10,0.29909,0.30576,0.2942,0.30152,11820415.44599548
2019-05-11,0.30152,0.33815,0.29708,0.31831,47054849.27457953
2019-05-12,0.31834,0.32698,0.30682,0.31105,30822637.12936863
2019-05-13,0.31095,0.32899,0.30803,0.32268,31624161.95864623
2019-05-14,0.32279,0.41992,0.3207,0.4054,187136113.33756414
2019-05-15,0.4054,0.46495,0.40473,0.45515,108685039.87381755
2019-05-16,0.45524,0.47869,0.39536,0.41808,105921759.18221319
2019-05-17,0.4184,0.42265,0.36226,0.39188,76178592.5067464
2019-05-18,0.39199,0.39697,0.36423,0.3718,27204217.49965459
2019-05-19,0.37177,0.42929,0.3701,0.418,56881873.07126287
2019-05-20,0.41795,0.41795,0.3801,0.39917,40166529.44214508
2019-05-21,0.39939,0.409,0.38852,0.39646,23364059.62460904
2019-05-22,0.39647,0.4127,0.36621,0.37125,38238842.68851937
2019-05-23,0.37162,0.38397,0.35927,0.38031,19666229.87670572
2019-05-24,0.38045,0.3956,0.372,0.38377,28792026.55096933
2019-05-25,0.38369,0.39543,0.38138,0.386,12334441.59325492
2019-05-26,0.38608,0.41829,0.376,0.40924,28433035.27007058
2019-05-27,0.40938,0.44889,0.40838,0.43583,52892963.31618573
2019-05-28,0.43604,0.46222,0.41842,0.449,59332525.95617769
2019-05-29,0.449,0.45877,0.42375,0.44506,50396864.55140735
2019-05-30,0.44531,0.47478,0.4,0.41871,94584628.68346725
2019-05-31,0.41871,0.43914,0.407,0.43763,26829012.83947572
2019-06-01,0.43754,0.44093,0.41775,0.42873,27665445.81332178
2019-06-02,0.42868,0.44751,0.4275,0.44455,26735642.4625141
2019-06-03,0.4447,0.46582,0.41575,0.41676,55146461.75373836
2019-06-04,0.41629,0.41788,0.38377,0.39913,52633956.34192102
2019-06-05,0.3993,0.40726,0.38829,0.40073,19764737.26673317
2019-06-06,0.4005,0.4282,0.3912,0.42041,29557086.90006688
2019-06-07,0.42065,0.4332,0.41473,0.42053,26448138.98932231
2019-06-08,0.42053,0.42365,0.4045,0.40848,13077754.86968863
2019-06-09,0.40826,0.4119,0.3699,0.38525,26571626.30645963
2019-06-10,0.38524,0.40469,0.38014,0.40165,23678502.74683842
2019-06-11,0.4016,0.40369,0.3835,0.39321,19993650.07931415
2019-06-12,0.3933,0.40431,0.38901,0.40304,19717226.52746517
2019-06-13,0.40319,0.4107,0.39667,0.39957,14419838.42786562
2019-06-14,0.39953,0.40487,0.39162,0.40363,20945222.78962977
2019-06-15,0.40343,0.41499,0.40098,0.41155,23983119.5187761
2019-06-16,0.41161,0.444,0.40787,0.42838,51590962.42493268
2019-06-17,0.42841,0.46361,0.42604,0.44893,50764197.22492326
2019-06-18,0.44893,0.457,0.41874,0.42724,61871348.08580349
2019-06-19,0.42746,0.43983,0.425,0.43638,27157841.23370746
2019-06-20,0.43627,0.43784,0.42117,0.43147,20868845.26945553
2019-06-21,0.43195,0.45123,0.43133,0.4461,32366100.2482021
2019-06-22,0.44611,0.51,0.44322,0.478,113311377.54801986
2019-06-23,0.47801,0.49328,0.46506,0.47086,58784767.13630462
2019-06-24,0.47046,0.47627,0.44627,0.47402,46342563.06575647
2019-06-25,0.47425,0.47778,0.45215,0.46567,38806481.98776685
2019-06-26,0.46527,0.49342,0.44374,0.45935,71189022.31313515
2019-06-27,0.45961,0.46433,0.39,0.40589,102515729.91977322
2019-06-28,0.40593,0.42381,0.39866,0.42361,26910411.25004666
2019-06-29,0.42341,0.42943,0.401,0.42611,28469798.389130995
2019-06-30,0.42595,0.4287,0.393,0.3943,25400945.113737132
2019-07-01,0.3943,0.41971,0.39013,0.40806,25451176.262972694
2019-07-02,0.40798,0.41187,0.38414,0.39991,26298105.601950295
2019-07-03,0.40003,0.40752,0.39599,0.40536,15156796.126130527
2019-07-04,0.406,0.40659,0.3857,0.38787,12814030.305117702
2019-07-05,0.38781,0.3892,0.37405,0.37948,16316851.470452487
2019-07-06,0.37986,0.41113,0.37936,0.39155,19316799.39916419
2019-07-07,0.39149,0.40172,0.3882,0.39885,13343353.237365384
2019-07-08,0.39883,0.405,0.39331,0.403,11533269.647661038
2019-07-09,0.40247,0.40827,0.38958,0.39437,18715661.8631279
2019-07-10,0.3944,0.39872,0.34421,0.36104,50713856.38105171
2019-07-11,0.36103,0.36276,0.316,0.32876,41516261.03657859
2019-07-12,0.32876,0.35017,0.32,0.34339,30346834.27521159
2019-07-13,0.34345,0.34413,0.323,0.3309,21740276.06145827
2019-07-14,0.33041,0.33435,0.29819,0.30422,32596157.82383006
2019-07-15,0.30381,0.32276,0.29431,0.31216,39219608.13283092
2019-07-16,0.31218,0.31878,0.2825,0.29435,36936326.28677905
2019-07-17,0.295,0.32325,0.2916,0.31071,41249302.56747994
2019-07-18,0.31071,0.32618,0.30248,0.32033,22387037.17470562
2019-07-19,0.32025,0.32244,0.31,0.31941,17960886.34079257
2019-07-20,0.31939,0.34097,0.31822,0.33278,21068141.57912204
2019-07-21,0.3327,0.33501,0.3197,0.33044,16228742.36397508
2019-07-22,0.33042,0.33214,0.31446,0.32076,15177418.39894558
2019-07-23,0.32018,0.32028,0.30573,0.30799,15790242.61227146
2019-07-24,0.30833,0.31863,0.30259,0.31575,13258901.82611071
2019-07-25,0.31546,0.324,0.31167,0.31358,11692550.48563554
2019-07-26,0.31358,0.32534,0.3075,0.32342,10100749.96047533
2019-07-27,0.32338,0.32836,0.30398,0.30945,18449727.68715909
2019-07-28,0.30929,0.31495,0.29884,0.3114,11332016.3075858
2019-07-29,0.3115,0.31434,0.3054,0.30991,6235276.29011243
2019-07-30,0.30991,0.32183,0.30607,0.3186,8582088.80683634
2019-07-31,0.31873,0.32382,0.31541,0.31996,9444887.95658474
2019-08-01,0.31996,0.32,0.3125,0.3163,6061546.95929286
2019-08-02,0.3163,0.31821,0.3087,0.311,6771920.29604091
2019-08-03,0.31134,0.31771,0.31074,0.31595,7440465.36839701
2019-08-04,0.31601,0.32341,0.31243,0.31921,12238392.52194911
2019-08-05,0.31921,0.33196,0.31921,0.3224,17710738.72012582
2019-08-06,0.32258,0.32494,0.3075,0.31155,15740629.29594216
2019-08-07,0.31133,0.3161,0.3058,0.31175,10679432.92971106
2019-08-08,0.3118,0.3123,0.30514,0.30915,8779054.55955874
2019-08-09,0.30922,0.31016,0.29018,0.29716,14674574.57355539
2019-08-10,0.29721,0.30632,0.29114,0.29939,13854097.09170075
2019-08-11,0.2994,0.30674,0.29552,0.3034,7524411.03521117
2019-08-12,0.30345,0.30563,0.29801,0.30081,4200437.69354031
2019-08-13,0.30087,0.30133,0.293,0.29802,9117807.67216091
2019-08-14,0.29835,0.29896,0.2365,0.2639,82132223.83419068
2019-08-15,0.26373,0.26917,0.2492,0.2647,33389015.93685611
2019-08-16,0.26462,0.26567,0.2551,0.26123,16511290.66841747
2019-08-17,0.26122,0.27041,0.25876,0.26569,19699706.0236308
2019-08-18,0.26583,0.29354,0.26412,0.28411,34788133.98878461
2019-08-19,0.2841,0.29158,0.27604,0.28243,25676851.42555588
2019-08-20,0.28268,0.28302,0.27022,0.2747,11736588.94687957
2019-08-21,0.27504,0.27504,0.25841,0.2664,13809691.96150193
2019-08-22,0.26638,0.27452,0.26062,0.27111,11227711.31340216
2019-08-23,0.2708,0.27872,0.26777,0.2774,10155950.58606441
2019-08-24,0.27751,0.27815,0.26384,0.27206,10024083.66180025
2019-08-25,0.27205,0.27683,0.26585,0.26968,12199955.20015943
2019-08-26,0.26927,0.28066,0.2675,0.2704,12551707.88733775
2019-08-27,0.2704,0.27072,0.26335,0.26967,9787831.35859343
2019-08-28,0.2694,0.26982,0.245,0.25658,18763433.62150426
2019-08-29,0.25652,0.2631,0.24807,0.2573,15471704.77372152
2019-08-30,0.25749,0.25778,0.2533,0.25598,8176799.24547791
2019-08-31,0.25603,0.26101,0.25357,0.25861,6178355.67201975
2019-09-01,0.25861,0.25971,0.25116,0.25696,8164411.49316029
2019-09-02,0.2571,0.26485,0.25373,0.26158,13569842.71403975
2019-09-03,0.26166,0.26732,0.2586,0.26347,10327813.6109067
2019-09-04,0.2634,0.26346,0.25701,0.25914,12743465.5377126
2019-09-05,0.259,0.26006,0.254,0.25655,11420510.83003453
2019-09-06,0.25655,0.25962,0.2475,0.2518,10817948.73893167
2019-09-07,0.25141,0.26403,0.25054,0.26087,9383510.48793999
2019-09-08,0.26061,0.26698,0.25659,0.26296,9678086.82752913
2019-09-09,0.26279,0.26556,0.25741,0.25919,9559529.92895287
2019-09-10,0.25926,0.26419,0.254,0.25871,5340190.49725115
2019-09-11,0.2588,0.26144,0.25108,0.25568,8583966.52494667
2019-09-12,0.25586,0.25735,0.25162,0.25512,7194138.63749781
2019-09-13,0.25475,0.25669,0.25265,0.25615,6769959.18696771
2019-09-14,0.2565,0.266,0.25465,0.26251,13170249.44568586
2019-09-15,0.26261,0.265,0.25915,0.26114,6484398.46409848
2019-09-16,0.261,0.264,0.25726,0.26253,8863701.2192682
2019-09-17,0.26241,0.29887,0.26062,0.28611,54353951.69378264
2019-09-18,0.2861,0.32732,0.28596,0.31428,63411778.19346529
2019-09-19,0.31414,0.31414,0.28238,0.30209,56215208.06236489
2019-09-20,0.30261,0.30334,0.28432,0.29455,17276290.5994583
2019-09-21,0.29455,0.29843,0.28701,0.29054,10661175.59884144
2019-09-22,0.29039,0.2905,0.26853,0.2772,21863936.0820625
2019-09-23,0.27718,0.28725,0.26611,0.26785,24787776.69221744
2019-09-24,0.26824,0.2731,0.21262,0.23377,82460927.60534865
2019-09-25,0.23399,0.25073,0.23241,0.2466,37282397.17303556
2019-09-26,0.247,0.25073,0.22892,0.24364,25482610.75720433
2019-09-27,0.24363,0.24797,0.23404,0.24295,16750435.67565557
2019-09-28,0.24308,0.24562,0.23875,0.243,9451798.05029624
2019-09-29,0.2431,0.24354,0.2348,0.24114,10402564.99431465
2019-09-30,0.24119,0.263,0.2362,0.25826,32713242.95481012
2019-10-01,0.258,0.26186,0.24594,0.24888,23369162.95427604
2019-10-02,0.24889,0.256,0.2456,0.25394,16479588.52164466
2019-10-03,0.2543,0.25472,0.2425,0.24767,12960920.3933703
2019-10-04,0.248,0.25785,0.24529,0.25362,11890775.26774452
2019-10-05,0.25343,0.25771,0.24552,0.25434,35722356.44911608
2019-10-06,0.25434,0.25726,0.25161,0.25633,15448466.3224646
2019-10-07,0.25621,0.28265,0.25424,0.2768,41662047.85711589
2019-10-08,0.2772,0.28667,0.27222,0.2787,25466802.37173081
2019-10-09,0.27858,0.28898,0.27475,0.28202,20565237.68233129
2019-10-10,0.28202,0.2831,0.26622,0.2717,13173977.3835349
2019-10-11,0.27171,0.27634,0.2654,0.26818,13321703.95965698
2019-10-12,0.2681,0.27798,0.2679,0.27304,7667752.73693142
2019-10-13,0.27307,0.28258,0.27201,0.27786,10990710.33912187
2019-10-14,0.27784,0.29915,0.27701,0.29811,24259042.63309106
2019-10-15,0.29817,0.3,0.28316,0.28882,16835226.63169262
2019-10-16,0.28946,0.29276,0.27919,0.28436,14964285.9608249
2019-10-17,0.28436,0.30478,0.28057,0.30237,22074124.69685654
2019-10-18,0.30249,0.30276,0.28552,0.29519,19236362.1193952
2019-10-19,0.2954,0.30094,0.28856,0.29307,11140638.61165017
2019-10-20,0.29276,0.29773,0.283,0.29521,17912457.15199316
2019-10-21,0.2955,0.29559,0.29,0.2938,9388139.78498732
2019-10-22,0.2938,0.30377,0.28966,0.2915,17736223.36157258
2019-10-23,0.29181,0.29254,0.25012,0.27402,47058052.8344604
2019-10-24,0.2735,0.281,0.26677,0.27705,16670559.11850909
2019-10-25,0.27706,0.31,0.27514,0.29941,42655916.77683883
2019-10-26,0.29941,0.31533,0.28444,0.29497,39402843.87646065
2019-10-27,0.295,0.30344,0.291,0.2997,15458327.79840974
2019-10-28,0.2997,0.30648,0.29451,0.29531,10252748.03550789
2019-10-29,0.29516,0.31018,0.29512,0.30276,15679221.7808325
2019-10-30,0.30278,0.307,0.29089,0.29563,8892919.656057259
2019-10-31,0.29604,0.29931,0.28886,0.2957,8575906.32214521
2019-11-01,0.29554,0.29571,0.286,0.29312,8522137.08488837
2019-11-02,0.29329,0.29947,0.29329,0.29599,13168640.22703037
2019-11-03,0.29625,0.29738,0.28909,0.29119,11496646.91565506
2019-11-04,0.29133,0.30192,0.29007,0.3005,12851561.88124527
2019-11-05,0.30048,0.30663,0.29611,0.3016,16171018.74866236
2019-11-06,0.30163,0.3141,0.29778,0.3109,17939851.519333
2019-11-07,0.31081,0.315,0.27406,0.29071,42908372.08397669
2019-11-08,0.29071,0.29154,0.271,0.27613,28554001.78457618
2019-11-09,0.276,0.28243,0.27501,0.28028,12029540.08272717
2019-11-10,0.28035,0.28484,0.27712,0.27978,13298608.96617749
2019-11-11,0.27978,0.28152,0.27024,0.2747,19621567.42118106
2019-11-12,0.27465,0.27661,0.268,0.27249,20289673.76241427
2019-11-13,0.27272,0.27588,0.27084,0.27295,9500139.60482268
2019-11-14,0.27287,0.27466,0.26387,0.26869,19783789.58720754
2019-11-15,0.26824,0.27,0.25301,0.26112,25322533.98106903
2019-11-16,0.26088,0.2648,0.25918,0.26325,6037423.05317917
2019-11-17,0.26323,0.26708,0.25977,0.26409,9402178.42173638
2019-11-18,0.2641,0.26424,0.242,0.25245,20039390.8668429
2019-11-19,0.25246,0.25756,0.24402,0.25486,22432140.69441814
2019-11-20,0.25501,0.25933,0.24899,0.2508,15384094.88111851
2019-11-21,0.2508,0.25424,0.23669,0.24501,19335501.68285053
2019-11-22,0.24501,0.24707,0.22249,0.23126,35336040.62409803
2019-11-23,0.23117,0.237,0.22683,0.23557,17044710.14454445
2019-11-24,0.23557,0.23647,0.22022,0.22191,37191662.73665718
2019-11-25,0.22192,0.22693,0.20256,0.2186,79833792.1737485
2019-11-26,0.21861,0.223,0.2147,0.22161,21561149.90616609
2019-11-27,0.22168,0.23062,0.21402,0.22499,18688577.84932485
2019-11-28,0.22499,0.23082,0.22383,0.22403,9742162.06581932
2019-11-29,0.22425,0.234,0.22365,0.2315,7165818.06783594
2019-11-30,0.23177,0.23349,0.22491,0.2267,5374943.03115758
2019-12-01,0.2267,0.22688,0.21991,0.2263,7171366.34824502
2019-12-02,0.2266,0.22767,0.21866,0.22074,9600801.93354983
2019-12-03,0.22084,0.22383,0.21922,0.22079,5868269.82066785
2019-12-04,0.22077,0.22751,0.2112,0.21521,23583174.51346969
2019-12-05,0.21529,0.22722,0.21278,0.22289,38137207.08072332
2019-12-06,0.22288,0.22856,0.22034,0.22742,27033960.85262611
2019-12-07,0.2274,0.22973,0.22462,0.22883,22819679.33773794
2019-12-08,0.22891,0.23387,0.22558,0.23101,20393004.35761078
2019-12-09,0.231,0.23232,0.22192,0.2255,16640826.24211754
2019-12-10,0.22535,0.22645,0.21977,0.22384,7991834.0968207
2019-12-11,0.22357,0.22475,0.2208,0.2216,7079493.36637524
2019-12-12,0.2218,0.2237,0.21746,0.21944,8447848.60848924
2019-12-13,0.21944,0.22177,0.21619,0.2216,6693157.99790594
2019-12-14,0.22162,0.22163,0.2155,0.21728,4924377.00471679
2019-12-15,0.21729,0.22039,0.21554,0.21834,4413976.61084087
2019-12-16,0.21834,0.21835,0.20336,0.2067,13612144.43095886
2019-12-17,0.20647,0.20675,0.17854,0.18426,58236450.29976709
2019-12-18,0.1841,0.20199,0.176,0.19695,49864780.75733362
2019-12-19,0.197,0.19829,0.186,0.1887,11549099.22550039
2019-12-20,0.18904,0.19913,0.18448,0.19599,17526262.35307912
2019-12-21,0.19609,0.19699,0.19101,0.19236,10471214.19095991
2019-12-22,0.19235,0.19748,0.1915,0.19723,12573621.17598647
2019-12-23,0.19742,0.19944,0.189,0.1906,13955025.85030192
2019-12-24,0.19016,0.19418,0.18806,0.1915,6765045.2091968
2019-12-25,0.19131,0.19182,0.18672,0.18919,5367087.24104812
2019-12-26,0.18912,0.19482,0.18801,0.19028,11205024.3417886
2019-12-27,0.19017,0.19086,0.185,0.19078,6276748.23349442
2019-12-28,0.19078,0.19561,0.19077,0.19372,8223311.86709684
2019-12-29,0.19364,0.19913,0.1914,0.19736,8922319.66101764
2019-12-30,0.19701,0.19839,0.1925,0.19351,5816385.02298613
2019-12-31,0.19349,0.19476,0.19011,0.19332,7192268.16060489
2020-01-01,0.19313,0.19658,0.19242,0.19333,7264490.2241725
2020-01-02,0.19314,0.19337,0.186,0.18817,13457757.18850543
2020-01-03,0.18818,0.19481,0.18519,0.19413,13383798.70909912
2020-01-04,0.19403,0.19464,0.19167,0.19352,3970285.10584559
2020-01-05,0.19392,0.19773,0.19351,0.19468,11000077.12431117
2020-01-06,0.19464,0.22444,0.19461,0.223,34654903.40470001
2020-01-07,0.223,0.22555,0.20785,0.2134,29081317.39704685
2020-01-08,0.2134,0.21891,0.2035,0.20725,18169374.30287243
2020-01-09,0.20722,0.20867,0.20113,0.20378,10882242.84605693
2020-01-10,0.20377,0.21271,0.2005,0.21228,18508724.36869168
2020-01-11,0.21261,0.21978,0.20809,0.21137,23170973.86406229
2020-01-12,0.21137,0.21643,0.20947,0.21517,10296374.18920592
2020-01-13,0.21518,0.21549,0.20967,0.21121,6563496.47976097
2020-01-14,0.21119,0.24447,0.21113,0.23375,51314573.53220879
2020-01-15,0.23375,0.24285,0.22546,0.2336,39623196.48301242
2020-01-16,0.23352,0.23492,0.2212,0.22888,18270840.20127843
2020-01-17,0.2289,0.24375,0.22633,0.238,26048177.4310155
2020-01-18,0.238,0.25457,0.23107,0.2428,35792050.99643551
2020-01-19,0.24251,0.25171,0.22618,0.23529,23518987.80359741
2020-01-20,0.23536,0.2362,0.22404,0.23281,14826330.98188505
2020-01-21,0.23335,0.24166,0.23025,0.23679,13384334.59830902
2020-01-22,0.2373,0.2399,0.23205,0.23701,8961206.65672679
2020-01-23,0.237,0.23725,0.22077,0.22583,13856325.5817181
2020-01-24,0.22588,0.22628,0.21411,0.22242,15244975.75457607
2020-01-25,0.22244,0.22278,0.21661,0.21965,6743092.71418233
2020-01-26,0.21941,0.23259,0.21781,0.23149,7820288.06705417
2020-01-27,0.2315,0.23395,0.2263,0.23089,10508011.38135536
2020-01-28,0.23123,0.24182,0.23102,0.23927,16461327.17004911
2020-01-29,0.23962,0.24242,0.23417,0.23568,11175695.59218058
2020-01-30,0.23533,0.2465,0.23081,0.24341,21829796.94516861
2020-01-31,0.2434,0.24478,0.2341,0.23987,15003309.04700838
2020-02-01,0.24014,0.24363,0.2372,0.24184,9112931.04941374
2020-02-02,0.24178,0.26248,0.236,0.25128,24197133.09974313
2020-02-03,0.25138,0.26039,0.24723,0.25497,15944342.57286609
2020-02-04,0.25496,0.27093,0.248,0.26741,32079368.35482496
2020-02-05,0.26748,0.28266,0.26748,0.2778,50506746.64239302
2020-02-06,0.27783,0.28793,0.26114,0.28294,45732878.20883666
2020-02-07,0.28294,0.28715,0.2767,0.2791,18497253.61273627
2020-02-08,0.27909,0.282,0.2642,0.277,19958060.59454617
2020-02-09,0.277,0.28884,0.276,0.28231,19103408.97377471
2020-02-10,0.28242,0.283,0.26731,0.27349,22432060.37380504
2020-02-11,0.27349,0.28323,0.2672,0.28102,14920284.28283629
2020-02-12,0.28102,0.30884,0.28102,0.30422,43429433.58977198
2020-02-13,0.30454,0.33923,0.29981,0.32708,96618421.03230941
2020-02-14,0.32661,0.3389,0.3106,0.33589,40036850.52006834
2020-02-15,0.33566,0.34639,0.29408,0.30741,59983059.3385284
2020-02-16,0.30715,0.31862,0.2705,0.29253,56496273.67708726
2020-02-17,0.29255,0.29514,0.27015,0.28715,43560336.0172303
2020-02-18,0.28756,0.303,0.27617,0.2984,33105685.20437273
2020-02-19,0.2984,0.30946,0.271,0.2745,34602426.27842434
2020-02-20,0.2745,0.28133,0.2611,0.27106,22854017.03361814
2020-02-21,0.27121,0.279,0.26865,0.27426,16786256.33051171
2020-02-22,0.27454,0.27875,0.26998,0.27554,9686881.08983855
2020-02-23,0.27541,0.28523,0.27501,0.28399,21183166.84718524
2020-02-24,0.28399,0.28578,0.26411,0.27078,23933988.6556717
2020-02-25,0.27082,0.27124,0.251,0.25281,22666933.44470978
2020-02-26,0.25244,0.25568,0.22292,0.22933,48574881.13030969
2020-02-27,0.2297,0.24725,0.22431,0.23846,24402254.99377992
2020-02-28,0.23878,0.2445,0.229,0.23764,19600124.05664546
2020-02-29,0.23742,0.24299,0.23,0.23,14929526.04472211
2020-03-01,0.23001,0.23704,0.2251,0.22782,17609222.42523016
2020-03-02,0.2278,0.24225,0.2265,0.24033,12147764.95641267
2020-03-03,0.24029,0.24029,0.23059,0.23515,11577611.92016589
2020-03-04,0.23515,0.23897,0.23111,0.23551,8446290.03197497
2020-03-05,0.2357,0.24416,0.2357,0.23991,10589180.13815511
2020-03-06,0.2399,0.247,0.2392,0.24574,7897485.19892723
2020-03-07,0.24581,0.24616,0.23578,0.2371,11326937.58802206
2020-03-08,0.23689,0.23689,0.2005,0.20476,44000770.60884659
2020-03-09,0.20494,0.21272,0.19901,0.21048,25696336.43355451
2020-03-10,0.21014,0.21629,0.20611,0.21258,12219624.83553828
2020-03-11,0.21245,0.21416,0.20012,0.20936,15067934.43140014
2020-03-12,0.20953,0.21095,0.12825,0.1374,209859885.84350118
2020-03-13,0.13846,0.16759,0.11004,0.15969,164261394.23043737
2020-03-14,0.15982,0.16075,0.14423,0.14674,22436901.00190356
2020-03-15,0.14692,0.16597,0.14534,0.15358,22713997.30942432
2020-03-16,0.1536,0.15383,0.12863,0.14199,39879422.48545195
2020-03-17,0.142,0.15306,0.14079,0.14773,22416646.82239045
2020-03-18,0.14747,0.15,0.14035,0.14819,14672808.711192429
2020-03-19,0.14819,0.17322,0.14466,0.16509,26080934.17641081
2020-03-20,0.16491,0.1753,0.14466,0.15685,44297303.87125713
2020-03-21,0.15711,0.1626,0.15172,0.15832,15148356.82031198
2020-03-22,0.15818,0.162,0.14641,0.14795,14397597.24492491
2020-03-23,0.1478,0.16233,0.145,0.15929,20126287.96828867
2020-03-24,0.15925,0.164,0.15742,0.1629,20083917.09335904
2020-03-25,0.16261,0.16556,0.15693,0.16178,16213273.75470229
2020-03-26,0.16192,0.178,0.1601,0.17644,19043454.51352778
2020-03-27,0.17643,0.18774,0.16968,0.17294,29644741.88246031
2020-03-28,0.17294,0.18014,0.16643,0.17592,30370346.76604994
2020-03-29,0.17592,0.17701,0.16207,0.163,19915592.76883649
2020-03-30,0.163,0.1762,0.163,0.17151,17172717.08086498
2020-03-31,0.17152,0.17853,0.17074,0.17407,10477146.36531385
2020-04-01,0.17411,0.17717,0.16818,0.17603,11022839.08148051
2020-04-02,0.17604,0.18759,0.17509,0.17874,20968562.27146093
2020-04-03,0.17863,0.183,0.1765,0.17969,11127693.1058889
2020-04-04,0.17971,0.18389,0.178,0.18182,10201382.30754268
2020-04-05,0.18178,0.18268,0.1769,0.17955,6264428.45875961
2020-04-06,0.17955,0.199,0.17954,0.19864,22117055.95895179
2020-04-07,0.19807,0.20524,0.1901,0.19298,21442799.15044363
2020-04-08,0.19299,0.2033,0.19176,0.20219,13002337.98073748
2020-04-09,0.20218,0.20233,0.19367,0.19847,8454533.27324496
2020-04-10,0.19847,0.19899,0.18186,0.18798,17692113.95336172
2020-04-11,0.1881,0.19247,0.1853,0.1886,9809889.13435977
2020-04-12,0.18859,0.19626,0.18631,0.18994,12447485.35759765
2020-04-13,0.18975,0.18987,0.1801,0.18807,16528855.20162557
2020-04-14,0.18792,0.18946,0.1835,0.18624,8031725.03200583
2020-04-15,0.186,0.1898,0.18024,0.18092,9546861.4703923
2020-04-16,0.18089,0.19372,0.17426,0.19104,22996096.32427762
2020-04-17,0.19098,0.19223,0.18658,0.1894,8614973.22639698
2020-04-18,0.18941,0.19774,0.18879,0.19588,12522691.79440522
2020-04-19,0.19599,0.19659,0.18778,0.18921,9461409.89919372
2020-04-20,0.18922,0.19503,0.17847,0.18174,16335595.32784542
2020-04-21,0.18183,0.18667,0.18127,0.18344,8223460.30528637
2020-04-22,0.18345,0.18997,0.18219,0.18847,6876127.94573015
2020-04-23,0.18868,0.2,0.1861,0.19307,15490086.42192553
2020-04-24,0.1927,0.19733,0.1922,0.19367,10608978.62248059
2020-04-25,0.19344,0.19795,0.19165,0.19418,8435122.12912312
2020-04-26,0.19405,0.19777,0.19105,0.19629,6736090.65162002
2020-04-27,0.19631,0.1996,0.19423,0.19763,7428611.37624454
2020-04-28,0.19751,0.21779,0.1947,0.21418,23380396.27403677
2020-04-29,0.21418,0.23035,0.21388,0.22617,23825827.99103627
2020-04-30,0.22629,0.23571,0.2082,0.21161,36470052.90610624
2020-05-01,0.21161,0.22445,0.21121,0.21783,11058259.18218323
2020-05-02,0.2178,0.22557,0.21541,0.22392,8360379.43275824
2020-05-03,0.22373,0.22684,0.2155,0.21926,12203887.40945236
2020-05-04,0.21926,0.2209,0.20723,0.21785,14817376.59248233
2020-05-05,0.21807,0.22234,0.21298,0.21686,6176159.04143246
2020-05-06,0.21695,0.22241,0.21,0.21198,8161871.2066338
2020-05-07,0.21194,0.22173,0.20981,0.21879,12896047.20300636
2020-05-08,0.21878,0.22231,0.21429,0.21868,14358562.26507927
2020-05-09,0.21849,0.22506,0.21554,0.21636,12321898.16847773
2020-05-10,0.21595,0.21622,0.17501,0.19721,40683900.66536633
2020-05-11,0.197,0.2,0.1845,0.19233,14492599.68312479
2020-05-12,0.19221,0.19986,0.19121,0.19696,7126626.3480701
2020-05-13,0.19691,0.2043,0.19589,0.2019,6385532.80580904
2020-05-14,0.20211,0.20642,0.19809,0.20406,9446073.58140729
2020-05-15,0.20448,0.20484,0.1953,0.19809,10456352.97663778
2020-05-16,0.198,0.20229,0.19647,0.19961,5285101.41328019
2020-05-17,0.1995,0.20479,0.19882,0.20108,5106368.04337231
2020-05-18,0.20123,0.20814,0.20107,0.2053,8949162.52538034
2020-05-19,0.20516,0.20635,0.20064,0.20477,5797246.14000543
2020-05-20,0.2048,0.20625,0.19722,0.20139,6632076.49551607
2020-05-21,0.20129,0.2028,0.18918,0.19423,10164761.26304797
2020-05-22,0.19399,0.20257,0.19209,0.20039,6215552.17154322
2020-05-23,0.20043,0.2022,0.19798,0.19862,6891438.94326591
2020-05-24,0.19878,0.20161,0.19228,0.19228,5926250.41253095
2020-05-25,0.19248,0.19716,0.18928,0.19614,7810316.97399465
2020-05-26,0.19595,0.1968,0.19142,0.19359,3050944.73209782
2020-05-27,0.19386,0.20109,0.19385,0.1981,6864365.51753361
2020-05-28,0.1981,0.20142,0.19509,0.20082,6252527.16550292
2020-05-29,0.20081,0.2034,0.1964,0.19766,6244153.47921671
2020-05-30,0.19755,0.2079,0.19613,0.20709,9712447.61204514
2020-05-31,0.20708,0.2138,0.20048,0.20249,14046893.50190738
2020-06-01,0.20242,0.213,0.20115,0.21124,9097167.0740059
2020-06-02,0.21124,0.2152,0.19704,0.20331,18679015.92792209
2020-06-03,0.203,0.20485,0.20069,0.2042,7836530.70308792
2020-06-04,0.2042,0.20736,0.19938,0.2042,6477245.13159963
2020-06-05,0.20426,0.20582,0.20124,0.20261,5646665.86559128
2020-06-06,0.20255,0.20502,0.20104,0.2037,4267965.76212919
2020-06-07,0.20353,0.20499,0.19809,0.20342,5855459.86880091
2020-06-08,0.20343,0.20472,0.20137,0.20433,3658506.26661225
2020-06-09,0.20425,0.20541,0.19979,0.2012,7498796.29530561
2020-06-10,0.20119,0.20389,0.19973,0.20302,4181685.01878207
2020-06-11,0.2032,0.20388,0.18401,0.18808,16124007.48978498
2020-06-12,0.18808,0.1949,0.18686,0.19309,5601811.43168619
2020-06-13,0.19303,0.19385,0.19087,0.19246,3404609.70569371
2020-06-14,0.19245,0.19263,0.18875,0.1904,3663301.98023239
2020-06-15,0.19041,0.19347,0.18221,0.19253,6858853.98284972
2020-06-16,0.19262,0.19409,0.19007,0.19247,3751947.66600837
2020-06-17,0.19249,0.19886,0.18838,0.19333,9154635.641749639
2020-06-18,0.19328,0.19328,0.18837,0.19004,4832211.29816716
2020-06-19,0.19001,0.19045,0.18659,0.18722,5286113.84713493
2020-06-20,0.18737,0.18921,0.18449,0.18827,3963016.86369618
2020-06-21,0.18831,0.18882,0.1858,0.18607,2125278.44704299
2020-06-22,0.18591,0.19063,0.18591,0.18946,4709071.0048894
2020-06-23,0.18943,0.19067,0.18851,0.18915,2617604.44892603
2020-06-24,0.1892,0.19064,0.18157,0.18369,8243010.14489939
2020-06-25,0.18358,0.18425,0.17869,0.18171,7538301.38215059
2020-06-26,0.18154,0.18677,0.1786,0.18269,5526882.11720831
2020-06-27,0.18278,0.18356,0.169,0.17521,11000609.67815144
2020-06-28,0.17516,0.17986,0.173,0.17704,6917305.23401566
2020-06-29,0.17705,0.17958,0.17519,0.17733,5596628.65852628
2020-06-30,0.17759,0.17788,0.17497,0.17569,3572057.9317754
2020-07-01,0.17531,0.1784,0.174,0.17666,4195035.49891436
2020-07-02,0.17674,0.17746,0.17234,0.17493,7957419.33992327
2020-07-03,0.17478,0.17899,0.17453,0.17656,4687517.76218501
2020-07-04,0.17642,0.1797,0.17616,0.17834,3465656.92076671
2020-07-05,0.17823,0.17886,0.17376,0.17735,4536525.17779571
2020-07-06,0.17718,0.1895,0.17674,0.18898,13714308.60145516
2020-07-07,0.18907,0.18999,0.1832,0.18543,7698065.12390423
2020-07-08,0.18539,0.207,0.1842,0.20575,23694362.48383162
2020-07-09,0.20572,0.21199,0.19718,0.20276,26414308.57519991
2020-07-10,0.20283,0.20286,0.19238,0.19941,10563585.91869217
2020-07-11,0.19953,0.20504,0.19811,0.20124,9579359.39696638
2020-07-12,0.20125,0.20447,0.19792,0.20162,7435809.08377804
2020-07-13,0.20152,0.20698,0.19246,0.19889,15689344.87435395
2020-07-14,0.19877,0.20024,0.19527,0.19924,6542589.20688906
2020-07-15,0.19924,0.19999,0.19644,0.1974,4548321.67922062
2020-07-16,0.19749,0.19772,0.18857,0.19436,9515133.24103672
2020-07-17,0.1947,0.19842,0.19153,0.19464,6075209.74096453
2020-07-18,0.19448,0.20232,0.19413,0.20019,8507228.92103497
2020-07-19,0.20018,0.20232,0.1961,0.19978,9105173.42015893
2020-07-20,0.19992,0.20068,0.19223,0.19502,9072483.36246437
2020-07-21,0.19497,0.20145,0.19429,0.1999,7346829.17898521
2020-07-22,0.19996,0.2051,0.19649,0.20408,9052546.45481642
2020-07-23,0.20411,0.21096,0.20208,0.20881,16241484.54177522
2020-07-24,0.20878,0.20882,0.20212,0.20445,12952249.88660644
2020-07-25,0.20431,0.21784,0.20401,0.21499,15564208.87353815
2020-07-26,0.21491,0.2254,0.21237,0.21551,24636426.06009293
2020-07-27,0.21546,0.22979,0.20919,0.2248,30331722.92723793
2020-07-28,0.2247,0.23499,0.21773,0.2307,24748992.37759136
2020-07-29,0.23085,0.25049,0.2295,0.2437,29291343.09023032
2020-07-30,0.24375,0.25,0.23425,0.24462,18109772.55999829
2020-07-31,0.24461,0.26078,0.24201,0.25983,19132297.7262852
2020-08-01,0.2597,0.29758,0.25578,0.29103,57748635.18434037
2020-08-02,0.29127,0.3262,0.24158,0.28764,99682991.46384406
2020-08-03,0.28792,0.3195,0.28383,0.30974,44324133.73255089
2020-08-04,0.31023,0.319,0.29026,0.30124,25108229.33133275
2020-08-05,0.30124,0.30795,0.29086,0.30239,18839867.16885674
2020-08-06,0.30239,0.3112,0.29712,0.30296,18825880.17304911
2020-08-07,0.30296,0.31,0.27742,0.29427,29602982.54865039
2020-08-08,0.29429,0.29858,0.2899,0.29546,10028540.01988926
2020-08-09,0.29536,0.29852,0.28207,0.28781,11930506.05112227
2020-08-10,0.28821,0.30053,0.284,0.29478,18646990.97990437
2020-08-11,0.29478,0.30744,0.26756,0.28238,34991462.46727665
2020-08-12,0.2827,0.28706,0.27171,0.28241,15889306.11777254
2020-08-13,0.28254,0.29595,0.2725,0.29477,19529913.67302618
2020-08-14,0.29473,0.30761,0.29,0.30027,21350675.75233796
2020-08-15,0.30051,0.306,0.2918,0.29937,24069939.39950617
2020-08-16,0.2994,0.305,0.29269,0.30485,16717814.88385868
2020-08-17,0.30484,0.3275,0.2975,0.31629,44669112.09407168
2020-08-18,0.31616,0.32224,0.29824,0.30283,29614741.90774306
2020-08-19,0.30284,0.30646,0.27933,0.29039,29248252.39976507
2020-08-20,0.29021,0.29502,0.28489,0.2929,11171809.63381265
2020-08-21,0.29249,0.29615,0.27728,0.27952,16955229.00310393
2020-08-22,0.27954,0.28726,0.2734,0.28634,9305457.12590836
2020-08-23,0.28634,0.28862,0.27766,0.28518,8516866.84893064
2020-08-24,0.28527,0.29243,0.28242,0.28886,7611368.74420741
2020-08-25,0.28887,0.29037,0.2702,0.27658,14527214.21532886
2020-08-26,0.27659,0.28092,0.27416,0.27661,8092310.53237221
2020-08-27,0.27664,0.27849,0.255,0.26439,22048869.00342157
2020-08-28,0.26489,0.27375,0.26039,0.27238,8680634.12986967
2020-08-29,0.27231,0.27761,0.26895,0.27434,9689110.53947844
2020-08-30,0.27435,0.2843,0.27435,0.28342,11713175.86679355
2020-08-31,0.28351,0.28531,0.27829,0.28177,10044612.53368102
2020-09-01,0.2816,0.29956,0.27601,0.29593,22481505.84797003
2020-09-02,0.29554,0.30492,0.26156,0.27659,43747375.91171573
2020-09-03,0.27606,0.27658,0.2385,0.24482,30373441.57567201
2020-09-04,0.2443,0.26599,0.24067,0.25487,23135024.55708507
2020-09-05,0.25467,0.26034,0.23213,0.23831,22843558.16303367
2020-09-06,0.23823,0.24458,0.23041,0.23979,11234783.84444672
2020-09-07,0.24025,0.24396,0.2303,0.24277,12209234.67111258
2020-09-08,0.24284,0.2441,0.23143,0.23715,7662308.9931130605
2020-09-09,0.23721,0.24328,0.23361,0.23952,8054930.35557151
2020-09-10,0.23954,0.24926,0.23935,0.24343,7018265.83845987
2020-09-11,0.24347,0.2448,0.23706,0.24284,5171725.52465009
2020-09-12,0.24284,0.249,0.24033,0.2477,5198919.62908317
2020-09-13,0.2478,0.2545,0.238,0.24218,11507264.05139704
2020-09-14,0.2422,0.2491,0.2391,0.246,5410656.25635707
2020-09-15,0.24589,0.24981,0.24251,0.24345,4901336.93235342
2020-09-16,0.24336,0.2516,0.23453,0.24735,7803428.97514437
2020-09-17,0.24737,0.2589,0.24648,0.25273,10098483.98336242
2020-09-18,0.25272,0.2559,0.24681,0.2512,6108025.15672081
2020-09-19,0.25105,0.25546,0.24779,0.25181,4197194.23006567
2020-09-20,0.25156,0.25176,0.24301,0.24702,5625777.21959731
2020-09-21,0.24707,0.24878,0.22951,0.23122,15573429.88091345
2020-09-22,0.23148,0.23507,0.22996,0.23366,7913749.71571515
2020-09-23,0.23339,0.2355,0.22061,0.22194,8264442.69200623
2020-09-24,0.22196,0.23453,0.2201,0.23301,6064005.73221208
2020-09-25,0.23341,0.24541,0.2301,0.24175,9500217.1536101
2020-09-26,0.24214,0.24632,0.23817,0.24202,5334768.51207549
2020-09-27,0.2421,0.24526,0.23754,0.24395,4431575.50970292
2020-09-28,0.244,0.24909,0.2403,0.24151,6871714.09674752
2020-09-29,0.24136,0.24709,0.23886,0.2434,5425259.26928313
2020-09-30,0.24308,0.24317,0.23804,0.24216,3328981.97642558
2020-10-01,0.24229,0.24498,0.2342,0.2386,7272611.56005753
2020-10-02,0.23836,0.23985,0.22888,0.23433,8926364.36531614
2020-10-03,0.23422,0.23556,0.2327,0.23311,2357673.68763305
2020-10-04,0.23315,0.25065,0.232,0.24833,11836724.81685072
2020-10-05,0.24844,0.25479,0.24696,0.25088,10688131.87565314
2020-10-06,0.251,0.25993,0.24085,0.24577,20368103.29168814
2020-10-07,0.24547,0.2516,0.24119,0.24909,8189839.42243319
2020-10-08,0.2491,0.2533,0.24232,0.25182,8398246.97502359
2020-10-09,0.25196,0.25738,0.25001,0.25347,6817822.85462185
2020-10-10,0.25338,0.26067,0.25314,0.25417,10811564.82609202
2020-10-11,0.25419,0.2589,0.25356,0.25565,4681511.2042356
2020-10-12,0.25557,0.25864,0.24916,0.25668,7003785.77411114
2020-10-13,0.25668,0.26061,0.25295,0.25706,11367302.05122174
2020-10-14,0.25698,0.25876,0.24626,0.24944,23207954.70675903
2020-10-15,0.24955,0.25051,0.24267,0.24623,16493501.74577324
2020-10-16,0.24609,0.24836,0.2373,0.24024,9956805.16603112
2020-10-17,0.24052,0.24364,0.23892,0.24069,2909098.4311863
2020-10-18,0.24069,0.24398,0.24024,0.24259,3031509.45232551
2020-10-19,0.24257,0.24981,0.24021,0.24588,4771425.07882268
2020-10-20,0.24605,0.25099,0.24153,0.24351,6118179.91998041
2020-10-21,0.24345,0.25596,0.24289,0.25154,10160949.1731079
2020-10-22,0.25149,0.26392,0.25149,0.25721,13527115.32801279
2020-10-23,0.25724,0.25944,0.25019,0.25497,5985270.7129729
2020-10-24,0.25497,0.25804,0.25262,0.25655,3329783.49909689
2020-10-25,0.25641,0.25753,0.25104,0.25325,5699114.24132742
2020-10-26,0.25331,0.25924,0.24354,0.24827,11045764.35618407
2020-10-27,0.24824,0.254,0.24751,0.25277,6083755.58872905
2020-10-28,0.25269,0.25673,0.24446,0.24537,8348588.05169279
2020-10-29,0.24532,0.24753,0.23954,0.2422,6356689.10782637
2020-10-30,0.24234,0.24414,0.23053,0.2393,13397745.60240989
2020-10-31,0.23926,0.24357,0.23744,0.23969,5934782.82589682
2020-11-01,0.23959,0.24141,0.23622,0.23993,6415005.88964738
2020-11-02,0.24013,0.24492,0.2326,0.23526,5846978.75317495
2020-11-03,0.2354,0.24396,0.22759,0.23971,13713965.6925957
2020-11-04,0.23985,0.24067,0.23215,0.23771,6206523.98859575
2020-11-05,0.23803,0.24725,0.23716,0.24549,12113840.60677907
2020-11-06,0.24559,0.26147,0.24494,0.25845,16293009.07678312
2020-11-07,0.25835,0.26722,0.245,0.24948,22030809.25734909
2020-11-08,0.24959,0.257,0.24771,0.25409,6095668.85087371
2020-11-09,0.25392,0.25639,0.24563,0.25045,10533517.70444919
2020-11-10,0.25047,0.26466,0.24809,0.25392,13487972.61044477
2020-11-11,0.25392,0.26021,0.2525,0.25613,8375536.05702976
2020-11-12,0.25614,0.25837,0.25247,0.25477,5296176.99943685
2020-11-13,0.25475,0.26576,0.25353,0.26553,10478477.60199081
2020-11-14,0.26569,0.27764,0.261,0.26811,21912276.0672734
2020-11-15,0.26818,0.27676,0.2644,0.26953,16574368.66259654
2020-11-16,0.2695,0.2899,0.26741,0.28775,21507023.27524594
2020-11-17,0.28815,0.30535,0.28733,0.30258,32762246.53933116
2020-11-18,0.30259,0.30852,0.28081,0.29304,37508117.57851256
2020-11-19,0.29352,0.30687,0.28343,0.30393,19302788.77429392
2020-11-20,0.30377,0.33178,0.297,0.3298,33247413.83767
2020-11-21,0.32998,0.46939,0.32929,0.46206,189221766.48466334
2020-11-22,0.46163,0.49567,0.40266,0.44508,228187090.48559093
2020-11-23,0.44544,0.6203,0.43041,0.61509,211538230.6333657
2020-11-24,0.61539,0.78,0.56684,0.69325,375187332.4723052
2020-11-25,0.69333,0.7241,0.58408,0.63009,223349912.61105382
2020-11-26,0.63093,0.652,0.45961,0.53823,294248268.8570121
2020-11-27,0.53897,0.588,0.505,0.56327,120045023.28796238
2020-11-28,0.56332,0.65,0.54071,0.6272,87845444.09878308
2020-11-29,0.62695,0.638,0.58315,0.60589,63801373.33255745
2020-11-30,0.60552,0.67999,0.59631,0.66458,95613100.3482717
2020-12-01,0.66453,0.68279,0.57711,0.61217,96286607.94167829
2020-12-02,0.61259,0.63833,0.59597,0.63109,42894547.45711449
2020-12-03,0.63059,0.64291,0.6152,0.63138,25696137.13767258
2020-12-04,0.631,0.63499,0.54226,0.55356,62396371.64760769
2020-12-05,0.55355,0.59665,0.54815,0.58539,25146971.72645101
2020-12-06,0.58549,0.62888,0.58015,0.62201,46540106.76515176
2020-12-07,0.62232,0.625,0.59101,0.60855,24843275.47739071
2020-12-08,0.60856,0.61113,0.55104,0.55942,43810944.19206672
2020-12-09,0.55928,0.60558,0.50483,0.58295,82292572.12911549
2020-12-10,0.58324,0.58939,0.55304,0.57225,41856878.90055126
2020-12-11,0.5727,0.588,0.527,0.5413,82270096.44091947
2020-12-12,0.5413,0.55174,0.48653,0.50711,68823449.11222851
2020-12-13,0.50705,0.52825,0.486,0.51383,35323588.87536605
2020-12-14,0.51338,0.51912,0.48931,0.49773,18720572.5940433
2020-12-15,0.49856,0.50765,0.4652,0.46848,37178470.15570874
2020-12-16,0.46896,0.57465,0.438,0.5687,109169148.01085404
2020-12-17,0.56871,0.65615,0.536,0.57665,185828938.99867287
2020-12-18,0.57665,0.61331,0.55057,0.58373,65252792.28357826
2020-12-19,0.58416,0.60479,0.56618,0.57631,41168990.47501242
2020-12-20,0.57588,0.586,0.531,0.55516,44504463.4255722
2020-12-21,0.55504,0.5688,0.49752,0.51395,60095395.40342708
2020-12-22,0.51396,0.52187,0.40155,0.44601,151189269.01746708
2020-12-23,0.446,0.44779,0.21263,0.2599,495506731.9581771
2020-12-24,0.25997,0.37833,0.24061,0.33895,292687684.67631453
2020-12-25,0.33814,0.38499,0.28,0.31802,369465530.9337164
2020-12-26,0.31842,0.32695,0.28262,0.29374,148404349.39565095
2020-12-27,0.29426,0.30999,0.26629,0.28342,124842318.467519
2020-12-28,0.2834,0.30896,0.23367,0.24807,140137229.21671334
2020-12-29,0.2477,0.25447,0.17268,0.22107,322879784.7289345
2020-12-30,0.22079,0.23665,0.1919,0.21131,208464356.56311876
2020-12-31,0.21135,0.22904,0.20471,0.2194,81976670.66519463
2021-01-01,0.21936,0.25249,0.21597,0.23765,101614914.99732268
2021-01-02,0.2379,0.23829,0.21116,0.22126,69088351.68377312
2021-01-03,0.2212,0.23983,0.21511,0.22488,67791610.3326638
2021-01-04,0.22518,0.26185,0.21501,0.23591,96862007.20687596
2021-01-05,0.23584,0.24291,0.21756,0.22592,61102936.87443265
2021-01-06,0.22626,0.27415,0.22137,0.24892,136427298.27645886
2021-01-07,0.24892,0.3696,0.24521,0.32358,372068886.2365708
2021-01-08,0.32376,0.34588,0.28389,0.31996,178880349.64229923
2021-01-09,0.31952,0.34,0.30529,0.325,97277312.35004896
2021-01-10,0.32469,0.36799,0.28785,0.31501,136915526.70981628
2021-01-11,0.31526,0.31649,0.2512,0.28767,165682607.93116763
2021-01-12,0.2875,0.31039,0.27722,0.29287,77092629.1792176
2021-01-13,0.29286,0.30999,0.28421,0.3055,42879171.59791406
2021-01-14,0.30573,0.30877,0.28223,0.29632,56213627.46049574
2021-01-15,0.29658,0.303,0.2612,0.27991,48721030.54608882
2021-01-16,0.27958,0.308,0.27542,0.27931,41953611.7823281
2021-01-17,0.27926,0.28577,0.26851,0.27777,23123979.4082405
2021-01-18,0.27772,0.28952,0.27163,0.28597,29075701.92119971
2021-01-19,0.28585,0.3299,0.28434,0.29357,78102270.30346876
2021-01-20,0.29403,0.3117,0.27909,0.2954,49400561.56579748
2021-01-21,0.29593,0.308,0.25903,0.26787,70409244.49659404
2021-01-22,0.26829,0.27886,0.24,0.27307,90328303.18088445
2021-01-23,0.27298,0.28407,0.26563,0.27193,24679736.8597103
2021-01-24,0.27191,0.27851,0.26852,0.27362,18037841.74093441
2021-01-25,0.27389,0.2855,0.26705,0.26754,31429503.48944594
2021-01-26,0.26718,0.27148,0.25827,0.26855,20804757.43706879
2021-01-27,0.26871,0.26901,0.2442,0.25104,29395837.32844876
2021-01-28,0.25117,0.27,0.24736,0.26427,32563538.30569313
2021-01-29,0.26442,0.317,0.25977,0.28321,167167513.18952456
2021-01-30,0.28333,0.51695,0.27747,0.44508,670823567.2704815
2021-01-31,0.44405,0.51,0.38758,0.49558,343906155.82847655
2021-02-01,0.49573,0.75742,0.35966,0.37262,833378535.3785019
2021-02-02,0.3722,0.412,0.34042,0.37334,160002378.67640176
2021-02-03,0.37346,0.41999,0.37346,0.39744,75520203.65869324
2021-02-04,0.39744,0.48,0.37963,0.44518,165514300.06012872
2021-02-05,0.44519,0.4721,0.42437,0.45243,98723710.7769342
2021-02-06,0.45274,0.45743,0.42603,0.44292,39419894.64640198
2021-02-07,0.44337,0.45147,0.38911,0.41863,79032087.54804038
2021-02-08,0.41863,0.47106,0.41232,0.45214,61634767.99303456
2021-02-09,0.45214,0.49171,0.44919,0.47632,66978189.55421467
2021-02-10,0.477,0.542,0.44053,0.5048,152323767.22531584
2021-02-11,0.50517,0.53621,0.5,0.52849,50024251.13447039
2021-02-12,0.52834,0.61964,0.51925,0.609,101089243.71491535
2021-02-13,0.61,0.64364,0.542,0.63324,135756936.97849807
2021-02-14,0.63381,0.64074,0.5601,0.59272,78132131.91758327
2021-02-15,0.59284,0.60425,0.50278,0.55027,108377114.2666663
2021-02-16,0.55025,0.58099,0.48192,0.52017,88730037.05413724
2021-02-17,0.52046,0.558,0.49191,0.53424,61618342.00460148
2021-02-18,0.53424,0.55999,0.52,0.53135,40909779.40919822
2021-02-19,0.53143,0.58231,0.5131,0.56463,65275739.31748596
2021-02-20,0.56479,0.58365,0.46595,0.51095,86954880.96718907
2021-02-21,0.51134,0.55875,0.5025,0.54437,52312855.73540937
2021-02-22,0.5443,0.65,0.514,0.56531,257529211.5614559
2021-02-23,0.56591,0.57072,0.3616,0.47638,218206410.9235423
2021-02-24,0.47626,0.49973,0.45126,0.46932,41956039.88278493
2021-02-25,0.46867,0.48241,0.425,0.43546,26130320.20376439
2021-02-26,0.43615,0.45,0.41,0.42841,46710802.22075804
2021-02-27,0.42806,0.45847,0.42706,0.43647,23283647.17650774
2021-02-28,0.4362,0.43947,0.39353,0.41678,30016463.81122788
2021-03-01,0.41651,0.454,0.4131,0.44546,28751994.78325487
2021-03-02,0.44544,0.455,0.42201,0.43672,24807631.33300075
2021-03-03,0.43662,0.46888,0.43032,0.44835,21448442.9476617
2021-03-04,0.44914,0.49487,0.43322,0.48085,68288513.11941203
2021-03-05,0.48194,0.48498,0.44658,0.45513,29433750.7555029
2021-03-06,0.45506,0.47146,0.44953,0.46251,18616544.25897408
2021-03-07,0.4632,0.46941,0.45726,0.46538,9380824.89924418
2021-03-08,0.46547,0.48949,0.4551,0.47429,27194722.02388379
2021-03-09,0.4747,0.48799,0.472,0.48532,14580408.02305452
2021-03-10,0.48592,0.48994,0.455,0.4624,31786834.16920398
2021-03-11,0.4625,0.465,0.43842,0.45275,20954875.94898039
2021-03-12,0.45339,0.465,0.423,0.43999,29953595.1491299
2021-03-13,0.44021,0.467,0.43232,0.45781,24942653.79360295
2021-03-14,0.4587,0.46194,0.43804,0.43858,13260662.01317814
2021-03-15,0.43839,0.4478,0.4225,0.43608,26063475.4740716
2021-03-16,0.43612,0.52099,0.4281,0.46059,87544771.7818684
2021-03-17,0.4608,0.48196,0.454,0.46951,28219862.84802704
2021-03-18,0.46953,0.49068,0.46568,0.46886,20127167.77697006
2021-03-19,0.46887,0.475,0.45867,0.46645,16162713.9798452
2021-03-20,0.46655,0.54956,0.46481,0.52562,62685953.82167924
2021-03-21,0.52573,0.54671,0.49451,0.51686,44682369.19771901
2021-03-22,0.51652,0.602,0.50102,0.54408,98595109.51007202
2021-03-23,0.54406,0.59741,0.53816,0.54918,51354031.90332494
2021-03-24,0.54927,0.563,0.45033,0.48001,62855286.31999956
2021-03-25,0.48059,0.5247,0.4562,0.51159,44352413.93189951
2021-03-26,0.51129,0.57708,0.51094,0.56339,37644441.16895394
2021-03-27,0.56366,0.5745,0.53398,0.54754,23070498.83528737
2021-03-28,0.54803,0.56141,0.53914,0.54593,8936322.58871832
2021-03-29,0.5455,0.57149,0.54307,0.56621,21502732.00374262
2021-03-30,0.56592,0.5875,0.5595,0.56294,22872928.71334754
2021-03-31,0.56327,0.5767,0.5262,0.57017,40982413.33024625
2021-04-01,0.57031,0.59549,0.5485,0.57093,32069477.323712658
2021-04-02,0.57105,0.6095,0.56552,0.6071,31114274.70791118
2021-04-03,0.6071,0.64171,0.57344,0.57858,47213188.92212554
2021-04-04,0.57821,0.63567,0.5657,0.63466,21141853.70057961
2021-04-05,0.63466,0.939,0.61952,0.91648,195211642.61821425
2021-04-06,0.91717,1.1177,0.8069,1.0971,224504620.96436566
2021-04-07,1.0971,1.1111,0.8555,0.917,176291173.072321
2021-04-08,0.91692,1.0722,0.90101,1.0574,71523666.98623797
2021-04-09,1.0565,1.0842,0.98206,1.0181,69777598.19446675
2021-04-10,1.017,1.3967,1.0065,1.3716,214329875.6591655
2021-04-11,1.376,1.4965,1.3058,1.3525,113869289.34562
2021-04-12,1.353,1.4734,1.3206,1.4683,72028047.12750445
2021-04-13,1.4691,1.8853,1.4202,1.7949,203673718.2637206
2021-04-14,1.7928,1.9637,1.57,1.8346,199107469.62691098
2021-04-15,1.8348,1.8853,1.6486,1.7586,61815933.77339257
2021-04-16,1.7589,1.809,1.4203,1.5494,143052939.61965725
2021-04-17,1.5475,1.741,1.5262,1.5395,65625501.63583404
2021-04-18,1.5391,1.5633,1.1197,1.4076,157406934.1580494
2021-04-19,1.4095,1.5289,1.2465,1.3108,105117091.42667928
2021-04-20,1.3094,1.4467,1.1788,1.3867,91667039.70595445
2021-04-21,1.3867,1.4634,1.2745,1.29,66906041.64976548
2021-04-22,1.2909,1.42,1.0925,1.1563,101875650.79835333
2021-04-23,1.156,1.1976,0.87472,1.1715,185504353.38155174
2021-04-24,1.1715,1.1728,1.0227,1.0516,40919424.83761524
2021-04-25,1.052,1.1575,0.95,1.0359,70347130.84468861
2021-04-26,1.036,1.3769,1.0145,1.365,103725248.15783183
2021-04-27,1.3647,1.4671,1.3314,1.4029,85667882.65627898
2021-04-28,1.4015,1.4477,1.284,1.3574,63260393.83186165
2021-04-29,1.3574,1.42,1.3278,1.3977,38262830.6101097
2021-04-30,1.3984,1.6392,1.375,1.5984,76127729.02304679
2021-05-01,1.5976,1.664,1.5232,1.6518,33453204.64900736
2021-05-02,1.6516,1.6577,1.5269,1.5611,34494180.24661122
2021-05-03,1.561,1.62,1.5031,1.554,42485074.84066256
2021-05-04,1.554,1.5581,1.3155,1.3889,85155242.79003981
2021-05-05,1.388,1.6268,1.3686,1.6138,70076089.46603866
2021-05-06,1.6149,1.7658,1.509,1.6042,106486208.86889982
2021-05-07,1.6037,1.6936,1.504,1.5793,57286046.92669653
2021-05-08,1.58,1.6273,1.5419,1.561,34657467.53769361
2021-05-09,1.5611,1.5948,1.4265,1.5349,50354799.40524645
2021-05-10,1.535,1.6285,1.2253,1.3907,86012911.01630503
2021-05-11,1.3919,1.4884,1.353,1.4797,43575707.56944012
2021-05-12,1.4805,1.5475,1.24,1.2704,74048375.78268144
2021-05-13,1.2725,1.3881,1.2004,1.366,83783634.13242982
2021-05-14,1.366,1.4485,1.3235,1.4025,33064706.59129783
2021-05-15,1.402,1.5848,1.3215,1.4962,77810462.89312406
2021-05-16,1.4966,1.6159,1.339,1.4529,78619864.38178176
2021-05-17,1.4544,1.566,1.3308,1.4943,73515707.72965877
2021-05-18,1.4975,1.7046,1.4719,1.591,73350079.61997896
2021-05-19,1.5902,1.6435,0.82918,1.0606,220819944.67664176
2021-05-20,1.0598,1.265,0.9085,1.1823,104727196.31985068
2021-05-21,1.1807,1.22,0.86403,1.0095,133578487.23435035
2021-05-22,1.0086,1.0188,0.82012,0.90722,66278827.40322793
2021-05-23,0.908,0.97129,0.652,0.791,106818240.3122503
2021-05-24,0.79147,0.99798,0.75551,0.99386,62034501.25517598
2021-05-25,0.99327,1.0592,0.88174,0.97613,48427150.95731247
2021-05-26,0.97613,1.0701,0.94752,1.0334,32300698.21507111
2021-05-27,1.0336,1.0427,0.93406,0.97484,33014838.38023876
2021-05-28,0.975,0.9845,0.84621,0.89824,36557907.6447199
2021-05-29,0.89817,0.94136,0.7935,0.83049,28110163.76374691
2021-05-30,0.8315,0.93284,0.79668,0.90524,21142535.42683253
2021-05-31,0.90504,1.0486,0.87972,1.0417,37371013.68356549
2021-06-01,1.0411,1.1,0.97414,1.01,32095260.22558623
2021-06-02,1.01,1.0507,0.9795,1.024,13682051.73427099
2021-06-03,1.0248,1.078,1.0075,1.0449,16409612.87775476
2021-06-04,1.0458,1.0465,0.91574,0.96991,28334781.573891878
2021-06-05,0.96979,0.99848,0.896,0.92273,16705939.36856976
2021-06-06,0.92311,0.9489,0.91819,0.94612,7767250.12803245
2021-06-07,0.94638,0.975,0.842,0.86268,23065042.45110543
2021-06-08,0.86212,0.887,0.7856,0.87444,35064598.68785957
2021-06-09,0.87439,0.92097,0.83091,0.92097,25473585.55168886
2021-06-10,0.92097,0.92867,0.8525,0.86868,16594967.65315161
2021-06-11,0.8682,0.88049,0.83363,0.84781,11512079.66374941
2021-06-12,0.84766,0.84795,0.8055,0.83259,22344429.6486459
2021-06-13,0.83283,0.88822,0.81752,0.88468,10023433.66860856
2021-06-14,0.88394,0.92848,0.86253,0.89092,11958450.65540348
2021-06-15,0.89035,0.9013,0.85511,0.86604,8054376.89694935
2021-06-16,0.86604,0.87338,0.82533,0.83121,11885359.01103262
2021-06-17,0.83159,0.86198,0.82242,0.84087,17120067.89202632
2021-06-18,0.84143,0.84479,0.7678,0.79619,12088550.6717316
2021-06-19,0.79718,0.80599,0.75701,0.76,7695944.96190708
2021-06-20,0.75994,0.78567,0.69828,0.77501,16551730.02136892
2021-06-21,0.77569,0.78176,0.606,0.6082,40539791.35183895
2021-06-22,0.60924,0.652,0.51252,0.54809,76348003.37285839
2021-06-23,0.54828,0.665,0.521,0.63899,40720399.69477622
2021-06-24,0.6387,0.69239,0.61677,0.67345,24230507.5558243
2021-06-25,0.67345,0.68884,0.60145,0.61103,27281718.91404937
2021-06-26,0.6105,0.63274,0.58188,0.61786,15741273.35595149
2021-06-27,0.61792,0.65313,0.597,0.64894,13450312.81386199
2021-06-28,0.64894,0.65724,0.6249,0.64415,9842691.3000642
2021-06-29,0.64438,0.73388,0.64193,0.7065,21333433.75586709
2021-06-30,0.70676,0.71483,0.66608,0.70625,8799687.97420087
2021-07-01,0.70677,0.70679,0.64481,0.65954,12103537.01134278
2021-07-02,0.65905,0.6674,0.63289,0.65657,5727956.73577089
2021-07-03,0.65586,0.68538,0.64305,0.67395,6078081.12022784
2021-07-04,0.67242,0.70941,0.66569,0.6962,5269273.58349017
2021-07-05,0.69626,0.69646,0.64392,0.65223,9115713.2840293
2021-07-06,0.65205,0.68024,0.65102,0.66586,6354662.79195353
2021-07-07,0.66502,0.67442,0.65011,0.65242,4219695.01047226
2021-07-08,0.65242,0.6548,0.6107,0.62115,13049254.58673562
2021-07-09,0.62116,0.64533,0.59113,0.63645,9375915.10477054
2021-07-10,0.63609,0.64831,0.61182,0.62491,4662500.22627114
2021-07-11,0.62477,0.6445,0.61706,0.63616,3785290.34455092
2021-07-12,0.63641,0.65714,0.61647,0.62824,6233493.24206661
2021-07-13,0.62856,0.64328,0.60856,0.61985,8493507.05133644
2021-07-14,0.61941,0.6257,0.58461,0.62028,8027987.16047439
2021-07-15,0.6202,0.62724,0.58803,0.59823,6763291.62731747
2021-07-16,0.5987,0.6205,0.58746,0.58959,11760137.03931693
2021-07-17,0.58951,0.59848,0.56,0.58262,9461756.84787765
2021-07-18,0.58292,0.60189,0.57182,0.58721,6014009.9244195
2021-07-19,0.58721,0.5901,0.55382,0.55786,5637093.21185823
2021-07-20,0.55746,0.57048,0.51601,0.52917,9508309.34230485
2021-07-21,0.52917,0.58487,0.52,0.57153,10368579.01205343
2021-07-22,0.57219,0.604,0.56102,0.59242,9306348.70003768
2021-07-23,0.59268,0.61043,0.57563,0.60937,7656627.2553832
2021-07-24,0.60983,0.62113,0.60023,0.60918,6209584.98885526
2021-07-25,0.6099,0.61257,0.59117,0.60773,5156443.62390456
2021-07-26,0.60742,0.679,0.60534,0.62409,24458392.05229916
2021-07-27,0.62423,0.65266,0.61202,0.64607,8713879.82367029
2021-07-28,0.6453,0.75471,0.63082,0.73269,30015205.08952276
2021-07-29,0.73269,0.76623,0.69706,0.75018,15047480.18547678
2021-07-30,0.74959,0.76926,0.71248,0.75301,15730039.67235144
2021-07-31,0.75213,0.75902,0.73712,0.74505,6586594.48149212
2021-08-01,0.74542,0.77717,0.7072,0.72399,18155543.27163504
2021-08-02,0.72554,0.77408,0.71518,0.73812,12874327.90521143
2021-08-03,0.73812,0.745,0.70112,0.7133,15629645.36945961
2021-08-04,0.7136,0.74,0.69527,0.73082,10301662.51508176
2021-08-05,0.73143,0.7394,0.70102,0.73367,10861332.24568378
2021-08-06,0.73375,0.75375,0.72252,0.74677,6492875.66674678
2021-08-07,0.74761,0.81828,0.74138,0.81616,18548782.47007281
2021-08-08,0.81618,0.83997,0.77158,0.77841,15796356.01069011
2021-08-09,0.77864,0.82786,0.75886,0.81796,14630142.86761143
2021-08-10,0.81714,0.86265,0.79962,0.85155,24766914.83794851
2021-08-11,0.85099,1.089,0.84798,1.0118,53813403.64111495
2021-08-12,1.0112,1.0449,0.92364,0.96689,54269831.81360991
2021-08-13,0.96688,1.0969,0.95179,1.0911,42899100.83615022
2021-08-14,1.091,1.3109,1.0702,1.2804,73984636.96475923
2021-08-15,1.28,1.3498,1.2268,1.2847,49368245.44944979
2021-08-16,1.2845,1.33,1.1455,1.1866,58262728.73679853
2021-08-17,1.1858,1.2249,1.0867,1.0995,62193130.48656636
2021-08-18,1.099,1.1951,1.052,1.144,86976354.13951954
2021-08-19,1.144,1.2364,1.0907,1.2341,44501004.43344078
2021-08-20,1.2351,1.2889,1.1991,1.2634,27734438.62412598
2021-08-21,1.2638,1.2839,1.2028,1.2161,19310632.18272841
2021-08-22,1.2171,1.2567,1.18,1.2266,18219786.33369817
2021-08-23,1.2267,1.304,1.2043,1.2464,24750727.89109314
2021-08-24,1.2459,1.2662,1.1276,1.1357,52706171.82234144
2021-08-25,1.1353,1.178,1.1079,1.1743,34968554.75305434
2021-08-26,1.1738,1.1858,1.0647,1.0719,65201611.75351917
2021-08-27,1.071,1.1916,1.0514,1.1907,39722099.60395122
2021-08-28,1.1911,1.198,1.1334,1.1463,13432509.02363296
2021-08-29,1.1469,1.1696,1.1128,1.1413,20213674.66922991
2021-08-30,1.1414,1.1493,1.0956,1.1016,18296201.22377964
2021-08-31,1.1009,1.2435,1.0923,1.1867,31565204.93712747
2021-09-01,1.1862,1.2381,1.1589,1.2364,24352880.22492576
2021-09-02,1.2364,1.2962,1.2226,1.2531,23065956.78297385
2021-09-03,1.2535,1.3237,1.2213,1.291,22599745.62577752
2021-09-04,1.2909,1.2977,1.2361,1.2552,12685450.98687169
2021-09-05,1.2551,1.3133,1.2364,1.3086,11564206.98079161
2021-09-06,1.3074,1.4154,1.3071,1.39,43242326.7768948
2021-09-07,1.39,1.3924,0.92742,1.1283,141823597.5732528
2021-09-08,1.1282,1.1477,1.0158,1.1004,43055614.14160768
2021-09-09,1.1002,1.138,1.0728,1.087,18906912.96105051
2021-09-10,1.0877,1.2451,1.0295,1.0551,70491954.72126123
2021-09-11,1.0551,1.113,1.0506,1.0797,13376586.732481
2021-09-12,1.0796,1.1274,1.058,1.1189,11335348.96186252
2021-09-13,1.1175,1.1264,1.024,1.065,16605665.61544296
2021-09-14,1.0644,1.0985,1.0565,1.0978,9861320.3327659
2021-09-15,1.0969,1.1303,1.0783,1.1221,11971521.76975398
2021-09-16,1.1216,1.1312,1.0669,1.0905,22741089.48519147
2021-09-17,1.0905,1.103,1.0513,1.0668,13049161.82185297
2021-09-18,1.067,1.0953,1.057,1.0758,7033577.87736849
2021-09-19,1.0754,1.0841,1.037,1.048,7693998.41908611
2021-09-20,1.0482,1.0497,0.87495,0.92142,44428308.57119808
2021-09-21,0.92248,0.95955,0.859,0.87444,30909619.44306721
2021-09-22,0.87497,1.0098,0.86847,1.0037,24014319.91137854
2021-09-23,1.0033,1.017,0.96858,1.0023,10977210.08829525
2021-09-24,1.0019,1.0031,0.88676,0.94504,21773027.60609985
2021-09-25,0.94501,0.95845,0.91718,0.941,10426773.91244655
2021-09-26,0.94067,0.95786,0.89309,0.9454,13636649.18582403
2021-09-27,0.94428,0.98193,0.92005,0.92198,9380635.48783714
2021-09-28,0.922,0.94361,0.891,0.89355,6105983.39335764
2021-09-29,0.89356,0.9934,0.88667,0.92788,16346692.85833825
2021-09-30,0.9267,0.96438,0.92218,0.9537,5673619.77399023
2021-10-01,0.95379,1.0686,0.94447,1.0423,17963949.79116885
2021-10-02,1.0427,1.0724,1.0089,1.0362,10406276.5524363
2021-10-03,1.0359,1.0892,1.0213,1.0561,13740204.22726839
2021-10-04,1.0561,1.0602,1.0059,1.0434,11471668.07794264
2021-10-05,1.0434,1.089,1.0387,1.0851,13683313.84556328
2021-10-06,1.0847,1.1081,1.0179,1.0764,18159372.25646914
2021-10-07,1.0765,1.094,1.0435,1.0674,8667532.4196481
2021-10-08,1.0679,1.0925,1.0536,1.063,6862738.64948381
2021-10-09,1.0639,1.208,1.0564,1.1608,25802665.72285784
2021-10-10,1.1612,1.2292,1.1266,1.1354,27658262.99201824
2021-10-11,1.1356,1.1822,1.1036,1.1365,16397003.1533925
2021-10-12,1.1366,1.1366,1.0632,1.1011,18150127.92282291
2021-10-13,1.1015,1.1392,1.0751,1.1278,9490635.85123509
2021-10-14,1.1283,1.158,1.1176,1.1339,9083368.77176985
2021-10-15,1.1341,1.1655,1.0919,1.1418,16839033.58602405
2021-10-16,1.1423,1.1869,1.13,1.1344,12150558.6981624
2021-10-17,1.135,1.14,1.0171,1.0942,17467855.94653925
2021-10-18,1.0948,1.1072,1.0641,1.0832,11015359.63433512
2021-10-19,1.0833,1.1015,1.0658,1.0911,6810206.02084206
2021-10-20,1.0911,1.1531,1.0872,1.146,12539596.78091797
2021-10-21,1.1464,1.1648,1.0845,1.0885,21044492.09106141
2021-10-22,1.0887,1.1285,1.0746,1.0889,10850694.24554881
2021-10-23,1.0887,1.1013,1.0764,1.0937,3614382.24189958
2021-10-24,1.0936,1.0962,1.0483,1.0829,5619384.55403906
2021-10-25,1.0821,1.1037,1.0778,1.0955,4290475.45068518
2021-10-26,1.0959,1.1593,1.0887,1.1068,14344108.47203876
2021-10-27,1.1068,1.1239,0.94694,0.99449,25834357.97202646
2021-10-28,0.99512,1.0804,0.9808,1.0583,15818999.645667
2021-10-29,1.0584,1.0899,1.0545,1.0818,6206998.03480424
2021-10-30,1.082,1.1161,1.0616,1.0849,8348094.67761663
2021-10-31,1.0853,1.1541,1.07,1.113,18500002.14618956
2021-11-01,1.1135,1.1321,1.0702,1.0917,9187060.45224098
2021-11-02,1.0924,1.1469,1.0858,1.1353,12663047.29565523
2021-11-03,1.1358,1.235,1.127,1.21,27253184.63500906
2021-11-04,1.2106,1.2572,1.1621,1.2011,17288019.81248103
2021-11-05,1.2007,1.2014,1.133,1.1592,11816353.00130672
2021-11-06,1.1588,1.1759,1.0971,1.1516,8380142.66077392
2021-11-07,1.1512,1.2369,1.1457,1.2192,12829606.13471427
2021-11-08,1.2202,1.2963,1.2199,1.2814,21070331.76051382
2021-11-09,1.2815,1.2887,1.225,1.2577,21406745.52163082
2021-11-10,1.2577,1.3483,1.1197,1.1902,74694695.23345613
2021-11-11,1.1899,1.2523,1.1755,1.2146,18082550.87650787
2021-11-12,1.2143,1.2326,1.155,1.1886,14867221.22220111
2021-11-13,1.1884,1.2043,1.1669,1.1892,9415099.51784807
2021-11-14,1.1903,1.1992,1.1671,1.188,8115009.34991555
2021-11-15,1.188,1.22,1.1654,1.1716,14906239.99618602
2021-11-16,1.1705,1.1707,1.042,1.0876,40796720.53748323
2021-11-17,1.0876,1.1131,1.0592,1.0954,14120815.07963706
2021-11-18,1.0956,1.1616,1.017,1.0421,41566660.45200332
2021-11-19,1.0416,1.1027,1.0187,1.0912,18013316.8513325
2021-11-20,1.0908,1.1024,1.0614,1.0982,7911854.18822649
2021-11-21,1.0984,1.0989,1.057,1.0588,6956948.17434096
2021-11-22,1.0602,1.0721,1.0281,1.0371,12315675.03816648
2021-11-23,1.037,1.0727,1.0207,1.067,10648236.5449251
2021-11-24,1.067,1.0742,1.0071,1.0336,11579945.60205598
2021-11-25,1.0332,1.0657,1.0226,1.0446,11973672.57133941
2021-11-26,1.0449,1.0478,0.90404,0.94052,44385445.50278677
2021-11-27,0.94082,0.96717,0.935,0.94728,9615660.02402722
2021-11-28,0.9464,0.97,0.88268,0.96968,14838116.49684254
2021-11-29,0.96932,1.003,0.9647,0.99055,14253814.04560089
2021-11-30,0.99089,1.0301,0.97108,0.99904,13414733.55075578
2021-12-01,0.99995,1.0188,0.9799,0.9907,10533802.79178047
2021-12-02,0.9908,0.9908,0.9563,0.97317,8227193.40389009
2021-12-03,0.9725,0.98433,0.89501,0.92292,12412983.38422182
2021-12-04,0.9217,0.92478,0.57504,0.8481,91957507.55227482
2021-12-05,0.8466,0.8632,0.76975,0.80568,14896503.15393657
2021-12-06,0.80561,0.831,0.75021,0.82671,14628737.19320723
2021-12-07,0.82649,0.84634,0.80439,0.8164,10577773.20816875
2021-12-08,0.81643,0.8851,0.8042,0.86234,12995749.14727589
2021-12-09,0.86283,0.93477,0.83266,0.85951,28810461.38937811
2021-12-10,0.85871,0.88329,0.79289,0.80024,27481635.42853209
2021-12-11,0.80006,0.845,0.78571,0.83959,9799609.97110861
2021-12-12,0.83993,0.85741,0.81,0.84039,8491581.35057833
2021-12-13,0.8403,0.84495,0.76158,0.78266,20243738.9007528
2021-12-14,0.78251,0.82213,0.7728,0.81182,19750758.84244716
2021-12-15,0.81126,0.84039,0.77747,0.82675,14728441.31625153
2021-12-16,0.82701,0.83694,0.80348,0.80571,8194868.04697935
2021-12-17,0.8053,0.83394,0.77604,0.79639,11149374.78798809
2021-12-18,0.79713,0.83481,0.79124,0.82707,7079263.85825779
2021-12-19,0.82667,0.84882,0.81925,0.83478,6845268.10576262
2021-12-20,0.8351,0.91546,0.8245,0.87989,23037859.81284436
2021-12-21,0.88037,0.96129,0.8534,0.94749,21242979.52444431
2021-12-22,0.94702,0.973,0.92334,0.95451,18066789.80539726
2021-12-23,0.95458,1.0174,0.93801,0.9944,32872909.09780627
2021-12-24,0.99481,0.99736,0.89774,0.91136,27888689.9613635
2021-12-25,0.91195,0.9348,0.89895,0.92542,10467464.85532488
2021-12-26,0.92561,0.93464,0.90557,0.92076,4337411.14913431
2021-12-27,0.92048,0.9564,0.91453,0.9269,5073116.42135628
2021-12-28,0.92689,0.92689,0.84603,0.85163,9371504.50095558
2021-12-29,0.85184,0.86477,0.81103,0.8176,7568996.42787404
2021-12-30,0.8176,0.85983,0.80226,0.83921,8883398.35106135
2021-12-31,0.83882,0.85403,0.8024,0.82967,6586163.04165504
2022-01-01,0.8297,0.85617,0.8297,0.8504,4147910.63338312
2022-01-02,0.85117,0.86598,0.83738,0.85901,4252475.9323117
2022-01-03,0.85832,0.85865,0.8213,0.8321,5687554.11922531
2022-01-04,0.83242,0.84569,0.81488,0.82244,5270320.5044023
2022-01-05,0.82263,0.837,0.70852,0.77279,18778905.62824735
2022-01-06,0.77207,0.79081,0.73809,0.77939,13189596.88571266
2022-01-07,0.77911,0.78054,0.72892,0.76329,16536329.50448434
2022-01-08,0.76362,0.77686,0.72262,0.74508,8569256.32415905
2022-01-09,0.74505,0.76679,0.7383,0.75272,4802538.55986582
2022-01-10,0.75251,0.75925,0.69849,0.74023,12212862.743954
2022-01-11,0.74022,0.77658,0.73088,0.76994,9284074.31405845
2022-01-12,0.77029,0.80794,0.75733,0.79895,9072345.51262825
2022-01-13,0.79894,0.80284,0.7609,0.76814,4425128.44757837
2022-01-14,0.76837,0.7905,0.75143,0.77362,8076853.27395437
2022-01-15,0.77379,0.79061,0.76801,0.77899,3636395.01196343
2022-01-16,0.77898,0.78434,0.76825,0.77892,2713139.56645075
2022-01-17,0.77894,0.78069,0.74966,0.76225,4152199.67730764
2022-01-18,0.76183,0.76882,0.73579,0.75183,5086809.14075027
2022-01-19,0.75113,0.7537,0.72344,0.73794,4065892.7354614
2022-01-20,0.73801,0.76291,0.71591,0.72051,4499537.92876742
2022-01-21,0.71969,0.72898,0.61217,0.63757,24037652.97500815
2022-01-22,0.63707,0.65432,0.54837,0.59761,27761920.21386579
2022-01-23,0.59701,0.63593,0.59051,0.62896,8934137.50143637
2022-01-24,0.6289,0.6289,0.55344,0.61262,16691594.25274675
2022-01-25,0.6123,0.625,0.58753,0.6181,5815526.10676793
2022-01-26,0.61864,0.65867,0.60493,0.61937,8576169.64345025
2022-01-27,0.61994,0.62482,0.58986,0.60913,4743693.11803733
2022-01-28,0.6093,0.61426,0.59221,0.61189,4015769.46134349
2022-01-29,0.6114,0.62592,0.60898,0.61812,3430736.08041163
2022-01-30,0.61837,0.62373,0.59769,0.6016,3501153.35874028
2022-01-31,0.60157,0.6249,0.58033,0.61781,5733357.83688584
2022-02-01,0.61771,0.63144,0.61142,0.62892,5254950.76617931
2022-02-02,0.62892,0.63172,0.596,0.6015,3921363.97821104
2022-02-03,0.60132,0.61126,0.58932,0.61,4142407.93739269
2022-02-04,0.61103,0.65988,0.60475,0.65614,10050432.15847671
2022-02-05,0.65611,0.6875,0.65069,0.66636,8636058.62169745
2022-02-06,0.66636,0.6886,0.65921,0.68373,3818518.19909457
2022-02-07,0.68332,0.83857,0.67222,0.8323,30567408.89991566
2022-02-08,0.83253,0.91522,0.805,0.87655,43301402.66218548
2022-02-09,0.87718,0.91697,0.8444,0.8707,24483716.11022438
2022-02-10,0.87142,0.89881,0.82199,0.82569,16467685.72852213
2022-02-11,0.82657,0.83435,0.75101,0.75973,21544646.77170578
2022-02-12,0.76005,0.85284,0.74684,0.82287,14596306.443626931
2022-02-13,0.82277,0.84789,0.79291,0.8061,11697183.20213923
2022-02-14,0.80656,0.81387,0.77862,0.8014,10129241.39492292
2022-02-15,0.80178,0.8595,0.79631,0.85186,9646158.60184862
2022-02-16,0.85226,0.85358,0.80888,0.83695,10671742.50151696
2022-02-17,0.83775,0.8455,0.75361,0.7688,16620348.71226479
2022-02-18,0.7691,0.80566,0.75623,0.78565,15886495.78121157
2022-02-19,0.78454,0.85424,0.77039,0.822,19691169.01953404
2022-02-20,0.82216,0.8237,0.76515,0.77802,8324826.60122234
2022-02-21,0.77822,0.80275,0.69683,0.70234,12767129.67918892
2022-02-22,0.70324,0.7276,0.66886,0.7219,9944476.59806333
2022-02-23,0.72219,0.74495,0.69348,0.69722,9238252.41433483
2022-02-24,0.69777,0.72263,0.6231,0.697,21595693.53168161
2022-02-25,0.69732,0.78074,0.68306,0.77091,14983492.66413643
2022-02-26,0.76995,0.7968,0.74102,0.75093,15784250.14114593
2022-02-27,0.75179,0.76816,0.70415,0.72244,8033254.83645575
2022-02-28,0.72193,0.79463,0.70833,0.7822,8475016.56355024
2022-03-01,0.78219,0.80393,0.75752,0.78444,9549300.86491048
2022-03-02,0.78487,0.7853,0.75619,0.76961,5017647.96423802
2022-03-03,0.76983,0.79047,0.7342,0.75282,5441822.24483203
2022-03-04,0.75179,0.75558,0.69493,0.71314,7584673.10321126
2022-03-05,0.71314,0.76963,0.70519,0.75448,5320769.50552868
2022-03-06,0.7543,0.75983,0.72158,0.72455,5575999.41971439
2022-03-07,0.72561,0.75481,0.70356,0.72036,7639122.78311484
2022-03-08,0.72021,0.7314,0.71366,0.72153,3128691.07002815
2022-03-09,0.72146,0.7759,0.72072,0.76571,4993415.82688766
2022-03-10,0.76669,0.78,0.7229,0.73695,6826361.99851541
2022-03-11,0.7366,0.814,0.72511,0.80286,7017953.60902319
2022-03-12,0.80336,0.84941,0.77872,0.78668,9801747.33267401
2022-03-13,0.78621,0.80551,0.75108,0.76007,6034663.12936494
2022-03-14,0.76031,0.77872,0.74557,0.77564,5438300.31775376
2022-03-15,0.77576,0.77778,0.74234,0.76691,2598613.24481261
2022-03-16,0.76683,0.79509,0.75827,0.79225,4359068.87199798
2022-03-17,0.79282,0.80217,0.78355,0.79419,3058051.68171315
2022-03-18,0.79445,0.80091,0.77648,0.7968,4573575.94891613
2022-03-19,0.79696,0.827,0.7914,0.81996,4778602.36456281
2022-03-20,0.81983,0.82253,0.79522,0.80453,2274501.26308556
2022-03-21,0.80574,0.8548,0.78758,0.8376,5314931.05363732
2022-03-22,0.83729,0.86489,0.82742,0.83699,4394646.04216652
2022-03-23,0.83689,0.84608,0.81691,0.8379,3247981.84244213
2022-03-24,0.83779,0.85,0.82675,0.84305,4468342.24182682
2022-03-25,0.84305,0.8461,0.819,0.82451,4556392.23311753
2022-03-26,0.82458,0.83538,0.82098,0.83314,2239259.71688109
2022-03-27,0.83314,0.858,0.82765,0.85776,3947973.894982
2022-03-28,0.85788,0.912,0.85157,0.86453,12258504.29881606
2022-03-29,0.86303,0.88527,0.84357,0.8581,6635776.03250191
2022-03-30,0.85802,0.87199,0.84542,0.86112,3606140.96607309
2022-03-31,0.8611,0.87404,0.78101,0.8148,8728168.15681441
2022-04-01,0.81523,0.83463,0.80726,0.82831,4753835.01782627
2022-04-02,0.82827,0.84999,0.81838,0.82367,3561004.56908427
2022-04-03,0.82453,0.85186,0.81416,0.8426,2808210.10746796
2022-04-04,0.84276,0.84291,0.80404,0.82633,7526148.6247186
2022-04-05,0.82651,0.83643,0.81462,0.81656,5182213.8457174
2022-04-06,0.81656,0.81843,0.75672,0.7603,10912159.00139899
2022-04-07,0.76003,0.79138,0.75243,0.78755,4452575.94725235
2022-04-08,0.78737,0.794,0.74647,0.75562,4812678.28287442
2022-04-09,0.75538,0.76699,0.75361,0.76285,2210456.56325791
2022-04-10,0.76287,0.77358,0.75316,0.75482,2721763.89452438
2022-04-11,0.75455,0.75605,0.68113,0.69546,10380471.11456625
2022-04-12,0.69559,0.72658,0.69262,0.71496,8139848.59189931
2022-04-13,0.71539,0.72562,0.70173,0.72332,5879156.36953421
2022-04-14,0.72346,0.74174,0.70839,0.72651,4009165.84733566
2022-04-15,0.72646,0.79816,0.72646,0.78608,8514732.37994131
2022-04-16,0.78612,0.80048,0.76624,0.78121,3438938.9884195
2022-04-17,0.78121,0.78644,0.74809,0.75211,4130214.94602069
2022-04-18,0.7521,0.77056,0.72722,0.77056,6795870.29566715
2022-04-19,0.77012,0.78278,0.75921,0.77583,4389970.45121632
2022-04-20,0.77543,0.77543,0.7425,0.75199,5504992.72318866
2022-04-21,0.75182,0.76949,0.71797,0.73317,4258121.72496924
2022-04-22,0.73285,0.73894,0.7144,0.71819,4244868.49240038
2022-04-23,0.71824,0.72743,0.70253,0.7053,3405498.95035027
2022-04-24,0.70606,0.71218,0.695,0.69875,2506759.06326445
2022-04-25,0.69856,0.7002,0.646,0.69395,11075480.88487073
2022-04-26,0.69371,0.7068,0.62754,0.6428,13010971.25424907
2022-04-27,0.64254,0.6629,0.63679,0.65252,6164228.43957712
2022-04-28,0.65213,0.65779,0.63332,0.64331,4752333.61861455
2022-04-29,0.64316,0.64682,0.59847,0.6117,9275253.39242374
2022-04-30,0.61201,0.62872,0.56557,0.58514,9459637.99258067
2022-05-01,0.58478,0.6128,0.57586,0.60719,7985254.92816544
2022-05-02,0.60713,0.63178,0.59849,0.61459,7424276.54997136
2022-05-03,0.61444,0.62841,0.59616,0.60511,4951849.20258287
2022-05-04,0.60438,0.65044,0.60437,0.64597,9315350.93258743
2022-05-05,0.64624,0.65806,0.5797,0.5985,19675077.40953146
2022-05-06,0.59835,0.61655,0.58787,0.60279,12331853.63462357
2022-05-07,0.60271,0.60487,0.56948,0.58112,3567454.79745888
2022-05-08,0.58131,0.5834,0.55737,0.5666,5263338.22055035
2022-05-09,0.5668,0.57925,0.47121,0.48842,26244864.17264265
2022-05-10,0.48725,0.53725,0.47261,0.51383,16377061.3061922
2022-05-11,0.51372,0.52403,0.3653,0.41735,72849466.39981498
2022-05-12,0.41764,0.42998,0.33661,0.38587,76828573.63841318
2022-05-13,0.38591,0.46701,0.38143,0.42281,22785107.47071355
2022-05-14,0.42297,0.441,0.39542,0.42618,16634446.27459976
2022-05-15,0.42592,0.45009,0.41472,0.44774,10676633.41803703
2022-05-16,0.44779,0.44789,0.408,0.42301,18207611.63080683
2022-05-17,0.42302,0.43989,0.41679,0.43736,6955374.68822954
2022-05-18,0.4375,0.44244,0.40302,0.40476,8642161.05213848
2022-05-19,0.40505,0.42411,0.39033,0.4205,10446346.32457327
2022-05-20,0.42045,0.44084,0.40147,0.4099,10188744.4593151
2022-05-21,0.4099,0.41839,0.40266,0.4142,3879778.09332136
2022-05-22,0.4142,0.42534,0.40968,0.42204,4699405.09527288
2022-05-23,0.42156,0.42865,0.4,0.40471,6223520.12852067
2022-05-24,0.40479,0.41359,0.3902,0.4083,8789443.49891662
2022-05-25,0.4083,0.414,0.39451,0.4059,7856915.45119578
2022-05-26,0.40576,0.41071,0.37546,0.39188,17223981.29743735
2022-05-27,0.39181,0.40325,0.37597,0.38145,11729026.45939661
2022-05-28,0.38206,0.38871,0.38052,0.38649,5503075.61246805
2022-05-29,0.38629,0.39053,0.37923,0.38911,6048606.40498277
2022-05-30,0.38912,0.41974,0.38664,0.41867,8910456.59013951
2022-05-31,0.4186,0.43441,0.40638,0.42144,7591913.35363101
2022-06-01,0.42183,0.42651,0.38878,0.3982,9451102.97682386
2022-06-02,0.3982,0.40722,0.39097,0.40545,8105019.25317895
2022-06-03,0.40558,0.41094,0.38425,0.39045,7577552.90569014
2022-06-04,0.39047,0.39482,0.38443,0.39239,3979302.2228007
2022-06-05,0.39239,0.39952,0.38944,0.39552,7255815.63117205
2022-06-06,0.39534,0.40932,0.39408,0.4028,9494611.64764067
2022-06-07,0.40276,0.41775,0.38434,0.40767,13577247.81871858
2022-06-08,0.40787,0.41048,0.3948,0.40063,5431794.29802269
2022-06-09,0.40092,0.40432,0.39658,0.40023,1915988.13474073
2022-06-10,0.40019,0.41197,0.376,0.38127,15684118.47187959
2022-06-11,0.38156,0.38865,0.35574,0.35997,11927697.87189001
2022-06-12,0.36013,0.36567,0.34,0.34376,17365940.45324692
2022-06-13,0.34379,0.35097,0.30031,0.3119,41118124.31061493
2022-06-14,0.31141,0.32671,0.29338,0.3215,16865654.95659791
2022-06-15,0.32133,0.347,0.29821,0.3437,22035567.65525368
2022-06-16,0.34385,0.34766,0.30725,0.31307,10644502.16151125
2022-06-17,0.31318,0.33991,0.31055,0.32044,18025728.5453116
2022-06-18,0.32047,0.3256,0.287,0.30742,15471524.07730463
2022-06-19,0.3075,0.33299,0.29808,0.32586,6745100.85683843
2022-06-20,0.32581,0.32879,0.31346,0.32255,13305240.90543038
2022-06-21,0.32235,0.3372,0.31821,0.3287,4329852.42747672
2022-06-22,0.32875,0.32921,0.31853,0.32139,3312792.00390155
2022-06-23,0.32248,0.33638,0.32074,0.3351,2990414.89634751
2022-06-24,0.33537,0.38649,0.33453,0.36674,16990646.82549484
2022-06-25,0.36705,0.37406,0.35398,0.3673,4037774.8348585
2022-06-26,0.36666,0.3752,0.35765,0.35951,3907615.87038438
2022-06-27,0.35925,0.36735,0.34778,0.35348,9274919.8115749
2022-06-28,0.35355,0.3557,0.3349,0.33734,5481206.88936987
2022-06-29,0.33727,0.34152,0.32004,0.32947,4124541.09144369
2022-06-30,0.32922,0.3331,0.30591,0.33182,11942214.3214639
2022-07-01,0.33175,0.33625,0.30972,0.31415,7799493.37437417
2022-07-02,0.31419,0.31818,0.30915,0.31514,3355882.51163187
2022-07-03,0.31536,0.3256,0.30816,0.32124,5587286.79161146
2022-07-04,0.3215,0.32998,0.31451,0.32809,4008676.67365337
2022-07-05,0.32818,0.33088,0.31218,0.325,4018463.01123693
2022-07-06,0.32494,0.3339,0.31968,0.33206,2995337.02294905
2022-07-07,0.33226,0.34501,0.32663,0.3419,4679587.38020835
2022-07-08,0.34189,0.35879,0.3356,0.34031,12866067.09830858
2022-07-09,0.34009,0.34769,0.33901,0.34478,2472063.54406255
2022-07-10,0.34478,0.34501,0.31919,0.32548,5807639.53112128
2022-07-11,0.3254,0.32933,0.31037,0.31526,7435240.16353333
2022-07-12,0.31472,0.31786,0.30739,0.31141,4971506.94662184
2022-07-13,0.31141,0.32595,0.30201,0.32354,11121476.94563061
2022-07-14,0.32344,0.33375,0.31241,0.33334,3637305.86487133
2022-07-15,0.33369,0.34892,0.32742,0.33411,5493395.70247124
2022-07-16,0.33443,0.35626,0.33125,0.35063,6001985.30499244
2022-07-17,0.35071,0.36159,0.341,0.34323,4768970.18407635
2022-07-18,0.3432,0.37,0.34275,0.36531,7212278.83325332
2022-07-19,0.36527,0.37675,0.35144,0.37278,4518769.55304037
2022-07-20,0.37277,0.38163,0.3573,0.36291,4317988.61175182
2022-07-21,0.36311,0.36855,0.34872,0.36706,3674312.23222616
2022-07-22,0.36673,0.37163,0.35408,0.35772,4824424.45819897
2022-07-23,0.35806,0.36275,0.34952,0.3592,4141212.18782163
2022-07-24,0.35905,0.3668,0.3558,0.3585,2609498.34846355
2022-07-25,0.35849,0.36003,0.335,0.33567,9327211.64973022
2022-07-26,0.33598,0.33872,0.32523,0.33726,3382620.07221297
2022-07-27,0.33723,0.3597,0.33034,0.35929,4962334.9008998
2022-07-28,0.35929,0.37931,0.34902,0.37381,5252057.87790971
2022-07-29,0.37385,0.38016,0.35983,0.36794,7812501.58849693
2022-07-30,0.36795,0.41,0.36295,0.38796,19624145.5409415
2022-07-31,0.38783,0.39905,0.37805,0.37904,5379176.88211822
2022-08-01,0.37899,0.38592,0.37085,0.37921,5617003.89890681
2022-08-02,0.37918,0.39427,0.36666,0.37143,3562221.8942191
2022-08-03,0.37152,0.37747,0.3631,0.36942,2711870.74656949
2022-08-04,0.36939,0.37475,0.36404,0.37072,2159703.64703895
2022-08-05,0.37106,0.3785,0.36722,0.37631,4178449.87018647
2022-08-06,0.37625,0.37813,0.37001,0.37109,1544940.06000994
2022-08-07,0.37113,0.37705,0.36784,0.37216,926915.1548201
2022-08-08,0.37228,0.38477,0.371,0.37861,3360624.58245258
2022-08-09,0.37884,0.37995,0.3602,0.36702,2594864.70480151
2022-08-10,0.36702,0.38155,0.3584,0.38149,5769603.66310477
2022-08-11,0.38123,0.38592,0.377,0.38011,2754187.99177613
2022-08-12,0.38009,0.3803,0.37,0.37959,2112737.02555114
2022-08-13,0.3798,0.38793,0.3762,0.37795,2580505.36344284
2022-08-14,0.37777,0.3921,0.3738,0.37511,2998740.49048251
2022-08-15,0.3755,0.385,0.3658,0.37508,3465168.0040640202
2022-08-16,0.3752,0.37848,0.3666,0.37683,2685658.5865531
2022-08-17,0.37728,0.39265,0.36728,0.37956,5634896.79460883
2022-08-18,0.37968,0.3815,0.3692,0.37033,2433612.62432223
2022-08-19,0.37018,0.3704,0.32881,0.3345,11597145.26817194
2022-08-20,0.33442,0.34287,0.33197,0.33678,4195034.65021245
2022-08-21,0.33677,0.3485,0.33551,0.34452,3559161.58114399
2022-08-22,0.34461,0.3452,0.3314,0.34411,3320047.57303764
2022-08-23,0.34406,0.34803,0.33257,0.34713,3227486.73677031
2022-08-24,0.34731,0.35262,0.33878,0.3455,3890582.82769588
2022-08-25,0.34582,0.3521,0.3437,0.3491,3002015.9901229
2022-08-26,0.34907,0.37114,0.33256,0.33957,8284111.88643664
2022-08-27,0.33937,0.3454,0.32812,0.33467,3278388.98705526
2022-08-28,0.33501,0.33761,0.32132,0.32277,2054156.02337803
2022-08-29,0.32267,0.33439,0.31879,0.33417,4258861.15764615
2022-08-30,0.3339,0.33596,0.3201,0.32689,2859383.02095079
2022-08-31,0.32689,0.33407,0.32313,0.32788,2658416.74180848
2022-09-01,0.32769,0.33362,0.32161,0.33347,2975247.77164857
2022-09-02,0.3335,0.33537,0.32535,0.3317,4303385.90233437
2022-09-03,0.3317,0.33584,0.32642,0.3297,2545178.36185107
2022-09-04,0.32966,0.33278,0.32742,0.33179,1261761.77567592
2022-09-05,0.33189,0.33383,0.32243,0.33295,3338152.09860742
2022-09-06,0.333,0.34307,0.31797,0.32106,7315856.62097544
2022-09-07,0.32122,0.3385,0.31259,0.33696,3595524.48161233
2022-09-08,0.33705,0.34362,0.32821,0.33943,4093305.10527837
2022-09-09,0.33936,0.35999,0.33936,0.35702,6585665.41425556
2022-09-10,0.35709,0.36216,0.35144,0.35758,2641680.52841262
2022-09-11,0.35779,0.36051,0.34838,0.35519,1558599.15277388
2022-09-12,0.35505,0.36012,0.34755,0.36,2351509.22115942
2022-09-13,0.35985,0.36032,0.33076,0.33269,4983200.55827023
2022-09-14,0.3325,0.3442,0.33134,0.34208,4174698.10495644
2022-09-15,0.34159,0.34287,0.32438,0.32662,3464902.56372169
2022-09-16,0.32631,0.3584,0.32187,0.3555,6390925.32846905
2022-09-17,0.35531,0.38121,0.34643,0.37629,5809701.42040733
2022-09-18,0.37647,0.39796,0.3556,0.35767,20026086.60971258
2022-09-19,0.35768,0.3934,0.34008,0.38482,13460942.61787999
2022-09-20,0.38506,0.42423,0.37101,0.41388,14067985.78843931
2022-09-21,0.41456,0.43361,0.38375,0.39346,23028322.76431176
2022-09-22,0.39353,0.50064,0.39353,0.48616,23393366.38134707
2022-09-23,0.48616,0.5597,0.45683,0.50693,35156671.64918694
2022-09-24,0.50782,0.51974,0.472,0.48807,17710773.76362861
2022-09-25,0.48795,0.52179,0.47562,0.49212,13329109.27514676
2022-09-26,0.49246,0.50245,0.4579,0.46847,12267035.12524818
2022-09-27,0.46853,0.48794,0.4353,0.44565,15502633.54003057
2022-09-28,0.44603,0.45579,0.41706,0.44913,10582879.81636317
2022-09-29,0.44909,0.50899,0.4269,0.48719,15558602.31705193
2022-09-30,0.48752,0.49905,0.46885,0.48021,12323485.11545375
2022-10-01,0.48,0.48673,0.46688,0.47548,6332969.20543872
2022-10-02,0.47521,0.47876,0.44337,0.44868,10292096.650549
2022-10-03,0.4487,0.46944,0.43791,0.46239,10869657.90680589
2022-10-04,0.46214,0.48556,0.4514,0.47947,7646407.60452923
2022-10-05,0.47936,0.50184,0.47194,0.48922,9960176.00697107
2022-10-06,0.48868,0.50593,0.48855,0.49366,7716727.00178866
2022-10-07,0.4932,0.53392,0.48195,0.51797,16170141.31575465
2022-10-08,0.51794,0.5293,0.51141,0.51725,5807971.70412532
2022-10-09,0.51707,0.54857,0.50595,0.53233,7891601.66699777
2022-10-10,0.53259,0.5377,0.49314,0.49399,8303565.17918183
2022-10-11,0.49366,0.50224,0.477,0.48604,7385457.69523953
2022-10-12,0.48608,0.496,0.4818,0.48835,3038278.7124434
2022-10-13,0.4881,0.48968,0.44035,0.47916,16156150.59326315
2022-10-14,0.47906,0.5124,0.47822,0.4886,13739702.54525367
2022-10-15,0.48852,0.49024,0.47755,0.48183,4851359.07706236
2022-10-16,0.4819,0.48739,0.46816,0.47665,5801753.83148319
2022-10-17,0.47679,0.48237,0.46261,0.48051,5144041.6325895
2022-10-18,0.48044,0.48443,0.45743,0.46583,4480812.41804567
2022-10-19,0.46595,0.4667,0.44717,0.45073,9360030.84729504
2022-10-20,0.45065,0.46491,0.4225,0.44684,15835363.80317405
2022-10-21,0.44694,0.46213,0.43525,0.46158,12367905.7373546
2022-10-22,0.46156,0.47132,0.45611,0.46572,8805085.60432415
2022-10-23,0.4658,0.473,0.45214,0.46938,9326511.07856559
2022-10-24,0.46939,0.47351,0.44745,0.45344,7027679.81724944
2022-10-25,0.45326,0.47332,0.44373,0.46116,11365379.37480462
2022-10-26,0.46119,0.47167,0.45688,0.46926,7670711.35099754
2022-10-27,0.46917,0.48287,0.4591,0.46198,15771218.28827101
2022-10-28,0.46174,0.47598,0.45677,0.47467,4907557.91857011
2022-10-29,0.47509,0.48438,0.46623,0.47094,7665274.73341673
2022-10-30,0.47076,0.47359,0.45415,0.45856,8657339.65300132
2022-10-31,0.45856,0.46784,0.44812,0.46447,6781817.16856443
2022-11-01,0.46476,0.46727,0.45448,0.46382,4759140.16690293
2022-11-02,0.46394,0.46631,0.44529,0.45032,10401447.36674854
2022-11-03,0.45021,0.46,0.44906,0.4554,7890174.16318046
2022-11-04,0.45521,0.508,0.45369,0.5069,18159464.07259919
2022-11-05,0.50657,0.51,0.48979,0.49349,11121224.34286716
2022-11-06,0.49335,0.49506,0.46884,0.47153,8852019.62723498
2022-11-07,0.47151,0.48032,0.4587,0.46534,9016785.04837426
2022-11-08,0.46523,0.46749,0.33455,0.40641,39971776.51018517
2022-11-09,0.40584,0.4109,0.31451,0.33296,30332093.40210021
2022-11-10,0.33296,0.40249,0.33033,0.39432,25833235.79209055
2022-11-11,0.39432,0.39874,0.36666,0.38466,29029979.40836331
2022-11-12,0.38451,0.38451,0.35989,0.36384,13814533.79779729
2022-11-13,0.36369,0.36984,0.33314,0.3411,17648773.8170765
2022-11-14,0.34085,0.37988,0.32144,0.37785,32116532.99030987
2022-11-15,0.37785,0.3975,0.36719,0.38845,20935413.21570529
2022-11-16,0.38839,0.39131,0.36139,0.37522,11209762.12404137
2022-11-17,0.3751,0.38728,0.36883,0.38155,16393736.82088154
2022-11-18,0.38153,0.38725,0.37404,0.3828,9672677.85073182
2022-11-19,0.38279,0.38828,0.37513,0.38434,11591152.26878609
2022-11-20,0.38411,0.39637,0.35893,0.36103,26200206.75938437
2022-11-21,0.36095,0.3683,0.3457,0.36414,23129053.7746024
2022-11-22,0.36415,0.3783,0.35094,0.37554,16233500.26536598
2022-11-23,0.37542,0.38226,0.3681,0.38159,13363920.05478307
2022-11-24,0.38168,0.405,0.37408,0.40207,25790231.18701167
2022-11-25,0.40199,0.41923,0.38935,0.4078,27017727.89288062
2022-11-26,0.40777,0.41414,0.39314,0.39619,14940635.70458858
2022-11-27,0.39614,0.40994,0.3944,0.3965,14663754.48727412
2022-11-28,0.39639,0.39929,0.37306,0.38886,21830983.98509645
2022-11-29,0.38884,0.40385,0.383,0.39841,14667339.43486695
2022-11-30,0.3984,0.412,0.39291,0.40827,12590859.87889831
2022-12-01,0.4082,0.40945,0.39466,0.39712,7893090.26469973
2022-12-02,0.39695,0.39764,0.38375,0.39579,10713544.57623609
2022-12-03,0.39585,0.39699,0.38568,0.38746,14357692.47998098
2022-12-04,0.38728,0.39353,0.38623,0.38992,8836642.0714278
2022-12-05,0.38989,0.39554,0.38,0.38969,8607527.12787681
2022-12-06,0.38937,0.39257,0.38081,0.3914,13019449.09073971
2022-12-07,0.39136,0.39256,0.37354,0.3834,16405380.47809664
2022-12-08,0.38354,0.3967,0.3828,0.39464,15965807.33640594
2022-12-09,0.39461,0.39558,0.385,0.38897,13470302.5092688
2022-12-10,0.38908,0.38949,0.3856,0.38675,4891271.9149378
2022-12-11,0.38667,0.38883,0.37849,0.38119,8915806.57987598
2022-12-12,0.38112,0.39,0.37082,0.38756,12950767.82010102
2022-12-13,0.38795,0.39739,0.3789,0.39561,14933378.37067651
2022-12-14,0.39547,0.39558,0.37711,0.38532,10581783.80944989
2022-12-15,0.3853,0.38691,0.37405,0.37857,12595833.12806397
2022-12-16,0.37851,0.3805,0.3444,0.35139,23103789.32579225
2022-12-17,0.35138,0.35749,0.34699,0.35488,15056856.47573228
2022-12-18,0.35504,0.35598,0.34757,0.35032,12496631.61305338
2022-12-19,0.35039,0.35348,0.33206,0.33915,27846236.8752488
2022-12-20,0.33922,0.35353,0.33606,0.34861,18843854.30457745
2022-12-21,0.34843,0.35071,0.33731,0.34533,12927862.63065393
2022-12-22,0.34515,0.35067,0.34167,0.34988,9750457.46835079
2022-12-23,0.34988,0.35568,0.3475,0.35505,6981072.98091299
2022-12-24,0.35503,0.35503,0.35142,0.35241,4049835.43553255
2022-12-25,0.35238,0.35246,0.34427,0.34619,4025964.37820084
2022-12-26,0.34618,0.37041,0.34597,0.36658,11655078.62602233
2022-12-27,0.3664,0.3735,0.3589,0.36798,15589032.47284705
2022-12-28,0.36798,0.36903,0.35506,0.35626,8695847.08029714
2022-12-29,0.35613,0.3582,0.33694,0.34258,10639185.60427907
2022-12-30,0.34254,0.34624,0.33399,0.34546,9127153.15124682
2022-12-31,0.34539,0.34558,0.33927,0.33949,4434936.52218991
2023-01-01,0.3396,0.34041,0.33571,0.33926,3297368.60289735
2023-01-02,0.33923,0.3559,0.29828,0.3488,43073768.78868227
2023-01-03,0.34857,0.35256,0.34073,0.34406,17658744.56347684
2023-01-04,0.34395,0.35276,0.34231,0.34759,23224713.7556679
2023-01-05,0.34759,0.34899,0.334,0.33826,9775319.67503117
2023-01-06,0.33825,0.34619,0.3312,0.34477,12438750.27707643
2023-01-07,0.34475,0.34598,0.34162,0.34462,5087778.13769854
2023-01-08,0.34474,0.34731,0.33656,0.34544,11397199.47768157
2023-01-09,0.34546,0.3579,0.34396,0.34905,28535454.7176534
2023-01-10,0.34909,0.35429,0.3433,0.35098,7835583.98867353
2023-01-11,0.3509,0.37808,0.34787,0.37298,28668397.29577793
2023-01-12,0.37328,0.38121,0.36005,0.37487,18768341.27246655
2023-01-13,0.37487,0.3868,0.3678,0.38576,10544503.11584659
2023-01-14,0.38576,0.40903,0.37685,0.39536,56889572.58018698
2023-01-15,0.3954,0.39727,0.37998,0.38473,16273363.6632861
2023-01-16,0.38469,0.40656,0.3772,0.38602,22749311.83427941
2023-01-17,0.38587,0.3989,0.3788,0.387,10923600.73296693
2023-01-18,0.38704,0.39612,0.36545,0.37899,12933529.84811507
2023-01-19,0.37781,0.39649,0.37638,0.39322,6483615.88402537
2023-01-20,0.39276,0.41423,0.38586,0.4129,4136100.03563306
2023-01-21,0.4127,0.41639,0.397,0.40309,5484320.84120449
2023-01-22,0.40286,0.41229,0.39628,0.40051,3305930.72194061
2023-01-23,0.4005,0.43315,0.39973,0.42355,9481901.87199993
2023-01-24,0.4235,0.43142,0.4022,0.40772,5932576.40428007
2023-01-25,0.40752,0.4246,0.3967,0.41708,4537717.73121377
2023-01-26,0.41711,0.41782,0.40528,0.40939,4354147.02040727
2023-01-27,0.40934,0.41342,0.3985,0.41276,2399156.31201541
2023-01-28,0.4124,0.41691,0.40533,0.40788,1749599.21397041
2023-01-29,0.40766,0.41756,0.40677,0.41335,2834179.06064554
2023-01-30,0.41329,0.42206,0.38584,0.39336,6755230.0717113
2023-01-31,0.39337,0.4115,0.3881,0.40585,5043446.16342289
2023-02-01,0.40581,0.41563,0.39666,0.41311,4755166.82538577
2023-02-02,0.4131,0.41927,0.40799,0.40976,3999142.28052753
2023-02-03,0.41005,0.41345,0.40522,0.41165,2510644.78867014
2023-02-04,0.41165,0.42037,0.40746,0.41038,2420715.73534617
2023-02-05,0.4105,0.41199,0.395,0.39849,4400336.15330422
2023-02-06,0.39851,0.40354,0.39081,0.39206,3103011.45067118
2023-02-07,0.39192,0.40468,0.39,0.4038,2833719.9107022
2023-02-08,0.40362,0.40601,0.3938,0.39777,1885015.75639793
2023-02-09,0.39762,0.40886,0.3721,0.38187,7728395.55825482
2023-02-10,0.38151,0.38762,0.37692,0.3821,2690887.27129506
2023-02-11,0.38198,0.38426,0.37971,0.38354,1082340.88864799
2023-02-12,0.38345,0.38511,0.3721,0.37517,1395861.51519029
2023-02-13,0.37489,0.37848,0.36123,0.37031,3837547.24271477
2023-02-14,0.37032,0.38374,0.36453,0.38205,2860031.60360973
2023-02-15,0.38196,0.40234,0.3768,0.40135,3127532.94288983
2023-02-16,0.40093,0.40459,0.38424,0.38424,2878792.51319756
2023-02-17,0.38424,0.39994,0.38121,0.39491,2914659.37810558
2023-02-18,0.39511,0.39752,0.39137,0.39437,1295518.0860815
2023-02-19,0.39431,0.39821,0.38486,0.38635,2332376.06298542
2023-02-20,0.38629,0.409,0.37731,0.39827,6204467.38771983
2023-02-21,0.39799,0.40246,0.38726,0.39199,4726363.33786166
2023-02-22,0.39186,0.39755,0.38301,0.39524,5280879.56177299
2023-02-23,0.3955,0.39802,0.38581,0.38874,4639168.75023195
2023-02-24,0.38874,0.39073,0.37254,0.37848,3901728.19710698
2023-02-25,0.3782,0.37944,0.36904,0.37829,2210653.3088595
2023-02-26,0.37803,0.38082,0.37475,0.37797,1291621.10357629
2023-02-27,0.37775,0.38024,0.37097,0.37869,2664628.42777773
2023-02-28,0.3786,0.38272,0.3721,0.37642,2404605.8734942
2023-03-01,0.37641,0.38476,0.37281,0.38395,2987416.721805
2023-03-02,0.3838,0.38469,0.3739,0.37735,2127756.43462399
2023-03-03,0.37756,0.38075,0.35188,0.37714,6130625.2710621
2023-03-04,0.3769,0.37984,0.3681,0.37359,1825097.44638715
2023-03-05,0.37328,0.37757,0.36537,0.3668,1741375.97276402
2023-03-06,0.3666,0.374,0.35902,0.36948,2144097.11863432
2023-03-07,0.36947,0.38442,0.36704,0.38024,4138834.06383661
2023-03-08,0.38021,0.40207,0.37261,0.38915,9123779.06655542
2023-03-09,0.38885,0.39768,0.36425,0.371,9080617.1917957
2023-03-10,0.37094,0.3751,0.3572,0.3706,8670815.18663181
2023-03-11,0.37057,0.37577,0.35962,0.36504,9259069.31278245
2023-03-12,0.36504,0.37312,0.34885,0.37286,6002499.67337533
2023-03-13,0.37285,0.38129,0.35684,0.37342,8203004.75115824
2023-03-14,0.37337,0.38833,0.366,0.37354,8924622.09638638
2023-03-15,0.37331,0.37651,0.3566,0.35976,3825038.27807587
2023-03-16,0.35974,0.3676,0.35689,0.36559,1979769.48276645
2023-03-17,0.36557,0.38257,0.3629,0.37965,6948089.92181815
2023-03-18,0.37949,0.38938,0.36905,0.37395,4373806.96986291
2023-03-19,0.37396,0.40016,0.37377,0.38566,7175157.0179255
2023-03-20,0.38566,0.39121,0.3711,0.37344,4179207.69557772
2023-03-21,0.37323,0.49269,0.37302,0.46943,15957325.71727059
2023-03-22,0.46953,0.47517,0.40857,0.42105,13678867.31986934
2023-03-23,0.42133,0.45549,0.41158,0.4443,7440502.56009588
2023-03-24,0.44414,0.44414,0.4141,0.42589,5693381.50443914
2023-03-25,0.42615,0.46502,0.4224,0.44307,8986861.03990773
2023-03-26,0.4428,0.46352,0.44079,0.44792,4191804.49989804
2023-03-27,0.44792,0.48834,0.44256,0.47894,10208920.93042723
2023-03-28,0.47887,0.5337,0.46659,0.51444,14186006.36215392
2023-03-29,0.51443,0.585,0.51443,0.54233,14929367.64441578
2023-03-30,0.54224,0.5575,0.521,0.53178,9605099.59106986
2023-03-31,0.53152,0.55119,0.52532,0.53772,7698047.6921437
2023-04-01,0.53739,0.53739,0.497,0.50931,10743357.68546844
2023-04-02,0.50944,0.52911,0.50144,0.51784,5028396.8486286
2023-04-03,0.51783,0.52487,0.48167,0.4959,6280017.41404355
2023-04-04,0.49587,0.50765,0.48713,0.50276,4211234.27651272
2023-04-05,0.50272,0.52677,0.49835,0.50546,5843812.5624949
2023-04-06,0.50539,0.50963,0.49128,0.50265,3301228.65104231
2023-04-07,0.50225,0.51494,0.49702,0.51306,3857437.06262461
2023-04-08,0.51232,0.51278,0.5014,0.50438,1484619.66349115
2023-04-09,0.50393,0.50873,0.49769,0.50524,1433967.6578499
2023-04-10,0.50481,0.51955,0.49963,0.51783,2782603.45237774
2023-04-11,0.51729,0.52807,0.51065,0.51684,4446540.22425279
2023-04-12,0.51644,0.51736,0.49833,0.50493,2576751.92369683
2023-04-13,0.50489,0.51568,0.5014,0.51262,2416408.65714505
2023-04-14,0.51208,0.54626,0.51136,0.52308,10710107.89859268
2023-04-15,0.5227,0.52591,0.51625,0.51935,2189130.29280682
2023-04-16,0.51903,0.52431,0.51517,0.52044,1405929.08751141
2023-04-17,0.52044,0.5207,0.50687,0.51087,4589528.26400783
2023-04-18,0.51102,0.53909,0.5092,0.53277,6024160.7584417
2023-04-19,0.53276,0.53761,0.47111,0.49149,14761915.18274435
2023-04-20,0.49156,0.49926,0.4653,0.47524,6135354.74611846
2023-04-21,0.47501,0.47944,0.44073,0.44935,6827101.48508206
2023-04-22,0.44943,0.47608,0.4459,0.47238,4344670.28324759
2023-04-23,0.47214,0.47221,0.45294,0.46517,3060139.16155306
2023-04-24,0.46548,0.48597,0.44742,0.46114,6166126.66969844
2023-04-25,0.46105,0.47233,0.45102,0.4702,3835040.91773862
2023-04-26,0.46972,0.48327,0.4333,0.46209,7235936.36726279
2023-04-27,0.46165,0.47001,0.4557,0.46682,3353705.07189243
2023-04-28,0.46692,0.483,0.46378,0.48005,4715242.75757028
2023-04-29,0.47997,0.4873,0.4711,0.47834,2233272.05482285
2023-04-30,0.47822,0.48221,0.46912,0.47071,1646342.72894152
2023-05-01,0.47108,0.47283,0.4546,0.46537,3024126.3279419
2023-05-02,0.46528,0.46664,0.45787,0.46475,2496916.74675491
2023-05-03,0.46455,0.46572,0.44995,0.46374,3388029.87672671
2023-05-04,0.46362,0.46525,0.45517,0.46133,1788822.09704695
2023-05-05,0.46113,0.47077,0.45401,0.46742,3132438.92826902
2023-05-06,0.46769,0.46972,0.4517,0.45929,2227233.88063121
2023-05-07,0.45966,0.46094,0.44622,0.44997,1751718.93020664
2023-05-08,0.44936,0.45203,0.41031,0.42885,8658556.61293047
2023-05-09,0.42884,0.43096,0.42077,0.42909,2924513.9504627
2023-05-10,0.42905,0.4343,0.41271,0.43051,5495532.05490015
2023-05-11,0.43046,0.43046,0.41184,0.42133,3248708.96487216
2023-05-12,0.4214,0.44466,0.4162,0.43075,5164345.39912028
2023-05-13,0.43071,0.43092,0.4231,0.42452,1405231.13940297
2023-05-14,0.42435,0.43206,0.4212,0.42567,1300693.30308466
2023-05-15,0.42589,0.43053,0.4216,0.42787,1991145.52401869
2023-05-16,0.4276,0.443,0.41829,0.44286,4158091.58144796
2023-05-17,0.44298,0.46179,0.43816,0.44877,8147833.74879709
2023-05-18,0.44921,0.4732,0.44345,0.46013,6137675.04213981
2023-05-19,0.46025,0.476,0.45787,0.46817,4157595.5705873
2023-05-20,0.46846,0.47241,0.4623,0.46889,1794184.45143174
2023-05-21,0.46895,0.47094,0.4552,0.45746,2751684.58330533
2023-05-22,0.4575,0.46814,0.45,0.462,5439573.18810831
2023-05-23,0.46224,0.46759,0.4589,0.46555,3207923.87599136
2023-05-24,0.46548,0.46553,0.44535,0.45323,3680839.62729402
2023-05-25,0.45333,0.45593,0.44345,0.45424,2156206.23057246
2023-05-26,0.45394,0.47048,0.45301,0.46908,3611382.15056336
2023-05-27,0.4689,0.4798,0.46492,0.47207,2706559.08048089
2023-05-28,0.47229,0.4868,0.47054,0.4826,1953685.41568411
2023-05-29,0.48301,0.4959,0.47631,0.49513,4093649.29478593
2023-05-30,0.49508,0.52981,0.48976,0.52124,12458347.33071918
2023-05-31,0.52124,0.52811,0.50103,0.51732,7731862.28807453
2023-06-01,0.51701,0.51701,0.50169,0.50683,2762700.94837919
2023-06-02,0.50736,0.52746,0.50387,0.5254,4249104.80459237
2023-06-03,0.52393,0.53441,0.5143,0.51908,2240148.69595916
2023-06-04,0.51882,0.547,0.51511,0.53629,4170194.23955706
2023-06-05,0.53608,0.54315,0.48601,0.50918,13612616.711504979
2023-06-06,0.50917,0.5328,0.49597,0.53016,5479227.78348637
2023-06-07,0.53009,0.53807,0.50731,0.51879,4221421.89379763
2023-06-08,0.5187,0.52836,0.51619,0.52438,3598399.79659554
2023-06-09,0.52464,0.54225,0.52069,0.53855,4192369.75144046
2023-06-10,0.5382,0.53956,0.47152,0.50725,15060464.05181779
2023-06-11,0.50717,0.52982,0.5031,0.52165,2424277.10083331
2023-06-12,0.52105,0.52851,0.50915,0.5256,2510795.75083475
2023-06-13,0.5261,0.5662,0.5058,0.51999,12297765.73705268
2023-06-14,0.5198,0.52076,0.46141,0.48064,5968766.0852392
2023-06-15,0.48034,0.48567,0.46727,0.48042,3667330.71596631
2023-06-16,0.48019,0.48349,0.456,0.47617,3799987.32186431
2023-06-17,0.47596,0.4876,0.46984,0.47971,2195853.07006523
2023-06-18,0.47975,0.49798,0.47401,0.4878,3389210.74494651
2023-06-19,0.48729,0.4985,0.4814,0.49379,2291442.90874292
2023-06-20,0.49406,0.4969,0.472,0.4932,2975590.21270553
2023-06-21,0.49337,0.50361,0.48971,0.5003,3397299.22079049
2023-06-22,0.50033,0.52756,0.48281,0.49433,5061890.65823541
2023-06-23,0.49416,0.50295,0.4847,0.49646,3019176.72849205
2023-06-24,0.49644,0.49644,0.47798,0.48733,2171837.29135791
2023-06-25,0.48674,0.49816,0.4832,0.49089,1855770.47367645
2023-06-26,0.49079,0.49232,0.47036,0.47951,1920055.67282549
2023-06-27,0.47882,0.48535,0.4763,0.48411,1050905.61064642
2023-06-28,0.48375,0.48418,0.44777,0.46533,2826040.49086807
2023-06-29,0.46475,0.47762,0.46156,0.47503,1321695.03176865
2023-06-30,0.47534,0.48294,0.4506,0.4736,4427085.50471056
2023-07-01,0.47364,0.47653,0.46437,0.47364,1848289.96629016
2023-07-02,0.47373,0.4965,0.46985,0.48459,4158027.46501572
2023-07-03,0.48516,0.49175,0.47901,0.49029,2533717.04849038
2023-07-04,0.48974,0.49388,0.48196,0.48712,1686044.70040267
2023-07-05,0.48752,0.49207,0.46915,0.47806,2463641.29120598
2023-07-06,0.47792,0.4843,0.46158,0.46284,2315853.99241854
2023-07-07,0.46279,0.4711,0.45777,0.46899,1069845.87877148
2023-07-08,0.46899,0.47506,0.4654,0.47093,1378586.76190467
2023-07-09,0.47042,0.47229,0.46675,0.46853,1097005.88910833
2023-07-10,0.46868,0.48028,0.46258,0.47838,4732208.98145514
2023-07-11,0.47837,0.47869,0.4714,0.47568,993363.69918181
2023-07-12,0.47566,0.47753,0.46489,0.47158,3021359.29361478
2023-07-13,0.47189,0.94451,0.47012,0.81703,42249471.24308703
2023-07-14,0.81613,0.82632,0.66974,0.71962,26854160.64891596
2023-07-15,0.71891,0.73682,0.6932,0.71495,15151329.7716552
2023-07-16,0.71498,0.791,0.70243,0.74761,14406969.89645753
2023-07-17,0.74786,0.76651,0.7135,0.73883,9027625.46261338
2023-07-18,0.73827,0.78467,0.7313,0.77883,7074162.57355316
2023-07-19,0.77811,0.85436,0.76848,0.82005,15484374.73543943
2023-07-20,0.82088,0.85024,0.77211,0.79518,14160724.88597801
2023-07-21,0.79486,0.7996,0.76102,0.77287,4799437.41796049
2023-07-22,0.77151,0.78092,0.721,0.7341,4261343.62262922
2023-07-23,0.73411,0.75291,0.71598,0.73905,4412007.10065386
2023-07-24,0.73884,0.7434,0.68,0.70323,5189745.62397698
2023-07-25,0.70251,0.7167,0.6751,0.70998,3005591.75667313
2023-07-26,0.70979,0.73295,0.69317,0.71766,3892172.91160674
2023-07-27,0.71715,0.73414,0.70787,0.7149,3612367.70619144
2023-07-28,0.71489,0.7199,0.70297,0.71312,1216614.58166929
2023-07-29,0.7131,0.7166,0.705,0.713,948935.37366563
2023-07-30,0.71304,0.73738,0.68447,0.70536,2828815.69728235
2023-07-31,0.70526,0.72131,0.68651,0.69865,3854222.77872029
2023-08-01,0.69856,0.70857,0.67319,0.70785,2632421.90763728
2023-08-02,0.70756,0.70857,0.67631,0.68548,2338938.94465849
2023-08-03,0.68533,0.68756,0.655,0.66305,3036747.47764823
2023-08-04,0.66305,0.66806,0.62465,0.63553,3570217.25508851
2023-08-05,0.63573,0.63574,0.61091,0.62888,4892273.2677237
2023-08-06,0.629,0.63895,0.62141,0.62389,1593598.91328034
2023-08-07,0.62427,0.6298,0.59623,0.62392,3307268.20296154
2023-08-08,0.6237,0.64845,0.61434,0.64319,4041467.74748472
2023-08-09,0.64181,0.66659,0.6323,0.64381,4940953.18305746
2023-08-10,0.64369,0.6446,0.62445,0.63309,2660571.9136369
2023-08-11,0.63277,0.64064,0.62588,0.63197,1052481.12439108
2023-08-12,0.63196,0.63323,0.62299,0.62778,1309532.42887048
2023-08-13,0.62771,0.6386,0.62387,0.62596,2003798.44739192
2023-08-14,0.62594,0.63682,0.62452,0.63455,1053903.60392516
2023-08-15,0.63453,0.63482,0.58007,0.6103,3191452.14134161
2023-08-16,0.60987,0.61674,0.5732,0.58852,8509144.3887517
2023-08-17,0.58791,0.59468,0.4201,0.50658,12766495.38907862
2023-08-18,0.50694,0.52211,0.48317,0.50667,10429691.33692565
2023-08-19,0.5064,0.5248,0.50086,0.52028,3835260.76708281
2023-08-20,0.52003,0.55781,0.51617,0.53916,5105323.24375528
2023-08-21,0.53881,0.54018,0.50338,0.52534,4369045.54493543
2023-08-22,0.52503,0.52583,0.50078,0.52091,5060393.37957897
2023-08-23,0.52068,0.5369,0.51611,0.53041,2518904.57703939
2023-08-24,0.53042,0.53232,0.5117,0.5192,1582962.65896995
2023-08-25,0.51876,0.5325,0.50831,0.52633,2354712.0505261202
2023-08-26,0.52642,0.5288,0.5185,0.52371,878450.82910565
2023-08-27,0.52367,0.53071,0.51725,0.5246,1499896.39368171
2023-08-28,0.52413,0.52505,0.51073,0.52361,1633361.52571386
2023-08-29,0.52367,0.55017,0.51338,0.54022,3305687.25588679
2023-08-30,0.54067,0.54085,0.52206,0.52894,1924280.93713165
2023-08-31,0.52852,0.5291,0.4968,0.51156,2829740.58981976
2023-09-01,0.5113,0.51222,0.48635,0.49804,2735691.68073672
2023-09-02,0.49805,0.50294,0.49441,0.49903,1130139.50829298
2023-09-03,0.49862,0.51112,0.4972,0.50499,3624108.4072729102
2023-09-04,0.50498,0.51299,0.49652,0.50846,1608789.64979604
2023-09-05,0.5084,0.5084,0.49921,0.50567,951022.4173513
2023-09-06,0.50517,0.50596,0.49163,0.50402,1523885.0032343
2023-09-07,0.50362,0.50707,0.49692,0.50525,943480.98751051
2023-09-08,0.50531,0.50784,0.49398,0.50513,1119152.48192263
2023-09-09,0.50465,0.50476,0.50152,0.50395,439814.62425268
2023-09-10,0.50419,0.5042,0.4927,0.49705,1292236.64070036
2023-09-11,0.49739,0.49807,0.4593,0.4746,4170319.01175056
2023-09-12,0.47467,0.4879,0.47046,0.48062,2773839.22358655
2023-09-13,0.48073,0.49159,0.47323,0.48353,2980644.61924006
2023-09-14,0.48352,0.49436,0.48023,0.48961,1767518.62526663
2023-09-15,0.48962,0.5087,0.4879,0.50092,2248450.57188695
2023-09-16,0.50078,0.50384,0.49728,0.49981,860876.453327
2023-09-17,0.50002,0.50077,0.4898,0.49307,1047113.96755495
2023-09-18,0.49291,0.5086,0.4875,0.50363,2407641.58008617
2023-09-19,0.50319,0.5171,0.50113,0.51445,2146532.42352334
2023-09-20,0.51467,0.52578,0.5073,0.52135,2709196.90154267
2023-09-21,0.52141,0.52141,0.50101,0.50751,1899207.95131179
2023-09-22,0.50745,0.51774,0.50473,0.51281,1257482.24762724
2023-09-23,0.51315,0.5141,0.50601,0.50849,597773.61584282
2023-09-24,0.50813,0.5123,0.4994,0.50312,781145.93773243
2023-09-25,0.50289,0.5075,0.49185,0.506,2677981.22897712
2023-09-26,0.50602,0.5081,0.49711,0.5025,1716513.95585059
2023-09-27,0.50218,0.50795,0.49735,0.49976,1934411.12389979
2023-09-28,0.49977,0.5104,0.49558,0.51039,1645167.45117866
2023-09-29,0.51037,0.55,0.50665,0.52202,7496493.18188441
2023-09-30,0.52209,0.52209,0.51401,0.51484,1433407.83521429
2023-10-01,0.51497,0.52648,0.51384,0.52432,1137096.78884576
2023-10-02,0.5248,0.52696,0.506,0.51271,2892896.12479973
2023-10-03,0.51252,0.54969,0.5054,0.53889,3986444.62349362
2023-10-04,0.53899,0.54247,0.51915,0.53304,4355965.09841353
2023-10-05,0.53302,0.53302,0.51634,0.52304,2294694.77781712
2023-10-06,0.52304,0.52962,0.5168,0.52554,1295275.68485958
2023-10-07,0.52614,0.52614,0.52001,0.52166,518564.82769877
2023-10-08,0.52179,0.52359,0.51512,0.51794,2656961.92638644
2023-10-09,0.51772,0.52013,0.48713,0.50335,3636791.59536581
2023-10-10,0.50302,0.5033,0.492,0.49692,1886923.9940744601
2023-10-11,0.49692,0.49799,0.47909,0.48922,2737073.890707
2023-10-12,0.48878,0.48878,0.4733,0.48345,2000896.51568782
2023-10-13,0.48297,0.49108,0.47908,0.48548,1471249.53792013
2023-10-14,0.48529,0.4887,0.48363,0.48692,501444.46418747
2023-10-15,0.48664,0.49059,0.48529,0.48761,575554.46037326
2023-10-16,0.48774,0.51153,0.48468,0.49799,2627568.58952885
2023-10-17,0.49814,0.49814,0.48468,0.49168,1552139.66272214
2023-10-18,0.49118,0.49272,0.4863,0.48803,1332064.61544846
2023-10-19,0.48803,0.52478,0.47658,0.52021,4252320.6583717
2023-10-20,0.52045,0.53155,0.50914,0.51589,3109105.68492537
2023-10-21,0.5154,0.53269,0.51121,0.52123,1293813.36639906
2023-10-22,0.52116,0.52413,0.51268,0.52287,1305006.65067176
2023-10-23,0.52298,0.55296,0.52067,0.5476,5263732.69181172
2023-10-24,0.54772,0.58659,0.53349,0.55929,9081006.29774041
2023-10-25,0.55933,0.56357,0.54144,0.55573,3309007.42505509
2023-10-26,0.55552,0.57044,0.5429,0.5538,3476882.53232881
2023-10-27,0.55345,0.55915,0.534,0.54355,3239516.36379684
2023-10-28,0.54346,0.55122,0.54119,0.54525,752741.32342563
2023-10-29,0.54504,0.56128,0.54116,0.55651,1273319.36444489
2023-10-30,0.55695,0.58403,0.55003,0.57841,4440897.01185515
2023-10-31,0.57826,0.6218,0.56279,0.59985,6519766.337987
2023-11-01,0.59978,0.61723,0.58085,0.6093,3895220.22846735
2023-11-02,0.60929,0.62661,0.5873,0.606,3964345.42607286
2023-11-03,0.60564,0.61594,0.5916,0.61368,2522518.97814495
2023-11-04,0.61283,0.61862,0.6093,0.61561,1058236.26012259
2023-11-05,0.61659,0.66378,0.61473,0.66142,6330233.23801542
2023-11-06,0.6619,0.733,0.6595,0.71519,8255128.32098923
2023-11-07,0.71496,0.71496,0.65032,0.68605,8800140.36798006
2023-11-08,0.68593,0.69888,0.67303,0.68729,3916119.79774758
2023-11-09,0.6871,0.70797,0.61897,0.66687,8965303.61109322
2023-11-10,0.66681,0.67097,0.63677,0.65958,4379553.54977092
2023-11-11,0.65966,0.68757,0.64045,0.66273,3552489.51998617
2023-11-12,0.66249,0.6705,0.64579,0.66137,2064207.29902468
2023-11-13,0.66092,0.75,0.6403,0.67133,10162874.41704211
2023-11-14,0.67062,0.67257,0.58977,0.6297,6386342.44747552
2023-11-15,0.62981,0.65059,0.62545,0.64793,2274248.57421258
2023-11-16,0.64834,0.65363,0.60316,0.61179,3204276.21428836
2023-11-17,0.61219,0.62459,0.5861,0.61362,2160983.30958419
2023-11-18,0.61315,0.61467,0.58955,0.61122,1272028.72769277
2023-11-19,0.61041,0.62886,0.60196,0.62591,1576696.00888064
2023-11-20,0.62615,0.6288,0.6067,0.61247,1950895.4634918
2023-11-21,0.61257,0.61772,0.57346,0.57871,4290088.54764243
2023-11-22,0.57842,0.61622,0.57813,0.61132,2693008.50522514
2023-11-23,0.61138,0.62363,0.60623,0.6207,2331784.70044615
2023-11-24,0.62072,0.62591,0.61598,0.62142,2051410.49715091
2023-11-25,0.62101,0.62351,0.61554,0.62282,1192175.89852117
2023-11-26,0.62283,0.63728,0.6066,0.61595,2564217.75308261
2023-11-27,0.61579,0.61659,0.59408,0.604,3425238.45622605
2023-11-28,0.6035,0.61365,0.59626,0.61081,2034703.93819097
2023-11-29,0.61105,0.61689,0.60368,0.60928,2081765.15230772
2023-11-30,0.60882,0.6094,0.59814,0.60628,2654281.8948525
2023-12-01,0.60589,0.61382,0.60331,0.61274,1095657.04533906
2023-12-02,0.61273,0.6225,0.6112,0.62062,1556058.84553239
2023-12-03,0.62054,0.63304,0.61664,0.62247,1674359.60099058
2023-12-04,0.62269,0.64335,0.5816,0.62397,4250372.75908727
2023-12-05,0.62358,0.6299,0.60701,0.62162,2221277.66597241
2023-12-06,0.62163,0.64414,0.611,0.64119,3637485.73643175
2023-12-07,0.64054,0.65474,0.62219,0.64352,3286437.73121622
2023-12-08,0.64473,0.67529,0.63795,0.67228,3496305.07072477
2023-12-09,0.67245,0.69989,0.65259,0.65895,6649122.23689192
2023-12-10,0.659,0.67191,0.64746,0.66214,2803973.98907513
2023-12-11,0.66239,0.66306,0.59632,0.61911,6803163.46704505
2023-12-12,0.61917,0.62651,0.60727,0.61988,2614849.31095472
2023-12-13,0.61912,0.63485,0.59449,0.62788,4048162.87606262
2023-12-14,0.62851,0.63834,0.6024,0.63294,3189267.13912361
2023-12-15,0.63224,0.64438,0.613,0.61551,2377768.64247595
2023-12-16,0.61597,0.62622,0.61102,0.62091,1004137.1444979
2023-12-17,0.62107,0.62405,0.60889,0.61073,1026389.01587875
2023-12-18,0.61072,0.61462,0.5773,0.61264,3411319.78012727
2023-12-19,0.61216,0.61686,0.59761,0.60547,2284441.69539446
2023-12-20,0.6051,0.62714,0.60147,0.61753,3244434.61027801
2023-12-21,0.61682,0.62537,0.61092,0.62453,2318405.56826334
2023-12-22,0.62478,0.6319,0.61626,0.62581,2369867.44129463
2023-12-23,0.6257,0.62572,0.61122,0.62088,957463.7840754
2023-12-24,0.6208,0.63039,0.6031,0.61325,1948679.67057733
2023-12-25,0.61315,0.64986,0.60916,0.64723,4584458.37267822
2023-12-26,0.64755,0.64755,0.598,0.62274,3757755.38669677
2023-12-27,0.62271,0.64293,0.61395,0.63485,2892083.35161838
2023-12-28,0.63473,0.65836,0.6257,0.63548,4292119.86501905
2023-12-29,0.63551,0.63689,0.61266,0.62356,3043481.8543866
2023-12-30,0.6232,0.63044,0.61652,0.62169,1476909.97401285
2023-12-31,0.62168,0.62915,0.6059,0.61551,1858962.91027395
2024-01-01,0.61584,0.63151,0.6091,0.62988,1537917.44038928
2024-01-02,0.62997,0.64,0.6219,0.62478,2913420.02721783
2024-01-03,0.62492,0.64021,0.48335,0.58218,8202246.93270614
2024-01-04,0.58217,0.59451,0.57,0.58821,2739822.73909917
2024-01-05,0.58778,0.58931,0.55282,0.57661,2411941.94558733
2024-01-06,0.57592,0.57592,0.55762,0.56825,780886.28951053
2024-01-07,0.56768,0.57335,0.54643,0.55189,1506512.18308747
2024-01-08,0.55212,0.5824,0.54488,0.57758,3848876.6163783
2024-01-09,0.57758,0.579,0.55066,0.56666,4643412.62885832
2024-01-10,0.56667,0.61487,0.54801,0.60039,5381853.55780457
2024-01-11,0.60039,0.62324,0.58547,0.60167,6760693.82782459
2024-01-12,0.60206,0.60286,0.55081,0.57007,4114123.15163559
2024-01-13,0.57066,0.57736,0.56348,0.57464,722502.90369479
2024-01-14,0.57423,0.59282,0.57141,0.57612,1520768.50775546
2024-01-15,0.576,0.58976,0.56848,0.57629,1469161.91432949
2024-01-16,0.57638,0.57992,0.56597,0.57593,1582978.86178951
2024-01-17,0.57589,0.57632,0.56159,0.56844,1659634.91303852
2024-01-18,0.56831,0.56896,0.54271,0.55241,1972698.73617537
2024-01-19,0.55241,0.55401,0.52271,0.54501,3678699.56770893
2024-01-20,0.54475,0.55612,0.53988,0.55375,1615218.40099156
2024-01-21,0.5546,0.55612,0.54661,0.54754,784553.77199846
2024-01-22,0.54761,0.55078,0.5168,0.52767,2547787.88805141
2024-01-23,0.52768,0.53217,0.4965,0.51812,2605500.7295027
2024-01-24,0.51869,0.51993,0.51176,0.51847,1577957.56117661
2024-01-25,0.51835,0.51835,0.504,0.51403,1470072.72080868
2024-01-26,0.51392,0.5363,0.50896,0.53195,1685545.24001266
2024-01-27,0.53224,0.53466,0.52606,0.53009,1085260.08587272
2024-01-28,0.5305,0.5353,0.52125,0.52414,852598.20436754
2024-01-29,0.52451,0.53978,0.51922,0.53492,2128797.59096586
2024-01-30,0.53475,0.53895,0.50695,0.51099,2929367.79964149
2024-01-31,0.51062,0.51437,0.48571,0.50299,2747013.40031724
2024-02-01,0.50304,0.5105,0.49016,0.50609,2130414.25895943
2024-02-02,0.50605,0.51403,0.49798,0.51041,2122352.4342906
2024-02-03,0.51051,0.52684,0.50602,0.51874,1504600.52457705
2024-02-04,0.51852,0.51908,0.50039,0.50332,1278718.00296205
2024-02-05,0.50313,0.5143,0.49664,0.50654,2464325.02020397
2024-02-06,0.50643,0.51091,0.49819,0.50511,2361163.12290054
2024-02-07,0.5051,0.51524,0.49953,0.51352,3081022.17187272
2024-02-08,0.5137,0.51896,0.50997,0.51464,2493340.16725625
2024-02-09,0.51465,0.52829,0.514,0.52614,2165031.12492961
2024-02-10,0.52616,0.52825,0.51875,0.52419,667085.32335746
2024-02-11,0.52412,0.53645,0.52188,0.52662,1886708.44276138
2024-02-12,0.52631,0.53848,0.51464,0.53167,5580425.16972097
2024-02-13,0.53191,0.53393,0.514,0.52509,2657182.01682867
2024-02-14,0.52511,0.54187,0.52108,0.53778,3398339.14053995
2024-02-15,0.53798,0.57588,0.53564,0.56231,6494591.45851941
2024-02-16,0.56231,0.57864,0.5522,0.56406,3260312.31680134
2024-02-17,0.56403,0.5654,0.53896,0.5496,1333157.73384406
2024-02-18,0.5496,0.56267,0.54715,0.55642,1167204.29117959
2024-02-19,0.55654,0.5668,0.55357,0.56196,3082767.70588354
2024-02-20,0.56179,0.57461,0.543,0.56157,4630323.0754732
2024-02-21,0.56143,0.56185,0.53299,0.54901,1922975.96845247
2024-02-22,0.5489,0.55142,0.53629,0.54111,2058553.04584451
2024-02-23,0.54087,0.54332,0.52549,0.53411,1764640.12169115
2024-02-24,0.534,0.54792,0.53134,0.54567,1332005.16969442
2024-02-25,0.54549,0.54869,0.5421,0.54257,1163153.57563769
2024-02-26,0.54239,0.55245,0.52897,0.55052,3113855.94223288
2024-02-27,0.55043,0.59578,0.54738,0.586,7515644.0226311
2024-02-28,0.586,0.605,0.525,0.57457,9014499.58979422
2024-02-29,0.57458,0.625,0.56663,0.58639,11193064.80246114
2024-03-01,0.58646,0.60283,0.58312,0.60161,3178575.94655657
2024-03-02,0.60131,0.64996,0.59945,0.64422,9948298.9753102
2024-03-03,0.64393,0.64393,0.58715,0.6276,4498850.94574843
2024-03-04,0.62695,0.66515,0.61357,0.64642,7241428.40096312
2024-03-05,0.64625,0.66656,0.53301,0.59205,10840505.6866937
2024-03-06,0.59197,0.62397,0.57586,0.61219,4112521.20841657
2024-03-07,0.61226,0.6383,0.60636,0.62675,6145165.41159322
2024-03-08,0.62709,0.63354,0.599,0.61989,6196040.32582996
2024-03-09,0.61973,0.63143,0.61538,0.6192,2063430.77264738
2024-03-10,0.61933,0.6271,0.596,0.60813,2161663.80249889
2024-03-11,0.60789,0.74242,0.58378,0.72178,32012985.34836174
2024-03-12,0.72088,0.73191,0.65567,0.68622,13786009.60591044
2024-03-13,0.68624,0.70171,0.66747,0.68802,5728369.21685081
2024-03-14,0.68867,0.70615,0.6375,0.66869,9083629.29152188
2024-03-15,0.66869,0.67509,0.595,0.63424,5882928.70646997
2024-03-16,0.63436,0.64729,0.59285,0.60288,5347823.00840538
2024-03-17,0.60312,0.62476,0.58671,0.6191,2611153.0531051
2024-03-18,0.61917,0.668,0.595,0.64561,4411601.93449885
2024-03-19,0.64521,0.64882,0.5719,0.5862,8803443.97700565
2024-03-20,0.58542,0.61951,0.56888,0.61158,5584118.01865965
2024-03-21,0.6115,0.65589,0.5981,0.64127,5733777.36739659
2024-03-22,0.64114,0.64555,0.5985,0.61143,4880600.05476524
2024-03-23,0.61128,0.63266,0.60329,0.61683,1894373.79299676
2024-03-24,0.61662,0.63605,0.6137,0.63304,1979724.02589522
2024-03-25,0.63303,0.66313,0.62738,0.64037,14452648.75571272
2024-03-26,0.63986,0.65218,0.62489,0.63194,3105321.58231303
2024-03-27,0.63171,0.63474,0.60585,0.61252,3163670.20282365
2024-03-28,0.61198,0.637,0.60328,0.62481,2653963.81645204
2024-03-29,0.6245,0.64588,0.60844,0.63026,5017673.96895675
2024-03-30,0.6305,0.63645,0.6163,0.6224,1473949.82013623
2024-03-31,0.62157,0.63065,0.62157,0.63001,719024.4755431
2024-04-01,0.6296,0.63382,0.59547,0.61099,3772464.85930548
2024-04-02,0.61124,0.61869,0.57962,0.58547,4566646.94182538
2024-04-03,0.58559,0.5931,0.56633,0.57401,2941575.98047867
2024-04-04,0.57412,0.6156,0.56234,0.59362,5486711.93716628
2024-04-05,0.59346,0.5936,0.56877,0.58712,2796461.64774849
2024-04-06,0.58693,0.59876,0.58541,0.59299,1022419.11213805
2024-04-07,0.59256,0.60225,0.5894,0.59432,3500319.93398837
2024-04-08,0.5941,0.6265,0.58788,0.61521,4059067.86675314
2024-04-09,0.61519,0.64312,0.60189,0.61438,5274700.17048147
2024-04-10,0.61377,0.6211,0.5928,0.61831,3888077.17376506
2024-04-11,0.61791,0.62212,0.60388,0.60956,2811422.0282013
2024-04-12,0.60891,0.61608,0.505,0.54669,11731009.66134638
2024-04-13,0.54662,0.54856,0.4154,0.47839,16613345.54412312
2024-04-14,0.47898,0.50776,0.4645,0.50388,9754904.33394112
2024-04-15,0.50388,0.5196,0.48167,0.49816,4554619.25031402
2024-04-16,0.49767,0.50287,0.47637,0.4969,3986142.83263084
2024-04-17,0.49673,0.50809,0.472,0.49573,3708194.78072001
2024-04-18,0.49581,0.506,0.48597,0.50258,2732445.47840102
2024-04-19,0.50273,0.51136,0.46713,0.50332,3809077.64485386
2024-04-20,0.50321,0.53049,0.49883,0.52943,1904257.14900311
2024-04-21,0.52886,0.53699,0.51846,0.52504,1413602.47697952
2024-04-22,0.52518,0.57186,0.52302,0.55718,3309236.31119973
2024-04-23,0.55748,0.55788,0.54215,0.54539,2676683.10853247
2024-04-24,0.54536,0.55228,0.52175,0.52813,3065288.11154413
2024-04-25,0.52817,0.53279,0.51423,0.52591,2468401.38240405
2024-04-26,0.52644,0.53656,0.51485,0.52686,2059932.19972305
2024-04-27,0.52633,0.52692,0.50848,0.51895,1140565.29441574
2024-04-28,0.51907,0.52582,0.50941,0.51081,710080.66466026
2024-04-29,0.51118,0.51815,0.49961,0.51598,2183661.29144778
2024-04-30,0.51578,0.52014,0.4885,0.50147,2146908.36048567
2024-05-01,0.50191,0.52222,0.47914,0.51832,3094854.63943631
2024-05-02,0.51826,0.5259,0.50789,0.5189,1900005.29813062
2024-05-03,0.51942,0.53714,0.51536,0.53284,2186683.27813284
2024-05-04,0.5325,0.5418,0.52803,0.5312,490995.66833817
2024-05-05,0.53128,0.53439,0.525,0.53089,1043373.43057254
2024-05-06,0.53078,0.57079,0.5254,0.54114,3850877.15990734
2024-05-07,0.54114,0.54507,0.52262,0.52551,1719956.81785703
2024-05-08,0.52514,0.53071,0.51634,0.5181,2415486.09213253
2024-05-09,0.5181,0.52446,0.5097,0.52171,2202667.9624887
2024-05-10,0.52177,0.52182,0.4983,0.50279,1144207.53214167
2024-05-11,0.5026,0.50859,0.50161,0.50665,466273.24254577
2024-05-12,0.50655,0.50969,0.4965,0.50082,491171.17941388
2024-05-13,0.50093,0.51272,0.48803,0.50564,2372134.29414292
2024-05-14,0.50541,0.51406,0.49793,0.50061,1353128.51846148
2024-05-15,0.5007,0.5202,0.49746,0.51924,1037082.62214283
2024-05-16,0.51981,0.52326,0.51303,0.5163,2223353.91900594
2024-05-17,0.51682,0.5299,0.5145,0.52451,987653.17745454
2024-05-18,0.52451,0.52623,0.51937,0.52143,264055.75523916
2024-05-19,0.5218,0.52403,0.50642,0.50998,518757.55374788
2024-05-20,0.51033,0.53813,0.50697,0.53761,2769013.28786009
2024-05-21,0.53769,0.5567,0.53199,0.5375,3035054.25608961
2024-05-22,0.5373,0.53831,0.52211,0.52692,1787616.98905025
2024-05-23,0.52693,0.54956,0.503,0.52921,4678078.88013558
2024-05-24,0.52929,0.53799,0.51723,0.53613,1464190.01554258
2024-05-25,0.53577,0.54331,0.53364,0.54279,685653.17892594
2024-05-26,0.54211,0.54236,0.5257,0.52878,408040.74025429
2024-05-27,0.52893,0.5409,0.52388,0.53424,1397531.73937653
2024-05-28,0.53421,0.5354,0.52171,0.52977,1234280.54309079
2024-05-29,0.52933,0.53368,0.5205,0.52428,885702.41076385
2024-05-30,0.5247,0.52866,0.51357,0.5193,1244778.91972445
2024-05-31,0.51929,0.52614,0.51196,0.51771,1501518.90194528
2024-06-01,0.5177,0.52194,0.51665,0.51847,586533.67139248
2024-06-02,0.51877,0.52112,0.50842,0.51389,559723.72822405
2024-06-03,0.51386,0.52335,0.51211,0.52042,1255380.77906653
2024-06-04,0.5204,0.5306,0.51834,0.52646,2159722.18229998
2024-06-05,0.52646,0.53264,0.52389,0.5259,2475719.95727108
2024-06-06,0.52591,0.52801,0.51657,0.52181,981960.12842492
2024-06-07,0.5218,0.52792,0.45266,0.49916,4300324.30717607
2024-06-08,0.49921,0.5009,0.49013,0.493,1081781.5279361
2024-06-09,0.49295,0.49903,0.491,0.49867,610945.60573718
2024-06-10,0.4985,0.50646,0.49334,0.49681,1126735.88118855
2024-06-11,0.49681,0.49681,0.47104,0.4802,2684656.71248897
2024-06-12,0.4802,0.49838,0.47447,0.4916,1971274.25543123
2024-06-13,0.49159,0.49159,0.47552,0.477,1775904.79462937
2024-06-14,0.47709,0.4813,0.46019,0.4744,1745816.92173285
2024-06-15,0.4744,0.5059,0.47419,0.49079,1029341.44920288
2024-06-16,0.4907,0.4993,0.48791,0.48925,510475.79540938
2024-06-17,0.48926,0.52052,0.48411,0.5053,2114315.13425648
2024-06-18,0.5052,0.51049,0.47071,0.49147,5084739.88843396
2024-06-19,0.49014,0.5,0.4878,0.49392,2155089.71074106
2024-06-20,0.49392,0.50292,0.48935,0.48978,1790746.12803357
2024-06-21,0.48981,0.49653,0.4803,0.4896,2591446.60335599
2024-06-22,0.48971,0.49015,0.48502,0.48716,577799.76920433
2024-06-23,0.48716,0.48985,0.47443,0.48012,1118648.27058054
2024-06-24,0.48036,0.48302,0.46254,0.47488,2187818.0800194102
2024-06-25,0.47472,0.48041,0.47383,0.47612,1842579.7174927
2024-06-26,0.47612,0.47847,0.46555,0.47038,2984592.08052436
2024-06-27,0.47034,0.4778,0.46623,0.4761,1166160.51762083
2024-06-28,0.47611,0.48159,0.46982,0.47257,1123702.99619398
2024-06-29,0.47257,0.4773,0.47257,0.4734,303268.24801936
2024-06-30,0.47339,0.47889,0.47074,0.47697,315629.98340812
2024-07-01,0.4768,0.48548,0.47583,0.47728,1506444.1561295
2024-07-02,0.4774,0.4892,0.47645,0.48564,1332248.91061246
2024-07-03,0.48584,0.48742,0.46134,0.46772,2340572.51684668
2024-07-04,0.46773,0.47004,0.43205,0.43399,2191294.52548961
2024-07-05,0.43348,0.4341,0.38312,0.42593,4609829.86493924
2024-07-06,0.42591,0.45001,0.42454,0.44953,640258.92375192
2024-07-07,0.44952,0.44952,0.41958,0.42066,952663.63407063
2024-07-08,0.42063,0.4447,0.40463,0.43263,2222245.60084039
2024-07-09,0.43263,0.43901,0.42817,0.43691,1799037.21928102
2024-07-10,0.43686,0.4431,0.43221,0.44009,1402174.54102844
2024-07-11,0.43993,0.455,0.438,0.44998,2157113.41340712
2024-07-12,0.44998,0.4788,0.44549,0.47578,3226888.05316195
2024-07-13,0.47571,0.567,0.47522,0.52718,5353793.6956796795
2024-07-14,0.52694,0.54163,0.51503,0.5213,2334541.86232916
2024-07-15,0.52116,0.541,0.52116,0.53826,2574369.62242305
2024-07-16,0.53848,0.59539,0.53401,0.58001,4252333.33327072
2024-07-17,0.58001,0.63804,0.5799,0.62686,5843615.47524128
2024-07-18,0.62697,0.63717,0.55889,0.57005,4419951.71795523
2024-07-19,0.57006,0.58739,0.5414,0.57399,3471428.03279626
2024-07-20,0.57417,0.60538,0.57181,0.59464,1731342.81261918
2024-07-21,0.59464,0.60895,0.57294,0.59904,2498630.8948191
2024-07-22,0.59917,0.62411,0.58649,0.60902,3489828.78655129
2024-07-23,0.60944,0.6181,0.581,0.59882,3068380.29494023
2024-07-24,0.5987,0.63395,0.59296,0.61942,2968694.66501538
2024-07-25,0.61942,0.62691,0.58579,0.60038,3966562.42033023
2024-07-26,0.5999,0.60959,0.5877,0.60474,2195477.35800882
2024-07-27,0.60462,0.61041,0.58516,0.59686,1022173.24515955
2024-07-28,0.59683,0.61514,0.59278,0.6033,884871.08450044
2024-07-29,0.60293,0.6137,0.59339,0.60326,1505080.38179193
2024-07-30,0.60327,0.63859,0.59666,0.62886,3616926.67051085
2024-07-31,0.62889,0.65962,0.62318,0.62387,6497212.5175887
2024-08-01,0.62387,0.63103,0.5688,0.5972,4394076.46135417
2024-08-02,0.59715,0.5975,0.54654,0.5613,4226079.18736316
2024-08-03,0.56126,0.57809,0.542,0.55707,2594620.92019685
2024-08-04,0.55707,0.55973,0.51486,0.52342,2537455.91301232
2024-08-05,0.52339,0.52613,0.43328,0.49001,9440918.00988566
2024-08-06,0.48998,0.51977,0.4895,0.50703,3072502.83442276
2024-08-07,0.50724,0.6425,0.49329,0.6008,19624370.17050051
2024-08-08,0.60119,0.64304,0.57961,0.61745,8668083.93184275
2024-08-09,0.61832,0.62508,0.56884,0.58163,3785823.6543811
2024-08-10,0.5815,0.60271,0.57891,0.58437,1750729.65330688
2024-08-11,0.58509,0.59414,0.54659,0.55336,2712267.70860266
2024-08-12,0.55332,0.57999,0.55117,0.56941,2685160.1956437
2024-08-13,0.56942,0.58402,0.56399,0.57752,2411925.25559545
2024-08-14,0.5776,0.58332,0.56521,0.5699,2167588.79435488
2024-08-15,0.56961,0.57469,0.55172,0.56163,2523903.74747047
2024-08-16,0.56135,0.5714,0.5544,0.56524,2192270.33959199
2024-08-17,0.56518,0.57213,0.56226,0.56766,327043.74917166
2024-08-18,0.56767,0.5855,0.56395,0.56439,868141.75810566
2024-08-19,0.56396,0.60979,0.56206,0.59958,3734073.82456413
2024-08-20,0.59958,0.6156,0.58882,0.59535,2562224.46440699
2024-08-21,0.5954,0.60613,0.5864,0.60098,2458703.89377306
2024-08-22,0.6012,0.60501,0.59377,0.59868,1746287.20728334
2024-08-23,0.59851,0.6166,0.5914,0.61181,2152997.04813888
2024-08-24,0.6117,0.63196,0.60545,0.61386,1312464.74916233
2024-08-25,0.61363,0.61467,0.5967,0.60119,1067322.80650007
2024-08-26,0.60122,0.60281,0.57999,0.58844,2031375.63635908
2024-08-27,0.58841,0.60119,0.55301,0.56792,2570454.37445102
2024-08-28,0.56777,0.58525,0.5574,0.57071,1430136.61678977
2024-08-29,0.57072,0.57839,0.55907,0.56366,1472797.61375577
2024-08-30,0.56349,0.56905,0.54771,0.56832,1415460.13932668
2024-08-31,0.5683,0.57359,0.56409,0.5681,562209.67038069
2024-09-01,0.56811,0.56813,0.5451,0.54882,752055.05824764
2024-09-02,0.54874,0.57006,0.54625,0.56908,642477.48471292
2024-09-03,0.56908,0.574,0.55809,0.55897,572725.18180647
2024-09-04,0.5585,0.56555,0.53527,0.55899,1462989.0629834
2024-09-05,0.55906,0.56081,0.5411,0.54554,895699.41069965
2024-09-06,0.54555,0.54833,0.50436,0.5228,2197519.3709461098
2024-09-07,0.52264,0.5343,0.52146,0.52636,747144.45598065
2024-09-08,0.52633,0.53279,0.52213,0.53057,418440.44076046
2024-09-09,0.53065,0.5438,0.5281,0.54024,744026.01141178
2024-09-10,0.54024,0.54331,0.53487,0.54211,571343.04851406
2024-09-11,0.54211,0.54211,0.52478,0.53579,1081017.21332669
2024-09-12,0.53579,0.59,0.53451,0.5642,3056671.33935511
2024-09-13,0.56408,0.57568,0.55752,0.574,1413209.29484191
2024-09-14,0.57379,0.60051,0.57173,0.59701,4569316.49745252
2024-09-15,0.59709,0.59709,0.57012,0.57283,799357.0835926
2024-09-16,0.57229,0.59237,0.5615,0.58812,1470614.25098727
2024-09-17,0.58795,0.59561,0.5802,0.58542,1217694.48032673
2024-09-18,0.5851,0.5866,0.5633,0.58626,1034916.38239431
2024-09-19,0.58651,0.59524,0.58227,0.588,1379890.58129196
2024-09-20,0.58827,0.59336,0.57726,0.5851,1149922.40762176
2024-09-21,0.58509,0.61324,0.58035,0.59871,1277236.87267849
2024-09-22,0.59868,0.60567,0.579,0.58831,924267.03803774
2024-09-23,0.58837,0.59641,0.57969,0.58634,459369.8214066
2024-09-24,0.58633,0.5936,0.5824,0.59234,834668.08971
2024-09-25,0.59234,0.5963,0.5839,0.58431,617090.99105085
2024-09-26,0.58432,0.5971,0.57539,0.59198,1006282.23016008
2024-09-27,0.59181,0.598,0.58397,0.59005,869100.29969143
2024-09-28,0.59005,0.62729,0.587,0.6155,2931028.23436362
2024-09-29,0.61534,0.666,0.609,0.64271,3825063.91855219
2024-09-30,0.64272,0.656,0.61,0.61279,2574847.58225837
2024-10-01,0.61268,0.63524,0.579,0.59838,3660742.31468418
2024-10-02,0.59827,0.60765,0.52847,0.53984,4185671.09544506
2024-10-03,0.53965,0.54544,0.50867,0.52245,3310832.62561175
2024-10-04,0.52257,0.53977,0.51626,0.53543,2711171.06149114
2024-10-05,0.53543,0.5362,0.52666,0.53006,907712.22348356
2024-10-06,0.53006,0.53762,0.52836,0.53413,639963.57979666
2024-10-07,0.53424,0.54621,0.52859,0.52908,1917371.33014469
2024-10-08,0.52911,0.5359,0.521,0.532,1158492.33239438
2024-10-09,0.53165,0.53489,0.5215,0.52497,788302.95851199
2024-10-10,0.52491,0.545,0.52332,0.53057,1566097.6830985
2024-10-11,0.53052,0.54234,0.53009,0.5391,997943.32237399
2024-10-12,0.5391,0.5441,0.5361,0.54069,810823.17118245
2024-10-13,0.54069,0.54069,0.52631,0.5326,771989.77630442
2024-10-14,0.53265,0.553,0.5292,0.54926,1616822.23044149
2024-10-15,0.54925,0.55618,0.53207,0.54227,2262880.76033799
2024-10-16,0.54219,0.55412,0.53833,0.54836,1159473.8885525
2024-10-17,0.54836,0.5664,0.54243,0.54419,1992503.22132201
2024-10-18,0.54419,0.55323,0.54,0.54616,1069622.04138595
2024-10-19,0.54624,0.54965,0.54034,0.54434,505816.27412591
2024-10-20,0.54446,0.54859,0.53621,0.54826,573703.88312105
2024-10-21,0.54826,0.5605,0.54187,0.54569,2245114.93873878
2024-10-22,0.5457,0.54953,0.52933,0.53374,862138.32309184
2024-10-23,0.53365,0.53384,0.5121,0.5261,1972943.81810069
2024-10-24,0.52609,0.5335,0.52438,0.53172,1062908.21142748
2024-10-25,0.53174,0.53175,0.48707,0.50241,1828227.57791517
2024-10-26,0.50225,0.51527,0.49911,0.51313,913195.42894025
2024-10-27,0.51318,0.51804,0.51089,0.51722,630094.5170131
2024-10-28,0.51721,0.52158,0.51145,0.51973,1042755.95446324
2024-10-29,0.5197,0.53038,0.51897,0.52804,1419424.43876152
2024-10-30,0.52804,0.5283,0.51969,0.52373,921003.78083913
2024-10-31,0.52374,0.52409,0.5031,0.50969,1410252.40487669
2024-11-01,0.50971,0.52409,0.50286,0.51359,1088518.28466234
2024-11-02,0.51346,0.51612,0.50634,0.51028,487338.85993503
2024-11-03,0.51021,0.51055,0.4925,0.50335,1162204.19481019
2024-11-04,0.50311,0.51454,0.4964,0.5035,1014352.0903676
2024-11-05,0.50361,0.51917,0.5024,0.51448,1667317.57975735
2024-11-06,0.51464,0.54676,0.51464,0.54204,3694292.86485551
2024-11-07,0.54198,0.57823,0.53832,0.55535,2430233.94844978
2024-11-08,0.55563,0.55978,0.54149,0.5538,1503163.06556889
2024-11-09,0.55376,0.5622,0.54355,0.5594,1592386.67052886
2024-11-10,0.55941,0.618,0.55562,0.58841,5095749.20904217
2024-11-11,0.58849,0.63271,0.57092,0.62033,5271454.87541756
2024-11-12,0.62038,0.73879,0.59622,0.70368,14189222.26572193
2024-11-13,0.70409,0.7466,0.6407,0.69051,7102925.12633634
2024-11-14,0.69032,0.84706,0.68291,0.77213,11839120.49491526
2024-11-15,0.77294,0.92785,0.77087,0.89213,12794650.09737676
2024-11-16,0.89181,1.2648,0.8781,1.1197,20850252.27254101
2024-11-17,1.1208,1.16,1.0042,1.0539,10913522.88573212
2024-11-18,1.0549,1.1869,1.0549,1.1152,9979155.40952524
2024-11-19,1.1142,1.1475,1.0691,1.1,5914626.42011648
2024-11-20,1.1,1.1485,1.0554,1.1041,13575507.32629623
2024-11-21,1.104,1.2621,1.0776,1.2441,11692016.90695018
2024-11-22,1.2478,1.4976,1.2478,1.47,16809766.23657063
2024-11-23,1.47,1.6308,1.4212,1.4662,13880230.07425341
2024-11-24,1.4648,1.5105,1.2795,1.4306,23297409.58875128
2024-11-25,1.4313,1.5349,1.3535,1.416,11375708.89529604
2024-11-26,1.4147,1.4605,1.285,1.4006,10048783.31960573
2024-11-27,1.3997,1.5232,1.3553,1.471,7881767.91514783
2024-11-28,1.4719,1.5475,1.4326,1.5446,4717174.98748173
2024-11-29,1.5444,1.8161,1.5254,1.8021,11373506.15261573
2024-11-30,1.8033,1.9585,1.7659,1.9545,12355320.83305015
2024-12-01,1.9544,2.3535,1.8512,2.2968,12441028.9524746
2024-12-02,2.2955,2.8745,2.2148,2.7288,26353009.22800183
2024-12-03,2.7294,2.9102,2.2936,2.5141,20145551.79527961
2024-12-04,2.5139,2.6828,2.283,2.3645,10962517.81750562
2024-12-05,2.3607,2.496,2.1783,2.2435,12066180.15060306
2024-12-06,2.2432,2.4643,2.2258,2.4263,8662985.88786752
2024-12-07,2.4263,2.6212,2.3877,2.6134,4672250.05518529
2024-12-08,2.6118,2.65,2.4889,2.6063,4404694.23118206
2024-12-09,2.6056,2.6084,1.97,2.2251,12798586.89093684
2024-12-10,2.2139,2.4206,1.8971,2.37,14510715.97629771
2024-12-11,2.3732,2.4727,2.2334,2.3936,5684522.7362601
2024-12-12,2.3932,2.4828,2.3075,2.3366,4261441.19351682
2024-12-13,2.3375,2.48,2.2864,2.4222,2151701.85010491
2024-12-14,2.4199,2.5296,2.3553,2.3985,1800926.43111802
2024-12-15,2.3939,2.4711,2.3671,2.4422,927033.2562979
2024-12-16,2.4459,2.5887,2.33,2.4821,3795926.21435086
2024-12-17,2.4825,2.7223,2.435,2.5625,6561598.05552948
2024-12-18,2.5644,2.5895,2.2401,2.3121,5961042.94479654
2024-12-19,2.3097,2.4314,2.1585,2.2393,6286341.93775649
2024-12-20,2.2412,2.3552,1.962,2.2795,7977605.46374789
2024-12-21,2.2788,2.3853,2.1924,2.237,2825763.38408781
2024-12-22,2.239,2.2929,2.1627,2.2022,1446679.20528724
2024-12-23,2.2024,2.28,2.1324,2.2622,1707989.39607924
2024-12-24,2.2622,2.3529,2.2141,2.3253,1956887.86927654
2024-12-25,2.3242,2.3327,2.2626,2.2977,1240863.37114441
2024-12-26,2.3009,2.316,2.1307,2.1573,2104656.87950773
2024-12-27,2.1599,2.2394,2.1162,2.149,1800410.43634474
2024-12-28,2.1515,2.211,2.138,2.1895,739900.81459906
2024-12-29,2.1895,2.2012,2.0759,2.0973,1480967.23175445
2024-12-30,2.0946,2.1532,2.0,2.0639,3014664.10197558
2024-12-31,2.0591,2.1511,2.0168,2.0877,1093112.59633217
2025-01-01,2.0876,2.3571,2.0876,2.3325,5198349.3789529
2025-01-02,2.3369,2.455,2.3343,2.4044,10221700.48120114
2025-01-03,2.4071,2.482,2.3978,2.4525,2685390.01093958
2025-01-04,2.4567,2.5085,2.404,2.4201,1736920.17897305
2025-01-05,2.4234,2.4293,2.33,2.3988,1573008.03550142
2025-01-06,2.4034,2.4599,2.3675,2.4227,1650080.27235134
2025-01-07,2.4217,2.4678,2.2592,2.2731,2322357.31432934
2025-01-08,2.2725,2.4013,2.2052,2.3766,3870405.59344562
2025-01-09,2.3761,2.3976,2.2392,2.2769,2148482.32206363
2025-01-10,2.2765,2.3717,2.2455,2.3444,1888230.4344213
2025-01-11,2.346,2.6049,2.329,2.5802,2669262.21579516
2025-01-12,2.5829,2.5856,2.4739,2.505,2421570.71354888
2025-01-13,2.5061,2.5652,2.3345,2.5297,4659827.41885837
2025-01-14,2.5267,2.7014,2.5163,2.6728,4085603.62037165
2025-01-15,2.6711,3.2,2.6533,3.1449,10569468.03307489
2025-01-16,3.1416,3.4,2.9247,3.2412,12019242.18440412
2025-01-17,3.2452,3.349,3.1706,3.289,3890282.61420612
2025-01-18,3.29,3.2959,3.0572,3.2694,4605289.71784552
2025-01-19,3.2694,3.2923,2.8334,2.9619,7370003.40109327
2025-01-20,2.9537,3.3698,2.9117,3.1018,8048659.09750593
2025-01-21,3.1031,3.2413,3.0132,3.1706,3420866.8425037
2025-01-22,3.1732,3.2845,3.1326,3.1776,2415369.69918906
2025-01-23,3.1785,3.1814,3.0371,3.121,2459800.99510169
2025-01-24,3.1169,3.2017,3.0547,3.1042,1328418.86542893
2025-01-25,3.0989,3.1436,3.0776,3.1076,810502.67608451
2025-01-26,3.1093,3.1432,3.0138,3.0246,1092217.91707495
2025-01-27,3.0246,3.0633,2.66,3.0601,7210261.41272446
2025-01-28,3.0593,3.2142,3.0127,3.0611,4288729.30064484
2025-01-29,3.0608,3.136,2.9672,3.0699,2563704.36220879
2025-01-30,3.0714,3.1562,3.0508,3.1291,1211123.86713873
2025-01-31,3.1295,3.1295,3.0052,3.0376,1424492.15714198
2025-02-01,3.0351,3.0737,2.8309,2.8801,3037890.75572288
2025-02-02,2.8794,2.9563,2.4669,2.5766,8250115.14291811
2025-02-03,2.5752,2.7823,1.78,2.703,28911180.18310151
2025-02-04,2.7032,2.7873,2.4182,2.5271,8499641.07582002
2025-02-05,2.524,2.5674,2.3431,2.378,4540209.14772838
2025-02-06,2.3776,2.4722,2.2818,2.3301,3991277.49695786
2025-02-07,2.3273,2.5423,2.2696,2.4002,3752914.15890996
2025-02-08,2.3969,2.4403,2.3511,2.4212,1342239.71773437
2025-02-09,2.4264,2.5082,2.3154,2.3971,1787238.86824881
2025-02-10,2.4014,2.4777,2.3256,2.4272,1625436.14887982
2025-02-11,2.4274,2.5294,2.3758,2.4174,2576377.25837148
2025-02-12,2.4151,2.4992,2.3358,2.4766,2725905.15869629
2025-02-13,2.4774,2.6079,2.4177,2.56,2928738.75077041
2025-02-14,2.5633,2.8344,2.536,2.7429,6245357.47925649
2025-02-15,2.7411,2.8334,2.7149,2.7614,2916676.89463621
2025-02-16,2.7633,2.8067,2.6909,2.7317,1604768.37504042
2025-02-17,2.7318,2.7672,2.6126,2.6644,2839404.32442713
2025-02-18,2.665,2.675,2.4715,2.5673,3254675.96534793
2025-02-19,2.5672,2.7507,2.5181,2.7421,2533602.55543256
2025-02-20,2.7424,2.7531,2.6702,2.6931,1346800.96173515
2025-02-21,2.6928,2.7166,2.5119,2.5767,3711370.68362031
2025-02-22,2.5731,2.6139,2.5563,2.5781,483845.45637789
2025-02-23,2.5771,2.6044,2.5244,2.5808,1423326.3479029401
2025-02-24,2.5815,2.611,2.241,2.2829,6045930.18555159
2025-02-25,2.2822,2.3704,2.071,2.3272,12426673.58946207
2025-02-26,2.3272,2.3343,2.1578,2.2038,5332948.5552779
2025-02-27,2.2049,2.2646,2.1518,2.2063,3087759.11901526
2025-02-28,2.2059,2.2059,1.96,2.1517,5879432.81890194
2025-03-01,2.1459,2.2268,2.1279,2.1997,908619.66745148
2025-03-02,2.1965,3.01,2.1821,2.9431,10309703.44528344
2025-03-03,2.9479,2.972,2.3037,2.3935,11270383.82854685
2025-03-04,2.3926,2.5463,2.22,2.4572,6553938.96374773
2025-03-05,2.4542,2.5478,2.4155,2.5061,3182589.2651237
2025-03-06,2.5046,2.651,2.4782,2.6068,3703871.40713248
2025-03-07,2.6074,2.6279,2.3509,2.3888,8030368.93527332
2025-03-08,2.388,2.4175,2.3085,2.3329,1651222.26099904
2025-03-09,2.3239,2.3586,2.0909,2.1413,8515176.27765597
2025-03-10,2.1433,2.2652,2.0,2.0249,6825640.37127236
2025-03-11,2.0269,2.219,1.91,2.1749,6860729.66621073
2025-03-12,2.1769,2.2857,2.1391,2.2479,4983521.651219
2025-03-13,2.2431,2.3516,2.2193,2.2551,3940368.0764428
2025-03-14,2.2549,2.3942,2.2439,2.36,5955898.5664699
2025-03-15,2.3649,2.4806,2.3592,2.3977,3725158.99519905
2025-03-16,2.396,2.4149,2.2746,2.3011,3407543.79117431
2025-03-17,2.2991,2.3834,2.2978,2.3451,2227002.6983265
2025-03-18,2.3445,2.3445,2.2285,2.2915,1765536.51758703
2025-03-19,2.2883,2.595,2.272,2.5483,6122204.49263072
2025-03-20,2.5534,2.5691,2.3931,2.4375,1818464.25629011
2025-03-21,2.4363,2.4681,2.3603,2.3814,1036047.78416117
2025-03-22,2.3819,2.418,2.3624,2.3739,450665.28333057
2025-03-23,2.3732,2.446,2.3691,2.4453,558039.08770366
2025-03-24,2.4427,2.507,2.4194,2.4543,2061446.18868461
2025-03-25,2.4524,2.4813,2.4103,2.4552,1087672.53729615
2025-03-26,2.4515,2.4839,2.3344,2.3544,2019206.19664283
2025-03-27,2.3506,2.3931,2.305,2.3411,1052580.62049227
2025-03-28,2.3391,2.3461,2.1599,2.2065,1813525.10930343
2025-03-29,2.2137,2.2294,2.0658,2.1394,1661957.25819534
2025-03-30,2.1391,2.2189,2.1131,2.1386,1404215.16231137
2025-03-31,2.14,2.144,2.0255,2.0927,2747803.87726254
2025-04-01,2.098,2.2,2.069,2.1405,2835012.13380198
2025-04-02,2.138,2.2323,1.9854,2.0231,4577263.36895208
2025-04-03,2.0225,2.081,1.9605,2.063,4263839.13198228
2025-04-04,2.065,2.1627,2.0166,2.1299,2799148.40767124
2025-04-05,2.13,2.1751,2.1145,2.1466,978332.28676351
2025-04-06,2.145,2.1594,1.8644,1.9234,3760169.93389205
2025-04-07,1.9211,2.0047,1.6155,1.8981,10026379.72449583
2025-04-08,1.8974,1.9745,1.7775,1.799,4256196.27745192
2025-04-09,1.7977,2.0874,1.7249,2.053,6733855.03733479
2025-04-10,2.051,2.055,1.9227,1.963,3495312.90908118
2025-04-11,1.964,2.0634,1.9468,2.0224,1810098.43826752
2025-04-12,2.0219,2.183,2.0025,2.1574,888531.67769042
2025-04-13,2.1594,2.2471,2.0808,2.1177,1679424.57008552
2025-04-14,2.1171,2.1778,2.1046,2.1253,2020199.43332885
2025-04-15,2.1279,2.1834,2.0846,2.0851,1698026.20293965
2025-04-16,2.0844,2.1258,2.0371,2.0854,1817826.06298965
2025-04-17,2.0839,2.1129,2.0518,2.0634,914799.50521962
2025-04-18,2.0642,2.0855,2.0419,2.062,484116.04522807
2025-04-19,2.0629,2.095,2.0551,2.0851,561878.91458587
2025-04-20,2.0838,2.0906,2.0356,2.074,530739.27317941
2025-04-21,2.075,2.1371,2.0596,2.085,1227595.74452612
2025-04-22,2.0852,2.2494,2.0631,2.21,1748970.08834539
2025-04-23,2.2147,2.2994,2.1888,2.2178,1682004.65858856
2025-04-24,2.2184,2.2335,2.118,2.2036,3212299.50291642
2025-04-25,2.2006,2.2199,2.1648,2.1821,1370612.78431148
2025-04-26,2.1854,2.248,2.1806,2.192,466925.52932086
2025-04-27,2.1917,2.294,2.1611,2.2536,1190055.54066575
2025-04-28,2.255,2.3635,2.221,2.296,1617990.13028707
2025-04-29,2.2951,2.317,2.2257,2.2427,805242.9370851
2025-04-30,2.2415,2.261,2.1311,2.1944,1730143.30909069
2025-05-01,2.1942,2.2571,2.191,2.2135,812331.56024811
2025-05-02,2.2147,2.2407,2.193,2.2093,567445.36432373
2025-05-03,2.2089,2.2198,2.1798,2.1907,848133.1266975
2025-05-04,2.1903,2.222,2.1582,2.1655,933059.3292753
2025-05-05,2.1693,2.204,2.1145,2.1389,2018628.92148207
2025-05-06,2.1346,2.162,2.0841,2.158,1381265.58082872
2025-05-07,2.1537,2.1727,2.1076,2.1267,851464.9761599
2025-05-08,2.1285,2.3308,2.1207,2.33,2127945.89677854
2025-05-09,2.33,2.4281,2.2874,2.3453,2063226.1700999
2025-05-10,2.3445,2.4741,2.3359,2.4705,1720374.43654454
2025-05-11,2.4685,2.4806,2.3279,2.3632,1760048.40708181
2025-05-12,2.3678,2.6541,2.3516,2.5486,5878823.91536259
2025-05-13,2.544,2.6055,2.4232,2.5835,1673395.20311602
2025-05-14,2.5834,2.6491,2.5207,2.5515,1144840.80697899
2025-05-15,2.5502,2.5706,2.3537,2.3824,2761096.87421714
2025-05-16,2.3834,2.438,2.3468,2.3786,2405095.45601125
2025-05-17,2.378,2.3875,2.3,2.3545,1915150.5521072
2025-05-18,2.3559,2.4483,2.3308,2.4297,1241364.27723356
2025-05-19,2.4299,2.439,2.2839,2.3801,2514637.01203381
2025-05-20,2.3786,2.4077,2.3149,2.3572,1070210.56704722
2025-05-21,2.3546,2.4278,2.3293,2.3981,1366890.62219137
2025-05-22,2.3966,2.454,2.3887,2.43,978118.86132869
2025-05-23,2.4273,2.4774,2.283,2.2939,2303434.20822307
2025-05-24,2.2935,2.3586,2.2844,2.327,320381.75037025
2025-05-25,2.3268,2.3415,2.2636,2.3403,1127798.90398501
2025-05-26,2.3404,2.3539,2.296,2.3104,775540.25135127
2025-05-27,2.3083,2.352,2.2658,2.3179,538815.92514709
2025-05-28,2.3156,2.3209,2.2243,2.2753,1456680.33201477
2025-05-29,2.2753,2.3109,2.2376,2.2435,747577.169374
2025-05-30,2.2439,2.2517,2.13,2.1384,1791516.02838358
2025-05-31,2.1399,2.2046,2.0816,2.1724,832859.4384591
2025-06-01,2.173,2.187,2.1245,2.1781,730350.27571709
2025-06-02,2.1766,2.2049,2.1382,2.1976,960838.27295129
2025-06-03,2.1971,2.2809,2.1837,2.2436,569437.38642263
2025-06-04,2.2464,2.2637,2.1934,2.1995,464380.39636001
2025-06-05,2.2,2.2254,2.0604,2.0971,1165148.83383405
2025-06-06,2.0962,2.1909,2.0858,2.1614,564753.29927015
2025-06-07,2.1632,2.1936,2.1499,2.1801,334423.64161863
2025-06-08,2.1787,2.2966,2.1692,2.2687,865139.42847112
2025-06-09,2.2683,2.3294,2.2259,2.3208,688757.85763555
2025-06-10,2.3184,2.3284,2.2588,2.3034,1435529.25777488
2025-06-11,2.3044,2.3354,2.253,2.2689,1178859.35351242
2025-06-12,2.266,2.2731,2.1719,2.1912,883028.47844424
2025-06-13,2.1896,2.1897,2.0847,2.1481,1058242.58301543
2025-06-14,2.1476,2.1798,2.1114,2.143,800893.04630459
2025-06-15,2.1478,2.1798,2.1448,2.1691,467183.58124923
2025-06-16,2.1682,2.3378,2.1553,2.2369,1949589.9344972
2025-06-17,2.2346,2.2565,2.144,2.1619,1718025.83170368
2025-06-18,2.1646,2.1837,2.1218,2.1714,659183.78836215
2025-06-19,2.1714,2.1867,2.146,2.1677,403593.80780198
2025-06-20,2.1712,2.18,2.0884,2.1219,649431.67188304
2025-06-21,2.1195,2.1469,1.9966,2.064,1356211.67842179
2025-06-22,2.0677,2.091,1.9124,2.0242,2591433.52891425
2025-06-23,2.0183,2.1725,1.9664,2.1607,1781435.50298426
2025-06-24,2.1644,2.2179,2.1355,2.1907,1113985.91193227
2025-06-25,2.191,2.229,2.1712,2.1862,478741.68521861
2025-06-26,2.1859,2.2119,2.0967,2.1052,980802.87830056
2025-06-27,2.1061,2.1521,2.0681,2.1419,535238.59959425
2025-06-28,2.1428,2.2076,2.1356,2.1859,810263.1855666
2025-06-29,2.185,2.2192,2.1764,2.2069,893038.80486488
2025-06-30,2.207,2.3285,2.1685,2.2401,1284689.40706418
2025-07-01,2.24,2.2549,2.1514,2.1759,1042176.40541066
2025-07-02,2.1757,2.293,2.1633,2.2361,1039648.82680602
2025-07-03,2.2361,2.3152,2.2281,2.2598,1520701.25878523
2025-07-04,2.26,2.2704,2.201,2.2236,426421.68600299
2025-07-05,2.2232,2.2361,2.2051,2.2196,164515.78229019
2025-07-06,2.2196,2.2931,2.2124,2.2755,772303.28837909
2025-07-07,2.2752,2.3561,2.2598,2.2739,1545401.82472651
2025-07-08,2.2739,2.325,2.2529,2.3132,2099376.80582103
2025-07-09,2.3139,2.4296,2.3022,2.407,2500298.55949522
2025-07-10,2.4071,2.5653,2.3989,2.5467,2957968.06016469
2025-07-11,2.5456,2.9745,2.5125,2.7293,8184381.77016072
2025-07-12,2.7289,2.8447,2.6606,2.7339,3552021.92723598
2025-07-13,2.7342,2.8879,2.7228,2.8314,1413994.09529255
2025-07-14,2.8324,3.0307,2.8189,2.9596,3157862.27550521
2025-07-15,2.9589,2.9589,2.8049,2.9224,1837376.30904935
2025-07-16,2.9221,3.1,2.8816,3.0396,1154759.80701393
2025-07-17,3.0397,3.55,2.99,3.4849,5105279.03712609
2025-07-18,3.4826,3.6614,3.35,3.4174,6668079.3977489
2025-07-19,3.4171,3.4854,3.354,3.426,2215410.68454139
2025-07-20,3.426,3.5558,3.3866,3.4555,1179717.78368757
2025-07-21,3.4551,3.6496,3.4062,3.5509,1836377.10189642
2025-07-22,3.5509,3.5784,3.4231,3.5525,1836726.61888802
2025-07-23,3.5521,3.5521,3.055,3.1869,5325785.79797837
2025-07-24,3.1846,3.27,2.962,3.1464,3694451.98232563
2025-07-25,3.147,3.1646,3.0019,3.1442,1483828.61820083
2025-07-26,3.1346,3.2214,3.1105,3.1688,449676.95857395
2025-07-27,3.1689,3.2549,3.16,3.2437,843135.18076566
2025-07-28,3.2436,3.3314,3.1142,3.1254,1649675.34888807
2025-07-29,3.1259,3.1874,3.0591,3.1338,1899435.21723297
2025-07-30,3.1338,3.1678,3.009,3.1011,1797018.56098695
2025-07-31,3.1007,3.1812,3.0183,3.0276,1484435.74838089
2025-08-01,3.0261,3.06,2.8999,2.9635,5406661.30812605
2025-08-02,2.9631,3.0244,2.7457,2.7729,1228187.38557237
2025-08-03,2.7744,2.9658,2.7327,2.9531,1029585.15991302
2025-08-04,2.9539,3.0921,2.9373,3.075,1785367.37216128
2025-08-05,3.0746,3.1072,2.9173,2.9657,993693.85404215
2025-08-06,2.9639,3.0213,2.9053,2.9952,1016882.34491856
2025-08-07,2.9952,3.3353,2.9686,3.3224,1932625.78768696
2025-08-08,3.3223,3.3839,3.21,3.2881,4495157.23169073
2025-08-09,3.2881,3.3481,3.212,3.2276,635760.86520814
2025-08-10,3.2276,3.2794,3.1559,3.1901,855260.88323184
2025-08-11,3.1901,3.3356,3.1216,3.1339,2087270.73268853
2025-08-12,3.1336,3.3055,3.1086,3.2662,1651169.17640389
2025-08-13,3.2659,3.3283,3.2015,3.27,800316.86746616
2025-08-14,3.2759,3.3472,2.9781,3.0827,2819122.66565961
2025-08-15,3.0824,3.1467,3.0057,3.0828,856797.61750021
2025-08-16,3.0826,3.159,3.0777,3.1101,391828.12573841
2025-08-17,3.1095,3.15,3.0789,3.0912,397816.69555576
2025-08-18,3.0912,3.1009,2.9426,3.065,1819753.60439138
2025-08-19,3.0651,3.0844,2.8557,2.863,1973588.3936916
2025-08-20,2.8645,2.9935,2.8254,2.9561,1723081.84258561
2025-08-21,2.9561,2.964,2.8486,2.8564,733915.57742869
2025-08-22,2.8568,3.1094,2.788,3.0791,2348720.71731725
2025-08-23,3.0789,3.0789,2.9743,3.0524,1361019.3016969
2025-08-24,3.0525,3.1303,2.9948,3.0298,1516350.13354512
2025-08-25,3.0298,3.057,2.8308,2.864,1337017.84667586
2025-08-26,2.8638,3.0875,2.8517,3.0172,600473.46567877
2025-08-27,3.0169,3.0496,2.9669,2.973,601512.69952556
2025-08-28,2.9735,3.03,2.948,2.9717,487443.19249883
2025-08-29,2.9717,2.9796,2.78,2.8227,1517242.54918207
2025-08-30,2.8227,2.8389,2.7664,2.8226,402441.95961081
2025-08-31,2.8229,2.871,2.7756,2.7801,359697.9208717
2025-09-01,2.7798,2.8404,2.7,2.759,1330036.27642359
2025-09-02,2.7617,2.8684,2.7537,2.8671,800116.8333635
2025-09-03,2.867,2.8918,2.8165,2.8478,559576.09706175
2025-09-04,2.8478,2.8657,2.79,2.7998,356563.34890513
2025-09-05,2.7998,2.8885,2.7833,2.8121,844991.52181027
2025-09-06,2.8126,2.8258,2.7982,2.8105,819796.80858945
2025-09-07,2.8107,2.9258,2.8107,2.8798,510612.93713698
2025-09-08,2.8794,2.9946,2.8652,2.9694,856952.89012922
2025-09-09,2.9694,3.0342,2.9341,2.9471,789218.94420823
2025-09-10,2.9473,3.0244,2.9391,2.9803,686796.96421881
2025-09-11,2.9803,3.046,2.9508,3.0387,589756.74441237
2025-09-12,3.0389,3.1339,3.0168,3.1052,1247944.51513757
2025-09-13,3.1053,3.1828,3.088,3.1194,1188323.2549868
2025-09-14,3.1194,3.1247,3.0113,3.0348,610111.65509739
2025-09-15,3.0347,3.0729,2.962,3.0015,822867.88728714
2025-09-16,3.0014,3.0604,2.9701,3.0389,425477.01143061
2025-09-17,3.039,3.1086,2.9847,3.0857,1144003.15803484
2025-09-18,3.0856,3.1386,3.0581,3.075,1038576.06540528
2025-09-19,3.0751,3.0928,2.9855,2.996,753038.26873081
2025-09-20,2.996,3.0129,2.9722,2.9809,273551.87961222
2025-09-21,2.9809,3.0179,2.9602,2.9761,147008.8205256
2025-09-22,2.9761,2.9796,2.7174,2.8549,1993544.40306505
2025-09-23,2.8549,2.9004,2.8053,2.8308,481243.55787293
2025-09-24,2.8309,3.0,2.7981,2.9304,585580.57611034
2025-09-25,2.9305,2.9484,2.7305,2.7475,1010212.96856681
2025-09-26,2.7474,2.8146,2.7058,2.7901,1229453.79508676
2025-09-27,2.7898,2.8347,2.7698,2.8123,161863.01961701
2025-09-28,2.8122,2.8733,2.7755,2.8733,192809.35568777
2025-09-29,2.8733,2.932,2.85,2.8856,469826.42396537
2025-09-30,2.8856,2.9118,2.8184,2.8471,546956.01820805
2025-10-01,2.8472,2.9622,2.8138,2.9505,647931.70312648
2025-10-02,2.9505,3.1015,2.9433,3.0394,702377.83414257
2025-10-03,3.0396,3.095,3.0067,3.0376,536290.88931151
2025-10-04,3.0376,3.0497,2.9397,2.9686,482494.18167636
2025-10-05,2.9685,3.07,2.9488,2.9692,511905.12557479
2025-10-06,2.9691,3.048,2.9579,2.9884,678193.51550266
2025-10-07,2.9884,3.0,2.8414,2.8545,1259724.20704543
2025-10-08,2.8542,2.9252,2.8345,2.8813,431774.77337662
2025-10-09,2.8813,2.8813,2.7718,2.8056,969804.08296963
2025-10-10,2.8047,2.84,1.0,2.3705,10639272.87316415
2025-10-11,2.3691,2.5105,2.3077,2.3878,3613295.2845882
2025-10-12,2.3888,2.5868,2.3167,2.5334,747059.92426736
2025-10-13,2.5334,2.6489,2.5182,2.6103,1213536.95208906
2025-10-14,2.6106,2.6251,2.392,2.5092,2139351.79066984
2025-10-15,2.5091,2.5518,2.381,2.4152,1095277.04461004
2025-10-16,2.4153,2.4701,2.2857,2.3298,2056864.08794501
2025-10-17,2.3298,2.4,2.1965,2.3001,1283597.1119055
2025-10-18,2.2996,2.3957,2.295,2.3642,444487.19439437997
2025-10-19,2.3642,2.4217,2.3226,2.3943,407800.60541179
2025-10-20,2.3944,2.556,2.3601,2.501,523308.36360351
2025-10-21,2.5003,2.5348,2.4052,2.4262,591388.03945995
2025-10-22,2.4261,2.4429,2.3263,2.3651,870178.84321168
2025-10-23,2.3652,2.4249,2.3639,2.3954,346036.36412822
2025-10-24,2.3955,2.5156,2.3897,2.5117,469877.10262742
2025-10-25,2.5117,2.6505,2.5059,2.5972,1133033.22578283
2025-10-26,2.5964,2.6653,2.5928,2.6456,930467.42717889
2025-10-27,2.6457,2.6979,2.6014,2.6346,886749.04086303
2025-10-28,2.6346,2.6883,2.5667,2.6052,433657.72421173
2025-10-29,2.6052,2.6682,2.5409,2.5556,703243.15665262
2025-10-30,2.5555,2.5979,2.3813,2.4437,1058388.41045551
2025-10-31,2.4436,2.5569,2.4386,2.5137,548939.77933125
2025-11-01,2.5137,2.5269,2.4767,2.5098,336776.48544504
2025-11-02,2.5096,2.5572,2.481,2.5309,410079.39891901
2025-11-03,2.5301,2.5342,2.26,2.3137,2136962.7997273
2025-11-04,2.3136,2.3682,2.07,2.2071,2258597.89575888
2025-11-05,2.2068,2.3792,2.1054,2.3448,1049295.72153293
2025-11-06,2.3434,2.4173,2.1811,2.2135,1179994.28838098
2025-11-07,2.2135,2.3724,2.1581,2.3155,691866.52195711
2025-11-08,2.3156,2.3403,2.2452,2.2901,305409.34208619
2025-11-09,2.2901,2.3941,2.2433,2.3686,679180.69515723
2025-11-10,2.3683,2.5829,2.3471,2.5261,1678422.830488
2025-11-11,2.5262,2.5709,2.3826,2.3941,846274.34819217
2025-11-12,2.3944,2.4492,2.3179,2.3894,520875.40938969
2025-11-13,2.3889,2.5244,2.2822,2.3255,1246628.0150522
2025-11-14,2.3233,2.3381,2.2288,2.2474,1225693.64803206
2025-11-15,2.2477,2.3063,2.2125,2.2381,468806.00027698
2025-11-16,2.2381,2.2821,2.16,2.2223,1003259.07656549
2025-11-17,2.223,2.31,2.1208,2.1702,2135076.92219908
2025-11-18,2.1713,2.244,2.1161,2.2218,890441.73526105
2025-11-19,2.222,2.2237,2.0315,2.1118,832800.45428441
2025-11-20,2.1117,2.1483,1.9778,2.0028,988175.67762601
2025-11-21,2.003,2.0347,1.8266,1.9544,1611206.38117903
2025-11-22,1.9552,1.9705,1.8924,1.9543,259802.32738789
2025-11-23,1.9543,2.0858,1.9543,2.053,502317.63881662
2025-11-24,2.0525,2.2901,2.0291,2.2324,1171624.04622069
2025-11-25,2.2325,2.2653,2.1512,2.2049,491205.40650363
2025-11-26,2.2046,2.2553,2.1485,2.2257,372809.20878348
2025-11-27,2.2256,2.2356,2.1753,2.2026,643225.71089987
2025-11-28,2.2023,2.2791,2.161,2.1821,426967.1627446
2025-11-29,2.1821,2.2244,2.1675,2.2046,189346.62832582
2025-11-30,2.2044,2.2161,2.1549,2.1571,121210.54267974
2025-12-01,2.1576,2.1613,1.9868,2.0335,611568.58238203
2025-12-02,2.0334,2.1839,1.9991,2.1546,417731.42532625
2025-12-03,2.1546,2.22,2.1431,2.1969,498689.8405521
2025-12-04,2.1975,2.2127,2.0725,2.0969,339356.84980004
2025-12-05,2.0967,2.1132,2.0138,2.0358,515199.69112117
2025-12-06,2.0357,2.0506,2.0163,2.0326,135839.77099043
2025-12-07,2.0324,2.111,1.9881,2.0458,604410.2229498801
2025-12-08,2.0447,2.1257,2.0344,2.0743,319611.23741052
2025-12-09,2.0734,2.1784,2.0437,2.1081,430715.3095659
2025-12-10,2.1079,2.1114,2.0359,2.0418,378124.94652976
2025-12-11,2.0427,2.0562,1.9796,2.0345,431151.38782484
2025-12-12,2.034,2.0477,1.9716,2.0093,407749.32608365
2025-12-13,2.0093,2.0484,2.0091,2.025,223472.12950917
2025-12-14,2.0249,2.0309,1.9501,1.9788,337883.4630671
2025-12-15,1.9793,2.0143,1.872,1.9019,657228.70915535
2025-12-16,1.9014,1.9507,1.8558,1.9326,411737.07552396
2025-12-17,1.9326,1.9885,1.8505,1.8664,1625914.8995519
2025-12-18,1.8657,1.936,1.8034,1.8108,3646134.26055213
2025-12-19,1.8108,1.9229,1.7743,1.9114,3506766.44897901
2025-12-20,1.9111,1.9611,1.8963,1.9352,1829778.63182828
2025-12-21,1.9353,1.9531,1.897,1.9238,1823862.16109388
2025-12-22,1.9237,1.9517,1.8927,1.9052,1915716.45330127
2025-12-23,1.9042,1.9109,1.8643,1.8737,1809446.34447625
2025-12-24,1.8735,1.8787,1.8374,1.8631,1399255.69204027
2025-12-25,1.8631,1.8898,1.8294,1.8329,963893.98703948
2025-12-26,1.8329,1.8831,1.8253,1.8455,1653801.05478255
2025-12-27,1.8453,1.8809,1.8436,1.8756,545322.66495981
2025-12-28,1.8756,1.881,1.8552,1.8673,742013.05090307
2025-12-29,1.8675,1.9181,1.8448,1.8511,1673623.90353946
2025-12-30,1.8506,1.887,1.8438,1.8784,956222.81326534
2025-12-31,1.8784,1.8849,1.8138,1.8437,1001205.58249144
2026-01-01,1.8437,1.8817,1.8272,1.8806,715549.51037664
2026-01-02,1.8807,2.0312,1.8695,2.0068,1912675.11999778
2026-01-03,2.0068,2.0557,1.9847,2.0179,1319107.9424608
2026-01-04,2.0179,2.1191,2.0155,2.0904,1936344.87043956
2026-01-05,2.0885,2.3663,2.0859,2.3455,2352972.1634896398
2026-01-06,2.3461,2.4136,2.2022,2.2997,3554431.70074958
2026-01-07,2.2996,2.3172,2.1518,2.1653,1468973.65188912
2026-01-08,2.1656,2.192,2.0663,2.1227,1584773.13916571
2026-01-09,2.1226,2.1602,2.0725,2.0955,1338984.26957737
2026-01-10,2.0954,2.1103,2.0807,2.0911,540357.35239351
2026-01-11,2.091,2.1091,2.0442,2.0738,767928.15533088
2026-01-12,2.0727,2.107,2.034,2.0527,1734777.29186147
2026-01-13,2.0528,2.1812,2.0464,2.1624,1897417.41571057
2026-01-14,2.1622,2.1881,2.1107,2.1359,2128236.55536454
2026-01-15,2.1359,2.1405,2.0518,2.0772,1334759.7631471
2026-01-16,2.0772,2.085,2.0248,2.0657,1072861.86863349
2026-01-17,2.0659,2.0829,2.0524,2.0621,1352588.62087863
2026-01-18,2.0619,2.0669,1.9864,1.991,952957.68053791
2026-01-19,1.9897,2.0293,1.8478,1.9856,2047995.12461149
2026-01-20,1.986,1.9905,1.8694,1.8897,1363560.4392939599
2026-01-21,1.8897,1.9897,1.8722,1.9481,1426720.7995833
2026-01-22,1.9481,1.9675,1.9013,1.9243,2433867.77318465
2026-01-23,1.9245,1.9652,1.8877,1.9199,4911938.41570837
2026-01-24,1.921,1.9281,1.9103,1.9139,534349.10778024
2026-01-25,1.9138,1.9161,1.8111,1.8353,1584067.1256437
2026-01-26,1.8353,1.9467,1.8331,1.9065,1601878.98993322
2026-01-27,1.9068,1.9301,1.8751,1.9155,1036461.57260633
2026-01-28,1.9156,1.942,1.8941,1.9109,1264225.21551484
2026-01-29,1.9108,1.9132,1.7765,1.8081,2245490.8234937
2026-01-30,1.8077,1.8128,1.71,1.7348,3877259.29111472
2026-01-31,1.7351,1.7541,1.5042,1.648,6360474.99429068
2026-02-01,1.6481,1.6816,1.554,1.5919,2976257.91132292
2026-02-02,1.5921,1.6585,1.5338,1.6221,4789698.29696674
2026-02-03,1.6219,1.6357,1.5303,1.5809,5877945.76465943
2026-02-04,1.58,1.6136,1.4956,1.5142,6930318.32450374
2026-02-05,1.5141,1.517,1.1392,1.2165,12825815.0221261
2026-02-06,1.2172,1.545,1.121,1.4713,8409556.18018564
2026-02-07,1.4713,1.4881,1.3869,1.4247,5261735.98664395
2026-02-08,1.4248,1.4703,1.4108,1.4316,2249175.97282183
2026-02-09,1.4311,1.465,1.374,1.4378,2348087.62851572
2026-02-10,1.4377,1.4536,1.3934,1.4012,1525911.066516
2026-02-11,1.4013,1.4219,1.345,1.371,2077410.00484454
2026-02-12,1.371,1.4089,1.3479,1.3654,1407116.94019353
2026-02-13,1.3652,1.4292,1.3505,1.4075,1348619.26858389
2026-02-14,1.4081,1.5139,1.4062,1.5109,1651969.63713697
2026-02-15,1.5094,1.6711,1.446,1.4755,5316701.76738199
2026-02-16,1.4756,1.5183,1.4496,1.489,1787764.05025031
2026-02-17,1.4893,1.4959,1.4281,1.4757,2481655.83747094
2026-02-18,1.4757,1.495,1.4128,1.4241,1382306.42152849
2026-02-19,1.4242,1.4393,1.3841,1.4086,2159272.63869939
2026-02-20,1.4082,1.44,1.38,1.4304,2180255.95250497
2026-02-21,1.4306,1.4657,1.4211,1.4312,1034120.22161869
2026-02-22,1.431,1.4346,1.3812,1.3945,1048873.43044133
2026-02-23,1.3943,1.4252,1.3323,1.3536,3221766.06603129
2026-02-24,1.3539,1.3697,1.314,1.3499,2207995.64883079
2026-02-25,1.3498,1.495,1.343,1.4357,3472071.78147363
2026-02-26,1.4353,1.4709,1.3847,1.4041,2628331.9023226
2026-02-27,1.404,1.4277,1.3398,1.3578,2250130.28047967
2026-02-28,1.3579,1.3941,1.2723,1.3775,5285782.05930361
2026-03-01,1.3778,1.4347,1.338,1.3531,2712711.1932297
2026-03-02,1.3536,1.4236,1.335,1.3901,2326374.66305622
2026-03-03,1.3909,1.3958,1.3376,1.3608,1559781.08813396
2026-03-04,1.3606,1.473,1.3458,1.4306,2853926.26132246
2026-03-05,1.4306,1.4527,1.396,1.4034,1727987.09100189
2026-03-06,1.4037,1.4139,1.346,1.3629,2083585.42942148
2026-03-07,1.3631,1.3749,1.347,1.3566,606631.94914949
2026-03-08,1.3566,1.3713,1.3215,1.3399,948489.06209662
2026-03-09,1.34,1.3844,1.3334,1.3636,1941540.80362403
2026-03-10,1.3635,1.443,1.3613,1.3868,2823400.73147294
2026-03-11,1.3871,1.4118,1.3711,1.3852,1504790.17810665
2026-03-12,1.3852,1.3936,1.3657,1.3853,1216958.91576226
2026-03-13,1.3849,1.4525,1.383,1.3983,1989917.60060737
2026-03-14,1.3983,1.4085,1.385,1.4063,787565.2782084
2026-03-15,1.4064,1.4648,1.4021,1.4489,1391674.7103607
2026-03-16,1.4496,1.5522,1.4357,1.5427,2773073.80603691
2026-03-17,1.5426,1.6065,1.4945,1.5181,3110827.1267258
2026-03-18,1.5179,1.5413,1.4359,1.4647,2222536.26887824
2026-03-19,1.4648,1.481,1.4223,1.4479,3041136.46060929
2026-03-20,1.4478,1.4661,1.4256,1.4457,1098716.74478627
2026-03-21,1.4457,1.4529,1.4001,1.4085,756370.38056511
2026-03-22,1.4084,1.4262,1.3717,1.3851,1433469.32133963
2026-03-23,1.3852,1.4662,1.3621,1.4321,2048991.28942745
2026-03-24,1.4323,1.4352,1.384,1.4158,1737604.07406713
2026-03-25,1.4159,1.4262,1.4069,1.4143,468564.27480834
2026-03-26,1.4143,1.416,1.3354,1.3607,1521479.55092213
2026-03-27,1.3609,1.3723,1.3177,1.3255,1792740.77154032
2026-03-28,1.3255,1.3582,1.3192,1.3332,1000742.18331569
2026-03-29,1.3332,1.3423,1.2953,1.3277,1180617.92084317
2026-03-30,1.3278,1.3663,1.3166,1.3236,1981885.7414148499
2026-03-31,1.3237,1.3497,1.304,1.3405,1898710.05821061
2026-04-01,1.3404,1.3675,1.3309,1.3466,1657791.07664068
2026-04-02,1.3453,1.3562,1.28,1.3183,2024317.79676239
2026-04-03,1.3191,1.3343,1.3028,1.3177,1045428.0955911
2026-04-04,1.3177,1.3224,1.3062,1.3153,774434.20843407
2026-04-05,1.3152,1.332,1.2785,1.3256,1386931.81914402
2026-04-06,1.3257,1.3563,1.3119,1.3206,1323722.93334202
2026-04-07,1.3204,1.395,1.2944,1.3774,2671261.63415365
2026-04-08,1.3775,1.3889,1.3386,1.3421,2604743.00649568
2026-04-09,1.3421,1.3685,1.3213,1.3433,1161296.87639079
2026-04-10,1.3427,1.3658,1.3344,1.3557,1147694.90600414
2026-04-11,1.3556,1.3752,1.3395,1.3542,883985.89170731
2026-04-12,1.3544,1.3556,1.3184,1.3239,916640.64288458
2026-04-13,1.3242,1.3838,1.3187,1.3739,1500772.60161966
2026-04-14,1.3759,1.3961,1.3521,1.3613,1636632.08085894
2026-04-15,1.3613,1.4087,1.3499,1.3921,1906353.1019326
2026-04-16,1.3924,1.4669,1.3867,1.4526,3594866.27248364
2026-04-17,1.4528,1.5094,1.4222,1.4762,3236346.42958297
2026-04-18,1.4755,1.4822,1.4235,1.4322,1985668.60766405
2026-04-19,1.4321,1.447,1.391,1.394,1619170.99346412
2026-04-20,1.394,1.4369,1.393,1.4247,1839417.51650102
2026-04-21,1.4245,1.4492,1.4114,1.4335,1391611.39083284
2026-04-22,1.4338,1.4625,1.4268,1.4295,1546099.61621205
2026-04-23,1.4295,1.4427,1.4095,1.4394,1362132.62595905
2026-04-24,1.4395,1.4509,1.4246,1.4339,2161461.40727144
2026-04-25,1.4338,1.4379,1.4188,1.4239,1225397.66371279
2026-04-26,1.4238,1.4368,1.4178,1.4312,965647.57675062
2026-04-27,1.4315,1.4475,1.377,1.4014,2040534.57770734
2026-04-28,1.4015,1.4015,1.3682,1.3814,1102066.10012107
2026-04-29,1.3814,1.407,1.3457,1.3691,1402780.08251786
2026-04-30,1.3695,1.3849,1.3593,1.368,1164566.16807979
2026-05-01,1.3679,1.4,1.3647,1.3852,1231149.18542324
2026-05-02,1.3858,1.4,1.3809,1.3932,811615.98278344
2026-05-03,1.3933,1.4038,1.3811,1.3875,705584.46528943
2026-05-04,1.3874,1.4205,1.3825,1.391,2172894.05651166
2026-05-05,1.3909,1.4212,1.3898,1.4119,1416032.02952453
2026-05-06,1.4118,1.4562,1.4069,1.4238,1700775.04546375
2026-05-07,1.4238,1.4247,1.3795,1.3863,1405189.07384297
2026-05-08,1.3869,1.4267,1.3772,1.418,1022915.81473474
2026-05-09,1.4179,1.4346,1.4105,1.4198,1012036.05862963
2026-05-10,1.4199,1.5069,1.4113,1.4724,2727155.75764388
2026-05-11,1.4725,1.4877,1.4392,1.4766,1696081.0731957
2026-05-12,1.4766,1.4838,1.4177,1.4365,2078806.54635659
2026-05-13,1.4364,1.4685,1.411,1.4267,1455178.63001892
2026-05-14,1.4268,1.5492,1.42,1.4849,2181285.12277079
2026-05-15,1.4846,1.4993,1.4261,1.4332,2113998.13410608
2026-05-16,1.4332,1.4385,1.3955,1.4129,1396532.62510935
2026-05-17,1.4132,1.4289,1.35,1.4014,1223868.66099851
2026-05-18,1.4014,1.4021,1.3638,1.39,1715287.5761215
2026-05-19,1.39,1.3985,1.3522,1.362,1077943.57705436
2026-05-20,1.3618,1.3809,1.3485,1.3679,1379326.10364753
2026-05-21,1.3678,1.3865,1.3515,1.3739,1223002.18598963
2026-05-22,1.3739,1.3761,1.3301,1.3347,1030863.79266344
2026-05-23,1.3343,1.3769,1.3011,1.3593,1298080.68254872
2026-05-24,1.3594,1.3723,1.3343,1.3517,1015488.73483799
2026-05-25,1.3521,1.3665,1.345,1.3513,777536.4587494
2026-05-26,1.3515,1.3661,1.3272,1.3294,1316339.37434813
2026-05-27,1.3294,1.3432,1.3036,1.3077,1610953.3434096
2026-05-28,1.3077,1.3379,1.2675,1.3154,3266576.29767586
2026-05-29,1.3154,1.3333,1.2942,1.33,1380405.66160742
2026-05-30,1.3301,1.367,1.3282,1.3412,1133119.83694513
2026-05-31,1.3412,1.349,1.3213,1.3336,756995.40196548
2026-06-01,1.3337,1.3416,1.2798,1.2973,1479683.74091777
2026-06-02,1.2972,1.2972,1.1934,1.2108,2346940.46940509
2026-06-03,1.2109,1.2483,1.186,1.2001,1560997.34949282
2026-06-04,1.1996,1.2103,1.1403,1.1679,3655569.19287363
2026-06-05,1.168,1.1738,1.0707,1.0988,3621466.35734292
2026-06-06,1.0988,1.1157,1.0511,1.0949,1716886.41214939
2026-06-07,1.0948,1.1753,1.0899,1.1573,1139376.87604784
2026-06-08,1.1569,1.1878,1.1333,1.1694,1147783.08306266
2026-06-09,1.1693,1.1779,1.1188,1.1382,1663847.16038
2026-06-10,1.1383,1.1418,1.09,1.0984,1172792.9737471
2026-06-11,1.0984,1.1508,1.0972,1.1424,1657388.47270201
2026-06-12,1.1424,1.1577,1.1254,1.1318,839697.72554074
2026-06-13,1.1319,1.1595,1.1284,1.1491,775997.81269081
2026-06-14,1.1489,1.1861,1.1252,1.1846,1071045.61680743
2026-06-15,1.1851,1.2922,1.1766,1.2376,2836403.16080076
2026-06-16,1.2376,1.255,1.2041,1.2157,3213795.77994933
2026-06-17,1.2158,1.2262,1.1695,1.1836,1312335.34438595
2026-06-18,1.1839,1.19,1.1319,1.1455,1615114.97752209
2026-06-19,1.1455,1.1522,1.1186,1.1354,630729.28280558
2026-06-20,1.1355,1.1555,1.1334,1.1501,510020.7649123
2026-06-21,1.1501,1.1527,1.1214,1.1249,494735.32403348
2026-06-22,1.1249,1.1639,1.1216,1.1296,750641.14011953
2026-06-23,1.1296,1.1334,1.092,1.1104,658052.28893382
2026-06-24,1.1104,1.114,1.0468,1.0739,1916408.4784023
2026-06-25,1.074,1.0902,1.0124,1.0436,1145080.32908564
2026-06-26,1.0437,1.056,1.0075,1.0488,805440.23211997
2026-06-27,1.0489,1.0771,1.0445,1.0473,435347.84708863
2026-06-28,1.0474,1.0584,1.0332,1.0485,383828.08860314003
2026-06-29,1.0484,1.0765,1.0324,1.0584,814913.51543936
2026-06-30,1.0583,1.059,1.0276,1.0404,465819.55274052
2026-07-01,1.0404,1.0741,1.022,1.0535,819763.8456212
2026-07-02,1.0533,1.113,1.0448,1.0888,1289126.02906029
2026-07-03,1.0887,1.1463,1.083,1.1355,2151572.48558611
2026-07-04,1.1357,1.1846,1.1308,1.1578,1716260.81850178
2026-07-05,1.1578,1.1696,1.1257,1.1574,1141581.32728863
2026-07-06,1.1577,1.1644,1.1104,1.1448,1148135.33597455
2026-07-07,1.1449,1.1517,1.107,1.1114,1025954.56807915
2026-07-08,1.1114,1.1162,1.0698,1.0908,1087591.92194134
2026-07-09,1.0908,1.1031,1.0832,1.0936,473177.21545939
2026-07-10,1.0936,1.1182,1.0893,1.1046,664451.03547671
2026-07-11,1.1046,1.1197,1.0966,1.0973,328468.97574886
2026-07-12,1.097,1.1033,1.0802,1.0861,507437.43411459
2026-07-13,1.0861,1.1023,1.0536,1.0675,998075.23756358
2026-07-14,1.0676,1.1216,1.0613,1.1126,983148.37695637
2026-07-15,1.1127,1.1309,1.0999,1.114,699138.82544911
2026-07-16,1.114,1.1194,1.0849,1.0876,816321.68007859
2026-07-17,1.0874,1.0964,1.0702,1.0897,1010152.65166282
2026-07-18,1.0898,1.0994,1.0841,1.0934,737624.99120272
2026-07-19,1.0934,1.1026,1.0895,1.0984,413467.51990836
2026-07-20,1.0986,1.1216,1.0834,1.1131,995967.72342929
2026-07-21,1.113,1.165,1.1119,1.1445,856588.41211044
2026-07-22,1.1444,1.1576,1.1288,1.1424,524698.13868894
2026-07-23,1.1424,1.1454,1.1019,1.1086,455549.4231488
2026-07-24,1.1085,1.122,1.0854,1.0925,609270.08220151
2026-07-25,1.0926,1.1086,1.0861,1.0985,469521.85476981
2026-07-26,1.0984,1.1173,1.0961,1.1138,567337.43648003
2026-07-27,1.1139,1.1149,1.0622,1.0666,2053355.65193287
2026-07-28,1.0664,1.0708,1.0455,1.0692,592733.64540109
2026-07-29,1.0693,1.0938,1.063,1.0739,1186406.55058486
2026-07-30,1.0739,1.095,1.0689,1.0829,621440.54290254
2026-07-31,1.0836,1.0902,1.0582,1.0619,823502.44584271
2026-08-01,1.062,1.0675,1.0473,1.0606,313437.35476206
2026-08-02,1.0606,1.0848,1.0606,1.0842,126730.19559102
