time,open,high,low,close,volume
2016-10-29,20000.0,20000.0,1411.0,3591.3,0.20518782
2016-10-30,2798.0,2799.9,518.2,558.0,2.88196192
2016-10-31,585.89,2616.5,470.41,1658.7,22.749710970000017
2016-11-01,1650.0,2498.0,853.0,1350.0,15.111090760000012
2016-11-02,1291.0,1700.0,928.3,943.1,23.24580118
2016-11-03,1017.0,1219.0,914.57,993.4,11.857674620000022
2016-11-04,866.66,886.21,620.0,620.0,4.699821470000003
2016-11-05,608.0,650.0,500.1,502.5,15.817793680000001
2016-11-06,502.0,502.01,327.0,333.0,24.558091360000002
2016-11-07,333.0,395.09,241.11,241.11,10.55213198
2016-11-08,241.11,298.66,170.1,281.0,13.454640889999974
2016-11-09,310.0,349.9,226.1,349.9,22.93475808000001
2016-11-10,252.3,259.9,221.1,221.6,9.082551699999994
2016-11-11,221.21,232.67,190.1,191.11,12.074288349999998
2016-11-12,191.11,191.11,147.0,147.0,14.657702499999992
2016-11-13,142.0,164.89,117.1,117.1,31.91095295999999
2016-11-14,117.1,144.0,100.01,106.5,46.36284183000002
2016-11-15,101.11,132.59,100.0,108.12,27.539375550000006
2016-11-16,109.0,128.75,95.457,95.457,27.167830910000017
2016-11-17,100.01,104.76,85.34,85.34,20.362922990000012
2016-11-18,85.34,85.34,67.4,68.71,13.795645589999998
2016-11-19,70.0,74.5,63.111,63.6,30.841819830000006
2016-11-20,63.8,65.5,60.445,60.445,12.135716589999998
2016-11-21,60.445,60.79,53.291,53.303,15.037075450000001
2016-11-22,53.291,72.89,50.2,56.501,81.00677536000008
2016-11-23,58.219,91.577,56.527,77.402,89.08082320000005
2016-11-24,79.5,107.0,68.301,95.0,394.69010374999965
2016-11-25,99.21,107.7,83.523,90.0,159.09484954000013
2016-11-26,90.0,100.0,75.111,77.862,89.23451223999997
2016-11-27,76.204,81.423,65.996,69.0,160.80449899999996
2016-11-28,69.0,76.29,65.111,72.133,57.99379971000002
2016-11-29,70.889,78.055,67.111,67.386,154.40206247000023
2016-11-30,67.386,72.275,65.377,67.003,82.28857490999997
2016-12-01,67.101,68.2,60.311,62.057,157.16850239999997
2016-12-02,62.16,65.0,58.922,59.06,601.4088025700007
2016-12-03,58.207,60.2,57.836,58.868,198.1551551199998
2016-12-04,58.868,61.899,56.95,57.342,645.1413316999991
2016-12-05,57.394,59.098,53.756,53.756,948.1947724000005
2016-12-06,53.756,59.889,46.201,47.785,870.9231085599974
2016-12-07,48.794,61.878,46.836,55.0,232.4379014499999
2016-12-08,55.154,57.31,52.201,52.841,74.76875265000001
2016-12-09,52.495,52.495,48.504,49.429,28.593636079999992
2016-12-10,49.49,50.282,47.227,48.291,14.871209560000004
2016-12-11,48.418,50.143,47.804,47.907,4.90432661
2016-12-12,47.889,50.0,47.889,48.435,34.905156189999985
2016-12-13,49.023,49.96,46.111,46.111,84.83279304000001
2016-12-14,46.25,46.757,42.172,43.479,91.64622639000028
2016-12-15,42.933,44.354,39.118,39.55,25.078195259999987
2016-12-16,39.547,41.605,39.406,39.922,5.016352180000002
2016-12-17,39.943,40.153,35.408,35.614,24.138485130000003
2016-12-18,35.617,40.0,34.6,36.349,11.47455207
2016-12-19,36.08,37.209,33.519,34.002,87.45940838999996
2016-12-20,34.072,39.998,34.072,35.614,260.7534534000002
2016-12-21,35.544,39.152,35.112,35.961,67.97751748000002
2016-12-22,35.592,47.889,35.592,46.881,491.0746934799994
2016-12-23,47.514,63.199,44.7,51.141,445.76768836
2016-12-24,51.111,54.0,46.697,47.02,98.85731489000011
2016-12-25,47.02,48.321,42.701,45.377,37.41058793000002
2016-12-26,45.335,46.687,41.219,42.574,28.02282603999999
2016-12-27,42.301,47.508,41.401,43.401,46.54962859000001
2016-12-28,43.327,54.6,43.116,47.929,215.47343668999997
2016-12-29,48.249,52.799,48.249,50.397,118.94285624999999
2016-12-30,50.397,51.732,49.503,50.027,94.44024765000002
2016-12-31,50.0,60.0,47.601,47.676,70.13336611999998
2017-01-01,47.693,50.699,47.558,48.064,66.29293702000004
2017-01-02,48.064,50.996,47.824,49.099,206.93220039000008
2017-01-03,49.001,51.598,47.701,49.159,83.96375881000003
2017-01-04,48.684,55.0,48.684,55.0,146.08418835000055
2017-01-05,55.0,56.51,44.111,47.849,590.4505684499998
2017-01-06,49.53,50.889,44.901,46.6,130.42129921999998
2017-01-07,47.0,47.398,43.6,46.547,103.59961155999999
2017-01-08,46.479,48.315,45.65,46.2,114.77180668000001
2017-01-09,46.2,47.081,46.01,46.01,505.24365325999986
2017-01-10,46.01,46.301,44.9,45.347,487.63932763999986
2017-01-11,45.251,46.294,40.0,40.331,365.6225603400004
2017-01-12,40.0,45.889,39.301,43.393,119.44928318999996
2017-01-13,42.51,44.499,42.378,43.952,61.85713098000001
2017-01-14,42.88,44.386,42.537,43.225,277.7643947900002
2017-01-15,43.017,45.19,42.951,44.616,58.631509130000005
2017-01-16,44.413,46.357,43.229,43.807,99.89526360999997
2017-01-17,43.35,45.407,43.35,44.11,85.1050322
2017-01-18,44.211,44.4,41.943,43.302,582.9400906000002
2017-01-19,43.543,44.261,42.938,44.092,55.48956610999999
2017-01-20,44.234,44.234,43.027,43.202,8.403132620000003
2017-01-21,43.211,44.8,43.064,43.42,138.44616882
2017-01-22,43.822,44.679,42.838,43.499,128.65903383
2017-01-23,43.49,43.955,42.67,43.105,27.496805659999996
2017-01-24,42.67,43.33,40.894,40.894,111.3523431900003
2017-01-25,41.433,41.9,39.531,39.531,448.4552026199994
2017-01-26,40.163,41.463,36.912,38.165,255.05693290999972
2017-01-27,37.876,40.0,37.8,38.192,302.9440748800001
2017-01-28,38.011,38.944,38.01,38.055,143.47380619000012
2017-01-29,38.055,41.073,38.055,38.23,115.24258305000004
2017-01-30,38.2,40.299,38.2,39.619,124.09696606000006
2017-01-31,39.897,40.5,38.847,39.3,385.18048920999973
2017-02-01,39.3,40.0,39.0,39.501,162.98801298
2017-02-02,39.908,39.908,38.86,39.0,26.794836099999998
2017-02-03,38.86,39.089,37.253,38.209,414.38478225
2017-02-04,38.581,39.046,37.839,38.637,178.58729455999998
2017-02-05,39.145,39.145,37.254,37.257,357.03906605999987
2017-02-06,37.761,38.5,36.732,36.732,386.3528066700001
2017-02-07,36.732,37.287,34.946,36.305,564.1177727799995
2017-02-08,36.33,36.528,34.133,35.0,464.86035595999994
2017-02-09,34.7,38.0,32.0,32.781,2405.469656919999
2017-02-10,32.723,33.195,32.0,32.444,219.02193446999993
2017-02-11,33.154,33.384,32.12,32.7,46.35198105999999
2017-02-12,32.467,32.595,31.501,31.501,896.8983804199996
2017-02-13,31.445,34.076,30.4,30.4,1180.8441835700005
2017-02-14,30.4,32.88,30.4,32.88,769.3691516899999
2017-02-15,32.429,35.1,31.29,33.9,635.9863923900015
2017-02-16,33.82,34.561,32.752,32.752,709.6568252899998
2017-02-17,32.666,33.161,31.604,32.05,310.72221730999996
2017-02-18,32.279,32.367,30.763,30.763,914.4237474699994
2017-02-19,30.745,31.46,30.5,30.512,301.5957491699999
2017-02-20,30.512,31.989,30.4,31.33,432.22612125999956
2017-02-21,31.15,31.199,30.01,30.01,453.61087096999995
2017-02-22,30.01,30.227,27.01,27.112,1042.2777231499992
2017-02-23,27.217,33.89,26.303,30.275,2539.06536125
2017-02-24,30.451,32.4,28.01,30.017,1491.5574167199989
2017-02-25,30.119,31.0,28.47,29.0,446.89123693999943
2017-02-26,28.7,30.372,28.604,29.541,191.10887562000005
2017-02-27,29.9,38.0,29.701,36.598,4496.4112414199935
2017-02-28,36.5,38.798,34.295,37.25,2202.9360688399993
2017-03-01,37.233,41.816,37.201,41.535,1086.3733228000006
2017-03-02,41.999,42.64,39.1,39.98,1376.0819738600007
2017-03-03,39.98,42.639,38.003,42.003,919.22038976
2017-03-04,42.117,43.598,39.929,41.8,1349.9377983299978
2017-03-05,41.7,41.925,39.003,39.54,228.57187072999986
2017-03-06,39.871,40.5,38.001,40.138,849.8095881400004
2017-03-07,39.972,40.833,37.003,38.002,550.0264698099996
2017-03-08,38.001,38.376,35.101,35.363,774.9361005499993
2017-03-09,35.372,37.506,35.001,37.034,320.1747437100001
2017-03-10,36.601,39.999,33.001,34.899,2974.305400270003
2017-03-11,34.992,39.769,34.992,39.499,1962.1710870100005
2017-03-12,39.207,40.999,37.56,40.024,1500.7820767800001
2017-03-13,40.2,49.308,40.05,47.872,5980.224455310004
2017-03-14,48.248,48.998,43.001,44.801,3401.7427077899997
2017-03-15,45.198,46.606,43.101,45.71,3273.7830411999958
2017-03-16,46.122,49.9,45.001,48.303,4428.592304079991
2017-03-17,48.303,53.935,45.1,47.1,10021.980244220003
2017-03-18,47.698,100.0,46.601,64.0,18275.12788144994
2017-03-19,63.29,81.0,57.081,68.001,5625.591508310016
2017-03-20,68.4,80.0,68.001,70.684,4225.082671120002
2017-03-21,70.904,73.109,63.003,65.551,7772.976733340013
2017-03-22,65.51,71.0,63.732,68.0,2991.368487179999
2017-03-23,68.997,69.0,65.013,65.901,1566.511957859999
2017-03-24,65.921,72.998,52.13,64.971,13875.600856919971
2017-03-25,64.947,66.0,62.0,63.084,2000.4500511899987
2017-03-26,63.667,65.496,58.204,59.17,1397.1980691300018
2017-03-27,59.062,62.0,52.836,53.222,2874.634131139997
2017-03-28,53.61,74.99,52.9,64.936,14408.824256049991
2017-03-29,64.991,68.497,61.32,63.224,3150.709008239999
2017-03-30,63.236,63.52,60.91,61.91,2955.7984716900073
2017-03-31,62.314,63.633,60.02,62.507,3257.6855067999973
2017-04-01,62.73,64.441,61.5,61.668,2138.4751891100013
2017-04-02,61.96,62.2,59.45,61.0,3937.8708207999953
2017-04-03,60.999,64.1,59.26,59.6,2495.238166049999
2017-04-04,59.725,60.728,57.653,58.36,1219.4644220900009
2017-04-05,59.223,61.262,57.6,59.504,1952.061580830001
2017-04-06,59.889,60.081,54.01,58.5,2366.053087019998
2017-04-07,58.5,62.349,56.014,60.454,2715.487992339998
2017-04-08,60.326,66.0,58.609,63.952,2716.614135840002
2017-04-09,63.999,78.0,63.01,64.0,12224.639408820056
2017-04-10,63.485,71.0,63.485,65.499,3211.421506159996
2017-04-11,65.496,66.8,62.508,63.057,2139.5518706999983
2017-04-12,63.265,64.748,61.119,63.713,2866.4784132200016
2017-04-13,63.186,65.805,62.0,65.753,1724.019740989999
2017-04-14,65.807,74.0,64.285,73.101,8157.629391390034
2017-04-15,73.5,79.533,70.397,74.113,6261.558816089981
2017-04-16,74.187,75.746,71.85,72.905,2398.798101520004
2017-04-17,72.909,73.5,70.649,72.1,2462.589262560003
2017-04-18,72.14,75.0,72.14,74.63,5250.443191650006
2017-04-19,74.5,75.3,73.046,73.983,2119.80184322
2017-04-20,73.085,73.998,70.2,70.965,3563.251025970002
2017-04-21,70.615,74.0,70.51,73.3,2213.0597476400003
2017-04-22,73.3,75.268,71.51,74.457,1563.3850257899987
2017-04-23,74.466,74.758,72.0,73.597,1683.67228138
2017-04-24,73.635,74.753,71.701,73.41,929.0195875499995
2017-04-25,73.418,75.0,73.418,74.9,973.1692293800011
2017-04-26,74.966,84.0,74.45,78.38,10205.13646929001
2017-04-27,78.175,88.0,78.0,84.0,4806.819109730003
2017-04-28,84.0,91.59,83.545,91.262,6637.1621330799935
2017-04-29,90.1,105.2,88.394,103.87,7052.424291950002
2017-04-30,102.57,109.87,96.06,101.37,10426.596047020046
2017-05-01,100.96,116.63,90.44,97.0,14245.23485496007
2017-05-02,97.04,103.5,94.01,98.245,12485.41001990008
2017-05-03,98.235,101.4,94.0,98.26,14277.282130269932
2017-05-04,98.504,108.9,98.01,103.53,10608.728111040064
2017-05-05,103.64,116.0,100.04,103.6,9289.452867820039
2017-05-06,103.5,112.87,101.88,109.75,5455.813769000001
2017-05-07,109.72,111.4,102.01,105.32,6632.1408955300185
2017-05-08,105.21,113.3,104.14,106.08,4714.489725830007
2017-05-09,105.07,105.75,90.01,95.044,7412.167682210034
2017-05-10,96.644,103.0,92.94,96.771,4934.757056390013
2017-05-11,97.919,99.889,95.0,95.38,2708.7020499799874
2017-05-12,96.5,103.96,95.08,99.12,3111.948037329999
2017-05-13,98.343,99.04,95.08,98.61,1389.5629870700002
2017-05-14,97.635,99.829,94.576,98.13,536.4229720400002
2017-05-15,97.108,99.0,94.125,94.606,1199.3945083899994
2017-05-16,94.667,96.634,91.191,91.191,1037.8028394
2017-05-17,91.385,95.624,88.0,94.969,1577.5590637000007
2017-05-18,94.392,97.811,88.0,97.501,3865.9368540199785
2017-05-19,97.642,108.0,96.903,105.14,5421.809153399994
2017-05-20,104.86,109.0,102.04,106.62,2629.090187670006
2017-05-21,106.39,121.85,103.71,117.68,8357.886165219996
2017-05-22,119.05,289.97,117.45,199.74,31475.241465769945
2017-05-23,198.0,302.0,182.2,237.86,17571.86489495017
2017-05-24,230.55,287.58,227.19,228.9,12396.232603030045
2017-05-25,228.89,260.4,186.2,219.54,13533.837063110092
2017-05-26,215.0,246.38,171.0,189.98,10577.419254310002
2017-05-27,189.98,198.77,141.0,176.89,12181.410946560016
2017-05-28,178.0,203.57,170.12,185.3,6401.630728319992
2017-05-29,185.33,204.44,178.54,196.5,7068.122902550004
2017-05-30,197.96,240.0,193.3,225.92,8483.349214190006
2017-05-31,224.78,246.08,212.3,220.72,5543.805880590032
2017-06-01,220.37,255.67,220.0,238.91,5677.427430210049
2017-06-02,238.3,247.63,230.01,232.37,3709.0779651100074
2017-06-03,232.36,234.9,215.59,219.9,2747.3337559
2017-06-04,219.13,238.3,218.4,234.02,3648.898363320001
2017-06-05,234.0,264.7,229.8,241.14,9894.926001530046
2017-06-06,241.16,260.0,234.59,255.0,8774.052952850025
2017-06-07,255.0,320.4,250.0,260.0,14259.375252349959
2017-06-08,260.0,285.0,257.0,269.84,5057.091290790011
2017-06-09,269.84,279.99,268.42,279.9,3158.8563252500007
2017-06-10,279.9,320.0,278.74,319.0,7436.261891359985
2017-06-11,319.0,336.0,302.0,327.44,7866.152580449999
2017-06-12,327.4,335.06,250.0,299.0,11962.863103859912
2017-06-13,299.59,372.28,294.14,362.28,9540.64568172002
2017-06-14,362.22,435.0,335.73,372.0,12907.324226749803
2017-06-15,372.0,406.87,267.0,380.0,13896.181903610064
2017-06-16,380.0,395.99,347.0,375.05,7883.427112409984
2017-06-17,375.51,400.0,349.0,392.53,5892.970356390036
2017-06-18,392.48,395.0,359.59,372.06,3419.466287619995
2017-06-19,372.1,406.57,367.03,400.2,3515.533130139995
2017-06-20,400.2,433.0,394.02,409.09,7508.405564610039
2017-06-21,408.9,417.25,346.55,384.35,5127.6855115999715
2017-06-22,383.0,390.59,360.73,379.19,3083.0304987500085
2017-06-23,379.9,388.0,375.01,375.82,1015.0868677800011
2017-06-24,375.82,378.7,337.14,345.57,2310.839515530009
2017-06-25,346.52,349.01,287.03,315.91,4050.4945820399935
2017-06-26,313.01,320.0,255.0,295.09,8739.761730680018
2017-06-27,298.71,329.55,260.01,321.06,9463.456487470221
2017-06-28,320.98,339.61,302.0,335.38,4909.170977880003
2017-06-29,334.19,339.69,300.01,311.89,7461.814024800013
2017-06-30,311.9,313.6,286.87,292.31,3278.4023553099973
2017-07-01,291.72,300.0,260.01,273.4,5102.655717790006
2017-07-02,273.11,297.39,260.0,290.49,4853.218146290004
2017-07-03,290.5,296.42,275.15,287.38,3260.272548040003
2017-07-04,287.61,298.92,272.65,278.89,4004.0640629400073
2017-07-05,278.0,286.85,264.89,280.85,2616.9898329199946
2017-07-06,280.87,289.98,270.3,284.81,1904.6106713299982
2017-07-07,286.0,288.5,246.14,248.43,5323.572601000017
2017-07-08,246.67,253.0,230.22,253.0,4471.965419990016
2017-07-09,252.87,262.0,240.01,240.88,2426.224546010004
2017-07-10,240.17,240.3,175.0,192.58,12645.258718040022
2017-07-11,192.59,200.0,162.0,178.0,19932.009965660105
2017-07-12,176.5,218.41,166.0,212.95,9054.585495860074
2017-07-13,213.93,215.31,184.05,192.66,5075.44652656
2017-07-14,192.41,194.76,164.29,177.32,4984.13235827
2017-07-15,177.62,178.4,155.11,161.59,7212.64658773
2017-07-16,160.09,167.99,146.91,167.01,12750.62305904
2017-07-17,167.01,182.11,160.01,180.04,11143.11039863
2017-07-18,180.0,225.0,171.85,200.26,14344.6969566
2017-07-19,199.73,217.73,180.01,181.0,8420.68014285
2017-07-20,183.58,219.99,182.0,210.96,9210.64992821
2017-07-21,210.11,217.0,200.5,201.85,6527.97822387
2017-07-22,202.14,220.0,201.59,218.32,2318.07749278
2017-07-23,218.31,228.0,207.55,212.0,6599.04121448
2017-07-24,211.77,214.47,205.29,212.18,4219.44059813
2017-07-25,212.0,212.26,176.8,186.2,9409.65650412
2017-07-26,186.2,191.69,172.49,189.84,8033.10518663
2017-07-27,190.65,193.54,181.05,185.85,2234.95829506
2017-07-28,185.94,190.93,172.78,177.86,4387.87997368
2017-07-29,176.32,186.89,165.11,186.63,3563.19094883
2017-07-30,185.99,187.0,172.0,174.42,2799.35776631
2017-07-31,174.42,177.53,167.57,172.69,2098.81031278
2017-08-01,172.95,195.45,171.55,191.0,5568.87101474
2017-08-02,191.01,196.37,180.0,188.07,8151.60622856
2017-08-03,188.15,191.63,183.32,189.02,2227.07197515
2017-08-04,190.1,191.15,183.76,186.9,2058.41440012
2017-08-05,186.9,216.96,185.23,203.65,11363.050897
2017-08-06,203.66,213.0,203.65,207.41,4378.56883039
2017-08-07,207.89,212.59,200.01,208.63,5118.75809762
2017-08-08,209.7,257.65,208.32,245.41,16427.58287534
2017-08-09,245.27,259.0,229.56,241.39,16275.99774727
2017-08-10,241.25,249.29,227.13,231.0,7584.99080076
2017-08-11,230.99,238.23,223.0,235.5,5003.71614493
2017-08-12,235.5,236.77,216.1,222.93,6382.39895898
2017-08-13,222.9,226.16,197.83,214.19,7110.0124309
2017-08-14,214.3,217.45,202.0,210.95,5778.21110914
2017-08-15,209.65,215.16,196.68,212.57,6554.65521908
2017-08-16,212.51,222.76,205.55,217.06,6016.97066581
2017-08-17,217.65,219.45,202.32,208.01,5081.6197787
2017-08-18,208.01,212.5,199.55,199.76,6112.47137298
2017-08-19,199.55,249.0,191.0,232.09,19576.12545782
2017-08-20,232.2,253.0,223.25,240.08,13154.27830725
2017-08-21,240.0,260.77,229.0,238.99,13919.05710981
2017-08-22,238.99,242.51,205.63,226.36,10351.87602684
2017-08-23,226.0,242.3,223.0,227.0,7275.49043531
2017-08-24,227.01,233.7,223.1,228.35,2369.09744704
2017-08-25,228.0,259.99,227.92,238.4,9623.00897081
2017-08-26,238.39,302.0,235.3,300.98,35281.6934952
2017-08-27,300.97,300.98,265.0,273.34,15876.38129219
2017-08-28,272.75,282.15,255.0,275.78,17204.04218667
2017-08-29,275.67,278.07,261.33,269.66,9663.81752253
2017-08-30,270.74,282.0,267.6,274.63,7318.11091608
2017-08-31,274.49,288.2,270.36,285.8,6868.32106781
2017-09-01,286.4,314.99,283.02,307.0,18684.71306641
2017-09-02,307.0,312.0,215.0,252.17,23735.09920882
2017-09-03,251.94,269.97,240.01,263.0,11982.11697544
2017-09-04,263.0,264.0,198.72,219.81,20673.77771308
2017-09-05,220.59,238.08,195.71,228.48,13498.6413342
2017-09-06,228.49,250.3,224.27,247.8,13580.88140052
2017-09-07,247.8,253.0,235.07,247.56,10222.47283013
2017-09-08,247.57,247.84,211.1,221.1,9410.02903139
2017-09-09,222.87,222.87,207.3,219.7,7286.77765061
2017-09-10,219.8,228.9,198.0,216.52,11795.78777279
2017-09-11,216.56,222.31,208.62,213.81,4872.92433229
2017-09-12,212.44,225.49,204.09,208.94,10636.03025207
2017-09-13,208.62,213.1,182.12,198.19,18226.23702887
2017-09-14,198.19,206.89,160.89,161.37,18808.18306795
2017-09-15,161.43,192.42,142.14,187.0,28088.07364117
2017-09-16,187.9,190.83,167.36,179.86,11349.31680623
2017-09-17,178.56,181.14,166.27,177.0,9231.18774522
2017-09-18,177.0,196.5,177.0,195.19,13897.4529239
2017-09-19,195.61,197.39,181.31,188.5,13241.21359078
2017-09-20,188.61,195.0,183.0,187.86,5604.77419691
2017-09-21,189.01,192.15,173.6,175.48,8058.58123037
2017-09-22,175.35,205.61,174.72,195.46,32747.83461008
2017-09-23,195.79,218.66,191.63,204.98,19242.62720898
2017-09-24,204.98,208.2,199.46,205.44,7694.3711811
2017-09-25,204.97,236.0,196.15,231.64,29751.58146454
2017-09-26,231.6,236.0,229.33,231.6,8680.81103491
2017-09-27,232.11,299.5,229.53,287.38,97802.81298934
2017-09-28,287.09,455.25,280.8,310.47,213144.733997
2017-09-29,310.5,312.1,270.3,289.95,62485.89986198
2017-09-30,290.01,297.0,275.27,277.74,24743.62681531
2017-10-01,278.5,281.08,262.84,265.79,13505.68387619
2017-10-02,265.11,279.43,252.19,256.98,27268.45932967
2017-10-03,257.7,261.53,236.4,252.23,20896.52841347
2017-10-04,252.61,253.82,236.19,236.91,11171.0072989
2017-10-05,236.54,267.7,227.3,256.52,27981.89272884
2017-10-06,256.0,274.7,252.38,257.75,21556.0144238
2017-10-07,258.2,266.29,243.2,253.57,12515.00019122
2017-10-08,254.02,257.72,240.9,242.15,10713.84230097
2017-10-09,241.36,244.92,222.0,229.99,16515.17855409
2017-10-10,229.99,244.44,225.24,234.71,11714.52293472
2017-10-11,235.67,240.15,229.3,236.05,5614.10379402
2017-10-12,236.02,238.9,225.9,227.18,14005.15890185
2017-10-13,226.32,256.0,222.0,239.6,28771.52456721
2017-10-14,239.45,242.95,237.7,241.42,7693.96295211
2017-10-15,241.45,241.57,226.53,232.11,10424.52401114
2017-10-16,233.2,237.49,228.05,233.84,8309.47668683
2017-10-17,233.9,251.94,226.75,231.16,25881.2738584
2017-10-18,230.72,238.78,213.22,227.26,15837.56028146
2017-10-19,228.81,239.5,224.0,230.5,13101.75350794
2017-10-20,230.5,235.39,220.88,221.83,10499.19137915
2017-10-21,221.13,224.02,207.0,211.08,14023.5565769
2017-10-22,213.09,219.79,208.0,213.18,7543.47884378
2017-10-23,212.73,213.32,198.01,204.72,14760.71376852
2017-10-24,204.88,227.88,201.65,214.99,19122.05490229
2017-10-25,214.99,228.66,207.0,215.76,19862.10207152
2017-10-26,215.95,237.4,215.75,233.3,16736.26862121
2017-10-27,233.3,256.7,220.38,243.55,230502.95397181
2017-10-28,243.06,244.9,227.77,230.36,19729.04602226
2017-10-29,229.14,240.0,222.79,233.27,18648.54028825
2017-10-30,233.28,247.5,230.18,239.29,22778.57135319
2017-10-31,239.93,239.96,228.99,233.0,10781.65376106
2017-11-01,232.96,234.02,216.2,222.01,18519.70562836
2017-11-02,222.01,222.9,210.0,217.14,16431.16138233
2017-11-03,216.63,242.0,215.01,232.19,30683.7909457
2017-11-04,231.4,235.55,222.8,230.24,12238.00712598
2017-11-05,230.53,232.59,220.05,224.61,14564.83345577
2017-11-06,225.15,237.1,221.13,227.0,19356.49273734
2017-11-07,227.01,244.56,225.57,238.02,28850.67827004
2017-11-08,238.01,253.25,236.1,251.11,32902.53194546
2017-11-09,250.39,272.02,242.16,261.37,59786.80273368
2017-11-10,261.97,275.34,226.03,235.91,58204.171644250004
2017-11-11,235.91,269.5,234.07,252.2,30184.66910354
2017-11-12,251.5,282.34,227.77,282.08,64106.27844134
2017-11-13,282.08,295.45,251.08,264.33,60343.86467888
2017-11-14,262.9,277.63,259.99,269.3,22847.99721858
2017-11-15,269.3,295.0,269.0,288.0,41229.68341871
2017-11-16,288.6,323.69,285.2,294.33,88067.62433162
2017-11-17,294.33,302.02,280.0,291.06,24398.9390051
2017-11-18,289.8,305.0,284.6,298.55,26448.76489438
2017-11-19,298.0,303.64,294.0,300.26,19488.46371867
2017-11-20,300.42,308.91,294.96,303.92,23151.33520348
2017-11-21,304.0,310.57,280.01,289.56,39223.99573672
2017-11-22,289.6,322.0,289.58,319.26,56514.33563916
2017-11-23,319.26,321.83,300.26,307.16,43400.82815989
2017-11-24,307.15,356.72,299.6,351.9,75244.64011175
2017-11-25,351.91,367.0,336.0,343.79,64041.98107113
2017-11-26,343.79,347.99,328.59,337.31,33545.33645146
2017-11-27,336.6,348.95,325.49,344.42,40982.47256185
2017-11-28,344.35,375.0,333.48,362.5,61810.71324308
2017-11-29,363.0,375.5,218.0,303.73,100809.53932669
2017-11-30,303.47,322.97,252.63,301.37,61789.43940335
2017-12-01,300.25,336.0,283.37,333.58,28411.49365833
2017-12-02,332.0,339.0,314.59,325.51,20738.89097083
2017-12-03,326.14,342.49,297.53,319.18,35110.31978914
2017-12-04,317.67,332.0,306.86,327.82,21903.82813858
2017-12-05,326.67,328.36,312.35,321.56,24304.81543651
2017-12-06,321.32,348.76,275.0,315.24,53081.76575198
2017-12-07,314.97,316.94,280.01,291.84,25018.56079405
2017-12-08,291.8,332.5,276.02,317.18,36009.10284977
2017-12-09,317.05,340.61,300.0,308.56,45310.43975167
2017-12-10,308.08,317.39,280.01,285.45,46380.224939
2017-12-11,284.28,324.3,281.1,317.14,42820.63393189
2017-12-12,317.13,380.0,309.54,366.05,86870.9287074
2017-12-13,369.96,443.06,340.0,413.51,116055.59625939
2017-12-14,414.91,540.0,404.2,506.96,153410.31699424
2017-12-15,506.96,506.97,400.0,464.66,73588.21249623
2017-12-16,464.81,491.9,454.41,464.66,33315.77010255
2017-12-17,464.66,554.39,463.51,527.01,64949.56335684
2017-12-18,527.91,590.0,450.01,585.0,91784.68232894
2017-12-19,584.61,617.8,531.5,591.02,71452.71514297
2017-12-20,591.02,685.0,526.25,663.92,75481.10533472
2017-12-21,665.0,736.57,601.87,650.0,71881.13311935
2017-12-22,649.99,654.88,305.0,478.49,122180.75772421
2017-12-23,478.0,581.52,475.11,521.47,42347.96155264
2017-12-24,521.49,526.0,420.0,518.03,44108.491883
2017-12-25,518.35,551.0,488.19,515.23,25496.70645857
2017-12-26,516.0,547.0,507.55,545.87,15133.50490986
2017-12-27,545.66,560.0,500.0,515.9,18167.62354337
2017-12-28,515.9,526.62,450.1,474.99,18707.47717975
2017-12-29,475.01,554.99,459.23,517.79,26783.45333303
2017-12-30,516.56,519.55,407.33,442.68,29129.37461401
2017-12-31,442.68,490.0,435.04,477.68,10367.31805083
2018-01-01,477.67,553.0,457.61,513.51,30272.10532961
2018-01-02,513.47,565.0,513.0,547.88,28200.29264122
2018-01-03,547.89,567.0,531.0,559.7,17761.38106157
2018-01-04,559.7,562.0,505.24,545.11,23194.68014818
2018-01-05,547.04,555.98,523.15,541.98,21519.88591147
2018-01-06,542.04,660.0,520.01,654.77,45589.1848862
2018-01-07,654.71,799.26,638.17,755.0,64934.22697689
2018-01-08,755.0,760.0,576.49,686.81,42453.8576418
2018-01-09,687.09,720.0,626.71,663.91,24236.05290186
2018-01-10,666.01,719.5,606.81,711.0,25858.41513955
2018-01-11,710.2,732.78,571.18,642.77,35836.28434796
2018-01-12,642.38,712.0,606.0,695.11,20464.20966151
2018-01-13,695.13,719.0,683.01,695.57,14743.60170986
2018-01-14,695.29,714.0,631.52,661.71,16910.82848149
2018-01-15,664.05,686.65,619.6,620.01,16181.3394877
2018-01-16,620.39,699.0,461.0,501.48,75654.18492885
2018-01-17,501.48,528.8,402.0,491.99,42414.20724743
2018-01-18,495.56,536.19,468.51,478.21,20198.0952699
2018-01-19,477.1,557.0,462.01,522.64,22159.53169604
2018-01-20,523.93,565.0,508.14,558.0,15748.79323921
2018-01-21,557.82,565.58,469.71,486.58,15990.41645257
2018-01-22,486.56,504.61,407.33,441.68,11723.47112252
2018-01-23,442.61,485.0,401.99,439.66,15171.00936098
2018-01-24,439.7,465.0,425.0,456.58,8349.01043802
2018-01-25,455.02,475.88,446.98,472.5,11716.58999349
2018-01-26,472.51,492.0,425.0,456.0,12138.1408757
2018-01-27,453.83,465.0,434.46,453.12,6540.22441926
2018-01-28,453.66,483.97,453.15,475.43,8453.36490241
2018-01-29,476.22,481.66,441.0,447.98,11802.94159811
2018-01-30,449.06,449.44,380.11,383.77,20704.88624994
2018-01-31,383.95,400.0,362.06,400.0,11556.58778224
2018-02-01,400.1,414.99,374.82,402.48,25996.99236021
2018-02-02,402.5,403.4,313.52,386.09,28227.26262121
2018-02-03,386.35,407.28,345.48,388.21,11821.34571035
2018-02-04,388.03,404.96,325.78,340.0,11221.91071287
2018-02-05,340.03,349.95,278.0,303.3,20518.64473426
2018-02-06,304.96,377.4,261.0,366.85,43502.39325657
2018-02-07,365.91,390.5,326.0,352.36,20440.16587322
2018-02-08,352.61,442.67,351.44,437.2,24310.446633300002
2018-02-09,436.6,476.36,396.4,472.43,19070.65400316
2018-02-10,472.47,509.47,453.42,480.46,22197.199950360002
2018-02-11,479.12,481.0,407.2,432.5,15672.00860011
2018-02-12,432.47,471.69,432.28,459.79,13261.78899416
2018-02-13,459.99,460.0,425.77,442.19,10638.94519174
2018-02-14,442.93,485.0,440.48,480.62,15662.28993181
2018-02-15,480.99,487.0,457.08,480.45,11441.47138359
2018-02-16,478.71,494.9,459.4,474.43,10648.20573256
2018-02-17,475.55,494.0,470.75,488.95,10333.00757399
2018-02-18,488.93,489.94,438.56,445.58,13107.85488698
2018-02-19,444.73,488.87,441.88,471.12,16497.55261287
2018-02-20,470.16,483.07,426.89,431.36,12620.7989328
2018-02-21,434.06,455.65,412.02,424.23,20644.63130778
2018-02-22,424.76,441.0,388.8,392.5,17698.77335443
2018-02-23,392.5,423.9,378.3,412.99,11942.53503795
2018-02-24,413.24,420.0,373.25,389.07,6143.30978816
2018-02-25,387.28,396.26,376.48,388.96,3689.9289588
2018-02-26,389.06,415.0,381.0,401.52,8079.77069757
2018-02-27,402.77,419.0,396.37,406.21,5809.48964659
2018-02-28,406.21,417.77,377.57,380.18,7114.71270579
2018-03-01,380.56,404.99,378.89,398.46,4970.61361186
2018-03-02,400.09,403.45,367.96,385.15,8138.06272181
2018-03-03,387.45,407.74,383.5,384.85,7879.45494166
2018-03-04,384.68,410.58,383.5,408.91,12082.60885287
2018-03-05,408.79,411.95,390.0,390.34,9224.08253768
2018-03-06,390.0,392.35,374.31,383.99,11844.38868042
2018-03-07,383.5,387.88,327.37,345.1,19577.16411392
2018-03-08,345.1,347.89,303.31,313.88,9280.92505685
2018-03-09,315.63,317.37,271.0,308.57,26746.70564494
2018-03-10,307.25,316.89,281.0,283.94,9911.3906395
2018-03-11,284.67,318.99,275.51,306.82,12166.16795414
2018-03-12,307.31,313.35,276.55,287.42,12911.15526347
2018-03-13,287.46,301.11,277.0,282.5,6772.90050523
2018-03-14,282.5,290.89,240.76,247.66,14897.02275217
2018-03-15,248.07,253.23,230.0,242.08,8347.98758344
2018-03-16,242.67,247.25,230.25,234.44,7787.43540127
2018-03-17,233.85,235.56,215.52,217.8,8301.24054489
2018-03-18,216.99,249.99,204.0,243.07,27659.78976792
2018-03-19,243.06,256.86,225.86,254.37,21122.22251912
2018-03-20,254.4,267.3,235.44,258.85,16079.60973
2018-03-21,258.75,280.3,253.88,259.19,12413.13120071
2018-03-22,259.53,268.15,236.0,248.9,15349.56253695
2018-03-23,248.9,259.19,227.92,258.36,12050.52822857
2018-03-24,259.0,260.51,237.17,240.41,7351.5558296
2018-03-25,239.58,242.67,235.01,237.71,4273.81139134
2018-03-26,238.49,240.55,210.0,224.73,10133.60066203
2018-03-27,224.99,229.46,208.44,215.11,7471.63424172
2018-03-28,215.12,220.6,207.25,210.0,6034.34704581
2018-03-29,209.99,210.91,186.0,186.0,16419.66462304
2018-03-30,186.18,197.98,182.0,189.25,16148.65905553
2018-03-31,189.23,197.28,184.15,184.42,5032.91834637
2018-04-01,184.87,191.61,173.7,181.76,12014.35158204
2018-04-02,182.04,200.31,180.77,192.24,14779.4232461
2018-04-03,193.18,210.03,191.91,204.91,8716.32875712
2018-04-04,204.93,205.36,178.61,181.99,7573.86380313
2018-04-05,181.99,185.62,175.6,182.43,5413.09114268
2018-04-06,182.13,183.98,173.02,174.22,5016.022728
2018-04-07,173.51,184.89,173.51,180.79,5479.19633446
2018-04-08,180.78,184.95,178.88,183.64,2846.84542878
2018-04-09,183.64,188.62,173.18,177.33,7974.17758914
2018-04-10,177.33,180.29,174.41,179.76,5868.28703927
2018-04-11,179.66,184.9,178.92,184.53,4521.86989297
2018-04-12,184.58,217.9,182.29,216.88,16378.67303843
2018-04-13,216.7,242.99,210.51,228.72,19304.53810495
2018-04-14,228.84,239.45,217.98,222.28,11891.19717909
2018-04-15,221.76,235.3,221.63,232.75,7140.09137307
2018-04-16,232.85,234.83,217.01,224.88,7375.6685806
2018-04-17,224.58,229.29,219.0,221.21,7514.43363936
2018-04-18,221.67,249.9,221.67,247.36,14879.61430462
2018-04-19,247.94,266.0,240.6,264.01,13397.14914707
2018-04-20,264.02,285.96,255.01,282.83,16168.20953232
2018-04-21,281.71,283.12,254.08,270.12,14036.76513282
2018-04-22,270.16,281.5,263.31,270.94,7170.82466992
2018-04-23,270.83,299.9,268.54,299.9,13999.90881803
2018-04-24,299.32,330.51,298.83,316.19,23968.43946609
2018-04-25,316.19,316.2,267.0,284.17,22818.42418477
2018-04-26,284.08,303.61,273.83,302.29,10102.59839403
2018-04-27,303.19,303.54,276.04,281.01,7681.28669778
2018-04-28,280.89,298.86,280.18,297.24,7155.30524572
2018-04-29,297.01,305.72,282.9,293.31,7972.88242617
2018-04-30,293.32,296.37,281.0,283.6,9910.07233349
2018-05-01,283.47,293.08,270.01,291.61,8379.13451765
2018-05-02,291.21,295.74,284.83,294.58,5037.54639109
2018-05-03,294.56,314.51,292.23,308.83,12201.65364126
2018-05-04,308.83,309.16,292.0,296.0,8827.68861432
2018-05-05,296.0,311.23,296.0,307.08,7477.33618147
2018-05-06,307.8,312.0,287.01,291.71,10665.5534442
2018-05-07,291.68,292.52,270.02,280.98,10270.23877198
2018-05-08,279.98,292.13,271.01,274.52,5676.85912849
2018-05-09,274.44,279.74,265.54,276.4,7454.0739688
2018-05-10,276.22,288.3,261.42,261.83,5141.63245087
2018-05-11,261.8,261.8,235.19,237.75,13607.36486851
2018-05-12,237.67,252.0,228.0,245.13,9310.94532961
2018-05-13,245.87,262.69,241.29,259.06,3961.07996358
2018-05-14,260.02,345.0,242.09,310.65,146032.87873703
2018-05-15,310.19,385.94,307.41,352.58,182601.84487933
2018-05-16,353.0,376.41,324.02,366.1,154159.63113581
2018-05-17,366.09,370.27,308.0,313.74,51474.48681213
2018-05-18,313.79,366.0,301.78,359.0,104403.79700225
2018-05-19,359.0,381.75,339.8,343.43,52233.93133138
2018-05-20,343.4,361.53,336.86,350.55,42853.71913013
2018-05-21,350.41,352.11,322.37,326.71,29451.5523123
2018-05-22,327.0,349.87,305.02,311.1,84829.79222433
2018-05-23,311.1,335.86,277.8,284.28,100096.77363989
2018-05-24,284.32,301.26,267.0,294.89,54491.43683953
2018-05-25,295.81,297.58,271.03,280.99,20930.32325637
2018-05-26,281.08,285.7,270.0,270.31,14767.775661
2018-05-27,270.0,270.0,258.1,261.53,11789.73270599
2018-05-28,261.91,265.0,219.11,227.64,51005.16084359
2018-05-29,228.25,258.87,217.62,245.81,29486.76904449
2018-05-30,246.76,256.24,233.23,240.69,13944.19172144
2018-05-31,240.6,248.0,236.74,239.4,9215.82087746
2018-06-01,240.37,241.84,232.54,239.57,6026.40803487
2018-06-02,239.54,258.0,236.45,249.79,16441.79179645
2018-06-03,249.6,260.72,248.0,252.87,7880.14807558
2018-06-04,253.03,256.62,231.61,235.44,15354.9491142
2018-06-05,234.93,241.84,227.03,238.32,7024.47098683
2018-06-06,238.38,239.9,226.69,235.38,8217.62380539
2018-06-07,236.0,242.86,232.0,237.3,8121.38231962
2018-06-08,237.65,239.09,230.22,235.8,4307.80764366
2018-06-09,236.07,240.57,227.57,229.59,9448.13517339
2018-06-10,229.03,229.03,194.06,198.86,24504.43279554
2018-06-11,198.86,206.71,192.8,204.75,10419.42388101
2018-06-12,205.21,212.23,189.0,192.86,15002.40440362
2018-06-13,192.78,199.08,173.79,182.46,16963.45158266
2018-06-14,182.34,201.04,181.84,197.78,18337.7403515
2018-06-15,198.65,201.3,190.96,192.78,9548.01654951
2018-06-16,192.86,193.59,185.16,190.02,5477.7608178
2018-06-17,190.27,192.07,185.55,185.67,2758.3985512
2018-06-18,186.17,204.98,181.64,196.98,9190.66445734
2018-06-19,196.79,199.83,194.5,198.4,4998.99956449
2018-06-20,198.14,198.8,189.95,194.26,8407.55536589
2018-06-21,193.88,197.03,189.14,190.17,3344.73064105
2018-06-22,190.17,190.96,160.53,167.71,17057.24471091
2018-06-23,167.46,172.37,164.0,169.68,3302.42006932
2018-06-24,169.81,169.86,153.0,165.93,10592.78077599
2018-06-25,166.24,181.99,163.09,175.99,14631.52370139
2018-06-26,176.0,176.95,160.27,160.72,7138.33334608
2018-06-27,160.83,169.97,158.19,168.01,5891.82771542
2018-06-28,168.01,168.01,151.79,153.84,5108.90692381
2018-06-29,153.84,164.79,150.56,162.71,6459.35005114
2018-06-30,162.71,176.5,162.71,170.65,9683.95873793
2018-07-01,170.94,174.11,168.24,170.11,3869.76889582
2018-07-02,170.11,222.0,164.41,183.98,15296.72589174
2018-07-03,184.3,197.19,177.4,178.71,13011.05919906
2018-07-04,178.71,186.72,175.0,181.6,6470.46347616
2018-07-05,181.67,186.68,171.14,174.58,5727.88661194
2018-07-06,174.45,177.39,164.38,174.96,9284.85414565
2018-07-07,174.47,176.38,168.33,175.0,7306.39182956
2018-07-08,175.05,177.4,172.71,173.16,4584.43761118
2018-07-09,173.52,174.08,166.3,166.95,5260.85699104
2018-07-10,166.93,168.23,157.59,159.05,7293.24361812
2018-07-11,159.53,162.56,154.8,157.89,5377.89541628
2018-07-12,157.85,157.85,150.1,154.41,5704.4667741
2018-07-13,154.59,197.33,153.46,175.9,55997.1149221
2018-07-14,175.7,179.0,170.25,173.2,24130.22941968
2018-07-15,173.04,179.1,171.51,173.95,14154.38504733
2018-07-16,174.55,190.0,171.0,188.69,20597.54926478
2018-07-17,188.69,213.48,181.0,210.1,39872.82810886
2018-07-18,210.41,227.86,200.1,209.12,38972.190101
2018-07-19,208.87,215.16,197.8,200.69,12319.47148069
2018-07-20,200.69,200.77,172.63,183.08,35917.96569779
2018-07-21,183.08,193.2,177.07,188.06,7160.3351035
2018-07-22,188.46,196.89,180.88,189.78,14222.08882227
2018-07-23,189.78,208.23,188.0,190.07,30454.71569941
2018-07-24,190.06,226.65,189.55,224.2,46012.02306823
2018-07-25,224.2,227.11,210.1,222.69,23383.77578709
2018-07-26,222.77,232.0,218.0,221.82,32159.83863319
2018-07-27,221.65,225.0,211.24,221.2,14563.62060843
2018-07-28,221.77,223.32,217.07,223.22,6523.16052116
2018-07-29,223.36,226.99,213.78,217.6,13842.77315389
2018-07-30,217.66,222.43,201.18,214.25,27603.78488954
2018-07-31,214.07,214.59,195.17,209.6,38698.2434795
2018-08-01,209.22,211.45,193.0,197.29,22755.68791414
2018-08-02,197.24,201.24,184.27,186.16,14591.77751221
2018-08-03,186.18,189.88,175.6,186.66,48088.560054
2018-08-04,187.03,190.15,172.87,173.98,11017.35050178
2018-08-05,174.3,180.98,170.69,179.79,12997.8623736
2018-08-06,179.67,186.39,175.53,180.78,45578.10015077
2018-08-07,180.66,191.97,174.0,175.99,41444.25555831
2018-08-08,175.64,175.64,156.27,160.9,37732.56278537
2018-08-09,160.9,176.14,157.14,174.55,10849.54367237
2018-08-10,174.72,175.0,156.59,160.2,14821.32565353
2018-08-11,160.2,162.0,151.48,155.37,11696.55903008
2018-08-12,155.96,163.87,153.61,156.8,6314.05999794
2018-08-13,156.9,162.93,142.45,142.5,10690.63555213
2018-08-14,142.54,142.6,118.72,132.99,58537.56291406
2018-08-15,132.95,144.4,131.31,135.0,21596.07354174
2018-08-16,135.21,143.0,133.62,140.25,13483.13262514
2018-08-17,140.19,152.0,139.88,151.99,13724.83515273
2018-08-18,151.72,153.79,140.03,141.88,9443.6614802
2018-08-19,141.85,146.16,138.22,141.51,9813.07161213
2018-08-20,141.51,144.09,128.62,129.36,9309.4632284
2018-08-21,129.09,135.97,127.49,134.52,9062.21720207
2018-08-22,134.43,145.79,124.0,127.53,16223.03323995
2018-08-23,127.85,133.63,126.92,132.57,6703.72455325
2018-08-24,132.79,141.73,129.9,141.1,11512.54728478
2018-08-25,141.13,143.0,135.4,138.63,14136.19319102
2018-08-26,138.66,139.14,134.01,134.58,4678.57737145
2018-08-27,134.94,157.92,133.75,151.53,43184.61471041
2018-08-28,151.65,157.0,146.49,154.1,14472.34218101
2018-08-29,153.85,156.22,147.53,152.87,7993.79148642
2018-08-30,153.01,153.56,144.47,151.67,12447.10252775
2018-08-31,151.67,152.16,141.07,149.63,18462.45360643
2018-09-01,149.4,161.57,148.6,158.06,15548.47978049
2018-09-02,157.82,158.3,150.73,155.95,8568.34618195
2018-09-03,156.08,161.82,149.79,156.65,11799.67509616
2018-09-04,156.77,159.39,155.0,156.07,15421.46440975
2018-09-05,156.16,159.09,130.24,130.92,32397.47659384
2018-09-06,130.77,132.06,120.84,131.27,20438.43143318
2018-09-07,131.27,133.2,124.31,125.03,8138.78101897
2018-09-08,124.98,134.38,119.7,120.25,9285.53941379
2018-09-09,120.25,125.3,116.53,119.57,10886.7909787
2018-09-10,119.79,122.45,115.65,118.91,7710.66779352
2018-09-11,119.4,119.99,108.13,111.47,11577.17066785
2018-09-12,111.63,111.84,96.6,111.55,16219.15293125
2018-09-13,111.45,120.08,110.73,118.11,16933.76308361
2018-09-14,118.11,124.04,113.64,118.57,11982.18806363
2018-09-15,118.57,132.17,115.66,120.29,14673.47546109
2018-09-16,120.04,120.82,115.13,119.13,6746.37424537
2018-09-17,119.25,120.49,106.04,107.75,13128.60444646
2018-09-18,107.51,114.5,105.48,111.71,12585.19753198
2018-09-19,111.66,115.38,109.27,113.08,11853.17086299
2018-09-20,113.04,121.24,111.98,120.02,9222.13160937
2018-09-21,120.07,129.13,116.78,126.42,20611.39823082
2018-09-22,126.7,129.05,121.0,124.05,8695.47754207
2018-09-23,124.14,135.49,122.98,130.52,18735.31341555
2018-09-24,130.25,147.8,124.48,137.72,58536.69273238
2018-09-25,137.54,137.84,125.3,135.72,37118.24206342
2018-09-26,135.91,144.47,128.53,132.77,26242.89901427
2018-09-27,132.77,146.17,132.39,143.3,22560.33463425
2018-09-28,143.29,144.62,132.8,135.26,21084.01327192
2018-09-29,135.27,136.04,130.71,133.45,9539.0054536
2018-09-30,133.17,134.98,126.21,129.92,13051.61068046
2018-10-01,130.09,133.25,125.89,126.54,9490.05008106
2018-10-02,126.54,127.76,124.31,126.09,7804.01176174
2018-10-03,126.09,126.09,120.31,122.2,10024.80599061
2018-10-04,122.07,125.97,121.45,123.56,5950.8225986200005
2018-10-05,123.7,131.71,123.03,127.8,12563.31555994
2018-10-06,127.82,128.02,124.1,124.88,6529.77158634
2018-10-07,124.9,125.6,123.1,125.12,3206.69525486
2018-10-08,125.1,128.5,124.3,126.84,5906.76442014
2018-10-09,126.85,130.9,125.88,125.91,5601.91490941
2018-10-10,125.93,126.14,123.98,124.99,4140.8018401
2018-10-11,124.9,124.9,109.17,109.17,15714.15416999
2018-10-12,109.26,112.07,107.82,110.41,8752.82931733
2018-10-13,110.55,113.16,110.11,111.81,3760.68804308
2018-10-14,111.8,112.3,109.29,110.0,3471.15839729
2018-10-15,109.33,129.61,108.15,114.66,42760.28797248
2018-10-16,114.56,118.29,113.46,117.58,6276.70639992
2018-10-17,117.5,124.45,115.49,122.0,15580.02869768
2018-10-18,122.06,126.28,119.26,120.27,15840.92801387
2018-10-19,120.36,122.53,118.29,121.84,3671.84225601
2018-10-20,121.84,128.8,120.71,127.12,10353.8745399
2018-10-21,127.2,128.9,125.93,126.44,7669.95865786
2018-10-22,126.3,127.19,123.0,123.97,8992.57321533
2018-10-23,124.01,124.75,120.99,122.04,5855.8140201
2018-10-24,122.04,127.23,121.83,126.21,6862.38448568
2018-10-25,126.15,131.5,125.88,126.0,15440.35335313
2018-10-26,126.0,126.66,118.36,121.93,17055.87320977
2018-10-27,121.97,123.51,119.53,119.84,3620.36257478
2018-10-28,119.77,124.25,119.62,123.83,6213.76929932
2018-10-29,123.83,124.26,114.55,116.94,10737.8618596
2018-10-30,116.92,116.93,115.28,115.73,3700.15026172
2018-10-31,115.73,117.54,113.27,116.44,9531.44440882
2018-11-01,116.44,117.71,114.9,117.22,4490.14926012
2018-11-02,117.25,120.0,116.79,119.1,5940.7961929
2018-11-03,119.1,120.31,115.74,117.51,4062.62009085
2018-11-04,117.52,123.48,116.48,123.0,10601.31433448
2018-11-05,122.58,123.73,119.45,123.1,10032.13756168
2018-11-06,123.07,132.06,122.28,132.06,27452.69428838
2018-11-07,131.89,133.91,127.28,130.18,10512.50759334
2018-11-08,130.13,139.69,128.21,137.47,25658.58741594
2018-11-09,137.55,139.64,132.33,134.92,17841.86046354
2018-11-10,134.92,139.55,130.18,130.44,18344.21046431
2018-11-11,130.28,132.46,128.07,130.51,8435.25781918
2018-11-12,130.41,139.05,124.75,135.77,30021.78814499
2018-11-13,135.96,138.28,128.2,129.08,22102.44158036
2018-11-14,129.08,131.91,106.33,113.71,58374.83972878
2018-11-15,113.71,115.27,101.0,112.75,26367.22903811
2018-11-16,112.81,114.0,107.41,109.79,10629.53059009
2018-11-17,109.79,112.99,106.11,112.45,8753.45598084
2018-11-18,112.44,117.92,110.33,114.48,15500.66317604
2018-11-19,114.26,114.29,95.453,99.951,32410.35513523
2018-11-20,99.852,102.65,81.5,87.0,39797.52116653
2018-11-21,86.7,90.501,80.634,86.43,21534.942139669998
2018-11-22,86.088,87.49,77.606,78.165,18057.93274092
2018-11-23,78.03,79.993,75.309,78.777,19003.48919451
2018-11-24,78.77,81.559,64.702,68.05,27763.68038247
2018-11-25,68.327,74.276,61.003,71.442,49453.78508583
2018-11-26,71.486,75.06,62.535,67.417,40233.94902143
2018-11-27,67.69,75.659,64.004,73.95,33543.629571
2018-11-28,74.013,86.0,74.002,80.482,59544.65775636
2018-11-29,80.875,97.0,77.776,88.617,91302.54225682
2018-11-30,88.617,91.199,76.8,81.475,63323.76115878
2018-12-01,81.176,86.679,78.5,80.9,28630.907845
2018-12-02,80.68,83.372,77.001,79.933,25100.47476943
2018-12-03,80.097,80.364,68.735,71.082,24012.28157408
2018-12-04,71.254,79.57,69.55,74.849,24493.92047534
2018-12-05,74.848,75.24,65.083,66.382,41178.4829773
2018-12-06,66.535,69.137,58.003,58.595,39007.85167102
2018-12-07,58.812,60.713,50.427,60.414,50873.61524606
2018-12-08,60.411,63.455,54.005,57.706,37495.10875943
2018-12-09,57.551,63.777,57.319,61.178,20519.58742058
2018-12-10,61.164,62.594,55.722,56.955,21926.78803991
2018-12-11,56.955,57.405,53.19,54.398,16501.75836444
2018-12-12,54.236,59.0,53.8,56.131,15939.5638844
2018-12-13,56.044,56.204,50.86,52.112,23356.97816909
2018-12-14,52.375,52.982,49.02,49.736,14622.8909819
2018-12-15,49.765,51.5,49.013,50.558,9494.5386149
2018-12-16,50.535,54.276,50.337,51.881,21522.45792554
2018-12-17,51.87,59.491,51.59,57.788,27789.73414281
2018-12-18,57.71,60.206,55.1,59.999,17088.68942315
2018-12-19,59.821,63.22,57.273,58.062,46608.80079757
2018-12-20,57.897,67.665,57.0,67.259,29821.60447746
2018-12-21,67.332,68.186,61.2,62.802,24748.93644377
2018-12-22,63.016,65.422,61.403,65.139,9987.3042799
2018-12-23,65.165,69.687,64.894,66.47,18189.48721887
2018-12-24,66.439,73.936,66.313,69.402,26468.01630108
2018-12-25,69.388,69.388,60.641,62.827,19318.27196053
2018-12-26,62.912,64.654,59.589,62.081,13788.33614511
2018-12-27,62.086,62.95,56.418,56.937,12306.83054475
2018-12-28,57.058,65.029,56.527,64.409,14426.04564459
2018-12-29,64.487,65.472,60.85,61.131,20215.30633545
2018-12-30,61.36,62.691,59.85,61.277,12487.06351556
2018-12-31,61.264,61.58,57.105,57.427,12594.9236861
2019-01-01,57.342,61.807,56.882,61.373,8503.94128719
2019-01-02,61.132,64.479,59.6,62.679,15188.09614914
2019-01-03,62.867,63.324,58.206,60.013,14274.06068633
2019-01-04,59.954,60.662,58.0,60.113,8839.00662756
2019-01-05,60.004,62.1,58.602,58.732,10687.09321864
2019-01-06,58.89,65.395,58.155,62.99,29756.41034499
2019-01-07,62.897,63.744,60.764,61.871,7502.60534534
2019-01-08,61.873,63.813,60.483,61.35,10909.01213993
2019-01-09,61.44,63.5,59.88,61.295,19296.59071393
2019-01-10,61.309,62.349,53.448,55.41,26106.08266829
2019-01-11,55.255,61.08,55.01,56.763,58547.55362925
2019-01-12,56.676,57.581,55.186,56.372,12070.84733324
2019-01-13,56.423,57.424,53.131,53.556,16726.33533654
2019-01-14,53.556,58.537,53.499,56.935,15329.98514911
2019-01-15,56.928,57.244,53.736,54.216,11721.18364216
2019-01-16,54.217,55.848,53.0,53.528,11769.48350706
2019-01-17,53.574,55.334,53.205,54.986,6542.71679618
2019-01-18,54.896,55.189,53.31,53.685,4008.74051587
2019-01-19,53.705,56.6,53.588,54.763,8236.05901191
2019-01-20,54.763,55.133,51.557,52.795,11851.94315615
2019-01-21,52.794,53.103,51.803,52.461,5737.04903245
2019-01-22,52.471,53.877,50.59,53.187,8731.38220341
2019-01-23,53.247,53.81,51.816,52.944,5008.22173553
2019-01-24,52.959,54.516,52.381,54.38,5817.4299439100005
2019-01-25,54.498,54.885,52.655,53.149,4758.41177062
2019-01-26,53.135,55.138,52.773,52.823,5518.43425695
2019-01-27,52.81,52.866,50.791,51.631,6077.71595703
2019-01-28,51.63,51.63,48.273,49.776,23451.31622898
2019-01-29,49.869,49.95,48.004,49.253,11496.51393458
2019-01-30,49.254,51.184,48.76,50.482,4287.68080032
2019-01-31,50.418,51.0,49.494,49.667,5732.58521104
2019-02-01,49.667,50.08,48.808,49.468,3105.20341727
2019-02-02,49.477,50.15,48.885,49.88,3416.35432594
2019-02-03,49.88,50.479,48.297,48.792,4473.64449657
2019-02-04,48.792,49.101,48.5,48.893,3038.16166641
2019-02-05,48.895,49.1,48.5,48.947,1982.94981167
2019-02-06,48.763,48.847,46.0,47.051,9054.14670625
2019-02-07,47.091,47.97,46.995,47.152,2331.75994214
2019-02-08,47.24,54.0,47.04,50.707,17619.06139394
2019-02-09,50.631,52.135,50.091,50.693,8231.17875633
2019-02-10,50.654,51.579,49.577,51.143,7153.7307935
2019-02-11,51.312,52.423,49.812,51.897,9149.16926574
2019-02-12,52.02,54.898,51.034,54.517,17789.64657792
2019-02-13,54.578,56.631,52.828,53.408,21521.9996698
2019-02-14,53.593,54.368,52.152,52.171,5258.56084496
2019-02-15,52.173,52.779,51.356,51.415,7271.1438591099995
2019-02-16,51.469,52.587,51.469,52.229,2566.76396006
2019-02-17,52.247,53.06,51.356,52.917,7351.22502339
2019-02-18,52.919,57.329,52.552,55.7,39817.540251290004
2019-02-19,55.664,57.829,55.008,55.251,16368.1376657
2019-02-20,55.362,56.855,54.185,55.76,7319.85812278
2019-02-21,55.652,56.813,53.504,54.1,11536.62081527
2019-02-22,53.952,56.832,53.951,54.604,9462.8198591
2019-02-23,54.608,57.805,54.0,57.706,19369.76949701
2019-02-24,57.825,60.0,50.759,52.228,38532.47271667
2019-02-25,52.226,53.986,51.882,53.3,7983.40402923
2019-02-26,53.229,53.638,52.379,53.048,6333.97761327
2019-02-27,53.067,53.49,50.801,53.084,9097.18177352
2019-02-28,53.229,53.777,51.646,52.187,10455.26657402
2019-03-01,52.26,53.331,52.105,53.174,4002.25879423
2019-03-02,52.975,53.396,50.758,52.366,4834.39673844
2019-03-03,52.378,52.546,50.582,51.153,3332.71552767
2019-03-04,51.168,51.387,15.524,49.191,29223.49953344
2019-03-05,49.301,52.1,48.85,51.445,9279.88041429
2019-03-06,51.466,51.925,50.489,51.19,4998.36126706
2019-03-07,51.19,51.762,50.583,51.103,3025.00790313
2019-03-08,51.103,51.49,48.785,50.14,7021.25259402
2019-03-09,50.163,52.529,49.925,52.321,6411.58460952
2019-03-10,52.338,52.37,50.599,51.219,2442.53507223
2019-03-11,51.249,51.469,49.85,50.306,4527.8618929
2019-03-12,50.222,54.072,49.12,54.072,23000.48184066
2019-03-13,54.072,54.109,51.674,52.069,5455.92585764
2019-03-14,51.971,53.45,51.278,52.901,6952.1750156
2019-03-15,52.931,54.7,52.862,54.19,6075.5195143
2019-03-16,54.246,56.35,54.001,55.361,12150.02894765
2019-03-17,55.361,55.737,53.972,54.738,4925.41173382
2019-03-18,54.743,55.981,53.949,55.005,9857.01586291
2019-03-19,55.005,58.0,54.962,57.8,17028.56833418
2019-03-20,57.717,63.404,56.194,59.85,37205.98107347
2019-03-21,59.727,60.122,54.98,56.182,26139.06980714
2019-03-22,56.195,57.343,55.4,56.065,7931.06606219
2019-03-23,56.028,57.58,55.835,57.58,4262.87352442
2019-03-24,57.58,58.863,57.141,57.931,9517.33975568
2019-03-25,57.95,57.953,54.602,55.785,5140.26157895
2019-03-26,55.836,55.923,53.186,54.985,6414.271893
2019-03-27,55.196,58.294,54.909,57.838,8627.62647758
2019-03-28,57.771,57.823,56.15,57.258,5551.04354112
2019-03-29,57.258,59.105,56.524,58.233,13822.96567265
2019-03-30,58.153,58.448,56.389,57.807,4511.48215406
2019-03-31,57.807,60.307,57.71,59.668,8946.66552486
2019-04-01,59.649,64.391,58.95,63.33,26998.07316281
2019-04-02,63.424,72.236,61.193,70.408,50196.85412583
2019-04-03,70.499,78.0,67.0,68.75,57673.38527197
2019-04-04,68.956,71.373,65.322,67.35,8504.11399271
2019-04-05,67.54,73.292,67.54,73.071,15722.70275609
2019-04-06,72.875,73.952,70.01,71.798,13385.77325012
2019-04-07,71.885,76.988,71.372,75.191,14835.23756878
2019-04-08,75.26,76.898,70.5,73.4,14431.84515892
2019-04-09,73.404,73.404,70.062,71.201,6779.85974149
2019-04-10,71.201,75.2,70.141,71.921,18802.08529383
2019-04-11,71.848,72.08,64.201,70.301,12922.28380462
2019-04-12,70.301,72.663,68.31,71.973,11595.20815462
2019-04-13,71.95,71.953,69.14,69.838,4809.14086258
2019-04-14,69.899,70.931,67.557,70.273,6222.6807258
2019-04-15,70.309,70.939,65.85,67.7,13902.59914994
2019-04-16,67.717,70.223,66.858,69.775,5572.67845393
2019-04-17,69.542,72.695,68.355,71.031,9092.29980955
2019-04-18,71.003,72.582,70.075,71.104,9221.50910116
2019-04-19,70.944,70.994,69.68,70.227,2470.37254334
2019-04-20,70.243,70.698,69.11,70.078,1251.83043214
2019-04-21,69.932,70.201,67.3,69.1,3761.59436891
2019-04-22,69.1,71.1,66.392,69.523,5378.97992228
2019-04-23,69.583,71.129,67.353,67.468,3519.13615642
2019-04-24,67.269,67.673,62.85,65.909,7884.22316582
2019-04-25,65.909,66.908,60.177,61.548,6106.83103678
2019-04-26,61.897,64.761,59.884,63.168,29087.96121004
2019-04-27,63.153,64.199,61.5,63.147,2683.71072921
2019-04-28,62.761,64.433,62.3,62.459,3565.11798009
2019-04-29,62.459,62.951,58.968,60.957,4795.71157431
2019-04-30,60.519,64.0,60.037,63.723,5256.86317476
2019-05-01,63.723,64.693,62.213,63.875,4121.81926047
2019-05-02,63.724,64.02,62.223,62.699,10687.02570851
2019-05-03,62.611,66.748,62.323,65.574,13216.29399454
2019-05-04,65.784,67.0,61.266,63.689,9083.25971386
2019-05-05,63.733,63.9,61.343,62.693,4118.82976438
2019-05-06,62.908,64.514,61.611,63.486,11409.98676631
2019-05-07,63.159,64.793,60.227,60.448,6044.44267654
2019-05-08,60.23,60.663,59.129,60.291,4471.04174387
2019-05-09,60.237,61.401,56.586,57.496,7514.73275665
2019-05-10,57.477,59.091,56.647,58.094,5551.62978379
2019-05-11,58.243,65.173,56.9,63.603,21613.97481219
2019-05-12,63.174,64.553,59.272,60.57,17480.58764392
2019-05-13,60.798,66.079,60.0,63.32,19020.04779996
2019-05-14,63.272,68.0,62.667,67.544,30260.84727124
2019-05-15,67.615,77.3,67.557,76.8,25161.73309175
2019-05-16,76.499,81.806,71.205,74.821,38186.33220295
2019-05-17,75.623,75.96,67.3,73.998,28365.68037473
2019-05-18,74.329,74.7,70.5,71.902,5256.42072934
2019-05-19,72.051,78.909,72.051,78.008,10057.72613364
2019-05-20,78.143,78.256,72.198,76.412,12718.38374301
2019-05-21,76.818,76.94,73.657,74.834,6493.85589197
2019-05-22,74.868,75.663,69.164,70.092,9971.55793626
2019-05-23,69.526,72.615,67.742,71.637,7569.27440957
2019-05-24,72.127,75.101,71.9,72.72,6180.81067795
2019-05-25,72.662,74.3,71.513,72.355,2066.79593129
2019-05-26,72.394,77.1,70.4,76.34,17286.75549929
2019-05-27,76.28,78.256,74.632,76.7,19282.8379132
2019-05-28,77.31,89.232,76.477,85.265,45538.96723827
2019-05-29,85.221,88.773,79.55,85.366,23095.4544023
2019-05-30,85.175,97.95,80.069,82.829,62433.14176376
2019-05-31,82.789,91.132,82.361,89.791,16435.80402697
2019-06-01,90.034,92.049,83.679,86.238,12877.02822188
2019-06-02,86.207,89.53,85.405,88.802,8668.46854873
2019-06-03,88.808,88.808,81.155,83.321,12118.58094447
2019-06-04,83.232,86.561,75.49,77.935,18763.87833627
2019-06-05,77.861,80.928,76.832,80.513,9650.057548
2019-06-06,80.503,81.17,76.601,80.132,4479.44162771
2019-06-07,80.201,84.685,79.433,83.25,8486.09116752
2019-06-08,83.184,84.48,80.312,80.822,6292.65859348
2019-06-09,80.9,81.016,75.489,77.525,9690.20482929
2019-06-10,77.248,81.562,76.438,80.346,6140.83323698
2019-06-11,80.429,80.54,77.004,79.787,5073.88191552
2019-06-12,79.708,92.526,79.251,91.662,32017.97245542
2019-06-13,91.684,92.113,86.601,87.573,12649.31899575
2019-06-14,87.813,95.987,87.13,91.184,19100.89233473
2019-06-15,91.168,94.099,90.585,92.515,7842.66149816
2019-06-16,92.478,95.056,90.981,93.97,10638.12974854
2019-06-17,93.974,105.0,93.974,102.17,39387.51631402
2019-06-18,102.17,113.0,99.82,112.0,76247.17574993
2019-06-19,111.98,115.42,107.11,111.06,49398.76253821
2019-06-20,111.33,111.5,106.57,109.94,19849.21898979
2019-06-21,110.01,114.8,107.57,110.56,19013.084128039998
2019-06-22,110.5,117.98,109.83,113.35,33407.85504585
2019-06-23,113.43,115.08,109.49,110.07,13730.60811153
2019-06-24,109.95,110.77,104.44,109.1,12352.84640069
2019-06-25,109.15,110.0,102.48,104.61,9590.21731392
2019-06-26,105.04,124.27,104.91,112.06,45276.8883857176
2019-06-27,112.09,112.82,97.078,105.84,31331.628472109882
2019-06-28,105.67,115.51,104.69,112.01,21179.166862073216
2019-06-29,111.2,114.79,105.51,114.1,7777.447054062116
2019-06-30,114.1,114.56,102.61,103.21,7382.415083970438
2019-07-01,102.88,106.76,97.43,104.16,8799.347582010065
2019-07-02,104.24,104.71,96.0,101.96,8376.855182409769
2019-07-03,102.15,106.49,101.4,106.23,6003.787355946861
2019-07-04,106.21,106.21,100.02,101.25,4963.683143374406
2019-07-05,100.56,103.6,98.668,99.959,5457.294073821348
2019-07-06,100.62,106.77,100.62,103.84,6554.259029239129
2019-07-07,103.68,107.2,102.65,107.1,3447.226322018077
2019-07-08,107.11,108.04,104.27,105.13,5421.588656856488
2019-07-09,105.37,106.65,98.29,101.11,9123.925937070859
2019-07-10,100.95,104.95,93.47,97.094,22374.893301267748
2019-07-11,97.02,97.02,86.5,88.294,18365.159096829364
2019-07-12,87.809,92.999,85.896,92.999,4978.77794802
2019-07-13,93.0,93.618,86.075,89.307,5482.56456391
2019-07-14,89.41,89.711,79.319,81.974,15542.95684513
2019-07-15,82.206,82.207,76.0,80.136,26987.3229925
2019-07-16,80.15,81.76,63.272,67.014,27687.78799314
2019-07-17,67.29,76.924,65.45,73.695,12497.80826486
2019-07-18,73.375,80.889,72.39,78.61,12928.1599486
2019-07-19,78.891,79.926,70.921,75.358,13847.66972961
2019-07-20,75.796,80.0,74.823,77.675,6671.20515116
2019-07-21,77.769,77.799,73.395,75.25,6740.80816935
2019-07-22,75.564,75.817,71.1,72.9,4500.92216798
2019-07-23,72.745,73.22,69.2,70.547,11998.1011572
2019-07-24,70.462,71.901,67.702,71.041,11967.34065604
2019-07-25,71.02,72.724,69.729,69.965,9387.68029906
2019-07-26,70.02,72.159,69.2,71.576,4259.05629169
2019-07-27,71.599,73.797,68.136,69.062,9717.67443477
2019-07-28,68.723,70.071,65.091,68.752,4600.08578738
2019-07-29,68.546,69.688,66.186,67.394,5345.82680601
2019-07-30,67.414,67.94,65.7,66.757,1706.739383
2019-07-31,66.724,68.79,66.558,68.194,1885.06177092
2019-08-01,68.299,68.299,66.586,67.702,2213.3396015
2019-08-02,67.865,68.77,65.9,66.732,3915.82419412
2019-08-03,66.531,67.318,64.287,65.071,11773.38942513
2019-08-04,65.071,66.91,63.426,66.093,3280.78035079
2019-08-05,66.106,68.0,65.877,66.81,5053.10027748
2019-08-06,66.81,67.472,61.001,62.389,13877.41175419
2019-08-07,62.345,63.816,60.435,62.214,7970.21728505
2019-08-08,62.465,67.353,60.847,62.678,16841.28058655
2019-08-09,62.746,62.746,58.1,58.86,9039.23906791
2019-08-10,58.861,59.515,55.877,56.809,9083.36804551
2019-08-11,56.7,60.621,56.647,59.958,5681.36766254
2019-08-12,59.948,59.948,56.873,56.873,4416.06170977
2019-08-13,56.869,57.586,55.001,55.473,4300.87697133
2019-08-14,55.587,57.0,50.331,50.69,15897.99198969
2019-08-15,50.759,51.557,47.6,50.824,12054.41401741
2019-08-16,50.805,51.162,48.307,49.002,6046.73306693
2019-08-17,49.172,51.0,47.654,50.185,38699.11835117
2019-08-18,50.257,53.639,50.257,52.832,9751.8779565
2019-08-19,52.754,54.5,51.847,54.104,5237.7956378
2019-08-20,54.225,54.248,51.656,52.077,3951.56473327
2019-08-21,52.189,52.295,48.405,50.047,8807.58263065
2019-08-22,50.25,51.375,48.312,50.77,2593.01095548
2019-08-23,50.63,51.67,50.14,51.129,1889.99031626
2019-08-24,51.17,51.489,49.07,50.271,1681.21135888
2019-08-25,50.289,51.387,49.293,50.135,2510.68061284
2019-08-26,50.316,53.962,50.316,51.499,8944.90182574
2019-08-27,51.469,51.529,50.053,50.521,3450.86740584
2019-08-28,50.482,50.486,45.607,46.608,6214.88344901
2019-08-29,46.537,46.537,43.841,45.108,6412.20531062
2019-08-30,44.99,45.413,43.893,44.64,4207.02106725
2019-08-31,44.582,45.181,44.06,44.783,2062.87937218
2019-09-01,44.78,45.723,44.403,45.444,1901.89240074
2019-09-02,45.469,47.57,44.938,46.901,3883.93092656
2019-09-03,46.864,47.125,45.241,45.625,5063.07450094
2019-09-04,45.625,46.172,44.66,45.0,5428.28536616
2019-09-05,44.979,45.46,44.616,44.94,5447.92657598
2019-09-06,44.95,46.94,44.334,45.867,11943.75617204
2019-09-07,45.942,47.232,45.153,47.075,4725.33053447
2019-09-08,47.232,48.676,47.08,48.338,3565.36513404
2019-09-09,48.348,48.348,45.626,47.203,4417.21820643
2019-09-10,47.052,47.591,44.395,45.052,3776.60678901
2019-09-11,45.027,45.572,44.14,44.528,3883.01456329
2019-09-12,44.52,44.845,43.56,44.796,2941.93985827
2019-09-13,44.82,44.885,43.777,44.853,1659.66385881
2019-09-14,44.874,46.992,44.578,46.408,5047.74942328
2019-09-15,46.371,47.724,45.85,46.892,22366.97550084
2019-09-16,46.854,50.06,46.854,48.811,7918.58151433
2019-09-17,48.821,51.57,47.69,50.88,11064.52301201
2019-09-18,50.879,53.489,50.274,52.909,13973.91680997
2019-09-19,52.845,52.918,48.44,51.473,12186.49464896
2019-09-20,51.56,51.603,47.962,48.974,8850.15369951
2019-09-21,48.951,49.518,47.667,47.929,2633.88271776
2019-09-22,47.849,47.946,45.85,46.27,6472.58741765
2019-09-23,46.252,46.296,43.449,44.139,6247.9679932
2019-09-24,44.0,46.069,30.19,35.951,40365.79433287
2019-09-25,36.099,39.686,33.666,38.091,36628.80070202
2019-09-26,38.242,39.212,33.205,35.056,17346.94651787
2019-09-27,35.105,38.203,34.499,37.557,14395.2702064
2019-09-28,37.649,41.431,37.063,40.501,14004.23913525
2019-09-29,40.655,40.655,36.383,37.953,30981.2656754
2019-09-30,37.91,40.152,36.404,38.881,9943.91588226
2019-10-01,38.921,39.855,37.982,38.36,4992.03306348
2019-10-02,38.385,38.571,37.37,38.31,5551.71317771
2019-10-03,38.315,38.45,36.538,37.37,3625.55534538
2019-10-04,37.399,37.742,36.046,37.12,2560.02353062
2019-10-05,37.258,37.259,36.358,36.999,3375.75940462
2019-10-06,37.046,37.173,35.318,35.707,5051.18278959
2019-10-07,35.701,38.084,35.276,37.589,8043.54261982
2019-10-08,37.596,38.201,36.166,36.76,4177.88017387
2019-10-09,36.73,38.397,36.309,38.161,6522.71980219
2019-10-10,38.198,38.335,37.176,37.68,3872.98967892
2019-10-11,37.615,38.453,36.02,36.1,8173.87962636
2019-10-12,36.143,37.222,35.905,36.77,3181.82229371
2019-10-13,36.729,37.55,36.442,37.146,2289.52620228
2019-10-14,36.873,37.55,36.574,37.159,1609.63847923
2019-10-15,37.274,37.834,36.364,36.892,4362.54383523
2019-10-16,36.944,37.019,35.426,35.861,3281.02927557
2019-10-17,35.861,36.966,35.68,36.223,6827.01590676
2019-10-18,36.249,36.949,35.561,36.001,6483.20150692
2019-10-19,36.004,36.829,35.606,35.928,4566.82207916
2019-10-20,36.049,36.949,35.769,36.479,4329.6922485000005
2019-10-21,36.56,37.25,35.981,36.9,8457.09347217
2019-10-22,36.899,36.958,35.833,36.019,2203.27266324
2019-10-23,35.902,36.039,31.87,32.966,28600.48930728
2019-10-24,32.971,33.424,32.302,33.31,7634.02051994
2019-10-25,33.241,38.043,33.24,37.244,14806.60210277
2019-10-26,37.32,39.285,35.501,36.174,40379.72485913
2019-10-27,36.109,39.399,35.529,37.495,10516.74571406
2019-10-28,37.549,42.266,37.408,38.009,23840.37485376
2019-10-29,37.935,39.852,37.881,39.379,16828.76442134
2019-10-30,39.28,39.806,37.357,38.513,6856.6215944
2019-10-31,38.653,38.795,37.07,37.834,3252.65354193
2019-11-01,37.741,38.111,37.111,38.08,2179.71156861
2019-11-02,37.977,38.202,37.453,37.771,1427.47190333
2019-11-03,37.855,37.928,36.875,37.271,2072.27434649
2019-11-04,37.124,38.689,36.901,38.0,4305.73945144
2019-11-05,37.789,39.365,37.24,38.883,4688.72345003
2019-11-06,38.803,39.687,38.421,39.036,3575.81373247
2019-11-07,38.889,39.311,38.123,38.645,6745.17948625
2019-11-08,38.631,38.918,36.02,36.492,7226.22228862
2019-11-09,36.468,37.19,36.445,36.791,2184.23477
2019-11-10,36.741,38.7,35.885,37.641,23026.90917371
2019-11-11,37.734,37.906,36.448,36.615,3236.94230514
2019-11-12,36.697,37.452,36.465,36.843,1563.75954833
2019-11-13,36.762,37.163,36.532,36.968,1152.58494964
2019-11-14,36.929,37.054,36.1,36.5,1233.72835632
2019-11-15,36.38,36.586,35.092,36.368,5433.71796896
2019-11-16,36.161,36.235,35.754,36.0,608.18877175
2019-11-17,36.001,36.418,35.483,36.01,2723.21013279
2019-11-18,35.979,36.024,34.0,34.802,5973.9919635
2019-11-19,34.801,34.925,33.333,34.221,3914.86925685
2019-11-20,33.971,34.724,33.663,33.855,1481.45424843
2019-11-21,33.643,34.095,30.3,31.455,8215.11847473
2019-11-22,31.712,31.95,27.878,29.23,10256.81122576
2019-11-23,29.199,30.163,28.694,29.786,3096.94916449
2019-11-24,29.807,29.858,27.363,27.5,3540.93236515
2019-11-25,27.468,28.616,25.581,27.515,14480.26033299
2019-11-26,27.393,28.467,27.246,28.451,8229.77469512
2019-11-27,28.454,29.447,27.075,28.584,4425.19846663
2019-11-28,28.73,29.551,28.322,28.891,4127.49949879
2019-11-29,28.746,29.971,28.63,29.539,2431.46557739
2019-11-30,29.502,29.613,28.4,29.194,1928.16944403
2019-12-01,29.195,29.195,27.55,28.136,5819.93598185
2019-12-02,28.152,28.245,27.467,27.912,2430.15957915
2019-12-03,27.878,28.213,27.187,27.427,1971.2383966
2019-12-04,27.39,29.385,26.644,26.819,7150.85845066
2019-12-05,26.815,30.889,26.815,30.409,11390.11418754
2019-12-06,30.397,30.497,28.448,29.379,7425.22437872
2019-12-07,29.399,30.39,29.375,29.669,4356.15338358
2019-12-08,29.657,30.169,29.246,29.543,6450.55717008
2019-12-09,29.484,32.546,29.062,31.155,14590.79859023
2019-12-10,31.02,31.068,29.551,30.141,9058.41893677
2019-12-11,30.141,32.25,30.038,31.532,7077.72176457
2019-12-12,31.699,32.0,30.482,31.988,7122.18826354
2019-12-13,31.938,33.843,30.914,33.36,10568.43188887
2019-12-14,33.352,33.383,30.8,32.212,7457.01189262
2019-12-15,32.185,33.715,31.586,33.058,7048.64107668
2019-12-16,32.998,33.225,29.208,29.661,14560.8078957
2019-12-17,29.559,29.745,26.697,27.774,16102.210664189999
2019-12-18,27.873,30.126,26.56,29.38,18894.71191201
2019-12-19,29.508,29.801,28.268,28.497,6990.45941637
2019-12-20,28.342,28.847,28.072,28.471,1595.18262439
2019-12-21,28.46,28.807,27.87,28.485,2285.5030283
2019-12-22,28.402,29.4,28.359,29.044,3866.99161175
2019-12-23,29.28,30.0,28.05,28.387,6271.61883116
2019-12-24,28.262,28.6,27.901,28.114,2249.64292687
2019-12-25,28.094,28.094,27.241,27.614,1845.02370288
2019-12-26,27.477,28.622,27.177,27.735,1858.06126342
2019-12-27,27.709,27.895,27.246,27.769,1233.54744383
2019-12-28,27.764,28.582,27.764,28.241,2132.65881248
2019-12-29,28.196,29.85,28.022,29.257,4310.56736433
2019-12-30,29.228,29.262,28.306,28.475,4910.88979109
2019-12-31,28.438,28.438,27.586,27.586,3181.90066442
2020-01-01,27.551,28.465,27.401,28.051,2380.4024202699998
2020-01-02,28.081,28.117,26.539,27.157,6209.98377124
2020-01-03,27.087,28.796,26.87,28.597,4542.76145586
2020-01-04,28.589,30.527,28.092,29.937,5258.77751412
2020-01-05,29.936,32.0,29.894,30.741,29748.45633988
2020-01-06,30.759,33.185,30.499,32.898,6420.64505032
2020-01-07,32.842,33.199,30.786,32.228,11525.99457559
2020-01-08,32.498,33.152,29.954,30.851,6254.61262892
2020-01-09,30.865,32.007,30.243,30.865,3842.16072322
2020-01-10,30.855,34.773,30.101,33.566,12560.17109418
2020-01-11,33.662,36.629,33.192,34.81,9733.29242285
2020-01-12,34.805,36.3,34.496,35.603,5531.70616509
2020-01-13,35.572,38.635,34.575,38.239,16877.72523566
2020-01-14,38.311,45.6,38.0,43.757,61890.54814476
2020-01-15,43.6,58.0,42.843,54.92,82628.2278704
2020-01-16,55.199,55.486,47.764,50.573,15364.80946162
2020-01-17,50.456,65.0,48.787,61.218,54168.66372587
2020-01-18,61.22,61.969,51.0,51.022,50635.81297838
2020-01-19,51.113,54.714,47.788,51.462,36630.36217096
2020-01-20,51.701,55.827,49.2,53.685,14580.62119229
2020-01-21,53.686,54.367,50.788,53.438,21100.47793051
2020-01-22,53.225,54.001,51.319,52.026,3440.45251342
2020-01-23,51.95,51.95,48.214,49.222,10179.37111149
2020-01-24,49.451,50.857,46.341,48.929,9356.80893412
2020-01-25,48.856,49.558,48.0,48.842,4267.31725597
2020-01-26,48.491,54.6,48.288,53.587,9989.79025897
2020-01-27,53.766,57.999,53.766,55.211,7679.42545402
2020-01-28,55.452,57.265,53.793,56.767,7660.96213886
2020-01-29,56.912,64.295,56.724,61.929,14616.49061707
2020-01-30,61.783,70.433,60.0,66.34,39312.34332609
2020-01-31,66.411,69.263,62.324,66.5,11629.77089133
2020-02-01,66.772,69.2,64.82,66.334,5497.15602974
2020-02-02,66.165,68.19,63.772,66.495,3860.74670089
2020-02-03,66.435,68.547,64.954,65.7,3676.13958282
2020-02-04,65.59,65.918,63.0,64.336,5374.82657094
2020-02-05,64.285,72.93,63.77,70.985,12268.34151619
2020-02-06,71.035,72.8,68.498,70.237,6478.4883748
2020-02-07,70.037,71.542,67.29,68.464,4958.6331556
2020-02-08,68.22,71.969,65.802,69.928,9838.87243047
2020-02-09,69.873,72.844,68.732,71.194,7442.73410514
2020-02-10,71.225,71.401,67.64,69.973,3811.81478589
2020-02-11,69.827,73.244,68.094,72.959,4668.53576231
2020-02-12,73.048,74.995,72.4,73.424,14074.63104604
2020-02-13,73.202,76.0,70.305,71.823,21803.48404132
2020-02-14,71.822,72.871,70.501,72.743,13553.81135794
2020-02-15,72.743,72.743,62.786,64.54,31359.6043194
2020-02-16,64.382,66.429,54.587,60.145,41606.650509420004
2020-02-17,60.145,70.034,54.9,64.383,69359.56246165
2020-02-18,64.345,66.428,60.348,65.8,13630.85388789
2020-02-19,65.8,69.6,61.333,62.148,22063.29770151
2020-02-20,61.99,63.869,57.8,60.696,12238.61673846
2020-02-21,60.78,63.742,60.128,61.728,17815.22984218
2020-02-22,61.561,62.21,60.0,60.954,2726.01721278
2020-02-23,60.998,63.857,60.839,63.662,4032.01368058
2020-02-24,63.566,64.523,59.0,61.0,4461.95918959
2020-02-25,60.835,60.835,56.15,57.14,3854.98162932
2020-02-26,57.184,57.972,48.303,51.56,32063.46036034
2020-02-27,51.245,55.045,48.143,52.864,7530.03493946
2020-02-28,53.091,54.0,48.766,51.142,14392.0479913
2020-02-29,51.14,52.226,49.043,49.082,6803.76076061
2020-03-01,49.021,51.674,48.155,49.365,7293.50144173
2020-03-02,49.3,53.076,49.074,52.514,3012.24829938
2020-03-03,52.241,52.313,50.064,51.056,5340.80384965
2020-03-04,50.923,51.636,49.159,50.392,4815.5511257
2020-03-05,50.371,53.356,50.371,51.912,7385.88348456
2020-03-06,52.018,53.765,51.24,53.621,3308.7092023
2020-03-07,53.563,53.704,50.501,50.8,3598.97417584
2020-03-08,50.669,50.669,42.176,43.212,44442.51057708
2020-03-09,43.214,44.504,39.066,42.25,17281.73969832
2020-03-10,42.25,42.757,40.511,41.577,7288.85172863
2020-03-11,41.442,42.2,37.521,40.403,6972.37771962
2020-03-12,40.403,40.522,24.53,26.023,120151.14079655
2020-03-13,25.986,29.943,18.146,27.529,64328.92237793
2020-03-14,27.458,27.742,24.8,25.093,16330.41617042
2020-03-15,25.185,27.079,24.759,25.858,23059.5958874
2020-03-16,25.723,26.331,21.419,24.845,19433.59942162
2020-03-17,24.768,25.878,24.113,25.228,10183.44059645
2020-03-18,25.275,30.012,24.539,29.954,18692.89426334
2020-03-19,29.957,33.878,28.144,31.955,25512.60271894
2020-03-20,32.031,36.164,29.759,33.113,40597.430381
2020-03-21,33.022,36.0,32.138,33.108,30676.90936489
2020-03-22,33.006,35.454,29.033,29.723,7234.97557248
2020-03-23,29.279,33.809,29.011,32.117,28444.86617376
2020-03-24,32.213,33.272,31.91,32.976,5099.56691604
2020-03-25,32.873,32.967,30.93,32.14,6579.25546227
2020-03-26,32.252,32.553,31.133,32.449,8098.77126273
2020-03-27,32.562,33.118,30.789,31.006,19977.17773096
2020-03-28,31.008,31.009,28.983,30.494,14629.35905127
2020-03-29,30.513,30.513,28.33,28.568,6001.45593216
2020-03-30,28.375,31.788,28.375,30.519,12285.93901226
2020-03-31,30.519,31.969,30.316,30.94,13767.02301743
2020-04-01,30.938,31.82,30.001,31.403,10393.25226294
2020-04-02,31.629,34.268,31.141,32.355,18898.26900559
2020-04-03,32.344,33.284,31.665,32.652,5210.43303625
2020-04-04,32.65,33.698,31.972,33.159,5005.17980657
2020-04-05,33.246,33.462,31.937,32.55,1843.35000996
2020-04-06,32.537,37.65,32.537,37.65,17716.29378505
2020-04-07,37.661,38.389,35.22,36.489,14883.7059942
2020-04-08,36.576,38.126,36.36,37.883,4661.28026359
2020-04-09,37.801,42.081,37.795,40.892,14612.91971465
2020-04-10,40.787,41.262,34.469,36.68,44826.78176989
2020-04-11,36.886,37.569,35.4,36.133,4200.43105451
2020-04-12,36.204,38.115,35.33,36.289,3690.73616429
2020-04-13,36.286,36.286,34.604,35.866,6317.7219014
2020-04-14,35.906,36.308,35.018,35.552,3318.03409571
2020-04-15,35.46,36.303,34.787,35.097,5023.93201273
2020-04-16,35.0,40.212,33.934,38.819,16337.74173191
2020-04-17,38.937,41.431,38.183,40.5,4355.43755641
2020-04-18,40.686,42.814,40.686,42.231,8182.20285007
2020-04-19,42.199,47.592,41.713,46.447,16672.45833116
2020-04-20,46.387,48.975,41.0,41.858,17783.19045234
2020-04-21,41.883,43.547,40.91,42.078,11618.18710817
2020-04-22,42.151,45.709,41.913,45.515,3897.24355608
2020-04-23,45.59,47.079,43.851,44.449,13108.99929608
2020-04-24,44.587,45.42,43.939,44.13,4406.86355367
2020-04-25,44.075,45.871,43.574,44.75,4413.75582158
2020-04-26,44.76,45.465,43.783,44.637,3202.10880413
2020-04-27,44.8,44.979,42.308,44.49,7755.4889605
2020-04-28,44.489,44.715,43.074,44.644,5130.66616504
2020-04-29,44.698,47.712,44.521,47.027,16390.33287776
2020-04-30,46.938,48.883,44.186,44.857,17037.0999815
2020-05-01,45.0,46.567,44.691,45.858,5990.53661833
2020-05-02,45.646,46.739,45.042,46.509,4296.86014341
2020-05-03,46.843,47.002,44.651,44.832,5040.4686393
2020-05-04,44.791,44.801,42.356,44.026,5263.92894452
2020-05-05,44.112,44.77,43.126,44.013,2659.89267162
2020-05-06,43.673,44.858,41.894,42.2,3454.0644228
2020-05-07,42.199,44.859,41.709,44.482,8872.65400429
2020-05-08,44.257,47.806,43.54,46.782,14507.08835661
2020-05-09,46.563,47.487,44.761,44.938,6293.24490064
2020-05-10,44.881,44.881,38.875,40.851,14908.7924587
2020-05-11,40.872,41.613,37.886,39.845,4580.81058267
2020-05-12,39.963,42.905,39.683,42.103,3680.31447154
2020-05-13,41.964,43.404,41.492,43.123,3399.36141504
2020-05-14,42.915,43.7,42.035,43.29,4531.39956706
2020-05-15,43.247,43.332,41.097,41.959,3449.68956882
2020-05-16,41.744,42.916,41.742,42.505,1693.70585267
2020-05-17,42.741,47.644,42.628,46.091,13441.13045988
2020-05-18,46.302,49.772,46.302,48.039,7666.64555338
2020-05-19,47.712,48.886,46.429,48.849,1972.5699597
2020-05-20,48.94,50.245,46.588,48.262,5106.66510446
2020-05-21,48.251,48.505,44.35,45.967,7247.61850159
2020-05-22,45.878,48.432,45.45,47.7,2162.61892399
2020-05-23,47.997,48.336,46.563,46.904,2243.0037036
2020-05-24,46.898,47.79,45.0,45.0,15636.69032167
2020-05-25,45.0,46.329,44.753,45.964,7668.03935725
2020-05-26,46.106,46.141,44.098,44.857,2849.23519667
2020-05-27,45.058,46.286,44.554,46.263,1258.0413078
2020-05-28,46.201,47.822,45.701,47.821,8981.75991908
2020-05-29,47.823,48.0,46.056,46.544,3250.35405454
2020-05-30,46.548,56.18,46.228,54.502,13304.19544006
2020-05-31,54.5,55.651,50.714,51.757,8142.59282857
2020-06-01,51.305,55.0,50.986,54.646,3991.55388043
2020-06-02,54.8,55.217,50.449,51.412,12302.69921083
2020-06-03,51.355,53.008,50.586,52.913,2584.84581824
2020-06-04,52.807,53.377,51.049,52.321,2289.73150438
2020-06-05,52.128,54.312,52.128,52.769,2537.07217732
2020-06-06,52.459,53.788,51.757,52.715,2197.51573889
2020-06-07,52.73,53.018,50.649,52.183,2728.89081114
2020-06-08,52.106,52.565,51.545,52.458,892.88039401
2020-06-09,52.458,53.444,50.931,52.071,6833.14998837
2020-06-10,51.998,55.61,51.85,55.584,6477.58790275
2020-06-11,55.384,55.615,48.845,49.798,20340.55293599
2020-06-12,49.375,52.417,48.254,51.461,3002.94285904
2020-06-13,51.624,52.956,50.9,52.832,5970.15372884
2020-06-14,52.807,52.807,50.532,51.253,1636.35665257
2020-06-15,51.039,53.16,48.407,52.333,4884.43509911
2020-06-16,52.475,53.962,52.001,52.721,3671.73693192
2020-06-17,52.935,53.47,51.74,53.083,1947.07054369
2020-06-18,53.052,53.429,51.328,52.133,6847.27960447
2020-06-19,51.893,52.34,51.0,51.225,2364.07452276
2020-06-20,51.42,51.704,50.408,51.651,958.85944611
2020-06-21,51.748,52.229,50.274,50.42,2153.62862179
2020-06-22,50.42,53.856,50.337,53.608,9275.75161718
2020-06-23,53.608,61.873,52.481,58.195,13073.3495317
2020-06-24,58.267,59.576,53.654,55.224,35802.09968645
2020-06-25,55.115,56.788,53.026,56.092,9333.46809878
2020-06-26,55.773,56.642,54.347,55.862,8731.35834602
2020-06-27,55.69,55.69,50.759,52.246,9593.31571592
2020-06-28,52.23,53.972,51.134,51.88,6631.12822015
2020-06-29,52.033,53.394,51.575,52.55,2442.0280549999998
2020-06-30,52.643,52.696,51.032,51.531,1641.78544513
2020-07-01,51.522,52.475,51.24,51.858,3822.83954497
2020-07-02,51.838,53.816,49.864,51.251,3208.45157109
2020-07-03,51.272,51.837,50.771,51.281,1128.11128338
2020-07-04,51.151,51.827,50.73,51.368,841.16205905
2020-07-05,51.42,51.6,50.126,51.313,1011.7172620700001
2020-07-06,51.314,55.843,51.26,55.579,9213.8415333
2020-07-07,55.549,55.89,53.731,55.015,2558.32633379
2020-07-08,55.016,58.827,54.48,58.11,7532.37827555
2020-07-09,57.915,58.944,55.75,56.922,1615.19210513
2020-07-10,56.695,56.754,54.215,56.006,1251.51908118
2020-07-11,56.152,56.685,55.19,55.799,1029.33815279
2020-07-12,56.011,61.144,55.886,58.403,9100.83705855
2020-07-13,58.813,64.051,58.779,61.369,13751.70880425
2020-07-14,60.933,63.113,59.001,61.975,5854.19148499
2020-07-15,61.975,63.109,60.662,61.296,3814.07720397
2020-07-16,61.294,61.595,57.198,59.19,6774.83164727
2020-07-17,59.008,60.5,57.914,59.642,5607.08282682
2020-07-18,59.642,59.981,58.075,59.203,2160.03337289
2020-07-19,59.223,59.564,56.842,58.599,6349.41294515
2020-07-20,58.608,58.619,57.033,57.139,2869.32791285
2020-07-21,57.033,62.688,57.033,62.506,6100.175869
2020-07-22,62.505,64.819,61.051,64.547,5739.1895584
2020-07-23,64.54,65.0,63.069,63.437,3459.41823587
2020-07-24,63.437,64.705,61.786,63.036,3730.96768324
2020-07-25,63.352,66.064,63.022,65.703,2461.28274248
2020-07-26,65.807,67.603,64.116,66.357,5014.93980149
2020-07-27,66.366,72.622,66.366,70.661,12989.14530914
2020-07-28,71.031,73.008,68.7,70.843,16955.93654968
2020-07-29,70.843,74.308,70.252,72.202,9143.75748594
2020-07-30,72.168,72.492,69.595,70.677,2158.48707553
2020-07-31,70.73,74.988,70.593,74.758,2784.13275289
2020-08-01,74.99,94.763,73.887,89.112,18289.08165926
2020-08-02,90.05,91.259,74.122,84.448,13586.89407149
2020-08-03,84.185,85.673,81.225,82.381,2489.40235605
2020-08-04,82.374,85.287,80.004,84.788,2281.6794984
2020-08-05,84.85,98.0,84.85,97.496,12579.42259006
2020-08-06,97.496,102.42,92.184,96.479,15213.64707223
2020-08-07,96.434,97.609,87.015,94.356,7765.22036778
2020-08-08,94.258,99.242,91.754,96.477,2674.70716675
2020-08-09,96.934,97.489,89.697,91.998,3265.8929876
2020-08-10,92.179,95.562,87.753,89.038,6060.27787339
2020-08-11,89.504,90.128,78.638,80.985,14754.57580393
2020-08-12,80.748,84.704,76.542,81.811,6654.2854768199995
2020-08-13,82.482,88.03,77.411,87.548,8435.40880191
2020-08-14,87.677,87.927,83.187,85.212,3553.50818214
2020-08-15,85.654,88.677,83.86,85.42,7695.42902817
2020-08-16,85.336,86.451,81.354,85.523,2473.40029817
2020-08-17,85.581,90.32,83.1,86.976,6660.52392687
2020-08-18,87.133,89.142,81.95,83.362,13657.82721009
2020-08-19,83.307,84.464,73.11,76.48,21082.75407897
2020-08-20,76.541,80.223,75.613,79.019,5652.97266612
2020-08-21,79.171,81.688,73.287,73.325,9298.99920518
2020-08-22,73.373,77.997,71.562,77.049,4540.09053952
2020-08-23,76.996,84.581,74.381,84.308,9065.95698659
2020-08-24,84.583,84.91,79.038,80.593,4712.02142547
2020-08-25,80.358,82.469,71.229,73.102,13559.37168634
2020-08-26,73.817,76.999,73.164,75.215,4576.26147259
2020-08-27,75.213,75.569,70.617,72.23,5427.63075702
2020-08-28,72.029,77.149,71.014,76.069,2868.31714227
2020-08-29,76.314,80.9,74.999,78.911,6858.32690712
2020-08-30,78.78,82.599,78.268,81.369,5473.97773071
2020-08-31,81.208,81.715,77.273,78.463,3942.55199136
2020-09-01,78.563,86.0,77.588,83.404,8718.54799508
2020-09-02,83.559,84.758,71.367,75.841,25294.68234411
2020-09-03,75.841,76.31,51.352,57.078,36976.76035211
2020-09-04,57.316,61.642,54.214,59.927,12379.01436263
2020-09-05,59.906,61.041,51.888,56.095,12475.17043168
2020-09-06,56.098,60.339,54.779,58.974,4928.69443561
2020-09-07,59.077,63.283,55.381,62.038,11499.23817991
2020-09-08,62.102,64.363,56.874,58.936,5748.62126269
2020-09-09,59.27,61.575,57.603,60.164,3037.74730141
2020-09-10,60.003,62.989,59.815,62.066,2579.36926721
2020-09-11,62.051,64.005,58.75,63.502,4399.23555374
2020-09-12,63.459,67.067,62.262,65.682,7621.09417885
2020-09-13,65.697,66.426,61.051,62.483,7579.42783324
2020-09-14,62.4,64.368,60.807,62.794,4679.30643469
2020-09-15,63.472,65.18,58.853,59.369,3456.7732123
2020-09-16,59.493,59.493,57.002,58.429,2021.70074535
2020-09-17,58.357,60.076,57.458,59.76,4595.2386182
2020-09-18,59.828,59.966,57.166,57.84,4462.39071205
2020-09-19,58.047,59.228,57.553,58.059,1808.44558788
2020-09-20,58.019,58.287,55.307,57.637,3412.52580475
2020-09-21,57.48,58.545,51.751,51.81,3819.22000294
2020-09-22,51.534,54.01,51.201,53.298,2564.08666918
2020-09-23,53.511,53.963,50.555,51.917,3617.94772998
2020-09-24,51.544,55.379,51.541,55.254,3230.10698187
2020-09-25,55.253,55.997,53.5,54.941,3173.12041057
2020-09-26,55.402,56.95,54.25,56.329,3038.14115921
2020-09-27,56.309,56.913,53.734,55.7,4159.14234186
2020-09-28,55.984,58.603,55.835,56.135,9670.35123091
2020-09-29,56.168,62.197,56.124,61.4,11060.60944274
2020-09-30,61.13,64.651,59.671,63.971,9669.56197025
2020-10-01,64.313,68.522,62.229,64.693,23174.78587776
2020-10-02,64.685,66.553,58.531,63.912,15865.284854
2020-10-03,63.895,63.95,60.595,60.9,6975.28733602
2020-10-04,60.748,63.666,59.184,63.335,8682.73279259
2020-10-05,63.099,66.102,61.959,65.72,4618.65437016
2020-10-06,66.102,66.425,60.205,61.414,10111.3883886
2020-10-07,61.324,62.3,59.572,61.575,5092.01773904
2020-10-08,61.534,63.389,58.8,61.992,8596.65773479
2020-10-09,62.16,65.175,60.382,63.764,4512.48522721
2020-10-10,63.615,67.809,63.596,66.712,6802.72137619
2020-10-11,66.867,73.577,66.46,72.506,16330.4969194
2020-10-12,72.567,76.124,70.5,73.031,21216.10666627
2020-10-13,73.073,73.47,68.591,70.178,5577.04509714
2020-10-14,70.212,71.5,67.38,68.906,8336.86526356
2020-10-15,68.726,68.881,65.53,68.054,7387.95821702
2020-10-16,68.292,69.8,61.001,62.564,8065.8494621
2020-10-17,62.645,63.59,61.138,63.159,5687.27317163
2020-10-18,62.947,64.485,62.595,64.485,1822.47768195
2020-10-19,64.51,65.562,62.201,64.219,5104.43759841
2020-10-20,64.104,64.972,56.774,57.942,20197.305363209998
2020-10-21,57.656,64.8,57.532,62.98,9454.83102103
2020-10-22,62.931,67.107,62.832,65.721,6905.02054608
2020-10-23,65.238,65.285,61.377,63.22,21156.64977513
2020-10-24,63.234,65.748,61.586,64.337,3596.31453481
2020-10-25,64.208,65.139,62.07,62.768,3559.47877875
2020-10-26,62.776,63.809,58.519,60.424,5670.08703693
2020-10-27,60.267,62.0,59.989,61.193,3279.35347049
2020-10-28,61.143,61.584,55.068,56.828,8831.78264165
2020-10-29,56.711,57.859,54.705,56.801,5959.2482586
2020-10-30,56.66,59.737,54.27,58.233,9822.39922705
2020-10-31,58.28,59.329,57.32,58.203,3375.83497732
2020-11-01,58.139,58.611,57.208,58.15,2531.48443254
2020-11-02,58.199,59.191,54.654,54.857,5895.16577936
2020-11-03,54.8,54.945,51.657,53.178,10173.44088025
2020-11-04,53.207,54.474,51.905,54.107,4578.18236677
2020-11-05,54.228,57.424,52.866,56.598,7183.94856408
2020-11-06,56.63,61.56,56.45,61.511,15554.19354596
2020-11-07,61.555,62.755,55.872,57.461,17392.32282348
2020-11-08,57.304,61.714,57.043,60.628,4695.42085889
2020-11-09,60.625,61.092,56.925,58.399,4592.82840228
2020-11-10,58.401,62.479,57.838,59.076,11751.30829074
2020-11-11,59.004,60.834,58.648,58.87,6269.25262403
2020-11-12,58.947,63.5,58.0,62.791,14949.553401
2020-11-13,62.968,66.232,61.7,65.851,15137.51292526
2020-11-14,65.7,65.799,61.4,63.915,11277.2837553
2020-11-15,63.841,64.189,59.694,61.159,10751.08422816
2020-11-16,60.839,67.515,60.578,64.67,15791.47004427
2020-11-17,64.495,67.156,64.226,66.942,10963.8101291
2020-11-18,66.85,67.849,60.499,63.267,14070.3954032
2020-11-19,63.204,63.98,60.239,62.383,6518.33605532
2020-11-20,62.336,64.688,62.105,63.13,8283.2055215
2020-11-21,63.214,72.738,62.441,72.417,32508.56512685
2020-11-22,72.633,73.88,64.756,68.585,18842.91223783
2020-11-23,68.64,80.651,67.293,79.27,34786.15172035
2020-11-24,79.413,89.772,75.47,86.816,57270.0121894
2020-11-25,86.619,87.789,75.348,78.227,27662.88054283
2020-11-26,78.21,79.784,63.418,70.189,39533.69813492
2020-11-27,70.338,71.499,66.054,69.789,9220.26518007
2020-11-28,69.787,76.527,69.033,75.361,9548.61291926
2020-11-29,75.671,77.074,71.744,75.196,9731.6595759
2020-11-30,75.196,79.862,73.449,79.022,16997.82639867
2020-12-01,78.796,82.209,71.785,74.966,12065.78607879
2020-12-02,74.444,77.168,73.539,76.822,6062.60423068
2020-12-03,76.663,77.024,74.385,75.867,1522.76808295
2020-12-04,75.663,76.176,68.473,69.061,9967.70191655
2020-12-05,69.058,72.328,68.372,71.962,3206.47567205
2020-12-06,72.019,74.95,70.05,74.674,4489.77278523
2020-12-07,74.897,76.986,73.684,75.63,4519.28287025
2020-12-08,75.601,75.792,68.738,69.392,6232.09264797
2020-12-09,69.549,72.89,66.269,69.465,20131.83408001
2020-12-10,69.501,69.905,65.24,65.967,2839.21705767
2020-12-11,66.03,66.211,62.559,63.796,3985.46211613
2020-12-12,63.759,66.913,63.669,66.008,3923.81426942
2020-12-13,66.284,69.441,65.377,68.207,3335.57426324
2020-12-14,68.17,68.623,66.29,68.128,3008.59669958
2020-12-15,68.121,69.3,66.464,67.894,4570.74803224
2020-12-16,67.89,73.086,66.954,73.086,6285.74009292
2020-12-17,73.12,77.795,72.398,74.283,19595.79543178
2020-12-18,74.246,76.315,71.505,73.967,4466.1128931
2020-12-19,73.975,76.248,73.061,73.531,3837.72039019
2020-12-20,73.444,77.721,71.725,73.599,7671.49235752
2020-12-21,73.395,77.503,67.5,67.85,15893.95492446
2020-12-22,67.804,69.054,63.303,67.659,6367.87006425
2020-12-23,67.727,68.455,46.506,55.328,29816.4118779
2020-12-24,55.468,62.217,54.089,62.142,20973.14087739
2020-12-25,62.208,65.006,60.433,64.251,10296.77999607
2020-12-26,64.32,70.079,63.522,66.397,7726.24162517
2020-12-27,66.399,71.54,62.453,66.91,15972.59899675
2020-12-28,67.259,71.377,66.186,69.044,16747.52556696
2020-12-29,69.0,70.476,61.415,65.218,13613.79667924
2020-12-30,65.453,66.133,62.745,64.172,14500.32417857
2020-12-31,64.057,64.428,60.999,63.952,10268.72903128
2021-01-01,64.003,67.23,54.202,56.937,67473.52903941
2021-01-02,56.606,59.961,55.064,57.487,22214.42014023
2021-01-03,57.454,62.069,56.256,59.19,20518.12437921
2021-01-04,59.5,64.937,56.884,60.308,24888.35863892
2021-01-05,60.342,61.149,57.962,59.664,11960.32574843
2021-01-06,59.849,65.451,59.049,63.906,23870.64536636
2021-01-07,63.975,74.467,63.001,67.632,65231.35145636
2021-01-08,67.701,69.936,61.104,68.444,32806.45464212
2021-01-09,68.487,80.049,65.811,78.657,35361.47858663
2021-01-10,78.807,98.917,75.833,96.529,156277.4591251
2021-01-11,96.63,108.78,77.99,88.321,203037.8914274
2021-01-12,87.967,105.68,84.46,99.656,79847.62856508
2021-01-13,99.7,120.63,92.532,117.52,116744.40260626
2021-01-14,117.52,118.58,105.94,111.81,47804.03859619
2021-01-15,111.59,115.0,95.0,103.27,23696.83381628
2021-01-16,103.42,114.1,101.63,108.17,21632.60883319
2021-01-17,108.14,109.14,98.35,102.51,15134.23818413
2021-01-18,102.5,106.42,100.05,104.09,10395.73962311
2021-01-19,104.28,113.0,102.3,102.79,14468.64346234
2021-01-20,102.44,103.94,90.568,99.0,16222.24400808
2021-01-21,99.144,99.584,82.446,83.156,36222.5616593
2021-01-22,83.056,91.606,76.561,87.147,18964.56043278
2021-01-23,86.713,90.675,83.92,85.905,9559.48461281
2021-01-24,85.527,92.771,84.995,90.225,11919.27885138
2021-01-25,90.237,96.789,87.982,87.982,13916.99821779
2021-01-26,87.895,90.316,84.0,89.406,6759.08702846
2021-01-27,89.318,89.318,77.26,78.601,16296.7516365
2021-01-28,78.428,88.629,77.275,86.656,15949.85129234
2021-01-29,86.944,90.81,82.286,85.556,37601.85085938
2021-01-30,85.793,86.396,82.81,84.602,4479.52314615
2021-01-31,84.305,87.613,82.563,85.848,5564.66065386
2021-02-01,85.717,89.778,84.099,88.704,6971.46764903
2021-02-02,88.8,94.605,88.455,92.616,8882.96682127
2021-02-03,92.616,97.299,92.616,95.153,9287.58374968
2021-02-04,95.43,96.559,88.845,89.997,10271.31140326
2021-02-05,90.198,96.545,89.288,96.545,6835.32872298
2021-02-06,96.514,99.197,91.882,94.341,8169.71973167
2021-02-07,94.275,95.657,88.592,92.335,7202.47424629
2021-02-08,92.32,98.462,91.091,98.326,8444.61170426
2021-02-09,98.599,110.36,97.094,108.95,39694.67624769
2021-02-10,109.17,121.26,106.63,116.6,49827.52138511
2021-02-11,116.54,150.0,113.18,142.43,70755.49386475
2021-02-12,143.13,149.03,132.54,143.0,29759.79855082
2021-02-13,143.0,190.0,143.0,176.14,90564.62113679
2021-02-14,176.26,179.82,152.48,156.57,37828.46904324
2021-02-15,156.29,179.39,125.3,158.15,113502.67194108
2021-02-16,158.8,168.03,148.22,156.29,30760.76677626
2021-02-17,155.68,173.64,147.11,168.42,25916.00736305
2021-02-18,168.55,179.56,157.42,169.36,45098.77598539
2021-02-19,169.34,190.0,162.06,180.52,24481.82292724
2021-02-20,180.46,184.9,155.11,163.9,22893.4992463
2021-02-21,163.62,167.91,158.34,161.7,10862.09894851
2021-02-22,161.99,162.89,119.06,144.34,75044.52161955
2021-02-23,144.79,145.03,103.04,127.11,91137.9370045
2021-02-24,127.04,135.15,122.26,131.32,15642.35796281
2021-02-25,130.97,139.61,120.18,121.23,16870.50704207
2021-02-26,121.42,124.76,113.3,118.0,25892.50227354
2021-02-27,118.26,124.93,117.72,120.0,5515.38715114
2021-02-28,119.98,120.33,104.6,111.66,19902.88632813
2021-03-01,111.95,126.43,110.5,124.09,10330.17926421
2021-03-02,124.43,126.89,116.78,120.81,7754.35281916
2021-03-03,120.43,131.01,119.44,126.92,11682.64211208
2021-03-04,126.79,130.07,118.0,121.89,6231.05042598
2021-03-05,121.62,124.48,113.51,121.49,24401.453767940002
2021-03-06,121.43,126.92,118.98,125.12,10954.03052603
2021-03-07,125.16,130.22,124.45,130.1,4051.55385558
2021-03-08,130.21,132.73,124.05,129.67,24311.40967648
2021-03-09,129.68,138.71,127.97,137.94,18757.41264178
2021-03-10,137.95,142.27,131.1,140.03,7557.00767316
2021-03-11,140.03,158.36,135.8,152.0,55722.59584383
2021-03-12,152.2,156.61,142.1,145.55,17904.69270806
2021-03-13,145.25,160.0,137.43,155.92,16401.45498442
2021-03-14,156.16,158.19,143.01,143.01,6124.62555895
2021-03-15,143.01,146.93,134.01,135.25,9308.95086849
2021-03-16,135.25,140.03,130.17,139.32,7394.75079153
2021-03-17,139.55,146.48,134.37,145.81,5550.20245746
2021-03-18,145.94,150.86,142.01,142.82,4637.60956707
2021-03-19,142.82,153.34,140.51,150.37,4525.86125545
2021-03-20,150.4,161.17,149.21,154.99,14198.83653703
2021-03-21,154.56,156.34,145.1,148.23,6906.23095805
2021-03-22,148.47,149.73,139.4,139.54,11054.295509130001
2021-03-23,139.42,143.4,135.1,136.07,5692.57084565
2021-03-24,136.03,141.62,125.29,127.91,11763.99247016
2021-03-25,127.66,128.99,116.01,123.28,10635.13976676
2021-03-26,123.4,133.51,123.4,133.51,3449.14243741
2021-03-27,133.53,135.67,126.41,133.62,3000.50477506
2021-03-28,133.7,144.93,130.03,144.79,9285.31757464
2021-03-29,144.93,159.5,141.76,149.3,24526.2617867
2021-03-30,149.59,156.96,145.85,154.8,22443.71946876
2021-03-31,155.05,158.42,147.06,158.25,15603.31047194
2021-04-01,158.39,166.8,152.69,165.04,14723.57169071
2021-04-02,165.72,177.72,163.37,169.69,11295.04384339
2021-04-03,169.77,178.77,163.5,171.17,28728.93851194
2021-04-04,170.9,195.0,169.27,187.94,35698.34751006
2021-04-05,187.18,200.0,183.0,197.56,18299.01113007
2021-04-06,197.48,200.25,181.61,190.83,15414.08477344
2021-04-07,191.13,194.08,162.25,171.41,18799.21631137
2021-04-08,171.35,185.68,170.3,184.63,9594.50675678
2021-04-09,184.61,198.78,183.83,194.58,12976.64613291
2021-04-10,194.58,210.08,193.5,206.4,18563.08396697
2021-04-11,206.97,231.89,206.53,222.6,20671.95254095
2021-04-12,222.77,237.18,209.18,221.31,26824.77886481
2021-04-13,221.7,231.52,217.33,226.0,11749.09717715
2021-04-14,226.0,243.48,217.79,237.18,19340.02174924
2021-04-15,237.46,255.27,235.23,252.23,53923.41600814
2021-04-16,252.45,271.45,235.31,269.71,44582.05773973
2021-04-17,270.2,299.69,269.03,280.21,45215.60044399
2021-04-18,279.56,285.33,182.44,260.25,46990.86960651
2021-04-19,259.73,265.09,221.2,225.7,12690.74938372
2021-04-20,225.69,250.2,209.87,249.57,26673.75374058
2021-04-21,249.72,255.87,231.12,236.9,6674.52346563
2021-04-22,237.77,248.21,218.97,224.34,12914.06549045
2021-04-23,223.97,226.44,168.4,220.28,38454.68938997
2021-04-24,220.2,220.2,197.45,199.12,6439.2435445
2021-04-25,199.29,215.89,192.03,201.9,6063.72453517
2021-04-26,202.4,228.51,200.14,227.41,8896.38338903
2021-04-27,227.12,241.65,222.56,241.65,3604.99848359
2021-04-28,241.79,243.46,226.77,241.04,4264.9542193
2021-04-29,240.6,241.23,223.67,229.94,2857.29573035
2021-04-30,229.33,248.35,225.3,245.34,5233.34496615
2021-05-01,245.33,258.28,243.39,257.5,4665.06348137
2021-05-02,257.47,259.18,241.45,243.19,2908.69371214
2021-05-03,243.99,254.6,243.99,249.99,5674.65713437
2021-05-04,250.51,267.0,230.64,241.67,24658.62341025
2021-05-05,241.55,299.9,237.77,292.18,22981.13909818
2021-05-06,292.5,324.9,272.0,308.92,23712.24117717
2021-05-07,309.24,343.0,296.0,319.71,27367.22432663
2021-05-08,319.7,343.94,295.19,316.32,15731.95599288
2021-05-09,316.01,317.85,287.81,305.62,18088.43013663
2021-05-10,305.33,329.16,266.0,284.01,38148.78388344
2021-05-11,283.26,302.48,271.98,302.48,21116.5674629
2021-05-12,302.42,371.0,272.97,278.96,98366.42864479
2021-05-13,279.53,323.8,253.0,296.45,64780.20369389
2021-05-14,296.04,323.0,285.97,306.28,15673.54432188
2021-05-15,306.42,316.69,268.15,271.48,13451.78097431
2021-05-16,272.01,291.37,246.56,263.38,20462.09002853
2021-05-17,263.11,263.11,226.25,236.07,20811.40645006
2021-05-18,235.57,261.79,233.73,254.76,13408.08360114
2021-05-19,255.48,262.79,101.54,146.81,120123.48891602
2021-05-20,147.02,194.29,134.42,183.57,47470.28373554
2021-05-21,182.42,191.92,136.5,156.93,42994.16147377
2021-05-22,157.15,161.4,133.59,142.76,13538.25016752
2021-05-23,142.83,149.36,87.05,114.42,76944.54119381
2021-05-24,114.87,149.52,114.81,149.22,44927.20536342
2021-05-25,149.16,154.58,130.44,145.45,27260.19353394
2021-05-26,145.6,160.0,143.15,158.77,22822.70608255
2021-05-27,158.67,159.62,140.96,150.09,11619.51780134
2021-05-28,150.31,168.0,131.01,164.5,26763.25985913
2021-05-29,164.62,186.66,141.48,148.75,34342.42869324
2021-05-30,148.75,159.84,137.37,149.86,10819.79825576
2021-05-31,149.06,162.46,140.8,162.04,8550.83744145
2021-06-01,161.6,164.55,148.24,154.2,6411.8003002899995
2021-06-02,154.37,170.36,148.72,164.94,7383.48391473
2021-06-03,163.62,175.1,160.25,172.9,6656.72921354
2021-06-04,172.44,172.44,147.11,155.81,10930.81071701
2021-06-05,155.26,161.21,147.74,153.35,3385.5415412
2021-06-06,153.35,156.56,146.87,149.5,3032.56431537
2021-06-07,149.5,154.66,134.4,135.68,5254.67549618
2021-06-08,135.65,138.91,119.43,131.08,12765.44207179
2021-06-09,131.02,145.0,124.34,144.98,10214.96244695
2021-06-10,145.0,151.41,132.0,133.8,5845.29172398
2021-06-11,134.07,135.66,122.51,124.62,3589.21324918
2021-06-12,124.06,129.33,118.79,125.63,9311.2117163
2021-06-13,126.0,133.06,120.97,132.97,4077.00062439
2021-06-14,133.01,139.19,128.6,138.84,4925.33009128
2021-06-15,139.21,141.11,133.29,136.7,5854.36378138
2021-06-16,136.39,143.89,132.28,137.3,7253.13584793
2021-06-17,136.94,146.59,136.56,142.08,3727.1447754
2021-06-18,142.33,142.93,129.05,132.9,4724.61039253
2021-06-19,133.09,134.95,127.59,128.33,2848.924612
2021-06-20,128.18,132.52,119.82,132.12,8289.87481112
2021-06-21,132.79,133.21,101.26,102.04,15582.07120854
2021-06-22,101.7,110.74,87.507,106.53,34612.0943399
2021-06-23,106.6,117.54,102.91,111.46,8259.27183019
2021-06-24,111.98,116.56,107.09,112.73,6843.18382038
2021-06-25,113.07,116.63,99.718,100.0,7796.5179106
2021-06-26,99.976,103.83,96.697,103.77,8405.46909545
2021-06-27,103.84,107.74,98.928,107.74,11037.60624154
2021-06-28,107.79,118.03,104.77,117.86,6421.13279616
2021-06-29,117.96,129.64,116.2,126.68,10834.12488593
2021-06-30,126.52,132.45,123.41,130.82,7604.18241137
2021-07-01,130.79,130.86,119.04,120.22,9807.18411376
2021-07-02,120.07,121.59,112.53,118.78,4565.45527515
2021-07-03,118.54,119.0,113.08,116.43,3059.94353532
2021-07-04,116.21,125.62,113.29,120.18,7092.57824687
2021-07-05,119.82,119.99,110.33,111.12,6411.87854284
2021-07-06,111.01,118.7,110.87,117.6,7941.93621582
2021-07-07,117.65,122.16,115.49,117.98,7360.20284632
2021-07-08,118.18,118.72,107.02,109.02,13231.59472331
2021-07-09,108.84,112.83,105.01,110.8,5733.79615687
2021-07-10,110.94,113.05,106.31,107.87,1894.69157073
2021-07-11,108.09,112.4,106.07,110.66,1158.6550822
2021-07-12,110.82,112.85,104.42,107.57,2321.89817095
2021-07-13,107.52,108.34,101.92,104.19,2837.62161732
2021-07-14,103.87,105.87,97.662,104.62,3769.07212517
2021-07-15,104.43,106.13,97.959,100.24,3346.32773079
2021-07-16,100.22,102.51,92.667,93.112,5636.54309732
2021-07-17,93.223,95.865,92.0,93.162,4744.86046282
2021-07-18,93.182,99.624,92.483,94.365,6915.9225968
2021-07-19,93.879,100.88,88.866,89.203,16127.59264871
2021-07-20,89.485,91.786,83.2,85.917,10584.7794517
2021-07-21,85.623,95.631,84.367,95.167,11945.87373592
2021-07-22,95.223,97.866,91.506,97.407,4950.40570689
2021-07-23,97.653,99.025,92.287,97.798,5884.17371948
2021-07-24,97.988,102.94,97.097,99.421,3984.32034131
2021-07-25,99.148,100.57,95.647,100.56,3589.29762307
2021-07-26,100.67,109.6,100.27,101.26,11753.75259671
2021-07-27,101.49,103.63,98.098,103.0,5128.86861839
2021-07-28,102.97,105.88,101.58,105.81,14051.02261959
2021-07-29,105.79,108.82,104.36,107.85,7753.60783432
2021-07-30,107.95,110.0,103.03,109.89,11193.60979721
2021-07-31,109.94,112.47,108.86,111.0,11859.33686109
2021-08-01,111.08,123.41,110.33,115.77,35117.24731282
2021-08-02,115.58,120.02,113.38,115.43,6412.30347066
2021-08-03,115.18,116.76,109.36,114.13,4628.64408362
2021-08-04,114.23,120.88,112.85,118.2,4455.38277688
2021-08-05,118.22,120.82,114.13,119.29,7231.10163481
2021-08-06,119.23,128.63,117.57,126.74,5473.36638602
2021-08-07,126.91,134.86,125.54,134.13,10014.23621629
2021-08-08,134.05,136.12,121.38,123.27,9293.24016768
2021-08-09,123.29,132.51,118.56,130.96,12543.69782011
2021-08-10,130.71,134.49,128.01,132.0,4345.74366408
2021-08-11,131.99,142.62,131.82,137.58,9164.4942241
2021-08-12,136.99,142.82,130.66,133.43,4859.29974021
2021-08-13,133.66,145.05,132.74,144.96,6598.27509573
2021-08-14,144.92,147.7,137.15,145.14,5220.55236467
2021-08-15,145.08,156.5,140.77,154.8,13674.47561356
2021-08-16,155.26,157.94,148.5,150.58,8696.30526862
2021-08-17,150.14,159.69,140.76,141.39,11334.19045222
2021-08-18,141.65,145.16,135.35,140.76,9465.812668819999
2021-08-19,141.06,147.76,137.81,147.18,6807.93026191
2021-08-20,147.08,156.0,146.17,153.72,6898.9449597
2021-08-21,153.72,158.04,147.92,155.89,10717.99429598
2021-08-22,155.96,161.69,152.71,160.82,10017.49091793
2021-08-23,160.82,168.6,159.84,165.18,11648.5945303
2021-08-24,165.18,171.13,152.52,155.5,15334.67658661
2021-08-25,155.86,164.38,150.65,163.7,10138.37849557
2021-08-26,164.28,165.22,143.33,143.81,17108.8758043
2021-08-27,143.95,152.34,139.7,152.22,6881.233335
2021-08-28,152.32,152.66,146.86,150.56,6261.20608317
2021-08-29,150.6,154.3,146.0,148.55,6336.74709763
2021-08-30,148.56,149.26,140.38,141.01,5759.33479082
2021-08-31,141.1,148.34,138.94,144.17,7625.63681141
2021-09-01,143.73,151.85,140.73,151.5,9368.15444256
2021-09-02,151.51,155.04,150.03,150.72,7571.38312557
2021-09-03,150.6,159.97,146.78,156.5,18025.48708642
2021-09-04,156.36,162.37,154.97,160.31,16506.95447173
2021-09-05,160.14,175.94,159.18,172.86,31086.20789717
2021-09-06,172.97,176.0,164.37,171.12,14696.31617056
2021-09-07,171.04,171.75,110.08,136.13,36955.37487838
2021-09-08,136.45,139.58,120.93,135.46,31407.07458778
2021-09-09,135.55,143.39,131.65,137.51,18634.19424564
2021-09-10,137.67,142.59,125.07,128.1,12736.81941238
2021-09-11,128.12,134.6,126.83,128.46,12388.41088884
2021-09-12,128.38,133.66,126.14,131.25,6649.47953397
2021-09-13,131.15,132.51,121.08,127.55,13654.61512297
2021-09-14,127.56,133.67,126.4,133.3,6919.8181053
2021-09-15,133.89,140.06,130.93,139.95,5272.0965825700005
2021-09-16,140.06,146.47,133.76,138.18,17004.11706073
2021-09-17,138.19,140.18,132.28,134.36,12482.77533865
2021-09-18,134.73,143.78,132.79,138.81,8812.30700493
2021-09-19,138.79,141.39,132.11,133.64,3488.69369178
2021-09-20,133.75,133.84,115.34,118.39,33701.00397956
2021-09-21,118.96,120.63,108.29,111.65,20022.48016306
2021-09-22,111.72,121.59,110.63,121.34,6415.47840206
2021-09-23,121.4,123.48,118.2,122.53,6295.52749381
2021-09-24,122.76,123.32,105.06,110.69,13391.57667519
2021-09-25,110.74,113.03,107.18,110.75,7472.80884597
2021-09-26,110.68,113.11,101.95,111.36,11962.06493598
2021-09-27,111.27,113.74,104.49,104.63,7818.75481453
2021-09-28,104.67,107.73,100.36,100.6,9528.66241942
2021-09-29,100.69,108.37,100.43,103.66,7407.24672586
2021-09-30,103.74,107.97,103.23,107.01,4343.22576389
2021-10-01,107.21,115.03,106.56,114.92,10618.27222707
2021-10-02,114.82,117.44,112.01,114.25,5079.98941019
2021-10-03,114.35,119.39,112.57,118.9,17641.48226423
2021-10-04,118.37,119.18,112.66,116.83,7359.64985346
2021-10-05,116.4,124.28,115.41,123.28,9220.29091062
2021-10-06,123.22,127.0,114.82,125.41,12563.18906236
2021-10-07,125.26,129.45,121.68,125.41,11576.7937763
2021-10-08,125.05,127.81,122.8,123.47,8523.28591061
2021-10-09,123.77,128.23,122.19,127.59,7354.5747854
2021-10-10,127.53,127.87,119.13,119.77,9502.8489072
2021-10-11,119.48,125.71,116.56,119.72,6237.71077556
2021-10-12,119.58,119.58,111.56,116.2,16405.3920951
2021-10-13,116.05,119.47,113.19,119.39,8841.7679043
2021-10-14,119.54,122.55,119.08,121.52,5845.94223281
2021-10-15,121.84,126.7,119.14,126.21,9888.97460512
2021-10-16,126.28,128.14,123.61,125.95,5744.16824764
2021-10-17,125.88,141.33,124.29,137.57,18109.21590675
2021-10-18,137.7,146.34,135.24,140.75,20926.04908271
2021-10-19,140.46,147.49,139.84,144.13,11082.41703999
2021-10-20,144.06,151.25,144.01,149.76,11620.83220549
2021-10-21,149.8,158.93,146.16,155.0,19927.87191035
2021-10-22,155.01,166.44,155.01,165.02,38862.39138835
2021-10-23,165.0,175.17,164.04,173.47,80097.2774036
2021-10-24,173.54,190.2,170.46,173.15,100768.16639016
2021-10-25,172.97,177.13,169.04,170.19,58830.66041231
2021-10-26,170.16,171.69,158.24,161.06,29345.3203578
2021-10-27,161.04,162.94,143.68,147.21,45901.36448463
2021-10-28,147.41,160.34,143.88,159.15,22631.77578112
2021-10-29,159.18,163.63,156.73,162.57,9901.86329133
2021-10-30,162.63,162.63,149.87,153.56,6054.24433318
2021-10-31,153.63,187.46,152.01,167.33,48793.16995903
2021-11-01,167.25,173.15,161.38,169.79,16536.62833092
2021-11-02,169.69,180.27,167.43,171.86,16835.69049168
2021-11-03,171.92,172.19,160.49,168.16,12630.29489824
2021-11-04,168.37,171.86,160.18,163.64,3547.1016763
2021-11-05,163.98,169.64,160.68,162.89,3861.54246782
2021-11-06,162.57,166.38,155.3,159.55,3746.50323094
2021-11-07,159.25,165.19,158.47,164.09,5803.55345587
2021-11-08,164.07,171.49,163.48,170.91,8168.50984102
2021-11-09,170.59,200.34,169.63,200.04,43727.88109528
2021-11-10,200.28,205.0,172.2,179.8,28348.65949897
2021-11-11,179.69,219.09,176.87,204.67,47394.34105526
2021-11-12,204.34,210.2,190.83,202.13,22637.51633519
2021-11-13,202.13,213.11,199.0,199.3,14552.3174092
2021-11-14,199.03,202.44,192.23,201.92,4424.33506404
2021-11-15,202.7,204.08,192.22,195.31,8745.31996092
2021-11-16,194.88,195.42,163.04,165.8,28715.53247019
2021-11-17,165.58,167.78,152.89,159.25,23585.83659387
2021-11-18,159.42,162.3,141.29,148.52,24569.09904285
2021-11-19,148.9,164.35,146.64,159.06,38397.0259382
2021-11-20,159.14,188.83,158.94,179.53,48011.88092919
2021-11-21,179.7,234.33,177.2,229.64,76556.18388263
2021-11-22,230.3,237.19,198.0,206.51,52655.31940493
2021-11-23,206.2,220.73,195.39,218.85,58803.26917565
2021-11-24,218.63,275.76,217.59,260.81,115778.68666367
2021-11-25,261.32,304.96,252.33,294.45,78610.91816545
2021-11-26,294.75,296.69,241.36,246.98,67292.26273331999
2021-11-27,246.75,272.56,240.28,244.11,22473.71976991
2021-11-28,243.98,243.98,216.18,241.5,49540.58535622
2021-11-29,241.34,255.0,238.36,246.81,25885.58992605
2021-11-30,247.36,247.85,214.4,220.47,18058.40027888
2021-12-01,220.32,248.19,216.39,229.71,59033.53925539
2021-12-02,229.65,230.23,213.71,225.54,12117.06151424
2021-12-03,225.61,237.84,202.04,206.29,36903.51120099
2021-12-04,206.5,206.58,140.5,188.25,52275.83467009
2021-12-05,187.53,194.5,170.04,182.68,43921.08365651
2021-12-06,183.15,184.78,160.71,180.5,27385.6053876
2021-12-07,180.35,186.04,171.56,174.14,8599.01682447
2021-12-08,174.4,182.28,166.7,178.92,10990.63863006
2021-12-09,179.11,186.71,161.91,164.23,15994.1128874
2021-12-10,164.5,174.17,159.16,160.1,11242.76753592
2021-12-11,159.5,171.88,155.73,168.27,11025.24909591
2021-12-12,168.39,173.0,161.01,169.78,7441.08643337
2021-12-13,170.34,172.25,146.2,148.02,11144.71815071
2021-12-14,147.96,155.58,143.74,151.86,10489.29405679
2021-12-15,151.49,162.5,143.51,159.43,17133.27251513
2021-12-16,159.99,166.77,151.39,152.27,15115.53011146
2021-12-17,152.37,154.3,145.44,150.17,6725.91355346
2021-12-18,149.8,165.37,149.21,157.76,28415.25819908
2021-12-19,157.68,167.47,155.76,157.98,17015.17884986
2021-12-20,157.33,164.73,149.53,156.55,17783.50060938
2021-12-21,156.51,162.9,155.7,162.35,34333.73314063
2021-12-22,162.24,168.9,160.23,165.37,11052.86297087
2021-12-23,165.81,169.92,156.66,167.18,16147.64220092
2021-12-24,167.47,170.91,162.65,164.91,9811.78478207
2021-12-25,164.9,172.25,164.7,169.39,5411.87530879
2021-12-26,169.72,172.22,163.38,167.44,6733.05314347
2021-12-27,167.77,173.8,166.32,169.65,6454.83930634
2021-12-28,169.32,170.5,148.59,149.54,18045.380165
2021-12-29,149.59,151.4,140.95,146.66,4274.58626047
2021-12-30,146.47,153.91,143.88,153.7,5315.2024398
2021-12-31,153.34,156.9,142.85,146.68,5871.1493311
2022-01-01,146.75,150.86,145.72,150.28,3094.45298904
2022-01-02,150.43,155.44,147.09,153.27,6347.16577341
2022-01-03,153.2,154.19,147.04,150.64,3619.72250198
2022-01-04,150.76,156.21,147.22,147.22,9064.99948321
2022-01-05,147.84,151.3,128.0,136.8,12548.55815439
2022-01-06,136.61,138.72,129.86,137.14,17774.55720633
2022-01-07,137.08,143.31,131.08,139.49,23323.33976417
2022-01-08,139.84,156.25,136.34,143.54,29306.06480678
2022-01-09,143.38,146.68,133.57,144.02,21742.49905457
2022-01-10,144.06,148.98,136.47,141.31,22609.5945522
2022-01-11,141.31,145.66,137.95,141.48,11221.18132227
2022-01-12,141.41,147.97,140.85,144.48,8921.43141536
2022-01-13,144.42,149.75,140.91,143.24,12435.84670715
2022-01-14,143.49,144.81,136.63,142.78,13863.61235932
2022-01-15,142.96,146.69,141.12,144.37,9165.76213793
2022-01-16,144.54,145.98,140.1,141.36,6290.60306616
2022-01-17,141.49,142.92,134.75,138.85,10150.59561787
2022-01-18,138.77,140.79,128.57,131.82,13160.5739938
2022-01-19,131.92,132.49,125.63,125.79,7800.84871753
2022-01-20,126.03,131.96,118.78,118.78,10196.23823026
2022-01-21,118.79,120.5,100.56,102.32,22457.79059268
2022-01-22,102.21,104.3,83.426,94.518,39003.61104877
2022-01-23,94.481,98.236,91.034,97.558,19008.89379871
2022-01-24,97.5,97.999,81.475,94.322,22140.02712058
2022-01-25,94.31,96.711,89.214,90.528,10670.14981712
2022-01-26,90.445,100.26,86.586,89.711,17238.07210009
2022-01-27,89.997,90.741,82.662,88.849,7539.62355073
2022-01-28,88.619,91.896,86.386,91.327,6553.81246645
2022-01-29,91.368,97.101,90.698,96.274,7043.00143913
2022-01-30,96.197,98.008,91.575,92.983,3919.04133745
2022-01-31,93.202,95.035,88.3,94.635,3480.00467857
2022-02-01,94.492,99.633,94.179,98.935,2524.05752022
2022-02-02,98.973,103.72,97.497,98.507,13072.01381271
2022-02-03,98.278,102.25,95.126,101.03,8737.22123671
2022-02-04,100.74,107.79,99.611,107.1,14545.18152576
2022-02-05,107.24,123.05,106.2,116.18,24152.96690071
2022-02-06,116.05,126.18,115.96,124.62,16917.22428925
2022-02-07,124.63,130.79,121.45,128.9,22975.67617843
2022-02-08,128.97,134.9,121.8,133.14,17017.95472312
2022-02-09,133.53,134.47,125.99,126.02,10623.31326643
2022-02-10,125.99,128.97,120.19,124.97,9809.8311923
2022-02-11,124.95,130.88,115.26,116.71,12974.79463471
2022-02-12,116.34,123.5,113.61,117.7,10087.11651985
2022-02-13,117.28,118.92,115.03,117.2,5991.70094813
2022-02-14,117.17,122.1,112.69,120.62,15121.70790564
2022-02-15,120.91,129.98,120.35,125.86,7411.22217011
2022-02-16,125.83,126.66,119.79,125.67,5631.95254922
2022-02-17,125.61,127.32,111.72,113.7,10747.12231061
2022-02-18,113.28,118.06,107.9,109.23,5323.57733673
2022-02-19,109.25,115.98,107.1,112.27,4612.7936095
2022-02-20,112.03,112.09,103.61,107.83,4916.15693785
2022-02-21,108.25,115.2,100.0,100.74,7731.20297805
2022-02-22,100.7,103.54,95.102,103.17,4862.3127023
2022-02-23,103.31,106.28,97.012,97.603,2167.02705719
2022-02-24,97.834,105.12,85.03,102.84,16313.52615089
2022-02-25,102.87,109.94,98.265,106.88,8744.36370765
2022-02-26,106.86,110.79,105.67,107.88,1735.96943329
2022-02-27,108.21,110.64,99.112,102.74,2403.35287321
2022-02-28,102.55,119.57,100.06,119.07,12646.04532568
2022-03-01,118.79,121.93,115.4,119.18,5355.47040855
2022-03-02,119.27,128.74,115.14,125.8,3604.01289126
2022-03-03,126.12,130.97,121.38,128.97,5427.12156705
2022-03-04,129.04,129.57,116.28,117.15,5095.14049398
2022-03-05,117.14,119.24,112.45,116.5,3492.51739139
2022-03-06,116.37,119.57,107.25,107.25,5595.4906364299995
2022-03-07,107.46,113.89,103.8,109.91,4174.09124509
2022-03-08,109.64,141.5,108.93,138.34,17218.43954021
2022-03-09,138.45,146.54,135.94,141.37,42896.42041386
2022-03-10,141.58,160.64,130.84,156.92,31943.46890253
2022-03-11,157.12,158.3,145.97,153.31,17796.34127117
2022-03-12,154.01,159.57,143.67,151.09,6169.83232376
2022-03-13,151.58,158.9,144.75,154.73,13763.46370807
2022-03-14,154.73,156.4,143.42,149.69,16901.25408182
2022-03-15,149.69,149.94,135.66,136.53,6627.45616921
2022-03-16,136.56,154.2,135.72,153.86,5306.42195522
2022-03-17,154.09,166.46,148.55,152.75,7144.84488952
2022-03-18,152.68,172.58,147.46,171.47,17618.70303017
2022-03-19,172.0,183.0,167.16,179.93,17827.3521213
2022-03-20,179.73,181.11,169.6,173.86,6007.49333498
2022-03-21,173.55,184.59,165.94,181.73,13438.31044562
2022-03-22,181.56,184.41,173.38,174.75,8074.41466951
2022-03-23,174.53,187.56,171.79,181.94,3402.4989001
2022-03-24,182.2,196.97,177.63,192.92,8693.39582197
2022-03-25,192.91,200.65,188.64,194.94,6269.76365155
2022-03-26,195.15,216.24,195.15,205.0,10450.07159028
2022-03-27,205.14,211.03,195.64,210.28,6508.80346014
2022-03-28,210.31,211.48,190.13,192.01,5126.14786142
2022-03-29,192.05,200.0,189.24,195.92,3050.32611295
2022-03-30,195.95,198.89,186.82,191.69,3554.25775998
2022-03-31,191.69,196.16,176.79,178.19,3176.03583203
2022-04-01,178.47,193.63,171.17,186.13,6140.62531072
2022-04-02,186.14,191.68,177.29,177.81,3753.88009796
2022-04-03,177.83,182.37,173.8,179.76,4097.0290425700005
2022-04-04,179.53,180.0,163.26,173.7,5077.86275486
2022-04-05,173.85,178.7,165.0,165.79,3401.38003957
2022-04-06,165.47,177.47,158.48,161.22,7274.90171535
2022-04-07,160.98,174.35,158.9,172.73,27829.87720363
2022-04-08,172.66,183.87,164.43,165.42,9350.69276813
2022-04-09,165.67,174.42,161.57,169.5,5306.70801245
2022-04-10,169.73,169.99,160.67,160.96,2573.80149917
2022-04-11,160.98,163.68,142.06,142.47,3813.71035643
2022-04-12,143.09,149.72,141.48,147.5,3159.25962141
2022-04-13,147.28,152.9,144.34,152.9,2059.23772838
2022-04-14,152.44,155.72,141.73,144.34,1457.45855837
2022-04-15,144.14,149.62,143.83,146.71,1209.57752055
2022-04-16,146.43,147.82,141.46,144.0,3995.8511174
2022-04-17,144.28,145.98,137.28,137.61,6594.82689935
2022-04-18,137.44,157.49,133.27,156.22,18997.31224152
2022-04-19,156.22,163.92,153.44,159.07,9367.38199329
2022-04-20,158.78,162.04,154.89,156.82,4958.35828513
2022-04-21,156.8,170.7,156.8,159.73,4323.50921422
2022-04-22,159.73,169.83,156.86,157.03,2741.06461011
2022-04-23,157.23,158.36,152.67,153.12,1535.00291748
2022-04-24,153.0,163.56,152.91,161.0,2637.86703351
2022-04-25,161.0,166.82,146.91,165.66,2682.76590446
2022-04-26,166.02,170.77,143.14,146.36,11657.21084981
2022-04-27,145.65,151.55,143.67,149.35,2909.51235433
2022-04-28,148.69,152.07,144.99,146.87,1928.84481003
2022-04-29,147.05,147.71,126.0,128.65,7374.40599275
2022-04-30,128.4,133.55,109.0,114.03,5973.74134562
2022-05-01,114.04,126.18,111.08,124.39,4793.61725358
2022-05-02,124.27,125.84,115.74,124.84,3311.932472
2022-05-03,125.04,127.67,117.55,119.73,3935.77143609
2022-05-04,119.77,135.16,119.27,134.68,4229.36921684
2022-05-05,134.63,139.93,119.41,125.53,6287.6518679
2022-05-06,125.59,128.71,120.0,123.83,2284.27906365
2022-05-07,123.76,124.45,110.55,112.95,3681.0545689
2022-05-08,113.47,116.59,109.04,114.31,5134.17656388
2022-05-09,114.69,117.02,90.641,92.729,72803.76693734
2022-05-10,92.585,104.99,87.916,92.995,7053.22082009
2022-05-11,93.2,96.596,75.5,82.932,17156.07036243
2022-05-12,83.789,89.902,69.184,86.852,26914.79621421
2022-05-13,86.65,100.42,85.944,93.939,14784.28151964
2022-05-14,94.001,107.67,86.942,105.85,32543.74083322
2022-05-15,105.84,114.12,102.58,112.29,14283.80009426
2022-05-16,112.24,112.24,101.51,102.69,9709.3315136
2022-05-17,102.69,116.5,99.881,114.65,6353.51984226
2022-05-18,114.58,116.1,98.51,99.631,8477.58790676
2022-05-19,100.02,109.64,93.633,104.84,12756.31527169
2022-05-20,104.33,111.35,101.13,106.84,7246.27413597
2022-05-21,107.26,107.58,101.42,104.44,3943.23569537
2022-05-22,104.75,110.59,101.94,107.18,2890.2594680400002
2022-05-23,106.8,112.08,96.516,99.176,11399.89279392
2022-05-24,99.135,101.64,92.113,100.21,4753.08677305
2022-05-25,100.06,102.13,94.77,95.68,1946.77164058
2022-05-26,95.712,97.35,81.893,87.37,11160.75085762
2022-05-27,87.287,89.029,82.771,86.089,4704.72647602
2022-05-28,86.094,88.8,84.99,86.969,5426.16863306
2022-05-29,86.82,92.395,84.326,92.395,9916.244983479999
2022-05-30,92.239,99.718,89.82,98.804,7479.56510813
2022-05-31,98.48,99.942,91.012,93.28,6358.6172306
2022-06-01,93.289,96.298,87.53,89.706,9303.60071064
2022-06-02,89.554,92.043,88.081,91.336,4984.99264859
2022-06-03,91.31,91.585,85.77,89.562,3418.08779008
2022-06-04,89.866,90.336,87.43,89.8,2843.10823284
2022-06-05,89.796,90.67,88.647,89.47,1930.43043825
2022-06-06,89.44,95.5,89.364,93.918,4833.11540489
2022-06-07,93.728,95.31,88.08,92.95,3666.81699168
2022-06-08,93.342,94.428,89.384,92.67,3135.18066753
2022-06-09,92.756,94.106,90.575,91.362,2492.30243694
2022-06-10,91.651,93.094,86.059,86.479,1440.66965387
2022-06-11,86.542,88.27,77.408,79.595,10223.33318433
2022-06-12,79.595,84.339,73.984,79.22,17568.49642622
2022-06-13,79.185,80.593,63.134,65.525,13593.13739304
2022-06-14,65.519,67.687,60.04,64.142,10005.17771058
2022-06-15,64.062,68.781,57.482,68.652,7894.97281659
2022-06-16,68.599,70.112,57.918,59.037,4750.1813224
2022-06-17,59.007,64.67,58.33,62.514,6931.25945524
2022-06-18,62.486,63.364,53.225,59.381,11120.37559405
2022-06-19,59.306,68.87,56.62,67.437,9832.17013552
2022-06-20,67.551,68.737,63.223,64.981,3758.83930673
2022-06-21,64.828,70.268,63.662,65.544,2211.98084462
2022-06-22,65.73,67.035,62.42,63.104,1906.9601379
2022-06-23,63.12,66.13,62.273,65.517,2103.54686592
2022-06-24,65.694,71.0,64.051,69.002,3106.13793059
2022-06-25,69.289,70.941,64.42,68.264,1038.89277461
2022-06-26,68.097,70.67,63.5,63.966,1776.88497368
2022-06-27,63.7,67.27,61.92,62.293,1285.22060276
2022-06-28,62.293,63.344,58.309,58.853,5652.13483337
2022-06-29,58.798,61.07,56.801,57.377,50181.99334925
2022-06-30,57.465,58.032,51.72,54.55,64531.42328037
2022-07-01,54.367,56.47,52.01,53.205,4805.94047969
2022-07-02,53.444,54.825,51.831,53.901,2123.27997756
2022-07-03,53.926,55.208,52.177,54.495,1409.82620163
2022-07-04,54.53,58.606,52.934,58.023,3158.16454983
2022-07-05,58.185,58.674,54.909,57.168,3597.38940911
2022-07-06,57.052,58.569,55.83,58.261,2595.77862545
2022-07-07,58.261,60.456,57.159,59.91,2298.30502055
2022-07-08,59.91,61.5,57.62,59.376,1381.8275242
2022-07-09,59.664,62.462,59.524,61.245,2955.6005652
2022-07-10,61.198,61.238,58.151,59.778,1580.32603749
2022-07-11,59.778,59.778,55.339,55.617,1481.27875291
2022-07-12,55.627,55.627,51.788,51.991,2653.44771241
2022-07-13,51.982,54.918,49.47,54.881,4669.79249192
2022-07-14,54.881,59.529,52.623,57.564,2649.55023121
2022-07-15,57.564,59.87,56.954,58.383,1543.86912975
2022-07-16,58.424,64.521,57.626,63.31,12245.67108941
2022-07-17,63.31,63.976,59.122,59.443,2235.45293787
2022-07-18,59.442,66.0,59.25,65.77,4704.19976852
2022-07-19,65.158,67.161,61.932,64.649,2489.61876922
2022-07-20,64.649,67.257,60.881,62.097,6697.01185343
2022-07-21,62.097,62.541,58.983,61.801,1270.60095279
2022-07-22,61.801,64.271,59.224,59.46,2231.3871422
2022-07-23,59.937,62.78,57.101,58.935,3960.41413106
2022-07-24,58.936,60.5,58.205,58.769,1657.73399422
2022-07-25,58.966,59.518,54.163,54.163,5857.6025889
2022-07-26,54.123,55.688,52.888,55.688,1617.38810178
2022-07-27,55.677,61.77,54.388,61.728,2227.906066
2022-07-28,61.728,65.188,59.72,63.645,4673.22000206
2022-07-29,63.645,66.98,62.01,63.723,2648.88216319
2022-07-30,63.805,68.575,62.92,65.021,4788.54328166
2022-07-31,65.028,69.952,64.22,64.475,3583.96706534
2022-08-01,64.407,66.023,61.361,62.875,2401.0513573
2022-08-02,62.632,63.47,58.902,61.513,1983.59313803
2022-08-03,61.461,64.07,59.908,61.743,2125.9055773
2022-08-04,61.733,65.37,61.729,64.375,2254.503259
2022-08-05,64.375,69.254,64.375,69.15,1902.63901333
2022-08-06,69.044,69.452,66.827,67.601,1700.37528101
2022-08-07,67.584,72.77,66.258,70.267,3498.66919435
2022-08-08,70.305,78.808,69.771,77.451,7780.76896582
2022-08-09,77.389,82.0,74.72,79.722,9691.75146947
2022-08-10,79.722,79.722,72.723,78.772,6313.26060438
2022-08-11,78.376,82.662,77.531,79.216,3003.64752406
2022-08-12,79.216,80.97,76.65,77.088,2679.3006393699998
2022-08-13,77.24,79.335,75.193,76.112,1954.55799185
2022-08-14,76.075,77.637,72.741,73.695,1608.94079037
2022-08-15,73.729,75.492,71.9,73.755,1904.07555312
2022-08-16,73.755,76.71,72.32,75.995,1123.74937716
2022-08-17,75.982,77.808,71.62,74.12,2311.11912469
2022-08-18,74.181,76.669,69.92,70.061,2618.77479404
2022-08-19,70.141,70.344,61.497,62.137,8408.38868973
2022-08-20,62.264,64.643,61.42,62.958,1849.7020428600001
2022-08-21,63.0,66.001,62.999,64.643,1581.92835892
2022-08-22,64.643,65.07,60.606,64.989,1796.03155842
2022-08-23,65.07,67.044,62.758,66.42,3816.20266275
2022-08-24,66.42,69.653,64.82,67.576,1549.47226708
2022-08-25,67.7,69.967,66.82,67.809,1164.98523095
2022-08-26,67.809,68.236,60.282,61.082,5014.02659725
2022-08-27,61.148,62.17,59.742,61.493,1189.11689838
2022-08-28,61.382,62.94,60.784,61.189,1236.23674917
2022-08-29,61.318,64.168,60.132,63.845,1364.94002028
2022-08-30,63.949,64.596,59.694,59.979,3152.73957099
2022-08-31,60.06,62.038,59.558,59.862,1369.60255861
2022-09-01,59.862,60.33,56.903,58.997,2192.94186734
2022-09-02,59.098,61.87,58.126,60.446,3937.79716093
2022-09-03,60.446,62.683,59.886,62.672,2954.26522448
2022-09-04,62.672,64.348,61.941,63.975,1429.64660343
2022-09-05,63.986,64.516,62.187,63.431,1509.8089312500001
2022-09-06,63.454,66.287,57.943,57.988,2829.88545071
2022-09-07,57.92,59.941,56.945,59.357,1739.81276517
2022-09-08,59.361,61.557,58.037,61.134,2006.09595948
2022-09-09,61.066,66.87,61.01,65.999,2107.62319324
2022-09-10,66.015,66.192,64.223,65.355,761.29750326
2022-09-11,65.417,65.966,63.22,64.274,839.75914877
2022-09-12,64.409,66.37,61.82,63.015,1470.80822792
2022-09-13,62.895,63.97,58.578,58.856,2843.11365841
2022-09-14,58.74,62.27,58.574,62.02,689.33455397
2022-09-15,61.973,62.017,58.112,58.278,390.30655237
2022-09-16,58.239,58.884,55.72,56.727,2621.87578578
2022-09-17,56.751,58.8,56.697,58.757,620.77969442
2022-09-18,58.758,58.777,51.801,53.196,1303.84205044
2022-09-19,53.304,55.57,51.822,55.419,1096.76106014
2022-09-20,55.314,55.898,53.189,53.608,434.66694357
2022-09-21,53.516,57.47,52.177,53.527,1611.04594194
2022-09-22,53.493,56.97,53.305,56.698,1298.8747754
2022-09-23,56.796,58.546,54.42,56.137,1544.3526538
2022-09-24,56.181,58.367,55.418,55.76,1519.9855105
2022-09-25,55.655,57.247,55.121,56.247,857.67667608
2022-09-26,56.168,59.142,55.224,59.126,3030.48543221
2022-09-27,59.079,61.57,56.32,57.151,3496.77632177
2022-09-28,57.138,57.437,53.561,55.442,1508.91348491
2022-09-29,55.526,56.83,54.535,56.824,1795.88480256
2022-09-30,56.801,57.19,55.688,55.716,845.02282683
2022-10-01,55.725,57.367,55.223,55.322,815.52617332
2022-10-02,55.349,55.652,53.537,53.684,744.88596387
2022-10-03,53.614,56.258,52.92,55.91,975.22439199
2022-10-04,55.913,57.302,55.732,56.767,1201.63053709
2022-10-05,56.848,58.152,56.184,56.634,2296.94014307
2022-10-06,56.715,57.47,55.144,55.144,616.71785283
2022-10-07,55.177,55.703,54.159,54.739,1033.17200091
2022-10-08,54.739,55.368,54.019,54.502,1104.02556087
2022-10-09,54.436,55.16,53.836,54.836,1335.64529195
2022-10-10,54.833,55.359,52.285,52.658,1444.22462006
2022-10-11,52.658,52.683,51.22,51.494,2344.39039106
2022-10-12,51.53,52.5,51.29,51.791,620.18500944
2022-10-13,51.791,51.965,47.7,50.983,2632.682831
2022-10-14,50.961,52.341,49.427,50.016,590.7997673
2022-10-15,50.032,51.689,49.615,50.909,1698.93207002
2022-10-16,50.909,53.012,50.82,51.826,3165.73155063
2022-10-17,51.816,53.445,51.32,52.793,1387.52008225
2022-10-18,52.793,53.286,51.196,52.425,1513.50323837
2022-10-19,52.439,52.811,50.373,50.736,1185.50773836
2022-10-20,50.708,52.77,50.214,52.02,1127.90889399
2022-10-21,51.884,52.609,49.963,52.154,1064.0956737
2022-10-22,52.209,53.069,51.492,52.382,791.78685855
2022-10-23,52.479,53.269,51.62,53.143,2807.22021329
2022-10-24,53.099,53.369,51.196,52.036,2133.80204025
2022-10-25,52.041,54.369,51.816,53.387,2875.20602884
2022-10-26,53.283,55.846,53.14,55.153,1671.25269249
2022-10-27,55.15,56.57,52.737,52.824,3270.46664031
2022-10-28,52.824,54.293,52.136,53.894,1057.47961488
2022-10-29,53.868,55.431,53.59,54.302,2775.53101404
2022-10-30,54.302,55.756,53.114,53.744,1334.09296873
2022-10-31,53.735,53.988,51.894,52.628,4220.59736295
2022-11-01,52.617,53.278,50.042,50.247,2986.6901739
2022-11-02,50.247,52.284,49.461,50.324,1977.97197282
2022-11-03,50.279,52.17,49.933,50.361,2099.3721021
2022-11-04,50.381,54.032,50.165,53.813,3395.12837225
2022-11-05,53.813,54.822,53.0,53.635,2448.69576359
2022-11-06,53.569,53.887,50.22,50.414,2044.67007321
2022-11-07,50.225,52.992,49.92,51.24,2483.2235572
2022-11-08,51.209,51.824,36.788,42.217,8849.02854813
2022-11-09,42.229,42.707,33.182,35.172,10110.45751559
2022-11-10,35.172,40.159,34.278,39.259,11884.91549679
2022-11-11,39.111,39.952,37.493,39.407,4438.22789762
2022-11-12,39.404,40.67,36.657,40.1,6646.61824974
2022-11-13,40.078,41.348,38.854,40.617,6280.32815079
2022-11-14,40.484,41.976,38.137,40.618,4556.86487459
2022-11-15,40.571,41.775,40.115,40.801,1450.31793644
2022-11-16,40.757,41.323,38.555,39.018,2313.99785739
2022-11-17,38.954,40.404,38.455,39.69,1913.78866083
2022-11-18,39.684,40.202,38.755,39.174,1427.61043825
2022-11-19,39.154,39.862,38.26,39.781,1474.35728075
2022-11-20,39.782,41.17,37.837,38.089,2683.31120859
2022-11-21,38.032,38.751,36.708,37.573,7536.01712411
2022-11-22,37.573,39.87,37.048,39.862,3686.46626905
2022-11-23,39.89,44.27,39.661,43.202,6613.05002472
2022-11-24,43.293,43.794,42.359,43.794,2481.24469907
2022-11-25,43.646,43.745,41.191,41.442,2738.84497957
2022-11-26,41.448,42.531,41.061,41.283,1668.73512831
2022-11-27,41.334,42.243,40.419,40.682,1766.1533214199999
2022-11-28,40.661,40.941,38.828,39.529,1668.2553387
2022-11-29,39.523,40.832,39.308,40.014,1453.99353496
2022-11-30,40.025,43.97,40.025,43.388,2617.2646211
2022-12-01,43.486,45.47,42.871,44.895,5107.00554585
2022-12-02,44.981,46.679,44.42,46.08,2170.04130308
2022-12-03,46.08,46.651,45.13,45.476,1029.42828369
2022-12-04,45.494,46.151,44.803,45.825,1833.59138103
2022-12-05,45.896,47.166,45.309,46.447,1221.9018968
2022-12-06,46.406,46.679,45.139,46.19,868.1891766
2022-12-07,46.134,46.396,43.39,43.692,1931.08216019
2022-12-08,43.688,45.188,43.491,44.988,795.09313333
2022-12-09,44.95,46.141,44.788,45.663,750.54137321
2022-12-10,45.714,46.36,45.436,45.571,840.01225698
2022-12-11,45.55,46.161,44.823,44.992,16001.13510918
2022-12-12,44.82,46.64,43.72,45.959,1405.99846775
2022-12-13,46.039,47.77,45.305,46.382,1080.3436798
2022-12-14,46.342,47.685,46.232,46.355,343.73704907
2022-12-15,46.324,47.616,45.739,46.032,1447.49929116
2022-12-16,45.907,46.178,40.22,41.149,4185.22208556
2022-12-17,41.022,43.133,40.041,43.06,7933.72637082
2022-12-18,43.035,43.97,42.463,43.367,7939.55227785
2022-12-19,43.487,45.57,41.339,42.14,5512.19126519
2022-12-20,42.007,42.903,41.595,42.147,597.67361655
2022-12-21,42.189,42.879,41.0,41.464,1301.04210598
2022-12-22,41.361,41.741,38.689,39.375,2904.30295983
2022-12-23,39.376,40.138,39.002,39.354,1565.16365481
2022-12-24,39.396,40.051,39.004,39.791,754.84491079
2022-12-25,39.797,40.381,39.428,40.004,1013.5656642
2022-12-26,39.946,40.49,39.776,40.375,2760.22979311
2022-12-27,40.552,40.552,37.92,38.774,1396.32811413
2022-12-28,38.822,38.97,37.007,37.472,1933.81235539
2022-12-29,37.528,38.364,37.228,38.016,846.95496758
2022-12-30,38.042,38.168,37.0,37.947,708.09372117
2022-12-31,37.99,38.503,37.274,37.281,472.23540464
2023-01-01,37.313,37.522,36.512,37.218,957.4781178
2023-01-02,37.311,40.145,36.631,39.542,1922.14236221
2023-01-03,39.611,40.595,39.382,40.047,1425.4893416
2023-01-04,40.047,41.537,39.897,40.716,3281.16142142
2023-01-05,40.751,41.089,39.365,39.703,1814.08466535
2023-01-06,39.824,41.767,38.814,41.41,2982.00345932
2023-01-07,41.41,42.87,40.849,41.518,5811.58412362
2023-01-08,41.593,42.817,41.036,42.773,1848.32824618
2023-01-09,42.79,44.83,42.65,43.138,4296.10154949
2023-01-10,43.247,44.199,42.287,44.078,1699.16552111
2023-01-11,44.044,44.631,42.543,44.246,2176.37355754
2023-01-12,44.33,46.0,43.126,45.305,2383.01575101
2023-01-13,45.41,45.882,43.919,45.421,1884.03282329
2023-01-14,45.471,48.67,44.406,46.822,4759.71545245
2023-01-15,46.892,47.035,44.32,44.867,2563.9069486
2023-01-16,44.861,46.015,41.551,42.698,6133.29820803
2023-01-17,42.491,45.645,42.02,44.627,2727.3250838
2023-01-18,44.729,45.77,41.103,42.957,4404.00366431
2023-01-19,42.96,45.126,42.816,44.493,1875.16207468
2023-01-20,44.427,48.916,44.2,48.176,4702.69379554
2023-01-21,48.414,49.67,47.311,47.939,7175.3368741
2023-01-22,48.001,48.969,46.359,47.233,4607.59222958
2023-01-23,47.257,48.438,46.479,46.903,1529.31800661
2023-01-24,46.964,48.247,43.825,44.514,2108.21900968
2023-01-25,44.477,46.474,43.596,45.447,2731.8124883
2023-01-26,45.475,47.0,44.543,46.847,1323.80793824
2023-01-27,46.938,47.07,45.431,46.504,756.61147497
2023-01-28,46.447,46.939,44.662,45.366,752.04326423
2023-01-29,45.314,48.03,44.973,47.163,12727.84352587
2023-01-30,47.277,47.359,43.702,44.578,4803.6715816
2023-01-31,44.546,45.879,44.118,45.186,1234.66969176
2023-02-01,45.129,47.582,43.928,47.126,3346.00734832
2023-02-02,47.2,48.378,45.504,45.823,2850.21486168
2023-02-03,45.904,47.594,45.519,47.037,1384.36342373
2023-02-04,47.1,47.408,46.24,46.608,617.2515766
2023-02-05,46.558,46.721,43.45,44.236,4959.06477196
2023-02-06,44.288,44.748,42.766,43.37,1468.6299616
2023-02-07,43.297,47.07,43.297,46.811,3307.59955773
2023-02-08,46.766,47.15,44.641,45.267,2371.7296147
2023-02-09,45.195,45.629,41.754,42.774,5603.63612333
2023-02-10,42.8,44.598,42.3,43.543,4245.18488576
2023-02-11,43.617,46.869,43.352,45.598,6867.65558939
2023-02-12,45.672,48.562,44.399,46.214,10551.32801928
2023-02-13,46.088,46.739,42.246,43.463,4780.70640804
2023-02-14,43.517,44.11,42.0,43.567,2359.77819562
2023-02-15,43.654,46.508,43.044,46.2,4641.62945119
2023-02-16,46.243,47.123,43.22,43.571,2586.30758515
2023-02-17,43.452,45.858,43.452,45.195,2245.81963558
2023-02-18,45.365,47.07,45.273,46.149,2422.3829083
2023-02-19,46.034,49.624,45.803,47.735,3843.62637058
2023-02-20,47.859,51.242,46.72,50.175,4029.12379896
2023-02-21,50.175,50.597,47.275,49.37,3410.56413039
2023-02-22,49.47,49.882,45.769,47.977,2471.51449012
2023-02-23,48.0,48.37,46.469,47.979,1181.26713708
2023-02-24,47.97,48.56,44.368,45.267,3052.03110344
2023-02-25,45.203,45.403,43.414,44.446,1089.19604497
2023-02-26,44.389,45.41,44.095,45.123,799.96340289
2023-02-27,45.061,45.189,43.374,44.199,1183.24078257
2023-02-28,44.271,44.623,42.753,43.044,2999.53580836
2023-03-01,43.097,44.872,42.865,44.39,1560.64480996
2023-03-02,44.302,44.469,42.931,43.628,681.73246012
2023-03-03,43.593,43.616,36.78,39.606,4192.46684822
2023-03-04,39.579,39.929,37.263,38.581,3248.27849821
2023-03-05,38.548,39.291,37.847,38.078,893.61275547
2023-03-06,37.981,38.831,37.43,38.457,1126.12143046
2023-03-07,38.528,38.908,36.526,37.671,1003.42681661
2023-03-08,37.702,37.87,35.021,35.722,1923.44091126
2023-03-09,35.747,37.128,33.097,34.239,3716.73535291
2023-03-10,34.22,34.22,30.6,32.129,4769.74486199
2023-03-11,32.114,33.116,29.888,31.446,6657.49358215
2023-03-12,31.464,34.533,30.627,34.332,3740.8038802
2023-03-13,34.364,35.763,32.703,35.358,5371.83175846
2023-03-14,35.377,37.883,34.428,36.322,3318.15101096
2023-03-15,36.352,37.212,32.601,33.345,3264.69704417
2023-03-16,33.276,34.386,32.876,34.002,1819.11703597
2023-03-17,33.994,37.082,33.485,37.06,2843.42947986
2023-03-18,37.17,37.914,35.271,35.954,2563.79145773
2023-03-19,36.022,37.572,35.658,36.507,1384.80247269
2023-03-20,36.648,37.84,34.12,34.355,1495.08846478
2023-03-21,34.331,37.1,33.22,36.434,3066.22725547
2023-03-22,36.409,36.525,33.62,34.678,1893.28586721
2023-03-23,34.715,38.221,34.22,38.069,1909.50636412
2023-03-24,38.125,38.57,34.999,35.878,2010.19845407
2023-03-25,35.881,36.1,34.72,35.555,2007.36392901
2023-03-26,35.519,36.858,35.217,36.268,2091.40853196
2023-03-27,36.207,37.417,34.519,35.888,2396.8891347100002
2023-03-28,35.954,37.102,35.371,36.312,2483.89808789
2023-03-29,36.396,38.083,36.253,37.102,1892.0388253
2023-03-30,37.121,37.987,36.26,37.837,2098.00181559
2023-03-31,37.829,39.27,37.378,38.745,6081.10507484
2023-04-01,38.806,38.878,37.248,38.277,1160.36850214
2023-04-02,38.25,38.281,35.979,36.595,1539.78641741
2023-04-03,36.539,37.256,35.02,36.453,6324.28182827
2023-04-04,36.499,38.016,35.993,37.714,3790.38472916
2023-04-05,37.754,38.66,37.28,37.98,3979.69283823
2023-04-06,37.984,38.143,37.0,37.755,1979.4076586200001
2023-04-07,37.78,38.057,36.565,37.74,3351.41603442
2023-04-08,37.72,38.726,37.442,38.408,2264.18154195
2023-04-09,38.444,39.994,37.558,39.648,2025.41984897
2023-04-10,39.664,39.971,38.216,39.543,2160.49914513
2023-04-11,39.552,40.347,39.048,39.783,1975.9796423999999
2023-04-12,39.845,39.879,38.113,39.805,1597.06582661
2023-04-13,39.884,42.086,39.625,41.283,8452.59220358
2023-04-14,41.236,42.823,40.627,42.096,2154.46844706
2023-04-15,41.928,43.268,41.202,42.863,999.46607278
2023-04-16,42.82,43.316,41.905,42.559,722.45019812
2023-04-17,42.681,42.704,41.275,41.529,1567.19981592
2023-04-18,41.629,43.26,41.201,42.534,495.13638943
2023-04-19,42.525,42.66,37.235,38.185,6944.45768278
2023-04-20,38.139,38.881,36.801,37.789,2019.79434376
2023-04-21,37.93,38.427,35.735,36.625,4179.039226
2023-04-22,36.564,37.814,36.249,37.804,552.97012926
2023-04-23,37.764,37.893,35.72,37.046,1340.8341588
2023-04-24,37.098,37.666,35.94,36.88,768.12303933
2023-04-25,36.909,37.515,35.709,37.459,2719.58890907
2023-04-26,37.349,39.09,34.82,36.54,3502.13358189
2023-04-27,36.524,38.597,36.287,38.076,3388.43707508
2023-04-28,38.2,38.249,37.152,37.826,1770.68943356
2023-04-29,37.839,38.738,37.548,38.558,1393.98532208
2023-04-30,38.613,38.627,37.417,37.652,718.05079389
2023-05-01,37.595,37.938,36.032,36.525,2667.04677416
2023-05-02,36.37,37.017,36.247,36.785,957.53707653
2023-05-03,36.777,37.229,36.156,37.088,1692.32502033
2023-05-04,37.125,37.221,36.097,36.369,1094.39416831
2023-05-05,36.412,37.727,36.123,37.15,2737.18907415
2023-05-06,37.138,37.383,35.252,35.913,2950.6313195
2023-05-07,35.971,36.133,35.136,35.28,1709.30646272
2023-05-08,35.272,35.682,31.397,33.173,4224.73242687
2023-05-09,33.15,33.463,32.624,33.23,1211.09467276
2023-05-10,33.299,34.014,31.521,33.382,2310.28598256
2023-05-11,33.335,33.335,31.52,32.639,1241.91860028
2023-05-12,32.609,33.035,31.6,33.035,858.44595998
2023-05-13,33.07,33.099,32.334,32.72,382.15428525
2023-05-14,32.638,33.208,32.276,32.832,659.62048055
2023-05-15,32.925,33.594,32.518,32.934,642.00187043
2023-05-16,32.922,33.363,32.633,33.133,1497.3644918100001
2023-05-17,33.201,34.163,32.816,33.931,1642.25182778
2023-05-18,33.998,34.134,32.815,33.808,668.7402686
2023-05-19,33.658,33.855,33.322,33.446,874.29377448
2023-05-20,33.494,33.494,32.847,33.205,1186.44691736
2023-05-21,33.139,33.303,32.006,32.103,1265.08722792
2023-05-22,32.129,32.385,31.787,32.09,547.8555229
2023-05-23,32.031,32.778,31.986,32.313,937.45351563
2023-05-24,32.281,32.281,30.631,30.988,1438.46214242
2023-05-25,31.042,31.661,30.12,31.239,1454.62044935
2023-05-26,31.198,33.079,31.056,32.625,3558.61545235
2023-05-27,32.588,32.96,32.236,32.868,866.19617761
2023-05-28,32.86,34.55,32.679,34.249,2295.56970381
2023-05-29,34.253,34.369,33.449,33.688,747.42631847
2023-05-30,33.689,34.205,33.483,33.877,450.66838514
2023-05-31,33.877,34.06,32.042,32.244,2271.03608089
2023-06-01,32.169,32.35,31.43,31.583,785.31091214
2023-06-02,31.42,32.271,31.25,32.195,529.901042
2023-06-03,32.068,32.458,31.874,32.285,525.06374008
2023-06-04,32.27,32.368,31.851,31.863,163.10676014
2023-06-05,31.93,31.93,28.303,29.375,1824.20962155
2023-06-06,29.334,30.369,29.052,30.115,3634.6684683
2023-06-07,30.066,30.066,28.533,28.744,1930.32658105
2023-06-08,28.766,29.364,28.289,29.031,534.19992583
2023-06-09,29.024,29.221,28.656,29.065,470.9690766
2023-06-10,29.009,29.009,21.955,24.11,23086.34862624
2023-06-11,24.033,25.425,23.553,24.782,8692.90612603
2023-06-12,24.78,25.231,24.014,25.198,1588.8728042
2023-06-13,25.239,25.77,24.884,25.454,1176.36362431
2023-06-14,25.377,25.66,23.916,24.495,1122.69819126
2023-06-15,24.458,25.141,24.163,24.763,835.14467573
2023-06-16,24.749,25.3,23.929,25.244,287.6510483
2023-06-17,25.312,26.341,25.212,25.601,1352.9936470999999
2023-06-18,25.657,26.556,25.425,25.805,944.63278173
2023-06-19,25.804,26.67,25.54,26.222,802.17370262
2023-06-20,26.269,26.77,25.757,26.46,2058.4214708
2023-06-21,26.402,27.753,26.346,27.373,2093.72138924
2023-06-22,27.35,28.082,26.201,26.201,1471.17898974
2023-06-23,26.294,30.0,26.294,28.74,4302.23709735
2023-06-24,28.75,29.698,28.206,29.489,1546.58078449
2023-06-25,29.451,31.289,29.436,30.549,3238.51124902
2023-06-26,30.532,32.07,29.698,30.374,5248.80570532
2023-06-27,30.422,30.75,29.826,30.298,1554.25642156
2023-06-28,30.337,30.337,27.726,28.956,1272.82285673
2023-06-29,28.926,30.612,28.926,29.683,931.41813421
2023-06-30,29.743,34.71,29.679,33.833,4741.09462854
2023-07-01,33.835,34.71,33.054,34.069,1974.93440837
2023-07-02,34.045,34.119,32.25,32.811,827.03380268
2023-07-03,32.85,34.076,32.635,33.319,1083.0390003
2023-07-04,33.252,33.87,32.437,33.214,957.88039928
2023-07-05,33.294,34.37,31.359,31.813,1501.44587367
2023-07-06,31.695,33.344,30.42,30.42,1185.72462154
2023-07-07,30.533,31.444,29.24,29.633,1776.74960504
2023-07-08,29.613,29.75,27.878,28.868,1319.11320529
2023-07-09,28.724,29.164,28.45,28.534,893.7365158
2023-07-10,28.526,29.513,27.502,28.927,3110.61885953
2023-07-11,28.978,29.188,28.499,28.992,1051.98133133
2023-07-12,28.988,29.77,28.39,29.257,3027.70726787
2023-07-13,29.274,33.065,28.957,33.065,1890.01498438
2023-07-14,32.951,33.664,30.72,31.749,1283.18731445
2023-07-15,31.91,32.27,30.989,31.278,542.4864242799999
2023-07-16,31.34,31.564,30.542,30.833,9046.41253213
2023-07-17,30.755,32.529,30.317,32.529,1740.61574288
2023-07-18,32.483,32.96,30.72,31.281,316.60942932
2023-07-19,31.216,31.85,30.908,31.348,667.0663518
2023-07-20,31.218,32.149,30.527,31.214,654.82217861
2023-07-21,31.249,32.018,31.038,31.505,284.32118288
2023-07-22,31.524,32.078,31.091,31.357,268.70186179
2023-07-23,31.339,32.446,31.128,31.822,585.80871878
2023-07-24,31.654,31.726,29.479,29.879,2251.22678163
2023-07-25,29.869,30.193,29.574,29.809,314.66319568
2023-07-26,29.886,30.597,29.412,30.004,472.24112199
2023-07-27,29.98,30.512,29.732,30.075,481.99298893
2023-07-28,30.115,30.852,30.1,30.703,1867.11781171
2023-07-29,30.669,30.759,30.27,30.42,281.66934886
2023-07-30,30.389,30.45,28.77,29.939,926.4532682
2023-07-31,29.91,30.437,29.703,30.329,931.86683395
2023-08-01,30.262,30.537,29.273,30.537,735.64788181
2023-08-02,30.573,30.735,29.022,29.665,905.37806437
2023-08-03,29.625,29.996,29.333,29.652,387.65867013
2023-08-04,29.729,29.82,28.838,29.104,447.8954064
2023-08-05,29.052,29.271,28.68,29.271,3273.83250357
2023-08-06,29.319,29.818,29.174,29.342,723.79316878
2023-08-07,29.396,29.625,28.651,29.175,818.03559556
2023-08-08,29.22,29.936,29.105,29.577,1148.04363514
2023-08-09,29.519,29.716,29.28,29.543,282.30763411
2023-08-10,29.584,29.866,29.345,29.464,553.39214895
2023-08-11,29.43,29.788,29.31,29.609,645.33653512
2023-08-12,29.574,29.755,29.077,29.21,508.68273855
2023-08-13,29.263,30.67,29.13,29.997,3454.87404205
2023-08-14,29.91,30.096,29.421,29.635,231.03649812
2023-08-15,29.609,29.609,26.207,28.138,6193.7140243
2023-08-16,28.086,28.118,25.979,26.725,703.87060299
2023-08-17,26.518,27.085,21.72,24.416,5224.15682024
2023-08-18,24.389,25.0,24.275,24.436,507.09465816
2023-08-19,24.436,25.117,24.373,24.895,728.20145958
2023-08-20,24.829,25.5,24.673,25.133,1007.62916486
2023-08-21,25.175,25.178,24.058,24.87,730.66396261
2023-08-22,24.851,25.531,24.243,24.886,933.37080059
2023-08-23,25.021,25.87,24.667,25.467,1166.4719611
2023-08-24,25.549,25.593,24.106,24.77,635.27188021
2023-08-25,24.81,25.386,24.319,25.032,408.63493911
2023-08-26,25.031,25.079,24.69,24.82,183.93114511
2023-08-27,24.917,25.208,24.6,25.061,342.04977958
2023-08-28,25.124,25.43,24.743,25.383,415.8200177
2023-08-29,25.424,27.026,24.695,26.347,4667.19543354
2023-08-30,26.436,26.464,25.465,26.245,249.01138475
2023-08-31,26.28,26.294,24.12,24.777,1731.48161949
2023-09-01,24.787,24.93,23.62,24.25,3874.3634342
2023-09-02,24.287,24.7,24.039,24.7,277.288325
2023-09-03,24.714,25.036,24.628,24.752,1577.03145785
2023-09-04,24.651,25.173,24.201,24.524,129.7358068
2023-09-05,24.48,24.885,24.308,24.659,229.2009805
2023-09-06,24.57,25.181,24.57,25.173,316.42503798
2023-09-07,25.097,25.47,24.704,25.265,830.33246961
2023-09-08,25.213,25.803,24.67,25.011,1834.42168311
2023-09-09,25.039,25.45,24.959,25.407,126.84581873
2023-09-10,25.364,25.364,24.214,24.832,453.22992811
2023-09-11,24.922,25.144,23.89,24.574,1513.60283345
2023-09-12,24.574,25.613,24.574,24.821,1312.93413085
2023-09-13,24.819,25.703,24.789,25.341,434.35573969
2023-09-14,25.363,25.843,25.191,25.344,383.88768767
2023-09-15,25.364,26.261,25.276,26.147,2900.81519002
2023-09-16,26.108,26.548,25.865,26.115,206.88174752
2023-09-17,26.056,26.056,25.077,25.493,298.25670701
2023-09-18,25.505,26.274,25.291,25.39,154.68774939
2023-09-19,25.402,26.154,25.299,25.838,284.76541211
2023-09-20,25.842,26.292,25.733,26.207,721.38084465
2023-09-21,26.142,26.351,25.655,26.141,188.9710541
2023-09-22,26.076,26.818,25.979,26.704,2733.27481502
2023-09-23,26.775,26.969,26.471,26.628,97.32777275
2023-09-24,26.64,26.808,25.754,25.937,163.07303332
2023-09-25,25.847,26.543,25.634,26.176,111.23581672
2023-09-26,26.121,26.385,25.854,26.292,1009.13133807
2023-09-27,26.344,26.544,25.87,26.058,211.95333672
2023-09-28,26.13,26.502,25.93,26.475,899.21842301
2023-09-29,26.5,27.061,26.41,26.749,447.47109517
2023-09-30,26.715,27.27,26.576,26.948,285.88596544
2023-10-01,26.939,28.27,26.927,28.095,788.95531753
2023-10-02,28.131,28.295,26.841,27.361,544.24753927
2023-10-03,27.387,27.81,26.623,26.91,310.4626043
2023-10-04,26.737,27.278,26.12,27.192,286.4076676
2023-10-05,27.074,27.351,26.801,27.17,1147.90346895
2023-10-06,27.094,27.525,26.683,26.736,237.72506067
2023-10-07,26.758,27.218,26.588,27.021,132.79920334
2023-10-08,27.032,27.126,26.054,26.261,234.80541123
2023-10-09,26.191,26.459,24.815,25.631,5350.76753922
2023-10-10,25.596,25.853,25.214,25.484,786.26302371
2023-10-11,25.486,25.613,24.746,25.127,1016.27821132
2023-10-12,25.081,25.283,24.53,24.56,497.50589200999997
2023-10-13,24.617,25.241,24.448,25.002,231.01915563
2023-10-14,24.964,25.255,24.964,24.981,122.63925207
2023-10-15,24.98,25.332,24.929,25.146,234.97269627
2023-10-16,25.188,26.349,25.171,25.663,403.70284912
2023-10-17,25.632,25.689,24.42,24.626,698.88224473
2023-10-18,24.582,25.019,24.532,24.748,333.23095568
2023-10-19,24.754,25.118,24.447,25.011,271.00647373
2023-10-20,25.031,25.803,24.994,25.297,311.75327103
2023-10-21,25.353,25.95,25.235,25.652,527.1795084
2023-10-22,25.643,26.023,25.173,25.922,436.74766789
2023-10-23,25.923,27.626,25.841,27.301,4952.8229924199995
2023-10-24,27.313,28.19,26.601,27.517,1235.92057438
2023-10-25,27.538,27.995,27.047,27.377,561.95664511
2023-10-26,27.38,28.924,27.13,27.843,1054.21520582
2023-10-27,27.845,27.922,26.42,27.343,196.77742982
2023-10-28,27.292,28.096,27.263,27.828,406.33843629
2023-10-29,27.868,28.417,27.488,28.244,1317.5951197
2023-10-30,28.286,28.73,27.832,28.448,644.68029617
2023-10-31,28.51,28.97,27.451,28.345,1366.97213477
2023-11-01,28.297,29.051,27.409,28.723,1065.87588276
2023-11-02,28.776,29.336,27.085,27.606,2220.89248755
2023-11-03,27.456,27.711,26.614,27.648,620.945226
2023-11-04,27.593,28.351,27.593,28.292,1058.06815128
2023-11-05,28.178,28.947,27.997,28.694,1602.64787219
2023-11-06,28.716,29.88,28.315,29.88,1237.98067087
2023-11-07,29.88,30.201,28.35,29.294,685.29669917
2023-11-08,29.264,30.352,29.234,30.213,625.1328633100001
2023-11-09,29.97,31.0,25.832,29.539,2206.8664503
2023-11-10,29.434,30.604,28.954,30.459,1378.41960006
2023-11-11,30.438,30.801,29.0,30.411,1561.10775104
2023-11-12,30.53,31.618,29.385,31.295,1210.94447843
2023-11-13,31.277,31.81,29.45,29.721,2421.64961822
2023-11-14,29.641,30.482,28.226,29.4,1808.84344099
2023-11-15,29.387,30.6,29.319,30.417,1029.07837409
2023-11-16,30.376,31.124,29.0,29.581,3782.17787214
2023-11-17,29.535,30.377,28.199,29.287,2019.7041158499999
2023-11-18,29.334,29.377,27.72,28.907,2437.5248790699998
2023-11-19,28.806,29.378,28.257,29.31,685.4264092
2023-11-20,29.26,29.672,28.576,28.918,579.06782563
2023-11-21,28.996,29.34,26.566,27.021,4419.78908976
2023-11-22,26.817,28.728,26.817,28.449,814.00591248
2023-11-23,28.555,28.854,28.211,28.786,1770.37129746
2023-11-24,28.794,30.36,28.763,29.615,1405.14629569
2023-11-25,29.497,30.295,29.497,30.049,224.89467412
2023-11-26,30.112,30.223,28.8,29.6,1349.55930279
2023-11-27,29.534,29.73,28.32,28.878,1341.19770135
2023-11-28,28.918,29.496,28.127,28.972,804.95858435
2023-11-29,28.979,29.311,28.701,29.103,2947.8239773
2023-11-30,29.101,29.859,28.991,29.45,288.9530705
2023-12-01,29.584,29.898,29.284,29.756,554.90519747
2023-12-02,29.819,31.703,29.752,31.427,1775.04486016
2023-12-03,31.385,32.01,30.457,30.823,1784.22999992
2023-12-04,30.85,31.831,30.1,31.65,2186.79974699
2023-12-05,31.653,32.07,30.414,31.741,1088.35390251
2023-12-06,31.727,32.0,30.5,31.135,1366.42161915
2023-12-07,31.257,32.401,30.826,32.087,1314.58503432
2023-12-08,32.099,33.797,31.797,33.486,908.83224424
2023-12-09,33.542,34.744,33.2,33.424,1873.20440006
2023-12-10,33.447,34.2,32.888,33.655,563.3116972
2023-12-11,33.782,33.782,28.767,30.349,2257.99993657
2023-12-12,30.495,31.222,30.234,31.043,1160.83854465
2023-12-13,31.087,31.087,29.5,30.675,805.35452431
2023-12-14,30.737,31.064,29.655,30.661,2240.18018966
2023-12-15,30.624,30.67,29.32,29.528,1281.37743706
2023-12-16,29.688,30.412,29.3,29.98,1222.14510013
2023-12-17,29.99,30.431,29.553,29.701,944.79404009
2023-12-18,29.808,29.896,27.521,28.965,4566.71812136
2023-12-19,28.849,29.624,27.463,27.824,1660.14466057
2023-12-20,27.921,30.17,27.662,29.128,1068.53000986
2023-12-21,29.204,30.419,29.0,29.98,1375.697375
2023-12-22,30.088,30.5,29.684,30.423,1241.10570344
2023-12-23,30.423,30.531,29.641,30.429,306.73961637
2023-12-24,30.395,31.102,29.49,30.13,945.28086572
2023-12-25,30.369,31.695,30.078,31.293,2781.81637392
2023-12-26,31.336,31.792,29.295,30.4,2599.87905597
2023-12-27,30.426,32.349,29.22,31.82,5162.636721
2023-12-28,31.854,32.79,31.541,31.917,3494.42088103
2023-12-29,31.927,32.048,28.055,28.72,4054.27648369
2023-12-30,28.708,29.08,28.105,28.701,15043.56145581
2023-12-31,28.734,28.872,25.8,26.951,3417.16716284
2024-01-01,26.954,27.884,26.413,27.848,9377.52449286
2024-01-02,27.897,28.323,27.156,27.675,3460.1073542999998
2024-01-03,27.719,28.283,21.109,25.051,20904.03439294
2024-01-04,24.994,25.407,24.003,24.172,3278.37121848
2024-01-05,24.276,24.383,22.35,23.573,3184.38469539
2024-01-06,23.59,23.655,22.125,23.087,2644.6124548000003
2024-01-07,23.052,23.401,21.736,21.928,1942.1040501300001
2024-01-08,21.924,21.972,20.285,21.293,7264.04728349
2024-01-09,21.323,21.323,18.83,19.628,11367.88912952
2024-01-10,19.65,22.615,19.5,22.281,8331.13667172
2024-01-11,22.325,24.627,21.971,24.5,12056.65719348
2024-01-12,24.516,25.487,22.61,23.773,7852.46925942
2024-01-13,23.809,23.88,22.894,23.402,1486.42640324
2024-01-14,23.388,24.1,22.652,22.779,4932.68005601
2024-01-15,22.741,24.514,22.69,23.7,3079.12432893
2024-01-16,23.624,23.832,22.767,23.151,2151.79475636
2024-01-17,23.235,23.414,22.595,22.914,814.85785175
2024-01-18,22.937,23.296,21.958,22.478,3145.60996188
2024-01-19,22.497,23.688,21.644,23.585,14692.73279489
2024-01-20,23.561,24.0,23.267,23.601,3414.8620517599998
2024-01-21,23.622,24.278,23.272,23.403,1297.79855138
2024-01-22,23.419,23.507,22.146,22.221,2403.55642644
2024-01-23,22.276,22.552,20.521,21.506,7786.1607516
2024-01-24,21.438,22.4,21.385,21.983,1288.51711381
2024-01-25,22.0,22.518,21.73,22.403,1041.51289408
2024-01-26,22.428,22.85,22.087,22.711,481.74747346
2024-01-27,22.757,22.88,22.361,22.756,951.87672388
2024-01-28,22.783,22.97,21.885,22.224,1217.57607201
2024-01-29,22.16,23.0,22.121,22.985,1243.36239295
2024-01-30,22.995,23.246,22.534,22.549,1068.95270007
2024-01-31,22.605,22.736,21.388,21.735,970.47621078
2024-02-01,21.777,21.849,21.269,21.732,900.34623934
2024-02-02,21.671,22.11,21.671,22.076,1671.52955184
2024-02-03,22.08,22.242,21.889,22.092,575.3966450199999
2024-02-04,21.959,22.105,21.247,21.396,303.77368255
2024-02-05,21.449,21.687,21.12,21.346,697.07690361
2024-02-06,21.326,21.568,19.216,19.267,5238.497568
2024-02-07,19.236,20.942,19.119,20.849,4111.37353705
2024-02-08,20.782,20.88,20.515,20.855,1119.06271674
2024-02-09,20.87,21.231,20.69,21.139,1469.21667267
2024-02-10,21.192,21.231,20.454,20.921,1531.329001
2024-02-11,20.939,21.264,20.255,20.363,1462.96305597
2024-02-12,20.37,21.17,20.033,21.149,1040.96331979
2024-02-13,21.156,21.413,20.291,20.854,5544.33559343
2024-02-14,20.823,21.43,20.671,21.304,2038.59359457
2024-02-15,21.293,22.658,21.201,22.327,12183.71587524
2024-02-16,22.348,22.929,21.997,22.647,1508.94951251
2024-02-17,22.667,24.939,22.493,24.869,14517.49256047
2024-02-18,24.814,26.96,24.67,25.571,7457.48777233
2024-02-19,25.567,27.186,25.175,26.795,2872.4576209
2024-02-20,26.829,27.3,23.274,24.822,6952.69475132
2024-02-21,24.77,25.07,23.5,24.506,7528.70760533
2024-02-22,24.38,29.67,23.785,26.706,26388.72814657
2024-02-23,26.7,27.857,26.1,26.811,1068.75110069
2024-02-24,26.991,28.1,26.991,27.976,2508.43044906
2024-02-25,27.882,28.241,27.363,27.759,443.69398987
2024-02-26,27.753,28.965,27.689,28.044,1521.71495759
2024-02-27,28.143,29.951,28.017,28.734,4151.30764224
2024-02-28,28.845,29.6,24.549,28.3,11879.41137556
2024-02-29,28.305,30.37,27.002,27.873,3684.30567413
2024-03-01,27.935,29.674,27.935,29.61,3657.3936157
2024-03-02,29.572,33.27,29.32,33.186,10576.88752943
2024-03-03,32.999,33.263,29.52,31.65,2276.87936817
2024-03-04,31.674,33.121,30.848,32.685,2997.45324174
2024-03-05,32.481,34.916,26.335,30.31,10099.70102692
2024-03-06,30.297,33.0,29.101,32.917,3008.11800067
2024-03-07,32.932,34.424,32.595,33.97,3402.96578884
2024-03-08,34.055,34.99,32.3,34.609,1104.99125827
2024-03-09,34.504,35.5,33.8,34.126,1227.09329087
2024-03-10,34.285,34.705,32.006,33.784,1291.48310684
2024-03-11,33.8,35.048,31.4,34.691,3943.65957814
2024-03-12,34.742,35.037,31.17,34.113,5295.71246473
2024-03-13,34.052,35.605,33.098,34.806,2367.5421474
2024-03-14,34.909,35.4,31.852,34.135,2076.30933874
2024-03-15,34.3,35.024,29.1,31.447,3597.96431622
2024-03-16,31.456,32.1,28.254,29.1,3158.38095758
2024-03-17,29.118,29.87,27.231,29.353,2722.9977080099998
2024-03-18,29.259,29.47,26.965,27.586,3834.55041783
2024-03-19,27.567,27.837,24.42,25.074,5321.29924787
2024-03-20,25.153,28.5,24.39,28.355,3413.3267480599998
2024-03-21,28.328,29.873,28.293,29.43,2214.51595953
2024-03-22,29.32,29.64,27.8,28.789,1994.46702367
2024-03-23,28.787,29.5,28.331,28.719,724.42974304
2024-03-24,28.872,29.899,28.649,29.831,521.9975792
2024-03-25,29.882,30.67,29.531,30.084,1643.0839747
2024-03-26,30.367,31.852,30.367,31.653,1542.35440635
2024-03-27,31.498,32.01,29.8,31.008,2017.64846147
2024-03-28,31.092,31.665,30.397,30.773,585.42215447
2024-03-29,30.717,31.47,30.0,30.725,1701.3262771
2024-03-30,30.587,30.684,29.822,30.186,1583.56685591
2024-03-31,30.115,30.761,30.049,30.535,968.67312384
2024-04-01,30.415,30.525,27.931,29.01,1395.48415961
2024-04-02,29.0,29.0,26.913,27.652,2354.89157599
2024-04-03,27.688,28.4,26.72,27.19,2699.49341019
2024-04-04,27.194,28.21,26.8,27.652,1678.5230521800001
2024-04-05,27.653,27.752,26.52,27.312,1681.68813999
2024-04-06,27.311,27.803,27.272,27.447,379.23792449
2024-04-07,27.479,28.085,27.456,27.824,1897.93427034
2024-04-08,27.801,28.731,27.35,28.557,3405.45232073
2024-04-09,28.584,28.848,27.414,27.668,1038.6969533
2024-04-10,27.638,27.801,25.96,27.04,4090.87942564
2024-04-11,27.071,27.26,26.331,26.549,1185.77458927
2024-04-12,26.588,27.013,21.595,23.239,21133.88321299
2024-04-13,23.165,23.87,18.097,20.626,28739.63942861
2024-04-14,20.571,22.117,19.813,21.958,14208.00157706
2024-04-15,22.039,22.97,20.52,21.242,4219.22796789
2024-04-16,21.319,21.796,20.42,21.431,2874.35828098
2024-04-17,21.43,21.555,20.04,21.074,3300.80382515
2024-04-18,21.051,22.147,20.502,22.044,2102.33854581
2024-04-19,22.001,22.872,20.283,22.321,1818.1140352
2024-04-20,22.251,23.401,21.992,23.197,1031.40319583
2024-04-21,23.18,23.97,22.4,22.758,4499.43556181
2024-04-22,22.77,24.552,22.694,24.332,2861.76149601
2024-04-23,24.318,24.482,23.665,23.987,2069.68100598
2024-04-24,24.03,24.445,22.636,22.884,1364.87406629
2024-04-25,22.9,23.595,22.4,23.366,1771.75075077
2024-04-26,23.311,23.4,22.612,22.908,625.8841091
2024-04-27,22.941,23.286,22.2,23.286,1164.30997391
2024-04-28,23.237,23.633,22.482,22.482,622.46001632
2024-04-29,22.516,22.747,21.836,22.409,1241.90615144
2024-04-30,22.304,22.533,20.596,21.412,1526.84618007
2024-05-01,21.396,22.342,20.245,22.342,1241.9611423000001
2024-05-02,22.243,23.07,21.652,22.818,907.94789781
2024-05-03,22.81,23.447,22.35,23.048,1180.9671167
2024-05-04,23.09,23.361,22.802,23.147,707.41937791
2024-05-05,23.182,23.345,22.679,23.186,3434.79387978
2024-05-06,23.156,23.97,22.905,22.905,1357.7410416
2024-05-07,22.974,23.291,22.459,22.574,905.08418047
2024-05-08,22.514,23.699,22.3,23.512,1584.45540276
2024-05-09,23.441,23.888,22.955,23.529,939.98827597
2024-05-10,23.508,24.079,22.762,22.871,712.27832093
2024-05-11,22.88,23.019,22.514,22.514,341.99191722
2024-05-12,22.528,22.986,22.38,22.406,612.48633971
2024-05-13,22.417,22.725,21.62,22.221,976.36439709
2024-05-14,22.245,22.552,21.909,21.939,320.88760258
2024-05-15,21.963,23.371,21.963,23.322,898.06863817
2024-05-16,23.23,23.823,22.926,23.731,630.54327169
2024-05-17,23.816,23.9,23.233,23.599,747.37007747
2024-05-18,23.655,23.763,23.25,23.562,392.30052876
2024-05-19,23.622,23.823,23.011,23.256,427.71685107999997
2024-05-20,23.282,25.065,23.07,25.021,5230.9297255
2024-05-21,25.07,25.415,24.225,24.623,3333.15958141
2024-05-22,24.641,24.907,24.12,24.718,1026.73754924
2024-05-23,24.753,25.366,23.463,25.354,3395.72785325
2024-05-24,25.349,27.8,25.271,27.783,27736.01132045
2024-05-25,27.776,27.869,26.598,26.949,2658.33204239
2024-05-26,26.906,27.179,26.251,26.565,1307.19056694
2024-05-27,26.566,28.12,26.35,27.073,5812.3523126499995
2024-05-28,27.017,27.097,26.219,26.619,1695.67327805
2024-05-29,26.706,27.45,26.434,26.856,822.75690112
2024-05-30,26.972,27.243,26.2,26.778,5284.61204343
2024-05-31,26.735,27.13,26.403,26.964,899.31465032
2024-06-01,26.977,27.109,26.368,27.109,594.44273607
2024-06-02,27.138,27.347,26.287,26.391,1089.33511778
2024-06-03,26.43,26.816,25.357,25.54,2142.55319107
2024-06-04,25.601,28.521,25.13,27.957,6397.25117371
2024-06-05,27.644,27.718,26.424,26.538,1381.09736148
2024-06-06,26.584,27.42,26.046,26.713,1103.19565605
2024-06-07,26.825,26.978,23.207,25.007,3401.64243215
2024-06-08,24.844,25.276,22.847,22.978,9778.81169998
2024-06-09,22.978,23.81,22.971,23.742,1699.34346965
2024-06-10,23.669,24.381,23.344,23.578,800.83704525
2024-06-11,23.553,23.809,21.979,22.81,2048.58641869
2024-06-12,22.845,24.054,22.419,23.583,1317.90812854
2024-06-13,23.532,23.903,22.7,22.81,1413.63542228
2024-06-14,22.806,23.707,22.051,22.75,2987.64173271
2024-06-15,22.745,23.067,22.446,22.643,342.15326797
2024-06-16,22.78,23.058,22.372,22.9,449.77130564
2024-06-17,22.843,23.022,21.152,21.73,5869.36969365
2024-06-18,21.764,21.764,19.461,20.555,15558.07085837
2024-06-19,20.514,21.3,19.792,20.089,4990.53370663
2024-06-20,20.115,20.771,19.809,20.032,4242.35278021
2024-06-21,20.045,20.449,19.634,20.069,2609.3620495
2024-06-22,20.006,20.167,19.83,20.042,1369.6354855
2024-06-23,20.004,20.405,19.374,19.573,1476.79924728
2024-06-24,19.645,19.896,19.0,19.849,4060.9987725299998
2024-06-25,19.86,20.355,19.5,20.204,1630.95724267
2024-06-26,20.106,20.456,19.556,19.912,2760.47569423
2024-06-27,19.813,20.956,19.813,20.919,1354.5682647200001
2024-06-28,20.801,21.222,20.658,20.658,1114.51560125
2024-06-29,20.688,20.879,20.216,20.269,301.20475755
2024-06-30,20.318,20.971,19.871,20.868,1510.60458253
2024-07-01,20.916,21.382,20.293,20.711,3303.60775712
2024-07-02,20.687,20.835,20.448,20.807,573.09170686
2024-07-03,20.885,20.979,19.884,20.843,7895.42572439
2024-07-04,20.814,20.885,18.379,18.396,20394.5041036
2024-07-05,18.382,18.387,15.848,18.316,14002.46653251
2024-07-06,18.262,20.043,18.228,19.795,2316.68041657
2024-07-07,19.858,20.209,18.605,18.686,2257.92871681
2024-07-08,18.816,20.512,17.75,20.512,8254.44812592
2024-07-09,20.422,23.016,20.387,22.65,10088.25706515
2024-07-10,22.588,23.57,22.322,23.483,2716.4789036
2024-07-11,23.485,24.423,22.995,24.328,3484.82292176
2024-07-12,24.302,24.329,23.406,24.067,730.66063681
2024-07-13,24.027,27.1,24.002,26.809,12006.12935225
2024-07-14,26.734,30.0,26.669,29.245,21886.220328299998
2024-07-15,29.427,30.08,28.208,28.285,3328.20116859
2024-07-16,28.2,32.356,27.8,30.288,5184.55495677
2024-07-17,30.67,32.47,29.947,31.14,1959.84315524
2024-07-18,31.1,32.436,30.293,30.609,3616.24455434
2024-07-19,30.891,31.678,29.02,29.643,1677.16704495
2024-07-20,29.598,29.976,28.796,29.62,2496.43267029
2024-07-21,29.711,32.694,29.5,31.967,2012.01852372
2024-07-22,32.149,32.377,30.331,30.375,1119.34022714
2024-07-23,30.405,31.508,29.5,29.778,688.4171873399999
2024-07-24,29.664,30.483,29.343,30.125,1653.27551921
2024-07-25,30.023,30.6,28.3,30.179,5907.44440347
2024-07-26,30.184,32.891,30.18,32.559,6755.20548915
2024-07-27,32.507,32.544,30.82,31.727,4921.82173087
2024-07-28,31.557,33.077,31.179,32.059,3419.42135068
2024-07-29,32.049,33.66,31.652,32.972,8445.58832633
2024-07-30,32.906,33.476,31.349,32.215,6847.63226384
2024-07-31,32.124,33.67,31.081,33.67,5015.60825092
2024-08-01,33.285,33.581,30.681,32.48,12722.77495843
2024-08-02,32.56,34.475,29.42,32.684,18240.00558766
2024-08-03,32.646,34.773,31.72,31.985,17451.73937108
2024-08-04,31.62,32.618,30.175,30.799,8533.08665461
2024-08-05,30.775,32.016,25.5,30.133,24004.03443205
2024-08-06,30.02,32.867,29.214,31.853,10007.41302832
2024-08-07,31.984,34.027,31.262,32.575,6301.82783663
2024-08-08,32.496,36.43,31.62,35.896,15764.63034303
2024-08-09,36.104,41.001,35.417,41.0,15312.2410512
2024-08-10,41.0,41.97,40.27,41.37,9619.43775161
2024-08-11,41.292,41.86,39.433,41.107,2771.04669291
2024-08-12,41.074,43.97,40.088,43.568,10363.70223798
2024-08-13,43.426,44.117,40.205,43.251,10946.83192578
2024-08-14,43.37,45.498,42.145,42.317,4571.30198053
2024-08-15,42.316,43.285,40.603,42.793,5230.46260541
2024-08-16,42.745,43.0,41.527,42.34,1794.59883033
2024-08-17,42.311,44.403,41.927,43.681,1189.0529916
2024-08-18,43.717,44.258,42.171,42.871,2805.62108856
2024-08-19,42.809,43.55,41.026,42.032,3492.68287475
2024-08-20,41.978,42.576,41.245,41.653,2874.43791532
2024-08-21,41.681,43.104,41.007,41.519,2789.32249135
2024-08-22,41.719,42.347,41.176,41.568,569.34262764
2024-08-23,41.356,42.522,39.811,42.484,3313.4148755
2024-08-24,42.53,44.475,41.093,43.037,3184.92024615
2024-08-25,43.019,43.106,39.72,39.72,2066.04122864
2024-08-26,40.028,41.265,36.499,36.801,4674.20891696
2024-08-27,36.782,37.289,34.899,35.554,1868.39043986
2024-08-28,35.502,35.829,32.72,33.654,7507.15220216
2024-08-29,33.63,34.6,32.889,33.361,2646.10747648
2024-08-30,33.34,33.545,31.845,33.134,3396.75479422
2024-08-31,33.071,33.2,32.127,32.163,1112.87956422
2024-09-01,32.35,32.583,29.2,29.472,2272.71849139
2024-09-02,29.443,29.867,28.332,29.612,2808.73855878
2024-09-03,29.598,30.445,28.8,28.803,1982.41221567
2024-09-04,28.955,30.037,27.472,29.658,2838.30808708
2024-09-05,29.622,29.816,28.778,28.946,409.12158285
2024-09-06,28.938,29.415,25.859,27.054,12960.70727947
2024-09-07,27.073,29.0,26.958,27.81,1455.62541489
2024-09-08,27.841,28.149,27.22,27.826,1489.5061064
2024-09-09,27.772,29.484,27.476,29.345,1894.85862139
2024-09-10,29.342,31.17,29.096,30.934,2494.3173925
2024-09-11,30.815,30.815,29.185,29.72,3283.8629822
2024-09-12,29.715,30.42,29.237,29.438,1283.1249069
2024-09-13,29.425,30.811,29.316,30.528,1968.79064858
2024-09-14,30.62,31.072,30.138,30.751,491.13234739
2024-09-15,30.672,31.654,29.078,29.274,4578.46100065
2024-09-16,29.27,29.645,28.739,29.031,3208.2882515
2024-09-17,29.263,30.5,29.031,29.758,662.55141616
2024-09-18,29.555,30.699,29.07,30.699,803.64972424
2024-09-19,30.672,32.339,30.575,31.676,1353.02624703
2024-09-20,31.661,32.53,30.343,31.28,1110.15447568
2024-09-21,31.193,31.523,30.517,31.306,402.51252108
2024-09-22,31.41,31.462,29.47,30.247,889.03440977
2024-09-23,29.919,31.0,28.577,29.706,4820.26866786
2024-09-24,29.659,30.095,28.9,29.399,1431.16620755
2024-09-25,29.406,29.951,28.2,28.403,661.29164073
2024-09-26,28.521,31.46,28.109,30.124,4196.2679758
2024-09-27,30.245,31.4,30.2,30.478,1265.96698064
2024-09-28,30.689,31.399,28.9,29.593,1201.06958951
2024-09-29,29.541,29.609,29.01,29.087,819.97972622
2024-09-30,29.147,29.147,27.6,27.829,1869.07236482
2024-10-01,27.797,28.643,25.867,26.759,5298.3833318
2024-10-02,26.845,27.6,25.384,25.866,1090.13274234
2024-10-03,25.922,26.402,24.5,25.601,2494.74805982
2024-10-04,25.6,27.1,25.507,26.732,3005.10827144
2024-10-05,26.861,28.344,26.597,27.293,2364.20784854
2024-10-06,27.394,29.409,27.394,29.307,3898.25079071
2024-10-07,29.208,30.221,28.902,29.035,2634.50553347
2024-10-08,28.966,29.545,28.3,28.951,2180.88234144
2024-10-09,29.114,29.385,28.628,29.13,1472.57935143
2024-10-10,29.092,34.0,29.056,34.0,7170.01928751
2024-10-11,33.848,37.299,33.255,36.371,13037.88620647
2024-10-12,36.371,36.555,34.275,34.496,3020.9853221500002
2024-10-13,34.589,37.593,34.07,35.524,3084.42004863
2024-10-14,35.316,38.37,35.239,36.263,1915.70903843
2024-10-15,36.273,38.338,36.106,37.521,2933.64472509
2024-10-16,37.402,40.78,36.79,37.05,14680.90495167
2024-10-17,36.996,37.625,34.977,36.177,3839.5881842
2024-10-18,36.112,37.548,35.525,35.835,2010.32543008
2024-10-19,35.8,37.098,35.245,37.098,773.42035564
2024-10-20,37.086,37.411,35.915,36.91,2795.16720094
2024-10-21,36.795,39.639,36.144,37.411,5368.31210606
2024-10-22,37.593,38.77,36.634,37.943,2264.41390548
2024-10-23,38.105,38.655,37.063,37.613,1395.25388783
2024-10-24,37.806,38.67,35.889,37.187,1655.02852951
2024-10-25,37.47,37.87,33.959,35.944,4930.31871597
2024-10-26,36.033,36.698,34.363,34.563,2711.84421645
2024-10-27,34.608,38.609,33.1,38.399,12882.68174181
2024-10-28,38.387,39.003,37.016,38.435,13149.40166136
2024-10-29,38.43,41.07,35.824,38.488,6122.86421911
2024-10-30,38.296,39.826,37.938,38.468,4119.64263105
2024-10-31,38.505,38.505,36.625,36.843,4974.9156755
2024-11-01,36.81,38.129,36.439,37.956,3609.13533508
2024-11-02,37.949,38.712,36.198,36.735,1814.87691315
2024-11-03,36.759,37.813,35.62,37.229,3061.85033819
2024-11-04,36.975,38.315,36.258,36.913,5165.47112423
2024-11-05,36.883,38.877,36.588,38.398,2261.58426626
2024-11-06,38.238,43.234,37.769,43.123,10201.16188556
2024-11-07,43.205,46.133,42.741,44.133,10047.92947848
2024-11-08,44.058,46.498,42.118,46.12,12315.87645008
2024-11-09,46.144,47.457,44.116,46.064,11249.16181809
2024-11-10,45.93,48.153,44.112,45.561,10377.57374484
2024-11-11,45.561,47.905,41.432,45.4,9842.88778802
2024-11-12,45.26,45.26,39.7,42.25,8713.98163219
2024-11-13,41.953,42.418,37.351,38.569,13896.12346436
2024-11-14,38.701,39.5,36.454,36.77,7684.91198838
2024-11-15,36.752,39.01,36.47,38.507,6767.63426561
2024-11-16,38.337,46.952,38.01,44.802,7250.33105829
2024-11-17,45.042,45.935,42.152,44.549,3508.0526933
2024-11-18,44.668,47.97,44.218,44.993,4463.5541161
2024-11-19,44.625,45.224,42.294,42.626,2684.35831792
2024-11-20,42.595,43.57,40.422,41.522,3601.9330716
2024-11-21,41.469,46.69,40.66,45.483,3187.28088615
2024-11-22,45.587,46.97,43.395,45.765,1693.29749734
2024-11-23,45.797,50.075,45.718,48.787,6022.82139848
2024-11-24,48.746,57.325,48.22,52.581,13807.76885715
2024-11-25,52.432,53.782,46.72,47.846,2089.09097452
2024-11-26,47.75,52.611,43.961,51.265,3219.18159785
2024-11-27,51.711,58.483,50.403,56.51,13930.72386745
2024-11-28,56.09,59.0,55.101,55.267,3837.48276177
2024-11-29,55.295,56.562,54.235,54.624,2217.24962829
2024-11-30,54.236,62.194,53.51,59.637,3675.88816407
2024-12-01,59.39,60.21,56.32,60.185,2108.12865625
2024-12-02,60.51,77.054,57.222,74.598,16043.66761441
2024-12-03,74.738,79.2,68.185,74.124,7161.96976049
2024-12-04,73.58,76.877,68.6,69.813,3830.49339075
2024-12-05,69.717,75.444,67.141,70.747,2826.24827009
2024-12-06,70.772,74.36,68.533,70.258,1547.69061354
2024-12-07,70.245,72.76,69.651,70.489,426.8365884
2024-12-08,70.291,75.001,68.926,74.447,1687.99788261
2024-12-09,74.618,74.618,49.533,58.78,18990.7847809
2024-12-10,58.674,60.417,53.495,58.87,10485.81685362
2024-12-11,58.916,64.778,56.627,63.496,6897.57584445
2024-12-12,63.107,67.441,58.612,59.523,11890.80100071
2024-12-13,59.551,59.998,57.0,59.991,3725.61730482
2024-12-14,59.684,60.489,57.02,58.26,3140.27964735
2024-12-15,58.561,59.653,56.3,58.944,1462.37386885
2024-12-16,58.969,60.928,56.123,56.381,2718.29976983
2024-12-17,56.482,57.81,54.531,55.192,2392.38846033
2024-12-18,55.28,56.266,50.523,50.62,8455.23341938
2024-12-19,50.52,53.575,46.232,48.317,16681.46233342
2024-12-20,48.36,55.97,41.284,54.42,30883.43787006
2024-12-21,54.311,56.935,52.101,53.751,15182.92703408
2024-12-22,53.48,59.524,50.509,58.268,15342.77101966
2024-12-23,58.465,68.32,54.981,66.004,7556.86817026
2024-12-24,65.513,71.741,64.136,68.958,6926.60277127
2024-12-25,69.495,78.201,68.764,73.514,5737.10747917
2024-12-26,74.035,74.036,66.292,69.232,2244.22849414
2024-12-27,68.876,70.343,61.377,62.118,2557.95693035
2024-12-28,62.17,64.17,59.642,62.433,2167.48027961
2024-12-29,63.199,66.27,60.0,60.67,786.53768265
2024-12-30,60.57,62.47,57.151,58.324,1719.7088045
2024-12-31,58.283,59.59,55.643,56.057,1999.44759553
2025-01-01,56.516,59.035,55.123,58.248,2831.7980538
2025-01-02,58.0,61.29,58.0,58.846,1462.9225455
2025-01-03,59.018,62.034,56.539,60.866,2287.60426892
2025-01-04,60.71,60.752,58.643,59.063,699.67419646
2025-01-05,58.86,59.618,57.113,58.568,832.93031305
2025-01-06,58.531,61.495,57.31,59.423,2164.8340528
2025-01-07,59.872,59.872,51.464,52.296,7270.03505312
2025-01-08,52.375,53.31,47.61,50.378,2606.48468462
2025-01-09,50.277,50.893,45.996,46.943,4842.00765337
2025-01-10,47.112,48.768,46.752,48.35,1528.42570999
2025-01-11,48.229,49.519,47.219,48.417,760.64760963
2025-01-12,48.557,48.772,47.572,48.055,416.01459281
2025-01-13,48.258,49.19,44.006,48.567,5635.80600012
2025-01-14,48.55,51.292,48.55,51.215,997.11608448
2025-01-15,51.442,55.359,50.074,55.256,4228.14238302
2025-01-16,55.26,55.305,52.42,53.648,1502.08644271
2025-01-17,54.413,56.679,53.999,54.857,6188.84552531
2025-01-18,54.799,54.964,50.5,52.04,2269.1208846600002
2025-01-19,51.962,52.375,45.839,46.824,3143.85643421
2025-01-20,46.795,51.316,45.518,47.547,2480.82705097
2025-01-21,46.932,50.733,45.691,48.96,2219.4708765
2025-01-22,49.244,50.026,47.938,48.481,921.14909887
2025-01-23,48.36,49.124,46.769,48.598,1562.51973585
2025-01-24,48.513,49.201,45.837,46.049,607.45823968
2025-01-25,46.175,46.942,45.785,46.331,1214.2984746500001
2025-01-26,46.279,47.221,44.81,44.941,733.88527204
2025-01-27,44.71,45.331,40.926,42.993,5938.74504231
2025-01-28,43.361,44.806,41.311,41.698,1065.65615006
2025-01-29,41.589,43.813,40.921,42.288,2085.37178892
2025-01-30,42.464,45.775,42.045,44.063,2279.54495443
2025-01-31,43.93,45.302,42.342,43.099,956.55209933
2025-02-01,43.21,43.739,39.262,39.275,2929.68365606
2025-02-02,39.21,40.029,31.525,33.22,12503.32756419
2025-02-03,33.093,35.883,25.076,35.342,30410.5550354
2025-02-04,35.555,35.655,31.067,32.241,8247.61061557
2025-02-05,32.097,33.51,31.56,32.041,2596.07726784
2025-02-06,32.179,32.553,29.446,29.676,6427.19521282
2025-02-07,29.9,32.172,29.193,30.026,4009.78802586
2025-02-08,30.148,31.97,29.626,31.97,5668.13822043
2025-02-09,31.953,34.107,30.816,32.558,3704.30814082
2025-02-10,32.384,33.108,31.177,32.487,3999.91019127
2025-02-11,32.551,34.844,32.3,33.057,4882.07937854
2025-02-12,33.147,33.319,30.272,32.676,11341.55809363
2025-02-13,32.716,33.8,31.124,32.598,8095.76809798
2025-02-14,32.609,33.784,32.206,33.015,6053.38426176
2025-02-15,32.995,33.514,31.934,32.104,2033.27654318
2025-02-16,32.17,35.653,31.405,34.199,11685.87139433
2025-02-17,34.324,36.615,34.173,36.362,11274.56481139
2025-02-18,36.532,36.748,32.618,33.925,4193.80383709
2025-02-19,33.929,36.735,33.482,36.237,5840.26633338
2025-02-20,36.22,38.85,35.824,36.567,5525.42076327
2025-02-21,36.615,38.098,34.27,35.196,4085.57590479
2025-02-22,35.155,36.611,35.105,35.798,2482.11416375
2025-02-23,35.938,37.79,35.472,35.966,5590.51657823
2025-02-24,35.788,35.792,31.91,33.077,6358.36700506
2025-02-25,33.077,34.643,30.701,33.535,8500.7199064
2025-02-26,33.538,36.89,33.215,36.17,8404.754134
2025-02-27,36.15,37.599,35.626,36.819,1789.53841964
2025-02-28,36.707,37.69,35.11,37.69,2848.11505796
2025-03-01,37.642,38.058,36.727,37.839,6650.36099286
2025-03-02,37.857,43.276,37.374,41.333,12711.97344129
2025-03-03,41.364,42.823,36.349,36.349,3967.39821708
2025-03-04,36.31,36.614,32.895,35.159,12631.8460648
2025-03-05,35.026,37.469,35.026,36.545,6954.49261641
2025-03-06,36.465,36.68,33.858,34.134,1777.26885606
2025-03-07,34.281,34.281,32.842,32.968,2061.22817576
2025-03-08,32.828,33.396,32.441,32.603,1299.10646039
2025-03-09,32.658,32.658,29.3,29.921,9945.24586556
2025-03-10,29.871,32.005,27.992,29.266,11157.35149442
2025-03-11,28.818,31.1,28.1,30.397,19498.61515626
2025-03-12,30.213,30.803,28.328,30.445,18222.7620386
2025-03-13,30.184,31.181,29.58,30.993,8317.59418921
2025-03-14,30.995,32.538,30.861,32.318,5002.65802388
2025-03-15,32.328,32.578,31.521,32.308,1784.97253906
2025-03-16,32.293,34.0,32.251,32.739,10798.50565196
2025-03-17,32.757,34.941,32.757,34.277,7542.69583827
2025-03-18,34.22,34.233,32.4,33.381,2243.68145702
2025-03-19,33.134,34.488,32.988,34.307,2913.60985024
2025-03-20,34.371,34.679,32.71,33.871,4828.94218593
2025-03-21,33.811,33.811,29.703,30.803,13561.45970777
2025-03-22,30.735,31.339,29.822,31.092,4538.73737142
2025-03-23,31.13,31.9,30.542,30.981,4620.62176197
2025-03-24,31.141,32.9,30.9,32.35,5079.68229631
2025-03-25,32.432,37.19,31.892,36.504,12152.14069053
2025-03-26,36.504,39.066,36.019,39.066,12205.96512023
2025-03-27,39.175,39.49,37.124,37.124,6029.39258203
2025-03-28,37.188,37.56,35.4,36.987,5925.6543284
2025-03-29,36.893,37.047,34.952,36.172,5196.09667767
2025-03-30,36.3,37.85,35.711,37.526,2040.97566322
2025-03-31,37.615,39.3,36.871,39.3,5422.13993402
2025-04-01,39.4,42.0,38.391,40.575,5449.9219834900005
2025-04-02,40.721,41.209,38.623,38.877,1914.75242429
2025-04-03,38.967,40.6,37.364,38.921,2685.46403526
2025-04-04,39.001,40.6,38.274,39.427,1839.69135154
2025-04-05,39.123,40.096,36.604,37.346,3652.1974034
2025-04-06,37.429,38.729,35.601,35.853,7621.08816587
2025-04-07,35.717,37.072,28.668,34.871,12721.88260934
2025-04-08,33.772,35.984,33.772,35.583,2727.26587488
2025-04-09,35.946,38.4,33.902,36.697,25490.52857921
2025-04-10,36.516,36.561,31.2,33.171,10395.17286448
2025-04-11,35.272,38.644,32.5,35.443,3770.90817886
2025-04-12,36.319,36.453,34.5,35.4,427.16578822
2025-04-13,35.704,36.621,32.723,32.924,402.67892366
2025-04-14,33.442,34.795,26.667,30.132,7385.62099335
2025-04-15,30.1,30.865,29.253,29.395,2232.61492727
2025-04-16,29.411,30.305,29.357,30.102,678.71111222
2025-04-17,30.18,30.305,29.922,30.302,330.80950889
2025-04-18,30.185,30.305,29.503,30.305,276.48307743
2025-04-19,30.304,30.305,29.727,29.899,21.67089149
2025-04-20,29.77,30.305,29.728,30.273,490.91997928
2025-04-21,30.273,32.009,30.148,31.076,3218.8515147
2025-04-22,31.06,31.629,30.672,31.466,710.80652958
2025-04-23,31.465,32.23,30.781,31.471,2642.43929758
2025-04-24,31.471,31.678,30.605,31.678,1188.59196141
2025-04-25,31.537,34.26,30.832,33.479,3630.84571126
2025-04-26,33.464,33.69,32.293,32.847,598.34937222
2025-04-27,32.909,32.909,32.1,32.2,268.25349399
2025-04-28,32.199,36.768,32.144,34.787,4861.49849906
2025-04-29,34.808,35.701,33.8,34.006,1751.69708979
2025-04-30,34.046,34.103,30.2,33.991,3480.77156376
2025-05-01,34.0,36.289,33.794,35.773,12043.10825846
2025-05-02,35.778,36.851,35.725,35.955,2147.45109833
2025-05-03,35.985,36.112,35.183,35.304,1082.9619849
2025-05-04,35.447,35.965,34.475,35.551,2010.48726457
2025-05-05,35.416,35.904,35.228,35.228,503.5558411
2025-05-06,35.217,37.466,34.625,37.051,1872.02225119
2025-05-07,37.323,39.9,36.4,39.559,3786.52847272
2025-05-08,39.476,40.4,38.764,39.349,1105.58184138
2025-05-09,40.253,41.8,38.273,40.599,4123.82802301
2025-05-10,40.6,42.0,40.25,41.3,344.37636152
2025-05-11,40.842,44.404,37.574,44.399,1974.7699634599999
2025-05-12,42.0,43.987,38.8,40.195,365.00137204
2025-05-13,40.297,42.022,39.814,41.844,100.78424394
2025-05-14,41.501,42.99,39.501,40.637,246.67959335999998
2025-05-15,40.323,41.2,38.601,40.43,225.58394536
2025-05-16,40.27,41.3,39.4,40.01,4334.581275
2025-05-17,39.89,41.015,38.903,40.079,7432.47174867
2025-05-18,39.371,40.743,39.07,39.287,18.3420279
2025-05-19,40.144,40.144,37.87,39.804,474.13521261
2025-05-20,39.16,40.0,39.018,40.0,67.51468944
2025-05-21,40.199,41.8,40.199,41.8,436.12488554
2025-05-22,41.8,48.489,41.528,47.9,2891.7996249
2025-05-23,47.918,48.489,46.082,46.606,2413.92322543
2025-05-24,46.0,48.529,45.942,48.323,1278.58518266
2025-05-25,47.693,52.38,46.6,51.73,1324.53158057
2025-05-26,52.489,54.0,49.655,53.752,574.57131644
2025-05-27,53.216,53.4,49.201,50.837,1061.45704614
2025-05-28,51.779,53.504,49.01,52.98,289.31741482
2025-05-29,52.786,53.75,51.0,51.985,251.84983900999998
2025-05-30,51.325,51.969,45.1,45.458,369.70969825000003
2025-05-31,46.596,47.5,45.01,47.111,1273.60252583
2025-06-01,48.0,51.985,48.0,51.956,377.08557484
2025-06-02,50.798,52.8,50.798,52.799,80.3268285
2025-06-03,52.799,54.0,51.323,53.667,720.96365471
2025-06-04,53.662,53.733,49.76,50.151,12698.461283480001
2025-06-05,49.939,50.862,47.4,47.517,2096.1226433799998
2025-06-06,47.3,49.6,46.4,47.884,738.89142694
2025-06-07,47.85,50.4,47.315,49.965,509.9716349
2025-06-08,50.6,50.6,48.617,48.649,192.70286666
2025-06-09,48.5,50.729,48.314,50.729,554.31437941
2025-06-10,50.729,51.726,47.774,51.585,640.06514004
2025-06-11,50.525,51.0,48.677,49.822,89.30178790000001
2025-06-12,49.511,50.465,47.215,48.057,529.67350887
2025-06-13,47.8,47.8,35.886,44.954,4185.19740655
2025-06-14,43.721,44.891,43.169,43.409,405.07258325
2025-06-15,44.303,44.303,42.413,43.07,1400.99804401
2025-06-16,43.209,46.101,42.401,42.902,500.94964345
2025-06-17,42.846,42.846,40.561,40.762,1749.24582611
2025-06-18,41.359,42.8,40.765,41.291,1604.59518386
2025-06-19,41.661,41.804,41.037,41.195,325.87370506999997
2025-06-20,41.481,41.85,39.165,40.317,681.37421533
2025-06-21,40.477,41.2,38.6,38.762,221.24964599
2025-06-22,39.843,39.843,36.333,38.098,2892.62293133
2025-06-23,38.025,41.6,37.78,41.336,387.43646072
2025-06-24,41.425,42.638,41.3,42.638,185.05399918
2025-06-25,42.12,42.313,40.212,41.066,406.90871028
2025-06-26,41.083,41.848,38.501,38.881,934.55490338
2025-06-27,38.863,39.848,38.3,38.641,490.29625495
2025-06-28,38.372,39.1,37.27,39.1,674.670224
2025-06-29,38.45,40.0,38.419,39.93,142.8443201
2025-06-30,39.764,40.2,38.09,38.09,749.22928107
2025-07-01,38.0,38.0,36.321,36.758,645.87219258
2025-07-02,36.87,38.9,36.775,38.9,207.06872844
2025-07-03,38.602,40.661,38.504,40.661,599.41874431
2025-07-04,40.664,41.7,38.991,40.181,868.53756848
2025-07-05,39.402,39.763,38.4,38.86,286.66590908
2025-07-06,38.651,39.771,37.658,39.057,288.19192155
2025-07-07,39.047,39.402,37.792,38.321,250.60472888
2025-07-08,38.497,54.528,38.418,43.18,3206.16813035
2025-07-09,43.528,44.769,38.381,40.203,2368.40628642
2025-07-10,40.761,42.115,38.999,42.115,3831.6389236600003
2025-07-11,41.259,43.404,41.012,41.2,290.59468815
2025-07-12,41.031,42.465,40.4,42.139,107.75846793
2025-07-13,42.198,45.0,40.001,41.825,735.08023248
2025-07-14,42.121,44.0,40.596,41.485,215.75459847
2025-07-15,41.914,43.0,39.811,42.473,433.31818274
2025-07-16,42.999,43.4,41.478,43.0,114.79207926
2025-07-17,42.529,45.3,42.529,43.437,172.89887827
2025-07-18,45.299,46.342,42.542,43.209,738.1846784300001
2025-07-19,43.242,44.487,42.0,44.127,177.20200057
2025-07-20,43.641,46.342,40.524,44.952,709.61039983
2025-07-21,44.353,45.4,43.0,43.369,124.90252207
2025-07-22,42.8,43.327,40.524,42.314,327.73435707
2025-07-23,42.658,42.658,40.01,40.014,176.90993015
2025-07-24,40.53,43.129,34.69,39.785,1859.73960152
2025-07-25,39.082,39.183,38.288,39.026,436.93669098000004
2025-07-26,39.064,39.55,38.886,39.48,68.42826486
2025-07-27,39.202,40.0,39.201,39.653,105.76254429000001
2025-07-28,40.0,41.4,38.459,38.657,451.15791077
2025-07-29,38.651,39.619,38.277,38.611,218.77831455
2025-07-30,38.949,38.95,37.0,37.322,98.92003346
2025-07-31,37.342,37.494,36.6,36.929,211.75157894
2025-08-01,36.607,36.943,34.804,34.804,1051.46367742
2025-08-02,34.78,36.224,34.388,34.388,453.13954243
2025-08-03,34.376,35.712,34.376,35.465,91.63493751
2025-08-04,35.04,35.743,34.437,35.136,212.46162121999998
2025-08-05,35.5,36.196,34.482,34.482,444.37354869
2025-08-06,34.9,35.898,34.5,35.898,66.57448355
2025-08-07,35.5,36.799,35.143,36.542,42.59979928
2025-08-08,35.908,38.9,35.705,38.561,3821.6137703599998
2025-08-09,38.703,40.077,38.703,39.76,552.04293511
2025-08-10,39.311,39.906,38.4,39.03,180.36846063
2025-08-11,39.429,40.0,36.19,36.36,423.71199760999997
2025-08-12,36.552,39.99,36.552,39.382,156.20343025
2025-08-13,39.675,40.49,35.835,38.31,542.81953444
2025-08-14,38.3,39.751,36.1,36.845,352.21541188000003
2025-08-15,36.304,38.202,35.517,36.176,137.75146493
2025-08-16,36.328,36.809,35.619,36.605,197.34588816
2025-08-17,36.67,37.7,35.904,37.38,86.65166703
2025-08-18,36.788,36.788,35.093,35.093,2704.53339113
2025-08-19,35.278,35.498,33.51,35.054,1388.3659941
2025-08-20,34.6,37.8,33.905,36.412,947.80005956
2025-08-21,37.067,55.0,36.161,41.299,2180.93479161
2025-08-22,42.861,44.222,36.901,43.49,1163.30981829
2025-08-23,43.049,43.419,37.957,42.772,373.02124715
2025-08-24,42.756,43.271,41.201,42.372,316.99131617
2025-08-25,42.337,42.337,37.51,37.51,135.26633633
2025-08-26,38.65,40.347,37.511,40.347,165.93309631
2025-08-27,39.671,41.69,38.782,40.228,104.71855011000001
2025-08-28,40.644,40.763,39.4,40.688,214.91243024999997
2025-08-29,40.407,41.4,39.01,39.368,255.19872685
2025-08-30,39.7,40.203,35.886,37.683,220.2306092
2025-08-31,39.598,40.2,38.769,39.322,6.215787730000001
2025-09-01,38.429,39.201,37.9,38.836,33.76407752
2025-09-02,37.957,40.846,37.957,39.792,82.57986034
2025-09-03,39.842,40.798,39.429,39.734,16.462849679999998
2025-09-04,40.128,40.128,37.8,39.672,237.71320379
2025-09-05,39.59,39.709,37.828,39.709,62.46852666
2025-09-06,38.179,41.2,38.179,41.2,129.87793433000002
2025-09-07,41.0,46.49,40.175,44.9,430.46216444
2025-09-08,44.479,50.0,44.479,46.346,1019.2998417
2025-09-09,48.1,48.26,45.421,45.819,131.4429354
2025-09-10,46.277,47.0,46.277,46.392,45.61554763
2025-09-11,46.473,46.509,43.01,45.054,269.60996834
2025-09-12,45.39,46.803,44.55,46.689,251.00756559
2025-09-13,46.0,47.03,46.0,46.02,511.65274526
2025-09-14,46.02,48.449,45.077,48.399,3751.26681392
2025-09-15,47.151,47.779,41.948,45.4,1321.10568825
2025-09-16,44.4,45.4,44.31,45.38,172.49681835
2025-09-17,45.337,45.4,43.466,45.4,47.72210317
2025-09-18,45.4,45.4,44.32,45.399,43.54235494
2025-09-19,44.424,45.4,43.014,45.114,57.76124292
2025-09-20,45.115,45.44,43.083,44.396,78.88912634
2025-09-21,45.439,45.44,42.427,42.427,198.01665623
2025-09-22,43.79,44.19,38.0,40.0,571.89141271
2025-09-23,40.0,44.23,38.49,43.11,369.470177
2025-09-24,43.97,45.442,43.0,45.442,3124.07932989
2025-09-25,45.479,45.48,42.987,44.699,990.45596037
2025-09-26,43.51,45.4,42.9,42.9,37.26210446
2025-09-27,44.19,44.19,43.2,44.189,1.40024242
2025-09-28,43.36,45.725,43.36,45.725,985.50592556
2025-09-29,45.577,49.43,44.81,49.43,12013.26624287
2025-09-30,49.49,55.289,48.389,53.51,6720.88126328
2025-10-01,54.59,88.822,53.02,83.201,18122.20578394
2025-10-02,83.201,141.0,73.86,116.94,28686.73998761
2025-10-03,115.02,144.0,111.12,120.96,6754.92182913
2025-10-04,120.55,163.22,92.0,146.27,6208.05590702
2025-10-05,146.39,163.0,137.77,160.84,4801.63500224
2025-10-06,162.97,166.77,149.77,152.07,1909.33645325
2025-10-07,150.85,154.25,120.51,126.96,4173.36579915
2025-10-08,125.89,180.77,123.47,170.0,9170.68873063
2025-10-09,170.86,210.22,158.35,207.32,11340.77754096
2025-10-10,208.29,258.99,144.11,220.0,16896.99614378
2025-10-11,220.54,282.65,200.0,282.65,8691.58304077
2025-10-12,282.39,284.18,237.31,257.12,1281.00388124
2025-10-13,259.0,280.0,231.31,244.54,2692.08681367
2025-10-14,242.1,259.26,213.99,247.01,4569.78599631
2025-10-15,244.54,273.8,224.41,228.3,674.58357039
2025-10-16,226.48,244.53,202.0,202.15,958.65879197
2025-10-17,204.15,232.0,186.52,215.55,1346.72615154
2025-10-18,215.0,224.0,208.49,219.0,115.58963894
2025-10-19,216.81,242.0,210.39,234.93,380.28251302
2025-10-20,233.9,281.84,229.0,265.75,570.50210285
2025-10-21,267.64,308.13,130.01,262.46,7104.78842829
2025-10-22,262.72,279.0,226.24,235.92,1822.5242945100001
2025-10-23,236.15,250.0,227.65,240.9,797.66865195
2025-10-24,241.97,267.39,220.0,263.9,2052.89013597
2025-10-25,265.83,275.0,257.05,266.95,833.12357564
2025-10-26,265.32,346.0,262.02,321.13,6022.31813712
2025-10-27,323.59,365.49,323.59,328.59,3028.87437878
2025-10-28,333.08,338.44,305.51,310.06,1133.77519027
2025-10-29,312.7,355.89,306.32,345.0,1980.85807899
2025-10-30,345.0,365.87,293.75,333.78,3101.8368663
2025-10-31,331.33,388.91,319.36,384.39,4145.02792567
2025-11-01,385.0,420.41,369.63,390.55,2027.98876024
2025-11-02,389.87,405.63,355.0,388.77,451.5609357
2025-11-03,389.87,399.69,340.0,390.0,1973.31086196
2025-11-04,390.01,441.33,335.86,372.03,2792.78724878
2025-11-05,376.42,409.89,340.0,389.13,1825.05436664
2025-11-06,383.13,448.0,356.19,400.71,1901.94594603
2025-11-07,393.65,580.0,393.62,561.95,4997.44806085
2025-11-08,561.93,583.0,459.53,538.99,2567.7034577599998
2025-11-09,530.46,600.0,485.39,583.25,2150.0481497
2025-11-10,580.01,660.11,496.46,506.08,3333.38303526
2025-11-11,509.62,566.16,443.0,444.37,3480.92194137
2025-11-12,447.87,546.15,426.0,504.6,9188.71506745
2025-11-13,503.0,536.0,467.91,520.0,1924.83574719
2025-11-14,517.75,615.0,484.73,607.69,3051.768997
2025-11-15,614.12,741.45,601.22,669.31,4678.58367454
2025-11-16,668.0,740.0,650.0,703.0,2154.1837395
2025-11-17,696.04,728.98,610.01,613.65,1402.94840721
2025-11-18,610.0,654.97,548.69,621.6,2618.80172915
2025-11-19,623.61,685.0,584.34,676.27,963.40158048
2025-11-20,672.82,716.2,655.66,660.2,791.26649311
2025-11-21,663.63,699.45,513.97,547.72,3722.87766643
2025-11-22,545.74,546.55,472.08,518.76,1634.1673591
2025-11-23,520.29,609.96,516.38,572.98,1697.00426372
2025-11-24,573.65,594.0,518.0,518.0,1327.33082971
2025-11-25,525.44,534.76,485.62,512.55,1449.49761528
2025-11-26,516.0,534.48,492.79,526.83,616.71637532
2025-11-27,525.69,548.58,483.69,490.32,1099.21923379
2025-11-28,489.52,489.99,448.88,452.7,925.36189437
2025-11-29,452.68,473.69,438.19,459.11,749.38114429
2025-11-30,463.67,470.48,426.41,426.41,1608.78706879
2025-12-01,428.73,430.0,322.76,344.42,6516.13488416
2025-12-02,344.72,385.58,305.9,313.51,2953.39927202
2025-12-03,314.07,379.05,302.02,339.83,8063.63459648
2025-12-04,339.28,368.91,335.98,366.73,1135.84851829
2025-12-05,368.85,408.29,353.53,359.39,5217.59843683
2025-12-06,359.85,361.16,327.8,341.91,1684.93016829
2025-12-07,340.82,353.12,332.28,343.94,1587.36631965
2025-12-08,342.4,424.39,342.4,404.23,3845.94062265
2025-12-09,405.51,449.0,389.74,432.75,2837.13958024
2025-12-10,436.03,447.89,396.57,405.58,2678.44524506
2025-12-11,403.85,469.0,391.68,451.04,1743.67385558
2025-12-12,450.51,467.98,446.67,455.88,900.23511699
2025-12-13,458.48,476.12,423.9,443.54,1234.984654
2025-12-14,443.45,444.09,395.91,404.11,1900.78687555
2025-12-15,405.39,417.28,387.03,412.67,1883.18687401
2025-12-16,414.69,416.04,375.12,404.51,1579.16592588
2025-12-17,403.66,410.32,370.85,377.79,1533.22247846
2025-12-18,376.91,404.22,374.48,387.77,2251.50116144
2025-12-19,388.36,457.77,386.04,446.24,2279.01673244
2025-12-20,444.18,456.13,435.44,447.72,714.50410009
2025-12-21,448.01,452.03,428.74,442.49,1285.44763786
2025-12-22,442.4,456.61,426.73,431.96,1455.82072341
2025-12-23,431.19,438.09,411.11,417.62,1032.23890014
2025-12-24,417.77,451.42,404.87,448.8,2437.91115808
2025-12-25,449.73,455.0,435.9,438.29,1208.68372727
2025-12-26,436.81,449.0,436.68,448.16,1122.16283518
2025-12-27,447.86,528.04,445.54,516.75,3757.51875315
2025-12-28,517.02,544.24,512.05,530.61,829.34369483
2025-12-29,528.54,556.57,509.18,542.2,2104.23330701
2025-12-30,542.07,544.03,523.21,529.56,1440.52330587
2025-12-31,528.68,532.82,501.0,512.51,1374.66905982
2026-01-01,512.26,536.43,507.2,525.54,682.69962794
2026-01-02,525.54,534.3,482.0,488.3,1007.15977065
2026-01-03,490.22,520.0,490.22,511.77,1260.46878034
2026-01-04,512.11,516.99,494.44,501.42,627.19441249
2026-01-05,501.46,509.02,485.0,502.69,677.23918664
2026-01-06,502.22,528.07,492.0,501.17,1015.27374607
2026-01-07,500.29,507.12,467.66,468.8,1432.68234835
2026-01-08,469.51,482.67,381.54,421.5,8686.00464471
2026-01-09,421.69,449.63,413.66,418.22,3000.85672507
2026-01-10,418.03,419.0,361.39,375.62,3758.98122194
2026-01-11,375.62,399.6,372.09,381.51,2156.11726433
2026-01-12,380.79,418.33,379.98,406.28,3005.31824377
2026-01-13,406.1,413.14,383.39,403.58,2013.22472372
2026-01-14,403.2,447.84,403.2,446.23,4179.04883715
2026-01-15,446.68,448.01,402.02,414.82,2953.9649357
2026-01-16,414.28,417.33,400.0,411.19,1879.11245977
2026-01-17,410.36,411.79,395.49,400.0,1353.78847989
2026-01-18,400.0,401.24,375.02,376.99,1623.87352028
2026-01-19,375.62,381.27,336.66,370.09,5028.06998149
2026-01-20,369.39,371.17,342.45,348.69,3386.74021916
2026-01-21,349.95,375.56,349.51,355.34,2045.88903663
2026-01-22,356.25,368.69,353.05,365.34,2813.05459735
2026-01-23,365.57,374.52,354.98,367.79,1402.40656869
2026-01-24,368.3,386.97,357.44,359.61,780.62762916
2026-01-25,360.16,364.57,325.41,329.69,1265.54852232
2026-01-26,329.03,372.8,328.09,367.97,4300.52827479
2026-01-27,367.8,405.03,365.12,400.06,3503.05908305
2026-01-28,400.01,402.06,370.48,370.48,2652.37017922
2026-01-29,371.34,373.35,346.32,353.55,1852.98961279
2026-01-30,353.97,356.09,320.3,340.01,1590.08044764
2026-01-31,340.36,341.08,276.57,303.25,5040.72225465
2026-02-01,304.38,310.0,286.95,305.79,955.53270994
2026-02-02,306.86,320.05,290.9,295.54,1354.06687407
2026-02-03,295.7,295.7,266.67,270.89,1772.88557685
2026-02-04,271.31,283.22,252.14,252.15,1901.22185793
2026-02-05,252.37,256.15,203.89,205.34,2150.16433099
2026-02-06,205.75,254.61,179.57,240.52,3384.13149959
2026-02-07,241.26,248.04,226.35,240.94,2173.8630476
2026-02-08,240.54,247.81,233.16,240.34,869.99066348
2026-02-09,239.24,245.39,228.42,240.42,4558.42104052
2026-02-10,240.55,244.95,228.51,233.86,1732.2980109
2026-02-11,234.08,253.41,221.22,241.07,5917.64914554
2026-02-12,241.36,245.31,228.41,233.81,3873.72612712
2026-02-13,233.5,282.0,229.19,267.96,4840.33124104
2026-02-14,267.16,334.17,267.16,323.77,9014.73591666
2026-02-15,323.44,333.12,288.38,298.52,6193.93788728
2026-02-16,297.92,311.07,282.06,294.6,3751.00661839
2026-02-17,294.29,297.44,278.95,296.8,3327.46813923
2026-02-18,297.23,304.03,262.81,265.25,3927.2005709
2026-02-19,264.94,267.86,253.6,262.44,6911.39895994
2026-02-20,262.62,268.23,252.83,258.79,1840.30715107
2026-02-21,259.1,265.01,258.24,260.32,957.32341731
2026-02-22,259.77,261.0,242.16,244.88,1737.31278761
2026-02-23,244.29,252.79,230.49,237.77,2209.38111388
2026-02-24,238.66,247.68,229.69,243.01,1759.90213041
2026-02-25,243.33,261.98,235.34,243.81,4379.54610251
2026-02-26,243.81,257.67,235.88,239.06,3600.59141351
2026-02-27,239.09,245.21,214.72,218.9,2094.08161867
2026-02-28,219.92,224.21,204.03,220.72,2521.47579403
2026-03-01,221.05,234.05,211.97,213.17,1413.44209126
2026-03-02,213.99,226.24,211.47,223.68,1017.06497944
2026-03-03,223.26,223.99,211.3,220.85,1362.40749932
2026-03-04,220.88,251.19,215.6,244.64,2782.71742311
2026-03-05,243.24,243.81,226.35,226.47,1058.90072261
2026-03-06,226.4,229.37,205.59,209.78,1392.20217861
2026-03-07,209.77,211.16,193.6,197.39,3089.02401941
2026-03-08,197.69,203.55,191.92,197.63,1256.76241754
2026-03-09,198.24,219.27,197.65,214.62,3351.42920601
2026-03-10,213.97,230.7,213.73,222.84,2741.89325728
2026-03-11,222.01,222.01,209.24,212.55,1308.76300243
2026-03-12,213.13,214.36,203.39,208.63,1377.80699469
2026-03-13,207.7,224.64,206.62,207.65,1270.3952281
2026-03-14,207.75,213.78,205.68,213.37,842.53656385
2026-03-15,212.46,239.78,211.55,229.53,3194.3150137
2026-03-16,230.21,289.34,227.6,276.89,5490.88557242
2026-03-17,276.42,287.65,263.95,272.39,2142.05899905
2026-03-18,272.94,284.64,243.99,248.94,1859.5158017
2026-03-19,248.69,255.23,230.68,234.44,2195.85865981
2026-03-20,234.78,240.66,228.57,234.6,1365.3598462
2026-03-21,234.06,236.63,218.21,220.26,1246.73364647
2026-03-22,219.97,223.37,213.91,217.22,1106.4976271
2026-03-23,218.04,234.87,215.96,228.41,2107.92671211
2026-03-24,228.97,243.38,221.96,242.37,1273.90332054
2026-03-25,242.16,247.51,226.36,230.85,805.88227327
2026-03-26,232.0,234.35,218.91,221.45,914.75699682
2026-03-27,222.55,226.18,212.74,215.26,754.01556712
2026-03-28,215.99,223.88,208.96,213.68,1124.06517637
2026-03-29,213.51,220.58,208.9,215.33,1452.87701896
2026-03-30,214.81,231.73,214.26,225.48,1423.74632444
2026-03-31,224.78,257.75,223.36,248.72,2886.70019159
2026-04-01,247.95,258.33,239.0,250.94,1427.45074942
2026-04-02,251.71,255.41,231.25,240.63,2060.75048131
2026-04-03,240.97,241.2,231.72,234.24,538.14944175
2026-04-04,234.59,254.08,233.66,250.52,1021.0834986799999
2026-04-05,251.26,251.26,236.93,243.95,916.42357599
2026-04-06,245.25,261.06,245.01,251.94,940.73377787
2026-04-07,251.95,324.85,250.69,320.77,4783.83768064
2026-04-08,321.41,339.78,312.75,322.2,2782.41038174
2026-04-09,323.85,389.69,308.07,366.14,6612.68871282
2026-04-10,367.5,394.7,362.88,374.86,1778.92491702
2026-04-11,374.27,382.16,364.73,370.65,720.27309187
2026-04-12,370.9,374.19,356.25,362.15,1074.32905075
2026-04-13,362.19,385.75,342.7,368.19,2201.66260797
2026-04-14,368.5,380.23,345.62,353.32,1745.04887772
2026-04-15,354.85,363.44,344.06,345.86,1333.67176956
2026-04-16,346.29,349.29,333.06,340.53,958.76644796
2026-04-17,340.68,356.29,323.1,330.83,1402.65136728
2026-04-18,329.84,341.14,318.51,324.16,1178.96751911
2026-04-19,323.32,337.81,299.93,301.46,3361.3694589
2026-04-20,302.22,322.96,301.7,311.69,2334.61138571
2026-04-21,312.94,335.0,307.96,316.69,1736.6946131299999
2026-04-22,317.47,331.58,313.82,317.0,2408.18888047
2026-04-23,315.87,349.57,312.14,342.56,2508.5085408
2026-04-24,343.26,367.29,336.22,359.45,1567.31077034
2026-04-25,360.02,361.74,351.95,358.25,378.38392467
2026-04-26,355.89,363.24,348.53,356.52,484.08739749
2026-04-27,354.92,364.98,348.97,356.28,1032.40874038
2026-04-28,353.68,354.67,331.14,336.42,599.82441568
2026-04-29,336.49,340.28,318.41,327.22,1834.93880021
2026-04-30,327.1,355.73,325.06,351.1,1406.1478654
2026-05-01,350.54,393.0,342.64,384.95,3405.1973811
2026-05-02,385.52,395.74,371.77,387.36,1073.28073665
2026-05-03,386.79,416.89,379.93,413.1,1718.10536043
2026-05-04,411.96,436.6,398.01,422.88,2636.61702839
2026-05-05,422.01,548.13,415.94,515.99,6292.04874414
2026-05-06,517.88,611.0,503.49,553.19,4908.43242256
2026-05-07,556.67,583.93,532.81,574.8,2298.83543572
2026-05-08,574.87,625.45,555.5,613.97,2251.07878642
2026-05-09,613.05,643.46,584.54,593.7,1573.14241709
2026-05-10,592.94,619.0,554.82,595.4,933.82228495
2026-05-11,590.1,591.1,548.85,557.59,616.4504035799999
2026-05-12,557.41,574.32,540.9,571.02,1017.09154604
2026-05-13,572.09,591.34,514.21,523.15,1547.48341831
2026-05-14,526.24,568.99,518.07,560.13,1453.59603146
2026-05-15,561.08,564.35,511.69,515.07,601.7175766
2026-05-16,514.36,519.18,485.21,510.62,1620.24835761
2026-05-17,511.8,553.54,497.51,535.55,1798.78305322
2026-05-18,530.79,570.91,515.14,562.79,1427.71855365
2026-05-19,563.79,579.98,551.31,573.91,684.2378531100001
2026-05-20,574.39,688.83,569.11,674.45,3926.98588512
2026-05-21,675.24,686.72,645.81,664.79,838.57356735
2026-05-22,663.76,665.35,582.04,583.25,1427.22714222
2026-05-23,582.1,670.0,573.06,631.16,926.22861233
2026-05-24,632.49,686.65,624.65,663.49,1161.51680117
2026-05-25,664.49,683.6,645.81,653.99,880.91339596
2026-05-26,652.81,652.99,567.2,568.2,1678.79167083
2026-05-27,569.49,582.76,538.58,541.99,2076.56614492
2026-05-28,543.4,564.21,520.5,546.96,1272.68949914
2026-05-29,548.15,563.53,523.51,529.81,714.77725341
2026-05-30,530.49,542.49,502.56,527.31,518.94756555
2026-05-31,530.13,575.49,527.52,569.04,544.43030191
2026-06-01,570.49,597.49,527.25,544.35,1252.62673228
2026-06-02,543.7,630.0,531.4,607.59,3303.41608711
2026-06-03,607.23,643.7,587.24,624.49,4581.7097099
2026-06-04,625.49,632.49,442.47,458.24,64474.40735569
2026-06-05,458.96,462.89,250.48,388.49,23717.51056792
2026-06-06,389.49,398.04,335.92,360.43,2379.02827455
2026-06-07,360.64,443.0,360.64,435.19,2529.48074415
2026-06-08,434.51,469.0,409.77,450.79,1121.68031751
2026-06-09,451.59,472.39,417.92,423.59,1801.47384236
2026-06-10,424.39,447.31,400.62,407.74,3325.0764354
2026-06-11,407.34,441.61,406.97,427.35,3131.98707149
2026-06-12,427.04,443.85,402.77,410.73,1551.08206968
2026-06-13,410.98,428.48,404.75,419.8,1101.72380248
2026-06-14,419.75,477.57,415.81,472.49,925.53040357
2026-06-15,473.18,541.31,463.8,517.69,3201.79501343
2026-06-16,517.71,533.0,482.11,503.37,1736.71302174
2026-06-17,503.78,514.8,468.57,475.71,1390.19447908
2026-06-18,476.09,487.59,440.0,455.27,1049.58440077
2026-06-19,454.91,479.44,440.51,475.28,1486.68085829
2026-06-20,475.36,487.44,461.08,471.11,884.0566784600001
2026-06-21,470.81,472.39,432.71,434.59,455.44044353
2026-06-22,434.59,465.64,433.91,442.31,838.31582691
2026-06-23,442.0,448.49,409.32,415.91,1517.82248483
2026-06-24,416.26,423.19,388.58,416.19,929.37596232
2026-06-25,416.51,421.39,387.0,416.59,656.07197927
2026-06-26,417.19,429.19,393.84,419.59,1188.52369336
2026-06-27,419.59,422.44,395.11,395.81,390.38082343
2026-06-28,394.99,401.85,366.25,375.31,1441.94161303
2026-06-29,376.12,413.86,369.93,408.0,958.45650845
2026-06-30,406.45,407.13,387.99,399.72,1158.04254126
2026-07-01,399.71,424.97,386.51,417.11,724.8705154099999
2026-07-02,417.12,454.99,411.11,434.43,1007.07991136
2026-07-03,435.19,472.39,425.62,461.32,780.45194872
2026-07-04,461.32,476.14,456.0,463.46,785.34176989
2026-07-05,463.32,467.3,451.65,462.42,523.30913598
2026-07-06,462.11,465.79,438.11,452.26,1368.95912
2026-07-07,453.19,511.5,443.81,483.12,1708.66719507
2026-07-08,483.79,490.14,451.39,465.79,1164.16935488
2026-07-09,465.12,506.59,455.39,481.62,1463.87448828
2026-07-10,481.31,515.94,477.71,499.17,1261.66175161
2026-07-11,498.71,534.64,494.69,508.36,857.36771732
2026-07-12,508.99,549.15,503.24,533.33,2973.15388684
2026-07-13,533.59,541.14,490.82,495.71,1622.68862371
2026-07-14,495.72,570.09,495.72,564.18,1682.51372823
2026-07-15,564.79,589.0,550.32,571.14,712.97104156
2026-07-16,570.95,574.5,530.0,530.01,2802.31813891
2026-07-17,530.0,559.81,517.64,548.81,1280.28278862
2026-07-18,548.15,563.51,535.02,559.62,684.58882133
2026-07-19,558.72,569.14,542.78,548.52,452.92169001
2026-07-20,548.51,558.19,527.56,544.41,597.86186072
2026-07-21,543.71,557.05,531.71,534.14,958.62492485
2026-07-22,534.19,539.97,129.0,515.02,2344.78107822
2026-07-23,514.91,522.76,496.91,505.3,427.1624655
2026-07-24,505.39,514.76,484.31,488.57,467.48885427
2026-07-25,488.51,490.0,473.46,485.28,544.659554
2026-07-26,485.28,510.19,485.28,508.99,519.76373658
2026-07-27,507.71,510.19,470.55,476.09,633.01455015
2026-07-28,477.17,480.18,458.22,465.95,558.74998229
2026-07-29,465.71,472.81,451.91,467.51,973.37519548
2026-07-30,467.79,497.86,463.79,469.91,858.39447676
2026-07-31,469.63,477.27,452.51,457.41,295.92564859
2026-08-01,457.57,480.78,457.54,461.8,622.42654501
2026-08-02,461.76,477.47,461.76,474.05,89.84243448
